590,3062
780,2979
930,2904
937,3007
1074,3204
1196,2832
1972,2881
2442,3163
2463,2940
2705,2922
2722,2989
2862,2959
3072,3144
3357,3064
3985,2945
4463,2809
4621,3075
4896,2828
5270,3784
5314,3085
5632,3239
5779,3180
5870,3463
6016,3504
6111,3462
6587,3036
7014,3706
7489,3283
7569,3254
7706,3223
7783,3374
7909,3468
8068,3254
8236,3157
8458,3032
8587,3295
9168,3186
9214,3214
9427,3306
9610,3207
9756,3219
10171,3093
10336,3189
10423,3227
11148,3689
11203,3449
11389,3338
11532,3413
11548,3386
11701,3719
11720,3792
12378,3539
12548,3660
12568,3684
13050,3223
13334,3091
13402,3248
13556,3148
13704,3054
13746,3111
13876,3135
14048,3263
14160,3084
14582,3164
14722,3294
14975,3486
15032,3849
15183,3598
15189,3610
15329,3733
15796,3823
16662,3339
17182,3708
17458,3486
17556,3446
17574,3566
17696,3358
17920,3597
18059,3421
18143,3587
18269,3799
18618,3578
19378,3098
19583,3052
19741,3272
19822,3349
19887,3494
20036,3521
20169,3288
20364,3594
20567,3290
20721,3437
21132,3240
21558,3123
21651,3322
21765,3743
21908,3722
21966,3321
22290,3182
22325,3771
22475,3263
22518,3410
22723,3664
23578,3270
23749,3154
23905,3149
24112,3040
24192,3057
24716,2799
24756,3247
25023,3148
25025,3717
25667,3226
25769,3451
25970,3623
26108,3567
26285,3456
26521,3306
27438,2842
27597,2916
27792,3102
28234,3193
28422,3316
28574,3716
28603,3817
28732,3743
28957,3844
28984,4075
29386,4043
30099,3470
30156,3530
30304,3815
30444,4421
30482,3737
30699,3971
30825,3937
30926,4176
30939,3979
31051,3980
31127,4246
31268,4201
31542,4331
31572,4886
31714,4601
31856,4519
32418,4487
32512,4445
32546,4390
32685,4329
32827,4466
32928,4447
33064,5181
33116,4334
33288,4443
34049,4186
34290,4067
34436,4739
34608,4808
34796,4766
34975,4465
35124,4528
35138,4444
35485,4360
35961,4200
36519,3695
36651,3932
36727,3911
36812,3894
36975,3882
37125,3980
37922,3660
38051,3908
38055,3658
38264,3617
38386,3623
38578,3759
38729,3706
38913,3723
39069,3663
39235,4192
40263,3091
40415,3545
40744,3412
40885,3646
40925,3682
41032,3795
41150,3810
41389,4149
41741,3772
42791,3077
43224,2898
43460,3487
43477,2910
43621,3288
43691,3482
43799,3515
43829,4040
44196,3834
44346,3809
44660,3874
44766,4008
44862,3848
45016,3809
45040,4143
45212,4410
45236,4483
45924,4000
46063,3810
46579,3719
46610,4015
46743,4057
46808,4104
46976,4634
46993,3837
47151,4233
47210,4521
47346,4448
47584,4275
47717,4271
48367,4141
48422,4399
48570,4313
48687,4538
48857,4427
48888,4171
48983,4351
49012,4550
49229,4483
49375,4879
49653,4716
49792,4638
49997,4311
51047,4122
51182,3832
51555,3770
51637,3886
52159,3831
52324,3801
52495,3886
52609,4124
52617,4038
52781,5080
52909,5029
53739,4518
53906,4301
53982,4058
54026,4125
54163,3827
54339,4091
54466,3994
54516,4008
54663,4073
54800,4035
54973,3979
55225,4123
55353,4009
56189,3335
56196,3391
56372,3376
56526,3655
56543,4193
56712,3521
56913,3426
57127,3682
57292,3569
57444,4114
57603,4023
58294,4020
58646,3618
59552,3287
59631,3063
59841,3566
60036,3422
60291,4202
60524,3631
60571,3453
60653,3383
60814,3480
60939,4240
61137,3834
61207,4260
61290,3898
61378,4196
61508,4015
61652,3978
61768,3911
62508,3369
62688,3487
62871,3418
63001,3560
63058,3855
63444,3615
63498,4059
63682,3922
63708,4349
63861,4383
63879,4064
64774,3764
65000,3589
65331,3813
65459,4284
65572,4222
65720,4125
65840,4058
66148,4154
66374,4101
66603,3872
66751,3808
66842,3879
66968,3882
67621,3602
67756,3602
67871,3538
68308,3153
68351,3412
68497,3518
68641,3324
68675,3600
68798,3681
68805,3807
68940,3826
68987,4130
69134,4127
69211,4098
69338,4336
69409,4317
70997,3428
71123,3697
71556,3876
71758,3738
71903,4312
72047,3664
72136,3756
72310,4171
72335,4246
72495,4146
72644,4122
72666,4031
73497,3393
73544,3452
73755,3774
73798,3604
73945,3560
74008,3582
74074,4647
74185,3456
74305,3682
74306,3581
74469,3625
74548,3644
74669,3615
74852,3540
75230,3881
75248,4122
75485,4031
75535,4148
78346,3037
78524,2919
78559,3067
78693,2966
78828,3119
78872,3288
78996,3245
79193,3960
79208,3468
79517,3412
79553,3311
79714,3264
79734,3323
79865,3342
79884,3474
80016,4410
82256,3946
83657,3337
83835,4332
83995,3678
84182,3675
84605,3357
84782,3233
85000,3242
85008,4151
85147,3148
85324,3094
85518,2987
85682,3207
85837,3423
85997,3213
86147,2834
86319,3275
86484,3210
86545,3249
86650,3190
86810,3461
87076,4687
87133,3482
87149,3679
87301,3674
87460,3763
87777,4335
88854,3454
89011,3435
89073,4088
89433,3602
89591,3391
89725,3370
89856,3356
90013,3680
90038,3799
90329,3562
90393,3819
90453,3747
90535,3913
90683,4020
90699,4408
91320,3712
91440,3966
91593,4172
91892,4076
92340,3689
92487,3685
92680,4066
92987,4022
93273,4003
93657,4004
93771,4126
93923,4037
93943,3846
94236,3707
94258,3895
94342,4236
94512,4171
94710,4104
94857,4209
94920,4230
95087,4348
95246,3962
95274,3990
95412,3949
95598,4023
95742,4110
95780,4133
96410,3920
96646,4457
96781,4401
96919,4316
97037,4320
97550,4163
97773,4119
99596,3263
99668,3586
99879,3397
99975,3446
100007,3498
100109,3699
100115,3740
100317,4088
100428,4115
100474,4270
100627,4259
100654,4840
100779,4739
101147,4396
102603,3375
102620,3538
102772,4049
102911,4321
102983,4332
103044,4370
103127,5044
103330,4791
103461,4762
103564,4797
103701,4725
103837,4693
103901,4676
103958,4716
104147,4585
104443,4479
104571,4451
104811,4300
104898,4293
104948,4367
105349,4125
105600,4833
105631,4049
105977,4747
106150,4487
106293,4619
106431,4572
106604,4795
106618,4552
106791,4507
106946,4753
107590,4670
107748,4695
107899,5780
108038,5586
108150,5599
108325,5483
108508,5577
110237,4489
110510,4468
111958,3546
112559,3101
112717,3190
112763,3413
112842,3387
112937,3757
112963,4031
112981,3517
113357,3551
113522,3683
113654,3942
113803,3763
113882,4145
113919,4312
114034,4550
114140,4157
114151,4227
114318,4247
114438,4220
114569,4355
114703,4277
114821,4366
115207,4253
115699,4362
115740,4792
115881,4449
116033,4373
116110,4374
116638,4173
116767,4097
116883,4090
117016,3913
117041,4343
117183,4311
117325,4354
117591,4297
118342,4439
118600,4240
118766,4716
118766,4281
118908,4337
119053,4510
119103,4706
119226,4639
120512,3898
120864,3771
120996,3528
121062,3592
121563,3170
121720,3189
121886,3101
121955,3244
122150,3115
122303,3237
122447,3144
122609,3711
122887,4442
123027,4360
123147,5313
123315,4186
123343,4650
123483,4455
123610,4973
123966,4702
124757,3844
124965,3885
125000,3825
125215,3800
125377,4079
125418,3970
125606,3900
125758,3885
125812,4076
125877,3999
125936,4388
126017,4443
126051,4473
126912,4289
127045,4210
127174,4131
127942,3716
128207,3801
128254,3903
128593,4230
128984,3878
129324,3957
129487,3702
129674,3724
129719,3789
129927,3714
129992,3702
130056,3887
130159,3836
130411,3650
130566,3915
130800,3714
130880,4268
130975,4207
131102,4463
131148,4154
131287,4228
131489,4650
131556,5198
131954,4646
132152,4655
132298,4559
132614,4292
133449,4130
133961,3547
134112,3555
134153,3662
134305,3626
134361,3881
134538,4185
134663,4114
134801,4025
134949,4220
135068,4224
135214,4162
135356,4496
135389,4312
135557,4198
135606,4216
135742,4132
135923,4378
136372,4160
136926,4101
136966,4354
137063,4782
137295,4621
137421,4590
137653,4267
138138,4039
138283,4250
138459,4190
139502,3557
139558,3581
139733,3457
139890,3365
140039,4699
140066,3751
140141,4492
140287,4502
140423,4415
140619,4068
140666,4981
140864,4598
141109,4410
141125,4611
141357,4213
141511,4184
141651,4096
141781,4082
141977,3990
143155,3154
143291,3272
143374,3273
143460,3286
143497,3786
143599,4168
143714,3868
143845,3787
143941,4737
144069,4911
144751,3405
145016,3825
145536,3984
145768,3649
145951,3519
146314,3440
148152,3030
148260,3224
148306,4234
148365,5399
148529,2882
148808,3397
148977,3625
149449,3220
149570,3289
149798,4209
149941,4250
150115,4264
150242,4086
150388,4048
150524,3967
150646,4079
150792,4024
151668,3514
151689,3558
151826,3871
151859,3767
151981,4492
151989,3770
152041,3769
152288,4278
152435,4413
152658,4268
152716,4183
152794,4544
152856,4299
152994,4252
153199,4522
153385,4512
153576,4852
153825,4603
153958,4542
154103,4463
154259,4408
155435,3794
155495,3722
155915,3399
156117,3351
156310,3540
156512,3287
156673,4011
156987,4641
157148,3587
157324,3625
157485,4868
157610,5050
157759,5044
157907,4677
157932,4513
158030,4874
158073,4781
158187,5151
159487,3561
159545,3611
159684,3539
159693,3634
159893,3677
159953,3712
160034,3896
160132,3829
160166,4001
160309,3917
160335,4032
160452,4147
160518,4090
160651,4245
160771,4788
160778,4147
161047,4567
161844,3938
162026,4661
162166,3723
162936,3804
164182,3235
164400,3267
164429,3299
164641,3607
164667,3955
164770,3744
165051,4318
165155,3806
165332,3690
165467,3605
165616,3519
165808,3613
166045,3614
166146,3827
166261,3872
166411,3815
166474,3905
166671,3856
166806,3885
166837,4294
166959,4519
167754,3651
167773,3738
168047,4101
168278,3252
168649,3762
168801,3872
168827,3726
168965,4096
169184,3949
169204,4134
169358,4168
169461,4370
169498,4438
170887,3284
170956,3313
171186,3164
171348,3350
171549,3480
171752,3959
171878,3887
172009,4047
172188,3629
172220,3981
172506,3989
172776,3974
172818,3869
172903,3879
172995,3893
173243,4692
173268,4367
174273,3784
174399,3664
174475,3780
174535,3795
174629,3785
174750,3959
174789,4113
174873,4012
174952,4042
175075,4489
175131,4390
175355,4263
175414,4423
175488,4337
175553,4387
176315,4302
176357,4074
176510,4024
176626,4037
177188,3564
177405,3706
177416,3824
177601,4336
177765,4434
177888,4442
181382,3236
181735,3222
182136,4208
182541,3111
182721,3069
182883,3251
183042,3620
183367,3078
183896,3337
183934,3065
184132,3167
184184,3238
184311,3177
184449,3269
184476,3293
184636,3183
184659,3346
184797,3261
184818,3355
184953,3551
185003,3685
185144,3474
185200,4020
185405,3659
185745,3424
185899,4373
185928,3549
186448,3272
186752,3408
187563,3344
187979,3301
188343,3561
188538,4097
188696,3992
188830,3955
188968,3770
189182,3768
189739,3738
189867,3661
190302,3347
190447,3829
190680,3629
191403,3273
191431,3376
191576,3749
191603,3786
191742,3816
191776,4161
191945,3868
192114,3822
192352,3884
192401,4228
192479,4085
192527,4414
192647,4558
192787,4479
192835,4342
193284,4159
193306,4283
193448,4229
193758,4060
193908,4167
194372,3939
194516,3883
194613,3834
194741,4289
194776,4147
195226,4103
195353,4167
195434,4195
196202,3738
196359,4034
196519,4028
196656,3969
197100,3814
197261,3779
197892,3731
197925,4276
198074,3994
198140,3848
198386,3689
198485,3788
198751,3875
198938,3755
199677,3335
199829,3437
199971,3779
200160,3592
200305,3533
200490,3565
200629,3909
200741,3882
200859,3857
201361,3402
201419,3772
201737,3630
201886,3626
202317,3456
202462,3597
202525,3903
202732,3645
202760,3733
202855,3858
202895,4008
203013,3942
203871,4097
203887,3661
204112,3802
204149,3554
204274,3766
204386,4158
204630,4172
204834,4020
205640,3353
205818,3331
205934,3772
206005,3455
206161,3721
206311,3968
206584,3991
206604,3757
208747,3233
209113,3594
209265,3562
209286,3067
209482,3546
209519,3620
209644,4742
209665,3580
209799,3884
209915,4778
209924,7714
209948,4491
210073,5568
210152,4296
210301,3965
210418,3922
210540,4240
210689,5092
210864,3970
210938,4906
210999,3982
211143,6557
213299,3116
213481,3021
213717,2936
213970,5289
214135,3746
214481,3452
215023,3706
215673,4308
216751,2802
216882,2779
217397,2802
217721,3034
217748,3175
217989,3026
218337,4350
218411,2880
218561,2890
218756,2810
219002,2953
221766,3290
221814,3112
222015,2970
222051,3505
222144,3214
222207,4139
222370,4167
222538,3880
223066,7756
223138,3588
223170,5851
223317,6191
223420,7347
223471,7399
223542,7379
223588,7528
223640,7616
223686,7689
223760,8235
223826,9130
223872,9137
223919,9554
223985,9353
224037,9372
224168,4052
224354,4113
224360,4380
224538,4623
225170,5413
225755,5240
225937,5352
226108,5368
226563,6887
226753,6754
226871,6745
226995,6742
227161,6660
227269,6663
227609,6415
227763,6385
227798,6493
227947,6407
228107,7509
228250,7449
228346,7453
228830,7094
228849,7339
228928,7352
229130,7202
229262,7120
229440,6978
229549,7048
229568,7035
229870,6836
230030,8287
230048,8067
230180,6591
230344,7722
230749,7518
231504,6912
231541,7316
231695,7215
231833,7127
231848,7227
232194,6817
232478,6694
232782,7258
232799,7317
232938,7418
233074,7273
233666,7190
233895,7029
234110,6654
234510,6975
234533,6510
234681,6910
234836,6702
234970,7071
235483,6789
235648,6769
236052,6502
236227,6626
236435,6415
237271,5891
237294,6006
237463,5925
237610,6886
237637,6419
237786,6662
237831,6774
237910,6666
237981,6694
238142,6646
238237,6658
238527,6476
239565,5582
239591,6097
239741,6572
239879,6329
239900,6623
240043,6534
240395,6243
240498,6198
240540,6144
241235,5533
241350,5663
241518,6351
241649,6267
242635,6094
242682,6194
242867,6499
242962,5988
243131,6518
243214,6219
243467,6055
243615,5990
243756,6129
243887,6144
243902,6037
244122,6308
244229,6231
245455,5095
245683,5226
245876,5188
245903,5360
246021,5290
246040,5426
246170,5596
246311,5519
246378,5505
246517,5485
246746,5688
246867,5515
246989,5546
247140,5344
247778,5662
247932,5909
248125,5618
248292,5670
248427,6924
248568,6254
249013,6091
249470,7030
249689,6590
249879,6840
250044,6748
250230,6638
251574,5756
251596,5959
251751,5737
251894,5814
252068,5958
252132,5806
252224,5997
252279,5650
252481,5594
252616,5733
252672,5483
252689,5613
252881,5591
252897,5702
253058,6093
253538,5880
254049,5582
254158,5728
254187,5362
254210,6070
254257,6346
254312,6862
254363,5458
254517,5596
254668,5763
254828,5852
254978,6737
255161,6068
255174,6584
255339,6484
255493,6022
255635,6819
255958,6552
256976,5668
257503,5643
257632,7297
257722,5788
257764,7091
257879,7029
258283,6752
258701,5450
258884,5329
259054,5637
259195,5822
260386,6179
260475,4858
260641,5872
260820,4610
260846,5770
260999,5152
261049,4868
261243,4761
261361,4694
261552,4561
261578,4823
261751,4679
261903,4804
262041,4736
262838,4388
263322,4015
263590,3829
263770,3735
263925,4231
263943,4338
264741,3476
265525,3922
265688,3822
265834,3952
266055,3806
266521,4135
266767,3707
266844,3519
266917,3645
266976,3632
267058,3773
267254,3678
267940,3261
267963,3332
268027,3513
268128,3279
268339,3444
268469,3193
268509,3387
268548,3616
268982,3037
269209,3217
270858,2935
272816,2828
273011,4905
273188,2795
273359,2891
273532,3292
273540,3631
273706,3716
273863,3735
274017,4042
274585,2884
274749,3066
275337,3150
275914,3199
276021,3919
276507,3281
276643,3213
276853,3324
276954,3263
277417,3217
277629,4330
277649,4217
277790,4489
277843,4468
277982,4486
278175,4573
278323,4602
278392,4967
278527,4651
278567,5129
278702,5254
278831,5173
278938,5129
278949,4904
279133,4772
279776,4836
279988,4646
280012,4559
280208,4484
280349,5332
280435,5328
280617,5288
280649,5407
280762,5431
280806,5736
280881,5365
280957,5874
281054,5406
281110,6011
281209,5408
281346,5556
281466,5790
282685,4982
282960,4841
282978,4882
283219,5280
283242,5251
283391,4585
283428,4612
283571,4653
283708,4833
283868,4728
284065,4870
284275,5861
284401,5960
284769,5421
285150,5548
285280,5520
285310,5575
285497,5489
285516,5558
285869,5298
287222,4556
288009,4405
288215,4253
288296,4326
288344,4420
288584,4300
288633,4608
288774,4548
288795,4617
288947,4686
288974,4647
289097,4613
289196,5362
289314,5115
289363,5244
289488,5162
289609,4935
289866,4802
290177,4557
290274,4580
290431,4515
291399,3668
291435,3692
291578,3652
291615,3729
291721,3738
291840,3755
292010,4831
292126,6428
292246,4943
292306,6439
292456,6363
292504,5936
292670,6198
293758,5350
293912,5251
293961,5793
294261,5174
294328,5453
296341,3690
296522,3765
296676,3665
296932,3621
297141,3979
297282,3726
297456,3846
297782,3413
297952,3563
298311,3403
299061,3416
299210,3010
299583,3080
299608,3252
299851,3426
300008,3321
300117,3763
300131,3855
300361,3703
300592,3576
300769,3637
301125,3702
301346,3388
301624,3451
301751,3538
302160,3325
302345,4216
302509,3790
302531,3539
302695,3752
302899,3807
303005,3791
303052,3561
303129,3586
303441,3521
304237,4461
304290,3289
304432,3202
304569,3846
304589,3977
304687,3961
304838,3759
304861,3891
305121,3730
305413,3849
305715,4181
306688,3260
306854,3202
307003,3418
307167,3379
307328,4426
307407,4502
307507,3128
307689,3075
307904,3800
307938,3096
308141,3511
308924,3126
308957,3287
309280,3235
309316,3475
309417,3574
309533,3538
309682,3746
310130,3647
310331,3500
310519,3965
311833,3655
311921,3501
312192,3301
312294,3422
312327,3641
312539,3476
312624,3760
312881,3807
313070,3823
313129,3890
313263,3747
313289,4018
313428,3927
313573,4103
313609,4152
313738,4177
313842,4139
313924,4324
314007,4353
314048,4668
314137,4333
314282,4283
314656,4529
315575,3737
315723,4255
315858,4171
316001,3911
316148,4014
316336,4265
316500,4156
316725,4669
316758,4564
316907,4537
317048,4446
317739,4623
318009,4481
318020,4392
318151,4312
318277,4433
318403,4354
318538,4404
319358,4372
319438,4358
319582,4359
319612,4504
319754,4989
319787,4782
320115,4526
320262,4519
320305,4599
320627,4347
320820,4328
321047,4399
321386,4124
321807,3834
321978,3941
322000,3855
322293,3943
322502,4064
322529,4031
322711,4293
322793,4483
322829,4640
322977,4577
322996,4612
323234,5109
323433,5100
323571,4911
323591,5006
323735,4988
325324,3723
325476,4158
325672,4028
325689,4061
325881,4105
325983,4659
326023,4595
326128,4567
326267,4588
326287,5095
326411,5036
326598,4875
326742,4795
326878,4820
328159,3669
328193,3730
328326,3895
328391,4120
328535,4036
328724,4250
328826,3800
328880,4127
328930,3999
329054,3999
329125,4054
329250,3988
329591,4106
329753,4064
329825,4332
329873,4446
330027,4817
330044,4555
330647,4521
330813,4406
332455,3516
332610,3574
332785,3547
333074,3379
333307,3443
333338,3407
333475,3784
333490,3633
333649,4335
334477,3103
334673,3386
334700,3349
334856,3724
334999,3254
335018,3518
335131,3855
335297,3288
335439,3197
335643,3425
335784,3371
336325,3353
336517,3384
336549,3752
336778,3617
338313,3182
338625,3911
338777,3881
338797,3192
339104,3325
339192,3402
339232,3388
339361,3515
339491,3461
339518,3590
339709,3615
339727,3593
339827,3553
339946,3559
340026,3791
340222,3666
340346,3708
340444,3846
340567,3848
343137,3645
343153,3721
343412,3869
343561,4079
343697,4165
343844,3885
343933,4437
344127,4380
344267,4290
344402,4238
344461,4277
344605,4229
344626,4365
344751,4671
344896,4593
344915,5084
345048,4974
345128,5009
345145,5491
345335,4952
345378,5009
345635,4806
345799,4948
346044,4653
346115,4678
346342,4702
346707,4503
346897,4437
347019,4411
347105,4432
347112,4805
347200,5032
347287,5091
347390,4332
347572,4254
347832,4284
347929,4253
348051,6572
348973,5706
349055,5783
349181,5523
349272,5614
349531,5513
349773,6056
350046,6491
350315,6056
350484,5993
350628,6773
350745,6808
350858,5976
351923,5358
351957,5515
352126,5409
352268,5884
352383,5509
352455,5370
352500,5492
352627,5749
352662,5791
352915,6270
353128,6787
353861,5773
353873,6104
354023,5910
354053,5722
354147,5554
354574,5275
355645,4495
355924,4347
356318,4557
356599,4576
356883,4228
356912,4545
357015,4936
357066,4514
357113,4891
357311,4489
357451,5235
357594,5180
357641,5247
357782,5262
357916,5473
358032,5757
358045,5585
358196,5293
358354,5332
358493,5549
359029,5790
359270,5192
359404,5366
359988,4885
360906,4385
360938,4379
361072,4350
361289,4208
361776,3874
361850,3848
361987,3862
362151,3804
362330,3724
362490,4107
362513,4200
362589,4208
362725,4153
363554,4143
363815,4103
363869,4158
364056,4115
364074,5358
364110,4266
364231,4170
364342,5013
364494,4988
364592,5270
364665,5299
364802,5738
365143,5176
365940,4658
366354,4977
366393,5263
366582,5180
367466,4371
368652,3292
368833,3919
369002,3567
369062,3737
369117,4151
369167,4319
369436,4615
369784,3440
370119,3696
370249,4339
370353,3808
370478,3867
370622,3811
370871,4057
371113,4048
371287,3979
371444,4066
371473,4083
371538,4329
371673,4246
372297,3630
372438,3919
372540,4278
372584,3968
372689,4359
373541,3615
373593,3646
373854,3730
374129,3507
374179,3531
374298,3676
374513,4006
374630,3917
374712,3906
374754,3976
375185,3627
375360,4004
375649,3981
375674,3862
376339,3562
376388,3788
376546,3691
376663,3674
377246,3590
377399,3604
377418,3590
377723,3507
378758,2801
378907,3722
378941,2878
379012,3421
379412,3127
379643,3724
380131,3747
380273,3128
380454,3053
380475,3461
380643,4064
381630,3548
381657,5081
381871,5009
381888,4715
382044,4667
382072,5605
382148,3302
382393,4619
382552,4940
382826,4106
383845,3527
383983,3772
384021,3527
384188,3754
384348,3645
384479,3881
384594,3829
384758,3872
384947,3736
385143,4013
385282,3950
385304,5620
385455,3831
385537,3823
385610,4003
385698,4532
385763,4421
385852,4643
385919,4493
386003,5144
386102,4862
386275,4311
386433,4255
386498,4281
387038,4313
387335,3868
387515,3737
388152,4337
388169,4464
388300,4482
388436,4671
388596,4664
388774,4676
389276,4498
389417,4329
390236,4159
390338,4497
390511,4426
390701,4728
390847,4646
390961,4583
391124,4644
391329,4670
391388,4658
391549,4602
391633,4838
391850,4811
392004,4731
392331,4669
392659,4496
393553,4338
393609,3866
393802,4372
393822,4146
393965,3956
393988,4051
394132,4231
394257,4176
394321,4099
394865,4052
395024,4224
395048,3978
395295,4022
395446,4212
395584,4617
395605,4562
395812,4713
395955,4464
396180,4336
397059,4297
397241,4200
397263,4359
397516,4173
397718,4084
398009,4320
398185,4735
398205,4438
399032,3663
399071,4230
399123,4201
399285,3762
399536,3921
399677,3927
399953,3832
399969,3949
400249,3910
400271,4081
400429,3869
400564,4249
400706,4098
401292,3660
401456,3792
401501,3877
401900,4130
401918,3910
402059,4300
402156,3989
402580,4039
402759,3811
402779,3919
402916,3885
404107,3913
404247,4274
404432,3909
404485,4109
404554,3917
404634,3973
405027,3718
405243,3567
405308,3906
405412,3699
405453,3709
405603,3901
406906,3008
406934,3139
407119,3031
407170,4034
407361,3132
407472,3781
407557,3945
407655,5153
407834,3522
407957,3676
408049,4706
408641,4155
408894,3756
409035,3810
409228,3728
409588,3820
410811,3174
411017,3868
411115,3850
411304,3911
411336,3481
411418,3859
411538,3625
411683,3697
411921,4010
412070,3918
412241,4176
412413,4127
412513,4159
412534,4302
412837,4162
412976,4161
413140,4497
413766,4055
413800,3989
413964,4199
414102,4046
414309,3562
414477,4095
414648,3782
414676,3946
414970,3974
415326,3731
415468,3684
415605,4006
415651,4303
415703,4526
415777,4126
415843,4620
416034,4142
417164,3614
417341,4057
417478,3675
417625,3812
417823,3754
418013,3974
418146,4077
418185,4115
418240,3918
418472,4023
418625,3935
418780,4733
419639,4395
419833,4058
420004,4710
420225,4154
420410,3899
420557,4268
420734,4140
420884,4275
420908,4405
421063,4149
421131,4235
421277,4291
422128,3494
422259,3648
422313,3473
422509,3466
422672,3367
422807,3414
422924,3371
423151,4569
423313,4031
423430,4065
423543,4240
423656,4195
423768,4064
423931,4054
424279,5902
424541,5692
426371,4386
426754,4391
426775,4058
426862,4155
427133,4464
427575,4283
427596,4464
427858,4443
428035,6779
428051,5624
428345,4362
428496,4263
428784,5474
428830,5862
428862,6283
428930,4776
429214,4943
429511,4814
429798,4859
429954,5106
430277,4935
430415,5248
430553,5494
430778,5883
430967,5744
431851,4210
432124,4693
432193,4577
432396,4464
432559,4427
432683,4829
432836,4820
432856,4708
433139,4793
433251,4506
433294,4560
433431,4706
433515,4969
433701,5522
433746,5449
434333,5371
434490,5325
434573,5464
434721,5425
434740,5425
434856,5385
435118,5210
435265,5650
435417,5629
435587,5580
435769,5458
435879,5225
435900,5503
436094,5375
436189,5975
437180,5387
437313,5430
437464,4957
437628,4876
437772,4845
437944,4740
438011,5296
438151,5210
438321,5221
438512,5252
438707,5683
440311,4132
440423,4229
440580,4718
440599,4899
440741,4836
440951,4829
441110,4903
441249,5404
441285,4779
441432,4707
441507,4772
441550,4641
441685,4555
441837,4565
442226,5011
442243,5527
442451,5105
442619,5054
442807,5350
442856,4994
443004,4936
443023,5286
443151,5278
443180,5337
443503,5065
443692,5168
443969,5007
445312,4125
445329,4230
445511,4534
445605,4061
445839,4114
445871,4186
446009,4124
446117,4281
446936,5524
447181,4355
447366,4407
447376,5200
447526,5390
448020,4804
448062,4629
448642,4151
449263,5329
449511,4144
449685,4061
449785,4660
449843,3994
450213,3729
450228,4311
450480,3612
450665,3992
450821,3842
450975,3863
451030,3972
451185,4018
451204,4088
451349,4566
451372,4203
451578,4455
451606,4810
451777,4446
451892,4560
451944,4596
452057,4684
452135,4514
452296,4343
453048,4714
453334,4152
453421,4188
453592,4587
453757,4477
453919,4367
454072,4613
454269,4585
455046,4749
455139,5107
455174,6965
455204,6525
455266,6530
455298,6109
455348,4938
455495,4772
455735,4428
456071,5244
456921,4711
457143,4695
457868,4419
458036,4441
458244,4043
458369,4393
458523,4267
458716,4110
458872,4432
458997,4512
459308,5027
459568,7344
459702,8702
459805,8792
459884,8626
459954,9379
460163,9244
460278,9200
460311,9257
462134,7455
462337,7343
462586,7196
462727,7142
462848,7119
462992,7063
463011,7142
463167,7089
464010,6386
464160,6330
464206,6383
464520,6162
464659,6115
464775,6105
464909,6088
465342,5807
465372,5858
465555,5779
465680,5784
465821,5769
465962,5821
466159,5739
466329,5692
466479,5759
466575,5588
466741,5608
466834,5624
466952,5611
466962,5717
467116,5694
467124,5806
467261,5884
467428,8454
467605,9172
467833,8658
468069,8762
468107,8818
468568,8450
468697,8761
474174,3688
474448,3059
474681,2875
474853,3140
474870,3760
475023,3425
475052,3516
475114,3519
475533,3499
475703,3444
475974,3332
476242,3473
476316,3301
476376,3348
476851,3425
477043,3871
477347,3208
477561,3453
477698,3601
477736,3784
477917,3867
478064,4103
478110,3551
478246,3762
478660,3567
479451,3122
479562,3466
479750,3389
479904,3292
479930,3479
480111,3374
480167,3408
480296,3386
480323,5581
480414,5700
481124,5091
481294,4976
481420,3771
481557,4486
481689,4175
481715,3996
482714,3439
482898,3308
483649,3044
483818,3301
484025,2987
484068,4314
484662,3230
484923,3518
485453,3366
485724,3148
487139,2985
487216,3491
487277,3283
487377,3403
487444,3420
487565,4091
487695,3936
487742,3657
487883,3895
487945,3769
488005,4293
488185,3840
488501,3673
488655,3579
489455,3495
489534,3849
489698,3704
489882,3555
489913,3741
490052,3759
490267,3623
490659,3556
491217,3122
491223,3096
491376,3729
491514,3708
491581,3578
491804,3918
491929,3882
492041,4406
492193,3713
492314,4075
492511,4027
492531,4037
492605,4127
493154,3781
494046,3258
494109,3362
494353,3883
494453,3418
494624,3380
494854,3484
494874,3525
495036,3772
495207,3406
495838,3494
496003,4155
496179,3273
496399,3564
496598,3569
496764,3465
496954,4004
496992,3749
497132,3442
497514,3238
497530,4073
498379,3886
498449,3209
498645,3063
498846,2957
499026,3438
499222,3116
499411,3285
499702,3544
500793,3408
501215,3423
501455,3233
501652,3117
501871,3019
502136,3309
502153,3204
502304,3188
502387,3166
502504,3391
502539,4789
502735,4499
502789,4593
502897,4277
502914,4748
503075,4440
503254,4181
503321,5107
503371,4397
503533,4032
503785,4552
503883,4437
504045,3569
507134,3327
508521,2913
508723,3002
508874,3069
509033,2978
509074,3403
509128,3902
509578,3918
509690,3729
509750,3128
510219,3021
510591,2882
510887,2796
511050,2968
511171,3235
511253,3200
511338,3227
511758,3247
511781,3541
511947,3388
512108,3711
512129,3757
512239,4050
513708,3518
513855,3514
514097,3208
514253,3302
514399,3358
514502,3251
514621,3215
514771,3249
514889,3792
515025,3990
515059,3881
515129,3606
515366,3886
515514,4001
515658,4018
515687,4428
515856,4050
516035,3975
516192,3883
516347,3864
516505,3697
516685,3577
517790,3036
517878,3550
518053,3257
518260,3274
518403,3524
518423,3600
518523,3927
518683,3697
520220,2979
520359,3037
520469,3035
520617,3297
520779,3508
520929,3412
521047,3363
521354,3365
521460,3497
521576,3430
521623,4301
521995,4497
522264,3135
522412,4188
522499,3809
522681,3681
522855,3558
522983,3800
523127,4114
523272,4021
523537,3842
523691,3789
523814,3617
524524,3262
524569,3525
524716,4133
524844,3770
524884,4017
524926,4592
524961,4762
525027,4925
525049,4958
525088,3591
525111,4182
525123,5072
526066,4563
526945,3592
527027,3446
527591,3285
527602,3265
527866,3061
528101,3400
528234,3624
528382,3796
528448,3784
528518,3816
528690,3825
528737,3885
528890,3829
529731,3255
529905,3357
530419,3084
530601,3686
530642,3699
530754,4081
530905,4152
531132,3672
531150,4065
531334,3894
531533,3748
531675,4008
531811,3820
532878,2960
533020,3211
533054,3632
533184,3532
533339,3425
533510,4223
533517,4167
533728,5390
533834,4988
533856,5042
533901,5268
533937,5300
534164,5139
535291,4418
535451,4720
535842,4406
535900,5096
536043,5751
536308,5643
536615,5554
536640,5643
536848,5564
536868,5708
537053,7187
537111,5931
537137,7130
537244,6863
537364,6930
537568,6778
537783,6619
537930,6542
537965,6602
538224,6581
538305,7323
538396,6771
538594,6631
538761,6586
539020,6707
539101,6467
539964,6752
540019,6789
540270,6631
540335,6678
540482,6657
540599,6872
540709,6827
540841,6849
541064,7001
541111,6709
541233,6777
541496,7149
541532,7208
541692,7272
541820,7197
541967,7100
542362,6806
542495,6806
542618,6799
542622,6732
542737,6895
542754,7646
542865,7341
543347,6953
543370,7037
543525,6850
543708,7594
543855,7551
544017,7492
544562,7043
544831,7024
544974,6946
545662,6382
545766,7143
545804,6604
545938,6589
546982,6646
547132,6564
547183,6626
547262,6732
547327,6713
548767,6756
548790,6709
548939,6528
549133,6310
549212,6448
549362,6550
549463,7659
549532,7800
549722,7667
549861,7629
550209,7232
550462,7330
550480,7145
550629,7301
551541,6843
551693,6773
551732,7067
551894,7105
552119,7066
552126,6921
552250,6856
552297,7475
552503,7213
552595,7272
552793,7182
554002,6361
554108,6355
554272,6351
554423,6263
554445,6306
554638,6196
554658,6267
554789,6537
554891,7059
554913,7264
555495,8235
555635,6762
555781,6735
555898,6693
555975,7937
556021,6677
556136,7724
556156,6716
556296,7278
556329,7634
556461,7658
556575,7487
556713,7300
556961,7968
557113,7908
557699,7674
558437,7060
558615,6994
558636,6784
558835,6774
558863,6679
559223,6449
559245,6477
559394,6423
559568,6380
559709,6447
559894,6286
560684,6460
560896,6300
561024,6667
561130,6130
561360,5965
561514,5932
561733,6222
561779,6197
561951,6210
562043,7996
563398,8180
563667,6725
563826,7837
563982,7743
564158,7686
564178,6861
564343,6583
564400,7386
564490,7123
564719,7023
565047,7016
565172,6777
565398,6818
566766,6767
566784,5802
566955,5684
566995,5755
567275,5648
567368,5803
567509,5683
567529,6235
567652,5590
567795,5499
567814,6012
567985,5488
568072,5991
568130,5572
568708,6460
568855,5900
569065,6158
569135,6138
569195,5760
569427,5900
569580,6036
569729,6021
569877,6128
570206,5853
570482,6232
570609,6190
570655,6414
570810,6796
571442,5927
571829,6086
572288,6063
572537,5872
572690,5824
572881,6118
573016,6747
573124,6213
573375,6215
573515,6024
573656,5990
573887,5809
574540,5833
574571,6058
575069,5544
575362,5318
575724,5019
575942,4894
576146,4771
576169,4941
576312,5132
577147,4565
577164,4615
577305,4710
577444,4769
577469,4596
577620,4529
577755,4510
577776,5294
577983,5195
578119,5029
578123,5674
578624,4662
578900,4843
579043,5459
579168,5171
579370,5022
579735,4862
579796,4936
579939,4958
579957,5069
581415,4658
581555,4697
581572,4960
581756,4959
581828,4695
581879,5366
582380,4653
582530,4598
582670,4511
582824,5117
583231,4482
583357,4656
583559,4447
583577,4478
583735,4448
583856,4411
585055,3700
585113,3882
585137,3317
585294,3648
585649,3396
585821,3558
586009,3817
586228,3704
586300,3877
586397,3746
586549,3756
586844,3690
587036,4488
587758,4156
588052,4430
588490,4063
588640,4047
588782,4122
588800,4352
590333,3306
590355,3406
590498,3365
590573,3419
590648,3472
590729,3431
590772,3488
590873,3559
590903,3528
591055,3816
591531,3676
591591,3233
591715,3485
591742,3435
591854,3408
591977,3336
591999,3429
592475,3491
592655,3446
592745,3434
592825,3448
592962,3413
592980,3524
594219,3281
597349,3028
597610,3244
597784,3123
597952,3005
598144,3070
598153,5416
598571,2970
598744,2965
598902,2859
599067,2935
599282,2888
599428,2911
599444,2947
599615,2834
599624,3037
599773,2990
599933,3106
600110,3582
600230,3530
600388,3444
600571,3192
600839,3196
601267,3110
601427,3330
601646,3046
602152,3270
602484,3022
602732,3080
603148,3275
603295,3181
603571,3201
603810,3046
604190,3070
604406,2910
604623,2839
604789,2899
604846,3201
604915,3069
605362,3069
605506,3005
605892,2794
606038,3213
606071,3574
606177,3418
606304,3118
606904,3130
607055,3199
607419,3045
607499,3304
607754,3245
607838,3566
608004,3347
608652,3208
609131,3026
609277,3020
609282,3174
609453,4110
609692,3203
609732,3174
610211,4263
610318,4611
610339,3045
610488,2954
610626,3558
610836,3757
611025,3325
611140,3587
611692,3347
613614,3666
613673,2931
613697,3185
613833,3785
613963,3768
614106,4502
614239,4816
614470,4354
615555,3651
615766,3710
615896,3983
616035,4127
616052,3898
616305,3699
616438,3862
616521,4046
616645,4382
616696,4433
616756,4475
616891,4476
617036,4783
617058,5063
617342,5032
617454,4968
617465,5132
617600,5036
617680,5007
617849,4912
618131,4785
618193,4799
618572,5012
618650,5103
618847,5324
619128,5096
619604,4743
619751,4982
619779,4886
619905,4905
620396,4400
620408,4460
620554,4402
620685,4369
621388,4431
621533,4340
621665,4358
621816,4359
621934,4294
622129,4332
622379,4740
622458,4716
623149,4025
623341,3883
623494,4389
623617,4342
623794,4792
623906,4647
624867,3826
625042,3601
625339,3403
625434,3516
625639,3678
625799,3757
625919,3730
626368,4014
626533,3689
626574,3532
626712,3741
626942,3630
627249,3704
627252,3695
627994,3554
628181,3601
628395,3438
628674,3292
628765,3670
628819,3683
628974,3615
629004,3799
629142,4518
629817,3505
629894,3552
629972,3571
630045,3588
630215,3674
630287,3698
630394,3979
630603,3943
630767,3501
631043,3551
631173,3622
631759,3756
631914,3724
632063,3643
632111,3740
632243,3751
632422,3888
632616,4793
632640,3950
632759,7340
634406,3264
634563,3343
635156,3289
635220,4948
635501,3689
636112,3189
636137,4149
636401,3805
636674,3927
636876,3873
637043,3655
637170,3631
637504,3352
637546,4001
637739,3212
637752,4246
637906,4024
638035,3466
638061,3987
638423,4197
638568,4029
638727,3820
638862,4045
638913,4641
638967,3937
638978,3989
639026,3987
639096,4536
639144,4599
639199,4643
640826,3220
640980,3165
641168,3557
641316,3719
641530,3437
641670,3512
641737,3580
641900,3564
642173,3467
642319,3584
642464,3490
642734,3725
642743,3840
642977,3598
644351,3316
644404,3427
644522,3743
644560,3890
645481,4629
645729,3053
645816,3021
646005,3343
646045,4251
646067,4537
646164,3681
646326,3708
646485,3678
646638,3832
646805,3745
646924,3982
647010,3993
647072,4078
647256,3986
647262,4033
647399,4147
647440,4131
647574,4286
647930,3878
648213,3781
648953,3618
648975,3794
649150,4064
649216,4268
649496,4224
649564,4338
649724,4265
650141,5048
650295,5480
650387,4118
651222,4295
651384,4334
651405,4450
651572,4392
651619,4533
651708,4613
651839,5061
651903,4865
652072,5890
652122,4710
652177,5740
652418,5446
652548,5670
653648,4368
654032,4360
654339,4268
654480,4774
654523,5920
654564,4956
654618,5773
654682,4173
654839,4479
654901,4405
655287,4181
655309,4274
655552,4788
655772,5281
655932,5418
656032,5869
656062,5347
656141,5220
656282,5427
656401,5415
656437,5311
656566,5607
656741,5718
656935,5446
656965,5670
657375,5466
658837,4718
658895,4731
659051,4679
659136,4672
659300,4605
659349,4636
659503,4564
659622,4794
659989,4511
660151,5059
660198,5467
660417,4841
661164,5454
661197,5024
661400,4873
661546,4862
661577,5099
661739,5185
662129,4230
662209,4523
662498,5174
662642,5079
662675,4536
662895,4768
663953,4329
664133,3932
664155,4119
664260,4126
664331,4268
664452,4210
664588,4134
664749,4185
664800,4201
664900,4717
665928,4391
666450,3924
666604,3880
666724,3845
667039,3772
667646,3375
667790,3791
667911,3986
667933,4115
668358,4018
668426,3994
668513,4215
668660,4874
668769,4099
668797,5422
668934,4763
669037,4561
669063,4932
669152,4787
669834,4440
670011,3782
670443,3959
670616,3837
670645,4028
670812,3688
670863,3862
670932,3831
671150,3736
671411,3707
672051,3637
672144,3312
672194,3374
672490,3530
673027,3568
673044,3854
673736,3497
674034,4208
674068,4243
674327,4190
674573,3914
676043,2951
676067,2829
676274,2923
676431,3368
676480,3368
676608,3290
676647,3915
676750,3885
676795,3921
676983,3830
677012,3889
677141,4277
677278,4333
677500,4165
677655,4059
677800,3964
678000,4435
679152,3520
679316,3508
679356,3988
679503,3946
679648,3937
679764,3909
679901,3863
679943,4011
680179,4547
680318,4471
680452,4543
680687,4514
680876,4469
680914,4263
681123,4511
681249,4538
681254,4741
681449,4709
681470,4868
681618,4841
681758,4815
681804,4704
681947,5120
683248,3767
683396,3880
683477,3952
683948,4255
684146,4066
684315,4127
684441,4246
684556,4308
684640,4278
684822,4390
684837,4654
685026,4676
685872,3967
686059,4849
686076,4401
686260,4271
686399,4184
686563,4779
686680,4911
686822,4821
686868,5103
686946,4923
687024,4769
687118,4902
687240,4872
687388,4856
687506,4819
687754,4761
689242,3486
689292,3469
689423,3583
689539,3615
689552,3685
689682,4877
689737,3885
689908,4787
690065,5225
690167,4446
690553,5176
690710,5126
690935,4849
691472,4537
691627,4476
691819,4460
692968,3538
693232,3453
693377,3385
693433,3385
693587,3444
693661,3491
693757,4798
693804,4806
693839,4998
693875,4911
693895,4990
693917,3836
694063,4951
694132,4079
694282,4570
694432,4519
694819,4507
695128,4285
695371,4092
695592,4120
696799,3543
696877,3562
697200,3332
697355,3413
697526,3670
697783,3468
697914,3717
698270,4047
698417,3964
698535,4062
698622,4235
698677,4567
698888,4305
699024,4749
699407,3952
699549,4515
699572,4419
699752,4389
699772,4448
699927,4345
701007,3682
701159,3773
701423,3466
701565,3495
701800,3358
702008,3324
702131,3510
702189,3814
702689,3523
702860,3612
703009,3934
703043,3934
703143,4474
703288,4277
703422,4356
703578,4325
703746,4422
703869,4403
705133,3478
705205,3517
705452,3454
705627,3352
705701,3448
705749,3450
705844,3544
705869,3565
705987,3520
706591,3418
706615,4019
706763,3552
706783,3640
706993,3549
707170,3825
707322,3733
707493,3931
707614,3914
707805,3672
711736,3164
712075,3929
712298,3762
712418,3736
712719,5208
712896,5522
713132,5344
713181,4376
713443,3710
713529,2997
713618,2913
714260,2810
714428,3805
714550,4172
714691,4153
714863,4046
715019,4017
715044,4472
715827,3805
715972,4062
716197,3902
716219,3950
716360,4001
716902,3865
717060,3794
717202,3758
717267,3779
717376,4646
717527,4638
717610,4481
717754,4477
717780,4754
717925,4711
718059,5370
718119,5194
718262,4998
718281,5098
718504,5061
718867,5070
719566,5049
719722,4934
719867,4909
720173,4301
720218,4617
720362,4361
720391,4559
720921,4373
721126,4235
721128,4351
721331,5150
721469,5146
721653,5294
721775,5223
721983,4579
722253,4794
722356,4373
722411,4742
722943,4614
722981,4732
723402,4233
723600,4668
723768,4932
723973,4566
723997,4242
724299,4291
725158,3626
725585,3598
725731,3503
725904,3687
726242,3860
726527,3665
726660,3812
726754,3837
726790,3737
726873,3778
727704,3211
728293,3104
728348,3453
728499,3353
728623,3278
728767,3183
728852,4083
728888,3932
728988,4023
729065,4269
729111,3938
729256,3983
729476,3963
730259,3411
730281,3490
730434,3427
730589,3446
730732,3675
730757,3960
730948,4306
731158,4086
731248,4153
731373,4122
731487,4122
731620,4236
731657,4259
731833,4188
733402,3697
733467,3589
733859,3773
734226,3547
734462,2882
734552,3416
734605,3118
734752,3283
734871,3506
735016,3447
735689,3116
735877,3177
736041,3132
736161,2960
736582,3139
736754,3740
737187,3365
737387,3218
737551,3103
737802,3059
738924,2990
738949,3034
739539,2912
739597,2928
739740,3125
739873,3266
740270,3090
740536,5131
740694,5068
740772,5019
740938,4946
740957,4785
741140,4717
741315,4596
742267,4452
742289,4510
742436,4425
742564,4949
742704,4840
742727,4923
742777,4782
742900,4694
743040,4629
743185,6328
743336,6150
743421,6349
743550,6273
743569,5890
743692,5848
743712,6141
743833,5732
743842,5748
743974,5641
744012,6643
744212,7094
744521,12527
745261,13041
745282,13118
745421,17967
745453,13169
745533,17630
745572,17615
745889,17523
746013,17451
746106,17474
746241,17414
746281,17621
746424,17988
746541,17639
746599,17432
747767,16702
747787,16998
747936,17339
747957,16635
748353,16979
748500,16143
748694,15999
748838,15993
748908,16476
749314,15737
749317,16118
749626,15927
749796,15823
749933,15802
749983,16168
750887,15319
751092,15792
751179,15081
751322,14988
751457,15269
751605,15358
751703,15317
751836,15509
752262,15646
752286,15262
752401,15914
752450,15505
752557,15807
752569,15795
752709,15744
752753,16005
752855,15951
752874,16109
752997,16245
753135,16174
753313,16159
753324,16289
753446,16325
753627,16342
753790,16326
753952,16292
754329,16189
754347,16525
754525,16241
754664,16156
754674,16650
754784,16708
754805,16573
754985,16571
755168,16496
755201,16682
755434,16527
755598,16520
755858,17551
756205,17952
756353,17821
756360,17975
756524,18290
756794,17435
757048,17352
757483,17211
757662,17080
757697,17176
757880,16695
758112,16683
758260,16987
758467,17445
758698,17107
758759,16534
758956,16521
759146,16713
759162,16552
759341,16461
759348,16615
759634,16485
759806,16425
759973,16354
760369,16811
760524,16759
760548,16285
760688,16640
760711,17884
760852,16892
761000,17176
761158,17417
761332,16895
761496,16783
761857,16687
762040,16642
762054,16533
762233,16720
762264,16541
762546,16598
762702,16499
762959,16627
763241,16430
763429,16419
763571,16338
763739,16275
767166,13025
770274,9989
770549,9826
770696,9931
770853,9938
771185,9695
771216,9800
771371,9794
780142,3723
781532,2809
784456,2931
784628,2975
784792,2869
784951,2986
785134,3493
785148,3213
785715,3124
785740,3052
785897,3143
785916,3194
786037,3165
786129,4049
786245,3916
786287,4580
786403,3016
786556,3147
786690,3377
786973,4309
787206,3143
787428,3187
787614,3602
787755,3580
787927,3504
788060,3425
788500,3207
788866,3387
789155,3203
789305,3551
789454,3567
789709,3490
789859,3458
790330,3250
790576,3307
790931,3759
791119,3626
791726,3073
791758,3193
791872,3199
792125,3136
792287,3064
792393,3185
792527,3457
792698,3352
793455,2825
793622,2845
794075,3354
794534,3173
794962,2798
795189,3615
795342,3703
795400,3524
795511,3463
795617,3362
796396,3218
796551,3749
796585,3019
796721,2943
796876,3308
797859,2990
797894,2981
798140,3009
798297,3770
798343,2859
798508,3506
798755,3371
799006,3197
799121,3330
799335,3240
799487,3574
799512,3348
799659,3500
799795,3498
799933,4222
800137,4363
800326,4121
800667,3392
801546,3203
801698,3206
801844,3224
801953,3668
802361,3452
802532,3212
802673,3273
802824,3627
802959,3705
803127,3514
803251,3511
803392,3589
803545,3563
803767,3431
803916,3422
804132,3688
804271,3446
805023,3259
805790,3186
805989,3425
806213,3253
806481,3099
807471,3447
807651,3327
807813,3296
807978,2874
808154,3030
808190,3244
808340,3332
808378,3422
808463,3427
808518,3452
808651,3665
808668,3966
808846,3674
809858,3021
810030,4213
810292,3064
810516,3189
810575,3255
810752,3584
811056,4018
811153,4418
811239,3676
811340,4178
812012,3372
812113,3512
812276,3619
812354,3498
812579,3368
812743,3422
812924,3307
813123,4589
813161,3209
813185,3337
813328,3926
813465,4314
813525,3662
814279,3098
814382,3451
814584,3371
814731,3275
815341,3713
815699,3165
816340,3001
816536,2887
816806,3090
816955,4412
817439,3074
817503,3059
817678,3109
817860,3536
818022,3507
818187,3280
818487,3101
818648,3211
818931,2969
819603,2856
819756,2864
819900,2809
819985,4033
820054,3094
820123,3526
820604,3707
820608,3750
821222,3868
821437,3817
821574,3629
821632,3679
821911,3470
822893,3449
822920,3496
823105,4084
823163,4109
823296,4462
823382,3891
823543,4209
823813,4566
823846,4463
823938,4527
824057,4619
824136,4383
824194,4744
824372,4554
824913,4348
824927,4246
825145,4161
825288,4366
825458,4393
825478,4075
825610,4501
826137,4498
826161,4669
826309,4927
826445,4781
826466,4867
826573,4829
826619,4938
826744,4881
826885,5316
827104,5199
827354,5025
827509,4943
828553,5572
828586,4464
828684,4727
828715,7622
828973,4970
829010,4789
829354,7929
829733,4163
829835,7510
829892,4979
830071,5222
830424,6975
830585,4817
830858,5353
831006,5444
831677,5771
831818,4577
831873,4015
832023,4503
832042,6131
832430,5067
832519,5254
832665,5614
832811,5711
833475,5133
833614,4839
834495,3851
834700,3958
834722,3565
834874,4389
834951,3756
835012,4352
835159,3596
835461,3760
835599,3600
835967,3525
836459,3364
836554,3193
836816,3160
836955,3114
837805,3065
837952,3006
838090,2918
841387,3890
841559,3940
841686,3535
841831,3555
842270,3435
842423,3323
842586,3211
842728,3117
842874,3020
843042,3233
843116,2843
848422,3925
848495,4170
848655,4000
848946,4045
848991,4383
849135,4862
849212,5181
849379,5028
849403,5251
849406,4660
849539,4781
849664,4939
849683,4964
849813,5032
849865,4925
849967,4929
850009,5966
850126,5902
850266,5825
850410,5757
850434,5966
850577,5754
850596,6157
850736,6027
850762,5866
850892,5841
850924,5903
851009,5910
851066,5938
851169,6005
851303,6046
851343,5916
851486,5909
851604,6398
851753,7160
851893,7272
852143,7004
852181,6970
852389,6828
852577,6706
852755,6638
853255,6222
853437,6146
853625,6048
853792,7500
853859,8451
853984,7507
854147,7263
854439,7899
854467,7183
854681,7805
855596,6161
855775,7077
856056,7805
856197,7704
856990,6762
857155,6463
857315,6124
857444,6713
857489,8161
857814,8186
857836,7670
858048,7684
858132,7812
858290,7493
858320,7734
858441,7407
858626,7905
858642,7906
859511,7259
859758,6841
859972,6513
860024,6585
860145,6673
860162,7401
860538,6893
860758,6748
861027,6264
861179,6634
861350,6516
861508,6599
861844,5771
862012,5850
862411,6362
862613,6293
862665,6288
862770,6477
862927,6239
863108,6123
863151,6147
863268,6440
863318,6154
863419,6571
863573,6489
863701,6079
864010,6680
864135,6639
864254,6598
864476,6450
864656,6380
864825,6360
864986,6520
865187,6632
865356,6751
865515,6786
866783,5947
866959,6105
866980,6201
867182,6227
867278,6364
867536,6247
867939,6034
868146,6214
868461,5383
868535,5954
868597,6002
868675,6020
870131,4676
870171,4786
870366,5470
870404,5380
871533,4386
871575,4319
871788,4203
871931,4205
871973,4208
872140,4209
872334,4404
872369,4079
872391,4260
872536,5297
872577,5458
872614,5644
872765,5150
872905,5206
873041,5515
873231,5072
873453,4958
873605,5198
873675,5173
873813,5085
876653,2974
876832,2882
876990,3478
877021,2888
877145,3007
877181,3166
877275,3121
877362,3697
877601,3558
877786,3835
882542,2872
882752,2899
882916,3354
883150,3331
883278,3405
884383,3126
884401,3191
884685,2927
884854,3120
885007,3606
885111,2916
885234,3269
885352,4524
885469,4927
885529,4885
885661,4958
885690,4983
885813,5137
885848,5150
885929,5291
886065,5377
886102,5407
886226,5558
886319,5628
886344,6008
886475,5901
886517,5919
886987,5548
887014,6103
887100,6224
887236,6273
887258,6120
887351,6216
887427,6073
887659,6085
887814,6043
887849,6030
887989,5988
888065,6118
888132,5993
888287,6024
888345,6073
889161,5387
889328,5354
889496,5308
889696,5522
889777,5552
889927,5639
889957,5474
890457,5225
890623,5195
890735,7316
890741,5449
891025,8243
891228,8029
891262,8127
891774,8033
891959,8201
892554,7517
892565,7779
892740,7660
892902,7720
892935,7990
893024,7784
893339,7522
896731,4326
896899,4263
897053,4567
897273,4420
897342,4889
897444,4960
897569,4715
897727,4608
897911,4473
898357,4076
898526,4307
898704,4191
898857,4292
899572,3812
899797,4209
900111,4144
900229,4075
900340,5097
900384,5327
900420,5379
900454,5838
900502,5540
900650,5337
900684,4937
901301,5108
901621,4693
901808,4680
901953,4558
902964,3908
903109,3820
903193,3806
903382,3676
903427,3913
903564,3872
903598,3863
903760,4182
903769,4005
903838,4053
904278,3881
904342,4121
904488,4048
904651,4538
904800,4561
905825,3918
905977,3711
906693,3645
907109,3322
907202,3590
907519,3970
907580,3860
907730,3992
907811,4017
907989,3906
908004,4189
908342,4109
908666,3769
909068,3613
910012,3473
910494,3188
910558,3471
910629,3106
910691,3861
910853,3222
910996,3495
911154,4156
911268,3942
911283,4079
911640,4102
911889,4066
912129,3840
912484,3685
912659,3585
912882,3414
913494,3305
913522,3373
913667,3672
913801,3589
913943,3945
914107,3835
914247,4023
914391,4172
914619,4338
914647,3989
914799,3999
914938,4072
915223,3976
915369,3819
915513,3825
915755,3723
916583,3111
916607,3082
916751,3433
916960,3400
916977,3673
917167,3823
917187,4133
917412,4105
917428,4626
917567,4567
917695,4531
919980,3174
920019,3293
920246,3008
920461,2925
920485,3143
920687,3145
920754,3220
920862,3990
921002,3830
921108,3861
921119,4021
921392,3810
921421,4024
921529,3974
921813,3741
922086,3764
922280,3622
922307,3970
922454,3890
922586,4036
922719,3692
923448,4388
923470,4046
923669,4274
923728,3722
923881,3695
923997,3997
924102,4412
924138,4424
924239,4872
924394,3822
924557,3754
925059,4113
925213,4094
926015,3639
926133,3751
926304,3635
926476,3803
926497,3902
926631,3835
926844,4407
926986,4521
927491,4689
927650,4476
927681,4057
927828,4109
927951,4065
928480,3688
928638,3619
929572,3311
929713,3254
929719,3328
929959,3557
930005,3871
930115,3817
930116,4038
930241,3974
930387,4096
930506,4272
930647,4332
931025,4798
931108,4350
933353,3341
933553,4218
933579,4065
933686,4340
933806,4177
933966,4144
934135,4058
934290,4080
934314,4262
934467,4444
934616,4530
934649,4607
934813,4540
934859,4597
935000,4694
935331,4697
935522,4676
935645,4603
935653,4921
935794,4716
935990,4468
936115,4664
936123,4721
936251,4655
936972,4646
937171,4520
937339,4572
937480,4426
937678,4317
937821,4468
938017,5021
938158,5028
938274,4845
938418,4756
938432,5291
938555,5265
938686,5227
938715,5299
939422,5562
939530,7151
939855,6884
939999,6314
940289,5864
940388,6651
940545,6553
940621,5813
940710,6165
940857,6124
940941,5823
940993,6159
941136,5747
942304,5397
942507,6231
942513,6055
942659,6051
942697,5955
942778,5843
942850,5946
942895,5864
943267,5724
943913,4896
944085,6110
944125,4806
944262,4721
944354,4943
944488,4870
944606,5356
945071,5230
945143,5342
945261,5400
945328,5696
945497,5699
945658,5595
945814,5494
945965,6194
946142,6076
946266,6060
946404,6040
946559,5977
947806,5228
947989,5166
948100,5169
948273,5052
948409,5002
948878,4741
949040,4571
949398,4608
949527,5255
949541,5013
949665,5067
949801,5178
950337,4694
950716,4371
950732,5027
950861,4937
951114,4913
951294,5067
951463,5344
951491,5220
951681,5091
951923,5128
953257,4258
953435,3964
953459,4229
953651,4744
953674,4145
953829,4517
953884,4480
954045,4474
954134,4651
954154,4522
954374,4631
954395,4886
954664,4841
954793,4773
954854,5325
955006,5025
955159,5038
956138,5062
956434,4717
956579,4519
956892,4357
957354,4248
957878,3848
958004,3783
958145,3761
958743,3720
958828,3689
958878,3768
959006,4044
959111,4003
959281,3897
959296,4302
959413,4202
959658,4482
959699,5087
959860,5067
959889,4559
960064,5287
960173,5307
960373,4681
960523,4911
960690,4902
960868,4846
961049,4605
961170,4606
961473,4391
962426,3581
962622,3535
962674,4334
962770,4039
962865,4083
963010,4137
963118,5925
963263,7099
963297,4258
963381,7428
963441,4391
963629,4293
963750,4281
964813,4854
967637,3619
968198,3561
968376,3462
968550,3490
968570,3921
968709,3841
968742,3839
968872,3761
968897,3844
969045,4639
969289,3612
969507,3919
969666,3951
969827,3906
969984,5693
970176,3626
970193,3436
970338,3525
970458,3738
970495,3697
970640,4058
970661,4129
970815,4098
970906,4136
970979,4256
971062,4521
971204,4589
971417,4811
971582,4595
972913,3927
972999,3866
973245,3691
973454,3862
973821,3920
973959,3960
974046,4271
974226,4231
974248,4354
974396,4309
974553,4510
974720,4420
975421,4161
975935,3743
976096,3664
976990,3524
977146,3156
977345,3079
977517,3258
977568,3252
977675,3306
977755,4090
977827,4068
978006,4146
978154,4143
978164,4326
978495,4298
978853,4103
978891,4287
978977,4519
979126,4500
979245,5050
979431,4641
979672,5139
979744,4621
980010,4854
980306,4610
980500,4468
980602,4436
980665,4485
980849,4464
980878,4336
982106,3884
982186,4053
982329,4048
982367,4364
982502,4777
982509,4874
982637,4737
982792,4706
982848,5058
982993,5120
983019,4782
983240,5285
983457,5117
983581,5084
984493,5141
984649,5039
984678,4877
984848,4762
984996,4664
985130,4580
985303,4459
985395,4493
985493,4386
985622,4400
985677,4480
985794,5261
986021,5599
986040,5119
986165,5260
986584,5112
987037,4805
987058,4867
987289,4782
987450,4769
987541,5135
988014,4548
988206,4407
989058,5172
989290,4499
989467,4505
989715,4355
989835,4340
989968,4274
990153,4244
990192,4275
990308,4301
990449,4377
990617,4302
990783,4262
990952,4260
992010,3880
992137,4511
992284,4148
992309,4591
992406,4419
992462,4491
992600,5157
992739,4967
992921,4733
993163,5073
993406,4256
995247,3422
995293,3516
995427,3221
995444,3198
995570,3183
995623,3956
995727,4270
995797,4795
995881,4183
995917,4863
996031,4469
996468,5434
996729,4531
997044,4362
997416,4360
997537,4166
997794,4413
998047,4217
999037,3186
999182,3152
999287,3248
999318,3565
999422,3739
999441,3663
999564,3770
999774,4920
999819,5006
1000009,4689
1000114,4659
1000207,4667
1000246,4771
1000323,5110
1000372,4700
1000436,5280
1000860,4788
1001956,3753
1002392,4054
1002514,3987
1002707,3911
1002758,4036
1002913,4076
1002935,4516
1003186,4149
1003365,4024
1003492,4198
1003548,4673
1003620,4556
1003692,4710
1003984,4361
1004384,4530
1004533,4436
1004731,4332
1004851,4294
1004914,4376
1005068,4279
1005474,4159
1005551,4460
1005731,4228
1005754,4404
1005864,4197
1005986,4675
1006850,4686
1006884,4944
1007033,4779
1007159,4310
1007275,4813
1007484,4545
1007513,4660
1007811,4839
1007833,4638
1007974,4600
1009549,4198
1009672,4206
1009687,3900
1009801,3731
1009868,4122
1009991,3947
1010141,3906
1010304,3853
1010327,4106
1010469,4017
1010512,3979
1010649,4037
1010820,4085
1010916,4473
1011063,5351
1011104,4593
1011342,5008
1012971,3737
1013300,3504
1013919,2975
1014075,3383
1014305,3379
1014524,3520
1014690,3503
1014733,3837
1014915,3589
1015000,3882
1015068,4147
1015128,4142
1015248,4116
1015415,4112
1015455,4219
1015542,4274
1015576,4823
1015716,4592
1016882,3948
1016908,3512
1017512,3082
1017685,4011
1017833,3846
1017840,3971
1017978,3774
1018118,3660
1018278,3587
1018338,3759
1018418,3781
1018555,3812
1018703,3787
1018930,4228
1019739,4757
1019876,3499
1020429,3362
1022837,4377
1023020,4316
1023147,3212
1023368,3690
1023531,3622
1023626,3838
1023683,3709
1023835,3938
1023894,4057
1023946,4564
1023997,4265
1024708,3825
1024938,3479
1025574,3246
1025613,3005
1025633,3015
1025817,3099
1025851,3179
1025973,3939
1026165,4019
1026325,3915
1026401,3940
1026449,3989
1026545,3996
1026585,4053
1026728,4011
1026873,4847
1026998,4830
1027139,5530
1027234,6621
1027499,5285
1027625,6538
1028186,6888
1028338,5979
1031412,3112
1031586,4031
1031940,2963
1031962,3038
1032187,3267
1032359,3192
1032515,3159
1032681,3109
1032836,3092
1032990,3375
1033148,3081
1033164,3395
1033336,3427
1033343,3461
1033526,3335
1033534,3625
1033686,3570
1033702,3817
1033945,3640
1034122,3553
1034243,3658
1034384,3782
1034442,3793
1034500,4278
1034553,4490
1034608,4557
1036384,3526
1036861,3189
1036991,3198
1037196,3557
1037331,3680
1037354,3492
1038142,3345
1038328,3209
1038356,3711
1038488,3421
1038850,3502
1038867,3749
1039593,3333
1039763,3929
1039804,4111
1039856,3365
1040023,3444
1040227,4119
1040370,3992
1040530,4056
1040585,4185
1040743,4076
1040937,4274
1041053,4368
1041154,4204
1041258,4202
1041416,4310
1041607,4003
1041635,4209
1041758,4257
1041909,4196
1042027,4140
1042445,3866
1042647,3964
1042800,4446
1042818,4173
1043286,4051
1043333,3905
1043525,3858
1043665,4179
1043734,4213
1043828,4353
1044075,4439
1044889,4265
1045034,4214
1045067,4406
1045561,3967
1046108,4000
1046305,3649
1046391,3670
1046684,3829
1046832,3903
1046977,4059
1047038,4900
1047192,4869
1047990,4178
1048048,3822
1048184,4045
1048355,3923
1048387,3952
1048581,3840
1048753,3780
1048905,3757
1049067,3844
1049731,3301
1049755,3751
1050010,3382
1050115,3445
1050318,3588
1050353,3521
1050474,3634
1050558,3704
1050625,3914
1050766,3825
1050805,4111
1050934,4034
1051407,4452
1051570,4462
1051922,4045
1052731,3513
1052774,3615
1053543,3210
1053705,3781
1053901,3759
1054051,3709
1054125,3585
1054336,3527
1054380,3592
1054472,3674
1054639,3639
1054754,3632
1054786,3959
1054991,3702
1055654,3608
1055697,3354
1055845,3290
1056589,2987
1056786,3436
1056963,3419
1057360,3072
1057551,3462
1057700,3479
1058821,2957
1058841,3173
1059020,3916
1059136,2935
1059185,3006
1059317,3253
1059343,3715
1059776,3504
1059955,3388
1060123,3485
1060337,3949
1060464,3883
1060567,3649
1060603,3803
1061879,3150
1061901,3378
1062065,4196
1062233,3100
1062537,3650
1062632,3920
1062690,3917
1062719,4224
1062855,3841
1063001,4098
1063099,4157
1063125,4196
1063264,4241
1063380,4183
1063734,4050
1063883,3949
1063968,3923
1064269,3772
1064416,3802
1065243,3038
1065397,3265
1065419,3554
1065617,3115
1065772,4003
1065863,3825
1066025,4003
1066339,3402
1066597,3334
1066936,3629
1067978,3439
1068215,3255
1068343,4466
1068353,3796
1068392,4363
1068489,4734
1068817,4040
1069024,4283
1069059,4584
1069346,4257
1069519,4031
1069891,3829
1070042,3847
1070934,3293
1070974,3413
1071190,3306
1071244,3339
1071297,3478
1071435,3389
1071512,3362
1071627,4069
1071671,4389
1071788,3964
1071946,3889
1072025,4168
1072163,3979
1072277,4453
1072301,4523
1072343,4816
1072766,4463
1073347,4037
1074565,3264
1074663,3237
1074809,3185
1074947,3100
1075127,3253
1075382,3949
1075711,3955
1075875,3869
1075926,3503
1076068,5352
1076108,3755
1076231,3735
1076362,4132
1076510,5002
1076831,3990
1078012,2855
1078130,3202
1078214,3171
1078269,3300
1078405,3317
1078571,3023
1078597,3100
1078798,3354
1078941,3614
1079163,4078
1079188,4224
1079364,4095
1079505,4004
1081773,3252
1081806,3320
1081938,3429
1081971,3460
1082214,3378
1082235,3476
1082311,3594
1082390,3975
1082429,4082
1082607,4589
1082747,4129
1082811,4789
1082901,4060
1082933,4901
1083047,4485
1083066,4400
1083355,4297
1083513,4256
1083546,4501
1083830,4737
1084023,4498
1084025,4657
1084191,4707
1084270,4338
1084535,4124
1084781,4012
1085758,3614
1085797,4140
1085998,4439
1086032,4671
1086070,3940
1086160,5675
1086196,3763
1086379,4442
1086655,4100
1087273,4615
1087298,4498
1087604,4387
1087746,4398
1087888,4335
1087961,4358
1089518,3124
1089542,3238
1089762,3863
1089793,3860
1090289,3408
1090570,3196
1090695,3132
1090946,2965
1090977,3170
1091135,3461
1091321,3170
1091511,3946
1091670,3735
1091719,4040
1093335,3037
1093490,2973
1093688,3952
1093884,3411
1093987,3710
1094142,3634
1094273,3450
1094333,3866
1094433,3395
1094629,3507
1094751,3509
1094890,3480
1094906,3590
1095075,3676
1095127,3697
1095250,3667
1096730,2789
1096959,3373
1097329,3470
1097478,3503
1097724,4227
1097902,4101
1098213,3840
1098960,3153
1099205,3480
1099373,3420
1099606,4499
1099637,3081
1099714,3225
1099799,3232
1099842,3355
1099929,3365
1100000,4657
1100140,3272
1100279,3459
1100355,3526
1100423,3415
1100576,4097
1100737,4022
1100820,4041
1100856,4431
1101033,4197
1101369,4352
1101558,4311
1101863,4284
1102277,3776
1102432,3889
1103399,3177
1103556,3370
1103571,3362
1103718,3447
1103910,4056
1103954,3943
1104154,4009
1104225,4601
1104350,4145
1104493,4932
1104691,4996
1104903,4381
1105050,4288
1105320,4631
1105605,4802
1105745,4259
1105890,4613
1106974,3329
1106997,4376
1107204,3113
1107360,3096
1107519,2992
1107663,3924
1107720,3802
1107783,3922
1107925,3831
1108031,3820
1108324,4047
1108334,4700
1108533,4580
1108709,4469
1108869,4453
1109013,4319
1110663,2951
1110698,3005
1110860,3361
1110895,3408
1110987,3613
1111148,4103
1111207,4168
1111282,4438
1111413,4357
1111592,4229
1111710,4207
1111790,4246
1112417,4221
1112620,4129
1112898,4083
1113402,4160
1113423,4114
1113717,4064
1113871,3963
1113891,4016
1114021,3947
1114049,3982
1114262,3895
1114356,3907
1114475,4075
1114509,4167
1114651,4116
1114729,4114
1115427,4084
1115595,3908
1115733,3717
1115852,3951
1115965,3964
1116146,3714
1116337,4173
1116471,4267
1116784,4247
1116998,4477
1117014,4560
1117361,4300
1117564,4645
1119192,3395
1119236,3425
1119370,3489
1119505,4235
1119639,3858
1119661,4225
1119808,4198
1119973,4890
1119998,4620
1120122,4688
1120167,6196
1120337,5064
1120487,4234
1120577,6093
1120636,4266
1120782,5422
1120910,4810
1123023,3698
1123183,3206
1123363,3798
1123567,3453
1123576,3586
1124161,4635
1124341,4592
1124545,4495
1124700,4633
1124969,4437
1124975,4853
1125345,4381
1125504,3956
1125660,3850
1125710,3911
1127492,2917
1127683,2880
1127843,2933
1128010,5401
1128156,3081
1128322,4085
1128483,3984
1128605,3759
1128640,3951
1128791,3853
1128947,3750
1129928,3440
1129943,3636
1130138,3506
1130435,3259
1130583,3599
1131264,4597
1131321,3015
1131441,3538
1131537,3413
1131686,3765
1131809,3818
1131932,3723
1132154,3847
1132407,3855
1132766,3821
1132855,3982
1132987,4026
1132989,3933
1133190,3881
1133713,4262
1133756,3955
1133884,3903
1134014,4313
1134190,4234
1134374,4106
1134410,4306
1134519,4343
1134664,4106
1135125,3695
1135144,3964
1135665,3617
1135703,3859
1135884,3730
1136039,3853
1136133,3814
1136548,4154
1136681,4388
1136689,4225
1136836,4589
1136956,4667
1137116,4472
1137120,4553
1137296,4528
1138139,4015
1138554,3816
1138703,3718
1138921,3707
1139065,3933
1139152,3691
1139371,3799
1139539,3765
1139708,3849
1139913,3694
1139991,3841
1140155,3827
1140328,3723
1140507,4611
1140694,4138
1140742,4248
1141161,4097
1141312,4301
1142190,3478
1142601,3547
1142662,3553
1142815,3719
1143033,4080
1143107,4126
1143344,3824
1143489,3728
1143859,3616
1144059,3718
1144111,3428
1144266,3804
1144467,4144
1144620,4061
1144979,3754
1145117,3699
1145129,3794
1145292,4157
1145444,4059
1145501,4412
1145739,3838
1146313,3716
1146516,3449
1146658,3721
1146890,3558
1147245,3694
1147303,3978
1147367,3842
1147542,3720
1147617,3742
1147663,3771
1147775,3776
1148583,3771
1148742,3666
1148863,3745
1149270,3684
1149582,3846
1149785,3748
1150048,3433
1150130,3516
1150149,3435
1150278,3430
1150417,3437
1150570,3683
1151361,3083
1151512,2987
1151679,3270
1151717,3296
1151834,3391
1152033,3762
1152476,3453
1152635,3343
1152795,3375
1152945,3567
1153830,2977
1154625,2939
1154785,3066
1154811,3163
1155025,3403
1155206,3349
1155331,3276
1155527,3502
1155802,4526
1155951,4315
1156122,4201
1156289,4097
1156344,3906
1156498,3949
1156641,3892
1156651,4184
1157802,3175
1157894,3263
1158018,4560
1158136,3363
1158287,3705
1158433,3891
1158574,3802
1158654,3984
1158691,3824
1158825,4426
1158847,4394
1158958,4400
1159073,4611
1159196,4610
1159327,4544
1159557,4539
1159732,4481
1159851,5332
1160873,4009
1161050,4339
1161117,3920
1161210,4301
1161428,4451
1161511,4485
1161584,4478
1161712,4617
1161876,4657
1162033,4552
1162171,4464
1162303,4384
1162446,4591
1162581,4561
1163471,4349
1163554,4612
1163623,4616
1163742,4662
1163889,4567
1163913,4816
1164030,4921
1164145,4773
1164262,4968
1164326,4895
1164517,5139
1164880,4849
1166074,4765
1166142,4050
1166365,4091
1166503,4534
1166641,4561
1166729,4414
1166872,4316
1166903,4390
1167106,4318
1167170,4429
1167380,4398
1167875,4991
1167895,4349
1168034,4624
1169055,4483
1169142,3778
1169296,3735
1169329,3698
1169489,4176
1169527,4192
1169687,4110
1169820,4599
1170138,4258
1170245,4226
1170377,4208
1170508,4416
1170640,4334
1170872,4282
1170971,4315
1172017,3527
1172063,3622
1172220,3639
1172360,3564
1172496,3578
1172697,4334
1172859,4050
1173064,3792
1173310,3654
1173873,3471
1174609,3411
1174640,3535
1174766,3596
1176263,3110
1176283,3932
1176492,3656
1176656,3611
1176679,3926
1176756,4008
1176900,3938
1177060,4149
1177160,4102
1177309,4089
1177450,4053
1177490,4218
1177580,4119
1177647,4215
1177703,4346
1177867,4501
1177914,4811
1178057,4350
1178146,4395
1178232,4313
1178421,4603
1178560,4658
1179329,3612
1179487,3692
1179607,3624
1179745,3759
1179915,3692
1180064,3494
1180244,3414
1180387,3624
1180526,3826
1180651,3946
1181605,3933
1183352,3324
1183710,3316
1183723,3731
1183839,3519
1183985,3525
1184662,3492
1184873,3338
1184911,3818
1185000,3595
1185070,4156
1185104,3698
1185773,4209
1185930,3420
1186060,3796
1186332,3319
1186398,3378
1186567,3534
1186721,3626
1186865,3533
1186897,3740
1187112,4051
1187165,4087
1187331,4046
1187402,3967
1187544,4040
1187705,3930
1187776,4282
1187826,4009
1187965,4149
1188024,4425
1188124,4051
1188314,4072
1190016,3781
1190152,4025
1190318,4045
1190487,3744
1190652,3754
1190773,3680
1190842,3959
1191192,3989
1191352,3949
1191417,4609
1191539,4613
1191661,4566
1191673,4805
1191774,5122
1191961,5384
1192126,5069
1192221,4724
1192244,5319
1192454,5052
1192544,5151
1194474,3418
1194504,3804
1194612,4010
1194651,4039
1194772,3986
1195404,3555
1195604,3572
1195798,3904
1195862,3923
1195938,3934
1196112,4229
1196311,4137
1196514,4019
1196603,4411
1196693,4584
1196834,4507
1197048,4824
1197235,4265
1197382,4544
1197535,4443
1197747,4281
1197891,4426
1197940,4334
1198010,4365
1198338,4362
1198409,4438
1198466,4452
1198578,4428
1198791,4267
1199904,3451
1200061,3525
1200199,3873
1200567,3716
1200721,3932
1200880,3582
1201027,4451
1201530,3756
1201566,3826
1201712,4145
1202956,3360
1203145,3729
1203169,3220
1203346,3241
1203415,3216
1203627,3402
1203745,3502
1203875,3531
1204143,3373
1204298,3524
1204495,3670
1204517,3742
1204705,3618
1204846,4151
1204990,3954
1205116,4035
1205233,3867
1205339,3989
1205487,3888
1205621,4036
1206698,3224
1206722,3484
1206872,3406
1207060,4246
1207148,3358
1207175,3213
1207381,3874
1207656,3926
1207857,3799
1208002,4425
1208253,4395
1208370,4788
1208508,4703
1208652,4610
1208771,4549
1208814,4665
1208846,4720
1210565,3448
1210605,3549
1210743,3529
1210779,3638
1210906,4095
1210910,3719
1211021,3779
1211340,4305
1211362,3884
1211469,3835
1211641,4259
1211705,4087
1211879,4068
1212115,4394
1212261,4299
1212466,4146
1212587,4117
1212816,4289
1212938,4128
1213069,4606
1213201,4392
1214340,5197
1214466,3891
1214469,3811
1214636,3816
1214835,3774
1214872,4171
1215023,4449
1215151,3825
1215823,3569
1215999,3450
1216147,3448
1216175,3660
1216319,4399
1216388,4217
1216552,4104
1216688,4913
1216749,4845
1216898,4792
1216932,4849
1218642,3887
1218809,3840
1219516,3497
1219667,3813
1220141,3249
1220306,4335
1220450,4113
1220766,3901
1220915,3842
1221182,4244
1221223,3635
1221442,4015
1221737,3827
1221840,3798
1221863,3833
1222033,4432
1222102,4285
1222154,4073
1226165,3333
1226321,3243
1226496,3083
1226805,2830
1226981,2789
1227183,2814
1227329,2840
1227472,2862
1227612,3085
1227754,3119
1227850,3322
1227883,4069
1228012,3713
1228429,3359
1228604,3305
1228611,3607
1228767,3509
1228939,3544
1228991,3726
1229051,3917
1230133,3185
1230265,3131
1230388,3618
1230530,3683
1230555,3739
1230711,3630
1230752,3737
1230901,3625
1230944,3724
1231276,3828
1231303,3874
1231428,4072
1231566,4102
1232510,3387
1232533,3536
1232683,4087
1232878,3838
1232919,3536
1234702,2817
1234760,3757
1234843,3323
1234968,3953
1235305,3485
1235354,3515
1235504,3936
1235590,3919
1235738,3902
1235898,3921
1235979,3886
1236136,4051
1236255,4102
1236517,3770
1236553,4064
1236732,3955
1237507,3228
1237668,3394
1237679,3693
1237841,3636
1237866,3855
1238006,4043
1238126,3924
1238326,3975
1238593,3796
1238925,3518
1239106,4175
1239675,3725
1239950,3662
1240009,3594
1240287,3432
1240454,3813
1240694,3625
1240874,3969
1240896,3853
1241060,3930
1241551,3717
1242523,3163
1242659,3295
1242808,3242
1242956,3435
1243109,3493
1243886,3269
1243949,3696
1244056,3580
1244154,3765
1244316,3655
1244556,3697
1244863,3460
1245057,3639
1245124,3626
1245268,3538
1245318,4116
1245386,4261
1245489,4331
1245508,4489
1245648,4400
1245782,4258
1246325,4119
1246428,4117
1246673,3985
1246797,3943
1246852,4042
1247001,4276
1247469,4348
1247677,4542
1247751,4184
1247854,4380
1248506,3954
1248571,3921
1248736,3957
1248858,3939
1248972,3998
1248994,3966
1249184,4549
1249362,4825
1249468,4794
1249491,5109
1249648,4980
1249880,5044
1250851,4563
1251125,4217
1251167,4299
1251332,4315
1251453,4243
1251651,4095
1251902,4617
1252147,4195
1253000,3389
1253037,3414
1253134,4480
1253172,3957
1253191,4331
1253307,3537
1253444,4592
1253604,4381
1253746,4117
1253880,4500
1253997,4356
1254230,4292
1254438,4223
1254460,4267
1254641,4174
1255025,4291
1255144,4024
1256005,3947
1256127,4031
1256167,4241
1256550,3813
1256740,3816
1256925,4239
1257504,3923
1257663,3812
1257680,3909
1258959,2962
1259034,3395
1259104,3378
1259205,3343
1259439,3337
1259463,3604
1259548,3624
1259639,3737
1259980,4290
1260109,4695
1260244,4334
1260460,3926
1260599,3837
1260751,4227
1260901,4170
1261104,4099
1262444,3150
1262676,3372
1262783,3466
1262867,3934
1262946,3738
1263119,3384
1263223,3949
1263369,3751
1263429,3889
1263517,4011
1263653,3926
1263819,4420
1263865,4530
1263992,4503
1264033,5033
1264109,4960
1264649,4984
1265818,3491
1266036,3446
1266280,3254
1266517,3108
1266697,3078
1266881,3809
1267042,4110
1267145,3695
1267221,3723
1267369,3912
1267433,4210
1267565,4139
1267615,4220
1268562,4324
1268712,3619
1268891,3897
1269138,3811
1269375,3624
1269496,3637
1269610,3439
1269671,3527
1269811,3656
1269837,3859
1269962,3869
1270136,4128
1270275,4054
1270361,4055
1270513,4097
1270551,4452
1270671,4125
1270730,4382
1271885,3782
1271957,3606
1272155,3883
1272376,3730
1272614,3427
1272701,4132
1272915,4020
1273073,4087
1273155,3853
1273303,3989
1273481,3956
1274415,3460
1274457,3570
1274632,3735
1274808,3613
1274939,3666
1275282,3497
1275494,4443
1275714,3992
1275874,4193
1275916,3842
1276053,3819
1276164,4017
1276271,4144
1276289,4219
1276423,4194
1277605,3431
1277634,3697
1277772,3617
1277902,3835
1278060,3491
1278443,3708
1278587,3793
1278738,4252
1278811,4443
1278867,4878
1278950,4516
1278997,4674
1279235,4675
1279259,4895
1279408,4752
1279925,4310
1280242,4101
1281151,3672
1281221,3439
1281420,3291
1281578,3182
1281598,3949
1281778,3899
1281824,4544
1281973,4448
1282016,4767
1282176,4807
1282327,4728
1282447,4269
1282570,4350
1282705,4405
1282876,4483
1283047,4642
1284375,3894
1284402,3965
1284507,3949
1284563,4061
1284703,3976
1284860,3869
1284917,3894
1284987,4007
1285041,4627
1285120,4630
1285183,4081
1285378,3966
1285716,4206
1285895,4274
1286039,4823
1286335,4287
1286584,4097
1286831,4442
1286967,4198
1287196,4158
1287212,4211
1287379,4158
1288812,3140
1288905,3335
1289039,3999
1289062,3432
1289421,3549
1289571,3603
1289761,3945
1289951,3965
1290152,5326
1290284,5625
1290442,4208
1291610,3351
1291767,3301
1291792,4249
1291946,4046
1292058,3265
1292307,3224
1292378,3759
1292569,3584
1292728,3705
1292777,3771
1292850,4026
1292982,3947
1293114,4058
1293153,3826
1293196,3698
1293293,3737
1293368,3883
1293530,3908
1293578,4089
1294780,3266
1297861,3131
1297900,3699
1298169,3875
1298196,3427
1298330,5000
1298462,3486
1298623,3797
1299129,4305
1299621,4888
1299769,6429
1299797,4067
1299867,6553
1299996,4459
1300018,4513
1300209,4040
1300242,6112
1300300,6223
1300344,6245
1300365,4375
1300582,5121
1300668,5358
1300812,5392
1300970,5576
1301110,5490
1301283,7704
1301408,7538
1301495,7548
1301632,7603
1301773,7519
1301865,7510
1302100,7308
1302113,7407
1302222,7411
1302260,7568
1302361,7742
1302583,7374
1302713,7300
1302850,9388
1302992,9236
1303133,9196
1303258,9238
1303829,8738
1303921,8697
1304023,8683
1304100,8871
1304280,8630
1304304,8718
1304462,8649
1304585,9043
1304585,8731
1304735,8958
1304872,8886
1304991,8767
1305703,9836
1305859,9788
1305884,9682
1306042,9634
1306249,9607
1306413,9354
1306652,9211
1306708,9267
1306811,9239
1306830,9479
1306954,9409
1306994,9366
1307301,9115
1307602,8931
1307627,9060
1307791,8977
1307939,8889
1307982,8924
1308411,8751
1308434,8669
1309025,8988
1309196,8982
1309431,8783
1309605,8756
1309686,8774
1309917,8657
1310130,8781
1310226,8795
1310655,8304
1310710,8406
1310884,8293
1311287,7982
1311311,8101
1311458,8068
1311488,8207
1311671,8196
1311805,8197
1311986,8132
1312182,8051
1312301,8039
1312513,7954
1312676,7916
1312984,7739
1313151,7688
1313181,7773
1313852,7222
1314341,6849
1314474,6840
1314587,6847
1314754,6796
1314795,6889
1314965,7612
1314989,10186
1315192,11024
1315350,10794
1323154,3149
1323335,3108
1323504,3029
1323650,3036
1323884,3294
1324324,3825
1324461,3454
1324643,3415
1324805,3362
1324969,3034
1325141,3124
1325263,3122
1325315,3178
1325426,3250
1325473,3350
1325593,3281
1325625,3547
1325750,3479
1325921,3642
1326380,3483
1326537,3439
1326680,3361
1326816,3760
1326877,5905
1326936,3979
1327343,5645
1327596,5292
1327742,5093
1328639,3805
1328828,4155
1328989,3942
1329050,3889
1329281,4159
1329391,4124
1329522,4194
1329612,3957
1329692,4088
1329859,4200
1330122,4066
1330173,4106
1330395,4165
1330713,4135
1330990,5026
1331162,3833
1331328,3792
1331445,3739
1331494,4003
1331609,4123
1331645,4133
1331761,5041
1331809,5034
1331961,4829
1332337,4594
1332520,4492
1333120,3937
1333275,3925
1333298,4039
1333760,3656
1333851,4307
1333983,4238
1334112,4218
1334234,4212
1334318,4330
1335230,5467
1335382,4646
1335481,5236
1335658,4831
1335796,4178
1335844,4505
1336146,4644
1337449,3237
1337563,3198
1337607,3232
1337763,3454
1337914,3747
1338034,3299
1338179,3573
1338262,4146
1338461,3502
1338547,4000
1338672,3824
1338696,3986
1338848,4020
1339014,3898
1339045,4110
1339552,4024
1339746,3768
1341245,3911
1341421,3392
1342131,3588
1342198,4621
1342356,4372
1342517,4498
1342596,3936
1342708,4342
1342751,4194
1343954,3519
1344364,3162
1344385,3351
1344511,3339
1344534,3508
1344581,4202
1344633,3386
1344775,3866
1344875,3500
1345052,3949
1345180,3872
1345322,3828
1345346,4048
1345440,4348
1345539,4485
1345553,4690
1345795,4509
1345833,4480
1346307,4465
1346544,4450
1346687,4524
1347822,5963
1347871,5161
1348136,5238
1348276,5470
1348834,3653
1349002,4806
1349102,4846
1349221,4787
1349239,4340
1349393,4239
1349523,4158
1349551,4522
1349637,4226
1349689,4497
1349817,4377
1350037,4639
1350709,4070
1350816,3955
1351035,3955
1351053,5438
1351126,4672
1351251,5931
1351327,4166
1351673,3895
1351866,3812
1352034,3982
1352217,4023
1352578,3742
1352787,3878
1352841,3984
1353176,3932
1353315,4656
1353416,4656
1353882,4458
1354037,4767
1354232,4365
1354275,4669
1354422,4574
1354658,4388
1354836,4381
1355005,4297
1355711,4207
1356287,4232
1356493,3647
1356523,3878
1356685,3918
1356854,3967
1356913,4398
1356973,4135
1357150,4026
1357220,4316
1357334,4551
1357486,4586
1357711,5161
1359571,3973
1359824,5149
1359951,5207
1359958,5069
1360231,4705
1360383,4724
1360646,5267
1360652,4810
1360695,4947
1360823,4894
1360879,4975
1361057,5156
1361391,4758
1361419,4855
1361585,4788
1361722,4697
1361825,4746
1361899,4739
1361968,4887
1362118,4790
1362131,5050
1362318,5003
1362383,5459
1362696,5444
1362831,5542
1362939,5590
1363177,5680
1363318,5729
1363456,6049
1363579,5875
1363721,6814
1363758,5738
1363783,5843
1363853,5984
1363935,5912
1364011,5973
1365722,6708
1365886,6866
1365952,5536
1366132,5455
1366275,5423
1366410,5371
1366455,6581
1366599,5903
1366696,5765
1366750,6053
1366885,5719
1366997,5974
1367124,5768
1367417,5752
1367595,5765
1367805,5929
1367886,5692
1367964,5706
1369065,4902
1369131,4691
1369489,4560
1369645,4512
1369660,4609
1369861,4534
1370742,4450
1370921,4374
1371160,4560
1371314,4480
1371546,5166
1371722,5098
1371883,5113
1372045,4900
1372701,4360
1373949,3531
1374095,3520
1374218,4212
1374360,3696
1374436,3934
1374548,3695
1374719,5040
1374888,4984
1375034,4994
1375139,4797
1375307,4544
1375340,4465
1375512,5153
1375597,5906
1375889,5108
1376124,5024
1376269,4993
1376502,4814
1377212,4655
1377255,4365
1377320,4049
1377494,4054
1377637,5471
1377672,3928
1377692,3981
1377811,4581
1377846,4792
1378020,4882
1378172,5091
1378400,4916
1378479,4707
1378604,5001
1378613,5347
1378736,5170
1378761,5264
1378883,5214
1378884,5264
1379021,5251
1381806,3397
1382055,3776
1382228,4218
1382470,3820
1382528,3865
1382713,5010
1382918,4436
1383046,4409
1383440,5131
1383626,5199
1383750,5014
1383811,4785
1383963,4685
1384149,4393
1384195,4795
1384369,4637
1384392,4307
1384513,4674
1384530,4521
1384667,4459
1384698,4570
1385622,4119
1385697,3975
1385882,3910
1385905,4010
1386030,4668
1386043,4205
1386065,4586
1386224,4523
1386318,4854
1387486,3475
1387640,3586
1387816,4379
1387972,4277
1388396,4439
1388603,4435
1388820,4198
1389066,4064
1389235,3716
1389386,4441
1389450,4561
1390222,3930
1390292,4096
1390326,4000
1390463,4809
1390606,4718
1390743,4630
1390793,4799
1390876,4738
1391076,4694
1391117,4583
1391349,5176
1391641,5259
1393067,4517
1393248,3505
1393284,3517
1393435,3583
1393606,3908
1393655,4123
1393773,3975
1393840,3993
1393952,4411
1394140,4421
1394165,4445
1394281,4428
1394460,4276
1394601,4598
1394742,5301
1394889,4660
1395007,5181
1395455,4921
1395733,4220
1395829,4284
1396355,4204
1396567,4044
1396621,4493
1396773,4398
1396843,4380
1396948,4325
1397101,4121
1397154,4424
1398224,3816
1398407,4184
1398561,3909
1398780,3809
1398818,3705
1398976,4631
1400525,3970
1400693,4012
1400841,3927
1401282,3264
1401460,3431
1401610,3086
1401804,3646
1401872,3485
1401931,3723
1402136,3726
1402258,4024
1402305,4193
1402406,3929
1402841,3845
1402986,3755
1403075,3553
1403279,3550
1403448,3619
1403569,3612
1403881,3418
1404010,3460
1404014,4245
1404562,3150
1404721,3046
1404931,3084
1405147,3846
1405286,3773
1405415,4102
1405480,4419
1405541,4053
1406042,4271
1406112,4114
1406254,5220
1407795,3736
1407818,3717
1408002,3595
1408066,3537
1408128,3351
1408301,3365
1408373,3212
1408509,3184
1408593,3231
1408685,3651
1408835,3596
1409069,3470
1409141,3654
1409265,3622
1409350,3835
1411903,3026
1412040,3720
1412165,3401
1412503,3307
1412840,3378
1412991,3412
1413038,3443
1413303,3371
1413326,3523
1413470,3584
1413614,3888
1413653,3513
1413734,3489
1413777,3558
1413911,3782
1413971,3961
1414146,3903
1414404,4113
1414466,3573
1414632,3526
1414808,3464
1414949,3634
1415505,3878
1415814,3762
1415877,3841
1415915,3887
1416015,3857
1416031,4282
1416173,3982
1416316,4113
1416449,4073
1417730,4010
1417762,4447
1417892,4162
1418116,4573
1418212,4704
1418245,4503
1418360,4440
1418457,4523
1418651,4199
1418978,4158
1419190,4017
1420594,3167
1420617,3230
1420757,3256
1420807,3365
1420966,4434
1420988,3443
1421183,3316
1421370,3597
1421441,4011
1421493,3084
1421971,4064
1422250,3905
1422407,3800
1422549,3756
1422726,3653
1422956,3704
1423169,3828
1423252,3852
1423392,3978
1424575,3006
1424726,3832
1424764,3680
1424819,3686
1424936,3723
1425049,3659
1425059,3741
1425159,3450
1425569,3188
1426102,4095
1426338,3360
1426483,3711
1426508,3966
1426661,3905
1426832,3589
1426894,3733
1427145,3555
1428450,3046
1428632,2956
1428810,2881
1428842,2924
1428987,2987
1429011,3670
1429147,3103
1429178,4082
1429277,3395
1429441,3514
1429798,3554
1430012,3426
1430364,3597
1430534,3353
1430671,3470
1430729,3630
1430897,3580
1432028,3376
1432311,3291
1432461,3357
1432691,3256
1433012,3035
1433071,3233
1433258,3435
1433464,3463
1433651,3779
1433690,3677
1433812,3838
1433951,3950
1434039,4132
1434156,4327
1434224,4567
1434297,3946
1434386,3910
1434512,3869
1434687,3948
1434926,4185
1435124,4078
1435963,3361
1436119,3313
1436175,3352
1436330,3310
1436361,3375
1436536,3300
1436712,3243
1436732,3326
1436908,3599
1437164,4062
1437294,4068
1437452,4104
1437489,4174
1437580,4359
1437706,4129
1440949,3863
1442747,2866
1442951,3028
1442959,3298
1443150,3161
1443159,3432
1443316,3264
1443487,3193
1443647,3383
1443818,3353
1443832,3365
1443978,3298
1444002,3500
1444180,3406
1444339,3483
1444492,3381
1444645,3326
1444932,3390
1445431,3064
1445474,3214
1445603,3241
1445736,3423
1445853,3899
1445980,3749
1446335,3653
1446574,3500
1446887,3848
1447538,3486
1447619,3676
1447783,3713
1448116,3501
1448701,3206
1448875,3850
1449022,3223
1449066,3605
1449104,3491
1449281,3429
1449528,3377
1450199,3201
1450219,3368
1450376,3332
1450483,3338
1450787,3085
1450845,3263
1450946,3197
1451104,3191
1451557,3122
1451713,3105
1451738,3205
1451903,3501
1452027,3515
1452364,3393
1452957,3914
1452992,3603
1453059,3667
1453752,3168
1453948,3404
1455013,3024
1455139,2805
1455504,2871
1455581,3574
1455805,2936
1455837,3377
1455991,3546
1456012,3134
1456135,3305
1456555,3194
1456756,3109
1456897,3118
1456972,3928
1457058,3372
1457064,3978
1457261,3728
1457411,3541
1458050,3153
1458235,3176
1458391,3131
1458727,3089
1458856,3844
1458981,3974
1459105,3911
1459701,3389
1459891,3254
1460035,3564
1460066,4511
1460111,3556
1460242,3486
1460660,3401
1461412,3040
1461616,4105
1461635,3146
1461702,3452
1461862,3759
1461908,3820
1461996,3677
1462047,4001
1462149,3636
1462286,3603
1462907,3267
1463590,2936
1463755,3028
1463896,3097
1463956,3440
1464139,3491
1464293,3417
1464412,3597
1464609,3779
1464643,3857
1464832,3772
1465174,3780
1466143,3055
1466314,3105
1466365,3320
1466511,3456
1466602,3598
1466720,3424
1466869,3732
1467009,3546
1467032,3738
1467133,3540
1467229,3610
1467432,4071
1467735,3703
1467786,3871
1467961,3995
1468104,3788
1468671,3348
1468848,3221
1469167,3702
1469237,3305
1469322,3211
1469457,3222
1469775,3206
1469951,3790
1470689,4935
1470839,5621
1471014,5555
1471018,3970
1471487,3459
1471535,5112
1471677,5064
1471721,5061
1471820,5124
1472029,4826
1472363,4509
1472574,4483
1473555,3625
1473829,3460
1474035,3738
1474224,3461
1474229,3258
1474399,3483
1474463,3717
1474510,3814
1474555,3980
1474609,4798
1474661,5107
1474711,5189
1474773,6325
1475074,5455
1475150,5180
1475637,3527
1475800,3679
1475959,4109
1477872,3324
1478031,3317
1478404,3256
1478494,3216
1478762,3276
1478787,3452
1478939,3886
1478963,3708
1479060,3701
1479239,3668
1479421,3541
1479807,3475
1479948,3416
1480101,3437
1480481,3251
1480646,3367
1480787,3910
1480923,3971
1480969,3770
1481133,3698
1481372,3753
1481847,3343
1481870,3415
1482053,3348
1483057,4577
1483486,3670
1483580,3428
1483755,3305
1483844,3913
1483910,3775
1484096,3711
1484233,3624
1484476,3803
1485502,3039
1485654,2980
1485671,3230
1485871,3629
1485992,3611
1486232,4064
1486326,4928
1486620,3129
1486784,3406
1487211,3452
1487359,3374
1487479,3304
1487756,3551
1487935,3554
1488565,3167
1488733,3291
1488751,3437
1488895,3663
1488966,4185
1489111,3512
1489237,3436
1489353,3374
1489465,3538
1489760,3442
1489887,3614
1490405,3557
1490864,3753
1490935,3895
1491007,3704
1491061,3996
1491193,4353
1491327,4329
1491400,3808
1491553,4163
1491712,3883
1492317,3732
1492449,3707
1492609,3624
1492810,4066
1492840,4103
1492995,4019
1493129,4198
1493269,4108
1493344,4533
1493368,4253
1493513,4160
1494010,4243
1494336,4071
1494444,4154
1494964,4103
1495386,3754
1495551,3641
1495725,3541
1496425,4040
1496463,3649
1496597,4121
1496695,3993
1496773,3913
1497134,4145
1497154,4044
1497436,3894
1497560,5121
1497728,4271
1497867,4080
1498021,4788
1498794,3887
1498900,4505
1498943,3920
1499144,3774
1499290,3781
1499470,3895
1499635,4025
1499806,3908
1500017,3682
1500182,3970
1500231,4034
1500256,3676
1500960,3574
1501113,3489
1501443,3626
1501468,3719
1501595,3769
1501780,3879
1501800,3793
1502028,4402
1502055,4799
1502509,4093
1502805,3844
1502947,3751
1503337,4227
1503478,4272
1504592,3210
1504616,3234
1504749,3672
1504902,3581
1504968,3659
1505220,3582
1505392,3658
1505418,3976
1505536,3760
1505667,3773
1507506,2823
1507678,2926
1507878,2807
1508047,3526
1508131,3482
1508132,3388
1508345,3713
1508639,3641
1509130,3461
1509511,3347
1509671,3564
1509817,3531
1509983,3514
1510362,3428
1510484,3371
1510694,3425
1510824,3525
1510943,3508
1511063,3709
1511350,3498
1511644,3503
1511755,3686
1511896,3880
1511949,3566
1512109,3784
1512310,3670
1512423,3797
1512434,3854
1512594,4057
1512604,4113
1512886,3950
1513073,3816
1513244,3825
1513378,3923
1513575,3997
1513753,3756
1514509,3911
1514534,3936
1514640,4214
1514770,4016
1514902,4148
1514936,4483
1515003,4405
1515583,3898
1515809,4020
1516025,3860
1516864,3406
1517046,3346
1517127,3647
1517238,3684
1517343,3962
1517380,4227
1517518,4199
1517678,4138
1517819,5462
1517998,4688
1518310,4918
1518494,4893
1518513,4805
1518667,4262
1518878,4644
1519917,3872
1519926,3523
1520103,3577
1520142,3694
1520287,3611
1520422,3808
1520568,4039
1520608,4081
1520736,4112
1520803,4262
1520979,4180
1521107,4256
1521183,4227
1522219,3765
1522378,3660
1522561,3718
1522759,3910
1522983,3870
1523444,3501
1523563,3682
1523604,3880
1523624,4349
1523760,4301
1523830,4446
1523995,3357
1525147,3392
1525172,3534
1525335,3662
1525967,3999
1526137,4309
1526172,3595
1526357,4246
1526500,4032
1526536,4169
1526656,3999
1526682,4186
1526782,3972
1526970,3833
1527117,3803
1527125,3898
1528068,3977
1528131,3540
1528280,3441
1528308,3486
1528453,3698
1528589,4147
1528614,4582
1528737,4562
1528837,4212
1528961,4543
1529938,3618
1530198,3711
1530364,3620
1530565,3753
1530723,4056
1530880,3961
1531038,3771
1531455,3817
1531496,3813
1531564,3830
1532193,3549
1532338,3412
1532423,3425
1532550,3402
1532775,3385
1532939,3564
1533157,3418
1533339,3487
1533366,3827
1533592,3742
1533605,4253
1533803,4034
1533928,3962
1534034,3877
1534042,3952
1534548,3723
1534837,3570
1536032,3282
1536175,2991
1536485,3861
1536560,2913
1536646,3371
1536886,3675
1537051,4839
1537114,4026
1537285,4047
1537566,4422
1537698,4418
1538919,3889
1539491,3416
1539513,3677
1539626,3667
1539678,3706
1539829,4186
1540038,4112
1540127,4415
1540175,4029
1540255,4357
1540361,4010
1540399,4280
1540473,4149
1540619,4316
1540667,4450
1540788,4403
1540938,4308
1540983,4471
1541114,4707
1541162,4844
1541196,4415
1541372,4696
1542298,4247
1542475,4359
1542583,4097
1542637,4245
1542772,4274
1542991,4371
1543181,4787
1543505,4605
1543698,4464
1543850,4909
1544710,4159
1545117,4091
1545276,4081
1545405,4252
1545508,4091
1545658,4097
1545706,4209
1545833,4454
1545851,4423
1546000,4327
1546128,4508
1546345,4985
1546368,5053
1546447,5087
1546584,5120
1546719,5681
1546857,5631
1546992,5551
1547351,5313
1547967,4780
1548162,4688
1549482,4501
1549725,4542
1549883,4361
1550022,4334
1550103,4441
1550355,4573
1550476,5065
1550481,4495
1550667,4933
1550690,4983
1550867,4904
1550917,4906
1551163,4777
1551364,4809
1551547,4589
1551564,4676
1551691,5339
1551745,5058
1551807,5079
1551918,5266
1552027,5045
1552185,5563
1552522,5676
1553194,5225
1553235,5115
1553323,5143
1553483,4987
1553511,5162
1553638,5247
1555062,4669
1555373,4185
1555627,4340
1555781,4262
1555923,4232
1555987,4231
1556203,4119
1556279,4119
1556302,4244
1556443,4323
1556721,4606
1556852,4785
1556898,4732
1557431,4262
1557461,4298
1557592,4373
1557619,4412
1557771,4539
1557909,4718
1558031,5318
1558138,5786
1558297,5134
1558638,4849
1560478,3908
1560580,3848
1560824,3968
1560875,3690
1561464,3653
1561686,3483
1561808,3503
1561818,3779
1561978,3565
1562103,4676
1562109,4386
1562265,4313
1562415,4296
1562454,4526
1562618,4309
1562681,4427
1562739,4293
1562872,4145
1562890,4267
1563131,4607
1563387,4516
1563546,4501
1563792,4383
1563964,4193
1566049,3956
1566152,3724
1566412,3865
1566611,4267
1566763,4238
1566815,4713
1567057,4304
1567128,4286
1568190,3393
1568373,3261
1568563,3279
1568730,3214
1568742,3407
1568881,3313
1568912,3690
1569053,3488
1569124,3587
1569213,3493
1569251,3536
1569542,3475
1569688,4072
1570040,3773
1570274,3407
1570463,3422
1570605,3914
1570717,3770
1570746,3827
1571024,4286
1571124,4087
1572284,4018
1572393,4037
1572408,4333
1572739,4034
1572830,3991
1572896,4275
1573113,4117
1573245,4225
1573376,4147
1573519,5108
1573989,4194
1574158,4242
1574187,4502
1574320,4500
1574354,4609
1574568,4827
1574655,4723
1575577,3891
1575719,3816
1575947,4490
1576135,4408
1576292,4200
1576410,3973
1576630,4864
1576773,3904
1576935,3822
1577231,4356
1577302,4520
1577418,4364
1577545,4372
1577569,4584
1577687,4540
1577721,4581
1578887,3881
1579267,3621
1579395,3908
1579511,4078
1579628,4479
1579631,4412
1579744,4281
1579782,4452
1579861,4299
1579928,4444
1579977,4303
1580068,4357
1580105,4227
1580221,4662
1580264,4676
1580925,4362
1581233,4251
1581357,4320
1582638,3169
1582699,3288
1582930,3129
1582985,3339
1583135,3261
1583425,3913
1583662,3730
1583859,3852
1584195,4295
1584444,3702
1584587,3671
1584726,3781
1584918,3852
1585025,4031
1586589,3260
1586749,3160
1586932,4776
1586960,3922
1587374,3244
1587442,5022
1587551,3851
1587777,4382
1587824,3529
1587842,6837
1588019,5491
1588070,5643
1588109,5788
1588138,5482
1588178,5976
1588198,4577
1588226,6042
1588266,5783
1588344,6679
1588550,6373
1588933,6267
1589057,5732
1590272,4228
1590448,3917
1590712,3100
1591799,6081
1591979,6030
1592143,6084
1592263,6295
1592300,6472
1592438,6964
1592540,7173
1592604,7049
1592702,7064
1592866,6969
1592873,7071
1593033,7399
1593046,6889
1593189,7129
1593196,7426
1593260,7516
1593313,7361
1593345,7027
1593380,7454
1593428,7516
1593473,7548
1593521,7611
1593577,7497
1595184,6113
1595368,6019
1595388,6134
1595550,6123
1595714,6022
1595941,5923
1596163,5827
1596235,5923
1596325,5900
1596402,6011
1596488,6062
1596561,6105
1596720,6061
1596875,6008
1597046,6202
1597161,5842
1597169,5989
1597396,5981
1597554,6126
1597716,6068
1598344,5557
1598516,7317
1598607,8323
1598661,8535
1598782,8733
1598936,9138
1599073,8876
1599372,8641
1599434,8880
1599552,8953
1599869,8730
1600016,8780
1600983,7760
1604928,4353
1605157,3807
1605180,4153
1605332,4196
1605361,4346
1605494,4769
1605525,4835
1605647,4689
1605687,4875
1605881,4781
1605994,4837
1606601,4113
1606768,3995
1607330,3537
1607543,3621
1607702,3901
1607962,3705
1608325,4332
1608429,4181
1608550,4314
1608737,4179
1608992,4149
1609199,4412
1609727,4282
1609855,4207
1610005,4129
1610202,4151
1610961,3469
1611165,3367
1611284,4390
1611307,3741
1611347,4079
1611377,4481
1611410,4327
1611503,3414
1611986,3821
1612207,4156
1612304,4151
1612826,3682
1612973,3536
1613110,3482
1613546,3190
1613679,3162
1613958,3037
1614162,3578
1614181,3651
1614332,3612
1614479,3702
1614608,4311
1614622,4021
1615486,4018
1615506,4464
1615660,4344
1615807,4010
1615907,4410
1615925,4502
1616667,3874
1616804,3673
1617612,3492
1618272,2888
1618454,2774
1618719,3015
1619053,3710
1620042,3599
1620339,2932
1620520,2974
1620592,3152
1620833,3740
1620871,4466
1620926,4736
1620944,5061
1621043,3186
1621233,2966
1621267,3090
1621412,3811
1621509,4860
1621530,4755
1621569,2889
1621724,3136
1621983,3914
1622146,3125
1622278,3162
1622427,3064
1622603,3140
1623609,3014
1623884,3223
1623940,3370
1626103,3059
1626167,2870
1626387,3030
1626478,3155
1626548,3132
1626671,3506
1626846,3320
1626868,3665
1627234,3376
1627465,4855
1627497,3169
1627527,3305
1627653,3868
1627886,4642
1627916,4484
1628188,4487
1628276,3931
1628338,4285
1628637,4090
1628975,4496
1629139,4081
1629207,4144
1629420,4043
1629431,4082
1629867,4274
1629912,4138
1630070,5305
1630107,4085
1630256,4781
1630307,5361
1630535,5116
1630689,5064
1630718,5292
1630855,5492
1630971,5417
1631145,5073
1631671,4901
1631861,4797
1632023,4692
1632188,4879
1632657,4520
1632840,4306
1632892,4468
1633035,4855
1633353,4671
1633527,4248
1633708,4405
1633814,4305
1633856,4599
1634003,4594
1634255,4410
1634380,4771
1634662,4656
1635147,4217
1635409,4006
1635484,4325
1635730,4414
1636459,4170
1636638,4041
1636871,3885
1637011,3800
1637349,4263
1637442,4347
1637586,4249
1637609,4428
1638021,4097
1638233,3959
1638734,3687
1639296,3267
1639457,3501
1639481,4132
1639609,3401
1639627,3727
1639755,3535
1639841,3725
1640442,3443
1640466,3540
1640614,3830
1640760,3661
1640857,3680
1640889,3471
1641155,3406
1641334,3297
1641544,4072
1641735,5434
1641874,5872
1641902,4674
1642729,4796
1642751,4896
1642922,4621
1643060,4986
1643123,4649
1643681,6662
1643701,6218
1643845,6210
1643934,6040
1644033,6318
1644370,5962
1645427,4405
1645697,4585
1645883,4516
1646042,4188
1646153,4294
1646186,5080
1646202,4294
1646323,5074
1646446,6862
1646558,7637
1646685,7664
1646803,7663
1646927,7780
1647043,8192
1647146,7512
1647230,3496
1647242,7598
1647302,7613
1647350,7805
1648130,3432
1648318,4350
1648482,4338
1648635,4281
1648788,3781
1648951,3765
1649145,3929
1649296,4966
1649454,4858
1649610,4866
1651071,5054
1651625,4747
1651840,4465
1652072,4256
1652368,4080
1652521,4157
1652658,4096
1652875,4747
1652945,5226
1653102,5174
1653141,6062
1653284,6420
1653403,6218
1653404,7123
1653530,6370
1653552,6205
1653670,6660
1653808,6208
1653856,6005
1653997,6516
1654010,6053
1655664,4854
1655885,4532
1655925,4544
1655952,4704
1656158,4579
1656374,4312
1656512,4272
1657175,3677
1657333,3707
1657420,3642
1657590,3579
1657658,3683
1657970,5890
1658150,4229
1658345,4668
1658503,4698
1658660,4810
1658812,4328
1658986,4929
1659335,5034
1659499,5031
1661209,3611
1661448,3604
1661589,3560
1661731,3654
1661906,4242
1662126,3944
1662290,3688
1662425,3965
1662478,3859
1662585,3989
1662754,3887
1662927,3984
1663130,4716
1663295,4464
1663347,4316
1663478,4097
1663680,4225
1663696,4076
1664293,3732
1664600,3454
1664629,3327
1664782,3592
1664877,3449
1665494,2932
1665696,3651
1665795,3600
1665861,4260
1666048,4122
1666544,3478
1666992,3746
1667211,5130
1667375,5019
1667541,4942
1667835,3912
1668435,3415
1668939,3061
1670832,2944
1671017,3529
1671188,2870
1671355,3296
1671577,3271
1671607,3430
1671952,3075
1672599,3068
1672749,2973
1672891,3176
1673024,3538
1673177,3334
1673317,3792
1673480,3866
1673934,3359
1674311,3235
1674368,3289
1674783,3517
1674798,3221
1674885,3354
1675026,3619
1675368,3800
1675389,3833
1675503,4316
1675528,3899
1675669,4002
1675760,5012
1675813,4258
1675915,4628
1676405,4016
1676609,3893
1676635,4378
1676820,3867
1677301,3500
1677481,3550
1677625,4128
1677767,3485
1677911,3417
1678050,3375
1678322,3506
1678358,3274
1678481,3728
1678753,3506
1678986,4435
1679130,4041
1679505,3417
1679901,4052
1680253,3753
1681959,3180
1682037,3178
1682203,3308
1682347,3203
1682386,3116
1682516,3341
1682759,3299
1682903,3877
1683043,4020
1683208,3465
1683259,3628
1683489,3668
1683540,3718
1683682,3668
1683726,3888
1683802,4504
1683864,4626
1683996,3967
1684065,4106
1684240,4447
1684403,4493
1684423,3985
1684548,4406
1685180,3924
1685347,3685
1685372,3820
1685611,4238
1685690,4412
1685889,4126
1685914,4224
1686061,4678
1686119,4566
1686352,4436
1686551,4289
1687453,4738
1687712,4966
1687872,4984
1687903,4898
1687975,4766
1688124,4787
1688526,4441
1688731,4334
1688776,4649
1688993,4023
1689159,4731
1689229,4248
1690200,3747
1690357,3687
1690391,3830
1690504,4392
1690525,4282
1690929,4229
1691156,4011
1691297,4018
1691353,3857
1691416,3951
1691501,4079
1691530,4117
1692740,3680
1692903,3466
1693071,3448
1693252,3218
1693338,3414
1693491,3370
1693605,3194
1693707,3935
1693756,4103
1693897,4258
1694029,4253
1694259,4520
1694512,4323
1694922,4005
1695947,3340
1695969,3570
1696180,3635
1696559,3508
1696709,4459
1696762,4919
1696890,4550
1696919,3383
1696998,3788
1697273,3001
1697676,3843
1697700,4007
1697847,3798
1698043,4247
1698223,4122
1698389,4012
1698569,3923
1699868,3572
1699897,3370
1700008,3379
1700130,3725
1700342,4500
1700439,3491
1700605,3786
1700771,3837
1700974,3766
1701169,4266
1701251,4057
1701456,4192
1701742,3968
1701767,4009
1701867,4012
1701902,4094
1702044,4194
1702905,3474
1702922,3644
1703098,3659
1703210,3645
1703458,3539
1703494,3630
1703585,4414
1703700,3777
1703989,3695
1704168,3633
1704599,3540
1704791,3593
1704940,3732
1704958,3871
1705464,4087
1705496,3888
1705638,3807
1706905,5065
1707025,3580
1707166,3637
1707313,3500
1707353,3717
1707512,3909
1707700,4405
1707725,5000
1707761,4955
1707829,4059
1707974,4007
1708175,4076
1708666,3719
1708726,4012
1708952,3854
1709310,3619
1710274,2939
1710434,3404
1710456,4093
1710629,4083
1710648,3527
1711214,3479
1711523,3903
1711721,3626
1712498,3350
1713321,3262
1713479,3155
1713921,3641
1713972,3509
1714113,4348
1714166,4181
1714203,4200
1714284,3759
1714303,4204
1714843,3986
1714879,3974
1715047,4105
1715115,4207
1715239,4136
1715374,4055
1715516,4006
1715544,4268
1715606,4119
1715849,4329
1716114,4300
1716129,4174
1716396,4302
1716420,4546
1716575,4287
1716696,4270
1716799,4301
1716837,4346
1716982,4901
1717219,4812
1717396,4737
1717592,4615
1717726,4605
1717873,4826
1717913,4949
1718012,4970
1718180,4867
1719295,5142
1719443,5094
1719665,4970
1719859,4612
1719993,4404
1720030,4800
1720509,4547
1720790,4872
1721033,4710
1721215,4085
1721368,4452
1722631,3299
1722666,3261
1722793,3076
1722996,3061
1723179,2984
1723186,3225
1723407,2942
1723587,2949
1723738,3659
1723862,3598
1724265,3301
1724473,3920
1724665,3781
1724681,3880
1724848,3768
1726654,2919
1726703,3035
1726867,3060
1727018,3323
1727058,3478
1727206,3390
1727210,3294
1727479,3553
1727628,3678
1727795,3565
1727945,3471
1728123,3575
1728247,3603
1728398,3606
1728523,3750
1728671,4282
1728779,3782
1728817,3858
1728857,3907
1729004,4391
1729396,4086
1729527,4024
1730827,3129
1731116,3088
1731132,3216
1731280,3212
1731398,3255
1731536,4009
1731677,4179
1731811,4137
1731925,4355
1732052,4617
1732140,4241
1732286,4249
1732461,4624
1732583,5124
1733193,4772
1735676,3522
1736025,3448
1736164,3515
1736396,3363
1736763,3515
1736913,3805
1737444,3329
1737474,3522
1737620,3550
1738017,3314
1738061,3436
1738468,3188
1738609,3905
1738636,3197
1738708,3753
1738787,3702
1738814,3537
1739065,3588
1739310,3253
1739518,3678
1739689,3559
1739822,3475
1739961,3386
1740112,3572
1740305,3530
1740446,3453
1740592,3456
1740726,3438
1740842,4012
1741054,3732
1742504,2808
1742669,3005
1742831,3196
1742980,3223
1743238,3185
1744010,3701
1744131,3187
1744227,3829
1744420,3342
1744771,3219
1744995,3984
1745041,3650
1745463,3568
1745509,3350
1745686,3474
1746543,3254
1746750,3394
1746927,3811
1746950,3600
1747137,3932
1747170,3834
1747314,3847
1747407,3893
1747553,4073
1747601,3972
1747718,4222
1747833,4192
1747844,4357
1747987,4451
1748524,4530
1748578,5056
1748704,4573
1748706,5033
1748820,4868
1748909,4755
1749054,4917
1749201,4616
1749453,4578
1750202,4231
1750225,4278
1750566,4315
1750610,4185
1750778,4289
1750960,4191
1751141,4405
1751289,4434
1751342,4465
1751413,4486
1751916,4585
1752070,4506
1752231,4426
1752323,5356
1752552,5179
1752690,5092
1752877,5002
1753085,4746
1754256,3809
1754320,3846
1754592,4120
1754856,3807
1755007,3799
1755199,3853
1755339,4029
1755373,3921
1755559,4596
1756133,4074
1756171,3679
1756240,3711
1756777,3666
1756922,3590
1757061,3598
1757187,3616
1757352,3627
1757512,3645
1757538,3677
1758214,3371
1758386,3400
1758541,3493
1758775,3705
1758889,3398
1758927,3768
1759106,3734
1759244,3606
1759437,3348
1759635,3690
1759983,3509
1760237,3525
1761024,3218
1761187,3165
1761263,3346
1761421,3320
1761623,3067
1762059,2992
1762516,3333
1762542,3358
1762684,3266
1762877,4008
1762899,3643
1763038,3931
1763433,3488
1764431,2919
1764653,2804
1764925,3297
1765064,2810
1765237,2898
1765455,4138
1765480,3456
1765619,3307
1765691,3840
1765862,3893
1765983,3823
1765985,3480
1766168,3863
1766619,3769
1767729,4097
1767846,4030
1767956,3369
1768008,4523
1768043,5360
1768150,2868
1768417,3358
1768583,3343
1769030,4650
1769055,4099
1769118,4131
1769170,3025
1769318,4229
1769402,5045
1769876,4099
1770950,3552
1771119,3431
1771263,3469
1771644,3704
1771857,3602
1772047,3861
1772086,4096
1772167,3878
1772342,3830
1772431,4153
1772580,4059
1772600,4174
1772725,4186
1772747,4274
1772867,4328
1772904,4639
1773044,4545
1773799,3887
1773822,3963
1773998,3928
1774017,3959
1774325,4148
1774565,4000
1774571,4133
1774717,4749
1774796,4524
1774837,4723
1774941,5678
1775493,4403
1775708,4298
1775861,4680
1776043,4593
1776183,4519
1777366,5127
1777576,4411
1777739,3724
1777831,4324
1777976,4240
1778127,4020
1778225,4323
1778258,4123
1778436,4164
1778594,4163
1779665,3811
1780333,3194
1780429,3178
1780965,3594
1781136,3371
1781352,3258
1781498,3163
1781674,3275
1781729,3267
1781949,3694
1782108,3619
1782264,3694
1782384,3640
1782763,3429
1782913,3365
1782955,3425
1783131,3337
1783273,3451
1783305,3484
1783390,5560
1783524,3964
1783642,3972
1784146,3520
1784300,4004
1784440,3920
1784573,3837
1784709,4118
1784752,3709
1784888,3621
1785038,3964
1785341,3597
1786387,3544
1786554,3643
1786580,3488
1786860,3688
1786890,3525
1786990,3961
1787042,5483
1787218,3478
1787364,3430
1787488,4833
1787589,5058
1787887,3930
1788392,3810
1790203,3421
1790254,3419
1790870,3015
1790997,3175
1791035,3446
1791453,3458
1791498,4324
1791582,3769
1791634,4015
1791744,3701
1791883,3931
1791910,3993
1792326,3690
1792454,3659
1792827,3517
1792961,3655
1793030,3713
1793159,3649
1793366,3559
1793451,3711
1793509,4081
1793719,4031
1793791,3842
1793948,3738
1793966,3843
1794069,4555
1794128,3831
1794353,5396
1794463,5113
1794495,4164
1794497,5715
1794723,4009
1795036,4318
1795187,4293
1795453,4273
1796954,3480
1797009,4097
1797201,3715
1797291,5417
1797327,4998
1797440,4991
1797464,4695
1797621,4912
1797785,4851
1798150,4904
1798318,4932
1798464,5075
1798694,4607
1798772,4525
1799865,3754
1799989,4030
1800261,3617
1800271,3914
1800516,4075
1800597,3796
1800644,4058
1800744,3895
1800761,3933
1800927,4074
1800958,4090
1801137,4708
1801140,4827
1801282,4832
1801400,4767
1801821,5017
1802001,5645
1802152,4882
1802245,5509
1802425,5432
1803350,4455
1803450,5241
1803655,4777
1803691,4853
1803892,4701
1804045,4445
1804242,4761
1804390,4629
1804530,4679
1804728,4456
1804749,4683
1804888,4478
1805170,4281
1805190,4351
1805310,4339
1805351,4448
1805645,4605
1805761,4275
1805903,4379
1806667,4291
1806856,4209
1806906,4255
1806977,4075
1807046,4527
1807818,3931
1808044,4240
1808399,3627
1809589,4775
1809840,4942
1809879,4459
1810057,4149
1810113,5064
1810277,4170
1810430,4205
1810526,4753
1810651,4577
1810655,4774
1810796,4699
1810817,4777
1810950,4737
1811115,4625
1811254,4593
1812517,3747
1812713,3601
1812879,3646
1813059,4004
1813162,4218
1813178,3510
1813217,4251
1813265,4343
1813319,4548
1813382,3415
1813387,4787
1813442,5480
1813489,5569
1813550,5733
1813558,3472
1813599,5885
1813643,5928
1813720,3842
1813872,3602
1814025,3808
1815964,3882
1816052,4759
1816357,3804
1816549,3986
1816739,4413
1816845,5678
1816868,5431
1817058,5297
1817654,4815
1817679,4877
1817846,4654
1817974,4621
1819124,3700
1819320,3622
1819359,3950
1819651,3727
1820003,3480
1820249,3298
1820429,3411
1820597,3305
1820644,3632
1820927,3647
1820942,3963
1821107,3839
1821289,3666
1821451,4030
1821605,3985
1821766,3931
1821925,3845
1822118,3998
1822299,3999
1823000,3564
1823138,3499
1823187,3514
1823325,3497
1823407,3515
1823580,4028
1823601,4254
1823709,4742
1823883,4741
1824022,4018
1824042,4407
1824596,3907
1824730,3941
1824774,3968
1825073,3755
1826956,2872
1826993,3050
1827156,3119
1827405,2934
1827667,3406
1828240,3586
1828497,4326
1828705,3271
1828788,3950
1828860,3417
1829864,2896
1830101,2937
1830149,3074
1830306,3068
1830451,3127
1830527,3194
1830576,3234
1830668,3232
1830712,5030
1830785,3230
1830840,3311
1830893,3343
1830922,4275
1831229,5186
1831542,3034
1831564,3230
1832036,3299
1832532,3228
1832901,3619
1834385,2856
1834412,3029
1834567,3256
1834625,3531
1834674,3724
1834848,3493
1834946,3946
1835002,4029
1835119,4029
1835776,4391
1835935,3635
1836274,3714
1837446,3071
1837487,3266
1837651,3733
1837702,3617
1837828,3625
1837962,3888
1838123,3905
1838222,4138
1838400,4011
1838411,4134
1838664,4009
1838844,4326
1838933,4228
1839222,4323
1839347,4251
1839461,4189
1839574,4127
1839609,4242
1839822,4339
1840342,3935
1840479,3915
1840580,3909
1840706,3896
1840838,4486
1840858,4178
1840986,4390
1841010,4185
1841253,4044
1841390,4181
1842162,4014
1842210,4034
1842377,4046
1842452,4471
1842558,4463
1842662,4529
1842824,4705
1842850,5182
1843196,4641
1843378,4571
1844594,3789
1844732,3898
1844854,4113
1845148,3753
1845438,3882
1845644,3764
1845712,3793
1845822,3778
1845872,3805
1845980,3957
1846229,3826
1846284,4274
1846422,4440
1846471,3894
1847114,3981
1847320,3658
1847342,4013
1847620,3779
1847996,3411
1848178,3608
1848403,3446
1848425,3629
1848584,3565
1848710,3852
1848725,3992
1849857,3395
1849967,3414
1850194,3197
1850319,3344
1850378,3518
1850503,3964
1850591,3897
1851123,4033
1851235,4113
1851428,4007
1851582,4324
1851785,4169
1851890,4269
1852196,3907
1853045,3538
1853145,3813
1853290,6996
1853465,6872
1853499,3849
1853675,3762
1853696,6741
1853880,3673
1854027,4147
1854121,6057
1854171,5719
1854268,6118
1854285,5414
1854594,5550
1854716,5080
1854849,5273
1854882,5186
1855000,4991
1855699,4840
1855837,4652
1855973,4617
1856187,4047
1856726,4543
1857184,4207
1857700,4121
1857884,4030
1858062,6628
1858261,3893
1858427,4414
1858462,4348
1858584,5427
1858625,5563
1858737,5511
1858793,5597
1858891,5747
1859053,5961
1859060,6757
1859131,5914
1859228,5975
1859290,6305
1859395,6360
1859442,6325
1859558,6348
1859710,6269
1859864,6159
1860664,5850
1860765,5629
1860786,5874
1861671,4926
1861996,4549
1862138,5015
1862291,5066
1862516,5202
1862566,5015
1862650,4984
1862725,5201
1862851,5328
1862871,5108
1862966,5416
1862994,5229
1863198,5304
1863299,5309
1863350,5623
1863528,6268
1863694,6311
1864288,5901
1864436,5849
1864607,5751
1864810,5719
1865050,6110
1865427,5547
1865608,5733
1866973,4447
1867256,4605
1867484,4533
1867677,4517
1867994,4308
1868923,4161
1869021,3894
1869180,4106
1869219,4301
1869331,4358
1869400,4429
1869462,4413
1869584,4714
1870141,4550
1870356,4283
1870387,4718
1870571,4255
1871477,3730
1871498,3652
1871676,3866
1871716,3959
1871857,3936
1872011,3936
1872131,3989
1872232,4049
1872376,3993
1872442,4103
1872594,4351
1872618,4558
1872755,5030
1872840,5187
1872964,5416
1873323,5059
1873508,4808
1873669,4840
1873955,4603
1874483,4367
1874503,4461
1874653,4499
1876185,3154
1876324,3205
1876441,3617
1876569,3550
1876684,3740
1876769,3970
1876862,3814
1876982,3984
1877012,3934
1877287,4227
1877434,4275
1877620,4373
1877812,4232
1877965,4358
1879171,3207
1879241,3288
1879353,3383
1879394,3552
1879451,3595
1879497,3894
1879537,3906
1879849,3290
1880313,3920
1880534,3648
1880655,3644
1880780,3725
1880846,3853
1880990,4151
1881012,4204
1881740,4080
1881831,5018
1881928,3947
1882049,3996
1882319,3628
1883544,2812
1883632,3297
1883785,3259
1883843,3762
1883987,3565
1883997,4069
1884150,4112
1884300,4017
1884345,4305
1884531,3855
1884558,3972
1884691,3891
1886977,3910
1887373,3608
1887672,3113
1887853,3623
1888066,3568
1888400,3459
1888577,3449
1888731,3428
1888741,4179
1888851,4148
1888952,4371
1889073,4195
1889320,4085
1889361,4064
1889487,4198
1889505,4307
1889628,4325
1889654,4460
1889794,4566
1889857,4769
1889973,4665
1890213,4571
1890340,5424
1890486,4984
1890706,5303
1890918,5017
1891028,4686
1891305,4917
1891456,4477
1891491,5098
1891662,5510
1891798,5429
1891900,5061
1891951,5484
1892126,5188
1892202,5285
1892247,5306
1892384,5798
1892501,5736
1892615,5674
1893209,5484
1894334,4425
1894442,4683
1894468,4558
1894796,4386
1894831,4447
1894957,4715
1894986,4938
1895160,5045
1895485,4769
1895571,5178
1895747,4895
1897574,3442
1897610,3935
1897792,3787
1898336,4106
1898532,3900
1898757,4262
1898803,4439
1898959,4593
1899401,4214
1899504,3978
1899601,4061
1899751,3987
1899957,3860
1900018,3884
1900137,3869
1900274,3896
1900308,4175
1900390,3934
1900503,4154
1900821,4052
1900858,4450
1900986,4451
1901237,4252
1901384,4155
1901404,4219
1901619,4292
1901676,4598
1901747,4996
1901813,4862
1901862,4732
1902192,4960
1904471,3467
1904835,3508
1904934,4240
1905071,4356
1905144,4336
1905405,4182
1905605,4584
1905636,4147
1905751,4236
1905946,4122
1906074,4576
1906310,4464
1906665,4373
1906917,3908
1906987,3936
1907195,4353
1907200,4229
1907215,4149
1907352,4127
1907585,4128
1907634,4183
1907732,4241
1907764,4717
1907867,4526
1907999,4555
1908191,4439
1908987,3836
1909007,3849
1909208,3781
1909420,3949
1909600,3950
1909900,3802
1910202,4418
1910326,4562
1910459,4958
1910618,4910
1910762,4832
1910850,4842
1911137,5203
1913184,3214
1913308,3903
1913399,3668
1913589,3205
1913750,3134
1913767,3527
1913913,3492
1913967,3335
1914137,3320
1914162,3325
1914244,3378
1914396,4138
1914429,4266
1914580,4218
1914658,4265
1914707,4704
1914863,4427
1914942,4644
1915016,4324
1915106,4694
1917861,3319
1917881,3375
1918069,4711
1918106,3460
1918281,3883
1918325,3852
1918528,3972
1918643,3889
1918840,4343
1919039,4491
1919055,4241
1919401,4219
1919545,4294
1919635,4038
1919661,4387
1919799,4464
1919959,4677
1919981,4731
1920355,4446
1920405,4508
1920529,4541
1920648,5053
1920970,4365
1921934,3792
1922191,3875
1922338,3815
1922360,3932
1922594,4086
1922620,4107
1922793,4469
1922801,4109
1922950,4647
1922975,4218
1923119,5364
1923227,5973
1923372,5471
1923749,5157
1923889,5289
1923911,4627
1924090,5159
1924111,4734
1924954,4360
1925155,4219
1925437,4009
1925774,3740
1925930,3961
1926666,3513
1926831,3402
1926975,3378
1927128,3713
1927288,3121
1927436,3221
1927581,3143
1927727,3673
1927962,4020
1928413,3988
1928671,3783
1928935,3570
1928964,3583
1929125,3866
1929272,3923
1930477,3046
1930671,2976
1930901,2970
1930906,3940
1931056,3741
1931121,3910
1931245,4156
1931249,4626
1931650,4232
1931820,4008
1932016,4455
1932176,4347
1933268,3309
1933438,3319
1933564,3616
1933689,3511
1933746,3558
1933897,3662
1933945,3898
1934016,3910
1934098,3943
1934184,4411
1934309,4434
1934337,4456
1934476,4465
1934627,4407
1934697,4888
1934838,4937
1934858,4646
1934978,4729
1935604,4340
1935906,4438
1936325,4070
1936770,3934
1936904,4242
1937037,3865
1937057,3955
1937348,3745
1937392,3802
1937667,3623
1938133,3208
1938198,3232
1938266,3500
1938391,3801
1938474,4694
1938633,4781
1938771,4448
1938833,4820
1939068,4705
1939272,4434
1941467,3545
1941492,3573
1941630,3722
1942107,3296
1942311,3378
1942464,3394
1942672,3417
1942810,3599
1942815,3647
1942948,3596
1943025,5088
1943062,4312
1943249,3558
1943375,3888
1943467,4096
1943671,4544
1943841,4423
1943852,4345
1944001,4165
1944032,4559
1944367,4391
1944518,4442
1944654,4391
1944968,4358
1945163,4166
1945182,4214
1945321,4143
1945468,4055
1946426,3730
1946567,4006
1946638,3592
1946716,3910
1946825,4412
1947009,4276
1947115,4676
1947148,4234
1947366,4508
1947436,4530
1947578,4491
1947707,4871
1947854,4970
1949143,4198
1949146,3905
1949443,4546
1949607,4055
1949643,4205
1949818,4237
1949868,4372
1950017,4853
1950113,4204
1950614,3827
1950798,4237
1950980,4189
1951023,4303
1951172,4148
1951324,4100
1951453,4181
1951470,4291
1952326,3706
1952563,3678
1952647,3520
1952776,3842
1952868,3798
1952931,3966
1953064,4632
1953318,4120
1953489,4272
1953524,4338
1953930,4134
1954477,3964
1954631,3909
1954645,5143
1955796,4545
1955865,3648
1955945,3965
1956064,3587
1956368,4644
1956403,4110
1956504,4415
1956669,4541
1956715,4890
1956869,5026
1956952,4386
1957124,4368
1957164,5769
1957264,4442
1957362,5438
1957508,5119
1957534,4621
1958253,4205
1958727,3888
1958888,3837
1959046,4847
1959159,4326
1959232,4935
1959406,4874
1959568,4815
1959732,4704
1959890,4730
1959999,4486
1960069,4958
1960164,4371
1960659,4311
1961392,4066
1961564,3951
1961718,3939
1961979,3628
1962014,3715
1962139,3640
1962298,4108
1962333,4148
1962453,4909
1963151,4363
1963246,4744
1963322,4402
1963569,4210
1963728,4143
1963980,3980
1964139,4598
1964560,3997
1965382,4362
1965527,4351
1965663,4265
1965801,4002
1965857,3634
1966019,4344
1966140,3898
1966184,4180
1966311,4005
1966454,3801
1966561,3702
1966637,3778
1966778,4034
1966821,3819
1966941,3820
1967555,4031
1967594,3964
1967781,4087
1968048,4769
1968142,3857
1968288,3773
1968432,4152
1968570,4428
1970626,3359
1970732,3201
1970873,3288
1970899,3010
1970975,3062
1971130,3735
1971267,3702
1971276,3786
1971403,3751
1971426,4012
1971755,4112
1972157,3879
1972224,3913
1972652,3704
1972700,4744
1972829,4067
1972871,4401
1973047,4112
1973172,4384
1974233,3695
1974413,3627
1974671,3780
1974691,3986
1974951,3573
1975152,3613
1975190,3621
1975282,4187
1975384,4181
1975481,4141
1975604,4428
1975708,4404
1975736,4533
1975855,4489
1975910,4528
1976050,4485
1976197,4435
1976230,4515
1976635,4282
1976755,4292
1977037,4103
1978284,3824
1978515,3685
1978659,3361
1978862,3501
1979052,3552
1979133,3419
1979252,3594
1979399,3498
1979591,3625
1979804,3881
1980854,3321
1981170,3114
1981234,3561
1981480,3379
1981611,3309
1981740,3416
1981851,3506
1981946,3458
1982351,4178
1982444,3585
1982621,3778
1982685,4465
1982742,3717
1982871,3708
1983761,3105
1983790,4659
1984090,3496
1984136,4398
1984156,4577
1984199,4710
1984517,4042
1984823,4007
1984963,4053
1985645,3583
1985829,3625
1985858,3671
1985983,3911
1987121,3627
1987206,4135
1987372,4301
1988259,4396
1989623,3139
1989720,2982
1989814,3086
1989907,3085
1989981,3166
1990027,3304
1990106,3098
1990400,3051
1990566,2938
1990706,2954
1990812,2916
1990829,3019
1990961,3015
1990978,3201
1994739,3021
1994921,2895
1995132,3046
1995217,3394
1995298,2988
1995379,3457
1995438,5544
1995471,2971
1995491,3838
1995535,4014
1995586,4175
1995637,4246
1995681,4791
1995732,4997
1995777,5085
1995821,4898
1996151,3061
1996318,3621
1997183,3645
1997561,3798
1997728,3899
1997867,4291
1997891,3911
1997919,4543
1998480,3580
1998842,3557
1999026,3792
1999106,4010
1999245,3941
1999389,4292
1999407,4576
1999568,4468
1999633,4477
1999686,5349
1999798,5187
2000439,4718
2000486,4827
2001024,4567
2001467,4239
2002018,3741
2002229,4772
2002389,4507
2002533,4370
2002596,4454
2002662,4359
2002741,4207
2002866,4689
2002938,4667
2003017,4650
2003611,4601
2003733,4414
2003812,4685
2003895,4430
2004040,4368
2004192,4598
2004212,4616
2004324,4608
2004511,4557
2005385,4115
2005403,4178
2005546,4281
2005677,4201
2005817,4369
2005851,4123
2005897,4353
2006046,5404
2006149,4532
2006271,4884
2006402,4826
2006518,4762
2007450,4735
2007627,4485
2007771,4513
2007936,4299
2008552,3781
2008601,3956
2009628,3550
2009795,3656
2009964,3538
2009986,3926
2010151,3815
2010308,4048
2010443,4368
2010476,4085
2010671,4050
2011763,3919
2011941,3794
2012130,3659
2012331,3511
2012376,3546
2012526,3462
2012727,3666
2012848,3623
2013171,3935
2013246,3940
2013292,4161
2013429,3973
2013547,3805
2013794,3708
2013933,3779
2014061,5428
2014191,3964
2014386,3784
2014536,3760
2014655,3692
2014843,3898
2014879,4134
2015009,4063
2015054,4490
2015132,4463
2015352,4297
2016229,4082
2016271,4137
2016675,3827
2016975,4048
2017267,3848
2017411,3757
2018251,3135
2018414,3392
2018565,4132
2018888,3861
2019026,3867
2019154,4376
2019161,4260
2019324,4157
2019579,4007
2019699,3833
2019820,3762
2019860,3782
2019908,3807
2020048,3860
2020136,4087
2020253,3904
2021099,4068
2021208,3626
2021255,4144
2021374,4116
2021473,3857
2021501,4098
2021598,3939
2021630,4035
2021718,4174
2021831,4116
2021976,4508
2022905,4009
2023907,4041
2023955,3175
2024018,3196
2024429,3192
2024657,3785
2024889,3668
2024926,4059
2025201,4133
2025386,4023
2025534,3979
2025690,3910
2025725,3965
2025779,3999
2025943,4051
2026090,3956
2026785,4675
2026993,3683
2027173,4149
2027255,3558
2027295,3604
2027435,3991
2027457,3900
2027724,3872
2028017,3501
2028291,3496
2028314,3641
2028454,3906
2028604,3738
2028633,3776
2029467,3556
2029669,3476
2029822,3377
2029826,3479
2029978,3443
2030954,4033
2030975,3965
2031453,4265
2031601,4169
2031714,3852
2031868,3833
2031898,3616
2031900,3967
2032069,3547
2032150,3736
2033397,2899
2033575,2873
2033730,2893
2033760,2970
2033915,2926
2033942,3019
2034041,4426
2034140,3022
2035493,3050
2035901,3499
2036123,3397
2036162,3474
2037500,3006
2037831,3001
2038037,3822
2038059,3385
2038506,3177
2038606,4274
2038730,4305
2038861,4636
2038994,4232
2039141,3762
2039291,4019
2039490,3944
2039653,3768
2039777,4392
2039815,4552
2039836,4107
2039860,4710
2039927,4127
2040131,4163
2040369,4255
2040910,4265
2041036,4147
2041114,4649
2041158,4667
2041200,5358
2041254,4230
2041399,4138
2041544,4348
2041676,4809
2041809,4801
2041922,5290
2042047,5183
2042446,5207
2042598,5114
2042722,5247
2042999,4923
2043274,4705
2043453,4666
2043534,4626
2043653,4962
2044523,5030
2044666,6076
2044697,6290
2044839,6001
2044871,6511
2045018,6022
2045076,6210
2045321,6114
2045357,6457
2045565,6189
2045608,6264
2045770,6242
2045930,6195
2047465,5839
2047641,8518
2047765,6220
2047796,5673
2048004,5256
2048244,5074
2048443,7331
2048770,4798
2048798,6923
2048924,5123
2048975,5857
2049074,6881
2049133,7319
2049219,5672
2049394,6882
2049526,6693
2049593,5763
2049656,6373
2049753,6280
2049786,6905
2049923,6818
2050051,6590
2050145,6481
2050274,6465
2050402,6403
2050533,7051
2050930,7089
2051101,6784
2051379,6573
2051526,6669
2052503,5765
2052717,6344
2052885,6358
2053132,6333
2053179,7487
2053223,8143
2053316,5982
2053941,5547
2054112,6075
2054167,5350
2054395,5603
2054557,5499
2054687,5462
2054833,5552
2054986,5359
2055454,5120
2055488,5243
2056059,5093
2056429,4628
2056915,4383
2057151,4335
2057243,4581
2057279,4473
2057409,5159
2057410,5348
2057550,5399
2057673,5783
2057688,5743
2057815,5839
2058445,5261
2060394,4350
2060483,4636
2060819,4599
2060852,4479
2061127,4393
2061180,4587
2061314,4704
2061408,4571
2061557,4603
2061585,4686
2061820,4630
2061943,4558
2062234,5172
2062376,5242
2062510,5079
2062740,4993
2062769,5174
2062969,5049
2062985,5181
2063129,5279
2063296,5211
2063492,5114
2063527,5183
2063801,5035
2063948,4956
2063974,5084
2064158,4999
2065568,3999
2065668,3982
2065808,3892
2065841,4374
2066053,4265
2066106,4461
2066194,4074
2066381,4237
2066661,4262
2066717,4457
2066840,4324
2066853,4527
2067004,5285
2067042,5237
2067197,5431
2069212,3767
2069232,3831
2069377,4075
2069403,3831
2069934,4026
2069970,4635
2070421,4055
2070602,4124
2070756,3962
2070855,4064
2071014,4030
2071210,4152
2071351,4063
2071492,3931
2071552,4004
2071677,4131
2071789,4107
2071844,4214
2071913,4158
2072017,4188
2073021,3445
2073135,3525
2073285,3469
2073316,3495
2073465,3466
2073609,3415
2073657,3507
2073799,3585
2073814,4255
2073973,4345
2074041,4912
2074137,4086
2074300,3975
2074511,4333
2074824,4304
2076185,3734
2077462,3441
2077660,3297
2077821,3187
2077982,3637
2078545,2953
2079192,3390
2079222,3232
2079351,3315
2079504,3370
2079533,3157
2079678,3264
2079819,3202
2079968,3082
2080002,4158
2080139,3293
2080241,3130
2080434,3174
2080581,3479
2080697,3953
2080738,3661
2081031,3716
2081192,3811
2081210,4097
2081402,4125
2081854,3621
2082357,3163
2082698,3030
2082772,3269
2083072,3959
2083110,3321
2083264,3299
2083410,3419
2083562,3912
2083636,3749
2083713,4101
2083783,4100
2084389,4292
2084841,4089
2085056,3700
2085771,3280
2086308,2918
2086492,2820
2086618,3172
2086631,3331
2086803,3243
2086900,3807
2087125,3803
2087172,3688
2087327,3672
2087495,3801
2087533,4202
2087644,3960
2087658,4257
2087930,3879
2088955,3354
2089425,3031
2089577,3023
2089749,3474
2090100,3205
2090229,3129
2090370,3801
2090504,3720
2090529,4137
2090693,4091
2091120,3763
2091301,3601
2091449,3756
2091869,3536
2092133,3344
2092286,3291
2092357,3887
2092494,3698
2092588,3472
2092645,3749
2092674,3620
2092864,3480
2092908,3534
2093549,3249
2093685,3459
2093805,3399
2093990,3361
2094118,3477
2094346,3392
2094496,3713
2094577,3567
2095725,3270
2096043,3698
2096409,3197
2096653,3350
2096948,3609
2097041,3319
2097555,3055
2097634,3293
2097773,3302
2097826,3937
2097947,3332
2097954,3565
2098205,3474
2098290,3560
2098404,3617
2098414,3745
2098526,3695
2098549,3959
2098681,3927
2098814,3861
2098950,3970
2099059,3911
2099111,4228
2099419,4072
2100305,3352
2100692,3509
2100889,3868
2101046,4760
2101124,3747
2101247,3944
2101378,4139
2101861,3996
2102383,4205
2102694,4114
2102746,4428
2103128,3884
2103206,4023
2103333,3944
2103453,3926
2103699,3732
2103854,3822
2103892,3853
2104021,3917
2104059,3768
2104216,3768
2104332,3944
2104457,3871
2104607,3771
2105391,3284
2105549,3989
2105641,3857
2105723,3844
2105873,3615
2105935,4352
2105962,4378
2106131,4270
2106338,4377
2107499,5361
2107728,4694
2108070,4360
2108434,4432
2108489,4430
2108580,4029
2108734,3775
2108752,4028
2108876,3684
2109024,4186
2109044,4197
2109215,4116
2109262,4274
2109338,4339
2109581,4284
2109620,4233
2109746,4233
2109854,4314
2109893,4691
2110035,4955
2110217,5249
2110997,4896
2111481,3961
2111651,3870
2111843,4527
2111920,5004
2111966,5188
2113696,3891
2114070,3761
2114137,3647
2114323,3597
2114617,3375
2114984,3564
2115005,3257
2115270,3229
2115485,3270
2115589,3924
2115731,3729
2115747,3409
2115787,3922
2115951,3658
2116413,3549
2116573,3836
2116602,3737
2116741,3720
2116761,3715
2116913,3805
2116961,3795
2117954,3080
2118027,3459
2118236,3313
2118309,3638
2118387,4079
2118542,3916
2118589,4041
2118850,4028
2119274,4439
2119300,5296
2119446,5249
2119540,5027
2121047,3940
2121295,3554
2121570,3739
2121766,3621
2121772,3724
2121918,3824
2122059,3751
2122113,3837
2122296,4163
2122538,4274
2122570,4007
2122583,3944
2122729,4149
2122877,4121
2122940,4050
2122997,4243
2123151,4856
2123218,4967
2123278,5282
2123372,5423
2123412,5041
2123493,5460
2123529,5646
2123876,5938
2124057,5266
2124174,5693
2124410,5005
2125569,4349
2125591,4473
2125749,4673
2125861,4657
2125984,4636
2126014,4696
2126142,4702
2126291,4983
2126345,5225
2126500,5165
2126635,5122
2126654,5349
2126768,5217
2126918,5119
2127037,5119
2127253,5330
2128612,4551
2128766,4267
2128918,4359
2129056,5137
2129422,4521
2129797,4365
2129969,4254
2130103,4281
2130122,4315
2130624,4073
2131249,3658
2131398,3596
2131499,3609
2131604,4321
2131798,4409
2131839,4713
2132165,4601
2132183,4424
2132298,4500
2132367,4636
2132417,5023
2132558,4842
2132729,5184
2132872,5057
2132888,5080
2133029,4991
2133073,5083
2135266,3941
2135441,4057
2135462,3613
2135621,4108
2135646,4165
2135756,4156
2135968,4185
2136249,3986
2136449,3911
2136604,3818
2136619,3890
2136803,4123
2136836,4442
2136950,4028
2137288,3773
2137432,4120
2137568,4278
2137630,4338
2137771,4248
2137966,4276
2138065,4628
2138172,4162
2138328,4626
2138556,4332
2138712,4422
2138931,4287
2139245,4208
2140743,3251
2140858,3190
2141110,3281
2141168,3330
2141363,3351
2141604,4007
2141803,3861
2141890,4163
2142054,4319
2142239,4525
2142436,4276
2142721,4092
2142823,4286
2143036,4145
2144217,3135
2144260,3140
2144545,3118
2144754,3155
2144802,3151
2144950,3282
2145000,3964
2145074,3493
2145272,3394
2145405,3312
2145672,3143
2145817,4018
2146405,3655
2146551,3949
2146878,3443
2146905,3702
2147148,3247
2147319,3227
2147491,3377
2147563,3389
2147714,3665
2147741,3557
2147922,3503
2149037,4250
2149113,4243
2149125,3666
2149260,3105
2149422,3315
2149639,3205
2149871,3828
2150733,3874
2150892,3629
2150906,3638
2151063,3540
2151126,3548
2151308,3469
2151429,3415
2151558,4246
2151734,3606
2151765,3850
2151890,3889
2151919,3934
2152702,3201
2153486,2808
2153780,2857
2153965,3055
2155238,2929
2155391,2994
2155447,4427
2155616,4004
2155660,4148
2155847,4163
2155891,4700
2155926,9261
2155958,4684
2155999,4757
2156035,5072
2156067,5399
2156119,5465
2156163,5845
2156215,7752
2156254,6228
2156291,5508
2156398,7676
2156491,8115
2157424,5585
2157491,7804
2158861,3850
2159064,5772
2159152,3868
2159307,4188
2159513,4804
2159675,5063
2159957,5473
2160127,5930
2160317,5840
2161058,5150
2161163,5094
2161400,4908
2161499,5057
2161671,4830
2161714,4908
2161837,4823
2161881,4895
2162036,5718
2162056,5691
2162237,5571
2162494,5372
2162526,5641
2162666,5554
2162861,5654
2163068,6397
2163162,6027
2163320,6087
2163576,5944
2163702,5877
2163844,6795
2163980,6651
2164971,5608
2165009,5705
2165118,5955
2165161,6327
2165613,5162
2165803,5755
2165948,5675
2166065,5995
2166319,5578
2166343,5607
2167324,5659
2167353,5686
2167579,5575
2167615,5628
2167808,5572
2167995,5431
2168023,5692
2168196,5616
2168336,5592
2168354,6312
2168500,6334
2168565,6189
2168704,6099
2168856,5995
2170135,5221
2170311,5099
2170337,5689
2170455,5142
2170594,5097
2170772,5014
2170911,4977
2170932,5354
2171129,5064
2171232,5682
2171327,5673
2171361,5799
2171548,5669
2171706,5815
2171738,5806
2172172,5424
2172310,5841
2172428,5738
2173532,5359
2173586,5694
2173796,5536
2173995,5452
2174041,6018
2174145,5824
2174372,5772
2174501,5701
2174653,6050
2175018,5656
2175400,5444
2175984,4939
2177345,3832
2177366,3743
2177584,3761
2177638,3748
2177727,3671
2177783,3690
2177956,3666
2178201,3819
2178233,3931
2178307,4056
2178495,3918
2178519,4120
2178790,4671
2179028,4594
2179177,4574
2179375,4620
2179478,5569
2179696,5367
2181166,3975
2181216,4299
2181453,3939
2181532,3917
2181668,3898
2181832,4539
2182019,4159
2182197,4229
2182249,4072
2182371,4183
2182452,4173
2182484,4316
2182624,4408
2182694,4502
2182852,4563
2183027,4690
2183413,4358
2183505,4630
2183726,4303
2183824,4293
2183925,4408
2184008,4473
2184117,4431
2184771,4477
2185197,4193
2185423,4143
2185764,4398
2185907,4881
2186124,5261
2186253,5255
2186861,5565
2186924,3969
2187106,4068
2187231,4043
2187325,5348
2187477,4692
2187508,4873
2187707,5270
2187831,4972
2187867,5286
2188164,5416
2188191,5075
2188320,5049
2188371,7239
2188561,4901
2188598,7923
2188720,7323
2189736,3896
2190250,3728
2190438,6435
2190550,3898
2190609,4212
2190724,4199
2190883,4135
2191048,6106
2191605,5127
2191778,3693
2191945,4437
2192060,4909
2193061,4575
2193254,3849
2193417,3780
2193693,3673
2193699,3596
2193860,4464
2194056,4162
2194065,6750
2194138,4354
2194291,4264
2194438,4128
2194590,4035
2194738,4178
2194893,4146
2195134,3834
2195279,3835
2195439,3960
2195719,4016
2195880,3909
2196460,3540
2196636,4000
2196805,3945
2196968,3731
2197479,3408
2197678,3894
2197827,5118
2197960,5636
2198596,3972
2198764,3917
2198902,4542
2199048,4657
2199218,4568
2199241,4515
2199412,4321
2199526,4419
2199704,4564
2200150,4412
2200188,4137
2200352,4264
2200385,4523
2200478,4359
2200509,4649
2200677,4534
2200939,4375
2200965,4297
2201120,4265
2201296,4141
2201696,4306
2201857,4266
2202016,4653
2202218,4795
2202279,4253
2202455,4485
2202625,4441
2202781,4365
2203022,4621
2203160,4247
2203323,4274
2204046,3968
2204655,4522
2204693,4755
2204844,4920
2204963,4844
2204964,4865
2205135,4781
2205406,4826
2205488,4724
2205573,4737
2206055,5144
2206314,4506
2206745,4378
2207688,3640
2207709,3776
2207859,3944
2207908,3990
2208050,3961
2208071,4165
2208139,4019
2208375,3933
2208554,4034
2208679,4354
2208700,3974
2208806,4095
2208952,4396
2208971,4451
2209130,4520
2209284,4200
2209327,4295
2209523,4215
2209538,4326
2210193,3765
2210340,3786
2210499,3726
2210633,4414
2210803,4377
2210872,4435
2210922,4513
2211034,4534
