215,2966
524,3132
758,3021
1127,2798
1313,2925
1676,2799
1840,2806
2200,3142
2611,2992
3003,3007
3015,3189
3417,2984
3908,3161
3949,3052
4823,3418
4974,3213
4996,3367
5130,3380
5170,3124
5634,3090
6012,3120
6410,2818
6540,2859
6814,2911
6834,2975
7254,3297
7454,3045
7725,3131
7869,3390
8006,3333
8152,3542
8322,3436
8998,3032
9176,3074
9655,2997
9806,2966
10037,2805
10172,3476
10308,3286
10326,3470
10432,3424
10823,3264
10916,3419
11067,3335
11518,3225
11577,3297
11808,3282
11952,3478
11971,3207
12127,3645
12754,3163
12999,2927
13226,3407
13407,3169
13984,3209
14157,3405
14189,3442
14378,3498
14534,3428
14717,3512
14919,3576
15446,3128
15959,2923
16231,2863
16812,3013
16832,3092
16987,3239
17254,3292
17303,3191
17678,3294
17697,3511
18032,3324
18206,3531
18325,3422
18866,3149
19084,3259
19135,3275
19214,3417
19294,3168
19306,3261
19973,3039
20325,2932
20495,2853
20629,3043
20788,3356
20805,3487
20910,3473
21040,3394
21254,3728
21454,3418
21513,3290
22122,3380
22148,3742
22343,3610
23491,3153
23700,3168
23913,3440
23970,3506
24556,3513
24630,3497
24794,3217
25514,3121
25661,4233
25784,3317
25946,3203
25985,3364
26110,3398
26446,3329
26732,3262
26889,3338
26944,3752
27076,3686
27190,3760
27650,3984
27804,3888
27838,3699
28153,3612
28310,3501
28459,3404
28615,3454
28760,3592
28906,3761
29030,4105
29144,4051
29571,3849
29728,4600
30026,4165
30048,4198
30201,4043
30306,4100
30449,4053
30516,4096
31291,3935
31463,4045
31661,3883
31817,3780
31975,4158
32126,4476
32398,4382
32563,4357
32682,4877
32699,4160
32715,4379
33006,5019
33533,4274
33762,4102
33992,4663
34015,4481
34593,4014
34724,3987
34822,3899
34968,4395
35039,4389
35155,4262
35332,4244
35374,4425
35560,4373
35680,4359
35794,4541
35996,4436
36313,4250
36770,4050
36933,3955
37154,4420
37618,4060
37664,4088
37793,4842
37928,4405
38055,4439
38096,4713
38163,4489
38563,4492
38723,4648
39763,3857
40059,3594
40084,3731
40233,4147
40375,4101
40651,3884
40690,3838
41005,4827
41114,4539
41194,4689
41352,4730
41549,4928
41804,4719
41943,4638
42026,4691
42114,4755
42151,4787
43034,3953
43176,4137
43426,4464
43461,4255
43653,4115
43730,4238
43913,4217
44109,4585
44125,4619
44291,4571
44601,4406
44654,4448
44802,4392
44827,4783
44961,4696
44990,4727
45117,4722
45326,5352
46693,4334
46835,4281
46987,4267
47179,4161
47345,4218
47480,4135
47555,4248
47614,4477
47732,4809
48353,5463
48384,5005
48515,4941
48713,4805
48835,4771
49396,4481
49418,4524
49590,4469
49873,4710
50065,4726
50177,4677
50258,4432
50465,4277
51234,4015
51374,4245
51382,3967
51413,4023
51546,4271
51810,3932
51862,3947
51938,3973
52007,4046
52103,4039
52148,4108
52317,4194
52344,4194
52515,4857
52579,5091
52776,4957
54148,3907
54215,5599
54716,4804
54879,5046
55073,4988
55085,5240
55310,5069
55457,5038
55475,5270
57519,3279
58194,2983
58325,3049
58378,3368
58500,3295
58544,4044
58709,3800
58911,3846
59106,3754
59325,3586
59340,3579
59493,3642
59629,3616
59644,3688
59794,3997
59946,3781
60538,3457
60852,3241
60929,3414
61016,3327
61116,3607
61217,3911
61241,3816
61769,3585
61918,3418
62100,3579
62144,3710
62346,3598
62786,3923
62971,3742
63036,3741
64134,3159
64378,3377
64509,3373
64751,3602
65955,2838
65986,2917
66087,2915
66154,2990
66535,2920
66756,4020
66912,3017
66929,3065
67041,3681
67076,3911
67211,4652
67320,3776
67341,3695
67538,4498
67717,4271
67782,4305
69243,3637
69744,3313
69765,3342
69906,3253
70038,3623
70071,3622
70193,3620
70241,4417
70404,4161
70546,4320
70697,4222
70818,4242
70956,4365
71090,4567
71148,4359
71261,4613
71305,4431
71419,4667
71467,4937
71610,4909
72534,4111
72973,4636
73166,4200
73189,4704
73323,4708
73458,4007
73501,4481
74080,4015
74232,3690
74568,3961
74706,3916
74723,3977
74883,3917
75038,3978
75140,4399
75309,4283
75360,4413
75707,4131
75922,4013
76603,4295
76683,4276
77021,4013
77190,3991
77661,4161
77680,4144
77948,4073
78809,3066
78830,3694
78976,3144
79091,3425
79220,3542
79349,3628
79809,3343
79994,3227
80042,3309
80120,3301
80167,3471
80240,4372
80293,3737
80327,3921
80460,3869
81233,4152
81548,3905
81853,3896
82162,3851
82352,3608
82557,3686
82586,3768
82853,3852
83398,3647
83465,3721
83529,3979
83669,3896
83697,3910
83841,4106
83867,4235
84026,4229
84072,4344
84177,4663
84383,4391
84450,4610
84507,4451
84684,4422
84839,4863
85035,4718
85940,4073
86069,4468
86072,3992
86185,4284
86310,4283
86454,4189
86853,3951
87021,3932
87179,3981
87242,4404
87297,4079
87302,4039
87446,3975
88203,4458
88410,4410
88552,4641
88572,4575
88754,4618
88882,4573
89058,4448
89809,4005
89841,4135
89966,5054
90101,4457
91187,4185
91454,3975
91474,3621
91606,4076
91659,3858
91753,4126
91981,3701
92194,4295
92369,4319
92539,4226
92940,4244
93175,4186
94016,3334
94038,3385
94171,3687
94830,3781
95058,3614
95203,3910
95222,4071
95353,4056
95467,3903
95713,3867
95740,4218
95877,3942
95910,3837
96024,4119
96065,4265
96193,4224
96288,4273
96993,3714
97011,3748
97216,4131
97620,3495
97661,3373
97925,3497
97941,3525
98081,3725
98216,4695
98517,3517
98668,4074
98884,3911
99401,3731
99625,4060
99973,3864
100977,3180
101185,3701
101336,3671
101486,3772
101639,4104
101700,5057
101866,3936
101908,4912
102120,3734
102310,4569
102352,4124
102448,4489
102477,4109
102591,4102
103425,3902
103876,2808
104200,2874
104227,3012
104353,3360
104413,3582
104518,3723
104653,4500
104714,4160
105090,3914
105291,3844
106219,4685
106545,2906
106797,2865
106931,3275
107077,3644
107211,3384
107360,3797
107390,3461
107406,3927
107437,4072
107474,4267
107504,4289
107550,3488
107568,3460
108244,3635
109227,3114
109247,3490
109496,3031
109899,3825
110037,4269
110183,3946
110588,3425
111920,2999
111939,3114
112183,3195
112201,3421
112448,3241
112571,3366
112574,3167
112724,3328
112863,3672
112940,3675
113034,3917
113223,4154
113245,3529
113415,3475
113558,3919
114604,3614
115571,3607
115762,3322
115794,3448
116080,3320
116320,3804
116443,3774
116628,3825
116817,3844
116984,3791
117020,3831
117105,4285
117189,4148
117301,4171
117302,4290
117397,4126
117604,4126
117770,4012
117930,3964
118673,4443
118768,4223
118811,4229
119214,3677
119294,3787
119488,3851
119632,4287
119663,4076
119821,4008
119979,3975
120100,3959
120201,4109
120245,4253
120350,4291
121130,4226
121408,4199
121566,3994
121642,4348
121896,4212
121942,4157
122051,4609
122117,4653
122353,4727
122480,4692
122612,4844
124288,3281
124392,3239
124562,3279
124678,3258
124725,3321
124953,3192
125060,3415
125349,3522
125437,3489
125490,3495
125607,3492
125734,4217
125811,4838
125912,4088
126093,3806
126214,3841
126218,4296
127145,4203
127593,3860
127673,3873
127743,3856
127880,3797
127977,4109
128992,2970
129112,3223
129202,4020
129336,4209
129387,4417
129496,4752
129624,4923
129826,3616
130063,3433
130100,3383
130259,4106
130302,3319
130440,3715
130685,3749
130861,4060
131740,3408
131765,3384
131922,3284
131993,3367
132129,3629
132149,3648
132312,4017
132396,4046
132527,3969
132685,4409
132807,4365
133233,4243
133257,4669
133572,4285
133660,4093
133817,4160
134945,3306
134977,3421
135182,3375
135398,4341
135587,3957
135593,4000
135771,4051
135860,4010
135966,4048
135983,4077
136105,4553
136140,4630
136597,4258
138570,3395
138616,3496
138752,3630
138781,3745
138903,4129
138950,4286
139073,4634
139221,4605
139338,4536
139464,4460
139580,4408
139771,4449
139923,4487
140088,4376
140111,4651
140256,4334
140305,4393
140453,4787
140495,4866
140610,4839
140691,4992
140815,5019
140887,5137
141066,5179
141238,5090
141359,5019
141614,5064
142571,3981
142595,4355
142763,4413
142870,4017
143073,4555
143443,4418
143742,4705
143896,4635
144042,4616
144205,4561
144591,4326
144720,4400
144808,4427
145975,4605
146069,4823
146144,4487
146323,4357
146425,5732
146458,5048
146615,4955
146719,5535
146735,5032
146867,4952
146998,4870
147337,4709
147553,4650
147698,4677
147902,4524
148340,4844
149546,3645
149711,3626
149880,3631
149890,3347
150037,3549
150199,4013
150251,4070
150418,4019
150693,3900
150959,4487
151130,4370
151345,4262
151606,3992
151868,5476
152033,5457
152715,4081
153014,3727
153221,4375
153381,4274
154700,2834
154821,2883
154874,3633
154959,3404
155078,3503
155219,3618
155241,4276
156485,2986
156837,4284
158130,3229
158354,3068
158516,3021
158670,3807
158695,3079
158851,3679
159074,3657
159529,3182
159700,3264
160130,3946
161558,3199
161598,3387
161731,3421
161887,3497
161942,3565
162051,4503
162095,3833
162172,4479
162242,4414
162301,4606
162333,4024
162478,3565
162564,4493
162758,4350
162894,4264
163035,3972
163174,3783
163236,3990
163650,3504
163884,3453
163904,3685
164040,3597
164884,3221
165746,3637
166121,3431
166367,4752
166428,4964
166738,4445
167381,3704
167449,3778
167623,4070
167762,4029
167904,3957
168064,3921
168119,3947
168199,4185
168348,4162
168382,4092
168505,4182
168539,4240
168670,4202
168808,4148
168939,4108
169209,3935
169518,3717
169688,3658
169847,3582
170034,3549
170224,3475
170335,3487
170413,3477
170499,3511
170567,3770
170651,3826
170750,3983
170802,4179
170919,4213
170954,5229
171524,5268
171546,6002
171922,6102
172044,6949
175763,3806
175784,3261
175939,3685
176124,3654
176670,3059
176807,2872
176993,2835
177158,3060
177339,3362
177369,3203
177509,3298
177677,3442
177736,4466
177782,4374
177825,3653
177869,4465
177920,4467
177964,4485
178008,4485
179561,3028
179729,3085
179875,3087
180019,3358
180040,3403
180151,3347
180409,3310
180501,3316
180682,3709
180821,3628
181028,3472
181461,3481
181604,3740
181999,3703
182022,3856
182154,3599
183030,3077
183184,3388
183312,3187
183469,3198
183673,3575
183826,3906
183856,3632
183969,3956
184080,3707
184202,3605
184334,3805
184700,3732
184931,3721
185091,3648
185249,3856
185419,3524
185664,3541
185896,3446
186472,3067
186647,3253
186711,3291
186988,3391
187211,3940
187322,3267
187517,3738
187629,4192
187823,3947
187966,3445
188009,3861
188141,3778
189203,3559
189374,3269
189453,3371
189579,3353
189733,3468
189865,3620
190064,3324
190203,3473
190336,3901
191515,3013
191720,2864
191869,2922
192022,3000
192148,3232
192508,3479
192670,3620
192820,3523
192956,3438
193590,3423
193739,3507
193747,3588
193895,3575
194070,3494
194347,3396
194420,3608
194566,3782
194623,3753
194880,3817
195044,3764
195161,3639
195205,3851
195309,3652
195457,4336
195490,4356
196096,3657
196145,3827
196310,3941
196431,4310
196574,4114
196590,4085
196612,4015
196856,3935
197073,3911
197216,4229
197358,4233
198017,3374
198301,5714
198416,5144
198567,5333
198857,5281
199040,4385
199089,4067
199201,4285
199248,4242
200321,3918
200495,3877
200712,3861
200954,3685
201022,3711
201171,3620
201194,3754
201283,3785
201562,3571
202239,3680
202449,3689
202613,3577
202767,4173
202957,4029
203190,3690
203553,3379
203726,3441
203875,3723
204209,3610
204563,3539
204812,3737
205059,3705
205199,3856
205276,3546
205444,3667
205485,3627
205601,3870
205626,3938
205755,4296
205778,4348
205934,4442
205979,4463
206537,4526
206668,4449
206864,4350
207141,4181
207304,4097
207883,3938
208092,3663
208213,3900
208227,3944
208879,3528
208893,3614
209186,3628
209213,3554
209487,3793
209655,3983
209696,3820
209782,4179
209849,3722
209897,4000
209967,4235
210193,4466
210787,3966
211147,3947
211662,4039
211910,3843
211941,3971
212223,4144
212431,3800
212485,3658
213161,3729
213295,3525
213321,3569
213468,3592
213627,3487
213749,3735
213943,3871
214256,3704
214303,3280
214330,3569
214578,3837
214696,3799
214789,4066
214818,4318
215220,4083
215369,4148
215539,4062
217060,2849
217220,4794
217620,3174
217627,3007
217660,3043
217904,3268
218077,3468
218110,3871
218285,3752
218610,3485
219339,2855
219636,3232
219742,3335
221113,3227
221216,3548
221351,3229
221592,3436
221749,4376
221811,3593
221842,4016
221911,4307
222085,3226
222241,4388
222359,4210
222646,5384
222648,4079
222788,3990
222911,3924
222976,4196
223587,4120
223762,4119
223922,3593
223973,3976
224158,3681
224248,3510
224344,3668
224681,3741
224838,3635
225103,3420
225533,3654
225785,4070
225961,3944
226018,4535
226261,4375
227073,3616
227222,4230
227453,3702
227663,3699
227930,3609
228077,3854
228127,4024
228205,4185
228307,4420
228354,3850
228497,3869
228572,3838
228695,4242
228722,4368
229684,4011
230070,4629
230245,3885
230366,4567
230689,4214
230728,3740
230959,3894
231015,4749
231158,5085
231293,4897
231934,3724
231960,4571
232102,4531
232285,4398
232348,4236
232584,4149
232777,4005
232791,4082
232929,4221
233103,4111
233246,4053
233361,4021
233418,4604
233716,4247
233882,4411
234037,4473
235465,3715
235625,3741
235748,4053
235881,3975
236024,3882
236972,3230
237142,3511
237342,3450
237469,3419
237610,3365
237731,3425
237899,3343
238040,3471
238115,3327
238158,3414
238307,3364
238344,3507
238453,3491
239003,3532
239165,3829
239216,3688
239441,3614
241658,3061
241754,3719
242066,3471
242103,3031
242210,3497
242310,3351
242408,3439
242573,3508
242735,3581
242759,3579
242875,3571
243080,3511
243203,3630
243337,3554
243510,3588
243540,3432
243762,3604
243812,3741
243887,3602
244003,3535
244050,4068
244194,4167
244356,4355
244782,3860
245230,4194
245448,3920
246626,3808
246664,4450
246789,4272
246936,4189
247013,4188
247144,4330
247225,4482
247319,4329
247468,4443
247571,4203
247837,4704
248029,4664
248152,4649
248325,4536
248472,4269
248488,4484
248680,4232
249636,3457
249812,3693
249895,4104
250013,4093
250144,4025
250318,4010
250496,3935
250657,4239
250841,4163
251154,4223
251257,4230
251332,4306
251470,5127
251567,5054
252149,4411
252341,4335
252519,4700
252674,4679
252923,4367
253037,4394
253182,4489
253210,4658
253455,4576
253784,4540
253969,4421
254104,4376
254279,4346
254426,4296
254504,4332
254544,4371
254639,4445
254731,4448
254757,4534
255862,5191
255902,4483
255997,5888
256059,4417
256177,4421
256318,7193
256359,4745
256443,7013
256653,6703
257028,5917
259836,3791
260121,3564
260680,3146
260700,3235
260847,3228
260880,3285
261161,3233
261179,5405
261545,3012
261714,3006
261866,3370
261969,3676
262037,3141
262125,3601
262190,4317
262242,4306
262291,3487
262352,3289
262445,3405
262530,3727
262594,3509
262743,3593
262893,3595
263048,3697
263353,3464
263881,3189
264169,3889
264710,2898
264914,3839
265055,3749
265163,3923
267008,2844
267206,3534
267229,3462
267323,3547
267378,3412
267607,3455
267732,3487
267751,3761
267846,3588
267896,3844
268018,3873
268159,3782
268621,3693
268768,3941
269945,3229
270104,3199
270245,3602
270397,3562
270565,3729
270903,3822
270992,3857
271101,4044
271223,4035
271340,3862
271566,4249
271586,4479
271729,4214
271766,4230
272401,4108
272462,4153
272531,4170
272628,4260
272780,4264
272824,4532
273322,4188
273547,3967
273640,3767
274208,4159
274335,3372
274484,3937
274680,3866
274793,3939
274935,3898
274992,3938
275300,3710
275336,3768
275426,4054
275592,4062
275656,4136
276688,4194
276873,4087
276929,3900
277056,4000
277601,3930
277749,3836
277839,3886
277879,3779
279088,3057
279131,3078
279309,3150
279693,2910
279821,2836
279830,2932
279960,2938
280064,4347
280206,4147
280231,4489
280308,3458
280485,3525
280623,3483
281123,4451
281220,3861
281456,3530
281754,3603
281899,3435
283031,2837
283099,2853
283344,3385
283394,3402
283524,3711
283600,3942
283701,4418
283809,4432
283998,4344
284179,4268
284233,4303
284834,3952
284991,3907
286001,3350
286048,3256
286233,3455
286260,3681
286600,3486
286747,3458
286831,3364
286916,3863
286967,3987
287069,4006
287153,4056
287302,4099
287409,4540
287549,4616
287580,4305
287719,4281
287897,4629
288986,3982
289010,3772
289160,3880
289332,4162
289481,4093
289511,4161
289953,3937
290100,3900
290238,3867
290298,4217
290451,3916
290474,4174
290586,4307
291374,3594
291540,4180
291565,4326
291683,4644
291863,4519
292005,4428
292032,4566
292200,4484
292362,4374
292560,4233
293108,3925
294672,3024
294723,3018
294810,3009
294925,3009
295050,2970
295183,3332
295314,3471
295350,3382
295559,4173
295769,4648
296100,4431
296424,4145
296465,3887
296623,3847
298062,2986
298087,3097
298244,3312
298492,3708
298625,3032
298783,3600
298821,3197
298933,3570
298973,3468
299074,3668
299115,3891
299239,4138
299258,4365
299569,4257
299778,3953
301578,3436
301720,3431
301764,3713
301797,3459
301961,3402
302108,4244
302254,4152
302544,4058
302694,4038
302843,3695
302866,4279
303095,3981
303237,3786
303330,3865
303442,3901
303672,4000
303832,3915
303890,3958
304033,3928
304183,3878
304353,3850
304524,3828
305577,3403
305731,3198
305779,3182
305920,3801
306555,3436
306638,4136
306795,4117
306982,4026
307103,3970
307288,3894
307380,3939
308432,3700
308450,3356
308521,3560
308769,3412
308802,3837
308993,3700
309139,3674
309309,3455
309389,3579
309428,3916
309540,4011
309815,3789
309931,4420
310004,3731
310195,4230
310335,4186
311597,4132
311916,3871
312067,3774
312222,4382
312428,3817
312683,3828
312811,4582
312909,4224
313066,4591
313198,4325
313366,4292
313417,4415
313565,4386
313704,4298
313780,4894
313919,4672
313991,4393
314061,4520
314181,4841
315026,3833
315066,3673
315162,3715
315244,4220
315339,4548
315373,4690
315440,4935
315693,3824
315892,4233
316046,4170
316199,4351
316358,4388
316755,4821
316958,4673
318166,3985
318402,3993
318423,4099
318571,4001
318717,3909
318999,4083
319153,3982
319192,4315
319302,4362
319319,4244
319519,4096
319585,4153
319724,4630
319744,5190
319901,5223
320053,4698
320192,4723
320329,4905
320712,4646
321034,4258
321351,4493
321445,4898
321771,4250
322155,4353
322224,4568
322364,4849
323338,4054
323498,3869
323673,3781
323834,3902
323882,4050
323962,4230
324078,4214
324223,4736
324367,4358
324533,4607
324650,4541
324763,4624
324790,4878
324955,5139
324998,4918
325136,4883
325287,4682
325400,4780
325456,5024
325630,5073
326302,4531
326594,4300
326616,4301
326818,4290
327824,4054
327985,3968
328027,3771
328307,3704
328467,3671
328640,4151
328805,3932
328824,4339
328976,4355
329043,3942
329445,4501
329594,4578
329680,4959
329755,4938
329915,5054
332174,4086
332215,3729
332632,3249
332765,3228
332999,3043
333204,4131
333230,3559
333309,3314
333372,3355
333538,3446
333576,3637
333754,3978
333788,3997
333916,3970
334220,3933
334464,3871
334791,3771
334811,3906
335199,4467
335680,3225
335893,3589
336054,3676
336208,4624
336315,3678
336652,4338
336800,5020
336975,4909
337030,4927
337131,4805
337300,4687
337352,4837
337435,4742
337584,5043
338609,4155
338760,3958
338982,3933
339100,4237
339111,3989
339225,5188
339301,4823
339312,4807
339418,4781
339515,5298
339644,5116
339778,5141
339801,5939
339948,5897
340066,5843
340193,5815
340346,6000
340368,6111
341135,5648
341339,5633
341549,5604
342016,5437
342242,5307
342385,5455
342522,5524
343132,5584
343177,5175
343305,5133
343488,5057
343530,4958
343624,5815
343679,5941
343795,6191
343799,6115
343949,6191
344003,6250
344205,6255
344251,6510
344593,6002
344758,6310
344959,6219
344983,6764
345154,6517
345196,6431
345574,6224
345603,6503
345840,6503
346021,6366
347560,5222
347668,5499
347700,5393
347880,5583
347949,5263
348074,5323
348100,5450
348189,5721
348377,5875
348579,5757
348626,5811
348750,5804
348765,6264
349035,6156
349192,6186
349396,6118
349464,5973
350754,5041
351048,5484
351214,5400
351317,5494
351351,5448
351466,5499
351474,5709
351742,5858
351895,5812
351917,5827
352130,5768
352196,5632
352904,5218
352928,5353
353056,5348
353217,5332
353587,5086
353684,5120
353745,5113
354010,4940
354230,4890
354704,4477
354862,5005
355161,4478
355218,5262
355326,6576
355636,4623
355848,4745
355907,6425
358401,3716
359395,3057
359691,3479
359942,3458
360091,3563
360117,3449
360312,3388
360578,3744
360771,3245
360778,3396
360934,3833
361098,3804
361253,3781
361768,3654
361951,3696
361961,3736
362122,3626
362255,3556
362526,3566
362689,3456
363082,3290
363419,3323
363571,3315
363731,4199
363860,4092
364011,3729
364049,4328
364198,3849
364223,3857
364360,3989
364482,4140
364521,4190
364556,4354
365680,3446
365836,3652
366575,3189
366769,3214
366914,3330
367032,3338
367173,3917
367302,4286
367567,4123
367708,4884
367769,4023
368572,3362
368990,3964
369140,3573
369162,3487
369312,3702
369437,3548
369573,3813
369611,3885
369738,3749
369816,3853
370214,4012
370336,3987
370398,4103
370520,3859
370718,3851
370868,3917
371002,3947
371040,4043
371070,4266
371447,3897
371818,4067
371972,4128
372149,3858
372367,4025
372508,3937
372642,3900
372782,3867
373492,3556
373628,3624
373900,4077
374058,4052
374316,3731
374650,3918
375420,3686
375615,3538
375778,3402
375970,4253
376009,4862
376107,4021
376167,4026
376413,3974
376557,3942
377234,4491
377433,4014
377613,3988
377759,4847
377898,6950
378089,7637
378260,10237
378292,7788
378417,9180
378438,9339
378574,9730
378736,10023
379480,9182
379606,9317
379653,9272
379786,9453
379984,9983
380012,9813
380210,9703
380345,9429
380535,9342
380696,9233
380842,9139
380908,9109
381719,8312
381762,8587
382009,8435
382135,8452
382285,8647
382396,8344
382422,8711
382926,8446
382963,8136
383115,8036
383234,8187
383326,7969
383552,7967
383693,7950
383836,7905
383860,8014
383992,8028
384028,8070
384314,8380
384462,8345
384603,8476
384642,8408
384771,8486
385021,8310
385242,8241
385445,8175
385661,8387
385881,8637
386203,8560
386354,8716
386587,8625
386601,8342
386750,8405
387757,9288
387924,9112
389050,8066
389579,7589
389726,7843
390886,8191
390963,8195
391176,8968
392227,7985
392251,7261
392323,7135
392476,7297
392640,7112
392731,7256
392861,7253
392888,7405
393096,7449
393123,7404
393297,7403
394592,7161
394808,7018
394982,6937
395225,6903
395251,6874
395394,6940
395467,6911
395556,6838
395621,6896
395676,6951
395812,6947
395964,6914
395997,6873
396145,6836
396371,6839
396867,7505
397096,7917
397220,7739
397235,8003
397580,7013
397598,7465
397745,7368
397902,7263
398055,7160
398411,7394
398453,7017
398578,6947
398587,7320
398688,6887
399115,7651
399212,7643
399301,7891
399345,7912
399383,8027
399433,7924
399614,7319
400670,6789
400857,6808
401122,6464
401158,6721
401411,6558
401555,7525
401961,7204
402609,6728
402758,6631
403011,6470
403031,6655
403212,6535
403319,6641
403567,6543
403906,6802
404075,7036
404274,7105
404656,6293
404784,6516
404941,6486
405078,6400
405421,6276
405991,5935
406956,5819
406980,6036
407135,6464
407318,6341
407469,6247
407701,6284
407751,6330
408057,6140
408295,6006
408312,6362
408567,5890
408583,6154
410374,5038
410538,5657
410576,4881
410643,5102
410798,5095
410917,5027
411051,5163
411192,5176
411330,5147
411477,5157
411526,5266
411744,5124
411771,5252
411962,5151
412004,5427
412127,5199
412136,5272
412256,5816
412603,5100
412936,5047
413129,4996
413620,4798
413764,4686
414122,4907
414311,4654
414469,4805
414489,4836
414631,4895
414805,4775
414953,5788
415207,5874
417569,4055
417766,3928
417910,4026
418155,3718
418294,3708
418471,3610
418594,5741
418598,5620
418632,5619
418860,5665
418997,5461
419076,5492
419146,5487
419305,5638
419366,6093
419534,5418
419628,5485
419656,5767
419835,5794
419983,5525
420051,5571
420110,5989
420173,5844
420395,6705
420597,6382
420769,6582
420855,6301
420911,6548
420997,6403
421180,6351
421223,6355
421686,5942
421837,5882
422144,6053
422931,6215
423113,6823
423121,6112
423451,6262
423621,6148
423780,6039
423932,5937
424030,6799
424083,6680
425116,5753
425169,5904
425250,6361
425337,6113
425503,6045
425652,6008
425731,6010
425815,6104
425889,6675
426036,6155
426164,6303
426167,6052
426293,6048
426777,6027
426818,6076
426948,6096
427142,5979
427301,5991
427875,5456
427931,5470
429671,4067
429833,4009
429976,3910
430131,3993
430238,4800
430309,5003
430563,5628
430728,5404
430869,5767
431131,5162
431405,5496
433077,4501
433391,4248
433484,4569
433574,4885
433617,4443
433732,4312
433923,4675
433966,5085
434049,4654
434136,4692
434212,4440
434346,4291
434472,4406
434584,4518
434744,4409
434879,4323
435201,4050
435369,4022
435519,4136
435558,3768
435714,4055
435894,3932
436159,3726
436730,2978
437677,7036
437702,9072
438111,6781
438317,6805
438447,6852
438668,6857
438732,8482
438885,8580
438890,7838
439034,8543
439184,8140
439350,8342
439489,8350
439686,8381
439869,8275
440899,7457
441062,7505
441206,6751
441311,7145
441334,7432
441354,7297
441380,6533
441557,6506
441681,6541
441816,6870
441933,6848
442141,7755
442626,8594
442811,8230
442970,8338
443130,8339
443300,7440
443321,7010
443474,7356
443507,7154
443652,7298
443668,7441
443830,7307
443844,7775
444010,7373
444018,7804
444183,7834
444348,8001
444377,7265
444512,9567
444545,9034
444673,9478
444836,9332
445011,9219
445197,8791
445823,8277
446124,8512
446598,9814
446877,9686
446897,9825
447045,9851
447070,9746
447323,9729
447562,9697
447756,9391
448336,9174
448519,9052
448898,8724
449075,8709
449235,11150
449348,8496
449519,9529
449526,9630
449680,9850
449729,9638
449831,9730
449996,9796
450027,9654
450153,9822
450317,9761
450477,10146
450490,9791
450727,9826
451213,9503
451373,9374
451659,9108
452543,8367
452696,7984
452758,8205
452918,7999
453060,8097
453168,9075
453178,9641
453339,9245
453463,9238
454473,8289
454796,7840
454884,7992
455031,7897
455150,7828
455312,7732
455370,7731
455496,7749
455543,7852
455714,7773
455747,7846
455867,7839
456547,7818
456712,7758
456991,7593
457153,7557
457361,7476
457922,7022
458161,6902
458306,6881
458446,6884
458583,6857
458632,6924
458810,6870
458958,7531
459179,7518
459366,7380
459645,7162
459877,7044
460059,6977
460245,6918
460963,6373
461554,6965
461732,7594
461803,7756
461888,8873
462074,8648
462160,8827
467955,3741
468130,3084
468330,3272
468462,3450
468631,3381
468800,3501
468965,3482
469723,3286
469887,3361
469937,3223
470403,2981
470587,2928
470733,3056
470816,3246
471016,3094
471044,3198
471139,3516
471261,3753
471631,3585
471748,3407
471851,4125
471952,3625
472052,3839
472084,3675
472658,3370
472795,3412
473550,2883
473771,2816
473923,3028
474067,3275
474177,3281
475137,3225
475259,3561
475551,3219
475723,3320
476652,3191
477236,3181
477312,3394
477379,3953
477430,3599
477597,3041
478156,3786
478315,3097
478465,3284
478601,3751
478742,3599
478863,3589
478901,3598
479036,3725
479179,3698
479676,4066
479853,3163
479917,3483
479982,3703
480091,3999
480212,3648
480692,3660
480844,3576
480903,3648
481296,3375
481434,3559
481467,4012
481591,3798
481991,3850
482186,3959
482364,3879
482490,4166
482745,3916
482984,3938
483158,3669
483176,3751
483491,3848
483710,3806
483923,3804
484155,3832
484690,3393
484906,3541
484925,3861
485035,3641
485208,3679
485389,3902
485800,3618
485979,3489
485998,3534
486952,3161
486976,3307
487124,3366
487350,3236
487569,3179
487767,3367
487835,3233
488096,3642
488129,4399
488284,4207
488372,4074
489107,3750
489309,3624
489461,4031
489625,3697
489777,3598
489929,3496
490072,3737
490642,3353
490834,3624
490863,3815
490999,3640
491155,3594
491173,3728
491356,4458
491504,4464
491531,4304
491670,4076
491794,4415
491835,4050
491917,4426
492070,4693
493004,3605
493034,3703
493133,3766
493189,3846
493343,3745
493495,4317
493644,4360
493777,4442
493894,4397
494510,4166
494735,4151
494807,4175
495057,4116
495192,4158
496036,3634
496057,3753
496405,3639
497196,3168
497231,3798
497310,3607
497407,3559
497640,3560
497895,3558
498062,3444
498187,3878
498394,3323
498412,3585
498574,3623
498750,3567
499472,3104
499517,3509
499650,3804
499716,3672
499842,3666
499873,3782
500163,3996
500327,3808
500506,3681
500640,3895
500777,3862
500909,4001
501766,3282
502067,3154
502228,3145
502384,3487
502606,3316
502630,3669
502725,3810
502809,5854
502842,4296
503034,5192
503158,4074
503826,4291
503864,5065
503996,4811
505224,3760
505443,3422
505461,3603
505688,4402
505705,4748
505823,4320
505961,4233
505977,4753
506105,4138
506808,3522
506975,3422
507366,3374
507385,3500
507538,3431
507555,3645
507691,4211
507716,3944
507848,3905
507869,3904
508022,3927
508187,4460
508370,4382
508526,4177
509202,3581
509326,3480
509348,4089
509402,4024
509531,3692
509696,3330
509842,4086
509898,4483
509944,5413
511097,3500
511235,4201
511344,3353
511970,3969
512222,4020
512653,4038
512990,3112
513075,3541
513284,3459
513450,3343
513474,3457
513648,3470
514720,2841
514750,3121
514908,3256
514943,3269
515209,4300
515696,2913
516167,3444
516535,4106
516693,4091
516830,3817
517691,3306
517740,3293
517916,3193
517949,3401
518097,3292
518311,3340
518461,3302
518581,3128
518713,3575
518732,3489
518847,3891
518890,3674
518983,3859
519134,3655
519153,4100
519313,4332
519348,4469
519405,4294
519646,4103
520347,4214
520483,4136
520692,4079
520855,4059
521399,3993
521483,3769
521798,3525
522042,3399
522181,3344
522317,3958
522360,4097
522387,4207
522642,4059
522849,4047
522907,3844
523001,4346
523037,4390
523143,4334
523312,4249
523446,4214
523641,4108
523777,4187
525033,4074
525242,3487
525495,3148
525633,3169
525773,3271
525927,3517
527005,3004
527235,3525
527695,3143
527789,3111
527972,3137
528180,3164
528395,3319
528870,3360
528883,3490
529066,4018
529242,3899
529313,3805
529441,3625
529574,3595
529723,3605
529842,3670
529843,3577
530011,3588
530148,3642
530327,3452
531230,2856
531374,3081
531415,3075
531598,3565
531741,4054
531783,3905
531932,4113
532054,3871
532359,3733
532515,4097
532660,4167
533948,3078
534131,3225
534170,3272
534291,3324
534358,3345
534621,3450
534767,3580
534906,3911
534979,3597
535129,3947
535212,4034
535348,3543
535520,3627
535808,3552
535943,3499
536090,3524
536230,3800
536509,3433
536650,3536
536701,3634
536866,3689
537713,3065
537743,3136
537885,3737
537938,3618
538237,3435
538381,4317
538408,3805
539298,4131
539512,3863
539666,3813
539813,3903
540000,3927
540878,3538
541165,3685
541536,2960
541734,2861
541862,2938
542031,3013
542076,3545
542299,3411
542337,3495
542426,3341
542547,3356
542591,3358
542776,4089
542803,3860
542961,3847
543133,4492
543414,4675
543628,4443
543881,4273
545187,3241
545486,3282
545652,3208
545833,3124
546003,3070
546011,3139
546213,3172
546227,4333
546347,4419
546395,4193
546552,4174
546696,4181
546914,4094
546936,3890
547074,4109
547116,4383
547196,4495
547423,4333
547652,4290
547832,4201
549147,3305
549193,3400
549342,3401
549443,3577
549468,3471
549635,4080
549775,3595
549913,3309
550040,4747
550140,4201
550326,4098
550601,4130
550845,3938
551058,4308
551215,4235
551366,4314
551558,4263
551726,4283
552886,3555
553055,3340
553084,3365
553420,3083
553584,3032
553744,3011
553831,3272
553979,3522
554020,3623
554100,3529
554542,3642
554571,4235
554823,3930
554847,3896
554965,3891
555000,4404
555118,4493
557120,3347
557466,4297
557660,3431
557828,3425
557858,3577
558015,3377
558059,3768
558210,4126
558346,3836
558473,3968
558584,3915
558812,3915
558897,3833
558935,3873
559076,3831
559175,3795
559323,4107
559452,4102
559456,4214
559611,4331
559744,4265
559790,4814
559861,4592
560107,4432
561522,4941
561546,4375
561723,4276
561868,4231
562015,4179
562402,4760
562530,4852
562559,4785
562756,4692
563147,4521
563228,4555
563341,4519
563485,4726
563742,4480
563769,4369
563842,4816
564058,4356
564199,4925
564259,4929
564504,4744
564646,4953
564698,4833
564796,4866
564953,4760
564984,4814
565158,5093
565177,4889
565348,5217
565493,5138
565640,5345
565761,5496
566596,4590
567756,4829
567903,4619
568058,4395
568397,4181
568540,4147
568813,4190
568961,4120
569004,4210
569178,4281
569363,4503
569834,4114
569881,4119
570008,4612
570078,4374
570156,4541
570503,4295
570633,4115
570716,5006
570955,4702
571044,4830
571083,4958
571218,4963
571328,4764
571631,4830
571876,4950
572036,4915
573810,3844
573998,3647
574057,3733
574121,3838
574244,3867
574276,3924
574459,4398
574487,4376
574668,4252
574816,4146
574958,4331
575110,4234
575254,4963
575303,4667
575497,4954
575537,4768
575660,4837
576311,4318
576481,4280
576652,4653
576797,4571
578226,4114
578248,3610
578500,3975
578631,3955
578958,4079
579106,4069
579146,4085
579316,5254
579387,3931
579412,5271
579550,5186
579690,5057
579719,4638
579857,5014
579993,4479
580049,4645
580167,4650
580322,4601
580442,4531
581981,3319
582150,3253
582405,3061
582581,3122
582687,3233
582762,3300
582861,3357
582936,4098
583158,3737
583317,3629
583453,3719
583760,3990
583927,4134
584079,4059
584491,3848
585228,3556
585476,3458
585697,3365
585994,3488
586242,3891
586354,3065
586517,3523
586644,3389
586650,3600
586885,3340
587019,3600
587171,3496
587452,3401
587575,3576
587860,3345
587887,3713
588033,3970
588182,3768
588230,3663
588355,3780
590305,3164
590818,3082
590971,3614
591087,4297
591259,4182
591765,3729
592135,3410
592286,3264
592343,3253
592467,3327
592709,3440
592957,3140
593085,3885
593103,3891
593272,3749
593308,3877
593469,3766
593582,4126
593592,3729
593719,3803
593735,3879
593881,3872
593978,4030
594115,4318
594254,4262
594320,4327
594644,4101
594870,3945
595016,4064
595844,3521
595871,3573
595973,3518
596260,5039
596304,5103
596322,5127
596369,4813
596720,4752
596838,4687
597027,4551
597128,4805
597309,4766
597468,5047
597622,5091
597762,5015
597808,5550
597921,5486
599061,4550
599582,4079
599601,4123
599684,4779
599920,4672
600043,4615
600151,4633
600240,5900
600379,5841
600634,5946
600824,6241
601866,5014
602109,4020
602141,4826
602282,4359
602347,4755
602525,4423
602545,4581
602732,4268
602949,4834
603076,4806
603215,4907
603361,4866
603444,5105
603496,5148
603673,4900
603766,4926
603812,5009
603954,4963
604088,5092
604104,5493
604988,5258
605031,5101
605313,4871
605350,4980
605441,5126
605500,5182
605696,5080
605842,5104
606400,4950
606671,4817
606734,4808
607147,4784
607236,4506
607917,4913
608107,4729
608607,4086
608734,4157
608857,3784
609013,3869
609036,4268
609205,4033
609241,5207
609307,4076
609424,4240
609672,4095
609937,4817
609964,4678
610229,4480
610392,4396
610490,4393
612068,3276
612562,3005
612920,3267
613127,3585
613301,3487
613447,3886
613497,3876
613608,3846
613705,3856
613850,3815
615349,3421
615389,3100
615546,3024
615618,3142
615715,3307
615836,3289
615977,3477
616038,3558
616165,3543
616290,3515
616434,3942
616533,3902
616591,3924
616810,4161
616825,4040
616932,4648
617045,4607
618897,2808
619109,3072
619246,3540
619329,3623
619552,3489
619986,3134
620318,3477
620486,3821
621097,3077
621651,3490
621790,3403
621797,3545
621927,3477
622038,3970
622178,4001
622427,3248
622576,3250
622595,3468
622738,3743
623049,3484
623184,3997
623361,3755
623498,3822
623636,3960
623757,4259
623810,4293
623922,4270
623977,4446
624042,4548
624478,4213
624661,4130
624852,4029
625295,3725
625785,3462
625860,3552
626117,3761
626290,3641
626310,3783
626445,3769
626584,4000
626615,3915
626725,3981
626775,4029
626921,4820
627102,4724
627231,4380
627360,4636
628222,4007
628326,4065
629170,3316
629703,3042
629716,3126
629858,3868
630084,3511
630211,3588
630629,3426
630770,3242
630894,3358
630905,3915
631042,3938
631086,3982
631128,4028
631878,3693
632057,3565
632323,3327
632590,3242
633070,3449
633106,3236
633400,3169
633878,3154
633891,3358
634040,3327
634170,3970
634338,3370
634488,3472
634605,3444
634673,3837
635655,2846
635753,3197
635904,3099
636148,3478
636368,3401
636496,3236
636640,3437
636680,3667
636764,3748
636895,3674
637080,3568
637364,3353
637496,3487
638211,2949
638243,4818
638579,4538
638602,3193
638683,3323
638828,4138
638967,4099
639102,3914
639123,3994
639438,4001
640089,3640
640217,3766
641434,3214
641458,3136
641615,3336
641658,3681
641806,3612
641838,3947
641925,3741
642327,3878
642569,3688
642671,3802
642760,4001
642887,4018
643229,3825
643252,3860
643425,3787
644084,4003
644099,3979
644429,3865
644642,3747
644788,3881
644811,4104
645019,3905
645143,3838
645319,3712
645593,4410
645755,4200
645884,4441
646033,4074
646065,4041
646207,4468
646328,4050
647140,3643
647419,3700
647575,3595
647765,3860
647866,3820
647915,3839
648110,3708
648334,4338
648468,4345
648502,4201
648625,4292
649403,3546
649426,3662
650143,3223
650194,3133
650367,3140
650508,3620
650738,3452
650862,3906
650950,4258
651024,4051
651168,3777
651213,4059
651441,3896
651472,4041
651655,4011
651794,3969
653055,3064
653220,3288
653250,3411
653359,3250
653600,3856
653636,3901
653811,3878
653935,3998
654120,3760
654246,4359
654304,3692
654443,3950
654601,3840
656088,3814
656324,4008
656335,3399
656453,3724
656539,3275
656795,3657
656952,3550
657121,3616
657292,3531
657531,4159
657717,4126
657742,4177
657920,4073
658061,4062
658200,4218
658989,4114
659028,3883
660010,3503
660212,3848
660403,3755
660537,3921
660570,4151
660652,4086
660779,4038
660923,4294
660961,4873
661123,4585
661191,4702
661244,4767
661294,4531
661299,4667
661422,5363
661525,5644
661676,5958
662470,5183
662502,4915
662710,4831
662924,4757
662953,4907
663303,4734
663320,4978
663446,5091
663586,5550
663725,5501
663841,5508
664122,5467
664292,5356
664303,5397
664556,5241
665052,4939
665110,5132
665241,5083
665379,5485
665436,5526
665508,5679
665585,5670
665715,5622
665861,5538
666059,5559
666204,6088
666394,5968
666546,5951
666754,5660
666932,6405
666976,6498
668230,5334
668336,5289
668532,5189
668592,5234
668667,5226
668739,5364
668764,5329
668858,5842
669361,5394
669488,5356
669615,5342
670719,5185
670905,5156
671014,4661
671029,4684
671233,4607
671365,4589
671458,4727
671573,4547
671742,4494
671862,4921
671999,5257
672110,5326
672219,5419
672572,5009
672918,4774
673136,4918
673157,5010
673302,4954
674923,3454
675130,3887
675158,4138
675504,3846
675747,4162
675901,4201
676298,3598
676448,3701
676610,4298
676816,4145
676913,4211
676951,4239
677095,4280
678529,3264
678552,3809
678710,3703
678852,3659
678994,3468
679093,3682
679158,3713
679311,3755
679430,3687
679565,4336
679708,4085
679940,4063
680100,4121
680197,4957
680217,3915
680361,4997
680384,4868
680525,4542
680594,4822
680716,4382
682557,2983
682708,3044
682904,2962
683518,3157
683535,3207
684324,3647
684490,3501
684646,3391
685304,3347
686219,3915
686387,3216
686744,3132
686784,3233
686942,3278
687039,3306
687151,3209
687245,3775
687525,3242
687531,3157
687661,3299
687775,3296
687778,3577
688022,3263
688107,3298
688250,3205
688345,3217
688422,3627
688520,3335
688685,3360
688710,3392
688844,3318
688987,3271
689149,3243
689308,3198
689998,6988
693008,4165
693226,4003
693425,3904
693594,3787
693790,3848
693960,3730
693972,3899
694154,3670
694162,4621
694353,3698
694360,3578
694494,3983
694521,3777
694563,4091
694684,4056
694859,4195
695033,4082
695192,5739
695346,4090
695523,4153
695540,4184
695698,4316
695736,4474
695858,5020
695901,4928
696017,5135
696064,4820
696176,4637
696222,5275
696375,5181
696613,4927
696780,4812
697769,5148
697927,5262
697995,5215
698065,5304
698154,5134
698356,5442
698572,5113
698666,5116
700339,5396
700497,5186
700643,5011
700979,4731
701018,4757
701181,5150
701226,5188
701308,5078
701384,5041
701745,5000
701775,4790
701922,4851
701942,4955
702044,5016
702157,4929
702510,5600
702590,5575
702768,5474
702991,5360
703010,5403
703242,6606
703403,6262
703563,6129
703615,6129
703810,6065
704036,5915
704166,6193
704331,10495
704482,11318
704589,12009
704710,12363
704812,12399
705953,11487
706120,11411
706142,11594
706442,11204
706593,11246
706635,11396
706763,11311
706924,11424
707168,11023
707325,11242
707399,11311
707431,11085
707484,11156
708746,9961
708920,9882
708971,9913
709076,9998
709152,9973
709237,10438
709325,10017
709371,9963
709451,10025
709516,9997
709651,10076
709758,10229
709799,10268
709957,10129
710932,9394
711111,9266
711252,9353
711342,9140
711848,9108
712001,9133
712049,8953
712174,8901
712532,8797
712557,8782
712701,8742
712728,8848
712869,8804
712888,8916
713003,8932
713136,8919
713162,9074
713296,9027
714922,7559
715907,6669
716697,6075
717234,8630
717387,8635
717768,9070
718321,9547
718857,9123
719037,8972
719208,8877
719508,8604
719643,8496
719817,8350
723995,4199
724279,5944
724342,5430
724475,5356
724522,3893
724591,5274
724704,5440
724844,5925
724965,6169
724972,6202
725085,6116
725110,6743
725198,6467
725343,6466
725465,6989
725863,7011
726017,10354
726329,10704
726634,10800
727250,10547
727306,11437
727463,11630
727604,11783
727723,11637
727833,11663
727962,11840
728823,11078
729003,10877
729199,10816
729366,10969
729504,10936
729636,10912
729805,10827
729940,10773
730125,10787
730577,10250
730804,11062
730970,11061
730989,10880
731303,10668
731390,10547
731684,10551
731893,10287
732246,9833
732927,9228
733161,9169
733507,8888
733670,8799
733885,8653
734027,8765
734160,8564
734321,8758
734483,8655
734636,8886
734776,8775
734790,8556
735006,8429
735239,8408
735336,8467
735580,9000
735817,8725
735987,8673
736083,8686
736181,8810
736237,9542
736534,9492
736539,9414
737173,9037
737564,8799
737922,8410
738902,9001
739195,8808
739607,8506
739621,8916
739790,8515
740095,8616
740239,8400
740534,7922
740695,7893
741022,7847
741060,7941
741247,10033
741601,9564
741625,8923
742748,8145
742884,8212
742896,8589
744143,6863
744413,6966
744588,6619
744736,6598
744822,6767
744876,6760
745045,6888
745188,7165
745232,6950
745841,8521
746046,7928
746097,8354
746397,7853
746455,7878
746622,7989
746777,8604
746928,8649
747049,8436
747189,8204
747206,7361
747703,8891
747744,8967
748128,8769
748369,8679
748546,8661
748707,8672
748725,8649
748843,8748
748907,8537
749081,8774
749615,8503
749782,8315
749838,8141
749885,8308
750000,8236
750156,9531
750226,9579
750324,9638
750355,9766
750493,9621
750695,10275
750730,9637
750848,10257
751000,10054
751734,8953
752011,9069
752083,9072
752243,10681
752511,9056
752585,8619
752673,8513
752797,8456
752950,8560
753100,9147
753583,9071
753744,8963
753806,9056
753941,9037
754086,9061
754130,9272
754702,8808
754871,8700
755039,8822
755198,8606
755733,8240
755893,8025
755912,8137
756087,8029
756245,9410
756317,8053
756700,9111
756863,9008
757032,8891
757188,8897
757493,8700
757675,8727
757684,8863
757838,8693
758403,8217
758566,8107
758601,8171
758718,8051
758775,8278
758871,8140
758946,8348
759799,9105
759959,9065
760401,8738
760798,8280
760811,8401
762074,7184
762090,7505
762391,8256
762420,8250
762782,7980
762941,7884
763084,7941
763205,7760
763310,7732
763491,7689
763640,7596
764221,8688
764334,6998
764480,6907
764597,7013
764690,7108
764829,7179
764849,7394
764970,7258
765709,7409
765922,7248
766356,6889
766842,6719
767135,6548
767261,6434
767335,6281
767553,6224
767751,6101
767778,6158
767962,6234
767983,6307
768189,6274
768252,7416
768359,6095
768528,7279
768989,6874
769134,6835
769974,6119
770028,6154
770171,6127
771365,7744
771653,7480
771834,5973
771872,7344
772038,6822
772059,5976
772564,6729
772641,5671
772716,6642
772894,6829
772951,6603
772991,6885
773963,5962
774025,6031
774151,5954
774388,5768
774600,5620
774746,6175
774794,5687
775059,5526
775191,5441
775840,4862
776751,4051
777004,4562
777173,4448
777322,4405
777347,4607
777534,4830
777642,5075
777694,5149
777873,5580
777892,5463
778098,5367
778254,5266
778419,5153
778573,5052
778885,4986
779428,4563
779557,4506
779838,4868
780004,4817
780168,4587
780317,4634
780654,4301
780958,4129
781063,4650
781133,4516
781255,5038
781515,4833
781660,4785
781779,5041
781891,5039
782927,4412
783131,4268
785139,3511
785427,3389
785619,3343
785778,3382
785816,3699
785943,3628
786102,3559
786117,3667
786253,3674
786475,3510
786524,3563
786636,4057
786715,4239
786771,4407
786959,4167
787158,4045
787391,3864
787517,3955
787651,4220
787670,4409
787849,4346
787918,4819
788013,4731
788325,4471
790415,3888
790521,3830
790639,3787
790735,4619
790790,4663
790904,4654
790967,5178
791045,4945
791237,5741
791356,5752
791524,4713
791667,5002
791913,5139
791951,4808
792098,4764
792239,4942
792289,4623
792445,4519
792578,4435
792765,4695
792901,4609
793042,4661
793195,4669
793450,4519
793665,4380
793803,4334
794949,3776
794985,3895
795138,4366
795643,4351
795812,4738
796073,4447
796242,4788
796334,4602
796627,4785
797554,4292
797733,4106
798133,3695
798187,3900
798287,4045
798430,3967
798666,4020
798767,3933
799052,3782
799226,3896
799303,3947
799335,3770
799498,4024
799624,4026
799679,4023
799747,4610
799856,4746
800293,4225
800980,3813
801070,3789
801213,4264
801331,3905
801481,4108
801722,3956
801851,4286
802105,4080
802125,4204
802556,4272
802838,4519
802903,4506
803138,4906
803301,4799
803358,4558
803448,4700
803605,4544
803803,4397
803941,4357
804607,3859
804641,3883
804807,3822
805686,3256
805826,3168
806004,3511
806157,3409
806229,3464
806379,3836
806417,3653
806502,3847
806644,4244
806662,4587
806856,4549
807007,4491
808903,3039
809078,2961
809102,3032
809327,3756
809345,3672
809489,3874
809653,3757
809743,3982
809892,4045
809915,4249
810057,4355
810244,4499
810307,4216
810390,4072
810556,4433
810690,4249
811025,4107
811216,3889
812614,3020
812804,3339
812912,4130
813097,3323
813237,4073
813348,3505
813471,3739
814224,3853
814353,4246
814582,4083
814776,4096
814801,3835
814945,3639
816260,4236
816478,3025
816591,3029
816633,3054
816755,3023
816877,3176
816889,3475
817025,3405
817351,3206
817509,3646
817678,3535
817902,3764
818199,3403
818215,3825
818350,3637
818370,3813
818415,3829
819850,3197
819893,3225
820025,3509
820163,3603
820197,3688
820356,3858
820669,3591
820853,3688
821016,3614
821135,3592
821564,4272
821710,4244
821823,4557
821848,4268
821991,4015
822191,3975
822293,4182
822305,4100
823492,3033
823635,3297
823677,3363
823913,3180
824063,3486
824236,5227
824444,3367
824586,3278
824721,3368
824750,3453
824842,3666
825164,4393
825408,4136
827352,2999
827582,3383
827613,3437
827731,3395
827890,3789
827919,4093
828040,3851
828134,3939
828340,3984
828521,4594
828595,3898
828625,4139
828745,4422
828998,3882
829165,3662
829363,3987
829686,3754
829800,3905
829810,3759
829934,3868
829964,3908
830126,4177
830142,4237
830307,4590
830413,4419
831180,4119
831201,3681
831319,4424
831515,4293
831940,3999
832099,4084
832306,4812
832478,4339
832579,4618
832604,4384
832804,4274
832955,4426
833210,4407
833389,4326
833547,4260
834463,4012
834478,4136
834634,4033
834666,4544
834734,4758
834924,4413
835042,5031
835203,4818
835410,4903
835567,4797
835637,4956
837878,3214
837938,3245
838016,3241
838103,4129
838247,4269
838295,3913
838348,4037
838533,3889
838684,3879
838883,4539
838905,4201
839038,4436
839054,4485
839324,4274
839405,4428
839554,4413
839677,4357
839864,4289
840063,4390
840134,4498
840352,4331
841414,3493
841443,3596
841594,3601
841763,3574
842003,3419
842477,3059
842639,3280
842713,3034
842914,3627
842939,3610
843049,3830
843203,4683
843592,3932
843666,4186
843773,4132
843957,4112
845486,3182
845574,3182
845618,3233
845947,2957
846103,3288
846140,3241
846298,3375
846668,3775
846711,3834
846953,3543
847113,3485
847244,4458
847300,4230
847437,4152
847669,4085
848894,3207
849072,3434
849095,3660
849311,3389
849433,3937
849495,3734
849618,3883
849750,3705
849840,3715
849875,3742
849989,3768
850136,4926
850175,4277
850284,4259
850349,4283
850488,4465
850625,4276
850832,4290
851047,4173
851782,3881
851922,4154
854145,4179
854227,3522
854436,4167
854609,3935
854713,4390
854821,4064
855000,3997
855167,4442
855473,4288
855729,4682
855874,4585
856031,4738
856091,4510
856129,4147
856515,3835
856776,3889
856805,4058
856963,4528
856989,3942
857064,4281
857199,4244
857360,4246
857504,4161
857585,3956
857624,4220
857840,3919
858192,3985
858400,3851
858556,3761
858677,4884
858845,4882
859146,4465
859299,4364
859310,4939
859438,4759
860879,5051
861041,5046
861191,4683
861379,4637
861525,4635
861969,3981
862076,4214
862386,3868
862423,4016
862553,4243
862676,3884
862769,4137
863062,3897
863140,4037
863341,3962
863547,3815
863669,3792
863782,3772
863782,3688
863928,3680
864029,3855
864146,3791
864377,3625
864544,3787
864558,3828
864682,3682
864882,4168
865025,4818
865460,4445
865575,4255
867628,4404
867712,4892
867814,4319
867989,4241
868052,5038
868112,4309
868220,4580
868421,4230
868466,4238
868591,4439
868639,4398
868738,4409
868824,4815
868889,4617
869004,4703
869326,4372
869584,4184
869611,4399
869761,4300
869913,4197
870009,4327
870148,4274
870237,4408
870437,4170
870486,4304
870627,4378
870646,4312
871143,4413
871530,4127
871707,4400
871865,4371
873703,3928
873808,4061
873977,3861
874150,4468
874458,4322
874656,4030
874885,3838
875187,3487
875384,3486
875447,3591
875622,3485
875806,3415
875952,3591
876149,3683
876321,3568
876326,4239
876446,3945
876965,3828
877167,3999
878848,3669
879033,3538
879175,3695
879301,5010
879372,5706
879596,5384
879666,4801
879761,5999
879965,4019
880104,4450
880225,5482
880405,4223
880456,5369
880575,5337
880652,4700
880814,4250
880934,4473
881228,4768
881441,4654
881526,4637
881622,4424
881682,4701
881834,4781
881853,4901
881988,4820
882073,4734
882237,4624
882355,4744
882407,5368
882696,5254
883056,4839
883326,5000
883500,5197
883658,5295
883819,5219
884069,5261
884113,5135
884230,5403
884394,5895
884641,5752
884815,5679
884839,5928
885110,5644
885805,5618
885982,5546
886153,5324
886447,5326
886648,5182
886884,5230
886928,4991
887254,4912
887287,5293
887299,4922
887572,5610
887595,5360
887616,5550
888347,4902
888527,4835
888809,5370
888988,5261
889122,6009
889206,5467
889295,5328
889413,5159
889931,5036
890104,4957
890154,5045
890347,5034
890542,4829
890563,4916
890906,4648
891055,5431
891122,5416
891169,5511
891221,5663
891419,4782
892222,4688
892381,4649
892549,5094
892666,5547
892769,5188
892793,5600
893002,5286
893771,4669
893831,4737
894491,4367
894633,4278
894781,4358
894922,4268
895857,3441
895961,3714
896143,4446
896311,4328
896443,4390
896715,4468
896760,5090
896946,4989
897086,4781
897133,5005
897246,4897
898958,3800
899105,3653
899258,3584
899396,3586
899510,3886
899550,3597
899701,3713
899910,3724
899939,3568
900081,3616
900222,3662
900243,4203
900316,3620
900450,3674
900753,3742
900869,3905
901023,3946
901054,4144
901227,4562
901344,3900
901482,3884
901959,6165
901978,6243
902204,4241
903979,3381
904127,4305
904249,3398
904349,3947
904583,3972
904599,3515
904784,3773
904892,3766
905013,3817
905069,3695
905486,3394
905613,3482
905750,3429
905918,3736
906088,3816
906212,3584
906249,3502
906383,3469
906987,3250
907157,3102
907308,4186
907469,4324
907496,3282
907688,4132
907838,3902
907858,3816
910462,3057
910864,3503
911035,3436
911219,3202
912036,2928
912101,3087
912290,4102
912361,4422
912530,4313
912709,4010
912768,3634
913106,3954
913215,3387
913625,3532
914483,5243
914527,3037
914791,2875
915003,3073
915218,3655
915306,3547
916070,4327
916226,3837
916320,3794
916360,4012
916398,4061
916432,4078
917568,3183
917755,3055
917907,2960
918089,3111
918663,3007
918692,3068
918902,2912
918949,3131
919099,3576
919125,3398
919304,3305
919444,3469
919585,3916
919837,4308
920567,3758
920608,3791
920749,3756
920881,3699
921832,3360
921871,3262
922030,3315
922136,3915
922175,3637
922348,4335
922370,4195
922495,4122
922634,4122
922719,4333
922875,4227
922949,4485
923012,4387
923292,4553
923309,4689
923463,4471
923636,4414
923867,4323
924170,4524
925063,3705
925172,4126
925221,4180
925394,3900
925447,4024
925571,4564
925638,4581
925764,4768
925878,4609
926085,4381
926344,5353
926403,4857
926599,4723
926759,5092
926791,4854
926877,5160
927986,4366
928145,4347
928235,4458
928525,4518
928707,4347
928833,4270
928973,4637
929005,4529
929141,4685
929170,4613
929325,4613
929510,4850
930255,4438
930318,4490
930520,4345
930718,4319
930946,4578
931157,4444
931392,4273
931436,4281
931578,4190
931697,4122
931877,3994
932582,3758
932734,3884
932870,3801
932893,4061
933097,3921
933141,3748
933336,4445
933386,4470
933565,4378
933648,4395
933903,4221
934095,4137
934249,5817
934372,3969
934537,4798
935991,4157
936011,4304
936123,5016
936303,5277
936442,5946
936445,5068
936529,5550
936774,5710
937043,5535
937171,5510
937295,5477
937471,5400
937611,5501
939107,4062
939449,4210
939855,3892
940054,3523
940354,3310
940393,3406
940561,3289
940710,3234
940802,3240
940836,3335
940956,3425
941056,3469
941338,3404
941396,3346
941542,3444
941662,3427
941776,4525
941900,5669
942154,5289
942751,4614
942896,4794
942944,4976
943036,5267
944222,4346
944316,4079
944463,4152
944574,4375
944821,4174
945795,3725
945970,3601
946125,3517
946374,3566
946393,3729
946553,3588
946709,3636
946871,3768
947038,3899
947410,3276
947963,3173
948105,3081
948425,3545
948604,3313
948657,3179
948728,3341
948858,4209
949014,3922
949062,3886
949145,3869
949316,4037
949559,3951
950326,3711
950547,3420
950713,3376
950965,3457
951211,3932
951235,3199
952100,3398
952129,3695
952564,3350
952692,3488
953061,3325
953251,3301
953590,3189
953714,3455
953792,3465
953953,3377
954129,3885
954163,3802
954462,4156
954482,3842
954624,3759
954679,4051
954801,3981
954926,4233
954930,4294
955131,4235
955180,4226
955593,4025
955997,3987
957368,3082
957389,3052
957536,3160
957561,3230
957766,4774
958100,4281
958127,4544
958418,4016
958450,5119
958574,5061
958674,4044
959451,3319
959491,3712
959698,4020
959730,3768
959827,4011
959871,3900
960015,3977
960039,4028
960180,3976
960184,4121
961333,3325
961655,3247
961825,3333
962081,3288
962776,3328
964096,2988
964258,2904
964527,3139
964688,3228
964728,3652
964806,3273
964999,3605
965010,3418
965293,3186
965568,3028
965703,3148
965805,3044
965938,3197
966185,3408
966221,3348
966553,2967
966786,3088
966909,3295
967542,3343
967688,3711
968462,3267
968626,3436
968680,3555
968883,3448
969207,3466
969245,3676
969307,3381
969657,3219
970027,3016
970209,3229
970248,3172
970347,4033
970407,4293
970463,3300
970544,3480
970715,3901
971125,3718
971414,3531
971482,3592
971625,3872
971711,3947
971779,3997
971887,3899
972755,3593
972951,3386
973071,3667
973226,3626
973252,3679
973468,3991
973487,3884
973600,4552
973630,4704
973800,4591
973845,4886
973951,4683
974133,4683
976224,4875
976471,5422
976511,7130
976576,7674
976771,7586
977003,7546
977023,8018
977154,7710
977198,7905
977301,8597
977514,7726
977721,7797
977763,8540
977923,8488
977992,8705
978460,8246
978690,8081
978831,7990
978895,8593
978977,8264
979023,8571
979109,8231
979138,8621
979569,8034
979606,8275
979807,7847
980716,7979
980745,7842
980969,7846
981005,8214
981146,8081
981299,8029
981427,7894
981469,7903
981596,7860
981732,7857
981761,7936
981912,7908
982061,8542
982163,8565
982233,8683
982625,8052
982642,8141
982776,8273
983050,8028
983232,8411
983460,8327
983601,8283
983768,8260
983927,8259
984084,8264
984443,8002
984616,7939
984691,7988
984776,8035
984939,7989
985204,7851
985336,7959
985394,8136
985411,7757
985681,7729
985994,7662
986479,7419
986530,7493
986873,7268
987068,7186
987081,7297
987321,7192
987996,6641
988021,6730
988155,6722
988192,6817
988331,6810
988422,8734
988498,11248
988651,11362
988906,12166
988948,11889
989064,12644
989884,12003
989965,11795
990236,11746
990540,11498
990879,11212
991129,11015
991169,11180
991317,11043
991455,11007
996429,6119
996477,6183
996598,6194
996759,6134
996849,6989
996920,6968
997117,6822
997235,6879
997475,6687
997647,6903
997807,6913
997919,6685
997956,6862
998078,6579
998112,6819
998237,6750
998313,6768
998357,6510
998602,6645
998753,6586
998917,6597
998950,6605
999098,6573
999115,6721
999558,7642
999987,7177
1000214,7003
1000372,7485
1000400,7278
1000514,7392
1000760,7044
1000915,7064
1000976,7260
1001306,6736
1001538,7470
1001686,7373
1002028,7200
1002985,6354
1003191,6181
1003538,7539
1003710,7550
1003893,7596
1004014,7747
1004151,7614
1004383,7459
1004615,7310
1004830,7190
1005810,6273
1005953,6177
1005984,6319
1006117,6260
1006359,6413
1006506,5879
1006819,6945
1007034,6808
1008825,5797
1008908,5643
1009048,5652
1009194,5601
1009402,5699
1009423,5739
1009676,5110
1009949,5163
1010119,5044
1010356,6060
1010408,10290
1010504,11292
1010550,12537
1010651,11505
1010788,11993
1010815,12083
1010970,12085
1011006,12197
1011331,12277
1011789,11934
1011949,11881
1012083,11844
1012173,11754
1012414,11638
1012575,11535
1012812,11564
1013025,11419
1013171,11328
1013195,11380
1013416,11214
1014089,10953
1014314,10790
1014334,10905
1014482,10876
1014508,10651
1014655,10966
1014744,10586
1015002,11147
1015030,11189
1015061,11138
1015176,10920
1016826,9515
1016997,9152
1017024,9415
1017170,9320
1017304,9269
1017383,9379
1017435,9510
1017532,9676
1017553,9592
1017649,9688
1017783,9631
1017812,9678
1017953,9668
1018087,10797
1018194,10360
1018317,10417
1018344,10649
1018490,10451
1018606,10437
1020847,8735
1021888,7657
1022332,7302
1022880,7999
1023145,7945
1023702,7442
1023992,7615
1024649,8042
1024796,8126
1025399,7586
1025529,7702
1025669,7662
1025820,7563
1025897,8250
1025940,8705
1026723,7929
1026853,7899
1026982,7880
1027096,7710
1027467,7501
1027781,7411
1027858,7554
1028290,7283
1028421,7216
1028536,7196
1028649,7225
1028912,7072
1029063,6991
1029257,6919
1029373,6978
1029417,7002
1029803,7185
1029931,7200
1030870,6476
1031155,6394
1031180,6280
1031406,6160
1031663,5956
1031829,5890
1031852,6315
1032032,5862
1032082,6139
1032219,6633
1032315,6727
1032471,6888
1032605,6882
1032755,6603
1032833,6573
1032980,6553
1033069,6675
1033452,6338
1033476,6383
1033769,6232
1034116,7744
1034291,7950
1034485,7637
1034711,7661
1034849,7724
1034982,7716
1035122,7715
1035559,7391
1035700,8132
1035901,7304
1036648,6730
1037335,7373
1037676,7084
1037834,6976
1037994,7356
1038019,7583
1038861,7704
1038907,7768
1039035,7764
1039179,7734
1039399,7621
1039550,7641
1039696,7482
1039830,7426
1039904,7523
1040046,7632
1040191,7754
1040216,7807
1040368,7819
1040491,7913
1040653,7759
1040718,7851
1040920,7718
1040997,8054
1042101,7583
1042174,7490
1042635,7396
1042893,7173
1043070,7027
1043214,6993
1043659,6828
1043703,6417
1043885,6497
1043966,6946
1044039,6493
1044121,6737
1044292,7435
1044316,7563
1044422,7524
1044545,7491
1045028,7084
1045176,7035
1045296,7090
1045363,7258
1045416,7291
1045526,7165
1045693,7102
1045896,7360
1045932,7211
1046550,7801
1046700,7778
1046835,8305
1046995,8255
1047494,7896
1047620,7869
1047818,7796
1048536,9346
1048735,6977
1048878,8898
1049107,8863
1049331,7639
1049402,8678
1049523,7558
1049713,8464
1049853,7571
1050172,7024
1050994,7136
1051142,6549
1051211,8453
1051512,8512
1051714,8344
1052495,7308
1052527,7640
1052797,7097
1052975,7197
1053186,7039
1053436,6965
1053576,6673
1053701,6649
1053751,7018
1053891,6937
1054027,7740
1054572,7309
1054734,7279
1054909,7217
1055075,7115
1055234,9706
1055365,6930
1055540,6829
1055706,6901
1055877,6864
1056000,6864
1056043,6748
1056165,6817
1056195,6722
1056327,6722
1056362,6826
1056485,8158
1056521,8593
1056648,8110
1056680,8458
1056807,8209
1056832,8364
1056983,8180
1057141,8802
1057334,7993
1057500,8603
1057522,8183
1057787,7976
1057948,7865
1058757,7229
1058920,7118
1059118,8459
1059260,8608
1059489,8329
1059570,8354
1059741,8287
1059895,8082
1061129,6948
1061309,6818
1061452,6725
1061588,7668
1061729,7689
1061938,7530
1062101,7417
1062340,7231
1062437,7299
1062464,7324
1062577,7344
1062710,7367
1062857,7650
1063457,7103
1063598,7152
1063839,7234
1064149,7277
1064163,7703
1064326,7652
1064477,7331
1064637,7279
1064810,7220
1065331,6925
1065491,6847
1066078,6482
1066226,6387
1066857,6372
1066992,6510
1067950,5917
1068106,6045
1068286,5842
1068315,5882
1068392,5905
1068551,5977
1068702,6261
1068927,7141
1068954,6797
1069311,6914
1069532,7535
1070158,6382
1070341,6361
1070588,6174
1070797,6332
1071442,6091
1071506,6112
1071640,6024
1071870,5972
1072014,6065
1072090,6055
1072232,6003
1072377,6140
1072382,6184
1072493,6144
1072753,6122
1072996,5818
1073255,5737
1073322,5758
1073385,5983
1074612,5431
1074657,5670
1074747,5347
1074806,5595
1074909,5450
1074976,5585
1075234,5823
1075316,5501
1075389,5276
1075907,5256
1076114,5689
1076723,5140
1076975,5013
1077127,4954
1077255,5385
1077316,5236
1078319,4521
1078342,4810
1078627,4907
1078683,5352
1078831,5152
1078917,5235
1079089,4997
1079242,6196
1079285,5510
1079367,5229
1079398,5427
1079552,5326
1079683,5608
1079888,5674
1079988,5587
1080111,5561
1080137,5582
1080388,5600
1082489,4241
1082663,4013
1082853,3927
1082983,3852
1083132,3975
1083174,4035
1083350,3910
1083602,3780
1083733,3756
1083933,3664
1084087,3626
1084227,4703
1084249,4806
1084541,4560
1084830,4157
1084902,4209
1085005,4032
1085125,4494
1085260,4925
1085299,4378
1088410,3394
1088575,3389
1088747,3602
1088891,3605
1089160,3245
1089190,3920
1089574,3618
1089752,3267
1089873,3418
1089873,3897
1090023,3694
1090078,3458
1090198,3622
1090223,3481
1090302,3567
1090395,3490
1090452,3534
1090968,3165
1091455,3128
1091515,3118
1091602,3107
1092683,3212
1092854,3187
1094666,2878
1094806,3178
1095019,3190
1095203,3971
1095313,3173
1095461,3180
1095585,2989
1095849,3158
1096075,3296
1096109,3555
1096258,4088
1096321,3293
1096411,3730
1096556,3635
1096596,3594
1096719,3519
1096726,3612
1096862,3818
1096868,3817
1097108,3667
1097582,3603
1097761,3480
1097905,3500
1098045,3605
1098063,3750
1098222,4028
1098241,4346
1098306,4171
1098966,3903
1099328,3776
1099489,3690
1099696,3822
1099822,4521
1099881,4569
1099914,4663
1100004,4395
1100365,4163
1101221,3900
1101481,3727
1101667,3624
1101791,3888
1101926,4001
1101973,3638
1102077,3860
1103540,3000
1103799,3530
1104000,3685
1104551,3366
1104605,3380
1104688,3347
1105013,3823
1105317,3904
1105444,4024
1105451,3868
1105961,3824
1106009,4368
1106122,3755
1106135,4195
1106308,4119
1106350,4173
1106511,4182
1106583,4247
1106632,4244
1106739,4185
1106804,4221
1106858,4269
1107037,4675
1107060,4805
1107182,4774
1107742,4289
1107760,4768
1107902,4855
1108038,5035
1108174,4637
1108197,4541
1108396,4762
1108682,4680
1109427,3802
1109583,4260
1109605,4336
1109736,4304
1109946,4241
1110134,4214
1110343,4418
1110497,4399
1110551,4562
1110688,5198
1111938,3985
1112581,3425
1112609,4003
1112838,3831
1113308,3411
1113559,3211
1113740,3899
1114697,2996
1114795,3373
1114944,3171
1115058,3107
1115151,3109
1115331,3134
1115617,3067
1115926,3252
1116126,3262
1116608,2979
1116799,2933
1116838,3200
1116866,3393
1118555,2947
1118725,3056
1118870,3186
1119015,3571
1119762,3257
1119873,3270
1119949,3538
1120082,3538
1120326,3349
1120491,3409
1120636,3316
1120776,3411
1120919,3332
1121057,3277
1121204,3857
1121313,3783
1121381,3623
1121537,3914
1121569,3959
1121662,3988
1121805,3921
1121831,3986
1121932,4915
1122125,4043
1122302,3917
1122432,3935
1122570,4238
1122644,4475
1122821,4347
1122959,4458
1123681,4223
1123736,4289
1123843,4262
1123994,4537
1123994,4426
1124139,4552
1124376,4432
1124563,4412
1125644,3954
1125809,4028
1125856,4172
1126003,4072
1126065,4323
1126204,4396
1126231,4657
1126350,4646
1126618,4467
1126884,4345
1127132,4277
1127205,4336
1127533,4188
1127653,4572
1127739,4185
1129051,2965
1129199,3709
1129222,3185
1129388,4600
1129443,3569
1129593,3572
1129674,4201
1129761,4159
1130053,3991
1130172,4190
1130656,4225
1130825,4623
1131939,3558
1132106,3412
1132142,3428
1132237,3429
1132378,4210
1132454,3652
1132487,3671
1132634,3574
1132770,4403
1132920,4450
1133038,4382
1133324,4184
1133496,5306
1133706,5192
1133734,5001
1133919,5124
1135747,4051
1135884,4053
1135923,4518
1136043,4265
1136232,4132
1136363,4166
1136469,3981
1136627,3954
1136707,4123
1136793,5400
1136952,5659
1137010,5722
1137088,5788
1137185,5737
1137319,5744
1137475,5635
1137625,5551
1137647,5612
1137728,5656
1137832,5965
1137925,5642
1137953,5946
1138067,5783
1138159,5697
1138249,6219
1138293,6220
1139918,4760
1140095,4752
1140166,4619
1140298,4599
1140485,4482
1140663,4676
1140683,4700
1140859,4533
1140879,4710
1140955,4651
1141088,4970
1141107,5066
1141315,5832
1141337,5471
1141441,5652
1141578,5835
1141745,5884
1142004,5355
1142823,5815
1144215,5236
1144322,6450
1144512,5033
1144585,6085
1144735,6153
1144925,6119
1145051,6060
1146593,3747
1146654,4398
1146791,4646
1146931,4226
1146964,4197
1147140,4205
1147178,4207
1147445,4041
1147722,3914
1147786,4071
1147922,4042
1147970,4217
1148071,4096
1148162,4143
1148239,4133
1148326,4101
1148333,4265
1148448,4453
1149116,4058
1149313,4169
1149345,4222
1149546,4411
1149703,4386
1149859,4282
1150023,4868
1150201,4641
1150330,4894
1150483,5158
1151972,3856
1152015,4382
1152236,3787
1152561,3888
1152697,3516
1152943,3989
1153003,3808
1153200,3786
1153230,3782
1153326,3760
1153402,3803
1153520,3819
1153759,4350
1153795,4123
1153922,4109
1154065,4099
1154222,4259
1154675,4132
1155022,4151
1155043,4046
1155349,3874
1157505,3566
1157545,3419
1157677,3424
1157811,3946
1157948,3893
1158285,3644
1158308,3787
1158519,3629
1158543,3714
1158682,4014
1158848,3795
1158870,3807
1159013,3772
1159304,3554
1159382,3721
1159422,3647
1159539,3659
1159675,3610
1159847,4521
1159853,3506
1159892,3580
1160030,3544
1160325,3890
1160390,3322
1160463,4996
1160738,3320
1163437,3397
1163505,3558
1163606,3371
1163806,3366
1163879,3688
1164011,3678
1164148,3841
1164181,3708
1164228,3655
1164476,3565
1164513,4301
1164652,3927
1164755,3779
1164909,3735
1165033,3773
1165227,3491
1168170,3651
1168369,3692
1168391,4237
1168954,4743
1168977,3546
1169162,3877
1169344,4174
1170033,3615
1170587,3405
1170612,3468
1170772,4107
1170841,3918
1170950,4291
1171005,3980
1171064,3911
1171343,3977
1171460,4281
1171509,4487
1171643,4424
1171661,4516
1171811,4571
1171930,4750
1172144,4609
1172343,4661
1172350,4633
1172513,4720
1172680,4682
1172893,4523
1173055,4410
1173217,5577
1173345,4756
1173362,4807
1173897,4687
1174118,4776
1174140,4816
1174301,4545
1174427,5070
1174466,5110
1174551,4946
1174743,4660
1175668,4582
1175870,4469
1175891,4602
1176019,4482
1176671,4073
1176822,4002
1176840,4032
1177035,4045
1177777,3888
1177945,3979
1178415,3939
1178622,3936
1178786,4055
1178976,4104
1179163,3818
1179312,3828
1179595,3607
1179795,4110
1180543,3420
1180588,3601
1180743,3591
1180951,3456
1181112,4020
1181133,3382
1181206,3628
1181378,3847
1181400,4461
1181573,4136
1181694,4117
1181718,4191
1182079,3879
1182318,3722
1182518,3614
1182748,3745
1183283,3283
1183337,3349
1183543,3368
1183733,3787
1183814,3643
1183941,3796
1184037,3675
1184204,3850
1184328,3896
1184364,4359
1185190,3649
1185758,3625
1186139,3319
1186612,3262
1186730,3186
1186761,3206
1186919,3308
1187043,3349
1187184,3340
1188311,2835
1188545,2959
1188715,3133
1188776,2959
1188981,3363
1189058,3506
1189206,3981
1189345,3423
1189570,3669
1189628,3952
1190360,3517
1190524,3429
1190662,3357
1190719,3353
1190886,3330
1190910,3845
1191705,3644
1191767,3920
1191895,3805
1191930,5111
1192046,3893
1192330,3762
1192358,4716
1192526,4658
1192604,4518
1192799,4654
1192850,4440
1192996,4370
1193910,3567
1194055,3512
1194114,3731
1194249,3538
1194520,3601
1194548,3463
1194698,3470
1194816,3486
1194957,3437
1195167,3521
1195362,3897
1195535,4083
1195725,3943
1199845,4511
1200035,4969
1200142,3375
1200177,4721
1200391,3354
1200712,4240
1200759,3296
1200955,3210
1201103,3559
1201153,3903
1201307,4244
1201439,4252
1201573,4250
1201715,4168
1202415,3325
1202597,3606
1202754,3828
1202924,3770
1203097,3683
1203342,3811
1203514,4497
1203568,4368
1203669,4528
1203836,4411
1203878,4663
1203989,4529
1204145,4563
1204492,4563
1204528,4893
1204731,4503
1205009,4317
1205220,4253
1205394,4134
1205515,4771
1205685,4669
1205889,4556
1206037,4574
1206230,4421
1206534,4878
1206685,4786
1206822,4755
1206960,4802
1207047,5689
1207258,5953
1207317,4736
1207651,5622
1207998,4688
1208122,4510
1208373,4733
1208686,4469
1208916,4444
1209089,4590
1209249,4532
1209312,4420
1209532,4302
1209588,4450
1209800,4345
1209941,4394
1210058,5070
1210173,5005
1210786,4441
1210947,4451
1211122,4267
1211193,4899
1212189,3892
1212388,3845
1212542,3880
1212990,3622
1213149,3580
1213331,3756
1213494,4246
1213515,4785
1213684,4157
1213915,4017
1214202,4152
1214237,3985
1214453,4228
1214962,3885
1215032,3913
1215302,3837
1215440,4067
1215483,4266
1215618,4188
1215752,4109
1215924,3992
1216555,3657
1216758,3865
1216894,3947
1216918,3772
1217103,3889
1217232,4121
1217312,3782
1217336,3879
1217547,4137
1217575,4225
1218025,3932
1218040,4019
1219001,3742
1219162,3617
1219184,3613
1219325,4822
1219674,4659
1219835,4099
1219959,4047
1220403,4033
1220547,3959
1220975,3618
1221247,3502
1222204,4364
1222330,3281
1222486,3538
1222517,3985
1222809,3813
1222872,4075
1223029,4151
1223077,4036
1223157,4087
1223218,4685
1223329,4305
1223590,4258
1224127,3967
1224920,4097
1225079,3884
1225097,3560
1225333,3734
1225357,4256
1225459,3657
1225496,4406
1225603,3757
1225640,4209
1225817,3991
1225849,4219
1226054,4115
1226235,4407
1226403,5071
1226603,4147
1226779,4148
1226799,4253
1226942,4417
1227084,4326
1227215,4636
1228218,4192
1228237,4978
1228804,4098
1228984,4174
1229213,3997
1229423,3837
1229678,3760
1229848,3756
1229943,3638
1229978,3778
1230136,3683
1231141,3712
1231157,3648
1231318,3539
1231461,3473
1231528,4213
1231674,4096
1231690,4279
1231852,4304
1232025,4605
1232048,4515
1232228,5149
1233950,3591
1234018,3811
1234156,3951
1234227,4313
1234300,4276
1234456,4223
1234514,4313
1234624,4590
1234728,4829
1234928,4425
1234988,4720
1235092,4571
1235145,4693
1235185,4642
1235414,4703
1235559,5382
1235804,5340
1235844,5559
1235980,5438
1235984,5341
1236118,5408
1236233,5609
1236525,5165
1236763,5262
1236780,5481
1236891,5509
1237012,5628
1237544,5646
1238288,5520
1238648,5048
1238784,5082
1238922,5061
1239051,4880
1239067,4990
1239214,4952
1239393,5295
1239548,5240
1239785,5292
1239879,5115
1239935,5200
1240142,5264
1240164,5321
1240390,5577
1240495,5914
1240636,5835
1240807,5743
1240969,5637
1241047,5854
1241172,6006
1242231,4884
1242395,4983
1242464,4982
1242655,4843
1242858,4695
1243200,4922
1243355,4891
1243529,4853
1243724,4809
1245302,3530
1245520,3457
1245663,3585
1245898,3591
1246180,3362
1246202,4412
1246314,3901
1246469,3809
1246654,3922
1246737,3970
1246933,4089
1247121,4193
1247231,4114
1247325,4593
1247408,4033
1247563,3932
1248679,3948
1248739,4084
1248853,4180
1249012,4787
1249070,3840
1249101,4922
1249365,4340
1249575,4181
1249753,4053
1249941,3916
1250138,3770
1250365,3593
1250408,3678
1251574,3253
1251746,3272
1251954,3293
1251999,3385
1252137,3571
1252164,3634
1252315,3588
1252466,3539
1253163,3562
1253586,3950
1253833,3652
1253987,3447
1254130,3635
1254153,3746
1254343,3699
1254487,3677
1254531,3960
1254643,4048
1254663,4231
1254895,3944
1256056,3088
1256072,3128
1256251,3113
1256304,3130
1256435,3091
1256582,3045
1256636,3699
1256820,3576
1256960,3496
1257099,3573
1257247,3570
1257326,3598
1257453,3582
1257584,3584
1257736,3820
1258702,3135
1262168,6349
1262373,2961
1262541,3182
1262583,3170
1262739,3377
1262906,3263
1263623,5230
1264470,4676
1264927,4679
1264948,5053
1265093,5521
1265116,5738
1265357,5603
1265379,5484
1265525,6391
1265575,6673
1265788,6622
1265811,6213
1265954,6184
1265983,6647
1266121,6458
1266255,6478
1266282,6252
1266320,6362
1266444,6306
1266554,6289
1266594,6310
1266694,6651
1266737,6604
1266831,6881
1266881,7209
1266973,7279
1267111,7211
1267131,7275
1267278,7216
1267303,7261
1267442,7479
1267462,7882
1267605,7561
1267625,7405
1267745,7635
1268056,7253
1268383,7209
1268614,7044
1268942,6819
1269210,7247
1269640,6268
1269798,6260
1269821,6487
1270024,6733
1270261,7439
1270914,6841
1271003,7021
1271054,6870
1271236,6835
1271580,7640
1271597,7739
1271707,8049
1271774,7720
1272212,7465
1272368,7450
1272976,6827
1273143,7004
1273215,6947
1273484,6732
1273636,6941
1273782,6785
1274718,6499
1274855,6459
1275003,6561
1275193,6423
1275419,6296
1275464,6545
1275633,7378
1276225,6844
1276335,6935
1276588,6743
1276896,6543
1277088,6250
1277106,6112
1277333,6056
1277445,6868
1277484,7012
1277513,7557
1278702,6270
1278851,6270
1278989,6358
1279226,6358
1279468,6584
1279647,6353
1279848,5784
1279878,5808
1279987,6117
1280003,6932
1280802,6495
1281036,6253
1281114,6247
1281308,6136
1281394,6165
1281432,6206
1281546,6272
1281718,6113
1281825,6082
1281839,6544
1281965,6157
1282200,5996
1282335,5984
1282545,6825
1282767,6735
1282905,6665
1283936,5711
1283974,5766
1284070,5763
1284133,5918
1284159,5976
1284310,6075
1284331,5988
1284502,6061
1284538,6210
1284593,6258
1284708,7099
1284823,7581
1284836,7123
1285237,7351
1285749,6663
1286079,6265
1286451,6010
1286615,6019
1286774,6060
1287575,6095
1287863,5859
1287948,5935
1288321,5632
1288546,5457
1288637,5554
1288690,5993
1288804,5741
1289023,5640
1289857,5500
1289964,6103
1290189,5682
1290360,5758
1290582,5610
1290644,5529
1290770,5568
1290913,5609
1291014,5745
1291034,5827
1291168,5778
1291218,5854
1291332,5813
1291464,5942
1291601,5919
1292036,5787
1293491,4579
1293790,4386
1293897,4431
1294031,4573
1294076,4661
1294236,5323
1294654,4538
1294736,4605
1294787,4824
1294885,4778
1295025,4744
1295141,4804
1295423,5172
1295576,5085
1295711,5252
1295908,5264
1297086,4816
1297221,4746
1297344,4507
1297626,4431
1297870,5189
1298149,4815
1298221,4843
1298386,4760
1298533,4805
1298691,4812
1298776,4887
1298854,4951
1298971,5131
1299015,5179
1299152,5190
1299236,5237
1299315,5087
1300494,4119
1300668,4166
1300706,4135
1300791,4147
1300866,4182
1301011,4193
1301063,4808
1301201,4615
1301224,4829
1301338,4592
1301591,4981
1301719,4385
1301891,4288
1302033,4600
1302103,4409
1302159,4470
1302519,4202
1307511,2945
1307749,2828
1307921,2779
1308106,2886
1308351,3279
1308375,2952
1308538,3013
1309108,3084
1309787,3866
1309809,3385
1309896,3401
1310202,3462
1310587,3966
1310810,4858
1310831,3771
1310859,5486
1311114,3996
1311367,3870
1311388,4165
1311669,4073
1311689,4141
1311874,4202
1311914,4123
1312022,4878
1312034,4457
1312058,4998
1312316,4839
1312410,4802
1312465,5201
1312556,4860
1313055,5131
1313203,4988
1313319,5331
1313382,5659
1313532,5672
1313680,5647
1313835,5878
1313876,4851
1314015,4833
1314166,4736
1314240,5324
1314398,5381
1314535,5333
1314667,5247
1315394,5008
1315493,5262
1315596,4893
1315836,4970
1315895,4977
1316159,5136
1316334,4801
1316735,5135
1316863,5217
1316981,5151
1317135,5049
1317993,4807
1318022,5076
1318260,5119
1318333,4834
1318536,4791
1318693,4689
1319327,4319
1319481,4219
1320561,3806
1320591,3701
1320762,3600
1320903,3689
1320923,3835
1321226,4349
1321359,3933
1321421,4264
1321599,4138
1321831,4119
1321917,4138
1321981,4591
1322180,4611
1323413,3234
1323479,3408
1323687,2949
1323765,2972
1323910,3475
1324067,3419
1324101,3428
1324190,3472
1324522,3643
1324774,3426
1324836,3490
1324979,3389
1325005,3458
1325074,3632
1325196,5021
1325343,5362
1325380,5659
1325541,5257
1325687,5219
1325828,5839
1326606,7515
1326856,6014
1326939,6052
1327004,7210
1327166,6689
1327217,6795
1328195,5843
1328390,6192
1328505,6222
1328529,6142
1328756,6137
1329685,5249
1329728,5313
1329854,5496
1329958,5402
1330342,5232
1330349,5428
1330520,5571
1330527,5348
1330997,5001
1331158,5088
1331171,5518
1331330,5282
1331423,5369
1331478,5810
1331495,5018
1331526,5541
1331570,5871
1332245,5014
1332324,5003
1332388,5251
1332492,5377
1332657,5269
1332827,5179
1332982,5238
1333146,5109
1333343,5105
1333514,5045
1333679,5007
1333844,4962
1334722,5737
1335028,5532
1335379,5279
1335406,5841
1335590,5741
1335899,5284
1336049,5523
1336223,5674
1336898,5808
1337102,5829
1337319,5675
1337436,5615
1337526,5676
1337696,5553
1339679,4266
1339725,4295
1339863,4430
1340077,4272
1340123,4454
1340256,4511
1340789,4195
1341257,3702
1341686,3390
1341707,3505
1341889,3496
1341957,4004
1342015,3962
1342098,3834
1342180,4320
1342220,4583
1342383,4236
1342513,4184
1342745,4509
1342822,4563
1342977,4517
1343113,4573
1343245,4591
1343457,4283
1343689,4666
1344384,4070
1344768,4632
1344827,4382
1344972,4364
1345117,4208
1345245,4217
1345310,4528
1345672,4273
1345796,4220
1345999,4070
1346596,4325
1346836,3966
1347049,3840
1347094,3880
1347334,3927
1347497,3725
1347533,4220
1347674,4175
1347785,3900
1348592,3588
1348609,3943
1348835,3417
1349002,4172
1349168,3645
1349422,3696
1349506,3840
1349649,4179
1349785,3986
1349973,3929
1351796,2855
1351973,3793
1352317,3266
1352563,3259
1352629,3548
1352730,3490
1352947,3787
1352994,3834
1353123,3926
1353371,3863
1353495,3944
1354337,3207
1354540,2994
1355016,3075
1355672,3251
1355841,4018
1355988,4005
1356047,3493
1356227,3856
1356234,4100
1356296,3829
1356341,3847
1357212,3363
1357324,3375
1357492,3278
1357581,3369
1357616,3382
1357719,3888
1357734,4156
1357889,4077
1357913,4098
1357981,4356
1358127,3977
1358157,3992
1358572,3896
1358720,3852
1358741,3953
1358870,3890
1358963,3896
1359097,4294
1359571,3644
1359714,3820
1360730,3315
1360925,3185
1361058,3931
1361095,3960
1361333,3823
1361454,3874
1361696,3916
1361845,4216
1362889,3620
1362931,3837
1363022,3644
1363308,3880
1363387,3618
1363616,3619
1363780,3746
1363915,3701
1364059,3827
1364198,3930
1364356,3846
1364421,3826
1364531,4243
1364617,4185
1364664,4201
1364809,4680
1364826,4516
1365463,4079
1365650,3941
1365690,3942
1365773,4144
1365875,4248
1365922,4525
1366068,4485
1366319,4465
1366350,4775
1366727,4344
1366834,4638
1366868,4719
1367025,5319
1367167,5150
1367962,4569
1368019,4755
1368192,4694
1368428,4666
1368521,4800
1368591,5037
1368648,4978
1368855,4696
1369074,4681
1369320,4544
1369484,4879
1370576,4053
1370597,4165
1370741,4234
1370893,4207
1370918,4110
1371073,4073
1371194,4003
1371243,4242
1371309,4332
1371461,4109
1371584,4114
1371750,4083
1371930,3995
1372066,3968
1373076,3879
1373413,3705
1373733,3777
1373822,3697
1373950,3626
1374119,3693
1374342,4137
1374466,4585
1374472,4330
1374600,5335
1374715,5020
1374802,4840
1374846,5037
1375043,4995
1375175,4811
1375316,4771
1376975,3733
1377151,3677
1377310,3733
1377346,3634
1377591,3773
1377651,3782
1377740,3773
1378705,3457
1378878,3170
1378924,3801
1379118,3140
1380012,4081
1380172,3687
1380661,3562
1380824,3671
1380954,3592
1381128,3585
1381698,3248
1381878,3162
1382139,3007
1382447,2930
1382873,2848
1383174,2793
1383390,2803
1383553,2939
1383697,3287
1383838,3199
1383907,3437
1384056,3671
1384329,3690
1385049,3200
1385195,3511
1385375,3257
1385915,3693
1386013,3389
1386088,3574
1386239,4156
1386301,3412
1386318,3526
1386461,3526
1386602,3495
1386621,3574
1386806,3868
1386814,4026
1387523,3562
1387553,3681
1387681,3695
1387828,3650
1387847,4002
1388061,4059
1388084,4176
1388217,4512
1388351,4112
1388486,4229
1388669,4118
1388811,4096
1389039,4784
1389879,3720
1389995,3767
1390387,3948
1390448,3812
1390609,3797
1390801,3821
1390885,4253
1390929,3861
1391142,3748
1391312,3676
1391418,3665
1391521,3690
1392336,3834
1392515,3822
1392544,3766
1392759,3782
1392932,3833
1393147,4137
1393852,4037
1393871,3947
1394072,3938
1395410,3028
1395448,3123
1395607,3154
1395804,3182
1396000,3443
1396047,3329
1396356,3485
1396362,3424
1396596,3798
1396636,3561
1396759,3567
1396808,3721
1396976,3746
1397156,3993
1397316,3781
1397488,3710
1397655,3593
1397847,4002
1398049,3872
1398070,3951
1398899,3786
1399476,3355
1399666,3252
1399854,3147
1399979,3224
1400224,4993
1400426,3428
1400599,3460
1400754,4092
1400782,4203
1400877,4365
1400947,4428
1401089,4569
1401299,4517
1401335,4371
1401481,4274
1403192,3889
1403470,3066
1403690,3160
1403827,3182
1404084,3124
1404108,3485
1404243,3741
1404306,3577
1404448,3488
1404466,3580
1404678,3861
1405466,3256
1405503,3344
1405670,3308
1405862,3306
1406019,3550
1406057,3434
1406183,4371
1406186,3395
1406588,3470
1407194,3459
1407387,3317
1407577,3214
1407721,3347
1407747,3558
1407890,3612
1408962,3014
1409036,3394
1409198,3293
1409213,3303
1409397,3321
1409600,3201
1409639,3454
1409794,3514
1410320,3286
1410622,3878
1410780,3878
1410828,3747
1410980,4257
1411117,3945
1411253,4059
1412608,3212
1412780,3109
1412925,3446
1412956,3439
1413123,3329
1413178,3507
1413326,3423
1413474,4157
1413499,4419
1413640,4192
1413729,4248
1413794,4697
1413861,4602
1413985,4676
1414014,4554
1414192,4488
1414712,4063
1414873,3993
1415797,3844
1415981,3687
1416160,3579
1416223,4374
1416455,3603
1416506,3650
1416652,4277
1416773,4210
1416809,4545
1416928,4142
1416935,4568
1417119,4623
1417260,4711
1417352,4552
1417630,4423
1417902,4330
1418166,4327
1418185,4375
1418297,4344
1419305,3664
1419317,3893
1419474,3893
1419546,3990
1420017,3897
1420236,4602
1420261,4049
1420682,4207
1421008,3931
1421393,3920
1421552,3789
1421576,3819
1422724,2968
1422801,3088
1422884,3750
1423053,3714
1423244,3470
1423327,3223
1423473,3197
1423673,3681
1423707,3694
1423930,3610
1424294,3585
1424424,3556
1424542,4473
1424678,4390
1424733,4078
1424975,4143
1425076,4290
1427007,3168
1427034,3310
1427205,3457
1427313,3156
1427522,3230
1427666,3953
1427692,3786
1427819,4098
1427939,4002
1427992,4049
1428090,4459
1428212,4763
1428336,4585
1428584,4806
1429150,4091
1429338,4002
1429427,4015
1429473,4076
1429597,4097
1431025,3338
1431199,4677
1431236,3402
1431292,4762
1431513,3389
1431642,3593
1431760,4225
1431764,4296
1432032,4386
1432067,4467
1432162,4313
1432243,4456
1432297,4351
1432378,4400
1432536,4321
1432593,4328
1432741,4444
1434121,3347
1434728,3026
1435036,3096
1435407,2851
1435613,3248
1436576,3471
1436900,3277
1437171,3485
1437290,3785
1437480,3687
1437663,3453
1437928,3434
1437971,3326
1438378,3045
1438394,3078
1438548,3218
1438631,3395
1438771,3458
1438795,3077
1438941,3175
1438977,3345
1439095,3627
1439288,3460
1439533,3371
1439556,3283
1439734,3230
1439764,3251
1439879,3570
1440305,3399
1440765,3419
1440950,3438
1441151,3702
1441348,3758
1442249,4151
1442310,3867
1442761,3333
1442942,3282
1443067,3554
1443089,3527
1443218,4121
1443322,3599
1443341,3787
1443518,3871
1443649,3839
1443766,3795
1443903,3763
1444041,3782
1444207,3670
1444937,3074
1444953,3373
1445103,3279
1445135,3244
1445287,3442
1446176,3426
1446432,3264
1446687,3677
1446722,4167
1447955,3592
1448111,3415
1448150,3523
1448419,3198
1448451,3281
1448575,3244
1448582,3318
1448814,3204
1448949,3493
1448967,3688
1449121,4277
1449138,3673
1449300,4148
1449317,3605
1449459,4037
1449621,4288
1449791,4032
1449866,4107
1450040,4382
1450075,4074
1450476,3950
1451978,3041
1452049,3052
1452250,3334
1452487,3858
1452533,3809
1452657,4185
1452668,5038
1452954,4408
1453096,4318
1453603,4292
1453754,4336
1453903,4257
1454057,4099
1454174,4207
1454175,4060
1455599,3035
1455786,3030
1455829,3199
1455959,3300
1455993,3362
1456156,3902
1456183,4237
1456406,3963
1456486,4092
1456538,4652
1456608,4554
1456775,4479
1456918,4944
1457056,4856
1457472,5040
1458784,3644
1458850,3807
1459035,3837
1459089,4299
1459320,4361
1459489,3888
1459622,4120
1459697,3744
1459841,4118
1459874,4209
1460019,4114
1460158,4190
1460184,4210
1460397,4049
1460470,4296
1460629,3978
1460721,3984
1460827,4279
1460855,4366
1461021,4332
1461226,4230
1461396,4161
1461562,4091
1461759,3985
1462825,3932
1462983,4984
1463057,4749
1463106,4969
1463588,5912
1463625,5570
1463776,5477
1463796,5549
1463925,5490
1464177,6178
1464208,5615
1464443,5513
1464487,5658
1464630,5982
1464760,5906
1466906,3812
1467080,3688
1467236,4134
1467453,4146
1467527,3392
1467650,3844
1467917,3512
1468119,3513
1468443,3611
1468578,3620
1468687,3707
1468711,4148
1468934,3768
1469120,3635
1469441,3926
1469633,3802
1469840,3652
1469982,3623
1470183,4507
1470522,4219
1470807,4043
1470963,3995
1471093,4477
1472238,3683
1472628,3028
1472896,2953
1473507,2887
1473698,2821
1473721,2883
1473863,3023
1473887,3460
1474005,3741
1474041,4152
1474172,4439
1474220,4216
1474519,4019
1474605,4115
1474811,4010
1475058,4008
1475224,4350
1475402,3777
1476485,3091
1476668,2959
1476726,3720
1476895,3447
1476942,4062
1477017,3562
1477114,4475
1477134,3706
1477236,3708
1477373,3962
1477404,4167
1477533,4838
1477579,4936
1477795,4604
1477805,5264
1477950,4960
1479894,3351
1480071,3480
1480349,4189
1480452,4077
1480509,4099
1480555,4445
1480636,3557
1480641,4711
1480689,4750
1481712,3778
1481897,4227
1482063,4158
1482229,4863
1482456,4010
1482617,3902
1483007,3909
1483690,3778
1483713,3845
1483959,3991
1483998,3795
1484173,3680
1484386,4235
1484563,4243
1484646,4021
1484714,4147
1484855,4359
1484875,4566
1485034,4467
1485056,4713
1485202,4547
1485347,4488
1485503,4453
1485624,4386
1485755,4304
1485770,4561
1486251,4425
1486620,4110
1487131,3652
1487153,3760
1487614,3904
1487629,4005
1487790,4136
1487988,4187
1488110,4141
1488242,4086
1488642,3963
1490115,2942
1490141,3000
1490376,3046
1490495,3760
1490548,3800
1490719,3682
1490909,3541
1491072,3799
1491200,3782
1491353,4183
1491388,4161
1491591,4026
1491810,4121
1492439,3538
1492498,4460
1492720,4463
1492864,3789
1493294,3960
1493450,3702
1493497,3966
1493610,3906
1493630,4002
1493769,3968
1493913,4276
1494083,4163
1494307,4041
1494496,4255
1494533,3869
1494663,3935
1494688,4009
1494811,4172
1494910,4096
1495602,3918
1495749,4041
1495888,3960
1496023,3947
1496174,3947
1496224,4553
1496358,3936
1496481,3978
1496709,4001
1496988,4137
1497970,3864
1498319,3829
1498578,3814
1498814,3386
1499024,3306
1499064,3392
1499226,3549
1499315,3742
1499351,3569
1500333,3541
1500542,3200
1500615,3329
1500783,3425
1500839,3417
1500905,3830
1500967,3704
1501067,3997
1501186,3994
1501336,4113
1501418,4073
1502078,4026
1502222,3955
1502433,3874
1503186,3317
1503225,3959
1503329,3444
1503517,3559
1503642,3553
1503909,4143
1503977,4444
1504008,4402
1504189,4213
1504466,4134
1504488,4443
1504624,4361
1504757,4278
1504784,4350
1504951,4686
1505255,4645
1505327,4516
1506556,3207
1506738,3275
1506896,3451
1506920,3714
1507113,3340
1507260,3297
1507312,3473
1507516,3484
1507708,3424
1507871,4006
1508058,4079
1508434,3791
1508440,4190
1508569,4117
1509459,3278
1509478,3341
1509644,3228
1510117,3792
1510372,3618
1510622,3962
1510794,4343
1510822,3847
1510966,3834
1511036,3971
1511172,3897
1511193,4038
1511320,4021
1511452,4096
1512997,2862
1513020,2920
1513134,3159
1513168,3316
1513327,3065
1513345,3329
1513455,3538
1513517,3527
1513668,3714
1513688,3827
1513922,3733
1514084,3786
1514400,3928
1514680,3821
1516093,3035
1516377,3019
1516508,3195
1516573,3356
1516708,3161
1516723,3236
1517210,2934
1517484,3109
1517604,3061
1517738,3148
1517947,3291
1518096,3502
1518236,3415
1518341,3993
1518359,3623
1518472,3562
1518557,3957
1518578,3991
1518730,4071
1520099,3225
1520251,3217
1520611,3174
1520718,3232
1520775,3388
1520921,3568
1520940,3963
1521077,4198
1521371,4260
1521397,4380
1521565,4119
1521704,4206
1521826,4236
1522094,4033
1522154,4090
1522304,4078
1522607,3936
1523595,3184
1523672,3362
1523828,4034
1523852,3632
1523998,4970
1524318,3661
1524371,4671
1524538,4300
1524560,4844
1524705,4753
1525117,4441
1525323,4185
1525390,4314
1525463,4387
1525546,4568
1526596,3748
1526662,3749
1526823,4014
1526845,3806
1526925,3799
1527097,3845
1527244,3776
1527524,3594
1527677,3526
1527846,5232
1527884,5096
1528020,3621
1528172,4488
1528538,3399
1528620,3503
1528679,3490
1528876,3928
1529123,4004
1529399,3778
1529542,3946
1529731,4154
1531254,3110
1531624,4125
1531772,4829
1531775,3582
1531797,4081
1531963,4128
1532111,3702
1532232,3919
1532813,3942
1532906,3780
1533111,3710
1533231,3657
1533234,4120
1533318,3842
1534493,3072
1534729,3405
1534905,3436
1535074,3975
1535155,5734
1536240,3980
1536373,3855
1536850,3317
1536998,3285
1537019,3435
1537173,3328
1537348,3696
1537396,3738
1537532,3889
1537605,3988
1537670,4023
1537795,3865
1537828,4084
1537945,4663
1537963,4100
1537993,4309
1538218,5145
1538250,4305
1538297,4367
1538426,4823
1539197,4281
1539364,5092
1539691,4817
1539760,4797
1539946,5469
1540140,3989
1540354,3901
1540771,3880
1541408,4058
1541451,4393
1541742,4338
1541773,4852
1541942,4738
1541994,4479
1542303,4261
1542387,4909
1542429,4385
1542691,4173
1542737,4624
1542863,4153
1542997,4404
1543042,4583
1543211,4835
1543549,4655
1544576,3964
1544715,3876
1544718,4455
1544867,4377
1544912,4316
1545015,4323
1545105,4329
1545299,4409
1545508,4632
1546476,4444
1546645,4074
1546777,3850
1546923,3903
1547161,4069
1547419,3933
1547642,3962
1547668,3871
1547767,4100
1547862,4382
1547889,4855
1548038,4556
1548347,4545
1548379,4681
1548449,4657
1548591,4566
1548705,4734
1549009,5432
1549061,4998
1549331,5165
1549509,4741
1549794,4796
1550210,4492
1550238,4568
1551627,3277
1551649,3356
1551808,3438
1551854,3504
1551896,3719
1552078,3377
1552573,5101
1552728,4487
1552834,4816
1552981,4919
1553117,4509
1553295,4280
1553323,4635
1553523,4651
1553787,4379
1555242,3591
1555481,3866
1555523,3856
1555679,3728
1555808,3624
1556005,4084
1556172,3394
1556312,4277
1556426,4724
1556494,6845
1556857,7746
1557149,7683
1557734,8374
1557763,8469
1557988,8813
1558007,9116
1558157,9092
1558319,9123
1558447,8903
1559191,8317
1559233,8721
1559392,8314
1559579,8211
1559785,8247
1559930,8288
1559961,8403
1560107,8323
1560130,8465
1560335,8362
1560421,8486
1560459,8291
1560623,8238
1560763,8615
1560834,8919
1560887,9163
1561001,9101
1561624,8322
1561804,8089
1561811,8525
1561975,8137
1562135,8048
1562340,7895
1562347,8128
1562514,7964
1562677,7902
1562832,8018
1562990,8113
1563142,7958
1563247,8004
1563545,8439
1563679,8560
1563743,8295
1563845,8540
1563912,8362
1563997,9093
1564156,9050
1564172,9327
1564338,9733
1564491,9521
1564666,8940
1564974,9096
1565015,9106
1566331,9067
1566564,8950
1566942,8678
1567210,8521
1567869,7924
1568014,7878
1568419,7908
1568533,7863
1568659,7881
1569211,8409
1569405,8304
1569564,8231
1569880,8138
1570652,7558
1570786,7283
1570917,7231
1570972,7502
1571113,7461
1571255,7653
1571307,7358
1571481,7316
1571668,7440
1571862,7307
1573071,7097
1573561,6780
1573700,6695
1573875,7279
1574171,6577
1574369,6581
1574417,6640
1574553,6430
1574560,6617
1574713,6499
1574745,6366
1574877,6351
1575028,6312
1575534,7329
1575721,7196
1575845,7186
1575995,7294
1576058,6909
1576116,7111
1576197,6820
1576632,6917
1576911,6429
1576914,6645
1577133,6478
1577620,7397
1577793,7161
1577835,7249
1577887,7456
1578038,7506
1578175,7648
1578246,7431
1578292,7651
1578933,7143
1578982,7251
1579791,6629
1579969,7408
1579995,7598
1580149,7350
1580388,7256
1580430,7358
1580582,7262
1580781,7468
1580988,7204
1582202,6612
1582544,6393
1582582,6500
1582703,6431
1582704,6641
1582864,7045
1583061,7623
1583104,6927
1583227,7292
1583334,6817
1583387,7469
1583716,6939
1583839,6765
1583977,6727
1584106,6649
1585045,6349
1585206,6319
1585380,6195
1585521,6143
1585665,6074
1585799,6035
1586022,5905
1586207,5923
1586314,5908
1586460,5873
1586492,6151
1586609,6242
1586618,6079
1586895,6035
1587021,5962
1587573,6000
1587877,6055
1588026,5959
1588287,5747
1588435,5648
1588458,5977
1588524,6340
1588886,5877
1589023,5892
1589740,6484
1592305,4704
1592473,4599
1592531,4632
1592728,4889
1593335,4308
1593496,4266
1593645,4170
1593914,4132
1594062,4047
1594139,4020
1594181,4435
1594324,4306
1594473,4334
1594519,4221
1594594,4256
1594709,4233
1594813,4174
1594964,4076
1595127,4045
1595165,4211
1595303,4173
1595310,4278
1595433,4095
1595633,4296
1595782,4291
1595927,4252
1596063,4181
1596291,4024
1596433,4008
1596568,4014
1596588,4494
1597774,5039
1597857,5562
1597918,6125
1598068,5913
1598226,6509
1598257,6864
1598662,6296
1598889,6361
1599114,6100
1599239,6777
1599254,6554
1599292,6186
1599418,6165
1599548,6158
1599647,6495
1599771,6435
1599907,6052
1600020,6310
1604478,3057
1607206,4175
1607392,4243
1608382,3866
1608398,4016
1608793,3688
1608845,3736
1608996,3635
1609140,3820
1609180,3966
1609290,3915
1609356,4106
1609452,4098
1609588,4079
1609611,4170
1609752,4173
1609784,4213
1609901,5110
1610043,4539
1610072,4590
1610189,4584
1610249,4594
1610366,4820
1610405,4696
1610490,4646
1610572,4982
1610692,4811
1610820,4846
1611019,4589
1611229,4555
1611452,4613
1611645,4610
1611810,4436
1612074,4682
1612223,5391
1612508,4861
1612675,4505
1613000,4464
1613245,4857
1615134,4214
1615325,3787
1615355,4056
1615505,3969
1616362,3809
1616383,3374
1616537,3574
1616841,3748
1616991,3725
1617125,3722
1617336,3563
1617481,3469
1618193,3034
1618349,3454
1618385,3197
1618472,3281
1618714,3972
1618864,4022
1618959,3851
1619180,3571
1619354,3880
1619394,3988
1619481,3694
1619641,3718
1620009,4218
1620156,3609
1620206,3613
1620863,3915
1620990,3549
1621014,3772
1621312,3536
1621456,3514
1621551,3466
1621842,3355
1622007,3436
1622158,3357
1622517,3858
1622713,3652
1623681,3040
1624038,3602
1624345,3362
1624376,3481
1624592,3335
1624611,3691
1624821,3745
1624964,4336
1625654,4023
1625671,3684
1625851,3632
1626001,3968
1626124,3897
1626321,4182
1626677,4105
1626915,3813
1628044,3391
1628124,3555
1628292,3615
1628415,3630
1628610,3552
1628654,3445
1628728,3688
1628808,4327
1628869,4203
1628941,4240
1629044,4292
1629074,4350
1629197,4334
1629784,3932
1629802,4164
1629932,4249
1630066,4165
1630093,4314
1630230,4978
1630332,4085
1630550,3917
1630729,4410
1631673,3953
1631742,3939
1631858,3942
1631935,3933
1632091,3864
1632208,4190
1632225,4402
1632577,3812
1633652,3899
1633795,4131
1634004,4185
1634026,4719
1634167,4508
1634385,4150
1634520,4304
1634555,4320
1634844,4080
1635090,3885
1635306,3870
1635448,4120
1636179,3456
1636315,3579
1636450,3805
1636589,4113
1636723,3805
1636888,4088
1636920,4307
1637016,4139
1637066,4317
1637248,4081
1637388,4045
1637581,4368
1637896,4108
1638191,4142
1638964,4094
1639011,3967
1639144,4059
1639213,4507
1639357,4586
1639663,3947
1639706,3910
1640084,4714
1640232,4618
1640348,4442
1640354,4810
1640537,4861
1640747,4707
1640812,4272
1640990,4219
1641039,4364
1641979,3781
1642126,3715
1642181,4049
1642318,4045
1642444,3980
1642627,4105
1642666,4381
1642752,4789
1642816,4333
1642876,4922
1643015,4858
1643792,4153
1644118,3958
1644295,4136
1644467,4114
1644633,4071
1644881,4155
1644910,4210
1644977,4262
1645110,4450
1645675,4119
1645887,4044
1645921,4117
1646011,4331
1646061,4348
1646211,4243
1646755,5256
1646762,4201
1646890,4443
1646904,4968
1647168,5064
1647625,4508
1647908,4587
1648053,4556
1648125,4670
1648355,4507
1648558,4421
1648837,4212
1649865,3302
1649990,3341
1650124,3448
1650303,3612
1650472,3674
1650487,4358
1650636,4617
1650678,4219
1650823,4235
1651006,4253
1651029,4602
1651174,4507
1651324,4430
1651465,4429
1651599,4466
1652941,3245
1653096,3713
1653197,3318
1653354,3262
1653401,3293
1653608,3327
1653750,3632
1653785,3916
1653936,4208
1653955,4052
1654127,3830
1654213,4330
1654250,4210
1654905,4706
1657068,3271
1657297,3400
1657429,3434
1657763,3271
1658172,3175
1658359,4201
1658441,4790
1658552,5008
1658576,5311
1658614,5327
1658663,2911
1658746,3076
1658781,3407
1659768,3852
1659951,3719
1660376,3635
1660538,3694
1661425,3199
1661629,3290
1661651,3315
1661735,3391
1661880,3447
1662029,3349
1662096,3453
1662240,4262
1662298,3857
1662328,3764
1662594,4116
1662717,4088
1662848,4499
1663048,4649
1663256,4564
1663434,4513
1663577,4513
1663714,4431
1663733,4637
1664772,3938
1664935,3853
1664999,4647
1665150,4289
1665168,3944
1665307,3892
1665432,4345
1665606,3856
1665760,3764
1665886,3694
1666021,3681
1666156,3669
1666325,3562
1666543,4318
1666600,4884
1666776,4777
1666925,4794
1667043,4620
1667123,4646
1667156,4717
1669941,2944
1670126,2835
1670716,3398
1670880,4104
1670970,3884
1671014,4012
1671158,3975
1671856,3569
1671981,3526
1672043,3690
1672224,3776
1672382,3403
1672404,3642
1673040,3447
1673197,3428
1673333,3863
1673363,3998
1673531,4012
1673660,4053
1673684,3911
1673849,3798
1673954,3885
1674029,3790
1674158,3751
1674298,3792
1674437,3753
1674492,3792
1674616,3988
1674808,3941
1675410,6967
1675571,6899
1675656,6888
1675835,6924
1675874,6964
1676050,7024
1676158,7101
1676172,7721
1676321,7184
1676361,7275
1676482,7273
1676500,7335
1676668,8584
1676859,8656
1677035,8713
1678419,7200
1678453,7361
1678671,8379
1678779,8448
1678862,8671
1678985,8834
1679008,8871
1679100,8792
1679136,8625
1679251,9254
1679295,8774
1679455,8679
1679618,8941
1679867,8741
1680086,8740
1681551,7343
1681744,8116
1681923,8097
1682182,7885
1682326,7928
1682560,8143
1682665,7732
1682928,7697
1683337,7250
1683366,7455
1683948,6810
1684158,6702
1684173,6873
1684688,7819
1684714,8060
1684856,7746
1684912,7972
1685077,7853
1685095,8028
1685299,7739
1685330,7734
1685471,7814
1685613,7763
1685632,8567
1685783,7705
1685903,7688
1686120,7581
1686221,8096
1686603,7217
1686744,7347
1686883,9291
1686918,8999
1687185,8912
1687358,9281
1687557,9394
1688144,8600
1688206,7819
1688661,8496
1688957,7941
1688975,7525
1689134,7427
1689316,7616
1689349,7518
1689867,8048
1690026,8116
1690176,8169
1690290,8059
1690453,7964
1690596,7882
1690874,7721
1690882,7652
1691467,7180
1691563,7241
1691770,7080
1691909,6993
1692150,8102
1692286,7949
1692330,8132
1692445,7968
1692605,7943
1692760,7903
1693169,7581
1693344,7565
1693502,7610
1693904,7640
1694175,7265
1694392,7219
1694563,7140
1694717,7385
1694866,7539
1695018,7443
1695175,8050
1695381,7985
1695535,8124
1695693,8272
1695739,8119
1695909,8001
1696253,7707
1697311,6699
1697883,6981
1698039,7338
1698232,7207
1698376,7191
1698569,7052
1698706,6988
1698845,7082
1698981,6822
1699000,6905
1699184,6779
1699308,6708
1699317,7030
1699455,6951
1701047,6080
1701203,5827
1701320,5746
1701663,6325
1701832,6270
1701905,6263
1702031,5899
1702183,5856
1702250,6535
1702424,6536
1702500,6222
1702548,6306
1702656,6120
1702799,6027
1702966,5918
1703186,6866
1703482,6485
1703729,6290
1704072,6086
1704184,6020
1704342,5914
1704383,6364
1706438,4781
1706748,5216
1706807,5113
1707113,5887
1707212,5377
1707379,4730
1707536,4817
1707674,4803
1707887,4753
1708044,4684
1708190,4752
1708228,4845
1708553,4567
1708907,4320
1709141,4209
1709330,4713
1709480,4911
1709630,4762
1709766,4217
1709798,4650
1709868,4362
1710442,3927
1710509,3990
1710542,4090
1710809,4059
1711051,3870
1711248,3752
1711719,3728
1716398,3104
1716581,3024
1716737,3809
1716913,3687
1717087,3564
1717411,3732
1717643,3597
1717880,3850
1717919,3859
1718016,3823
1718067,3839
1718214,3803
1718232,3893
1718384,4611
1718798,3823
1718966,3997
1719136,3969
1719324,4468
1719342,4287
1719515,4190
1719676,4225
1719715,4323
1719828,4309
1719889,4300
1719970,4402
1720063,4325
1720126,4373
1720347,4475
1720541,4843
1720703,4491
1720842,4412
1720877,4476
1720975,4757
1721557,4433
1721688,4478
1721820,4522
1721949,4945
1722052,4625
1723085,4198
1723166,4332
1723232,4313
1724474,3435
1724836,3558
1725039,3654
1725452,3280
1725490,3539
1725683,3521
1725855,3667
1726365,3320
1726500,3332
1726923,3436
1726967,3607
1727104,3794
1727151,3659
1727336,3524
1727489,3422
1727581,4277
1727722,3497
1727740,3935
1728378,3344
1728533,3242
1728560,3367
1728723,3637
1728863,3695
1728886,3751
1729033,3681
1729066,3544
1729245,3474
1729363,3706
1729615,3504
1729806,3367
1730612,3416
1730932,3316
1731146,3204
1731551,3399
1731714,3348
1731902,4020
1731961,4729
1732139,4619
1732469,3727
1733464,3047
1733645,3446
1733783,3361
1733822,3642
1733957,3863
1734070,3737
1734120,4223
1734256,3695
1734390,3618
1734754,3377
1735297,3423
1735328,4044
1736002,3106
1736834,3329
1736847,3396
1737056,3521
1737244,3711
1738101,3036
1738308,3034
1738389,3275
1738534,3248
1738678,3392
1738847,3490
1738992,3397
1739207,4342
1739321,5171
1739358,5354
1739397,3787
1739436,3161
1739668,3220
1739989,3321
1740146,3350
1740624,3755
1740679,3137
1740766,3059
1740817,3122
1741386,3425
1741869,3477
1741907,3977
1742075,4170
1742151,3461
1742309,4173
1742449,4084
1742722,3868
1743414,3498
1743449,3224
1743656,3684
1743697,4015
1743907,3853
1745708,3057
1745973,2997
1746375,3157
1746876,3328
1746977,3086
1747244,3322
1747349,3158
1747624,3193
1747795,3049
1747923,3541
1747952,3190
1748162,3463
1748187,3959
1748331,3728
1748489,3937
1748604,3730
1748684,4320
1748800,3870
1748843,4167
1748977,4230
1749009,3934
1749049,4566
1749187,4102
1749774,3626
1750146,3466
1750317,3587
1750617,3784
1750645,3852
1750875,3724
1750906,3819
1750999,4475
1751160,4189
1751198,4243
1751432,4090
1751656,4250
1752358,4291
1752539,4050
1752607,3915
1753040,3678
1753061,3742
1753431,3913
1753723,3918
1753800,4322
1753959,3889
1753979,4198
1754112,3809
1754635,4099
1754847,3952
1755006,3750
1755467,3473
1755642,3389
1755873,3267
1756935,3038
1756956,3465
1757142,3234
1757242,4777
1757478,3867
1757519,3430
1757683,3424
1757740,3562
1758338,3857
1758419,3660
1758570,3560
1758810,4450
1758958,4266
1759779,3391
1759799,3301
1760026,3153
1760060,3500
1760163,3679
1760185,3955
1760564,3094
1760759,3590
1760966,3832
1760985,3498
1761169,4191
1761837,3944
1762024,3812
1762163,3367
1762237,3726
1762402,3552
1762555,3391
1762703,3657
1762895,3535
1763253,3928
1763381,3790
1763535,3958
1763677,3887
1763708,4061
1763831,3885
1764565,3453
1764636,3893
1764883,3612
1765099,3543
1765450,3992
1765488,4049
1765626,4025
1765795,3966
1766606,3215
1766776,3317
1766963,3643
1767184,3510
1767294,3816
1767416,3734
1767554,3831
1767665,4488
1767813,4223
1767819,4322
1767949,4033
1768062,4026
1768112,3975
1768232,4124
1768373,4217
1769087,3840
1769242,3736
1769713,3482
1769869,3376
1769988,3580
1770122,3563
1770257,3895
1770318,3602
1770567,3649
1771168,3415
1771497,3619
1771647,3861
1771794,4067
1771904,4485
1772170,3923
1772400,3918
1772760,3706
1772833,3750
1773022,3730
1773038,3788
1773148,3728
1774220,3691
1774404,3250
1774440,4214
1774587,3377
1774691,3538
1774766,3765
1774897,4290
1774960,4154
1775111,4472
1775250,4404
1775564,4401
1775748,4243
1776716,3440
1776877,3537
1777008,3713
1777239,3603
1777303,3743
1777418,3818
1777452,4006
1777628,3911
1777703,4247
1777758,4539
1777913,4457
1778002,4150
1778029,4790
1778307,3983
1778595,4305
1778846,4403
1778944,4364
1779013,4687
1779145,4606
1779442,4359
1779587,4264
1779716,4757
1779865,4713
1780845,3853
1780876,3746
1781075,3670
1781743,3367
1781990,3238
1782008,3309
1782215,3260
1782479,3170
1782649,3702
1782716,4434
1782858,3548
1782979,3533
1783093,3476
1783365,5255
1783418,5222
1783540,5139
1783543,5436
1783689,5422
1784046,5337
1784088,4985
1784178,5009
1784437,4911
1784605,5101
1784903,5097
1785059,5277
1785236,5274
1785353,5310
1785488,5835
1785509,5718
1786086,5211
1786998,4625
1787642,4050
1787808,3939
1788393,4107
1788422,4591
1788679,4698
1788817,4483
1789519,3849
1789668,4061
1789776,4001
1789847,3977
1790009,3940
1790147,4781
1790180,4574
1790261,4497
1790483,4609
1790609,4620
1790780,4195
1790799,4860
1791055,4570
1791437,4382
1791505,4648
1791794,4564
1791832,4227
1791965,4181
1791991,4417
1792114,4230
1792145,4614
1792368,4692
1792704,4517
1792861,4501
1793012,4565
1793920,3958
1794076,3856
1794220,4256
1794365,3792
1794523,3687
1794644,4165
1794765,4195
1795213,5307
1795643,3890
1795693,5158
1795868,4137
1795900,5096
1796190,4754
1796443,4603
1796586,4508
1797702,3668
1797760,3420
1797947,5103
1798134,4675
1798292,4484
1798371,4795
1798530,4337
1798549,4571
1799633,3288
1799822,3151
1800150,2948
1800331,3017
1800356,3101
1800621,3872
1800978,2924
1801002,3382
1801212,3193
1801404,4716
1801516,5778
1801623,4606
1801666,5847
1801719,5444
1801752,5765
1801799,5962
1801840,6092
1801878,6317
1801909,6333
1802004,6737
1802185,6320
1802214,6476
1802721,3159
1802885,3075
1803598,2900
1804672,3662
1804866,3909
1805215,5087
1805335,3744
1805480,3907
1805630,3810
1806523,3624
1806689,3615
1806728,4142
1807544,3714
1807585,5109
1807736,3968
1807774,4651
1807920,4710
1808061,4871
1808273,4100
1808531,3929
1808876,3638
1809173,3737
1809245,4991
1809307,3874
1809440,3806
1809575,3938
1809594,3996
1810613,4230
1811053,3288
1811405,3286
1811543,3488
1811731,3593
1811880,3509
1812032,3984
1812078,3804
1812766,3321
1812946,3737
1813035,4018
1813181,3926
1813349,3721
1813638,3965
1813785,3870
1813815,3939
1813955,4132
1814303,3921
1814522,3925
1814727,3671
1814870,3674
1815058,3833
1815138,4627
1816190,3509
1816327,3498
1816517,3486
1816664,3393
1816782,3850
1816898,3916
1817159,3838
1817289,3808
1817439,3869
1817577,3858
1817859,4036
1818710,3070
1818810,3226
1818904,3049
1818968,3319
1819030,3321
1819183,3637
1819220,4376
1819373,3493
1819499,3509
1819674,3896
1819809,4038
1819964,3656
1820186,3610
1820213,3544
1820368,3547
1821369,2966
1821520,3305
1821555,3622
1821772,3457
1822439,3404
1822463,2978
1822962,2989
1823146,2864
1823628,3273
1823978,2821
1824122,2909
1824424,3193
1824441,3365
1824586,3273
1824668,3434
1824853,3301
1825162,3490
1825348,3400
1827127,3014
1827376,3129
1827534,3126
1827656,3271
1827794,3223
1827939,3481
1827985,3585
1828178,5982
1828219,3516
1828343,6820
1828355,3621
1828496,6734
1828528,4206
1828661,4166
1828777,4279
1828905,4562
1829611,3753
1829632,3684
1829804,4117
1829935,5402
1830335,4237
1830368,5131
1830745,3879
1831095,3577
1831355,3828
1831680,3709
1831852,3772
1832030,3786
1832075,7791
1832193,6858
1832251,4328
1832359,3632
1832521,4962
1832586,5461
1832646,5512
1832697,5564
1832745,5903
1832803,7092
1832876,5509
1832888,6458
1832934,6497
1832981,6532
1833034,6595
1833116,4667
1833122,6596
1833190,6678
1835237,7581
1835352,5174
1835391,5242
1835421,5313
1835450,5406
1835480,7176
1835511,6628
1835549,7175
1835579,9163
1835609,10190
1835638,10564
1835672,10604
1835702,12138
1835731,12164
1835762,12285
1835797,12340
1835825,12275
1836357,6517
1836510,7360
1836737,5800
1836905,5634
1837072,5534
1837232,8377
1837326,6594
1837595,8344
1837705,8424
1837876,7794
1838006,8143
1838342,7987
1838486,7961
1838738,7640
1838910,8599
1839115,8414
1839121,8876
1840066,8140
1840254,9314
1840347,7953
1840524,7852
1840706,7766
1840861,7766
1841015,7730
1841169,8156
1841300,7584
1841543,7412
1841708,7358
1841852,7823
1841908,7881
1841954,8319
1841999,7915
1842046,7990
1842091,8057
1842147,8249
1842202,8450
1842253,8517
1842310,7132
1843458,7068
1843677,7216
1843820,7185
1843955,7166
1844090,7143
1844348,7010
1844496,6976
1844899,6687
1845063,6689
1845204,6681
1845780,9060
1845957,11012
1846771,10258
1846937,9912
1846969,10181
1847145,9917
1847536,9702
1847677,9878
1847702,9492
1847849,9565
1848657,8886
1852790,4840
1853103,4527
1853608,4154
1853624,4896
1853785,4551
1853803,4883
1853957,4474
1854132,4806
1854318,4673
1854487,4603
1854664,4136
1854670,4372
1854834,4371
1854987,4393
1855141,4322
1855326,4379
1855348,4378
1855480,4506
1855519,4415
1855638,4401
1855795,4443
1856013,4509
1856283,6142
1856355,4214
1856540,5564
1856703,5881
1856863,5801
1857989,5367
1858152,5303
1858327,5497
1858771,5823
1859532,5435
1859550,5285
1859764,5720
1859833,5747
1860007,5833
1860074,5683
1860144,5912
1860607,5502
1861031,5166
1861208,5535
1861387,4989
1861548,5141
1861744,5049
1862665,4487
1862859,4400
1862983,4381
1863106,4390
1863297,4501
1863439,4299
1863557,4285
1863580,4668
1863615,4731
1863654,4324
1863837,5093
1863979,4699
1864000,5214
1864167,5326
1864252,5371
1864549,5233
1864646,5651
1864671,5431
1865005,5512
1865140,5430
1865470,5313
1865631,5355
1865663,5628
1865787,5587
1865852,5845
1866872,4906
1867061,5330
1867096,5044
1867399,5418
1867527,5864
1867699,5816
1867857,5606
1867990,5638
1868081,5914
1868168,5583
1868816,5249
1870320,4107
1870375,4217
1870543,4099
1870624,4226
1870819,4181
1870973,4271
1871026,4447
1871092,4502
1871851,3983
1871960,3975
1872039,4355
1872183,4583
1872216,5259
1872322,4890
1872456,5033
1872492,4526
1872646,4959
1872775,4765
1872834,5016
1872937,5311
1872976,5619
1873190,5573
1874077,4583
1874412,4710
1874559,4644
1874691,4767
1874695,5165
1874872,5197
1875083,4862
1875315,4699
1875441,4638
1875653,4491
1875660,4865
1875811,4662
1875925,4771
1876048,4812
1876851,4626
1876892,4736
1877046,4638
1877089,4658
1877234,5255
1877490,4498
1877644,4593
1877687,4723
1877973,4623
1879171,4270
1879290,4209
1879499,4152
1879621,4206
1879784,4238
1880140,4673
1880296,4939
1880424,4190
1880751,4065
1880934,3933
1881102,3859
1881286,4340
1881431,4242
1881531,4357
1881669,4316
1881828,4232
1882025,4099
1882253,4913
1882361,4039
1882544,4126
1882684,4394
1882703,4193
1882861,4646
1883000,4417
1883766,3886
1884099,3821
1884452,3588
1884649,3691
1884859,3880
1885022,4270
1885061,3774
1885082,3816
1885668,3693
1885710,3745
1885820,3914
1886657,3583
1886757,4763
1886913,4199
1887244,3928
1887360,3485
1887510,3665
1887780,3976
1887923,3864
1888088,3850
1888110,3953
1888299,3894
1888422,3982
1888573,3960
1889556,3060
1889600,3308
1889772,3354
1889808,3558
1889910,3660
1889947,3933
1890086,3837
1890095,4869
1890211,4363
1890253,4253
1890324,4840
1890947,4548
1890969,3814
1891205,3617
1891329,4210
1892522,3431
1892710,3307
1892736,3461
1892941,3426
1892966,3513
1893118,3430
1893224,4023
1893916,3344
1894065,3299
1894095,4092
1894257,4297
1894587,3651
1894606,3403
1895038,3586
1895324,3454
1895366,3310
1895678,3121
1896750,2855
1896865,3065
1897010,3431
1897085,3763
1897259,3769
1897448,3229
1898021,3380
1898584,2950
1898846,2817
1898992,3367
1899116,3418
1899253,3438
1899300,3287
1899324,3513
1899477,3160
1900218,3196
1900338,3368
1900383,3904
1901819,3012
1901993,2890
1902199,3548
1903336,3139
1903499,3134
1903786,3184
1903809,3229
1904023,3066
1904070,3297
1904151,3355
1904316,3273
1904482,4592
1904713,4490
1905003,4147
1905165,4375
1905184,4424
1905329,4052
1905484,4261
1905580,4281
1905783,4776
1905830,4567
1905955,5387
1906021,5339
1906144,5283
1906469,5035
1906715,4848
1906801,4827
1906830,5027
1906985,4957
1907186,5901
1907311,5786
1907397,5806
1907556,5792
1907632,5983
1907704,5902
1907733,6014
1907853,5810
1908008,5785
1908180,5663
1908319,5613
1908413,6595
1908547,6651
1908684,6648
1908819,6616
1908933,6699
1909627,6156
1909812,6188
1909912,6464
1909987,6215
1910109,6245
1910244,6379
1910397,6741
1910592,6628
1910657,6414
1910819,6371
1910940,6919
1911121,6845
1911770,6140
1911903,6341
1912030,6112
1912166,6028
1912392,5911
1913304,6308
1913398,6065
1913791,5874
1913945,5966
1913963,5810
1914133,5632
1914150,5753
1914429,5727
1914601,5747
1914620,6128
1914737,6854
1914838,6994
1914849,6677
1915026,6854
1915095,6954
1915240,6981
1915415,7009
1915818,6662
1916894,5834
1917043,5744
1917362,5650
1917506,6038
1917644,5889
1917688,6294
1917740,5974
1917950,5849
1918377,5520
1918573,5479
1918714,5617
1918871,5525
1918959,5657
1919102,6249
1919106,6978
1919300,6626
1919445,6284
1919487,7509
1919635,7300
1919809,6190
1920386,6210
1920589,6397
1920850,5771
1921049,6018
1921221,6163
1921337,5890
1921656,6111
1921882,6090
1922844,5559
1922899,5268
1923048,5696
1923096,5734
1923311,6417
1923321,6080
1923469,6527
1923592,6191
1923611,6348
1923748,6856
1923945,6630
1924082,6710
1924247,6622
1925330,5528
1925412,5510
1925564,5752
1925761,6003
1926021,5482
1926636,5185
1926724,5095
1927082,5347
1927316,5149
1927435,5130
1927583,5141
1927602,5161
1927704,5118
1927809,5254
1927985,5432
1928227,5165
1928396,5184
1928470,5320
1928625,5385
1928765,5471
1928873,5668
1928920,5690
1929089,5581
1929190,5656
1929210,5690
1929549,5624
1930738,5063
1930969,4882
1931319,5065
1931594,4848
1931619,5352
1931853,5017
1931992,4930
1932128,5372
1932250,5177
1934058,4197
1934129,3929
1934564,3778
1934712,3413
1934879,3366
1934965,3693
1935001,3591
1935190,3658
1935452,3947
1935597,4234
1935791,4391
1935919,4389
1936044,4328
1936160,4194
1936303,4299
1936453,4302
1936707,4243
1938378,3258
1938509,3214
1938682,3261
1938727,3414
1938875,3320
1939018,3228
1939155,3770
1939183,3530
1939312,3948
1939477,4094
1939622,4001
1939646,4463
1939742,4462
1939869,4490
1940018,4391
1940405,4096
1941128,3979
1941765,3571
1941775,3708
1941969,3870
1942006,3921
1942178,4461
1942441,3601
1942591,3533
1942732,3484
1942758,3602
1942910,3520
1942974,3567
1943028,4396
1943224,4251
1943338,4518
1943404,4516
1943477,4494
1943708,4476
1944305,4426
1944455,4354
1944613,4392
1944638,4415
1944774,4328
1945088,4103
1946526,3098
1946684,3031
1946719,3085
1946941,2961
1946969,3041
1947072,3853
1947185,3705
1947341,3583
1947509,3632
1947540,3675
1947690,4192
1947742,5342
1947884,4992
1948012,4504
1948054,5124
1948278,4970
1951640,3405
1952035,4077
1952200,3468
1952349,3883
1952394,3723
1953330,3195
1953588,3478
1953751,3389
1954000,2896
1954034,2947
1954235,3433
1954351,2963
1954507,3296
1954650,3640
1954983,3404
1955172,4068
1955229,4430
1955333,3198
1955489,3180
1955683,3313
1955711,3439
1955833,3638
1955920,3646
1956761,4202
1957148,3601
1958072,3041
1958330,3743
1958519,3662
1958683,3562
1958702,3428
1959735,2857
1959786,3032
1959869,3095
1959882,3850
1960078,3212
1960103,3372
1960245,3972
1960790,2989
1960826,3184
1960972,3092
1961089,3538
1961159,3512
1961305,4035
1961339,3384
1961621,3698
1961885,3484
1962179,3454
1962421,3840
1962560,4074
1962667,3913
1962736,3706
1962908,3823
1963836,4014
1963905,4599
1964054,4517
1964097,3812
1964493,3472
1964508,4239
1964679,3690
1964840,3596
1965014,3786
1965036,3832
1965139,3901
1965170,4000
1965379,3969
1965450,3948
1966844,2967
1966982,3374
1967205,3945
1967315,3442
1967458,3469
1967601,3376
1967844,3890
1968052,3734
1968205,4390
1968676,3889
1968882,3873
1969012,3898
1969093,4050
1969788,3430
1969877,3681
1969922,3565
1970030,3621
1970173,4189
1970214,4423
1970316,4061
1970465,3949
1970501,4082
1970602,3994
1970732,4240
1970771,4164
1970859,4171
1971119,4029
1971245,4488
1971536,4080
1971815,4038
1972032,3979
1972051,4036
1972975,3638
1973253,3296
1973311,3427
1973449,3334
1973909,4053
1974088,3927
1974156,4363
1974233,4014
1974412,3954
1974658,4173
1974813,4093
1976068,3089
1976226,3373
1976584,2930
1976814,2894
1976837,2960
1976988,2997
1977039,3089
1977160,3064
1977362,2973
1977578,3014
1977758,3324
1977988,3237
1978143,3464
1978351,3468
1978552,4260
1978674,4085
1978736,3652
1980231,3695
1980420,2930
1980589,3294
1980637,2909
1980740,3194
1980945,3061
1981040,3017
1981203,3280
1981331,3201
1981444,3733
1981513,4304
1981644,3977
1981660,4085
1981863,3934
1981906,4109
1982102,4204
1982376,3681
1982592,3618
1984294,3900
1984561,3486
1984601,3646
1984716,3679
1984789,3733
1984947,3842
1985084,3960
1985213,4137
1985260,4349
1985450,4209
1985654,4328
1985854,4181
1986045,4040
1986209,3928
1986341,4169
1986407,4186
1986577,4201
1986600,4341
1986722,4272
1986760,4338
1986864,4330
1987008,4313
1987055,4523
1987174,4971
1987180,4556
1987216,5206
1987420,4940
1987463,5010
1987497,5025
1989027,4004
1989089,4744
1989160,4419
1989244,4936
1989943,4629
1990143,4641
1990225,5080
1990285,4403
1990338,4596
1990342,4509
1990538,4540
1990635,4722
1990770,4720
1991924,4295
1991970,4685
1992157,4446
1992198,4635
1992615,4795
1992644,4545
1992743,4719
1992829,4723
1992857,5480
1992992,5400
1993063,5539
1993145,5598
1993214,6107
1993414,5456
1993592,5411
1995598,4622
1995625,4577
1995815,4866
1995853,5170
1995946,4633
1995990,5211
1996041,4756
1996179,4553
1996408,5365
1996433,5771
1996516,5744
1996670,6104
1996861,5976
1996895,6039
1997001,6033
1997028,6109
1997117,6106
1997293,6128
1997498,6062
1997649,5962
1997674,6002
1997820,5918
1997839,6450
1998110,6312
1998205,6312
1999660,4908
1999864,5299
1999885,5332
2000034,5254
2000099,5253
2000231,5540
2000337,5531
2000750,4906
2000899,4807
2000948,4801
2001035,4806
2001229,5889
2001401,5299
2001458,5472
2002005,5373
2002026,5729
2002163,5267
2002356,5242
2002410,5254
2003386,6154
2003454,5630
2003651,5486
2003801,5796
2003932,5764
2004091,5556
2004177,5447
2004305,5466
2004690,5300
2004996,4923
2005141,4933
2005466,4761
2006920,3990
2007026,3941
2007202,3831
2007325,3867
2007442,4124
2007453,3995
2007597,3905
2007814,3802
2007840,3861
2007937,4155
2007990,4690
2008174,4442
2008765,4248
2009130,4250
2009176,4365
2009744,4177
2009866,4137
2011162,3777
2011438,3575
2011586,3700
2011741,3597
2011907,3859
2012077,3739
2012281,4176
2012378,3821
2012660,3908
2012827,4266
2012972,4198
2013050,4666
2013204,4573
2013223,4540
2013377,4441
2013412,4520
2013551,4430
2013582,4286
2013705,4329
2013729,4416
2014889,3744
2015068,3618
2015092,3641
2015200,3744
2015364,3652
2015568,3788
2015601,3910
2015718,3945
2015867,3856
2015893,4026
2016040,3894
2016074,3918
2016222,5023
2016786,3987
2017807,3854
2017971,3680
2018071,3678
2018185,3619
2018455,3668
2018616,3864
2020220,3930
2020758,3124
2021010,2781
2021079,5212
2021242,5979
2021597,5472
2021732,5631
2021845,3416
2021849,3304
2022094,3657
2022163,5265
2022253,3717
2022384,4176
2022453,3737
2022493,3749
2022696,4844
2022924,3746
2022938,4734
2023078,4521
2023973,3370
2024273,3450
2024712,3061
2024877,2946
2025048,3288
2025236,5230
2025317,3977
2025473,4213
2025639,3487
2025812,4392
2025867,4488
2025930,4646
2026020,4091
2026031,4630
2027605,3924
2027819,3900
2027968,3801
2028073,3563
2028581,3547
2028990,3346
2029439,3584
2029512,3298
2029611,3324
2029771,4052
2029938,4187
2029943,4079
2030100,4319
2030260,4309
2030420,4618
2030571,4415
2030791,4553
2030965,4536
2031134,4574
2031345,4670
2031353,4791
2031502,4960
2031848,4668
2032251,4314
2032491,4648
2032519,4375
2032645,4543
2032726,4399
2032904,4760
2033051,4575
2033099,4622
2033224,4549
2033306,4651
2033377,4627
2033520,4537
2033720,4900
2033852,4653
2034200,4771
2034311,4864
2034591,4651
2034730,5152
2034987,4818
2035147,4839
2035336,4640
2035542,4883
2035581,5051
2035718,4846
2035855,5400
2036022,5462
2036255,5426
2036572,4994
2037722,4288
2037860,4299
2038013,4224
2038118,4221
2038136,4265
2038283,4187
2038486,4342
2038786,4311
2039458,4071
2039560,3923
2039703,3993
2039821,3960
2040115,3776
2040604,3690
2040709,4276
2040749,3786
2040836,3923
2040951,3756
2041091,3730
2041157,4069
2042135,3625
2042321,3498
2042513,3355
2042673,3316
2042868,3260
2043068,3424
2043259,3656
2043294,3528
2043298,3540
2044209,3801
2044356,3448
2044646,3893
2044809,3686
2044865,3733
2045068,3586
2045097,3647
2045522,3516
2045802,3927
2045955,3623
2046026,3554
2046169,3522
2047100,2873
2047260,2804
2047430,3058
2047568,3665
2047635,4226
2047690,4350
2047833,4081
2048324,3794
2048545,3675
2048684,3661
2048827,3796
2048891,3804
2049114,3668
2049975,3072
2050153,3150
2050294,3100
2050322,3319
2050411,3404
2050522,3429
2050564,3439
2050669,3435
2050684,3689
2050873,3924
2051027,3936
2051192,3596
2051319,4184
2051371,4052
2051529,4043
2052402,4581
2052533,4340
2052738,3937
2052835,4165
2053328,3560
2053443,3742
2053531,3826
2053726,3858
2053910,3749
2054196,3571
2054428,3911
2054575,3987
2054600,3908
2054744,4324
2054993,4167
2055140,4195
2055379,4010
2055468,4363
2055621,4250
2055784,4331
2055927,4280
2056073,4561
2056235,4448
2056709,3873
2056735,3990
2058052,3785
2058092,4156
2058191,3594
2058386,4342
2058582,3865
2058623,4239
2058774,4153
2059005,4015
2059185,4169
2059331,4302
2059448,4381
2059589,4161
2059858,3956
2060973,3220
2061110,3457
2061404,3245
2061614,3088
2061673,3222
2061845,3281
2061895,3167
2062070,3402
2062407,3345
2062564,3381
2062803,3276
2063061,2955
2063122,3850
2063233,4602
2063254,4410
2063306,3782
2063381,4166
2064383,3501
2064663,3493
2064744,3425
2064897,3764
2064947,3986
2065097,3757
2065218,4715
2065370,3744
2065521,4188
2065556,4302
2065701,4636
2065780,4559
2065981,4733
2066118,4767
2066285,4702
2066415,4523
2068533,3803
2068680,3981
2068928,3824
2068947,3922
2069141,3975
2069190,4144
2069360,3892
2069597,4314
2069723,4286
2069905,4228
2069986,4389
2070137,4808
2070163,4819
2070371,4809
2070435,5028
2070544,4714
2070560,4992
2070684,5080
2070727,4878
2070853,5018
2070999,4990
2071077,5604
2071230,5350
2071297,5089
2071409,5418
2071598,5137
2071631,5248
2071720,5204
2071850,5149
2071993,5508
2072873,4559
2073036,4515
2073188,4444
2073377,4426
2073523,4345
2073660,4322
2073882,5365
2074030,5320
2074169,5245
2074182,5306
2074334,5282
2075324,5010
2075457,4929
2075604,4881
2076061,4375
2077011,4531
2077060,4416
2077149,4601
2077233,4788
2077539,4279
2077673,4411
2077818,4719
2077935,4715
2078103,4683
2078381,4604
2078702,4416
2078874,4422
2079054,4382
2079532,4321
2079681,4236
2079714,4220
2079844,4125
2079990,4103
2080030,4542
2080139,4369
2080152,4490
2080678,4119
2080696,4168
2080844,4126
2080957,4125
2080978,4626
2081116,4902
2081194,4597
2081310,4611
2081475,4753
2081579,5571
2081616,5721
2081793,5609
2081938,5012
2083578,4519
2083673,4553
2083714,4713
2084123,4440
2084161,4688
2084248,4671
2084312,4590
2084913,4117
2085141,4017
2085618,4112
2085760,4024
2086029,4017
2086055,4291
2086206,4248
2086319,4516
2086339,4173
2086623,4275
2086754,4086
2087136,3912
2087400,3701
2087447,3648
2087535,4014
2087696,3825
2087715,3916
2087847,4542
2089223,3578
2089528,3701
2089852,3706
2090126,3859
2090315,4424
2090379,4293
2090655,4334
2090877,4117
2091222,4420
2091338,4408
2091550,4324
2091692,4211
2091759,4349
2091822,4195
2091896,4293
2093015,3926
2093175,3705
2093568,3310
2093628,3352
2093775,3339
2093800,3368
2093894,3542
2094052,3406
2094205,3407
2094311,3394
2094314,3535
2094495,3690
2094541,3502
2094698,4072
2094752,4396
2094821,4526
2095031,4347
2095052,4259
2095207,4342
2096063,3888
2096578,3632
2098952,4009
2099111,4147
2099383,4034
2099451,4051
2099563,3986
2099670,4123
2100295,3637
2100362,4017
2100543,4666
2100698,4286
2100746,3903
2100855,3895
2100875,3974
2101005,3932
2101031,4004
2101156,4399
2101177,4225
2101415,4304
2101442,4379
2101587,5258
2101611,4928
2101728,5169
2101873,5191
2102037,5130
2102198,4917
2102221,4853
2102381,4836
2102407,5145
2102554,4990
2102571,5060
2102948,5095
2103096,5834
2103293,5665
2103438,5586
2103583,4990
2103604,5473
2103715,6036
2104258,5639
2104380,5432
2104665,5319
2104819,5679
2105043,5554
2105843,4805
2105974,4730
2106202,5283
2106324,4840
2106570,4537
2106718,4663
2106912,4924
2107789,4407
2107819,4764
2108125,4511
2108331,4356
2108536,4202
2108746,4039
2108772,4224
2108959,4296
2109118,4231
2109864,4199
2110024,4091
2110208,4863
2110546,3618
2110763,3852
2110891,3794
2111031,3834
2111216,3807
2111240,3838
2111505,3729
2111630,3918
2112217,4133
2112240,4189
2112421,4213
2112448,4368
2112664,4350
2112829,4381
2113053,4097
2113310,3961
2113516,4105
2113660,4048
2113685,4072
2113799,4202
2113903,4195
2115340,3147
2115404,3429
2115541,3348
2115662,3278
2115766,3456
2115780,3509
2115951,4183
2116113,4249
2116382,4368
2116506,4394
2116641,4345
2116849,4278
2117041,4258
2118191,3409
2118247,3877
2118532,3296
2118536,3371
2118822,3690
2118971,3619
2119106,3556
2119261,4703
2119288,3447
2119335,3762
2119499,3812
2119553,3875
2119622,3741
2119717,4103
2119747,4125
2119944,4683
2119955,4424
2120234,4442
2120572,4195
2120803,4230
2121785,3301
2121938,3201
2121985,3922
2122157,3694
2122182,3684
2122346,3766
2122814,4234
2122998,4000
2123123,3800
2123183,3988
2123352,3900
2123465,3863
2123555,3920
2123682,4149
2124812,3424
2125000,3353
2125135,3257
2125334,3300
2125496,3226
2125713,3221
2125807,3207
2125970,3229
2126124,3466
2126248,3797
2126530,3463
2126921,3675
2127139,3511
2127289,3430
2127362,3474
2127531,3576
2128858,3437
2129030,3184
2129055,3388
2129244,3287
2129326,3113
2129789,3518
2129819,3419
2129944,3419
2130089,3672
2130605,3463
2130915,3383
2131129,3222
2131363,3197
2131545,3625
2132710,3182
2132850,3385
2132986,3544
2133074,3861
2133101,3518
2133370,3686
2133551,3593
2133584,3792
2133793,3682
2134024,3948
2134123,4992
2134159,4078
2134335,4048
2134395,4461
2134540,3935
2134609,4682
2134692,4765
2134828,4375
2134848,4516
2134950,4419
2135004,4694
2135138,4521
2136321,3391
2136367,3263
2136535,3430
2136721,3397
2136743,3322
2137138,3100
2137618,3088
2137793,3918
2138060,3732
2138654,3851
2138946,3777
2140717,3827
2140860,4133
2141010,4043
2141064,4424
2141136,4622
2141240,4350
2141298,4243
2141546,4303
2141620,4067
2141878,4036
2141944,4065
2142008,4211
2142096,4519
2142218,5077
2142230,5118
2142348,5107
2142365,5218
2142509,5228
2142559,5137
2142661,5721
2142762,5255
2142851,5550
2142896,5445
2143004,5647
2143025,5615
2143154,5610
2143186,5852
2143306,5890
2143440,5906
2143646,6109
2144422,5458
2144555,5734
2144715,5338
2144837,5325
2144903,5731
2145145,6034
2145188,6250
2145313,5922
2145590,5904
2145725,6021
2145873,6057
2146017,6320
2146046,6601
2146114,6340
2146256,6709
2146515,6305
2146792,6108
2147789,5822
2148096,5605
2148436,5359
2148473,5457
2149438,4598
2150139,4616
2150300,4505
2150331,4591
2150426,4633
2150461,4709
2150568,4691
2150717,4622
2150802,4620
2150960,5065
2151007,4780
2151103,4785
2151308,4798
2152001,4181
2152108,4652
2152196,4754
2152336,4841
2152471,4757
2152504,5178
2152658,5132
2152862,5028
2153006,4996
2153022,5237
2153178,4976
2153755,5003
2154579,4291
2154622,4335
2154774,4842
2156257,2991
2156458,3360
2156479,3212
2156625,4480
2156643,4332
2156789,4255
2156845,4791
2157004,4722
2157019,4553
2157150,4675
2157308,4518
2157371,4731
2158327,4252
2159346,3387
2159882,3302
2160789,3819
2160804,4091
2160955,3857
2161108,3792
2161340,4031
2161511,3926
2161925,3568
2161954,3752
2162124,3816
2162274,3804
2162378,3644
2162967,3236
2163161,3180
2163360,3070
2163502,3391
2163527,3369
2163631,3418
2163844,3288
2163925,3486
2163988,3503
2164087,3736
2164416,3495
2164930,3069
2165076,3290
2165090,3386
2165242,4878
2166159,3691
2166316,3644
2166468,4397
2166489,5691
2166590,4369
2166767,5630
2166954,4163
2167086,5256
2168047,4105
2168243,3960
2168831,3620
2169004,3394
2169166,3491
2169373,3446
2169451,3277
2169722,3722
2169937,3557
2170207,6090
2170347,3201
2170506,3304
2170676,3287
2170693,3440
2170840,3535
2171009,3419
2171170,3669
2171356,3551
2171363,3674
2171515,3744
2171531,3825
2171696,4450
2171704,4635
2171869,4333
2172525,4014
2173072,3593
2173225,3532
2173283,4114
2173380,3497
2173899,3806
2174067,3611
2174178,3602
2174373,3381
2174843,3795
2174945,4024
2175095,3927
2175114,3975
2175255,4096
2175397,4133
2175444,4271
2175830,3992
2176916,3313
2176965,3403
2177091,4244
2177094,3335
2177212,3906
2177608,3450
2177793,3615
2177798,3700
2177969,3582
2178165,3844
2178321,3931
2178455,3903
2178548,4125
2178703,3979
2178719,4295
2179604,3132
2179783,3130
2179937,4602
2179964,3874
2179983,4618
2180346,3409
2180944,3717
2181170,4252
2181334,3761
2181583,3535
2181730,3618
2182490,3249
2182553,4394
2182731,4319
2182856,3988
2182901,4098
2182960,3975
2183112,3466
2183353,3680
2183399,3826
2183433,4146
2183469,4925
2183545,4229
2183580,4286
2183600,3298
2183634,4818
2183654,5006
2183671,5230
2184689,3881
2184830,3949
2185604,3864
2185763,4213
2185900,4128
2186017,4632
2186156,4584
2186209,4724
2186400,4400
2186674,4435
2186767,4432
2187064,4263
2187255,4286
2188892,3339
2189134,3071
2189349,3060
2189497,3138
2189669,3264
2189800,3612
2190151,3321
2190318,3630
2190348,4577
2190485,4505
2191246,3632
2191370,3866
2191422,4383
2191587,3827
2191739,4123
2191861,4050
2192064,3895
2192325,3683
2192453,3782
2192495,3879
2192650,3776
2192765,3803
2192782,3869
2192931,3829
2192981,3954
2193077,4395
2193165,4603
2193734,3483
2193881,3484
2194004,3516
2194133,3658
2194702,3634
2194954,3978
2195104,3616
2195466,3608
2195617,3523
2195754,3449
2195872,3786
2196985,3262
2197165,4001
2197505,3073
2197803,2894
2197964,2901
2198010,3486
2198149,3275
2198169,3514
2198317,3821
2198472,3939
2198655,3859
2200000,2958
2200176,3475
2200626,3184
2200703,3170
2200882,3204
2201006,3514
2201187,3515
2201235,3571
2201430,3541
2201610,3585
2201735,3559
2201765,3738
2201850,3697
2201928,3769
2201956,3681
2202223,3507
2203133,2791
2203191,3520
2203339,2898
2203476,3429
2203665,3360
2203816,3327
2203955,3568
2203994,3764
2204025,3866
2204161,3479
