584,4027
590,3523
1071,3803
2702,3703
2813,3775
3196,3539
3275,3848
3882,3497
4032,4271
4242,3376
5026,3516
5201,3479
6119,3234
6820,3595
6955,3889
7821,4170
8212,4614
9530,3797
9637,4903
9667,4106
10224,5204
10430,6352
10610,5551
10772,5868
11023,5459
11428,4896
12686,5901
13568,7597
13850,4126
14378,4187
14598,4227
14711,8499
15114,5147
16143,5320
16722,4698
16883,5490
18591,4792
19356,3371
19758,5816
19819,6131
19963,5587
20801,5016
20921,4828
21068,4869
21861,4022
22830,4386
22997,4262
23224,3917
24330,3415
24350,3579
25624,4658
26352,4004
28116,3320
28367,4149
28860,13548
28923,4866
29033,9760
29071,3652
30775,7657
31066,7268
31311,8377
32155,7578
32352,6283
32557,6029
32776,5763
32916,8412
33054,8095
33182,8280
33303,8330
33436,8452
33581,8694
33801,7999
34369,10373
34573,16535
35454,9195
35598,8861
35629,14277
35731,7949
35860,8259
36473,6269
36640,10514
36773,10519
36929,10029
37141,8553
37329,8101
37567,9993
37700,9811
39507,8102
43053,6121
43151,5749
43816,7706
44877,6760
45179,6703
45513,7443
45879,7563
46118,8377
46260,7928
48151,6292
48305,11081
48484,11102
48622,9944
48738,10598
48931,11951
49087,13696
49299,16783
49454,13029
49617,12384
49757,11879
49894,11992
50028,11348
50405,12522
50545,15648
50678,14809
50820,14055
50955,11446
52014,11797
52514,11091
52661,10750
52798,10668
52983,10778
53253,10685
53378,9701
53723,9506
53968,8867
54211,8330
60449,5305
63988,5697
64290,6021
64437,8845
64574,7617
64715,7236
64903,10157
65036,6814
65150,7826
65293,8634
65514,9898
65783,11353
65919,9870
66463,9987
66622,9583
66756,9786
66887,9809
67026,10023
67148,10288
67317,10028
67436,10416
67610,14911
67740,9872
67876,10063
68009,10107
68142,10130
68279,10316
68409,7912
68545,10259
68703,9093
68829,22344
68961,13488
69236,14205
69361,14130
69489,10646
70607,9090
73360,12120
79418,3969
80824,6846
80864,9756
80921,5722
81131,6562
81340,5596
81544,5500
81694,5514
81872,5677
82248,7586
82346,8540
82628,5636
84232,8169
84285,9759
84306,9684
84350,9234
84380,10197
84429,10238
84702,6810
84778,6570
84967,8649
85298,8006
85544,7996
85714,8079
85850,6578
86022,8310
92784,7474
93235,6629
94196,5781
94762,5392
96492,8876
96629,4873
96883,4134
97067,6592
97168,4687
97265,5574
97345,11022
97581,10433
97953,6409
98101,5348
98318,5976
98535,5980
100793,6423
100863,4060
101382,10362
101964,4648
102044,5194
102703,5360
102928,6097
103893,4929
104025,5254
105284,5689
105449,6520
107320,7977
108146,3524
109384,5855
109460,6115
109636,8000
109731,6896
109827,4508
109969,7493
110506,4279
110792,4051
111066,5215
111400,4113
111528,6039
111821,4134
112176,6071
112601,7422
112891,5415
113319,6866
113771,5314
116591,7166
116665,4514
117786,4649
118197,4221
118335,6187
118946,5680
119261,5450
119401,5581
119750,5326
119890,4685
120873,8137
121027,7109
121160,6916
121333,6159
121454,6260
121587,5566
121746,6534
121886,5165
122154,7006
122277,7057
122505,6006
122785,6152
126056,5510
126189,5263
126372,6692
126638,5097
126771,4851
127457,4319
129370,3257
129715,5636
130138,4158
130285,4264
130451,3995
131005,3761
131806,6112
133460,5704
133615,4994
133759,5024
133890,6520
134074,4815
136576,9652
138428,6525
139016,5701
139387,5127
139534,6656
139671,6841
139817,5087
139953,4855
140114,6636
140201,22982
140481,10275
140641,7518
140781,9158
141226,8859
141724,20629
141916,6873
142055,15048
142183,8111
142329,6902
142465,19987
142911,18305
143048,13667
143228,7798
143376,7284
143696,12332
143872,12495
144061,12091
144545,19627
144982,9223
145147,5788
146234,11580
146361,10109
146585,11136
146782,19567
146918,19489
147104,20225
147241,16053
147572,17711
147697,17949
147986,14815
148187,13226
148342,13123
148489,13280
148624,13080
149905,10902
150620,15090
151144,20666
151270,15891
151333,10028
154485,12346
154912,9856
155276,9627
155434,8839
155452,12619
156950,10940
157011,13897
157066,10643
157151,17913
157352,15243
158177,16823
158454,12559
158567,11676
158738,14343
158892,9464
160222,11757
163331,6023
164219,5789
164580,5062
164938,4856
165273,6978
165859,5851
166192,6501
167396,6539
168214,5813
170000,5330
170392,5601
170537,4924
170717,5545
170939,5243
171141,5897
171336,6070
171929,6359
172750,4658
172895,4606
176234,4778
176481,4707
179083,4496
179120,4829
179742,3560
179803,5662
179972,4692
180002,4852
180177,5762
180844,4853
181045,6388
181076,4713
181317,5161
181410,5511
181521,5834
181706,4947
182168,3685
187856,5313
188840,4570
189433,4504
189666,4872
190238,5543
190270,3951
190603,5343
190698,3851
190872,5477
190967,6871
191337,6452
192006,5728
192164,5724
193583,3300
194824,4211
194861,5380
195015,4493
195158,5018
195746,4171
195898,3964
196916,5793
196970,5327
197011,5166
198040,6656
198145,4101
198327,4019
198588,3806
199140,5470
199369,5379
199635,5813
201288,4442
201723,4446
203467,4058
204413,4260
204995,4453
205274,4465
205477,4237
205521,4312
206915,3714
206994,10455
207049,5649
207103,9066
207621,4404
207804,4313
208648,6959
208773,6390
208836,8563
208897,8152
208918,9506
208950,11836
208983,14894
209012,14376
209899,8819
209995,9632
210169,15700
211236,10617
211661,9740
213595,20404
213760,12281
213972,11102
214266,15515
214407,9924
214490,14742
214561,9016
214678,18136
214803,14380
215260,9442
215426,14201
215743,19835
216163,18841
216282,23546
216443,23223
216601,22895
216743,18168
216892,18571
217002,18874
217373,17938
217679,22287
217825,17360
217968,16614
218084,17627
218519,18028
218677,19454
218835,20130
218989,20431
219154,20209
221895,15822
222048,12191
222613,17161
222908,10837
223051,10267
224146,10918
225177,13973
226037,14524
226710,13902
227039,13659
227192,13312
227746,13187
227944,13133
228128,15595
228281,10934
228410,10671
228528,13994
228640,14632
228766,14399
228920,12107
229277,14926
230130,15376
230462,14520
231273,12151
232152,10889
232259,11380
232325,13110
233126,12426
236141,10638
241373,11696
241549,7500
241698,6350
241721,14171
242557,11142
242704,11157
242858,6449
244565,9204
247196,6566
248036,7667
248260,5912
248279,5973
248334,7364
248389,7987
248403,9782
248865,6776
249045,5015
250498,8324
250788,9603
250850,8885
250905,11471
250995,9029
251175,11367
251462,12137
251761,5543
251828,5242
252167,11069
252220,10622
252314,9648
252820,7471
259344,5312
259515,5724
259630,4826
259897,5509
260926,4572
261873,4825
262087,4248
264419,3948
264713,4165
265758,4525
265830,8162
265983,4279
267348,4132
267538,3492
267668,5589
268129,6372
268422,5034
268490,5072
268646,7812
269122,7239
269174,7361
269368,5703
269743,8053
270054,6797
270144,5647
270431,7584
270550,7167
270652,7696
270773,7232
270981,7357
271114,7504
273410,5639
274528,4188
275264,4341
275958,3525
276726,3883
276967,4935
278043,5435
278371,4075
278628,4135
278811,4598
279269,4499
279704,5552
279729,5740
280012,4867
281115,5285
281159,5095
284185,3839
284896,4570
285617,4687
285808,4234
286482,5054
286681,5366
287449,3831
288488,4685
288572,4485
288699,5996
288793,5143
288929,6668
289634,5191
289765,5202
290103,5915
290356,5439
290977,5934
291837,5159
292199,7336
292419,7241
292608,5817
292881,8206
293221,7330
293366,7259
293532,10114
293732,7318
293973,6100
294351,5953
294543,6328
296510,5088
296667,5157
296732,4715
297239,5435
297437,5604
297848,4637
298039,5382
298664,5824
299410,5745
300140,5047
300722,4351
303803,5055
303978,4149
304541,4910
304949,4094
305273,4259
305432,4422
305634,6012
305775,5948
305900,4986
306060,5481
306125,5093
306291,4829
306801,5489
306857,7269
308055,4908
308325,7797
308659,4896
308965,4530
309335,4548
312322,7374
312431,5366
312573,5115
312646,5395
314582,5179
314730,4754
314947,4481
315331,4932
315376,5049
315487,5567
315673,5169
315990,4569
316141,4189
316769,5760
316875,7559
317021,4746
317131,7173
318328,3992
318849,6310
319553,4269
321372,3640
321974,4609
322345,4154
322678,5742
322914,4891
323539,4719
323708,5321
325297,5359
325319,4151
325496,6391
325596,7211
325672,7287
325842,5334
325873,10507
326797,6411
327018,7331
327126,6578
327327,7135
328856,7256
329509,5159
329602,6788
331443,5750
331514,6398
331656,6159
332273,5437
332318,5445
332341,5523
332728,6152
333003,10197
334245,5233
334962,8061
335396,3953
336058,12231
336220,7772
336421,10397
336469,10289
336671,15626
336885,9994
337234,9190
337442,16184
337576,8417
339652,13654
339810,4954
339955,6320
340209,6621
340590,5333
341417,6367
341698,6181
342206,5621
342291,5404
342364,6217
342408,8375
342472,10363
345129,4671
345384,7057
346456,6050
346910,6103
347970,4775
348074,5138
348232,5229
348435,5938
348879,6177
348985,5312
349254,5343
349462,5537
349540,5807
349628,5499
350133,7680
350342,7425
351117,4470
351377,8233
351652,6253
356910,3554
357250,4355
357457,8957
357901,3757
358047,3922
358165,4593
358427,3938
358780,6687
359228,6459
359374,6900
359710,6369
359983,5908
363037,8306
363177,8152
363500,9483
363601,9714
363665,9485
363792,13150
363828,9711
363972,13236
364172,12466
364294,10557
364469,9916
364489,11842
364624,9020
364721,11032
364782,9421
364931,8739
365214,8665
366064,6734
367187,8410
367686,9730
367990,9371
368586,9337
369034,7214
369490,6891
370409,7055
370796,6814
371158,4265
371388,4263
372119,6649
372252,4737
372448,6084
373993,5787
375805,3997
375984,7765
378853,5015
379035,6859
379151,6286
381230,4478
381513,11989
381655,4342
381837,4111
381999,8149
382162,12302
382182,8388
382336,8324
382485,6815
382637,8292
382787,8049
382945,7442
383127,8241
383171,11229
383287,6737
383436,7685
383584,12751
384321,7297
384500,8895
384755,9579
387150,9153
387191,11438
387212,10451
387672,7191
387768,6093
387919,5691
388258,6921
389008,6813
390386,5815
392772,5802
393925,5864
394058,7983
394135,4964
394292,6101
394634,5101
396364,3970
396776,4779
397770,4143
398667,4685
398873,4193
399192,3703
400295,6695
400509,5489
400619,5812
400756,5599
400999,4906
402496,4307
402725,3917
402943,4143
403135,5143
403478,4185
404026,5863
404135,6034
404411,5558
405385,4850
407574,4479
407754,7715
407956,3522
408319,5631
408470,5354
408781,6000
410594,6740
410655,4365
410874,7547
411013,8514
411128,8466
411142,5485
411286,6587
411436,6085
411605,6127
411674,7981
413398,5776
413685,4648
414423,7455
415318,7281
415429,4859
415472,5509
415509,7276
415544,5913
415577,6593
415617,6748
415649,6331
419954,4087
419995,4657
420808,5043
421013,5023
421704,4782
422013,4392
422200,6869
422397,4529
422623,4403
422901,5816
424084,5329
424302,5312
424919,5309
427334,4081
427385,5343
427940,4062
428266,7586
428495,10931
428756,10496
428905,17911
429123,10411
429452,6012
429699,15713
429840,17087
429975,12823
430240,13804
430362,11185
430499,11842
430640,11928
430765,11883
431514,10134
431700,10795
431844,11327
432028,10720
432448,13859
432657,10191
432868,12490
433178,9863
433345,16967
433497,9497
433638,9480
433763,9135
433905,9040
434617,11749
434767,15654
434945,11703
435132,11846
435299,14780
435496,11062
435686,11344
435876,14593
436043,14319
436500,14068
436647,13872
436814,16395
437321,15650
437449,18716
437640,19392
437819,19118
438126,17428
438369,17091
439116,20711
439730,20034
439907,27741
440085,20159
440285,20027
440458,20046
440624,22726
440785,18233
440954,27245
441160,27062
441372,26899
444145,24330
444300,24227
444443,24183
444602,24077
444752,23315
444897,22687
445025,22942
445177,21791
445503,19991
447604,17607
447760,19138
447908,17685
448049,19660
448192,19250
448701,18331
448878,18643
449019,18895
449133,19442
449279,21073
449421,23742
449556,23706
449687,23526
449814,23094
451111,22274
451279,22164
451444,20842
451849,17734
451975,23988
452122,23462
452260,35271
452390,36728
452521,35096
452664,35975
452805,34511
453393,35335
453548,35262
453681,35239
453821,35181
453962,33454
454104,38860
454407,38662
454539,38667
455646,37820
455814,37486
455986,37564
456254,37392
456427,37766
456601,37640
456761,44307
457172,37900
457578,41611
457743,41593
457903,41370
458157,41483
458316,41259
458838,44648
459432,40287
459599,40382
459931,25680
460340,25184
460528,24890
461386,24411
461534,24361
461668,24319
461800,25393
461967,38430
462223,38009
462349,39075
463125,37874
463753,37120
463898,28619
464039,29343
464184,37653
464330,29440
464473,29482
464607,39035
464745,29110
464884,29180
465016,36232
465873,46376
465939,30994
466033,53422
469216,43748
469689,43670
471273,50894
472053,47715
472380,48448
472531,49692
475298,47028
475774,28255
476018,27939
476222,28573
476368,28541
476558,28994
476725,29037
476886,29182
477021,28790
477117,29012
477256,27182
477394,27317
477605,28106
477724,28498
477851,28494
477992,23727
480112,41548
480271,41516
480819,41647
480981,41395
481186,41826
481366,41698
481515,41646
481659,41810
481806,44781
481964,45398
482120,45957
482242,45347
482514,45149
482665,45295
483028,21434
483186,33315
483641,20056
483822,20256
483993,19911
484179,20332
484328,36609
484353,20252
484559,20090
484890,20608
485065,20537
487700,35069
487881,25802
488040,25495
488160,35053
488320,28013
488475,27751
491164,28237
491184,28709
491349,29626
491511,29998
491664,29943
491817,20894
491979,20105
492187,28697
492353,20259
492633,25464
492799,24212
495252,17103
495430,22761
495623,25609
495945,35514
496012,35808
496062,25022
496825,34501
497018,34721
497444,23590
497499,23659
497550,23906
497602,23957
497651,34386
498261,32955
498466,14601
508036,25482
508363,16352
509567,13049
509767,12751
509960,12315
510156,12411
510337,12328
510527,12189
510797,11042
511085,12178
511300,12061
511776,11908
512182,13621
512376,13068
514440,20149
515252,14786
516824,14231
517110,14007
517287,13538
517561,13704
517914,13253
518298,13077
518724,11685
518889,11829
519047,13649
519202,11572
526184,8113
526614,7905
526760,7710
527080,6343
528330,12964
528488,11411
528917,6502
529894,8256
530052,8970
530630,11653
532201,6973
533627,9207
533657,6366
533809,6488
533947,5775
534085,6099
534310,6107
535651,4932
535929,5520
536142,5512
536452,5251
536698,4904
536877,5341
537059,6486
537383,4782
537733,5146
542133,3981
543950,4939
544050,3682
544375,4102
544786,3933
544969,3821
545164,3367
545966,3751
546151,3883
546273,3492
546386,3280
547029,4052
547162,5150
547313,4611
547436,4283
548689,4562
549282,5578
549385,4699
549431,5454
550482,4250
551146,4036
551736,3884
551974,4211
552147,4571
552360,6924
552502,7031
552665,5851
552784,6633
552914,7487
553047,5854
556975,4957
557990,5301
559074,3691
560263,4620
560335,5247
560526,4497
560842,5503
560898,6930
560957,3860
561122,5603
561808,7068
561943,6249
562429,6839
562606,6251
562794,4147
563258,6178
563412,6579
563594,4651
564640,5914
565068,6414
565612,5818
565757,4882
566376,4686
566619,4750
567596,4357
568028,4639
568698,6538
568925,4246
569070,4722
572485,6506
572696,4996
572866,5018
573217,6695
573356,8160
573586,4976
574148,5078
574185,6387
574245,6342
574287,7282
574308,7310
574366,10739
574443,8412
574479,9283
574533,5829
574566,4058
580633,4574
580788,6368
580925,6135
581062,5658
581157,4101
581306,4984
581756,5517
581892,9056
582029,11769
582232,5091
582891,7716
583038,24193
583167,12154
583289,23543
583635,25819
583893,24095
584035,24027
584235,12318
584397,23911
584540,22582
584674,16540
584814,22993
585022,23346
585591,24728
586325,11132
586556,13983
586891,12451
587826,27481
588021,16741
588382,36408
588560,18390
589347,27840
589505,17496
589646,17083
589782,29278
589916,17133
590054,17121
590182,16396
590297,21573
590441,33730
590638,20434
590784,31358
591568,30242
591769,19950
591939,29670
592317,29888
592532,38190
592674,38619
592890,28260
593231,31013
593825,25547
593975,15429
594133,24733
594315,28096
594464,27447
595143,27924
595346,27272
595845,27425
596026,27034
596383,26530
597536,42178
597866,28776
598157,13614
599160,20559
599464,22721
599639,33986
599811,21033
600192,48259
600375,45228
601026,39626
601153,42432
601378,27521
601541,27104
601709,38013
601869,27509
602170,45380
603185,43006
603190,38088
603358,30118
603519,24289
603693,44035
603860,30363
604021,39275
604235,31124
604403,35903
604572,43805
604731,27999
604902,26798
605069,29082
605191,39117
605353,24273
605390,37843
605523,24158
605685,24283
605841,24240
605873,40705
606007,28019
606318,34094
607262,26031
609019,27578
609234,30869
610101,27182
611532,26038
611993,24510
612440,24905
612689,25576
612943,24452
613151,23683
613662,33603
613847,24798
614056,26373
614264,24480
614407,20409
614574,35009
614736,25967
614873,25930
615040,31378
615307,30213
615331,31707
615361,33639
615391,30452
615441,33064
615460,29592
615498,23568
616163,29179
621425,24604
621951,27580
622234,24977
622443,23727
622646,24318
622941,28441
623108,22678
623312,28282
623431,21974
623567,34634
625782,20187
625925,32475
626112,33073
628314,35527
628477,36512
628675,35281
629118,33633
629289,32237
629426,35758
629771,34600
630184,34536
630339,40269
630482,40765
630646,41093
630794,41145
630929,40959
631061,40913
631209,34928
631590,34914
631734,34876
631869,35073
632013,35745
632153,35836
632764,36123
632913,34139
636284,32539
636628,30702
637076,31527
637422,31739
637607,29937
637753,32291
637952,26321
638852,30870
639903,36011
640270,36196
640473,36051
641083,35768
641135,36129
641167,29164
641196,29520
641368,29021
641534,33741
641571,34096
641601,33570
641668,35004
641929,33297
641971,36469
642037,29644
644537,32969
649247,44077
649403,35275
649690,43978
649833,42019
649952,41822
650087,41842
650258,44429
650414,43090
650535,40083
650668,33795
650799,38912
650931,37553
651070,31586
651177,32010
653340,30427
653521,30404
653695,30702
653850,30498
654011,32846
654184,36883
654353,32763
654507,35309
654663,33118
654813,33385
654995,32980
655415,32845
655581,32851
655735,30185
655888,32651
656056,29106
656467,32367
656629,32436
656787,27134
656956,27464
657137,29707
657317,29845
657484,17276
657643,29147
657818,20773
657980,26787
659180,26512
659346,40273
659502,26079
659657,18989
659857,34985
660024,27505
660272,27875
660428,25783
660589,25835
660742,30408
660895,26938
661055,25299
661188,23105
661711,20565
661869,21439
662936,20073
666388,17041
667884,24191
670190,13356
675200,14564
679501,17023
679749,15478
680225,15243
680386,15507
680508,16483
680642,15075
680805,16589
681883,16948
683170,12885
684733,14556
686609,14650
686888,14300
687254,13357
689302,11907
689360,11446
689434,11381
689552,10386
689874,9974
689900,11727
689919,9780
689949,8178
690280,9728
703775,9399
704248,3671
704304,8167
704523,5479
704797,4999
705016,5567
705983,5507
706634,5768
706672,9257
706839,5104
707040,4723
707490,5223
707720,6686
708072,6182
708196,9166
708266,9183
708322,9877
708341,8659
708426,5645
708648,5922
709468,4427
710616,4100
715047,4955
715131,5900
715194,3998
715380,4310
715754,5008
715982,5244
716165,6247
716244,5207
716388,5341
716595,4962
716775,5247
717019,5505
718517,4104
720287,4503
720445,3560
723215,4862
723896,4504
724163,3574
724311,3514
724442,3836
725057,9297
725252,5637
725396,7122
725992,5199
726204,4267
726323,5091
726548,9441
728704,7738
728786,5013
729008,6031
729152,7184
729321,5874
729562,6647
729786,6704
730930,4556
731211,4629
731444,6104
731768,6003
731977,4415
732236,4631
732631,5151
732824,5074
733247,4815
736184,3477
738289,3610
738726,4016
739591,5660
739696,4487
739739,3833
740180,4554
740431,3994
740724,4624
741005,5463
741828,3966
742275,5003
742330,5670
742557,6458
742867,5098
743012,5699
743754,4511
743919,5818
745693,6240
746304,3623
749348,3311
749964,3391
750711,4727
750869,3683
751186,3585
751349,4868
751682,7680
752192,7106
752488,4392
752710,6057
752927,6628
753875,7929
753973,7679
754155,7849
754163,7037
754594,8834
754848,5507
754888,6015
755775,6581
755949,7365
756262,7499
756387,7017
756542,7807
757233,5970
757433,7958
758137,4423
759657,5299
760081,5705
760537,4057
760906,4136
761835,6087
761991,6672
762138,5645
765252,8385
765411,4185
765547,9858
765689,10946
765858,8601
766001,7582
766126,6881
766329,8356
766938,6550
767123,5603
767307,5590
767427,5781
769975,6940
770228,4510
770573,6001
770697,4566
770876,7188
770949,7086
771033,4972
771255,4326
771735,4637
775579,3580
775912,5868
777160,5671
777219,4220
777753,3987
778248,4066
778719,6058
778804,5918
779181,6796
779242,6102
779296,4977
779427,5580
779647,5192
780077,4522
780449,5730
781809,6048
781859,3686
782296,4220
782537,5511
782866,6883
782933,5768
783188,5733
786627,4919
786639,5531
789271,7527
789795,8419
789951,3703
790240,3512
790426,4111
790545,3939
790683,6794
790829,6087
790966,6188
791117,5499
791144,7138
791387,6296
791610,7045
791759,6466
791907,6850
792045,5979
794028,9693
794645,10128
794814,9786
795213,4121
795410,7125
795571,8906
795817,8471
795941,8408
796055,12197
796647,11550
797200,7512
797520,7867
797711,7746
797865,8110
798119,6537
799616,8516
799769,4764
800271,7517
801013,7288
801057,12243
801120,12653
801291,12377
801373,12594
802401,7163
802547,6313
802917,9273
805631,8677
806007,8352
806411,8142
806709,10933
806972,14683
807249,14519
807333,14480
807357,9434
809677,8663
810439,14419
810970,6574
811234,7393
811374,6219
811567,5925
811890,5209
812029,5309
812269,11361
813126,14817
813442,7643
813803,10601
814000,10588
814390,10335
814585,11815
814743,11978
814886,8800
815005,10357
815170,12402
815330,11033
815449,14155
816411,14055
816598,14204
816925,13693
817136,13614
817372,12037
817674,12295
817818,12705
817953,10821
818173,10800
818377,9967
818498,11290
819741,8288
819898,8486
820043,7433
820179,7166
820331,6916
820448,6422
820652,6002
820795,9613
829978,4021
831262,5959
831406,5867
832083,4398
832403,4320
832682,3974
833353,6850
833376,6217
833686,5620
833777,6359
835077,4795
835188,5840
835460,5066
835848,5379
836050,6220
836792,4055
836849,6789
836964,5787
837348,4980
837639,7885
837920,6375
838710,4506
839738,3742
840410,4260
840586,5245
841240,4436
842032,6632
842221,6945
842238,4346
842484,4455
842879,3720
843780,3479
844669,4167
845904,3973
847239,5139
847327,4226
847602,5048
847749,7589
847917,7796
848062,4862
848152,5004
848506,6080
850190,3977
850222,3541
851013,3924
851046,5628
851651,5997
851706,7050
851952,6559
852075,5484
852204,8539
852389,6453
852458,6789
856461,7357
856657,5401
857018,5702
857139,5821
857626,7394
857956,5495
858828,6597
859441,5294
860613,5106
860783,4889
860943,4141
861136,5118
861470,5154
862179,4646
862340,4395
862468,4082
862604,5168
863817,5061
863964,4725
864227,5397
867129,3719
867329,6579
867423,4928
867452,5287
867928,4700
870124,6455
870368,4994
870946,6072
871630,5262
871720,8527
872123,9366
872843,10542
872919,15308
873020,8857
873116,8547
873260,8282
873413,8312
873614,7704
873733,7344
873899,7366
874042,7773
874170,10515
874284,9786
874421,17418
874553,15053
875132,15024
875444,13965
875591,20540
875730,15095
875913,12855
876067,15472
876416,12082
876614,11096
877429,10442
877919,15550
880366,8118
880613,9325
880774,7373
880909,9781
886541,4508
891970,7191
892173,3347
892320,31352
892456,19876
892575,20480
892688,15101
892802,7893
892957,9394
893309,16349
894470,12822
896171,20278
896317,9874
896499,13048
896641,20364
896905,20150
897029,19525
897220,19435
897389,20124
897509,19198
897641,19116
897771,18834
897913,8253
898081,18725
898178,8257
898422,18081
898576,25147
898717,18926
898836,17340
898977,24500
899101,18167
899248,18119
899372,17741
899537,17626
899707,23857
899867,17452
900032,16876
900178,16778
900339,17223
900462,17002
900607,16809
900757,16101
902440,26465
902617,20932
902781,21401
902961,21287
903146,21163
903325,21047
903484,20936
903643,20253
903796,22792
903950,21013
904551,23205
904698,20624
904837,20694
904973,28475
905125,28594
905274,29676
905424,23296
905563,23289
905700,38581
905840,31512
905977,31735
906560,35223
906723,31149
906886,37773
907046,37117
909754,27502
909937,32575
910130,28011
910295,28046
910450,26250
910623,26251
910783,26258
910980,29785
911161,28941
911330,28695
911512,32370
911682,28000
911838,28055
912016,27412
912191,30472
912400,27397
912411,32930
912610,29492
912629,26406
912798,26390
912968,25965
913193,27582
913371,34595
913538,34026
913700,32473
913858,33786
914019,32639
914342,32587
914529,32212
914693,30040
914868,30233
915030,30617
915354,32484
915524,31215
915699,28116
915873,28655
916040,27919
916277,27844
918623,24646
918774,24280
920147,20120
920323,24165
920484,24831
920644,21690
920805,20263
920968,24680
921147,24582
921302,20701
921469,20430
921631,24937
921790,25073
921948,20992
922453,20441
923369,19206
923578,25208
923714,24328
923870,23114
924014,21478
924197,23599
926842,14342
935737,10543
940843,8350
941261,7765
943337,6348
944787,5895
945775,5668
947007,4792
948222,4352
949131,3705
949674,3353
949821,3925
950167,3385
954482,4065
954560,5076
954746,5794
955355,5208
955460,5433
955705,4753
955862,4123
956662,13624
957020,6705
961981,9565
962188,38626
962343,40316
962495,19564
962704,9294
963081,11845
963164,17135
963479,37589
963546,37036
963865,7130
964058,37405
964211,6492
964384,12336
964539,8521
964696,12140
965222,11377
965334,12000
965400,12312
965555,10430
965606,27735
965704,13108
965764,26406
965887,24461
965931,13784
966156,14247
966198,13999
966311,13825
966436,13623
966461,9172
968161,11819
968228,22161
968276,19635
968331,20165
968383,21283
968441,23084
968489,10978
968656,21530
968813,29750
968965,18043
969149,19208
969305,27183
969454,26829
969611,30904
969767,26857
969946,31040
970378,26681
970641,26584
970806,26555
970971,35788
971149,36088
971310,36922
971471,37035
971635,30805
971793,35117
971957,27963
972146,30870
972311,30673
972467,27737
972633,37533
973250,28287
974212,25568
974391,24740
974554,25032
974719,25299
974885,29053
975046,25882
975265,33201
975553,32496
976254,32116
976437,32910
977154,25189
978520,31302
978682,23387
978874,20438
979037,23635
979239,23103
980877,23268
981145,24078
981354,20353
981463,17999
981632,17333
981664,21378
981740,21199
981791,18531
981838,18535
981974,23816
982216,18382
982370,18390
982517,18726
984300,27705
985644,26532
987157,23672
987306,16161
987464,19826
987595,20066
988125,22269
991151,20014
991300,19858
991434,19225
991568,19829
991697,19790
991828,19793
991959,17703
992100,17783
992138,13453
992159,14653
992180,17840
992200,17964
992227,16611
992247,16903
992267,17020
994937,16971
1004185,10227
1004506,9978
1005257,8243
1005546,8248
1012462,3624
1012488,4171
1012626,4230
1015984,6734
1018954,6049
1019153,5299
1019314,4967
1019479,4627
1019650,6009
1019877,5174
1020046,4907
1020146,5584
1023139,4413
1023166,3179
1023579,4567
1023888,5648
1024499,5091
1024781,4026
1026130,5771
1026701,5583
1027182,5345
1027361,3526
1028381,6239
1028524,6500
1028667,5674
1029237,5567
1029382,5523
1029631,6942
1029774,6173
1030943,5841
1031122,3734
1032318,5663
1032571,4323
1034007,4446
1035763,5296
1036009,4152
1036337,5373
1036607,6230
1036931,8368
1037133,6668
1037278,6600
1037431,6253
1037566,6377
1037704,5638
1037824,7557
1038894,9281
1039085,9068
1039140,6789
1039301,6742
1039559,6929
1039697,5998
1039843,8229
1039980,7573
1040190,7472
1040326,6111
1040472,6063
1040620,5188
1040763,6837
1044210,5184
1044428,3555
1045451,3997
1046645,3671
1047718,3987
1048216,4074
1048320,4084
1048709,3644
1050146,10303
1050452,3798
1050603,8904
1051082,9435
1051109,3750
1052556,6264
1052721,5816
1052881,4284
1053032,4948
1053182,4706
1053910,4293
1055227,12942
1055274,5022
1055470,4434
1055889,6856
1056152,7075
1056158,6759
1056324,13253
1056368,9454
1056486,12273
1056672,8722
1056785,7919
1056896,9152
1057299,11340
1057465,10600
1058115,8280
1058775,9458
1060481,8078
1060726,6163
1060889,6074
1063814,6014
1063881,5744
1063977,5708
1064431,6828
1064778,6687
1064803,5941
1064939,5758
1065166,7158
1065431,5747
1066356,6321
1066501,6122
1066629,5940
1066990,6064
1067283,6248
1067892,5381
1068110,5093
1068263,5410
1068399,3729
1072760,3645
1073706,5114
1074065,8902
1074310,5579
1074348,8954
1075479,4329
1075847,3904
1076215,5286
1076384,12109
1076740,7334
1076812,7732
1077476,5881
1077862,6922
1079707,8463
1080121,6517
1080185,5991
1080240,9368
1080298,11011
1080332,5163
1080373,10429
1080488,9052
1080661,8669
1080965,7721
1081176,5789
1081361,9265
1081604,5961
1081810,7515
1081898,5741
1082081,5423
1082318,5407
1082582,8098
1082771,8930
1085435,5606
1088936,5125
1089075,10962
1089221,5971
1089374,4950
1089647,9244
1089937,7286
1091963,4635
1091995,8232
1092419,5417
1092874,6552
1093139,5661
1094002,5026
1095357,5001
1095452,4873
1095814,5138
1096029,4772
1096216,4807
1096659,4830
1096844,4802
1097017,7604
1097435,5156
1098579,6336
1098676,6165
1099185,6431
1099435,5140
1102076,4326
1102398,3608
1103039,3394
1103325,5844
1103493,7057
1104176,6203
1105198,5847
1106213,5330
1106537,8126
1106976,5677
1107086,7905
1107141,7372
1107508,6951
1108211,6693
1108373,6197
1108586,6454
1108634,5363
1109161,6057
1109476,6568
1109615,5552
1109849,10368
1110272,4837
1110599,5784
1111230,9237
1111375,8900
1111588,6325
1111754,8258
1111916,6217
1112038,5928
1112351,8251
1116514,4542
1116697,4221
1117611,3923
1118251,4336
1118513,5331
1118552,7424
1118589,8060
1118619,8076
1118892,3801
1119075,4515
1119123,3717
1123980,4856
1124278,4285
1124454,4044
1124810,4125
1124968,3920
1125539,7538
1125638,6829
1126169,4637
1126689,6329
1126764,5874
1126914,5832
1127048,5509
1127242,6742
1127305,6550
1127693,6350
1127831,5114
1128132,6397
1130939,4984
1131533,4217
1131857,5391
1132233,5189
1132546,4974
1133142,5197
1133208,5400
1134151,6059
1134207,5871
1134500,4204
1134665,5495
1137674,4073
1137853,4911
1137994,4230
1138146,5213
1138201,6394
1139361,4325
1139583,3390
1140052,3986
1140527,4136
1140693,8492
1140793,4746
1140882,6839
1141409,5635
1141547,5606
1141780,6053
1141918,5719
1142786,4998
1145559,3831
1146257,4624
1146383,4550
1146927,4267
1148033,6308
1148064,3465
1148243,4646
1148395,4761
1148588,6134
1148772,6666
1148898,5337
1149027,6671
1149159,4787
1149319,6680
1151836,6483
1151897,4261
1151946,3900
1152421,3970
1153153,5490
1153306,4703
1153461,5930
1153511,6053
1154003,5061
1154387,8382
1154507,5901
1155021,6999
1156435,5526
1156596,4968
1156669,7202
1156712,9106
1156791,8379
1156956,6999
1156997,8768
1160190,9376
1160571,5331
1160774,7925
1161166,6420
1161266,4751
1161795,4418
1162624,3445
1162820,8045
1162997,7976
1163297,7407
1163497,7281
1166834,14149
1166998,7821
1167270,7282
1167424,5651
1167655,5348
1167796,6486
1167938,8629
1168154,8463
1168298,8367
1168433,8280
1168575,8184
1168735,13462
1169395,7125
1169606,15000
1169746,11457
1169881,7168
1170018,6946
1170230,12741
1170364,6473
1171799,15718
1171962,13841
1172126,15729
1172250,14319
1172805,13866
1173457,13165
1173694,13026
1173823,13541
1173958,11792
1174368,13095
1174611,8165
1174987,9226
1175367,8747
1175520,10508
1175660,10299
1175791,12581
1175923,11741
1176059,14096
1176133,12749
1176267,13503
1178502,12429
1178701,13398
1178770,13594
1178937,9700
1179087,10338
1179556,8869
1179736,6344
1179876,9364
1179991,10425
1180250,10242
1180395,11414
1180543,11043
1180681,10715
1180819,10482
1181020,10050
1181231,9399
1181376,10344
1181579,9191
1182418,7685
1188174,4679
1191274,4480
1194132,3844
1194301,3907
1194453,3975
1195856,7561
1196477,10389
1196495,7120
1196730,6767
1197026,9072
1197080,6596
1197185,7666
1197236,8115
1197278,10434
1197422,6848
1197465,7339
1197511,7242
1197629,13877
1199322,6909
1200036,11685
1200756,7863
1200775,8868
1201469,6709
1201495,8322
1201737,7252
1202085,9901
1202205,9332
1202285,8845
1202315,8838
1202422,9616
1202546,9634
1202670,9101
1203876,8011
1204171,5717
1204992,5961
1205590,4977
1206111,6545
1208888,4307
1212773,5218
1212997,5906
1213227,4897
1213672,5114
1213748,4295
1213888,3770
1214355,4282
1215283,6013
1215710,5308
1215781,5243
1216164,5854
1216555,8010
1217010,8508
1218154,9275
1218242,7898
1218452,5594
1218755,6900
1219406,5776
1219668,6119
1219836,5942
1220353,6684
1220501,6838
1220620,11563
1220748,7596
1220862,6083
1221235,5469
1221436,6807
1221557,6481
1221715,8351
1221849,9648
1221983,7678
1222331,7584
1223867,7308
1223956,7617
1224231,9463
1224617,6905
1224783,9035
1224839,9379
1225008,6808
1225927,8237
1227172,7307
1227521,6559
1228193,6156
1230336,3969
1230875,3881
1231624,4417
1232052,4546
1232423,5474
1235343,5552
1235380,6457
1235969,4824
1236161,7101
1236242,4336
1236692,5212
1239072,4119
1239124,4087
1239501,6715
1239688,4248
1239771,7016
1239891,6317
1240272,5053
1240983,4717
1241148,8134
1241241,5480
1241458,5464
1242223,5958
1242385,5854
1242444,6109
1242752,5134
1243439,4224
1243470,5448
1244923,3930
1244969,4173
1245671,3842
1247143,4438
1247365,4345
1249772,4901
1249796,4320
1249802,4642
1250630,4128
1250988,4491
1252003,4068
1252397,3785
1252697,5816
1252914,3888
1252952,5326
1253053,4340
1253153,6810
1253227,4942
1256431,8312
1256820,11371
1256859,3312
1257205,5016
1257564,6329
1257800,6509
1258075,6502
1258154,5534
1258534,7179
1258670,5982
1259047,6608
1259144,8746
1260087,6639
1260206,7560
1260803,8345
1261027,7018
1261251,5083
1261295,8102
1261528,8244
1262275,5869
1262912,5328
1263170,6281
1263372,8313
1263521,7804
1263757,6762
1263880,8188
1263993,9089
1264147,8358
1264363,7654
1268299,5699
1268449,5195
1268569,5235
1268765,7550
1268904,7269
1270632,6649
1271371,5147
1271514,5819
1271815,5566
1274204,4492
1275046,5986
1275261,3701
1275464,4555
1275735,5644
1276029,5453
1276354,5226
1276573,4857
1276711,5627
1276842,4690
1277116,4840
1278051,4695
1278696,4223
1279052,5102
1279504,5318
1280826,6496
1281181,6086
1282191,4922
1282874,5357
1283040,6906
1283277,4434
1283423,5936
1283630,5187
1283749,5263
1283881,5845
1283989,3671
1286226,3226
1286631,4942
1286839,5593
1287018,5810
1287404,5366
1287797,5111
1288164,5286
1288306,4954
1290704,3810
1291159,5081
1291748,6081
1291758,4797
1292060,5642
1292942,5569
1293067,4277
1293146,5821
1293727,5028
1293770,6982
1293814,6708
1294117,4739
1294297,4511
1294546,4779
1294877,5928
1295079,5145
1297867,4527
1298269,4296
1298585,7884
1298995,6163
1299163,7777
1299375,5382
1302644,4829
1302826,5393
1302928,4364
1303077,4346
1303313,4472
1303465,4215
1303904,7793
1303943,7825
1304624,3901
1304791,3785
1304944,5106
1305172,4652
1305385,4790
1305997,6518
1306570,5665
1308656,3910
1309039,11617
1309179,5152
1309181,10587
1309393,5123
1309526,10643
1309663,9166
1309853,10739
1310289,10622
1310431,10280
1310568,8318
1310685,8792
1312265,5957
1312611,7643
1312751,12705
1312885,8154
1313036,8655
1313468,8542
1313590,7393
1314700,11462
1314846,8029
1314985,8596
1315179,7992
1315319,9206
1315658,6250
1316013,9241
1316075,14175
1316445,7921
1316767,13187
1316875,7542
1316961,13082
1317922,9370
1317966,11770
1317999,15128
1318055,11775
1318074,9131
1321743,13003
1322154,12800
1322677,12519
1322959,14422
1323252,14922
1323645,14622
1324228,14090
1324700,10544
1326309,12058
1326494,10706
1327400,22985
1327563,12786
1327716,11303
1327789,12195
1327875,11697
1328171,7713
1328291,11180
1328336,10906
1328369,20645
1328619,10347
1328775,8493
1330851,10609
1331028,19787
1331389,9659
1332155,9136
1332327,18663
1332481,8928
1332631,8879
1332779,9890
1332938,15301
1333206,14182
1333481,12279
1333532,14208
1333942,14716
1335468,17370
1335923,22353
1335968,14356
1336341,19070
1336481,21606
1336621,10819
1336841,10667
1338450,9723
1338597,25956
1338728,17816
1339351,20323
1340142,17316
1342211,15352
1342491,9729
1342702,18461
1342844,21199
1343133,22031
1343340,22493
1343476,20983
1343621,18022
1343737,21073
1343886,17826
1344028,19341
1344383,17652
1344788,17415
1344930,17969
1345064,17385
1345199,18301
1345454,16375
1345596,16331
1345804,20079
1345948,15395
1346088,15791
1346453,6333
1346591,13670
1346725,9919
1346842,22145
1346973,12335
1347827,10862
1348055,8233
1348489,12391
1349312,13279
1350166,12826
1350412,13141
1350617,13036
1351023,12582
1351173,10288
1351356,16498
1351392,16991
1353531,14800
1354424,7360
1354577,13855
1354738,11042
1355117,12871
1355241,12505
1356703,11099
1358717,12109
1359041,10432
1359375,11480
1359717,10671
1360704,8572
1360996,7824
1370204,3806
1371466,6129
1371647,4173
1371773,3724
1371914,5435
1372249,5487
1372405,5679
1372572,4490
1372673,4895
1372851,5028
1373070,5874
1373177,5554
1373400,5716
1373839,5014
1374443,3804
1375919,3596
1375950,5543
1376151,3450
1376594,3274
1378333,4004
1379739,7435
1379806,8172
1380060,3274
1380778,7079
1380965,10807
1381018,5828
1381319,5834
1381891,5872
1382020,7303
1382410,5499
1382557,4827
1382687,5029
1385238,6516
1385285,6620
1385816,5666
1385897,5240
1386363,6288
1388648,12872
1388708,5044
1388818,6813
1389052,14232
1389208,8663
1389940,4577
1389970,7998
1390043,8132
1391923,6024
1392055,10330
1392274,12300
1392365,5570
1392494,9731
1392699,4981
1392928,10914
1393491,6223
1393890,7558
1394081,5973
1394166,8853
1394334,7511
1394574,7742
1394877,8065
1395021,8185
1395223,10073
1395467,14570
1395689,15529
1395777,8283
1395865,8435
1395939,16506
1396006,16552
1396412,14250
1396454,15326
1396522,13865
1396762,17375
1396792,15976
1396835,17647
1396860,14041
1399842,13859
1400134,11790
1400165,13283
1400331,13818
1400445,12543
1400518,11171
1400643,11427
1400742,11950
1400979,11293
1401203,9830
1401907,11229
1401977,8933
1402408,10530
1402630,10581
1405477,9013
1405762,7103
1414970,6619
1415132,5951
1415220,6134
1415543,5979
1415836,6224
1415879,6122
1416027,7691
1416235,8146
1416437,7002
1416462,5343
1416575,7360
1417016,8292
1417493,6364
1417624,5171
1417705,5585
1418086,6085
1418119,4798
1418342,6671
1418452,7264
1418764,6396
1418947,10427
1419001,7689
1419204,7409
1419361,8692
1419593,8239
1419790,8390
1419862,7072
1420394,7564
1420886,4658
1421134,6898
1423188,6315
1425661,4215
1425897,5401
1425972,4426
1426417,4154
1426767,6033
1426810,6057
1426962,5668
1427385,5949
1427591,5689
1428200,6039
1431545,4787
1431720,6464
1431894,6518
1433557,4482
1436757,7858
1437264,6753
1437500,6402
1437645,6507
1437868,4867
1438352,5603
1439518,4667
1439580,8171
1439683,4543
1439835,6787
1440049,6245
1440241,6108
1440399,7408
1440545,7312
1440784,6424
1440939,4984
1441235,7164
1441289,5220
1441402,5749
1441549,7648
1442001,6616
1442057,5421
1442461,6216
1442576,6325
1442697,4823
1443141,9151
1444346,5993
1444738,8848
1444993,6582
1445286,7690
1446459,6590
1447945,7936
1447973,11882
1448247,6810
1448475,8349
1449022,5401
1449257,5401
1449416,4951
1449636,6878
1449829,6778
1450056,6533
1450428,6334
1450747,8122
1450939,7579
1451054,8684
1451264,8322
1451606,7162
1451965,9017
1452159,10738
1452344,10613
1452627,10894
1452857,11827
1453461,11069
1453712,12236
1453998,12435
1454239,12551
1454429,11483
1454612,12265
1454821,13381
1455003,9971
1455128,10391
1455457,10565
1456822,9408
1464012,5452
1464831,6568
1465030,6068
1465074,6080
1465613,5880
1465845,6515
1466083,6221
1466486,5765
1467143,6437
1467336,5814
1467543,5697
1467672,6695
1467829,4524
1468035,6738
1468070,6653
1469134,4670
1469505,5617
1469697,4571
1469827,5600
1471201,4151
1472056,8118
1472118,6385
1472434,8874
1472565,7112
1472711,8534
1476687,10740
1476865,8132
1477023,7714
1477176,7678
1477870,9390
1478846,7940
1479047,9472
1479138,12408
1479260,9183
1479396,10789
1479520,11799
1479646,7705
1479757,11038
1479856,11230
1480005,10847
1481948,5720
1482709,5194
1482882,8857
1483036,8997
1483235,12501
1483433,13338
1483567,8253
1483597,11014
1483759,11923
1484013,5803
1484349,15132
1484537,16792
1485447,11978
1485493,10485
1485640,8876
1485708,16391
1486209,12093
1486395,11964
1487006,11380
1488640,12743
1488707,9535
1489001,10490
1489193,10408
1489463,8835
1489752,10427
1492789,6970
1493467,10214
1493611,7931
1493749,7928
1493894,7540
1494149,9263
1494300,9216
1494374,7761
1495719,4353
1498539,5298
1498953,6626
1499320,4766
1500298,4831
1500464,5156
1500587,4598
1500963,4984
1501309,4936
1504067,4216
1504392,4530
1505442,4915
1505481,5370
1505885,3498
1506075,4123
1506845,6163
1507157,6415
1507522,4873
1508306,3999
1509748,3979
1509913,3945
1510498,4558
1510544,5109
1510586,5758
1510732,4199
1510942,7943
1510982,5647
1512852,4616
1512883,6553
1513156,6061
1515607,7668
1515778,11880
1515984,10684
1516177,11903
1517055,6127
1517245,6079
1517419,5838
1517573,6603
1517733,7422
1517890,9214
1518081,6764
1518200,6442
1518250,9764
1518301,13114
1518346,13673
1518391,12945
1520170,12499
1520312,12406
1520479,12692
1520643,12177
1520797,13052
1520957,12833
1521139,13847
1521310,13194
1521464,13573
1521624,11323
1521775,13385
1521926,9312
1522115,10894
1522170,12761
1522273,9368
1522432,9438
1522583,13769
1523060,8010
1524249,10196
1524404,11146
1525902,6965
1526162,9473
1526613,7837
1527382,9650
1527443,7800
1527806,9262
1529171,7956
1530194,6337
1533321,7063
1533933,5451
1534541,5445
1537775,4922
1538381,4154
1539476,5274
1539680,4014
1539820,8244
1540016,7530
1540958,6648
1541153,7089
1541320,6861
1541440,5152
1541554,5349
1541686,5795
1541804,6263
1541947,6708
1542084,7224
1542361,10038
1542579,9571
1542745,11797
1543300,11101
1543872,10299
1544015,11697
1544148,10934
1544287,14742
1544457,16574
1544618,15454
1544755,17193
1544879,17474
1545039,15677
1545188,14229
1545307,14375
1545423,14203
1550007,9667
1550284,10794
1550437,11676
1550593,10614
1550792,10751
1550972,10930
1551165,8659
1551321,8940
1551458,8950
1551596,7692
1553463,6104
1555782,8181
1556509,4775
1556663,6506
1556877,6479
1556941,6672
1556973,10236
1557030,6507
1557706,5696
1557990,5903
1558326,7862
1558380,7470
1558613,8654
1558719,7914
1564764,10212
1565565,6619
1565854,8577
1565997,11529
1566360,10247
1566570,9794
1566713,9772
1566857,8607
1566976,8762
1567137,8717
1567302,11315
1567450,7652
1570301,10708
1570366,13432
1570415,16630
1570460,22440
1570511,19951
1570640,6781
1570826,6283
1570999,9840
1571200,7012
1571380,9521
1571559,15375
1571733,8709
1571909,8641
1572076,14715
1572680,14504
1572727,13666
1572771,17562
1572824,16395
1572877,24652
1572927,16289
1572981,23456
1573035,16233
1573109,17669
1573160,15575
1573218,15432
1573273,15212
1573323,27245
1573370,15963
1573424,25096
1573480,25580
1573676,27682
1573736,24193
1573783,20244
1573830,22943
1573877,18480
1573932,17212
1573979,23333
1574027,21496
1574073,23711
1574142,23581
1581269,20737
1582171,13906
1582224,15617
1582271,15388
1582328,24006
1582376,21935
1582428,20533
1582496,19428
1585411,22169
1585796,18217
1585977,23741
1586156,20125
1586471,18273
1590575,13801
1590868,15391
1591019,17125
1591231,15677
1591391,16659
1591674,17896
1591856,26367
1592024,21391
1592189,15225
1592434,17995
1593010,18244
1593189,16572
1593392,9024
1594171,19527
1594248,14983
1594316,14896
1594367,17826
1594430,13854
1594485,21817
1594540,25297
1594600,24598
1594897,23708
1594959,28372
1595008,23468
1595059,23348
1595189,13552
1595304,16122
1601250,17295
1601310,18246
1601379,22391
1601624,19996
1603457,18820
1604818,18813
1604986,17360
1605172,18518
1605613,18156
1605785,17192
1606938,15251
1607244,15106
1607449,16129
1607700,15214
1607860,15658
1608172,15515
1609252,17370
1609404,17167
1610725,16048
1610882,13751
1611325,14880
1611541,14976
1611734,12846
1613638,9166
1613810,8938
1613970,8719
1614133,12703
1614450,13374
1614619,12709
1614774,13252
1615059,18599
1615377,13020
1615537,12764
1615953,12558
1616195,11808
1616674,14822
1618768,12720
1618915,13741
1619692,14215
1619823,14315
1619941,13195
1620058,13250
1621157,12772
1621235,13465
1621242,12436
1626340,9260
1626866,8450
1627037,8300
1627165,8603
1627407,10099
1627857,10023
1628063,8469
1628139,7682
1628412,9292
1628861,8749
1628898,8084
1628926,8113
1628956,8231
1629007,7692
1629027,7544
1629411,8339
1634843,7857
1638950,3598
1639165,7123
1639358,6411
1639475,7684
1639579,5813
1639670,6192
1639888,6854
1639975,6847
1640605,5309
1640903,5780
1641330,5964
1643055,8300
1643484,5847
1644163,6777
1644335,6314
1644484,6408
1644644,6196
1645073,5644
1645890,4889
1647725,3907
1648256,7924
1648423,5188
1648609,6244
1648982,4794
1649470,5055
1650906,9969
1651409,7263
1651450,4861
1651716,6347
1651905,8668
1652251,6019
1652397,5822
1652778,5344
1654792,6809
1654986,5611
1655168,5569
1655318,7842
1655453,8491
1655594,7949
1655729,6278
1655862,6884
1656681,9955
1656930,7343
1657228,8152
1657375,7132
1657548,6742
1657667,9040
1657821,5916
1658300,4499
1660277,6495
1660412,6980
1662394,6124
1662826,6185
1663231,5205
1663574,6026
1663824,6180
1663950,3772
1664544,5406
1665410,5326
1665573,4685
1665712,4640
1666517,4302
1668487,5066
1668860,5425
1669188,4991
1669639,4594
1670139,5014
1670505,4659
1670959,6055
1671024,6304
1671272,7076
1671648,5831
1672150,8040
1672490,10080
1672710,6446
1673328,5853
1673476,5289
1673617,5011
1675670,3673
1675829,3830
1675971,5540
1676126,4398
1676265,6447
1676398,6664
1676538,6585
1676678,6689
1676812,6671
1676942,5859
1677078,5341
1679733,4884
1679882,7058
1680204,4083
1680342,4073
1681087,4307
1681403,4777
1683672,3786
1684832,7177
1684893,13911
1684943,6599
1685001,6638
1685230,6687
1685418,5763
1685550,6509
1685688,13095
1685825,9895
1685962,10352
1686250,9422
1686374,11828
1686508,10376
1686638,13530
1686780,8433
1687024,11700
1688193,10652
1688357,12086
1688513,12038
1688672,16711
1688824,18819
1688982,14645
1689148,18092
1689349,14705
1689512,14043
1689673,17635
1689825,13149
1690345,13473
1691263,13141
1691438,17776
1693083,16492
1693239,15904
1693277,16179
1693325,16200
1693373,16885
1693407,16899
1693439,24036
1693471,19898
1693505,17013
1693545,14232
1693586,15581
1693619,16740
1693645,20051
1693694,21504
1693927,19981
1694021,19580
1694271,13096
1695748,15442
1695940,19720
1696159,14789
1696316,12465
1696449,12421
1697874,16548
1699978,12075
1702186,16057
1702242,17192
1702392,18117
1702522,18134
1702661,16103
1702791,16325
1703359,15697
1704434,14934
1704795,13669
1705538,10820
1705810,14489
1705905,17373
1705997,11702
1707680,17516
1707963,12852
1708174,14473
1710757,10750
1711357,8130
1711507,10075
1711854,10932
1712138,7822
1712622,8799
1717508,4992
1717926,9941
1718280,7729
1718499,12941
1718811,10172
1718944,8225
1719266,7050
1719513,7353
1722465,5728
1722860,11994
1722996,7372
1723310,8314
1723515,7294
1723719,7845
1723798,7703
1724085,8816
1724409,6904
1724508,10915
1725078,7365
1725375,5399
1725657,6384
1726045,7879
1726700,9576
1727321,7854
1727444,9532
1727557,6825
1728054,6596
1732132,5515
1732316,7553
1732445,7883
1732579,10725
1732917,4629
1733071,10120
1733245,6061
1733391,6228
1733587,5920
1733817,9537
1733959,10458
1734078,10531
1734152,9097
1734292,9899
1734534,7685
1734684,10654
1734802,6813
1735140,9412
1741469,8056
1741661,7329
1741835,7405
1741973,9438
1742147,7291
1742309,6577
1742454,5078
1742595,7575
1742734,7755
1742851,10888
1742967,10356
1743078,9280
1743149,9061
1743210,10331
1743247,10243
1743545,10245
1743792,11190
1744227,9209
1745366,8310
1745574,8052
1748056,10112
1749318,4682
1750607,5963
1750693,5693
1750810,6753
1752934,4525
1754768,4786
1754836,5006
1755030,5715
1755158,5675
1756897,6241
1757166,5722
1757597,4190
1757869,5255
1758084,6707
1758272,6778
1758961,5650
1759126,5475
1759319,3953
1759461,5222
1760011,5732
1760246,5214
1760632,3646
1760803,5552
1760883,5582
1761193,7261
1761702,4376
1762529,4127
1763875,5460
1764002,5595
1764188,4728
1767260,4690
1767433,3936
1767737,4912
1768263,4609
1768523,4802
1769419,4088
1769462,6274
1769860,4118
1769956,4735
1770046,5476
1770060,5337
1770141,6265
1770508,5684
1770565,4471
1776336,4890
1776777,4654
1776928,5565
1777076,8074
1777290,8203
1777426,5746
1777562,6697
1777703,6028
1778611,5534
1779328,5981
1779482,5212
1779618,5539
1779749,6322
1779893,7998
1780017,5196
1780139,7502
1780307,5932
1780481,5524
1780986,6471
1781942,4596
1782721,6086
1782918,5753
1784860,4438
1786368,5188
1787356,4268
1787905,5093
1787990,4737
1788166,5469
1790078,5258
1790149,4714
1790287,4641
1790315,3854
1790514,3242
1791329,4375
1791584,4008
1793029,6739
1793274,5210
1793755,7363
1794008,4787
1795898,5326
1795922,4886
1795953,4259
1796631,3868
1796768,4256
1797325,4024
1797491,5012
1797634,7647
1797648,6247
1797903,7479
1799266,3903
1800344,3647
1801144,3908
1801636,3840
1801671,3662
1801819,4736
1801895,4954
1802478,6836
1802640,6625
1803526,4307
1805103,4451
1807673,3805
1808673,7038
1809548,4318
1809998,4297
1811633,3978
1812083,4055
1812149,4682
1812279,5388
1812437,5205
1812564,5158
1813339,5312
1813495,6423
1813694,7005
1813914,7896
1814077,8132
1814282,6208
1814974,7668
1815063,7925
1815265,5808
1815456,6095
1815969,5636
1816233,5004
1818130,4405
1818463,6299
1818924,4083
1819087,4269
1819950,4049
1820135,4359
1821140,4699
1823829,5413
1824602,5529
1825161,7097
1825352,4500
1825517,4234
1826188,7858
1826384,6687
1826433,6749
1826707,7978
1827169,15697
1827475,6782
1827497,11679
1827633,8384
1827776,7841
1828483,6526
1828950,9041
1829072,14243
1829580,13890
1829970,15497
1830117,14751
1830259,14689
1830396,13673
1830611,20859
1831186,22121
1831320,21969
1831494,12399
1831636,20836
1831771,21862
1831903,13540
1832020,17519
1832421,20812
1832611,21292
1832867,20900
1833372,20610
1833552,16800
1833674,10380
1833786,16723
1834087,17935
1834512,16401
1834824,16605
1835037,16698
1836557,16156
1836737,15695
1836938,19416
1837146,16240
1837297,18905
1837428,13988
1839886,14865
1840125,12802
1840312,16930
1840480,16277
1840645,16413
1840806,13711
1840966,13325
1841052,17047
1841921,12428
1842283,16964
1842430,16865
1842544,13277
1842623,9954
1842654,10195
1842710,10525
1842838,8981
1843022,12043
1847252,12625
1847890,12835
1847931,13407
1847963,14170
1848004,13230
1848051,12696
1848149,11611
1848900,10007
1849070,8356
1851185,9328
1855359,8028
1857449,5221
1858014,5248
1859275,4874
1859808,4384
1861558,6693
1861662,5833
1861801,4578
1862070,5221
1862445,6046
1864523,4262
1864546,4238
1864636,9558
1864710,4347
1864908,6277
1865029,7488
1865399,9012
1865557,4250
1865693,8615
1870236,10015
1870242,8208
1870418,8995
1870589,7273
1870749,7565
1870915,7584
1871369,7760
1871531,6869
1871684,6911
1871903,6644
1872066,12499
1872272,6076
1873032,8644
1873259,11645
1873411,9642
1873570,8979
1873749,7712
1875178,8342
1875299,14069
1875531,10741
1875693,13841
1875851,10651
1876011,10189
1876421,13126
1876581,12700
1876740,13228
1876894,12148
1877064,10992
1877275,12017
1877429,9599
1877586,8371
1877747,10675
1880064,8468
1882604,10206
1882690,7504
1882721,11523
1882770,9456
1882789,9814
1882806,11544
1882824,9886
1882841,8741
1882936,11561
1884740,8064
1885420,7595
1886282,8914
1886800,7622
1887079,9374
1887573,7901
1887636,8328
1887886,7889
1891630,5016
1892382,6472
1892848,5468
1893117,5145
1893263,5799
1893479,6546
1893652,6392
1893704,5562
1896905,4096
1897256,3426
1897812,6050
1898008,6155
1898198,5773
1898437,5480
1899179,5980
1899362,4946
1901390,4310
1901629,6887
1901721,7544
1901949,12552
1902220,8511
1902389,6642
1902513,6881
1902629,7704
1903148,9091
1903282,9505
1903292,10358
1903594,8004
1903765,9585
1903936,8168
1904514,10084
1904616,5287
1904829,10396
1904981,7623
1905214,8582
1907078,5707
1907138,5786
1909476,9074
1909690,5776
1910169,5827
1910415,5262
1910554,12965
1910918,6408
1911139,5792
1911304,9402
1911401,10233
1911706,8168
1911771,7114
1912125,8666
1912956,9330
1913532,7254
1913829,8869
1914878,7279
1915076,7268
1915191,7216
1917542,5263
1917729,7516
1917802,5800
1918013,4892
1918389,4461
1920262,4197
1920574,5455
1923190,5030
1923231,4686
1924137,5932
1924612,7330
1924743,5646
1924858,5344
1925066,9588
1925144,6403
1925314,6395
1925460,7911
1925595,9368
1925746,10522
1925872,9813
1926117,8594
1926400,6551
1926657,8814
1926896,9275
1927149,6757
1928012,5628
1928455,6328
1928524,5974
1928744,6892
1930481,6557
1932299,4511
1934084,3536
1934392,5500
1934996,4947
1935511,5436
1936067,4829
1936741,6784
1936866,8451
1938368,4384
1938532,6123
1938680,7260
1938832,8603
1938979,7672
1939121,8807
1939278,12893
1939427,12817
1939597,12709
1939730,11105
1940028,8237
1940178,7690
1940327,8691
1940465,11266
1940616,7637
1940733,9429
1940988,6934
1941809,11068
1942108,10265
1942466,8265
1943399,9886
1943601,9095
1944030,11363
1944310,8125
1944460,9844
1944601,8243
1944745,8711
1944884,9955
1945024,9217
1945875,8807
1946017,8566
1946143,8889
1946264,8896
1946392,8469
1946513,7408
1946653,9157
1946859,8458
1947083,7976
1947423,8275
1951958,4812
1956334,4169
1956540,5667
1957823,4895
1958152,4451
1959479,4418
1959855,7332
1960020,7371
1960342,6141
1960497,4782
1960547,7051
1960675,4809
1960867,5136
1960931,4402
1961604,6529
1962539,4570
1962771,5874
1962917,6681
1962940,6991
1963212,6546
1963484,6892
1963559,6629
1963882,5801
1965317,5536
1967389,6360
1967632,5733
1967701,6463
1967849,5195
1968168,5326
1971151,3603
1971192,3707
1971387,4090
1971429,5634
1971565,6245
1971783,7069
1971975,3734
1972081,6462
1972178,5714
1973077,6671
1975175,3880
1975678,4083
1975969,7064
1976162,6066
1976224,6737
1976569,7478
1976601,6266
1976810,5851
1977442,6715
1980309,4961
1980489,5116
1980669,7119
1981226,5463
1981240,8599
1981452,7497
1981485,5140
1982156,8406
1982320,8295
1983040,7628
1985744,5762
1986688,8206
1986996,5213
1987117,9907
1987273,5767
1987278,6487
1987490,5690
1987830,5864
1987986,7814
1988136,6803
1988273,6448
1989166,7711
1989307,7517
1989476,5981
1989614,7153
1989765,7514
1989908,6278
1990042,5967
1990318,5467
1990757,5995
1993869,3764
1994041,8300
1994501,5800
1994553,6718
1998049,4445
1998087,4817
1998253,6216
1998606,4468
1999025,6592
1999226,12616
1999414,6145
1999732,5139
2000339,6545
2000560,5216
2000913,6885
2003450,5711
2003612,6059
2003748,6446
2003917,6683
2004321,5124
2004446,5327
2004575,6912
2005068,6993
2005594,6139
2005814,6432
2006026,4901
2006201,5747
2007175,6818
2007267,6888
2007313,7262
2007378,7401
2007410,5597
2007951,7345
2008179,6654
2012275,4121
2012945,5090
2013365,3553
2013691,4125
2014226,4035
2014614,4428
2014873,5310
2015127,5379
2015335,5564
2015477,6241
2015598,5911
2018086,7265
2018157,5787
2018294,5603
2018451,5178
2018633,5503
2018876,5475
2019236,6390
2019364,7396
2019822,7015
2020613,4971
2021008,6824
2021182,6072
2021554,5798
2021730,5299
2022853,5211
2023034,5404
2023175,5335
2024761,4694
2025742,3761
2025896,5060
2026465,5138
2026614,7935
2026755,4796
2027118,7544
2028930,5789
2029033,5752
2029566,6328
2029605,4247
2029753,4863
2032812,3905
2032982,4631
2033154,4513
2033463,4887
2033616,5447
2033882,5282
2034029,4982
2034187,4453
2034339,4114
2037015,6159
2037303,6657
2039004,10195
2039625,8044
2039865,7911
2040013,12690
2040171,11524
2040264,11548
2040430,11484
2040567,6863
2040706,11322
2040839,11368
2040954,13859
2041317,13770
2041443,11462
2041571,11436
2041704,10615
2041850,10564
2041990,10619
2042118,10400
2042282,10012
2042433,16940
2042550,15632
2042688,16953
2042836,18158
2043127,17439
2043362,18586
2043527,17902
2043683,18382
2043835,18645
2044212,18454
2044338,17390
2045319,16523
2045499,27289
2045662,16912
2045821,27066
2045982,21218
2046159,17642
2046320,21848
2046480,24017
2046744,14791
2046807,14517
2046861,14374
2046999,17185
2047219,17953
2048294,14073
2049154,23581
2049389,13371
2049672,25925
2049839,25812
2050199,12665
2050371,25415
2050533,16980
2050704,16713
2050994,24843
2051165,25347
2051357,15957
2051529,15504
2054916,12705
2055192,18980
2055357,18966
2055513,19125
2055665,19214
2055816,19156
2055974,22380
2056233,29168
2056322,29401
2056511,29511
2056747,28005
2058285,28246
2058726,28065
2058888,28464
2059051,21150
2059209,21361
2059471,25225
2059741,22885
2059904,24367
2060065,22146
2060235,20284
2060399,20220
2060661,20007
2060831,20043
2063154,29025
2063321,20069
2063484,22846
2063637,18522
2064035,19484
2064162,24019
2064319,22534
2064479,18200
2065157,19887
2065313,17415
2065465,19852
2065621,19607
2065772,21238
2065927,20815
2066080,20556
2066240,20246
2066394,19741
2066552,19649
2066710,19570
2066863,19009
2067148,20716
2069343,17338
2070156,16899
2070318,17271
2070471,14173
2070607,13210
2070784,13430
2070945,14732
2071110,11149
2071296,17306
2071830,9568
2071888,19064
2072168,13369
2078654,9580
2080337,7712
2080704,11045
2080911,10892
2081056,10966
2081371,10482
2081618,13659
2081982,14473
2082458,13490
2082756,12788
2083018,12678
2083554,12233
2083844,12208
2084381,11216
2084879,10769
2085458,11085
2087113,11366
2087423,8475
2092919,3733
2093068,8358
2093452,4617
2093730,6625
2093786,5393
2094132,5375
2094699,4987
2094838,4757
2096483,6671
2096599,7584
2096727,6339
2096771,6998
2096844,5975
2097383,4651
2102531,3989
2105184,4619
2107336,6082
2107572,5476
2107868,3964
2108160,4967
2108635,4392
2110487,5862
2110659,3848
2110825,3919
2110875,4353
2111996,4392
2112202,3755
2112586,3307
2113097,4685
2113254,4798
2113718,4211
2113782,6102
2114314,5644
2114557,5159
2114773,4680
2116040,5964
2116183,5720
2116577,4235
2116652,4435
2117047,4747
2117169,5539
2118190,4973
2118349,4991
2118775,4216
2119512,3803
2120140,6157
2120296,5273
2120391,5959
2120662,7842
2120859,7728
2121136,7690
2123970,5321
2124367,8153
2124536,5763
2124666,7757
2124971,5980
2125227,6170
2125836,7108
2125983,7163
2126284,7644
2126430,5909
2126567,7672
2126703,5532
2126840,5803
2128864,4832
2128892,4952
2129405,7415
2130206,5286
2130242,5674
2130274,5581
2130470,4747
2134250,6119
2134412,5753
2134534,4285
2134636,6182
2134875,5418
2134942,5260
2135893,5638
2136023,5000
2136281,6277
2136344,10117
2137004,4482
2137204,7309
2137975,10385
2138045,9990
2138239,9504
2138288,7374
2138411,6668
2139198,4842
2140525,7535
2140903,7732
2141184,7650
2141327,7759
2142598,7908
2142830,7052
2143003,10541
2143525,10606
2143710,5644
2144115,8740
2144343,6215
2144552,10464
2144696,10273
2144846,9772
2145146,10050
2145913,8640
2145937,10005
2145983,8466
2146018,7515
2146051,10942
2146069,9238
2146180,8734
2146568,7935
2146718,8145
2151198,5060
2151391,5039
2151818,4680
2152007,4347
2152816,6165
2153711,5737
2154262,5470
2154678,7028
2155028,8476
2155394,8256
2155590,14622
2155702,15211
2157559,10968
2157714,6631
2157874,12068
2157998,10631
2158162,10250
2158201,11389
2158236,11052
2158305,11085
2158324,11169
2158460,11237
2158479,10323
2161501,8840
2161799,8263
2161961,7922
2162852,7981
2163894,6590
2164066,8992
2164175,6567
2164433,6128
2164590,7207
2164898,8987
2165504,13322
2165664,8490
2165989,11549
2166151,10393
2166310,12715
2166482,13382
2166723,12396
2166879,8588
2167176,6509
2167413,11784
2167574,11190
2170994,11202
2171886,11124
2171937,11714
2172522,8250
2172855,10718
2172940,7237
2173406,5001
2174646,7426
2174928,9064
2175142,6868
2175306,4667
2175559,5990
2176637,10212
2176800,10540
2176970,9347
2177368,8869
2177628,8920
2177877,8808
2177941,8993
2178028,9060
2178552,8631
2180353,8199
2180499,8378
2180650,8394
2180797,5659
2182724,5625
2183211,5578
2183717,7716
2183929,8017
2184081,8341
2184580,6604
2184726,6448
2184860,7041
2184997,6354
2185419,7096
2185545,7103
2185665,6037
2189578,3726
2190583,5690
2190780,4666
2190865,10638
2191698,9923
2192736,9764
2193359,8437
2194406,5273
2194585,8087
2194753,6500
2194918,5849
2195086,4891
2195160,5006
2195895,8583
2196075,6023
2196388,8441
2196569,5717
2196746,6512
2196911,5738
2197073,7810
2197176,5705
2197428,6278
2197487,6789
2197592,5721
2198374,5098
2199578,4600
2200790,7832
2201029,4713
2201251,5934
2205372,12548
2205912,14690
2206076,7506
2206192,9030
2206206,8350
2206245,14252
2206426,8339
2206541,6679
2206737,6516
2206842,8792
2207058,7329
2207372,6004
2207469,4329
2208881,8133
2209144,6679
2209322,11242
2209399,5524
2209866,11568
2210080,5887
2210607,4801
2212284,9841
2212355,9819
2212471,10762
2212666,10709
2212674,6320
2213732,12754
2214457,11935
2214634,11735
2215542,10529
2215665,10341
2216357,9479
2216779,7167
2217248,10711
2217480,10227
2217783,10622
2217899,9345
2218117,6314
2219232,5591
2219315,5992
2219465,5211
2219813,4681
2219868,6276
2220633,13164
2220791,8108
2221038,10428
2222943,8908
2223247,12917
2223343,8708
2223491,8584
2223663,8089
2224276,8107
2225362,10859
2225589,8942
2226637,7700
2226903,10353
2227333,5907
2227791,7133
2229234,8025
2229429,7179
2229661,6274
2229791,7867
2229916,6168
2231260,5074
2232541,5673
2232629,6418
2232735,6303
2233686,7683
2234389,4325
2234644,7227
2234782,7065
2234979,7191
2235684,9941
2236234,7131
2236379,6917
2236436,5898
2236696,7029
2236793,6111
2236981,8655
2240136,4376
2240550,4409
2240881,5124
2241574,3428
2241909,3835
2242360,5191
2242679,4986
2242725,6895
2242744,6711
2245992,5828
2246497,4256
2246814,7344
2247495,7186
2247706,9364
2247871,8940
2247990,8869
2248153,6947
2248296,7941
2248440,7008
2248591,9017
2248710,11035
2248841,7787
2248971,5240
2249240,9271
2250419,9037
2250584,9258
2250781,11396
2250928,8583
2251074,6398
2252149,10472
2252457,8772
2252675,9666
2252897,8470
2253264,10393
2253411,9613
2253833,11873
2253984,8734
2254239,9060
2254381,9214
2254522,10955
2254922,6871
2256159,10404
2256380,9690
2256540,11886
2256901,11796
2257209,10410
2257527,8438
2257700,10374
2258045,10644
2259073,15579
2260072,14312
2263803,10453
2263854,12959
2263997,8409
2264436,9523
2264607,9169
2264866,9267
2265071,8401
2266519,7097
2267816,6369
2268008,5814
2269365,5926
2269527,9131
2269698,8317
2269836,7099
2270263,7044
2270416,7082
2270986,9844
2271029,8142
2271067,9418
2271162,5894
2271306,6501
2271434,6457
2272211,6523
2272568,7442
2272702,8430
2272965,7927
2275226,4843
2276258,4323
2277520,4433
2278922,7391
2279514,10074
2280943,9999
2281086,7639
2281400,5975
2282165,5386
2282320,5464
2283135,7284
2283290,7934
2283431,7739
2283565,9347
2283713,4704
2283886,9817
2284028,7349
2284179,7147
2284315,7177
2284470,9313
2284603,9046
2285193,13085
2285361,19814
2285518,14659
2285681,25492
2285837,22991
2285994,20959
2286280,10622
2287046,13915
2287181,14712
2288690,30768
2289060,17245
2289256,19254
2289398,21539
2289537,20134
2289685,16308
2289822,15537
2289974,11457
2290172,36019
2290317,37468
2290450,22478
2290582,30014
2290727,20983
2290864,21627
2290998,31305
2292493,29073
2292743,19629
2292964,35860
2293388,38391
2294308,27167
2294455,19283
2294639,19222
2294760,18565
2294873,17850
2294985,18232
2295644,17474
2295846,16770
2296023,33702
2296366,38576
2296563,33608
2296710,33334
2296931,33539
2297080,33516
2299316,23482
2299473,23946
2299619,30789
2299762,29570
2299901,29692
2300035,29624
2300133,28057
2300286,29244
2300430,28831
2300574,30189
2300715,29070
2300849,26590
2300992,25640
2301136,22610
2302359,28306
2302554,28175
2302694,41358
2302847,27689
2302998,23880
2303154,26311
2303289,23414
2303425,26918
2305178,21360
2305484,25115
2305654,23990
2305816,31868
2306123,23859
2306486,36160
2306567,21693
2306732,22669
2307335,22580
2307518,22334
2307686,26898
2307854,36066
2308170,35820
2308334,36930
2309171,25055
2309344,29863
2309505,28131
2309796,34414
2309968,24671
2310139,30123
2310530,31840
2310709,34475
2311052,30265
2311171,29097
2311514,31919
2314191,31176
2314369,26181
2314540,41706
2315211,39627
2315389,30079
2315548,26213
2316295,30655
2317196,26657
2317378,39112
2317547,38401
2317723,29538
2317886,29515
2318049,32886
2318184,30319
2318208,39027
2318358,29993
2318518,35356
2318681,34949
2318845,33723
2319284,34022
2319973,33093
2321661,32138
2321936,32458
2322132,33639
2322379,33928
2322626,29877
2322938,22479
2323197,22118
2323527,20754
2324070,22667
2324310,20990
2324544,27415
2324718,29125
2324889,27432
2325056,29155
2325449,27229
2325610,27246
2325771,27265
2325938,27678
2326365,27042
2332463,26836
2332865,21789
2333027,25101
2333178,18355
2333344,18376
2333483,22830
2333612,24658
2333748,22824
2333988,21565
2334150,26048
2335430,23533
2337078,21835
2337919,20702
2338155,20678
2338634,20038
2338786,19658
2338930,19465
2339086,20430
2339372,18755
2339621,18046
2339658,17581
2339699,17861
2339734,17450
2340299,17713
2340460,17376
2340617,17268
2341226,15710
2341521,15920
2361027,4617
2361996,6026
2362038,8600
2362177,3568
2362322,9132
2362460,10968
2362580,5069
2362699,7033
2362929,5643
2363072,6417
2363117,5507
2363281,5032
2363433,5371
2364455,4622
2366388,8512
2366409,7099
2366568,5819
2366713,6869
2366878,9731
2366886,5739
2367472,7641
2367664,9434
2368145,5929
2368909,4985
2369342,7642
2369562,5756
2369808,7239
2369908,7810
2370493,8117
2370679,6575
2370874,6893
2371128,5848
2371311,5546
2371673,6185
2372140,5850
2372448,5888
2379574,8166
2380010,14428
2380215,8949
2380391,9163
2380554,10613
2380707,8724
2380862,8953
2381014,5659
2381338,8677
2381496,9957
2381650,8588
2381808,9170
2381959,7958
2382186,9416
2382348,7307
2382502,15510
2382653,9500
2382804,9642
2382962,9773
2383124,13080
2385166,5184
2385349,6551
2385529,6853
2385688,5040
2385848,10584
2386018,8628
2386846,9879
2387014,11410
2387197,11263
2387357,12498
2387510,15903
2387678,11611
2387848,11367
2388076,14553
2388154,12230
2388219,12603
2388274,12904
2388330,15615
2388378,12898
2388428,14253
2388483,15958
2388547,20403
2388603,23716
2388652,16221
2388705,16566
2388761,24551
2388928,15869
2388980,18273
2389035,16303
2389083,21044
2395184,17960
2395516,13372
2395570,21816
2396517,15970
2397181,12436
2397362,7563
2397542,17250
2397717,19622
2400703,16415
2401648,15376
2401705,13336
2401850,13718
2402015,13748
2402858,12999
2403007,12327
2403522,10964
2404069,13215
2404214,8468
2404455,9976
2405631,11560
2405829,12603
2406142,12072
2406937,12401
2407490,10464
2407655,14872
2407844,12015
2408062,11744
2408264,12129
2408304,11948
2409666,11464
2409889,9902
2409940,12879
2409959,9638
2410822,10299
2410972,11643
2411281,11589
2411409,11509
2411548,10927
2411729,10238
2411905,10436
2412042,10059
2412241,10030
2420963,4371
2421825,6496
2421956,6607
2423083,4297
2423269,5991
2426008,3571
2426321,4589
2426429,4425
2426746,7940
2426980,5126
2427499,7541
2427545,5219
2427628,8786
2427942,8323
2429071,5172
2429780,6729
2429949,6796
2430141,7216
2430253,6913
2430429,9613
2430566,9754
2430701,8515
2430834,9252
2430976,8971
2431143,10261
2431292,9317
2431410,8467
2431548,7834
2431690,8796
2432153,10232
2432283,10334
2432448,10717
2432814,9643
2433080,8417
2433191,9344
2433842,6959
2433991,7909
2434632,6409
2436233,6824
2436552,6974
2437414,6572
2437814,6023
2437840,5130
2437874,6633
2443315,7163
2443763,3686
2444714,5715
2444817,5472
2445082,7123
2445312,5470
2445441,3913
2445586,4481
2446260,6017
2446449,5413
2446621,5012
2446821,6055
2448441,4385
2448640,5441
2448799,5355
2448960,9620
2449148,9427
2449300,7519
2449459,9764
2449609,7333
2449764,7558
2449922,7810
2450080,7202
2454415,6884
2454495,4833
2454655,5804
2454733,6837
2454856,6658
2455386,7071
2455556,6345
2455747,6767
2455784,6734
2455980,6603
2457837,7080
2459614,6544
2459722,6178
2459831,7509
2459983,7146
2460516,4778
2463530,3568
2463731,5686
2463802,5806
2464036,6592
2464155,7590
2464579,5277
2464658,6717
2465191,5666
2465919,5850
2466194,5233
2467166,4685
2467441,4725
2467589,4210
2468065,5192
2468125,7187
2468215,4529
2468375,4265
2468383,4723
2470002,5822
2470072,4070
2473746,5534
2473953,5679
2474162,5520
2474314,5416
2474454,5123
2474576,5476
2474732,5237
2474897,4973
2475145,4775
2475391,8235
2475544,8135
2475691,12636
2475837,7925
2476008,5341
2476138,3682
2480279,8300
2481383,7147
2481541,7097
2481690,6996
2481831,12248
2481974,15070
2482248,17990
2482984,13664
2483177,9338
2483328,10605
2483462,13857
2483825,14068
2483976,13417
2484124,16059
2484405,15583
2484551,11843
2484690,14684
2484834,22476
2484975,13359
2485141,13515
2485286,13530
2485428,27645
2485569,13344
2485706,13327
2485842,11149
2485990,12273
2486165,12219
2486302,13001
2486436,12427
2486571,12192
2486717,13220
2486853,18348
2486985,12870
2487131,17087
2487267,16114
2487399,15255
2487528,14621
2487747,19443
2487878,10831
2490703,16494
2490969,14291
2491363,20027
2491552,18664
2491705,15538
2492227,16506
2492397,14862
2492557,19873
2492685,19689
2492967,19546
2493145,19434
2493288,19340
2493429,25888
2493563,23914
2493688,27001
2493805,20912
2493920,23179
2494238,21778
2494700,20078
2494909,33600
2495053,34504
2495151,24488
2495193,24582
2495246,24673
2495265,24790
2495284,25234
2496003,28773
2496120,24489
2496471,22917
2496717,21865
2497460,21261
2498131,20740
2498416,18887
2500320,15600
2500483,16957
2501143,19726
2501643,19470
2503509,17762
2503682,19697
2503835,18383
2503981,18262
2504119,13594
2504276,23891
2504473,13520
2504629,15581
2504796,14233
2505330,12951
2505605,11081
2505859,21812
2506023,21114
2506361,24522
2506705,18776
2507402,17952
2508160,15646
2508251,18494
2508849,15829
2509745,15680
2509978,18607
2511305,17122
2511488,23889
2511638,21557
2511844,23421
2511984,21463
2513659,25610
2513864,20470
2514040,21264
2514198,21973
2514332,17238
2514543,21857
2514816,22749
2515472,15983
2516777,15454
2521796,18569
2521956,10115
2522557,14625
2523086,18535
2526062,10937
2526780,10369
2526928,10500
2527421,11087
2527474,13134
2529352,12502
2529517,10919
2529658,12711
2529814,14198
2529972,11950
2530126,16911
2530200,17482
2533282,10396
2533549,12938
2533721,12829
2533876,12849
2534036,16006
2534249,12541
2534427,11434
2534615,8365
2534773,11635
2534960,16287
2537460,12778
2537611,12049
2537746,12684
2537886,12431
2538022,12731
2538156,14577
2538319,14013
2538613,13688
2538755,14135
2538875,14411
2539005,12614
2540008,11731
2540135,11823
2540276,12932
2540411,12581
2540556,10342
2540696,12474
2540828,10337
2540959,11505
2541073,9971
2541159,10108
2541568,10985
2541736,10044
2541892,9619
2542037,8485
2554439,5107
2554632,4532
2554979,4200
2555594,11982
2555701,5100
2555856,5005
2556060,5625
2557176,4482
2557349,5087
2557530,6484
2557683,6383
2557841,5496
2557987,6962
2558140,6531
2558292,7584
2558433,10993
2558619,10635
2558739,7197
2558854,10691
2558991,6772
2559197,8302
2559283,10436
2559328,8881
2559524,7104
2559660,9534
2559925,8411
2560075,7832
2560696,8364
2560889,7713
2561032,7502
2561271,7399
2561410,7918
2561529,6877
2561713,5141
2570007,5227
2570159,6098
2570405,5202
2570567,7282
2570735,6092
2570851,11655
2570909,6410
2571086,10294
2571265,10370
2571565,10386
2571748,10477
2571916,9154
2572146,9718
2572271,9414
2572442,8144
2572813,9343
2572884,10700
2572921,10648
2572996,9918
2573044,10250
2573176,8131
2573437,10416
2576787,8699
2577132,11642
2577821,7768
2578004,7774
2578189,7350
2578368,7651
2578730,7206
2579399,7825
2579670,8664
2579907,6843
2580516,8309
2582925,5680
2583261,6050
2583657,6402
2583702,6967
2585155,6090
2585301,4514
2585615,4785
2587962,5209
2591227,5135
2591418,4109
2591921,6059
2592222,6802
2592388,5356
2592548,5332
2592709,4781
2592866,5714
2593022,4204
2593162,6844
2593216,7104
2593263,6656
2593308,6950
2593359,6396
2593405,6964
2593449,9111
2593500,9543
2593546,8296
2595149,8352
2595336,9011
2595500,8467
2595665,7454
2595818,8072
2595978,4654
2599351,3820
2600419,4788
2601404,5820
2601924,6380
2602369,3558
2603153,3874
2603297,4256
2604416,7304
2604570,5914
2604707,6231
2604845,7060
2605021,8452
2605121,7429
2605180,7429
2605212,7446
2607594,5861
2608359,5165
2608478,6700
2608828,5829
2608841,6393
2609299,7187
2609539,6645
2609692,5869
2610305,6276
2610515,9534
2610698,7731
2610855,7166
2611739,7526
2612001,6520
2612344,5934
2612635,5619
2613338,10744
2613556,5158
2613742,6967
2615704,4526
2616020,8156
2616652,5220
2616817,4539
2617102,5271
2617475,4984
2620028,5665
2620300,4881
2620544,7026
2620756,6092
2620989,7771
2621310,8269
2621460,7934
2621578,5319
2621764,5029
2621942,8514
2623276,7509
2623436,8074
2623743,6252
2623909,7677
2624160,7127
2624314,7513
2624431,7286
2624589,7841
2624706,7461
2624832,6941
2624947,5684
2625285,6372
2627707,5470
2627799,5599
2627987,3921
2628390,4210
2628996,4622
2629613,4380
2630763,3492
2631860,5169
2632160,3651
2634971,4837
2635011,5115
2635219,3866
2635773,3568
2635921,3706
2636063,6564
2636212,4641
2637907,4897
2638166,4518
2638360,3606
2638809,5114
2638865,7047
2638924,7451
2639053,4197
2640375,4941
2642780,4629
2643323,4059
2643377,4122
2644325,3478
2644408,4016
2644752,6154
2644830,5519
2644986,5049
2645411,5303
2646061,6112
2646492,5067
2647188,4285
2647950,4175
2648147,3665
2648778,5238
2648940,4976
2648968,4880
2649415,5239
2649501,5343
2650864,4812
2651083,5338
2651559,3665
2653101,4348
2653426,3472
2653980,4807
2654731,4836
2656541,4277
2656948,4559
2657801,4224
2657840,8421
2657976,8450
2658358,6702
2658480,5931
2658820,6153
2659023,6530
2659063,7137
2659283,6209
2659626,5341
2661075,4353
2661678,5585
2662278,4612
2662562,5665
2662641,6331
2662903,7971
2663355,5155
2663907,4464
2664561,10714
2665620,7777
2665748,9653
2665889,9884
2666010,11952
2666208,9315
2666351,12348
2667339,11252
2667513,9699
2668128,7046
2668257,9630
2668389,10019
2668644,6641
2671291,12576
2671319,7711
2671523,8479
2671606,8082
2671793,8994
2671902,10169
2672036,11660
2672175,7893
2672352,11041
2672512,11407
2672602,9824
2672687,11006
2673046,9555
2673263,10486
2673711,10052
2673875,8585
2674331,7272
2674434,7413
2674488,8255
2676522,10260
2676683,9821
2676832,7044
2677317,8357
2678109,6843
2678866,6013
2679067,5558
2682677,3282
2683553,3940
2685194,4367
2687880,9991
2687968,9398
2688152,7347
2688604,8532
2688818,7532
2688988,11045
2689126,8952
2689265,8555
2689399,8756
2689614,8772
2689756,8578
2689874,7344
2690000,6460
2690558,7467
2691418,9738
2692083,11108
2692302,6134
2692471,7781
2692495,6494
2692658,6556
2692953,10445
2693224,6705
2693317,7943
2693401,6618
2693580,5270
2694005,5301
2694043,10407
2694952,9202
2695062,7244
2695160,8916
2695347,7896
2700659,3987
2700836,7039
2700950,4200
2701284,3967
2701388,4727
2701427,4602
2701984,6032
2702062,6384
2704897,6423
2705166,6212
2706766,7397
2706838,4019
2707022,7781
2707449,8822
2707778,7928
2707899,7208
2708468,6912
2709268,6391
2709680,5945
2709840,5143
2709991,5959
2710141,6270
2710226,9539
2710259,7476
2710397,7207
2710541,7005
2710695,6742
2710835,4399
2712151,7214
2712721,5572
2712967,6718
2713451,6417
2717682,6480
2717767,5232
2718111,5726
2718701,7280
2718787,7107
2718828,8229
2718848,7566
2718867,7642
2718901,7978
2719061,11644
2720336,6362
2720684,9081
2721613,9192
2721754,8576
2721997,7367
2722186,6480
2722483,5419
2722620,6291
2722830,7198
2723078,5888
2723273,5854
2723334,7422
2724634,7127
2724739,6516
2724847,6989
2725054,9627
2727558,5215
2727610,4991
2729151,5693
2729869,5898
2730274,4232
2730735,3686
2731391,3830
2732789,5491
2733016,4545
2733056,5282
2735192,6452
2735470,6004
2736118,3302
2736825,3869
2736982,3859
2737146,9419
2737346,5412
2737536,5640
2737674,5668
2737813,7187
2737956,6218
2738135,5173
2738257,7518
2738407,5449
2738582,7959
2741053,4538
2741203,5318
2741416,3902
2741588,5160
2741759,4914
2743414,4645
2744266,3433
2745830,5377
2746749,4158
2746814,4456
2747149,5165
2748013,4927
2748147,5739
2749445,5377
2749578,4818
2749717,6038
2749747,5698
2750358,4812
2750405,4945
2750661,7192
2750761,5819
2751076,7109
2751377,5042
2751864,6046
2752418,4241
2752726,5624
2753014,5852
2753945,5103
2756961,5078
2757388,4083
2757552,5375
2758345,7012
2758990,5387
2759740,6538
2759802,5818
2759877,9324
2759937,10701
2759968,9235
2760018,6566
2760088,5275
2760200,7992
2761767,5243
2762285,7478
2763197,6509
2763353,5799
2763877,11308
2764125,11447
2764370,15410
2764545,11505
2764753,10606
2765184,10058
2765396,8973
2765536,9126
2765691,8790
2765861,8999
2766014,7781
2766234,9058
2770612,7091
2770820,6013
2771209,5679
2771382,5753
2771641,11549
2771678,11222
2771697,10954
2772177,5396
2772344,6077
2772507,5399
2772647,5517
2773449,7949
2773590,8307
2776048,7097
2776212,7300
2776412,6827
2776686,6355
2776955,5608
2777738,8478
2777939,7593
2778124,6652
2778262,7654
2778433,7909
2778569,7713
2778734,7132
2778856,6727
2779059,7046
2779158,6189
2783758,3853
2783790,4446
2784433,4002
2784933,6246
2786681,4007
2786833,4328
2788651,8812
2788688,8147
2788863,14790
2789006,5713
2789288,14093
2789445,11374
2789582,9091
2789720,7395
2789874,9324
2790015,6336
2790160,8926
2790370,9446
2790520,9588
2790719,8756
2790852,7343
2790995,12243
2791752,15772
2791924,12476
2793508,7721
2793602,7447
2793662,9652
2793762,12834
2793815,12966
2794561,10864
2794623,11574
2794672,15622
2794724,18753
2794789,23207
2794839,18429
2794886,18465
2794932,18195
2795054,5710
2795138,6041
2795420,7418
2798872,4843
2799698,12534
2799743,11970
2799798,14160
2799841,13154
2799860,18445
2799908,21270
2799940,23657
2800006,15702
2800044,23620
2801173,9028
2801273,11634
2801441,14349
2802021,15887
2803636,9193
2807034,14325
2807559,8096
2808448,14832
2808632,14600
2808666,14456
2809180,16703
2809324,15012
2809468,16350
2810994,8999
2811263,11236
2811405,12992
2811541,8564
2811800,11259
2811975,13223
2812499,10101
2812644,7550
2813596,13720
2813784,13231
2814168,11776
2814318,12305
2814462,9771
2814596,11895
2814970,9153
2815233,11161
2817159,10735
2817323,9304
2817447,10590
2817681,10526
2819512,8321
2819683,7715
2824749,3804
2824925,5705
2825284,4228
2829558,7153
2829682,4830
2830824,5263
2830882,5307
2831074,8102
2831128,4264
2831270,4251
2831309,6692
2832153,5759
2832316,5999
2832478,6487
2832589,5665
2833049,6102
2833160,6002
2833763,4904
2834025,10201
2834410,6576
2835800,5477
2836339,9348
2836522,9155
2837283,3939
2837813,6391
2839643,6959
2841551,5623
2841582,5222
2841598,5369
2841782,4764
2841926,4270
2842879,3975
2843033,5083
2843138,4652
2843470,4944
2843599,5251
2843736,4107
2843930,5232
2844044,8799
2844791,8053
2844967,6587
2845382,6883
2845457,6039
2845573,7588
2846172,6999
2847267,6354
2847521,5544
2847965,5268
2848566,7437
2848997,4299
2849630,4396
2850284,3429
2850772,4085
2850813,5099
2853438,7773
2853782,3987
2854374,5774
2854622,4013
2854795,5564
2855555,5742
2855695,5328
2858580,4966
2858709,4163
2858808,4449
2858919,6988
2859520,4016
2860144,6299
2860707,4214
2860839,3927
2861348,3853
2861421,5112
2861660,5871
2861701,6329
2861933,3420
2862553,5108
2863369,5653
2863420,5728
2863595,6220
2863810,6314
2863842,5897
2865940,4066
2866213,8669
2866357,5562
2866584,6472
2866727,6887
2866873,5521
2867043,5915
2870479,4946
2870889,4545
2871230,4582
2871525,4234
2871648,4248
2872205,4624
2872728,6063
2873077,4936
2873164,4797
2873273,4453
2876537,4164
2876990,4905
2878116,4607
2878367,5129
2878753,3830
2878960,3722
2879619,4533
2879764,5484
2879880,4439
2880019,5506
2880734,4776
2880789,5695
2881503,4082
2881648,3736
2882147,4176
2882553,3959
2883080,6108
2883137,4919
2883169,5452
2883205,8296
2883234,5227
2886630,3850
2886720,4762
2886874,4352
2886901,3982
2887191,6007
2887628,5644
2887728,6844
2887811,5020
2888301,5943
2888914,4686
2889711,4779
2890654,4398
2890700,4573
2890733,5996
2890763,9603
2892330,8375
2892391,6321
2892586,4996
2895724,5107
2895761,4856
2895932,6018
2896054,6224
2896151,5553
2896325,6600
2896474,6504
2896850,5759
2897025,4985
2898264,4110
2898502,4205
2898738,3920
2898883,4021
2899040,5981
2899214,5988
2899262,7077
2900052,5733
2900341,4983
2903794,4571
2903958,4854
2905641,6009
2906535,5514
2907360,4949
2908285,5197
2908652,6372
2908754,4452
2909116,5830
2909778,7966
2909879,5333
2909880,5717
2910046,7467
2910384,7750
2910556,6870
2910828,5974
2910944,7297
2910949,12165
2911131,8325
2911438,11235
2911695,12541
2912394,8885
2912656,8344
2912924,11323
2913258,9006
2913410,9781
2913704,6466
2913992,6507
2914632,7124
2915350,6458
2916612,7925
2916934,7816
2917080,6476
2917162,5562
2917565,7267
2918008,8244
2919188,6528
2919350,5821
2919495,6705
2920042,7540
2920344,9625
2920565,8994
2920936,8105
2921150,7794
2921382,7238
2923663,5681
2923870,6570
2925179,6314
2925328,5170
2925774,6593
2926264,5284
2926545,5671
2927418,5087
2928178,3757
2930012,4023
2930237,3925
2930853,3610
2931226,5622
2931462,7716
2931561,6439
2931706,7063
2931992,7567
2932430,5738
2932558,6798
2932719,7158
2933085,6497
2933179,7167
2933874,6660
2934238,7444
2934745,5402
2934930,7300
2935740,4743
2936166,6762
2937022,4863
2937477,5541
2940033,4691
2940199,7457
2940995,4359
2941359,3841
2941741,9413
2942068,4791
2942124,10510
2942445,7865
2942714,5529
2943048,15257
2943247,6953
2943457,6933
2943639,11488
2943744,8654
2943901,6507
2944378,13879
2944523,10708
2944815,6411
2945122,5655
2947000,11188
2947223,9045
2947405,12378
2948241,6239
2948701,4986
2948993,11773
2949209,10845
2949334,8253
2949787,7587
2950437,7997
2950789,7419
2950843,12109
2953763,5416
2953914,4868
2954111,11908
2954236,7377
2954565,8330
2954705,5290
2954957,9590
2955132,5430
2955316,15914
2955356,9291
2955582,6820
2955635,9154
2955665,15554
2955708,12622
2955749,14184
2955996,5587
2956853,15247
2957689,6686
2958478,13329
2958860,8849
2959328,10670
2963423,14465
2963615,10608
2963751,12539
2963878,13956
2964604,9561
2964719,13235
2964880,9866
2965979,11058
2966021,9709
2966124,9583
2966344,6840
2967037,8345
2967179,8046
2967261,8037
2967324,15945
2967906,8272
2968088,13731
2968338,13644
2968609,12123
2968840,12129
2969000,11786
2969341,12921
2969603,11725
2970106,13081
2970810,13000
2971374,13439
2971950,12299
2972257,11651
2972652,8589
2972852,6041
2974373,9667
2974419,11016
2974663,13304
2974995,13312
2975511,11383
2975879,8795
2976222,11616
2977082,9254
2977234,8288
2977479,8599
2977901,9143
2977988,7363
2978256,6410
2979179,7959
2979404,9316
2979534,10636
2985574,3835
2985723,4254
2985966,4713
2986194,5116
2986390,7039
2986658,6849
2988720,5072
2989421,4422
2989701,5241
2990063,4955
2990262,5114
2990371,6131
2991920,4094
2992393,7827
2992560,4463
2992859,8972
2992956,7433
2993539,6772
2995848,7340
2996049,7830
2996379,6080
2997052,9211
2997244,9594
2997392,10373
2997486,7767
2997762,12378
2997894,12952
2998121,15259
2998260,10110
2998299,10171
2998401,7529
2998499,9026
2998712,9306
2999166,9862
2999174,11223
2999346,9452
2999529,9822
2999815,9045
2999986,8961
3000914,7287
3001077,9080
3001624,7053
3001910,8064
3002186,5681
3003005,8356
3003234,9272
3003380,6370
3004159,9741
3004293,8945
3006476,8897
3006917,8538
3006940,7384
3007276,6563
3012001,4744
3012306,3430
3012863,5397
3014173,3691
3015626,8853
3015815,9260
3015860,9398
3015967,10576
3016447,5910
3016588,5556
3016739,5480
3016886,8168
3017007,6748
3017194,9878
3017343,8916
3017463,5702
3017616,10932
3017914,9571
3018034,11139
3018271,8953
3018336,11429
3018495,12281
3018659,12169
3018857,13354
3018998,10336
3019661,10051
3019707,7201
3019852,8234
3020562,8234
3020775,7585
3021055,7841
3021490,10370
3021772,5914
3022115,8270
3023706,7556
3023890,9641
3024335,8419
3025438,8192
3025479,9161
3026506,4929
3028442,6477
3028624,6402
3028778,5709
3031967,4362
3032731,4385
3033567,6970
3033818,6510
3033980,5624
3036413,4183
3036642,4147
3036810,5661
3036967,5469
3037085,4885
3037228,7557
3037376,8445
3037582,6265
3037723,6007
3037861,6751
3037996,7176
3038155,6566
3038296,6262
3038438,6509
3038555,7013
3038689,6929
3038822,7562
3038981,7219
3039322,6731
3039446,7196
3039655,6143
3040117,7532
3040371,6430
3040627,6412
3040824,4691
3042647,5899
3042839,5617
3042898,4485
3047857,3753
3048771,3197
3049197,3251
3049394,4343
3049468,3827
3049625,3890
3049805,4170
3050194,4238
3050709,3559
3051327,3356
3052774,4159
3052822,4326
3055622,3401
3055917,3408
3056399,3169
3056684,3788
3056823,6618
3057548,4458
3057707,7066
3057707,4646
3057999,4190
3058036,3777
3059503,4045
3059812,4227
3059921,5752
3060430,4094
3060700,3732
3060932,3817
3061133,7788
3061229,4540
3061334,4980
3062236,4200
3063186,4537
3065809,5729
3065973,4673
3066198,4626
3067324,4541
3067577,6178
3068268,3487
3068290,3448
3068471,3729
3069172,3338
3069372,3904
3069514,5420
3069555,6169
3069808,7475
3070087,5772
3070721,6613
3071024,4925
3071156,5870
3072687,4099
3073457,3926
3073595,5926
3073983,3596
3074454,4848
3074927,3652
3075470,4912
3076813,5117
3077115,6320
3077415,5485
3077616,5249
3077980,5526
3078182,6802
3078347,6329
3079861,3718
3080016,4591
3080201,3465
3080596,3452
3081175,5584
3081525,6429
3081719,6147
3081982,6796
3082076,7084
3082145,6585
3082290,6537
3083917,9275
3084229,6555
3084578,8991
3085255,6620
3085526,7522
3085730,6858
3085854,8673
3086017,7938
3086170,6130
3087400,5993
3089853,4150
3089994,4751
3090071,4622
3090825,5005
3091503,5002
3092015,7686
3092329,6277
3092627,4060
3093407,5275
3093696,4836
3093994,6162
3094174,6254
3096578,4094
3096682,4288
3096886,5350
3097140,4329
3097772,3547
3098314,6514
3099043,5583
3099160,4060
3099350,5224
3101541,3452
3101764,3736
3101911,4497
3102520,4692
3102681,4371
3102846,5381
3103012,5160
3103286,4989
3103430,3921
3104420,4942
3104583,4437
3104656,6103
3104706,4262
3105157,5945
3106504,3963
3107898,4456
3107920,4346
3108166,5143
3108385,3854
3109803,4923
3109910,4940
3110644,4482
3110879,5607
3111137,5238
3111277,4722
3113741,4607
3113946,3951
3114265,4928
3114903,4015
3115618,4562
3116245,4795
3116786,4981
3117193,4520
3117385,5062
3117527,4800
3117662,9525
3118786,4574
3119065,4828
3119147,4551
3119300,4643
3119534,8934
3119685,8031
3119839,7786
3120382,8433
3120554,6900
3120833,6851
3121072,7559
3121249,9300
3121322,7566
3121553,6405
3121920,9045
3122160,11092
3122813,8971
3123001,7245
3123195,11289
3123400,8768
3123537,5228
3123728,7186
3123979,7562
3124172,10205
3124364,13840
3124390,9614
3124409,14104
3129756,8877
3130281,5914
3130595,9635
3130741,8268
3130996,6456
3131345,6001
3131591,7898
3131780,6514
3132060,9137
3132964,6628
3133149,6711
3133273,5631
3133408,8155
3133549,10423
3133714,10538
3134255,10914
3134643,11013
3134806,9011
3135010,9158
3135129,9944
3136011,9462
3136161,9364
3136358,11651
3136499,10849
3136641,11179
3136781,10876
3136917,9338
3137034,10520
3137537,8823
3137753,8834
3137873,7873
3141233,5786
3142511,7232
3142670,6839
3142848,6342
3143331,5597
3143461,6147
3148445,3720
3148888,3797
3149511,3885
3150569,4627
3151522,3361
3151564,4615
3151725,4202
3151805,6049
3152253,5157
3152702,5790
3152833,3992
3153045,6409
3153180,4247
3153475,5519
3153910,6543
3154030,4722
3154347,5352
3155232,4617
3155433,4926
3156034,4523
3160160,4008
3160791,4049
3160963,6018
3161175,6130
3161479,7739
3161971,6682
3162252,4097
3162550,5917
3163424,7493
3163696,6363
3164588,4822
3164692,8095
3164863,4300
3164969,8190
3165270,7212
3165379,8371
3165525,7705
3165702,7714
3165741,8562
3165932,5663
3166175,7596
3167046,7463
3167492,6335
3167658,7932
3167755,8159
3167884,6915
3167998,7504
3168139,7251
3168415,7015
3168940,5599
3169214,6134
3169560,7004
3169934,5850
3175837,4671
3176082,4519
3176427,3898
3176821,4933
3176960,4870
3177249,4605
3177544,3867
3177720,3857
3178877,4453
3180225,8397
3180483,3599
3180760,3606
3181392,6585
3181582,7205
3182217,4012
3182438,6129
3182546,3585
3184588,7285
3184737,8237
3184773,4752
3185067,8120
3185453,7217
3185558,7421
3185692,5664
3185833,6344
3186496,7100
3186582,7981
3187243,8164
3187496,7131
3188259,6293
3188820,4476
3189199,4499
3189239,7051
3189282,7213
3189337,8136
3189831,8164
3190218,5408
3190439,7811
3193667,9580
3193707,7342
3193741,7052
3193774,8007
3193808,7873
3193848,7883
3194289,7160
3194461,6896
3194578,5183
3194672,5015
3194836,8351
3198773,4676
3201625,4864
3201712,6287
3202218,8343
3202445,4202
3202854,5350
3202919,6152
3203060,4482
3203340,4338
3203614,7592
3203809,6537
3204009,6608
3204398,5850
3204838,6068
3204971,7585
3205355,7156
3205546,8330
3205740,7030
3206032,7693
3206252,8328
3206376,6854
3209217,5244
3209352,6269
3209525,4497
3209752,6108
3210358,5888
3210735,6780
3212952,4024
3213407,3876
3214009,4622
3214684,6481
3214743,4335
3215235,5038
3215327,4159
3216320,4380
3216454,4772
3218275,5374
3218420,4830
3218846,6167
3219145,5477
3219775,5250
3219895,5868
3220007,5663
3220407,4438
3221398,6096
3222355,5655
3222386,3929
3222556,4746
3222690,4718
3222907,5974
3223337,6520
3223963,5162
3226555,6752
3226933,4270
3227653,4186
3227770,4749
3227858,5292
3227981,5584
3228287,5873
3228350,4871
3228961,5092
3229344,6635
3229561,6307
3229764,5271
3229990,6692
3230572,9467
3230621,6760
3230776,5428
3231340,7346
3231504,6147
3232073,6437
3232290,6139
3232575,6601
3232780,6075
3233022,9108
3234269,6962
3234752,7632
3235533,7168
3236417,4360
3236733,4465
3236951,6662
3237171,6772
3237223,4897
3241666,5871
3241718,3604
3241856,5628
3241995,5373
3242196,6761
3242429,5862
3243020,5393
3243151,7748
3243289,6823
3243766,7998
3244177,4972
3244584,6956
3244872,9881
3245061,6001
3245128,6602
3245463,5975
3246100,11432
3246315,6884
3246657,5304
3247309,4074
3248681,6357
3249083,5819
3249158,4402
3249449,5357
3249627,5662
3251990,6947
3252057,6405
3252255,7021
3252740,11168
3252904,11845
3253055,9752
3253240,8090
3254044,6733
3254202,5433
3254323,6508
3254505,10458
3254651,10631
3254773,6997
3254886,7853
3255028,6131
3255142,8486
3255279,10067
3256543,8362
3256738,6179
3257174,10248
3257725,6359
3257890,7188
3258713,8276
3259365,5252
3259707,4501
3260183,7558
3260562,7286
3261324,6420
3261685,5895
3262350,4539
3264045,6206
3264173,5692
3268136,3651
3268164,4056
3268364,8803
3268522,9092
3268643,4819
3269058,7379
3269122,7222
3269407,4705
3269579,6020
3269702,6574
3269905,7330
3270218,5814
3270355,8911
3270508,7889
3270669,8256
3270804,8171
3270932,8089
3271064,7767
3274721,10464
3274811,10089
3274967,8397
3275324,8201
3275632,7821
3275776,6782
3280772,4437
3280802,4865
3281040,11145
3281297,8435
3281341,7251
3282035,11180
3282386,9060
3282618,8569
3282769,12594
3282933,9900
3283119,8247
3283174,8370
3283556,9369
3283784,10483
3284036,13703
3284977,9194
3285235,10068
3285504,9677
3285700,9543
3285924,11718
3286258,17764
3286286,16647
3287100,18083
3287133,16937
3287180,16141
3287209,17748
3287237,16736
3287256,16992
3287314,15847
3287328,18024
3287355,14028
3287410,17488
3287437,14003
3287839,12055
3287980,16802
3288174,17637
3288358,15244
3289534,16084
3289683,15733
3289823,12493
3289969,12396
3290127,11533
3290275,11328
3290419,12317
3290558,13362
3290705,15177
3290848,12724
3292441,9617
3300664,6468
3300897,6208
3303689,4102
3307942,4418
3308133,4666
3308268,4912
3308411,5706
3308554,5264
3308717,4727
3308859,5750
3308978,5008
3309156,5642
3309303,4094
3310532,4808
3311228,10888
3311388,4990
3311674,3507
3312178,4069
3312399,3481
3315681,6388
3315924,4459
3316051,4280
3317227,5258
3317405,5033
3317561,6405
3317710,4676
3317861,6053
3318010,7123
3318196,7256
3318357,7303
3318518,7415
3318676,5640
3319023,9136
3319358,7427
3319588,6892
3320634,7408
3320794,6520
3320945,6462
3321100,7269
3321248,7361
3321385,9144
3321518,9229
3321770,9556
3321909,8257
3323022,6596
3323218,7795
3323722,8898
3324465,8104
3324758,7716
3325238,7183
3325489,7380
3325708,6960
3325851,6866
3329652,5188
3329849,4834
3329959,7776
3333571,4600
3334061,17250
3334243,12488
3334485,8375
3334898,12956
3334915,14029
3335070,16145
3335181,16890
3335325,19395
3335576,8133
3335722,13824
3335866,14735
3336004,12169
3336321,13018
3336472,12974
3336592,7170
3337133,12045
3337335,16117
3337476,20225
3337614,19674
3337843,10639
3338020,8942
3338153,10779
3338272,11382
3338484,12227
3338611,11242
3338753,15010
3339081,20422
3339128,20485
3339400,10358
3339547,19852
3340034,25370
3340161,19565
3340301,19539
3341246,23743
3341283,18655
3341447,18590
3341610,18670
3341853,23665
3341966,18215
3342162,18203
3342345,17887
3342527,14839
3343337,22278
3343484,21615
3343976,17076
3344402,16433
3344720,14555
3344966,25445
3345064,32219
3345134,16461
3346127,15196
3346301,21655
3346468,14955
3346627,18258
3346788,18426
3347070,35931
3347189,19268
3347365,15288
3347533,23031
3347692,25690
3347854,33590
3348021,23262
3348302,27120
3348596,26621
3348768,21038
3350269,39045
3351214,50694
3351788,31997
3351967,52331
3352644,50455
3352808,50892
3352976,52886
3353175,48222
3353336,47820
3353598,48009
3353948,36752
3354118,39041
3354262,47695
3354399,31455
3354538,39248
3355829,46505
3355999,35941
3356193,45056
3356358,36405
3356510,36198
3356676,36198
3356840,44500
3357190,32300
3357477,36839
3358215,37987
3358385,37382
3358547,37779
3358714,43421
3358876,28607
3359036,28342
3362234,26064
3362754,29243
3362922,29842
3363086,33179
3363149,30059
3363431,31280
3363736,35045
3363903,32431
3364405,32519
3364566,29107
3364720,27556
3366736,31533
3366914,30737
3367057,33302
3367208,35415
3367344,34326
3367481,22268
3367615,20592
3367748,28625
3367879,16565
3368019,17266
3368168,14282
3369149,16596
3369422,18520
3369606,17979
3370790,27202
3370950,19366
3371099,20181
3371236,19566
3372116,22754
3373631,27418
3373777,31298
3373920,28400
3374053,28529
3374200,24626
3374340,27522
3374475,28044
3374607,24573
3374754,27039
3374894,23456
3375030,25133
3375169,26393
3375319,22743
3375452,36494
3376244,36312
3376408,37105
3376577,36779
3376742,27306
3376904,36167
3377080,37179
3377274,24509
3377436,36449
3378290,35273
3378457,35156
3378623,32121
3378789,32685
3378951,33621
3379131,31863
3379299,30383
3379467,29320
3379626,29213
3380336,28706
3380481,31170
3380617,26356
3380749,29045
3380897,28491
3381017,26990
3381248,28750
3381601,29730
3382595,27685
3383182,14982
3385395,27107
3385571,28296
3386194,25411
3386383,25609
3386551,25854
3393413,23543
3394432,22317
3394900,9565
3395047,18363
3395198,21728
3395521,21902
3396460,18087
3396623,17588
3397399,14337
3397547,18280
3397714,17699
3397835,15406
3404636,11019
3404887,11082
3405167,10570
3406447,9125
3406580,8945
3412686,6101
3420845,5689
3421212,4885
3421512,11540
3421695,11586
3421866,13381
3421976,14097
3422034,13079
3422080,13299
3422229,13669
3422403,13349
3422579,10351
3425193,10325
3425372,10792
3425531,7945
3425843,10163
3426013,7154
3426311,8721
3426470,7300
3426648,6879
3426803,6581
3426956,12052
3427125,14210
3427600,13639
3427761,13659
3427914,16152
3428078,13638
3428242,13574
3428441,13540
3428607,9624
3428776,15505
3428943,21093
3429959,6508
3430151,6259
3430338,17550
3430511,8664
3430672,8010
3430830,7551
3430995,12985
3432051,16308
3432167,12650
3432234,14972
3432303,13696
3432357,12945
3432410,16219
3432468,16704
3432520,13324
3432575,13172
3432626,13492
3432683,16093
3437309,15368
3437584,12879
3437828,12533
3439384,11067
3440042,9005
3440433,10079
3440595,8602
3440908,9503
3442182,8129
3442416,13464
3442496,12269
3442554,13486
3443430,7850
3443614,10202
3443785,10855
3445051,8775
3445443,8707
3446500,8958
3446678,8537
3446911,9507
3447477,8492
3451724,3840
3452165,4440
3452310,4530
3452440,4678
3454907,3263
3458624,5433
3458834,4336
3459161,4347
3459243,3412
3459978,4725
3461639,4829
3461681,3594
3461842,8210
3461898,5289
3462252,8155
3462671,6018
3462955,7615
3463201,6838
3463541,6970
3463696,6596
3463893,6725
3464120,6348
3464273,7544
3464739,5606
3465463,5840
3467139,7248
3467266,5810
3467366,5323
3467523,5896
3467645,4437
3467781,8386
3469612,7382
3471683,4963
3471885,7151
3472156,7516
3472396,9661
3472613,7765
3472760,6324
3472915,5603
3473118,8272
3473260,6311
3474660,10489
3474812,6630
3475266,6225
3475477,7790
3475859,7384
3476241,6930
3476471,6846
3476692,12774
3476835,7770
3477051,6669
3477509,12098
3477794,17281
3477922,16277
3478146,15741
3478340,16217
3478610,20625
3478784,21576
3478924,24613
3479369,19791
3480161,20414
3480314,18871
3480860,23444
3481177,13986
3481739,17958
3481939,18247
3482062,11700
3482508,15429
3482654,16522
3482929,15691
3483817,14052
3483964,11880
3484194,13284
3484334,8207
3484718,16958
3484971,24105
3485289,17472
3485417,20146
3485547,15619
3485756,12172
3485959,12717
3486305,12249
3486671,16798
3486804,16564
3486919,16348
3487625,15694
3488237,21471
3488717,11757
3488892,8918
3489079,20658
3490702,17545
3492684,8000
3493125,7498
3493147,15167
3493309,7216
3493993,9640
3494201,14178
3494670,8502
3496158,13633
3496328,14583
3496484,22280
3496639,21679
3496799,22027
3496952,17863
3497108,18089
3497276,21904
3497403,24308
3497461,22644
3498749,16694
3499304,23670
3499609,22854
3499751,18048
3499898,18581
3500039,15553
3500136,16857
3504481,15797
3504753,15799
3504903,15300
3505049,21320
3505148,15509
3505670,17670
3505833,21755
3505969,30909
3506705,33522
3506855,19845
3506995,20853
3507141,19704
3507276,29051
3507410,19890
3507539,10575
3507683,20213
3507817,18778
3507956,18792
3508108,22757
3508245,19460
3508377,19421
3508552,19425
3508691,19330
3508808,11414
3509563,17234
3509847,16803
3512997,34401
3513247,24293
3513446,33967
3513648,21970
3513828,33207
3513975,22796
3514182,32526
3514362,25887
3514568,18289
3515642,21520
3515790,21948
3515933,21924
3516516,19205
3516886,19514
3517056,20847
3517127,19412
3517273,29937
3517504,18472
3517640,20143
3517870,19591
3521588,17051
3521881,17514
3522082,17203
3522160,17459
3524312,13639
3524470,13793
3524610,12975
3524766,14037
3526416,10403
3540758,6784
3540922,6821
3541060,6763
3541149,6739
3541290,11185
3541522,11744
3541656,11299
3541790,10753
3541906,11563
3542113,11269
3542259,5052
3542396,11166
3542514,11337
3542662,6513
3542812,6437
3542950,7900
3543080,10545
3543276,7831
3543526,8522
3543670,8286
3543787,12318
3543929,12839
3544150,12795
3544278,11701
3544391,10777
3544536,10869
3544677,9910
3544795,11595
3544934,9802
3545077,9779
3545223,11755
3545357,11332
3545490,10175
3545629,9934
3545774,9717
3545909,9044
3546055,8457
3546155,8641
3546246,10206
3556814,3861
3560969,4438
3561192,4767
3561310,4977
3561934,4522
3562134,4333
3562336,4421
3562667,4166
3562829,4953
3563045,4260
3563455,4168
3563848,3602
3564620,3761
3565532,5206
3567571,3630
3568169,4475
3568325,3986
3568525,7192
3568573,6493
3568911,10271
3569064,6168
3569229,6202
3569653,8515
3569956,13609
3570050,6981
3570179,12723
3570420,7627
3570566,6607
3570777,8524
3571038,9994
3571174,10322
3571527,11770
3571567,11787
3571606,15393
3571634,13302
3573879,12229
3574204,9202
3574482,12469
3574823,14330
3575117,14466
3575526,14338
3575804,14197
3576326,17897
3576510,14855
3576674,12333
3576825,12723
3577254,12070
3577413,10602
3577571,10498
3577730,10468
3577886,14537
3578802,16579
3578971,16503
3579135,14738
3579395,13602
3579568,13557
3579724,15323
3579886,15275
3580042,11839
3580199,14665
3580366,12002
3580527,10993
3580692,11086
3580852,10865
3581016,10626
3582155,10528
3582323,9107
3582482,12108
3582641,9887
3582800,11262
3584634,8983
3584790,9411
3584934,10108
3585075,12220
3585140,10252
3585276,9490
3585719,8206
3595656,5186
3595800,6207
3596024,5820
3596850,4134
3596977,4144
3598772,3486
3599046,6552
3599183,6824
3599302,4979
3599493,6630
3599727,6043
3599946,5903
3600197,5924
3600395,6251
3600617,9676
3600807,5112
3601519,6971
3601559,8649
3601604,8614
3601626,7556
3601746,5924
3601959,6117
3602103,5768
3602671,9789
3607468,14682
3607757,12844
3607850,12889
3608419,11539
3608589,12624
3609079,13524
3609151,11784
3609627,11979
3609834,12016
3610431,11474
3610556,11998
3610763,10743
3611329,19230
3611885,10927
3612057,10662
3613606,11235
3614959,7945
3615343,9284
3615622,13548
3615838,15686
3615947,13428
3616213,15961
3616381,15444
3616447,21369
3616551,20666
3616590,13718
3616729,15042
3616817,20311
3616975,13581
3617390,14598
3617697,22122
3617719,10579
3617920,13317
3617927,13320
3618174,13012
3618333,15096
3618420,19080
3618559,16155
3618851,23232
3618940,13834
3619202,11811
3619223,13776
3619399,13120
3619421,12337
3619559,12804
3619659,14834
3619896,14548
3621726,18510
3622007,17394
3622275,14315
3622552,15277
3622847,15445
3622981,15353
3624193,15326
3624922,13069
3625386,13753
3625811,10321
3626142,12350
3626440,13725
3626665,12948
3626809,11830
3626980,10892
3628407,10533
3629186,11185
3629724,10151
3633170,7149
3634537,6540
3635237,4689
3636114,5390
3636275,5365
3636407,5632
3639615,4075
3640695,3650
3640929,4850
3641412,3471
3642214,3625
3642949,3593
3644562,4226
3644971,3945
3647763,4132
3648022,4484
3648122,4440
3648203,4925
3648299,4006
3648438,5091
3649539,4880
3649778,4608
3650068,6916
3650470,6564
3651716,3830
3652754,5751
3652949,5814
3653244,5941
3653374,7042
3653564,6908
3653730,6954
3653851,7160
3653998,6801
3654218,7273
3654462,8049
3654603,8030
3654765,6987
3655086,8170
3655574,6284
3655718,4805
3655941,5139
3656659,7299
3657078,7358
3657261,6628
3657398,6177
3659045,6693
3659424,5003
3659567,5923
3660085,6226
3664803,3366
3665129,8080
3665907,5162
3666573,6913
3666912,6509
3667807,6713
3667963,10297
3668275,7361
3668456,7017
3668588,10093
3668646,3491
3669065,6418
3669143,7455
3669184,8620
3669378,9239
3669529,9730
3669673,8535
3670338,6469
3670697,7567
3671502,8015
3672598,6407
3672642,7133
3672676,6264
3673386,6355
3673938,4919
3674566,4433
3675516,5387
3675764,6149
3677886,3770
3679656,3485
3680023,4032
3680070,5730
3680162,5563
3681547,4645
3682291,4070
3682579,4584
3682704,3830
3683464,4599
3684182,4341
3684476,4262
3684612,4554
3685373,7243
3685889,4924
3686408,6381
3686686,4022
3686889,5590
3688441,6004
3688690,5077
3689179,4160
3689533,4865
3689660,6373
3689814,6089
3690002,8456
3690042,8727
3690396,5792
3690581,7646
3690842,6995
3691120,7598
3691358,6146
3691575,5685
3691734,6674
3691882,6935
3692651,5702
3696521,3563
3697937,3778
3698919,4528
3699151,4473
3699383,4263
3699426,3867
3700449,5080
3700695,6375
3700762,4066
3700937,3918
3701385,5712
3701511,5126
3703443,8117
3703663,5376
3703830,8444
3704189,7063
3704327,8468
3704508,6298
3704630,6091
3704687,7358
3707538,6629
3707701,6913
3707853,6100
3708462,6945
3708707,7804
3708957,10312
3709144,7598
3709273,5440
3709392,14797
3709543,8359
3709917,8970
3710396,8829
3710603,8178
3710860,9919
3711077,7289
3711279,6174
3711418,8738
3711609,7564
3711733,6838
3716760,4595
3716921,7324
3717409,7963
3717696,7005
3717931,6833
3718227,6655
3718401,6422
3718614,5216
3718917,5379
3721289,4750
3721538,5072
3721634,5970
3721820,4360
3722071,4963
3722389,5651
3722559,3936
3722726,5421
3722992,7649
3723457,8278
3723863,6006
3724371,4932
3727244,7224
3727506,4322
3727665,4867
3727798,5224
3727936,4756
3728070,7241
3728153,5116
3728728,5644
3728915,5036
3729611,5327
3729788,5780
3729943,5563
3731061,4289
3733408,6036
3733435,4617
3733785,6725
3735745,4569
3735905,6772
3736027,7038
3736143,7224
3736278,6581
3736499,5491
3737015,6329
3737116,6583
3737282,5731
3737433,6012
3737640,6814
3740793,4117
3741150,3699
3741314,3874
3741697,4474
3742075,4527
3742133,5671
3742239,7481
3743241,6653
3743437,4832
3744143,4489
3744933,7052
3744975,7559
3745037,6366
3745076,6518
3745408,6489
3746055,4389
3747243,4944
3748467,4698
3748518,4651
3748772,5807
3748805,5996
3749138,5577
3749293,8521
3750170,8001
3750382,6804
3751342,9304
3752221,8518
3752374,5953
3752562,4937
3754840,5140
3754993,5433
3755301,10356
3755348,9916
3755516,11056
3755560,7212
3755601,11007
3755641,9962
3755677,9812
3755760,5250
3755790,5068
3755949,7641
3756330,5627
3756443,5907
3756702,5547
3756844,6004
3757844,7583
3762956,3402
3763069,5133
3763273,4505
3763287,5872
3765426,6089
3765739,6120
3766603,6688
3766655,7030
3766750,9104
3766826,9250
3766887,9867
3767023,7679
3767140,7882
3767282,8754
3767425,9362
3767614,8723
3767818,7966
3767958,8553
3768075,8246
3769152,9571
3769341,8280
3770026,9227
3770358,7027
3771248,8655
3771470,8369
3771634,8382
3771783,8181
3771919,8159
3772139,7058
3772378,6973
3772946,6355
3773305,5568
3778771,4786
3778960,8005
3779082,6322
3779488,7326
3779673,6854
3780133,7566
3780180,8055
3780351,6827
3780531,5375
3781247,6762
3781397,6888
3781544,6197
3781727,5757
3782182,6186
3782511,5025
3784496,4920
3784531,7670
3784726,9983
3784852,9024
3784999,8776
3785155,10376
3785348,8892
3785998,9415
3786280,11355
3786431,10751
3786787,10495
3786964,17088
3787315,10707
3787576,10842
3788060,10724
3790210,8398
3790384,10810
3790680,12276
3790820,13466
3791006,6787
3791146,7087
3791266,9948
3791384,8417
3791518,12437
3792072,9389
3792302,12034
3792536,10082
3792796,9690
3792944,6423
3796023,7927
3796160,6618
3796269,7963
3796287,6588
3796642,9141
3797423,10367
3797569,9391
3797738,9855
3797985,9462
3798144,10713
3798603,9388
3798698,10109
3798817,10775
3798903,10047
3799769,10302
3799824,8785
3799961,9638
3800191,8188
3800497,7339
3805291,5081
3806412,3873
3806936,3798
3808188,4171
3809243,4245
3809279,3618
3810446,7262
3810641,7266
3811004,6176
3811164,4428
3813499,4268
3813874,5980
3813923,6100
3814172,6971
3814794,12109
3815015,8704
3815205,4188
3815364,5219
3815511,6277
3815648,6259
3815783,6035
3815915,5770
3816221,9103
3816377,8817
3816518,6253
3816760,6216
3817053,5430
3817098,6398
3819488,6325
3821043,6030
3821355,5560
3822008,6440
3822271,5643
3822583,4058
3822841,5193
3824063,4109
3824172,3396
3824320,3631
3824578,8168
3825128,7535
3828905,8157
3829132,9226
3829263,9047
3829755,6975
3829915,8292
3830063,7306
3830162,7483
3830197,8064
3830234,11005
3830493,9969
3830758,9482
3831004,7708
3831150,9144
3831293,7474
3831425,7420
3831557,8787
3831688,8712
3831824,9357
3831954,9015
3832115,8758
3832247,8678
3832364,8444
3834330,7780
3834477,8593
3834557,7350
3834739,6957
3834888,8687
3835280,8673
3835388,8524
3835541,7751
3835900,11051
3836114,8713
3836176,8002
3836427,7776
3836764,8170
3836859,7650
3837205,7525
3837590,6737
3837767,6803
3838540,6094
3845278,3900
3845299,5146
3845472,3969
3845582,4372
3845733,4646
3845942,4052
3846146,5092
3847014,4374
3848311,3679
3849533,6217
3850574,6671
3850863,3658
3851020,6368
3851676,5275
3852917,5096
3852965,4372
3853970,5973
3854599,5449
3854724,5585
3854896,8390
3855019,6790
3855140,6732
3855281,5218
3855460,7747
3855594,7055
3855803,11938
3855922,6877
3856074,5953
3856559,10665
3856682,7786
3856794,5949
3856979,10091
3857528,9995
3858263,6467
3858844,7908
3859117,8051
3859290,5360
3863142,6147
3863576,6232
3863734,4529
3863882,6843
3864001,6470
3864046,11750
3864138,6512
3865393,4267
3866468,13848
3866858,5337
3867171,14335
3867648,4571
3869479,6220
3869797,8573
3869968,11060
3870077,11734
3870508,9408
3871086,9137
3871138,9790
3871157,9906
3871245,10988
3871954,8083
3872183,11586
3872321,8131
3872495,8201
3872593,7573
3872823,8969
3872988,6794
3874036,9816
3874198,9282
3874626,8599
3874694,7089
3874968,7072
3875107,8185
3875314,7511
3875589,6787
3875745,6856
3875936,6962
3876242,4549
3877371,5581
3879307,4590
3882268,5113
3884915,5266
3884930,8662
3885087,4734
3886043,12136
3886217,12945
3886426,12162
3886597,11871
3886731,12150
3886881,11816
3887032,15266
3887174,7298
3887253,9304
3887807,11188
3887948,14235
3888399,11841
3888539,14299
3888669,14269
3888801,13938
3888938,10323
3889069,10253
3889128,12046
3889371,13256
3889511,9917
3889947,13118
3890105,13073
3890647,12605
3890910,8748
3891047,11128
3893424,10992
3893703,6914
3893879,6866
3894040,6242
3894211,6184
3894370,5640
3894532,9719
3894698,11624
3894857,11397
3895013,27844
3895185,25952
3895244,22629
3895297,23888
3895349,23891
3895408,26669
3895475,34891
3895540,26343
3895596,40589
3895653,55114
3895706,48009
3895755,43464
3895805,21490
3895855,21326
3895910,18338
3895977,21263
3896029,26299
3896083,38199
3896689,43419
3896870,25405
3897046,15131
3897184,24327
3897374,24799
3897548,24237
3897726,23700
3897898,22987
3898074,23264
3898280,22758
3903945,30750
3904576,32278
3904935,32296
3905083,32537
3905248,33032
3905397,33259
3905556,33486
3905695,34535
3905830,35067
3905968,35394
3906119,35745
3906264,31449
3906398,35784
3906514,51674
3907370,38938
3907516,49728
3907652,52256
3907838,22351
3908001,22904
3908168,23007
3908286,23428
3908398,23825
3908508,34219
3908826,34205
3908989,34828
3909145,34425
3909310,25707
3910479,20009
3910660,9063
3910831,12545
3911002,12015
3911246,17951
3911410,11493
3911569,34423
3911726,34446
3911895,35059
3912060,16111
3912170,14193
3912444,32980
3913283,45163
3913478,48986
3913655,48861
3913843,48779
3914018,44767
3914213,44885
3914391,44865
3914563,44852
3914724,45376
3914895,50135
3915534,49343
3915698,49116
3916306,48452
3916452,44781
3916586,48396
3916728,45173
3916845,46881
3917318,38229
3917460,39973
3917963,38770
3918361,38776
3918543,39977
3918697,27493
3918839,46093
3919181,46263
3919489,43824
3920125,42342
3920300,42270
3920456,35457
3920607,35476
3920761,36103
3920964,36411
3921615,36174
3921969,37878
3923207,36716
3923514,30747
3924182,34083
3924348,35253
3924504,35267
3924659,31760
3924813,29560
3925006,29440
3925216,27865
3925374,27986
3925403,44800
3926377,27173
3926541,34529
3926694,33500
3926853,35553
3927009,27731
3927219,32754
3927374,31589
3927539,32889
3927699,31008
3927856,27191
3928016,27258
3928233,27399
3928450,27737
3928674,34013
3928828,26947
3929362,30669
3930336,30293
3930570,22282
3930729,26433
3931056,37687
3931534,34649
3931855,36914
3932364,31695
3934373,29191
3934820,34151
3935177,29907
3936275,27527
3936988,26874
3937363,31321
3937858,31060
3938037,23584
3938430,32010
3938860,31704
3939376,31587
3939451,33148
3940340,31100
3940492,33005
3941087,32222
3941545,31193
3942054,30220
3942551,30648
3943209,28721
3943901,28149
3944810,27492
3944978,27025
3945148,25916
3945574,26207
3946651,26731
3947042,24127
3947320,23952
3947455,25229
3947957,23475
3962703,11314
3963609,10004
3963923,9436
3968458,6619
3974448,4714
3974486,4735
3976835,5850
3977209,5503
3977276,8256
3977489,6119
3977751,8701
3977929,6936
3978082,6052
3978144,5820
3978318,6693
3978561,6760
3978696,6560
3978814,9442
3978960,8519
3979081,5413
3979136,6937
3979269,7679
3987271,6022
3988650,7681
3988828,6756
3989181,7455
3989195,4677
3989376,6034
3989653,5003
3990157,4747
3990283,6584
3990763,6636
3991234,6056
3991676,5552
3991790,6174
3992034,5265
3992290,5059
3995963,3873
3997511,3160
3997998,5301
3998286,6157
3998442,4421
3998703,5329
3998854,7273
3999040,4752
3999175,7309
3999369,6936
3999410,7490
3999448,9471
3999468,10293
3999501,11297
3999607,11133
3999630,10857
3999662,11258
3999866,5069
4000152,4395
4000962,4056
4001145,7645
4001297,4902
4002605,9028
4003053,6637
4003328,7062
4005133,6227
4005477,5284
4007815,4265
4008281,4510
4008355,3884
4008630,4494
4009314,6211
4009436,5179
4009516,6543
4012230,4071
4012643,5144
4012865,4172
4012961,5978
4014578,4592
4015183,5749
4015397,7054
4016624,4152
4017244,5171
4017334,7268
4017587,4099
4017807,4805
4017919,5700
4018005,5667
4018111,7613
4018179,6677
4018565,6485
4018974,5142
4019245,6269
4019360,5420
4022638,3730
4022678,4816
4022916,4314
4023209,4907
4024326,4315
4025878,5236
4026045,4905
4026157,5177
4026222,7069
4026522,6935
4026770,8026
4028614,6240
4028814,5523
4029025,5883
4029253,5712
4029901,7084
4029961,8160
4030085,7760
4030422,6295
4031166,4540
4031383,5470
4031541,4721
4032127,7274
4032188,9494
4032276,9882
4032333,8264
4032418,7989
4032849,6950
4033018,4807
4034138,3370
4034599,4834
4038462,4371
4038694,6554
4039765,7012
4040339,6998
4040465,5528
4041291,6590
4041471,7393
4041724,7238
4041879,6073
4042017,6264
4042191,6763
4042888,7521
4043026,5792
4043293,8958
4043553,6152
4044552,7993
4044622,9155
4044643,10920
4044678,9081
4044711,10799
4044900,5749
4045067,6777
4045288,5977
4045587,5121
4045923,7097
4046583,6187
4046731,8666
4046895,8275
4047028,8007
4048376,7115
4049327,6501
4049518,5036
4053192,4040
4053936,4027
4056198,3648
4056234,4292
4056908,4349
4057838,3945
4057974,4191
4058200,4195
4059018,5425
4059204,5116
4059311,4390
4061053,4258
4061682,5649
4062417,5438
4062831,4574
4062965,4918
4063087,6336
4063280,4633
4063560,6174
4063768,5207
4063952,5620
4064252,8032
4064469,5969
4064664,5539
4064869,4974
4065086,5292
4065418,4570
4065522,4620
4068552,4592
4068623,5440
4069124,5567
4069149,5868
4069262,5686
4069405,7926
4070489,6218
4070591,6626
4070761,5681
4070906,5658
4070969,6195
4071158,3359
4074904,5228
4075246,3851
4075625,3925
4075766,6237
4076056,6336
4076600,5605
4077342,4885
4077929,4552
4078197,3365
4080330,5174
4080352,5285
4080708,3584
4081714,5777
4081738,5843
4082330,6877
4083131,7215
4083360,5211
4083435,9273
4083514,7041
4083533,9675
4083751,6209
4083913,4544
4084331,5960
4084503,8332
4085309,8564
4085472,5077
4085668,5763
4086137,6600
4086158,6325
4087711,6335
4087961,9090
4088075,8275
4088374,6430
4088831,7591
4089367,8340
4089628,10828
4089897,8956
4090382,9923
4090596,8585
4091498,5990
4091830,6682
4094611,4373
4094837,5031
4094982,5026
4095149,8665
4095430,7147
4096071,4256
4096508,7287
4096869,5911
4097084,5415
4097240,7161
4097543,7168
4097734,6942
4100625,6150
4100696,8169
4100959,4478
4101419,4183
4101565,7293
4101706,4048
4101842,4821
4101985,5901
4102349,5375
4102953,5710
4103008,6518
4103888,4529
4105672,3752
4106917,3491
4107203,3962
4107383,3209
4109617,3737
4109718,3189
4110727,5519
4110775,7247
4110824,6480
4111031,5233
4111074,4988
4111522,5382
4113560,5972
4113948,5162
4114249,5635
4114352,6365
4114447,9185
4114650,5582
4114825,5699
4114849,5799
4115152,7438
4115192,8276
4115601,7903
4115949,7454
4116010,7896
4116059,6287
4120304,4634
4120365,5521
4120488,5445
4120818,4861
4120868,5045
4121636,7275
4121706,7296
4121831,7721
4121942,7582
4122248,8773
4122611,8813
4122802,8153
4123839,7056
4125974,4489
4126028,5249
4126282,5730
4126475,7857
4126716,6546
4126860,5758
4126908,6268
4127336,11465
4127638,8560
4129912,6261
4130508,6564
4130733,5570
4131734,8237
4132152,5234
4132346,7287
4132485,6526
4132995,6815
4133410,5428
4134073,6390
4134722,4635
4134876,5278
4135007,4643
4136776,7557
4137131,7364
4137292,7410
4137434,6985
4137579,7320
4141122,9597
4141162,8949
4141261,9255
4141342,7318
4141380,8656
4141507,7435
4141616,8351
4142029,6380
4142367,7271
4142586,9902
4142592,9857
4142715,7442
4142844,8116
4143014,7567
4143456,8969
4144052,7030
4145331,5743
4145671,8788
4145774,7490
4146143,6805
4147175,6830
4147268,6564
4147576,9735
4147900,4628
4149270,6167
4149421,7461
4149469,5419
4153445,6300
4154282,3661
4154532,5420
4155136,8115
4155297,4880
4155583,7890
4157148,5985
4157341,5731
4157513,6121
4157634,7546
4157764,9393
4157882,9385
4158009,9010
4158184,9156
4158324,6960
4158469,6376
4158588,11389
4158777,8175
4158925,9923
4159067,8151
4159300,10501
4159576,10114
4159791,10270
4160204,5031
4160420,6237
4160559,6046
4162472,7290
4163114,4456
4164408,3824
4165050,8337
4165370,8782
4165530,8721
4166176,7273
4166389,8148
4166683,7686
4169424,5192
4169797,4275
4170129,5601
4170616,6038
4170721,5340
4170828,4787
4170981,6077
4171348,6444
4171735,5176
4172371,4442
4173613,4041
4177164,5893
4177724,5897
4177783,5073
4178422,6175
4178674,5004
4178730,5335
4179014,4492
4179084,5975
4179377,6971
4179382,5473
4179528,6414
4179564,5326
4179613,5932
4179842,7283
4180009,6649
4181363,4446
4183386,6239
4183726,5290
4183874,4471
4186467,5055
4186983,6249
4187217,5514
4187396,4115
4187543,4496
4188079,5315
4188149,6769
4188176,4799
4188375,4026
4188850,5916
4189715,4345
4189866,5064
4190025,4307
4190169,5095
4190246,4471
4190602,4722
4190652,4838
4192525,3981
4193577,4624
4195931,3761
4196088,4381
4196986,5214
4197116,5950
4197633,7063
4198227,5032
4198345,3872
4198653,6955
4200577,4508
4200578,5545
4200742,5964
4200889,5381
4201545,5127
4201721,4594
4201971,6824
4202288,10008
4202471,7241
4202614,6458
4202761,8834
4202904,7258
4203149,7931
4203294,10622
4203526,6941
4203571,9691
4203604,9707
4203635,9369
4203671,9778
4203749,10107
4208356,8444
4208589,9975
4208749,7495
4208897,7489
4209224,9570
4209260,7739
4209341,6515
4209518,6881
4209652,6399
4209806,7047
4210195,7612
4210494,7051
4210675,6484
4210808,7201
4214887,6932
4214923,6494
4215145,6623
4215174,6803
4215328,5610
4215732,6656
4216196,6775
4219566,4974
4219928,3798
4219984,6051
4220552,5376
4222454,4587
4222566,4266
4223274,4204
4223519,3845
4224394,4574
4224522,4249
4224552,5451
4224687,4348
4224957,4676
4225157,4580
4225358,4326
4225749,6082
4225788,5073
4225905,5952
4227668,4757
4227735,5770
4228078,4698
4228416,4105
4230173,3541
4230437,5518
4230758,5868
4232563,4680
4232726,4946
4232934,3875
4233083,5665
4233513,5119
4234102,3939
4234252,4120
4234800,3561
4235941,4842
4236168,4995
4236904,4256
4238797,3791
4238822,10030
4239033,8934
4239243,8986
4239438,8840
4239595,8865
4239762,9043
4240072,8105
4240128,6616
4240300,8112
4240721,10303
4240912,9114
4241062,8460
4241352,5334
4241618,8466
4242042,7845
4242555,5790
4242722,8548
4242941,8668
4243793,7050
4243887,8037
4243906,6270
4243924,8490
4246542,11059
4246788,6624
4246943,6285
4247146,8481
4247308,8145
4247430,8078
4247560,8948
4247693,10839
4247810,8848
4247999,8402
4249916,7097
4250517,6912
4250642,6728
4254293,3703
4254441,4284
4254596,3587
4254793,9270
4255441,5733
4256879,4103
4258941,3433
4259237,8334
4259383,5132
4260475,6996
4260517,7469
4261170,5793
4261425,4822
4261528,7594
4261661,6704
4261936,7108
4262013,7652
4262125,7374
4262702,6285
4262761,6028
4262771,8066
4263026,5471
4263289,5966
4263412,6392
4264942,5569
4265084,5378
4265211,5677
4265376,5240
4265497,4913
4266960,7121
4267081,6915
4267650,7467
4268296,5889
4272166,7023
4272362,7494
4272399,11808
4272547,8717
4272684,14770
4272802,13974
4272934,6385
4273152,6267
4273472,6293
4273616,7586
4273824,13054
4275233,17943
4275902,6975
4276121,6709
4276299,7000
4276467,9331
4276647,10776
4276821,10533
4276854,10442
4276985,16296
4277166,9547
4277238,10238
4277405,7638
4277671,6151
4277830,11506
4278001,10971
4278494,8336
4278664,9831
4278875,21517
4280236,12994
4280383,14214
4280517,15645
4280656,15554
4280798,15594
4280932,14276
4281062,22681
4281411,20071
4282015,22687
4282183,20091
4282540,16352
4282701,16486
4282942,10141
4283380,20612
4283658,14893
4284099,13660
4284243,16467
4284358,16409
4284573,16476
4284876,11233
4285174,19682
4286914,12074
4288798,18093
4289005,18358
4289172,13427
4289597,13099
4289752,13081
4289922,16317
4290465,14573
4290824,13629
4291320,10643
4292052,9960
4292174,13124
4292350,13209
4292581,10174
4292779,11682
4293369,10857
4293968,13908
4294267,11473
4294407,10176
4295250,12376
4295444,11108
4295657,10375
4295796,12227
4295925,11761
4296441,10506
4297244,8401
4297965,10700
4298113,11378
4298247,10816
4298496,10416
4301712,8680
4302997,9603
4303391,13995
4303702,14620
4303952,11336
4309373,5850
4309561,5784
4311268,6030
4311769,6579
4312362,7628
4312598,5874
4312805,13048
4313106,12064
4313536,5032
4313716,5947
4314598,20582
4314665,12570
4314736,17070
4314793,23266
4314846,27051
4314899,30339
4315496,5086
4320532,7285
4320571,7171
4320749,10971
4320898,23422
4321054,7150
4321230,6854
4321414,9775
4321745,12471
4321963,16510
4322289,14067
4322513,12727
4322641,8703
4322791,11137
4323078,13224
4323408,6940
4323645,10751
4323765,9588
4323870,7821
4324048,11717
4324425,13217
4324579,11112
4324783,14302
4324924,13502
4324978,11055
4325463,13146
4325775,12063
4326169,11528
4326299,11612
4326439,11549
4326653,11534
4326827,8470
4327009,10448
4332129,10640
4332174,9782
4332355,10241
4332492,10708
4332862,7889
4336085,7874
4336272,7096
4336525,7599
4336932,5993
4337980,7500
4339259,5409
4341239,4079
4342074,5357
4342213,5870
4342552,4935
4343478,4770
4343979,5885
4346040,4624
4346058,4798
4346203,4260
4346339,4776
4346611,4703
4347762,3416
4348325,4165
4348453,4562
4348718,3507
4348987,4331
4349135,3934
4349200,4357
4350052,4380
4351401,3402
4352051,5131
4352254,3871
4354902,5391
4355004,3763
4355301,7025
4355497,6882
4355584,5277
4356583,5497
4356722,6528
4356860,8325
4356920,7100
4357854,7674
4358539,6939
4359885,4652
4360480,5098
4360534,5862
4360642,6250
4361338,6731
4361435,7399
4361526,8663
4361532,10907
4361666,9261
4361851,6431
4362653,6299
4362742,7645
4367124,6079
4367150,5730
4367238,6283
4367406,7850
4367657,7013
4367781,5038
4367912,6384
4367981,6943
4368073,5899
4368154,5300
4368228,6399
4368260,7177
4368311,7603
4368342,8343
4368387,9306
4370755,4428
4371841,8188
4373087,4931
4376153,3137
4376519,5375
4376610,6297
4376846,5323
4377156,6452
4377334,3932
4378274,5313
4380173,3471
4381131,4333
4381414,4807
4381516,4085
4381783,5555
4381855,4622
4383867,4212
4384141,4922
4384426,6006
4384471,4437
4384691,4137
4385164,5516
4385567,8502
4385724,6797
4386144,6431
4386287,6964
4386440,7638
4387302,6700
4389114,5118
4389391,5402
4389518,6111
4389551,5962
4389967,7079
4390231,5819
4390396,5967
4390523,5999
4390739,6187
4391031,5279
4392058,4683
4394824,3347
4395339,6053
4396035,5306
4397220,5714
4397291,3882
4397441,6428
4398333,4050
4398461,4075
4398603,3998
4398742,4822
4398920,7315
4399063,7111
4399324,4878
4399450,5300
4399584,9000
4399726,4971
4403143,4846
4403529,5915
4403768,6058
4403931,6319
4404237,6663
4404403,8608
4404780,5706
4404979,9016
4406042,9857
4406171,9549
4406392,7518
4406418,8612
4406458,7722
4406542,7441
4406704,5543
4406858,5315
4407019,6376
4407895,7352
4407937,9568
4407968,9614
4407998,9529
4408038,8131
4408751,6448
4409114,6183
4410392,7615
4411088,5868
4411851,4801
4412837,5509
4413125,4998
4416375,4607
4416825,3771
4417720,3971
4419201,5757
4419323,6105
4419338,6332
4419514,5806
4419665,6260
4419805,3918
4421838,5470
4422080,4920
4422123,6119
4422252,5929
4422351,5733
4423145,5186
4423335,7373
4423745,6532
4424327,9129
4425035,5873
4425078,7788
4425460,6355
4425778,6517
4426021,7328
4426725,6087
4427347,4186
4427914,6159
4428231,5728
4428866,4655
4428949,4823
4430742,7394
4430916,7697
4431060,8688
4431151,7200
4431371,9300
4431573,13353
4431740,9492
4431877,10602
4431995,8442
4432898,7598
4433083,8518
4433254,8965
4433504,9875
4433800,6956
4434127,7091
4434802,7363
4437656,4762
4438245,5558
4438654,5344
4439031,6019
4439132,5663
4439307,5665
4439868,6343
4440060,5932
4440854,4259
4441642,4105
4442251,3793
4442871,5505
4443026,5978
4443120,4462
4446464,4053
4446551,3230
4446920,3694
4447065,7137
4447123,4772
4447459,6319
4447656,4082
4447819,4475
4447967,5434
4448024,4980
4449043,5856
4449952,5924
4450165,7437
4450311,9276
4450615,4395
4453379,7844
4453659,5070
4453926,5238
4454100,11936
4454505,6162
4454659,5366
4455323,6998
4455471,11164
4455554,7776
4455687,5721
4455922,6676
4457415,5212
4457915,4951
4458868,5576
4458906,6166
4458926,6873
4459325,4205
4460758,4692
4463462,4481
4463785,4168
4463966,5459
4464065,8373
4464151,4131
4464700,5741
4465304,4729
4466088,4844
4466222,6415
4468260,3654
4468479,5698
4468667,7115
4468813,4200
4469550,5489
4469701,7180
4469838,6470
4469982,5085
4470472,4956
4470709,5069
4472255,4409
4472473,5784
4472649,4928
4472847,5070
4473045,4943
4473180,7501
4473324,7112
4473527,5172
4476736,6043
4476841,4701
4476915,6614
4477607,6055
4477757,5637
4478338,4916
4478947,7101
4479992,7527
4480087,6541
4480937,5779
4480989,9406
4481045,6293
4481213,9232
4481410,8920
4481874,6810
4481986,7187
4482041,9926
4482490,8944
4482726,8465
4483013,8467
4483710,8590
4483762,7999
4483938,6809
4484060,7218
4487371,5623
4487883,5743
4488047,8636
4488309,8863
4488550,8591
4488755,9026
4488912,7534
4489071,7731
4489221,7832
4489404,6964
4489904,6812
4490107,6743
4494254,6941
4494293,6469
4494449,3916
4495521,4811
4495703,11665
4495853,15200
4495987,9900
4496204,8958
4496473,9463
4496892,11084
4497831,13818
4498038,12887
4498148,9175
4498293,12524
4498430,7081
4498563,14275
4498706,8347
4498838,8325
4498971,9630
4499106,7647
4499238,6604
4499385,6405
4499937,11604
4500062,15160
4500215,17225
4501518,10199
4501695,15868
4501869,9005
4502066,19538
4502109,15936
4502253,15249
4502398,16620
4502535,14830
4502676,14004
4502815,10695
4503257,12041
4503445,12299
4504339,10391
4504673,14207
4505192,10025
4505346,9483
4506217,11765
4506888,8635
4507484,9053
4509377,11355
4509565,10302
4509766,10902
4510124,8658
4510271,9660
4510429,10069
4511082,11856
4511282,11070
4512212,10648
4512596,9565
4512786,10002
4513006,8646
4513225,8642
4513547,8930
4520799,6483
4520965,5372
4522127,5059
4523014,7735
4523148,4244
4523449,5828
4523782,5083
4524322,7347
4524515,10307
4524733,3900
4525026,6847
4525566,6629
4525884,13354
4526268,13266
4526359,14190
4526563,9153
4526995,15339
4527002,10753
4527366,13132
4527765,12884
4528014,11286
4528183,12257
4528966,11340
4529225,8342
4529486,7951
4529654,8784
4529873,6386
4530225,6693
4530481,10118
4530836,12381
4531191,10673
4531352,9372
4532651,5404
4532805,10107
4533178,12028
4533346,10822
4534386,9258
4534464,9644
4534587,9363
4534793,10216
4534880,10869
4534930,8261
4535079,10339
4536076,8146
4536225,8047
4537035,11701
4538034,10551
4538395,7154
4539777,8550
4540016,6257
4540171,8753
4540258,7531
4540381,7931
4540490,7279
4546541,4208
4546977,4167
4547381,6089
4549149,3713
4549203,4582
4549349,5072
4549685,4792
4549695,4831
4549825,3927
4550226,6317
4550938,4801
4551190,5562
4551476,5193
4551630,3843
4552066,4760
4552889,3621
4553221,5382
4553831,5088
4553888,4718
4555891,5299
4556048,4804
4556169,4418
4556997,4251
4557032,3965
4559477,4762
4559556,6802
4559942,7266
4560075,7751
4560195,6252
4560227,6073
4560467,6594
4561283,6290
4561587,5104
4562317,4596
4562462,5232
4562753,5455
4562891,4499
4563029,5430
4563538,6069
4564458,7326
4564678,7086
4564704,4759
4565037,4939
4568543,6347
4568582,6261
4568636,4832
4568876,5463
4568990,5286
4569193,5237
4569990,4410
4570099,7098
4570367,6114
4570702,5296
4571822,5976
4572335,4256
4572687,4164
4573343,6366
4573451,5559
4573571,4838
4573837,4332
4574724,7147
4575014,5953
4575925,4773
4578880,4285
4579087,7082
4579328,3647
4579933,5883
4580076,4404
4580366,4344
4580589,7252
4580999,5590
4581158,5240
4581421,6587
4581963,5796
4582652,4559
4583218,4329
4583341,5411
4583654,9694
4583733,6154
4583973,5905
4584008,7667
4585449,4937
4588075,7731
4588201,5972
4588467,6225
4589016,6427
4589050,6693
4589202,6826
4589384,5558
4589948,5980
4590135,8103
4591311,5336
4591746,5206
4592044,6016
4593148,5106
4593509,4494
4593814,4482
4594637,3904
4594851,5153
4595639,7390
4595930,6524
4597280,4776
4597343,4903
4598309,4230
4598806,5257
4598930,4074
4598943,3954
4599621,3861
4599739,3534
4600101,4699
4600248,4789
4600471,6439
4601192,5618
4603540,3473
4604157,5025
4604406,4565
4604654,5127
4604865,6047
4605272,6646
4605452,8073
4606023,7367
4606276,6099
4606462,5754
4606648,5439
4607509,6875
4607660,7411
4607871,7049
4608012,5985
4608168,6469
4608359,6616
4608518,6658
4608654,9017
4608766,7907
4608961,8657
4609275,7912
4609451,7489
4609653,6855
4609879,6581
4609944,7393
4610181,8030
4613441,7236
4614423,5522
4615398,5021
4615607,5574
4615852,4914
4617406,5044
4617509,5919
4617680,5541
4617886,5622
4618821,3963
4618894,4691
4619354,3524
4620293,4280
4620691,4273
4620743,4629
4620974,5097
4622398,3683
4625431,4341
4625659,4043
4626141,7515
4626398,4635
4626435,7964
4626781,4766
4626801,6914
4627145,6237
4627436,7092
4627922,4617
4628241,4684
4628929,5315
4629889,6511
4629934,9723
4630594,10843
4630628,10057
4630768,9294
4630935,10220
4631656,10599
4631718,11776
4631771,11109
4632449,9375
4632634,9680
4632926,10862
4633153,6706
4634936,7847
4635117,9043
4635263,12234
4635409,8876
4636158,13674
4636272,16150
4636411,15503
4636657,13151
4637004,10651
4637068,7468
4637388,11186
4637401,14988
4637429,9550
4637467,9208
4638036,10177
4638309,11585
4638614,10551
4639036,8097
4639373,7603
4640407,5761
4640452,7528
4640732,9706
4640856,8046
4641697,11145
4642632,5391
4644578,4463
4647499,8727
4648053,8101
4648334,8531
4648491,7827
4651404,5022
4651532,4672
4653611,6068
4653849,10826
4654032,6835
4654648,8101
4655181,7763
4655962,4846
4656010,9665
4656061,9011
4656105,10050
4656124,13296
4656165,11436
4656202,12752
4656904,10608
4657649,11894
4657796,11417
4660951,5258
4661148,8438
4661333,8011
4661505,6348
4661644,7613
4661785,7498
4661931,6345
4662138,12052
4662287,10739
4662437,11693
4662583,10028
4662779,10427
4662972,11148
4663150,10852
4663289,8064
4663716,5965
4664740,5090
4664894,8470
4665288,7660
4665392,5785
4670110,4348
4670484,6691
4670619,3979
4670827,5305
4671074,3885
4671505,4787
4672219,5391
4674904,3925
4675136,4337
4675284,3644
4675553,4473
4675653,4793
4676067,5052
4677828,5395
4677914,4634
4678126,4763
4678742,3584
4679316,4210
4679552,3907
4679708,4046
4679866,5583
4680088,4323
4683816,4405
4684843,3803
4684919,8821
4685501,5291
4685553,8122
4685709,12727
4685745,8616
4686438,8033
4686655,12911
4686958,7327
4687230,11261
4687340,9884
4687488,12229
4687724,8045
4688294,7575
4688484,11531
4688689,10953
4688834,6076
4688975,5884
4689175,6836
4689323,14933
4689464,11097
4689759,12890
4689934,12417
4690071,15916
4690438,10972
4690593,10381
4691241,13649
4691375,13250
4691600,12549
4691742,12107
4691860,11799
4691991,11420
4692517,11409
4692777,13101
4693212,10721
4693350,11433
4695016,10385
4695165,8833
4695329,9780
4695524,11103
4695856,7672
4695957,10754
4696248,10829
4697279,9293
4698361,5697
4699316,6633
4699764,6472
4699914,7353
4705138,6682
4705353,5891
4706128,5072
4707494,4966
4707540,7278
4709212,10797
4709391,9869
4709546,8870
4709698,9973
4709860,9664
4710399,8619
4711330,8537
4711490,8635
4711642,8126
4713636,6584
4713644,19683
4713808,6633
4713971,6656
4714164,11252
4714332,11910
4714491,5856
4714652,7472
4714911,5818
4715070,21510
4715543,8026
4715706,7912
4715858,7807
4716017,14226
4716150,7366
4716304,7163
4716465,19437
4716669,13519
4716827,19218
4716978,19248
4717171,19157
4717183,25380
4717326,6089
4717490,14881
4717656,19069
4717820,18793
4717984,19391
4718223,21190
4718403,20814
4718564,17889
4721071,24161
4721223,18308
4721393,17931
4721555,18242
4721710,18344
4721862,25155
4722013,21009
4722314,20908
4722346,20537
4722597,20574
4724127,26168
4724280,21899
4724418,21751
4724560,12356
4724691,12332
4724832,14620
4724969,12236
4725129,20038
4725255,11577
4725506,15465
4726670,17037
4726821,16155
4726958,16922
4727163,18205
4727303,17248
4728400,20141
4728538,30229
4728669,30335
4728807,30448
4728938,25883
4729053,27517
4730353,18963
4730548,23652
4730721,19121
4730904,31554
4731079,21728
4731391,29373
4731438,28797
4731484,29834
4731545,25241
4731597,30391
4731648,26813
4731701,28481
4731753,28420
4731798,21619
4731843,21640
4733850,20213
4734165,20714
4734773,29459
4734941,20369
4735114,21812
4735285,20946
4735600,13480
4739618,28452
4739878,24764
4740276,25739
4740454,27881
4740618,21690
4740788,21855
4741080,21905
4741856,23082
4742076,21510
4742271,21696
4742428,22156
4742705,23682
4744004,21150
4744588,22156
4745198,23370
4745411,20704
4745548,11892
4748636,21221
4748790,16716
4749922,17494
4750227,18042
4750475,15813
4752127,17064
4752178,17411
4752199,26566
4752481,17463
4752537,21170
4752578,17503
4752618,15897
4752674,18648
4752694,20069
4752743,19561
4752762,25060
4752804,22144
4752823,18391
4752865,21828
4752934,21435
4753668,15828
4754103,19741
4754636,15084
4755121,18277
4755167,18131
4755201,20172
4755234,23102
4756800,8655
4757468,8702
4762858,10811
4763033,11253
4763315,10453
4763456,10733
4771462,9564
4771624,7369
4771831,7112
4772045,9037
4772172,6717
4772344,8358
4772465,8506
4772666,8239
4774127,7513
4775930,8328
4778654,5764
4779827,6230
4782422,4990
4782485,6234
4782675,7408
4782957,8665
4783083,6944
4783241,3708
4783935,7246
4784202,5765
4784289,4991
4784453,4178
4784791,8117
4784990,6968
4785173,4066
4785971,5001
4786097,4305
4786171,6181
4786427,5543
4786704,5949
4786894,5937
4787054,6380
4787631,9532
4787669,10521
4787757,10551
4787799,11598
4787849,10899
4788753,5385
4789309,3961
4790133,4890
4790443,4295
4791222,6320
4791290,7171
4791378,7297
4796372,3761
4796661,10705
4796706,10489
4796883,8163
4797254,8274
4797672,9882
4800798,5773
4801028,5439
4801078,7208
4801214,4451
4802006,4213
4802170,5014
4802233,6738
4802297,5558
4802369,6014
4802421,9745
4802473,9150
4802525,9192
4802933,7409
4804352,10325
4804987,10417
4805776,7785
4805955,9214
4806300,7318
4806592,8065
4806662,7910
4806747,7544
4806837,7905
4806915,11404
4807003,8745
4807084,9205
4809499,6231
4809578,6676
4809927,6235
4810266,7956
4810483,5980
4815345,4660
4816580,3582
4816837,4340
4817011,5396
4817179,5625
4817317,5257
4817520,4502
4817683,6215
4817840,8879
4817959,8550
4818097,7304
4818302,7737
4818569,8249
4818707,7549
4818910,8394
4819002,6305
4819032,6651
4819190,7377
4819288,7098
4819313,4700
4821160,4384
4822655,3412
4823339,3694
4824466,8733
4824907,6579
4828180,7564
4828310,6527
4828628,8353
4828667,7566
4828794,6166
4828929,12439
4829073,9312
4829112,9205
4829255,12064
4829549,9430
4829764,8302
4829938,9858
4829993,14071
4830231,13687
4830713,8564
4830860,11353
4831738,10427
4832227,9013
4832303,11933
4832766,10962
4832848,11447
4834555,7595
4834738,6441
4836609,9588
4836656,6247
4836896,5475
4837088,8906
4837450,5923
4837659,8202
4837836,7077
4838249,7398
4838354,6761
4838538,14725
4838734,14581
4838846,6751
4838935,6598
4839548,6785
4839703,13501
4839868,5515
4840341,5387
4842195,11365
4842351,11286
4842489,7315
4842624,9865
4842766,6237
4842899,5921
4843031,5632
4843178,5373
4843317,5107
4843450,7804
4849135,5019
4849318,4603
4849855,6463
4850428,6167
4850671,4857
4850845,7673
4851408,5492
4851582,5395
4851722,7298
4851843,7599
4852003,7269
4852029,6131
4853187,6156
4853390,5193
4853674,5202
