199,2856
3217,2786
6105,2812
9015,2787
11914,2791
14796,2814
17701,2792
20584,2781
23455,2784
26328,2780
29194,2784
32065,2780
34960,2785
37833,2790
40712,2792
43592,2779
46458,2783
49328,2781
52194,2780
55063,2778
57948,2780
60818,2790
63697,2791
66574,2781
69441,2780
72308,2779
75173,2784
78045,2778
80924,2784
83795,2813
86694,2788
89572,2777
92436,2783
95316,2789
98245,2788
101134,2798
104025,2788
106929,2785
109804,2808
112702,2791
115583,2786
118456,2780
121322,2782
124189,2784
127062,2776
129940,2781
132807,2790
135690,2788
138565,2779
141429,2781
144299,2780
147165,2787
150039,2775
152924,2781
155792,2790
158668,2783
161596,2787
164979,2782
167974,2797
171214,2802
174113,2836
177048,2785
179995,2786
182889,2784
185762,2792
188660,2782
191541,2791
194423,2783
197298,2786
200174,2785
203048,2786
205950,2780
208822,2854
211768,2796
214654,2784
217527,2782
220395,2782
223267,2782
226136,2806
229027,2780
231903,2779
234768,2788
237645,2784
240513,2778
243378,2780
246243,2781
249113,2785
251984,2782
254853,2803
257743,2787
260616,2781
263483,2783
266354,2779
269220,2778
272084,2777
274960,2780
277826,2813
280727,2787
283600,2781
286467,2781
289339,2781
292209,2779
295074,2778
297959,2781
300828,2840
303754,2789
306629,2782
309497,2780
312364,2781
315231,2779
318096,2785
320967,2778
323834,2797
326719,2788
329592,2775
332453,2782
335321,2779
338185,2784
341055,2780
343944,2781
346812,2804
349700,2789
352574,2781
355441,2778
358310,2777
361174,2785
364046,2777
366913,2783
369782,2786
372666,2780
375535,2781
378402,2779
381270,2779
384134,2784
387005,2782
389909,2779
392778,2791
395655,2779
398521,2785
401395,2783
404268,2785
407139,2795
410030,2783
412933,2783
415804,2800
418691,2789
421568,2778
424433,2779
427297,2781
430165,2786
433038,2771
435901,2782
438768,2786
441643,2779
444507,2775
447370,2782
450237,2776
453101,2792
455977,2780
458850,2787
461724,2789
464600,2781
467468,2776
470331,2777
473195,2776
476059,2777
478944,2779
481810,2852
484747,2788
487621,2781
490487,2777
493358,2828
496274,2783
499145,2793
502024,2778
504916,2783
507786,2782
510655,2782
513529,2780
516396,2780
519261,2778
522125,2792
525010,2779
527884,2782
530755,2791
533631,2779
536499,2781
539368,2782
542235,2774
545096,2836
548017,2779
550903,2782
553770,2788
556644,2782
559513,2777
562376,2781
565244,2779
568110,2785
570979,2777
573843,2816
576743,2786
579616,2779
582486,2781
585357,2781
588223,2780
591088,2776
594007,2783
596882,2782
599753,2790
602629,2776
605491,2778
608354,2779
611220,2779
614085,2774
616959,2776
619821,2842
622750,2785
625623,2780
628491,2776
631353,2781
634219,2783
637089,2784
639960,2776
642827,2792
645705,2785
648576,2783
651444,2779
654314,2783
657182,2783
660054,2782
662945,2780
665811,2832
668728,2791
671606,2782
674475,2779
677345,2779
680212,2776
683075,2782
685961,2783
688831,2841
691758,2784
694629,2782
697500,2781
700367,2781
703234,2781
706103,2810
709000,2774
711861,2788
714735,2785
717606,2780
720472,2779
723337,2779
726202,2775
729067,2780
731938,2779
734808,2810
737703,2789
740590,2782
743457,2779
746327,2779
749194,2778
752062,2776
754959,2780
757824,2873
760784,2786
763656,2780
766522,2780
769394,2781
772262,2780
775131,2787
778003,2779
780883,2776
783743,2784
786615,2779
789480,2776
792343,2780
795206,2778
798071,2781
800958,2780
803827,2790
806705,2791
809581,2778
812444,2779
815308,2777
818171,2787
821044,2778
823917,2779
826781,2785
829653,2780
832519,2782
835388,2779
838252,2776
841114,2836
844071,2778
846947,2780
849815,2825
852727,2786
855601,2782
858475,2778
861340,2780
864205,2778
867070,2778
869959,2780
872826,2785
875710,2792
878590,2781
881458,2778
884322,2779
887187,2785
890058,2778
892943,2780
895809,2807
898700,2784
901570,2779
904436,2777
907299,2780
910170,2786
913041,2781
915974,2777
918836,2786
921708,2787
924582,2779
927451,2780
930318,2778
933180,2785
936051,2779
938942,2781
941816,2840
944744,2790
947623,2782
950497,2779
953364,2781
956229,2776
959093,2803
961982,2775
964845,2789
967721,2785
970591,2780
973458,2778
976323,2780
979188,2782
982057,2779
984968,2782
987838,2791
990716,2788
993590,2780
996455,2777
999318,2776
1002180,2783
1005050,2780
1007923,2779
1010790,2784
1013660,2780
1016527,2780
1019398,2775
1022259,2777
1025124,2795
1028005,2779
1030876,2776
1033737,2790
1036612,2772
1039470,2778
1042336,2777
1045201,2778
1048062,2778
1050947,2778
1053810,2805
1056703,2785
1059573,2782
1062442,2779
1065312,2776
1068174,2786
1071051,2782
1073972,2780
1076842,2866
1079793,2784
1082665,2784
1085537,2781
1088408,2779
1091276,2777
1094140,2788
1097013,2777
1099884,2779
1102748,2790
1105624,2779
1108490,2778
1111355,2779
1114218,2779
1117082,2779
1119962,2782
1122833,2812
1125731,2789
1128607,2780
1131473,2775
1134340,2778
1137201,2781
1140069,2779
1142945,2783
1145815,2836
1148740,2789
1151616,2776
1154480,2782
1157353,2780
1160220,2781
1163086,2800
1165972,2779
1168841,2790
1171717,2788
1174595,2777
1177458,2782
1180326,2780
1183192,2779
1186056,2778
1188937,2779
1191804,2806
1194698,2789
1197575,2783
1200444,2804
1203337,2780
1206204,2777
1209069,2779
1211960,2779
1214825,2793
1217705,2788
1220579,2780
1223445,2781
1226317,2780
1229183,2784
1232050,2779
1234955,2780
1237823,2830
1240740,2787
1243614,2780
1246480,2779
1249346,2778
1252209,2779
1255073,2781
1258039,2782
1260919,2780
1263786,2790
1266663,2779
1269528,2779
1272392,2780
1275259,2781
1278126,2799
1281010,2780
1283906,2778
1286770,2785
1289641,2782
1292509,2774
1295369,2778
1298235,2780
1301100,2797
1303983,2780
1306849,2793
1309728,2786
1312601,2778
1315465,2781
1318337,2779
1321202,2776
1324062,2776
1326936,2778
1329801,2804
1332690,2778
1335553,2779
1338427,2782
1341295,2776
1344156,2787
1347029,2777
1349901,2781
1352769,2788
1355643,2784
1358512,2781
1361380,2779
1364249,2776
1367114,2838
1370036,2779
1372970,2781
1375836,2793
1378714,2788
1381588,2777
1384453,2777
1387317,2778
1390180,2786
1393050,2783
1395950,2779
1398816,2842
1401745,2787
1404618,2775
1407479,2777
1410342,2778
1413205,2780
1416070,2776
1418955,2782
1421823,2789
1424700,2789
1427576,2778
1430438,2778
1433302,2781
1436169,2789
1439046,2783
1441943,2790
1444823,2828
1447740,2790
1450617,2783
1453490,2781
1456358,2779
1459225,2778
1462090,2803
1464977,2781
1467845,2838
1470772,2788
1473647,2781
1476524,2779
1479389,2779
1482254,2781
1485121,2786
1487993,2777
1490860,2800
1493745,2788
1496619,2779
1499482,2779
1502349,2779
1505215,2776
1508077,2777
1510963,2779
1513827,2814
1516727,2785
1519599,2780
1522465,2777
1525328,2780
1528196,2778
1531060,2781
1533984,2780
1536852,2786
1539723,2787
1542597,2779
1545462,2779
1548327,2779
1551192,2777
1554054,2779
1556952,2782
1559823,2845
1562755,2791
1565637,2779
1568503,2779
1571369,2779
1574233,2781
1577101,2786
1579972,2782
1582840,2792
1585720,2788
1588595,2777
1591457,2778
1594323,2781
1597189,2779
1600055,2780
1602948,2780
1605815,2806
1608707,2788
1611593,2779
1614458,2777
1617322,2778
1620188,2783
1623057,2781
1625943,2779
1628813,2814
1631713,2789
1634588,2782
1637457,2780
1640326,2779
1643190,2781
1646059,2780
1648949,2779
1651813,2870
1654769,2789
1657644,2780
1660509,2776
1663375,2781
1666241,2781
1669111,2787
1671983,2774
1674843,2799
1677727,2784
1680601,2781
1683469,2777
1686338,2781
1689204,2781
1692072,2781
1694949,2778
1697818,2790
1700697,2790
1703572,2780
1706437,2778
1709306,2782
1712175,2785
1715046,2780
1717944,2780
1720809,2813
1723707,2786
1726580,2779
1729445,2779
1732310,2778
1735176,2788
1738049,2782
1740957,2781
1743830,2788
1746707,2787
1749582,2780
1752448,2779
1755313,2780
1758178,2785
1761050,2776
1763918,2781
1766784,2788
1769660,2781
1772526,2780
1775392,2779
1778258,2777
1781127,2807
1784022,2777
1786950,2780
1789815,2792
1792694,2787
1795568,2780
1798437,2780
1801303,2780
1804170,2787
1807042,2779
1809926,2781
1812793,2783
1815664,2778
1818529,2779
1821394,2780
1824258,2780
1827125,2795
1830005,2776
1832875,2779
1835738,2789
1838618,2780
1841483,2781
1844349,2780
1847215,2775
1850077,2778
1852948,2779
1855814,2839
1858737,2788
1861612,2778
1864475,2779
1867346,2780
1870214,2776
1873079,2781
1875950,2780
1878816,2838
1881740,2784
1884617,2778
1887481,2776
1890343,2778
1893206,2778
1896071,2780
1898956,2777
1901821,2830
1904737,2788
1907616,2782
1910486,2780
1913353,2779
1916217,2781
1919083,2779
1921961,2778
1924826,2791
1927704,2788
1930582,2783
1933449,2780
1936315,2779
1939180,2784
1942053,2781
1944965,2779
1947831,2810
1950727,2787
1953602,2781
1956469,2775
1959330,2780
1962198,2779
1965065,2778
1967935,2779
1970801,2790
1973677,2779
1976543,2780
1979415,2782
1982285,2779
1985150,2785
1988024,2779
1990914,2777
1993777,2785
1996646,2779
1999514,2779
2002377,2779
2005241,2779
2008109,2824
2011020,2782
2013904,2784
2016774,2784
2019644,2780
2022513,2779
2025385,2783
2028254,2781
2031128,2787
2034001,2779
2036901,2780
2039767,2787
2042641,2783
2045516,2781
2048383,2778
2051249,2779
2054113,2806
2057007,2780
2059890,2781
2062757,2789
2065634,2779
2068500,2780
2071365,2780
2074232,2779
2077096,2793
2079976,2778
2082842,2804
2085732,2788
2088605,2781
2091473,2781
2094339,2779
2097204,2778
2100067,2780
2102961,2777
2105822,2814
2108722,2790
2111598,2778
2114464,2778
2117328,2781
2120196,2780
2123063,2777
2125935,2779
2128800,2802
2131686,2781
2134554,2780
2137419,2780
2140293,2778
2143155,2782
2146022,2779
2148919,2780
2151788,2787
2154662,2779
2157530,2779
2160395,2783
2163266,2782
2166137,2786
2169009,2779
2171885,2789
2174762,2787
2177638,2784
2180508,2783
2183384,2781
2186253,2781
2189121,2813
2192026,2780
2194913,2780
2197779,2788
2200653,2779
2203518,2777
2206382,2778
2209248,2777
2212112,2790
2214986,2780
2217853,2816
2220756,2785
2223627,2778
2226491,2776
2229356,2778
2232218,2780
2235082,2778
2237968,2781
2240836,2824
2243748,2789
2246624,2781
2249492,2781
2252360,2779
2255223,2779
2258088,2787
2260962,2777
2263827,2789
2266703,2784
2269572,2779
2272435,2780
2275303,2777
2278166,2785
2281036,2777
2283923,2778
2286786,2786
2289658,2780
2292525,2779
2295389,2778
2298253,2780
2301118,2838
2304043,2779
2306926,2779
2309791,2787
2312664,2777
2315528,2779
2318395,2779
2321266,2781
2324133,2788
2327006,2779
2329906,2780
2332773,2787
2335646,2778
2338513,2777
2341375,2779
2344240,2781
2347116,2787
2349991,2780
2352856,2787
2355730,2788
2358604,2777
2361469,2778
2364332,2779
2367196,2778
2370062,2777
2372972,2779
2375835,2825
2378749,2781
2381617,2780
2384482,2777
2387346,2780
2390211,2782
2393083,2780
2395959,2781
2398830,2835
2401752,2790
2404630,2778
2407496,2779
2410362,2778
2413226,2780
2416089,2797
2418972,2784
2421843,2790
2424721,2785
2427593,2778
2430457,2779
2433320,2781
2436188,2782
2439055,2778
2441936,2780
2444802,2806
2447694,2788
2450567,2782
2453436,2780
2456302,2777
2459172,2789
2462049,2785
2464925,2781
2467796,2806
2470691,2776
2473552,2781
2476418,2778
2479281,2780
2482148,2795
2485035,2781
2487951,2779
2490817,2858
2493760,2790
2496643,2780
2499509,2781
2502377,2780
2505242,2778
2508107,2821
2511015,2777
2513910,2780
2516775,2784
2519646,2781
2522513,2780
2525383,2781
2528250,2778
2531116,2829
2534030,2777
2536911,2783
2539781,2787
2542659,2782
2545527,2780
2548395,2782
2551263,2776
2554124,2795
2557006,2779
2559891,2777
2562754,2787
2565632,2780
2568496,2774
2571357,2778
2574219,2779
2577088,2789
2579961,2779
2582832,2792
2585714,2785
2588585,2780
2591449,2782
2594322,2780
2597187,2784
2600062,2785
2602961,2775
2605822,2875
2608783,2787
2611659,2779
2614523,2777
2617392,2778
2620258,2778
2623123,2789
2625997,2779
2628863,2810
2631757,2787
2634632,2780
2637499,2773
2640358,2776
2643217,2778
2646082,2777
2648946,2779
2651812,2789
2654688,2778
2657552,2779
2660416,2780
2663283,2780
2666149,2789
2669029,2784
2671923,2779
2674789,2788
2677664,2780
2680531,2778
2683394,2776
2686257,2779
2689121,2828
2692046,2781
2694919,2778
2697786,2789
2700661,2780
2703532,2783
2706400,2781
2709271,2779
2712135,2784
2715007,2783
2717904,2781
2720772,2788
2723646,2781
2726517,2781
2729383,2779
2732249,2782
2735117,2806
2738012,2781
2740898,2781
2743765,2786
2746640,2780
2749507,2775
2752368,2777
2755232,2781
2758099,2796
2760983,2777
2763848,2803
2766735,2784
2769605,2778
2772470,2779
2775334,2780
2778201,2779
2781065,2777
2784002,2776
2786884,2782
2789752,2786
2792624,2782
2795492,2779
2798357,2779
2801221,2775
2804084,2780
2806983,2778
2809846,2842
2812774,2786
2815647,2779
2818515,2775
2821377,2778
2824242,2776
2827104,2788
2829977,2779
2832841,2812
2835738,2786
2838611,2779
2841477,2778
2844339,2779
2847202,2776
2850066,2780
2852947,2776
2855811,2790
2858687,2776
2861549,2782
2864417,2778
2867284,2779
2870148,2785
2873020,2781
2875914,2778
2878776,2787
2881649,2772
2884509,2783
2887379,2777
2890242,2778
2893110,2825
2896020,2778
2898895,2781
2901760,2786
2904632,2779
2907498,2784
2910374,2781
2913243,2778
2916106,2823
2919014,2781
2921888,2782
2924756,2784
2927633,2780
2930498,2781
2933365,2777
2936229,2778
2939093,2802
2941981,2780
2944852,2805
2947753,2787
2950625,2782
2953491,2781
2956363,2777
2959226,2776
2962093,2800
2964979,2779
2967844,2789
2970719,2784
2973589,2777
2976454,2779
2979320,2776
2982182,2786
2985053,2778
2988086,2779
2990981,2780
2993848,2791
2996731,2788
2999605,2780
3002475,2779
3005342,2779
3008208,2777
3011069,2778
3013950,2782
3016819,2826
3019732,2787
3022606,2781
3025474,2776
3028335,2778
3031198,2779
3034064,2776
3036932,2778
3039796,2787
3042669,2781
3045535,2778
3048399,2778
3051263,2781
3054131,2797
3057013,2781
3059887,2780
3062754,2786
3065626,2779
3068488,2779
3071358,2776
3074218,2777
3077082,2779
3079947,2781
3082827,2793
3085708,2787
3088581,2777
3091443,2780
3094309,2779
3097175,2782
3100044,2778
3102922,2778
3105785,2789
3108659,2779
3111524,2780
3114389,2776
3117251,2780
3120118,2836
3123040,2782
3125928,2774
3128788,2788
3131662,2779
3134528,2778
3137393,2784
3140266,2779
3143129,2780
3145994,2781
3148860,2804
3151750,2790
3154625,2779
3157492,2781
3160360,2777
3163222,2781
3166089,2823
3168999,2779
3171886,2781
3174757,2789
3177634,2779
3180499,2781
3183364,2779
3186234,2780
3189099,2821
3192010,2778
3194898,2781
3197765,2788
3200639,2779
3203505,2776
3206367,2781
3209237,2780
3212104,2821
3215010,2779
3217892,2782
3220759,2790
3223636,2782
3226505,2779
3229372,2779
3232238,2776
3235101,2787
3237973,2780
3240838,2810
3243734,2784
3246605,2778
3249470,2781
3252338,2776
3255199,2780
3258066,2778
3260955,2779
3263819,2793
3266700,2787
3269572,2778
3272436,2779
3275302,2783
3278175,2784
3281044,2780
3283916,2781
3286783,2783
3289653,2781
3292520,2776
3295386,2779
3298250,2775
3301112,2827
3304024,2777
3306909,2779
3309775,2787
3312653,2777
3315517,2775
3318377,2780
3321241,2777
3324110,2787
3326982,2778
3329852,2787
3332724,2783
3335593,2780
3338457,2778
3341321,2779
3344185,2784
3347059,2779
3349950,2777
3352812,2854
3355752,2786
3358625,2776
3361486,2777
3364354,2778
3367217,2776
3370083,2780
3372996,2779
3375860,2818
3378764,2785
3381636,2780
3384503,2777
3387368,2778
3390231,2776
3393093,2785
3395963,2777
3398827,2788
3401744,2788
3404618,2781
3407485,2783
3410354,2777
3413217,2779
3416087,2813
3418986,2781
3421852,2785
3424722,2786
3427595,2782
3430463,2778
3433326,2780
3436191,2780
3439057,2779
3441943,2778
3444808,2820
3447713,2783
3450595,2778
3453460,2778
3456324,2775
3459183,2782
3462052,2782
3465032,2778
3467907,2781
3470774,2785
3473649,2779
3476514,2776
3479376,2780
3482242,2779
3485107,2822
3488014,2778
3490941,2781
3493806,2786
3496678,2783
3499546,2783
3502419,2781
3505289,2783
3508160,2788
3511036,2783
3513915,2782
3516784,2787
3519657,2778
3522527,2782
3525397,2779
3528263,2782
3531131,2796
3534012,2779
3536914,2780
3539783,2788
3542659,2779
3545527,2778
3548392,2779
3551256,2784
3554126,2790
3557003,2777
3559875,2781
3562744,2786
3565617,2782
3568484,2779
3571349,2779
3574213,2776
3577080,2777
3579961,2780
3582826,2887
3585807,2802
3588700,2789
3591578,2782
3594447,2782
3597319,2782
3600189,2783
3603058,2775
3605935,2779
3608801,2803
3611692,2778
3614557,2780
3617423,2782
3620290,2779
3623156,2789
3626030,2777
3628901,2778
3631766,2789
3634643,2781
3637510,2778
3640373,2778
3643235,2778
3646132,2790
3649008,2784
3651887,2780
3654760,2785
3657632,2780
3660499,2778
3663364,2778
3666228,2777
3669092,2818
3671997,2780
3674861,2801
3677748,2787
3680621,2780
3683487,2778
3686353,2778
3689218,2782
3692086,2778
3694956,2782
3697823,2824
3700733,2785
3703604,2782
3706471,2779
3709343,2778
3712205,2774
3715065,2783
3717958,2779
3720825,2827
3723740,2784
3726614,2780
3729478,2778
3732341,2780
3735206,2777
3738070,2780
3740953,2779
3743822,2786
3746694,2786
3749568,2782
3752435,2780
3755303,2782
3758172,2786
3761047,2782
3763948,2779
3766811,2848
3769744,2786
3772615,2784
3775486,2779
3778353,2782
3781222,2779
3784087,2787
3786959,2782
3790413,2796
3793311,2792
3796191,2782
3799066,2783
3801969,2778
3804841,2792
3807720,2788
3810597,2782
3813464,2778
3816329,2782
3819211,2778
3822078,2781
3824946,2783
3827820,2837
3830742,2784
3833619,2783
3836488,2776
3839350,2782
3842218,2778
3845089,2788
3847961,2778
3850826,2838
3853749,2787
3856630,2780
3859498,2779
3862365,2780
3865229,2775
3868096,2812
3870993,2779
3873860,2784
3876731,2787
3879605,2781
3882470,2778
3885334,2781
3888201,2781
3891070,2781
3893956,2786
3896828,2813
3899726,2788
3902601,2781
3905469,2778
3908334,2779
3911204,2775
3914067,2780
3916955,2782
3919823,2841
3922751,2787
3925625,2782
3928495,2780
3931361,2781
3934227,2778
3937090,2785
3940013,2782
3942908,2787
3945785,2787
3948664,2778
3951529,2781
3954401,2782
3957273,2777
3960138,2788
3963013,2782
3965909,2785
3968781,2786
3971654,2779
3974523,2778
3977388,2778
3980251,2782
3983121,2788
3985996,2781
3988864,2787
3991737,2789
3994612,2778
3997475,2780
4000342,2779
4003209,2777
4006073,2778
4008991,2779
4011853,2808
4014749,2786
4017627,2783
4020497,2780
4023363,2777
4026228,2780
4029097,2821
4032004,2777
4034929,2783
4037797,2806
4040691,2781
4043557,2778
4046423,2781
4049290,2781
4052161,2787
4055033,2778
4057911,2779
4060773,2797
4063661,2778
4066526,2779
4069393,2780
4072259,2779
4075124,2786
4077995,2782
4080875,2779
4083740,2786
4086612,2781
4089477,2781
4092345,2777
4095206,2779
4098075,2778
4100959,2780
4103825,2871
4106780,2791
4109658,2779
4112522,2778
4115389,2779
4118254,2778
4121123,2790
4123998,2777
4126863,2815
4129763,2784
4132633,2777
4135498,2780
4138369,2779
4141236,2783
4144107,2785
4146978,2780
4149846,2786
4152718,2785
4155589,2778
4158451,2775
4161312,2779
4164186,2785
4167062,2780
4169951,2778
4172815,2806
4175706,2786
4178581,2779
4181447,2775
4184309,2779
4187185,2787
4190060,2777
4192939,2779
4195804,2801
4198692,2785
4201569,2783
4204438,2780
4207305,2780
4210171,2787
4213045,2777
4215913,2779
4218779,2785
4221651,2777
4224514,2779
4227378,2777
4230241,2776
4233102,2796
4235989,2777
4238852,2806
4241743,2782
4244611,2779
4247476,2779
4250339,2779
4253204,2781
4256071,2779
4258958,2779
4261822,2792
4264698,2789
4267574,2779
4270440,2775
4273301,2780
4276168,2784
4279040,2779
4281921,2778
4284786,2784
4287656,2780
4290520,2779
4293389,2777
4296253,2776
4299120,2814
4302018,2780
4304951,2778
4307814,2793
4310695,2785
4313566,2778
4316434,2779
4319299,2776
4322165,2786
4325036,2779
4327916,2778
4330779,2798
4333664,2778
4336528,2779
4339393,2779
4342257,2780
4345123,2797
4348007,2777
4350879,2778
4353745,2788
4356620,2781
4359485,2781
4362352,2775
4365214,2776
4368078,2778
4370956,2779
4373825,2811
4376723,2789
4379598,2778
4382461,2779
4385331,2781
4388200,2779
4391065,2776
4393948,2780
4396818,2838
4399742,2783
4402614,2781
4405479,2778
4408345,2779
4411209,2780
4414076,2779
4417002,2781
4419883,2780
4422750,2787
4425623,2779
4428486,2781
4431353,2778
4434217,2775
4437079,2778
4439946,2777
4442810,2862
4445758,2789
4448635,2779
4451499,2779
4454369,2779
4457235,2778
4460103,2789
4462978,2781
4465847,2835
4468768,2787
4471646,2779
4474510,2776
4477372,2777
4480232,2779
4483096,2782
4485965,2777
4488832,2792
4491709,2783
4494577,2779
4497440,2779
4500309,2776
4503170,2784
4506041,2779
4508922,2779
4511789,2785
4514659,2782
4517528,2777
4520390,2774
4523249,2783
4526119,2837
4529042,2781
4531978,2778
4534843,2787
4537716,2784
4540587,2781
4543455,2780
4546324,2778
4549187,2785
4552057,2777
4554957,2781
4557825,2786
4560699,2786
4563572,2777
4566433,2778
4569302,2776
4572162,2790
4575038,2773
4577915,2778
4580781,2790
4583657,2782
4586531,2781
4589400,2777
4592266,2781
4595134,2792
4598013,2779
4600884,2779
4603754,2789
4606632,2777
4609494,2777
4612356,2779
4615222,2777
4618085,2777
4620956,2779
4623822,2834
4626742,2787
4629617,2782
4632486,2777
4635351,2779
4638216,2778
4641082,2780
4643968,2777
4646830,2791
4649709,2789
4652584,2781
4655453,2777
4658317,2778
4661181,2782
4664049,2779
4666953,2780
4669819,2825
4672730,2788
4675606,2777
4678469,2778
4681332,2782
4684199,2776
4687061,2776
4689929,2780
4692801,2786
4695673,2777
4698536,2778
4701400,2777
4704263,2778
4707127,2795
4710009,2778
4712895,2778
4715756,2785
4718628,2778
4721492,2778
4724358,2777
4727222,2778
4730086,2778
4733002,2779
4735894,2782
4738764,2784
4741636,2781
4744503,2781
4747372,2779
4750236,2776
4753097,2808
4755991,2780
4758858,2785
4761729,2786
4764604,2782
4767471,2778
4770334,2780
4773200,2778
4776064,2779
4778937,2777
4781800,2804
4784688,2778
4787553,2781
4790419,2783
4793291,2777
4796153,2785
4799025,2784
4801923,2779
4804788,2791
4807669,2779
4810537,2780
4813405,2779
4816271,2782
4819138,2791
4822016,2779
4824901,2781
4827768,2788
4830642,2778
4833506,2779
4836376,2780
4839243,2775
4842102,2799
4844985,2778
4847850,2784
4850721,2788
4853602,2775
4856461,2776
4859322,2781
4862188,2781
4865055,2778
4867956,2781
4870830,2842
4873757,2792
4876637,2783
4879507,2776
4882371,2781
4885236,2779
4888101,2785
4890972,2776
4893840,2799
4896724,2785
4899600,2782
4902469,2779
4905339,2778
4908202,2777
4911064,2779
4913975,2782
4916848,2791
4919725,2787
4922610,2780
4925477,2779
4928343,2781
4931209,2777
4934073,2779
4936943,2777
4939809,2808
4942701,2782
4945569,2781
4948436,2772
4951298,2780
4954164,2777
4957025,2779
4959970,2778
4962834,2785
4965705,2786
4968578,2780
4971448,2776
4974311,2779
4977177,2784
4980047,2780
4982939,2780
4985809,2826
4988723,2786
4991601,2778
4994463,2778
4997329,2779
5000193,2780
5003059,2779
5005929,2780
5008794,2812
5011692,2776
5014558,2778
5017420,2776
5020282,2785
5023153,2784
5026023,2780
5028896,2777
5031760,2787
5034631,2779
5037497,2781
5040365,2775
5043230,2777
5046094,2794
5048974,2781
5051838,2782
5054710,2786
5057582,2777
5060447,2778
5063311,2781
5066184,2786
5069054,2777
5071964,2780
5074829,2850
5077772,2790
5080649,2779
5083514,2780
5086378,2780
5089244,2780
5092109,2818
5095016,2780
5097897,2778
5100762,2788
5103636,2781
5106504,2776
5109368,2778
5112233,2779
5115099,2821
5118004,2781
5120892,2782
5123763,2788
5126638,2778
5129506,2782
5132384,2782
5135253,2777
5138120,2787
5140993,2780
5143859,2813
5146758,2786
5149631,2775
5152498,2780
5155364,2777
5158228,2782
5161098,2796
5163980,2780
5166846,2788
5169722,2785
5172595,2776
5175457,2781
5178324,2778
5181190,2781
5184057,2777
5186960,2781
5189966,2780
5192849,2785
5195727,2800
5198615,2782
5201485,2780
5204355,2781
5207223,2784
5210094,2784
5212963,2781
5215830,2826
5218742,2786
5221615,2780
5224481,2779
5227346,2781
5230212,2780
5233078,2780
5235945,2780
5238813,2790
5241696,2787
5244568,2782
5247435,2779
5250302,2778
5253165,2786
5256039,2780
5258925,2780
5261790,2816
5264691,2778
5267556,2781
5270423,2779
5273292,2779
5276157,2803
5279047,2782
5281919,2780
5284785,2789
5287660,2777
5290533,2780
5293402,2777
5296270,2778
5299134,2782
5302002,2779
5304886,2778
5307751,2788
5310632,2778
5313497,2779
5316361,2779
5319226,2780
5322091,2799
5324977,2783
5327852,2799
5330737,2786
5333611,2781
5336479,2783
5339348,2780
5342219,2777
5345083,2780
5348009,2778
5350889,2780
5353759,2791
5356637,2779
5359503,2784
5362376,2781
5365249,2782
5368120,2784
5370990,2780
5373859,2804
5376751,2789
5379627,2778
5382493,2780
5385359,2776
5388220,2782
5391087,2785
5394014,2781
5396899,2782
5399774,2794
5402662,2784
5405534,2783
5408403,2782
5411273,2779
5414139,2788
5417017,2779
5419910,2782
5422780,2787
5425654,2779
5428520,2782
5431389,2778
5434253,2780
5437126,2811
5440023,2779
5442954,2777
5445817,2785
5448688,2779
5451553,2779
5454420,2781
5457286,2777
5460149,2785
5463018,2779
5465908,2780
5468775,2785
5471647,2780
5474515,2779
5477379,2776
5480241,2778
5483104,2828
5486018,2780
5488922,2780
5491794,2788
5494669,2778
5497535,2780
5500400,2778
5503263,2777
5506126,2797
5509008,2775
5511888,2777
5514751,2788
5517631,2780
5520496,2779
5523362,2778
5526232,2776
5529094,2804
5531984,2778
5534848,2839
5537772,2787
5540645,2780
5543511,2779
5546377,2779
5549244,2778
5552107,2782
5554974,2781
5557841,2809
5560737,2788
5563613,2779
5566478,2779
5569344,2777
5572206,2776
5575067,2778
5577969,2782
5580838,2788
5583716,2788
5586598,2781
5589464,2779
5592328,2781
5595196,2780
5598063,2774
5600931,2781
5603800,2803
5606688,2779
5609554,2781
5612422,2778
5615288,2779
5618155,2791
5621032,2782
5623919,2778
5626782,2787
5629656,2780
5632522,2778
5635387,2781
5638255,2779
5641122,2785
5643993,2778
5646856,2795
5649736,2787
5652610,2777
5655474,2774
5658334,2776
5661193,2780
5664059,2778
5666941,2777
5669805,2789
5672681,2778
5675545,2779
5678408,2779
5681273,2777
5684135,2794
5687019,2780
5689912,2782
5692778,2785
5695648,2776
5698517,2780
5701381,2778
5704248,2780
5707115,2843
5710090,2785
5712959,2778
5715824,2826
5718735,2786
5721609,2782
5724477,2779
5727343,2779
5730207,2779
5733074,2780
5735962,2778
5738826,2793
5741708,2787
5744581,2782
5747447,2775
5750308,2781
5753174,2786
5756050,2780
5758940,2782
5761809,2805
5764699,2786
5767573,2778
5770436,2778
5773304,2780
5776172,2786
5779045,2780
5781978,2776
5784839,2784
5787709,2791
5790587,2779
5793456,2778
5796321,2778
5799184,2782
5802053,2777
5804946,2779
5807812,2789
5810688,2781
5813557,2778
5816421,2778
5819283,2777
5822146,2783
5825016,2781
5827892,2780
5830758,2789
5833631,2780
5836498,2779
5839363,2775
5842228,2780
5845097,2836
5848018,2782
5850950,2777
5853813,2790
5856690,2781
5859558,2779
5862424,2779
5865310,2777
5868170,2787
5871046,2780
5873937,2783
5876805,2819
5879711,2788
5882588,2779
5885454,2779
5888321,2780
5891309,2780
5894181,2788
5897057,2779
5899944,2778
5902809,2794
5905692,2785
5908564,2779
5911430,2777
5914294,2779
5917160,2784
5920030,2781
5922910,2778
5925774,2788
5928650,2778
5931516,2779
5934380,2776
5937240,2779
5940106,2783
5942974,2779
5945839,2789
5948714,2783
5951583,2776
5954443,2778
5957306,2773
5960165,2786
5963038,2778
5965943,2778
5968809,2804
5971699,2788
5974574,2777
5977437,2778
5980301,2777
5983164,2783
5986034,2776
5988907,2783
5991776,2787
5994650,2778
5997515,2779
6000380,2780
6003248,2777
6006111,2783
6008981,2780
6011847,2834
6014767,2786
6017640,2778
6020507,2778
6023371,2774
6026230,2777
6029091,2798
6031976,2778
6034840,2789
6037715,2787
6040589,2780
6043456,2780
6046321,2780
6049187,2784
6052055,2778
6054955,2780
6057824,2836
6060750,2794
6063631,2782
6066501,2776
6069363,2779
6072229,2777
6075093,2809
6077987,2781
6080853,2869
6083809,2787
6086682,2776
6089544,2778
6092410,2780
6095276,2776
6098139,2793
6101020,2784
6103903,2781
6106771,2785
6109642,2780
6112509,2779
6115375,2778
6118239,2777
6121103,2850
6124045,2778
6126932,2782
6129798,2786
6132671,2780
6135539,2776
6138402,2781
6141270,2777
6144133,2789
6147007,2780
6149905,2780
6152770,2788
6155646,2780
6158513,2777
6161377,2780
6164245,2781
6167114,2825
6170023,2781
6172921,2780
6175788,2785
6178662,2780
6181530,2775
6184393,2780
6187256,2784
6190127,2784
6192999,2781
6195876,2782
6198746,2785
6201617,2780
6204482,2781
6207349,2779
6210212,2778
6213076,2781
6215969,2781
6218834,2805
6221724,2787
6224596,2779
6227461,2778
6230325,2778
6233190,2782
6236057,2779
6238943,2779
6241808,2809
6244704,2787
6247578,2781
6250446,2779
6253313,2780
6256186,2786
6259057,2778
6261949,2779
6264814,2840
6267741,2787
6270615,2778
6273478,2778
6276341,2778
6279204,2780
6282081,2778
6284949,2783
6287818,2834
6290738,2785
6293609,2780
6296477,2779
6299341,2781
6302207,2779
6305070,2779
6307961,2782
6310828,2788
6313708,2788
6316582,2776
6319444,2780
6322309,2779
6325175,2785
6328048,2778
6330930,2780
6333796,2823
6336705,2788
6339579,2779
6342445,2781
6345313,2781
6348186,2786
6351058,2779
6353990,2781
6356857,2798
6359743,2789
6362618,2778
6365486,2781
6368353,2778
6371217,2781
6374082,2779
6376963,2782
6379832,2835
6382756,2787
6385629,2780
6388498,2780
6391365,2776
6394227,2779
6397094,2791
6399971,2781
6402839,2787
6405713,2791
6408589,2773
6411448,2779
6414311,2778
6417176,2784
6420046,2780
6422930,2778
6425794,2784
6428663,2779
6431528,2780
6434395,2779
6437259,2780
6440180,2784
6443058,2786
6445939,2780
6448813,2794
6451694,2785
6454565,2782
6457433,2779
6460299,2780
6463165,2786
6466044,2780
6468926,2780
6471792,2786
6474662,2778
6477528,2781
6480395,2776
6483260,2781
6486126,2794
6489007,2780
6491891,2781
6494759,2786
6497630,2781
6500497,2782
6503367,2780
6506238,2781
6509105,2787
6511978,2779
6514843,2810
6517741,2789
6520618,2782
6523486,2783
6526361,2776
6529225,2780
6532092,2799
6534982,2780
6537849,2789
6540725,2792
6543603,2779
6546468,2783
6549336,2779
6552203,2781
6555070,2778
6557961,2782
6560830,2834
6563751,2789
6566627,2781
6569495,2781
6572364,2779
6575228,2777
6578090,2796
6580972,2780
6583839,2794
6586723,2788
6589598,2781
6592465,2784
6595337,2780
6598205,2781
6601073,2777
6603947,2777
6606810,2809
6609706,2789
6612580,2778
6615445,2782
6618313,2775
6621179,2787
6624066,2781
6626972,2776
6629836,2790
6632714,2786
6635587,2783
6638457,2778
6641322,2780
6644188,2783
6647059,2779
6649939,2779
6652805,2787
6655680,2774
6658540,2779
6661405,2774
6664265,2780
6667130,2818
6670035,2780
6672929,2776
6675792,2788
6678667,2776
6681530,2781
6684397,2776
6687259,2781
6690126,2786
6692999,2779
6695863,2784
6698735,2788
6701607,2779
6704473,2780
6707337,2777
6710201,2778
6713065,2781
6715951,2781
6718818,2830
6721734,2789
6724608,2780
6727474,2780
6730339,2778
6733203,2778
6736066,2777
6738955,2780
6741821,2809
6744714,2791
6747592,2778
6750456,2780
6753322,2779
6756188,2782
6759055,2775
6761922,2778
6764786,2785
6767656,2778
6770520,2778
6773391,2780
6776257,2776
6779121,2837
6782042,2778
6784975,2780
6787839,2789
6790715,2789
6793590,2777
6796460,2779
6799325,2774
6802185,2781
6805051,2779
6807941,2781
6810809,2812
6813710,2788
6816584,2778
6819450,2781
6822316,2777
6825178,2789
6828064,2781
6830950,2777
6833813,2795
6836694,2805
6839589,2780
6842457,2782
6845327,2779
6848190,2778
6851054,2781
6853954,2782
6856824,2828
6859738,2785
6862614,2781
6865480,2776
6868342,2782
6871210,2780
6874082,2779
6876949,2780
6879815,2849
6882749,2787
6885622,2780
6888492,2780
6891356,2781
6894222,2780
6897089,2774
6899999,2775
6902859,2799
6905747,2790
6908624,2782
6911491,2780
6914358,2779
6917222,2774
6920082,2779
6922963,2781
6925829,2816
6928729,2786
6931601,2779
6934467,2778
6937334,2778
6940200,2778
6943064,2778
6945983,2781
6948849,2792
6951730,2786
6954608,2777
6957472,2778
6960334,2778
6963198,2777
6966060,2772
6968935,2781
6971802,2804
6974691,2775
6977551,2778
6980416,2779
6983280,2779
6986145,2791
6989020,2782
6991905,2777
6994767,2787
6997642,2781
7000508,2778
7003372,2777
7006236,2777
7009099,2793
7011977,2780
7014845,2803
7017733,2790
7020607,2779
7023472,2780
7026339,2777
7029202,2779
7032066,2777
7034957,2781
7037823,2785
7040695,2786
7043567,2778
7046431,2778
7049300,2779
7052165,2784
7055034,2779
7057913,2778
7060776,2787
7063649,2778
7066515,2776
7069376,2779
7072240,2777
7075103,2784
7077972,2777
7080836,2795
7083721,2789
7086597,2780
7089463,2779
7092328,2777
7095198,2774
7098058,2781
7100955,2782
7103822,2810
7106717,2786
7109589,2778
7112452,2777
7115316,2779
7118184,2783
7121054,2780
7123934,2778
7126798,2807
7129692,2777
7132556,2780
7135422,2780
7138291,2779
7141155,2785
7144027,2778
7146922,2779
7149789,2788
7152664,2778
7155528,2783
7158395,2779
7161261,2779
7164128,2785
7166999,2780
7169872,2778
7172739,2787
7175610,2776
7178472,2783
7181342,2779
7184208,2779
7187074,2777
7189963,2780
7192827,2808
7195719,2789
7198596,2777
7201461,2779
7204326,2778
7207191,2781
7210057,2777
7212931,2778
7215795,2783
7218665,2780
7221532,2779
7224396,2780
7227263,2778
7230127,2799
7233012,2779
7235907,2781
7238776,2786
7241649,2779
7244516,2777
7247378,2780
7250243,2777
7253106,2784
7255977,2778
7258839,2795
7261721,2783
7264589,2779
7267453,2777
7270316,2778
7273178,2782
7276045,2778
7278926,2777
7281789,2786
7284661,2777
7287524,2779
7290390,2778
7293254,2780
7296120,2834
7299040,2781
7301928,2772
7304785,2786
7307660,2779
7310525,2779
7313391,2779
7316256,2778
7319120,2784
7321989,2781
7324857,2809
7327754,2785
7330626,2777
7333488,2781
7336360,2775
7339221,2775
7342081,2775
7344994,2782
7347884,2780
7350752,2790
7353630,2778
7356494,2779
7359370,2781
7362239,2782
7365107,2818
7368011,2779
7370905,2780
7373771,2785
7376643,2776
7379505,2776
7382367,2777
7385231,2778
7388096,2802
7390983,2779
7393850,2787
7396726,2786
7399599,2775
7402460,2781
7405329,2780
7408194,2778
7411058,2778
7413938,2779
7416805,2836
7419729,2785
7422601,2777
7425465,2779
7428332,2777
7431193,2781
7434058,2777
7436942,2781
7439812,2789
7442688,2778
7445553,2778
7448417,2779
7451281,2778
7454145,2787
7457018,2778
7459903,2776
7462764,2787
7465637,2781
7468501,2776
7471364,2776
7474226,2774
7477087,2811
7479982,2779
7482846,2842
7485775,2786
7488649,2780
7491515,2773
7494376,2780
7497243,2779
7500107,2819
7503014,2777
7505899,2780
7508767,2786
7511640,2779
7514504,2778
7517369,2780
7520238,2779
7523104,2788
7525976,2780
7528844,2812
7531743,2784
7534614,2779
7537479,2777
7540341,2779
7543205,2777
7546068,2780
7548952,2779
7551818,2787
7554693,2786
7557565,2779
7560428,2776
7563290,2778
7566154,2781
7569021,2776
7571902,2780
7574771,2785
7577644,2780
7580511,2788
7583393,2784
7586272,2781
7589143,2786
7592018,2780
7594892,2777
7597757,2790
7600635,2781
7603502,2777
7606365,2778
7609229,2777
7612093,2793
7614971,2776
7617834,2808
7620729,2786
7623600,2780
7626467,2778
7629331,2775
7632193,2780
7635060,2779
7637948,2777
7640810,2794
7643690,2777
7646554,2774
7649414,2778
7652280,2780
7655146,2785
7658016,2779
7660896,2777
7663761,2787
7666635,2778
7669500,2780
7672366,2783
7675234,2776
7678097,2790
7680973,2777
7683843,2788
7686718,2789
7689593,2781
7692468,2786
7695343,2780
7698211,2779
7701076,2777
7703945,2782
7706813,2845
7709743,2789
7712618,2782
7715487,2778
7718352,2779
7721217,2780
7724084,2788
7726968,2780
7729835,2802
7732723,2785
7735595,2778
7738461,2778
7741326,2778
7744188,2783
7747056,2780
7749943,2778
7752810,2788
7755686,2779
7758551,2779
7761417,2779
7764281,2778
7767145,2790
7770021,2780
7772924,2782
7775791,2781
7778660,2781
7781526,2775
7784387,2779
7787250,2779
7790117,2786
7792988,2779
7795860,2798
7798797,2812
7801709,2799
7804597,2780
7807472,2785
7810345,2779
7813211,2782
7816080,2782
7818955,2782
7821826,2790
7824704,2793
7827584,2777
7830448,2781
7833316,2777
7836179,2785
7839051,2779
7841948,2782
7844815,2806
7847707,2789
7850581,2781
7853451,2780
7856317,2779
7859185,2786
7862058,2779
7864941,2782
7867810,2802
7870698,2788
7873575,2776
7876439,2780
7879306,2784
7882175,2786
7885048,2780
7887953,2780
7890824,2788
7893698,2787
7896573,2781
7899438,2777
7902302,2779
7905166,2783
7908036,2779
7910921,2782
7913789,2789
7916666,2778
7919531,2780
7922397,2777
7925262,2777
7928126,2793
7931007,2777
7933896,2779
7936760,2788
7939635,2780
7942503,2780
7945370,2778
7948233,2780
7951099,2837
7954022,2780
7956910,2775
7959770,2788
7962645,2783
7965514,2778
7968379,2781
7971253,2779
7974117,2783
7976985,2781
7979853,2811
7982751,2787
7985625,2780
7988492,2782
7991360,2777
7994224,2776
7997085,2789
7999960,2780
8002829,2784
8005698,2786
8008569,2782
8011436,2780
8014303,2781
8017169,2790
8020049,2779
8022967,2781
8025836,2789
8028712,2787
8031589,2780
8034454,2776
8037318,2777
8040182,2781
8043050,2777
8045918,2779
8048783,2787
8051657,2778
8054521,2776
8057382,2780
8060250,2775
8063113,2830
8066034,2780
8068977,2780
8071845,2786
8074718,2788
8077593,2778
8080459,2779
8083326,2780
8086191,2780
8089058,2778
8091947,2781
8094827,2837
8097752,2787
8100627,2780
8103496,2780
8106363,2780
8109230,2778
8112096,2786
8114967,2781
8117839,2809
8120734,2785
8123605,2782
8126473,2778
8129340,2779
8132204,2778
8135067,2782
8137958,2779
8140825,2840
8143751,2789
8146628,2781
8149494,2776
8152357,2778
8155220,2779
8158087,2811
8160984,2779
8163858,2808
8166754,2786
8169628,2783
8172498,2782
8175369,2779
8178236,2778
8181108,2838
8184031,2781
8186971,2784
8189841,2789
8192715,2786
8195588,2781
8198463,2780
8201331,2779
8204197,2780
8207062,2782
8209954,2779
8212819,2846
8215753,2788
8218628,2778
8221494,2778
8224359,2778
8227222,2780
8230088,2786
8232961,2780
8235827,2782
8238695,2789
8241569,2779
8244435,2776
8247297,2775
8250159,2788
8253033,2782
8255919,2781
8258785,2787
8261659,2780
8264524,2777
8267394,2779
8270260,2777
8273123,2784
8275992,2778
8278857,2794
8281737,2784
8284608,2778
8287475,2778
8290340,2779
8293203,2779
8296066,2776
8298935,2780
8301802,2803
8304691,2780
8307557,2782
8310427,2780
8313299,2779
8316163,2786
8319036,2780
8321922,2780
8324790,2790
8327667,2782
8330535,2774
8333395,2779
8336260,2779
8339125,2786
8341998,2779
8344863,2784
8347734,2785
8350605,2780
8353469,2780
8356335,2776
8359197,2778
8362060,2777
8365003,2781
8367887,2782
8370756,2784
8373627,2779
8376497,2780
8379363,2780
8382233,2777
8385096,2784
8387965,2777
8390828,2841
8393758,2789
8396633,2778
8399497,2780
8402361,2777
8405226,2778
8408090,2785
8410960,2777
8413825,2786
8416698,2785
8419568,2778
8422430,2777
8425293,2778
8428158,2789
8431034,2778
8433906,2778
8436770,2789
8439647,2776
8442509,2776
8445371,2779
8448236,2780
8451107,2779
8453970,2780
8456836,2813
8459735,2785
8462620,2781
8465489,2778
8468353,2775
8471212,2777
8474075,2778
8476965,2779
8479831,2840
8482758,2788
8485634,2779
8488501,2778
8491364,2780
8494230,2780
8497097,2785
8499968,2779
8502834,2786
8505706,2784
8508575,2779
8511439,2781
8514306,2779
8517170,2783
8520044,2777
8522922,2782
8525793,2784
8528666,2783
8531536,2782
8534405,2781
8537273,2780
8540139,2788
8543014,2779
8545898,2779
8548764,2783
8551633,2779
8554508,2785
8557384,2781
8560253,2778
8563116,2824
8566031,2780
8568922,2782
8571791,2802
8574678,2779
8577543,2780
8580411,2775
8583273,2781
8586141,2796
8589029,2778
8591913,2781
8594780,2788
8597655,2780
8600521,2780
8603387,2777
8606251,2778
8609115,2787
8611987,2779
8614854,2814
8617754,2789
8620632,2782
8623499,2778
8626368,2780
8629234,2778
8632097,2800
8634983,2778
8637848,2790
8640725,2785
8643599,2777
8646461,2779
8649325,2781
8652192,2778
8655056,2781
8657941,2779
8660807,2808
8663701,2789
8666575,2781
8669443,2776
8672306,2777
8675170,2788
8678043,2776
8680914,2780
8683780,2786
8686657,2782
8689526,2779
8692393,2780
8695259,2776
8698128,2782
8700995,2778
8703858,2800
8706743,2787
8709623,2781
8712489,2778
8715354,2777
8718215,2780
8721081,2780
8723950,2778
8726820,2788
8729694,2786
8732568,2779
8735431,2778
8738296,2779
8741159,2785
8744036,2778
8746922,2779
8749787,2785
8752659,2776
8755522,2778
8758386,2778
8761250,2778
8764115,2822
8767024,2778
8769905,2782
8772773,2787
8775646,2779
8778513,2779
8781379,2779
8784246,2777
8787107,2820
8790012,2780
8792884,2779
8795751,2787
8798625,2783
8801496,2779
8804360,2782
8807230,2779
8810095,2801
8812983,2780
8815850,2801
8818737,2787
8821613,2778
8824479,2778
8827342,2780
8830221,2779
8833087,2798
8835971,2779
8838836,2794
8841717,2787
8844592,2778
8847455,2780
8850323,2776
8853184,2784
8856054,2775
8858931,2782
8861799,2808
8864695,2784
8867566,2780
8870433,2776
8873294,2779
8876159,2791
8879035,2781
8881912,2779
8884777,2787
8887650,2781
8890515,2780
8893382,2779
8896247,2779
8899117,2838
8902039,2779
8904973,2779
8907837,2792
8910717,2789
8913593,2779
8916461,2779
8919326,2778
8922191,2780
8925058,2777
8927927,2777
8930789,2787
8933663,2774
8936524,2782
8939393,2786
8942270,2780
8945139,2791
8948016,2778
8950889,2780
8953755,2788
8956631,2778
8959502,2780
8962371,2777
8965233,2779
8968098,2795
8970977,2779
8973845,2786
8976715,2785
8979587,2783
8982455,2778
8985320,2777
8988182,2784
8991058,2779
8993943,2777
8996807,2838
8999733,2789
9002610,2781
9005476,2779
9008346,2780
9011212,2777
9014076,2783
9016957,2780
9019825,2838
9022748,2786
9025621,2778
9028488,2776
9031352,2777
9034213,2776
9037075,2781
9039962,2776
9042826,2841
9045756,2790
9048634,2782
9051502,2779
9054367,2780
9057231,2779
9060098,2793
9062976,2776
9065841,2786
9068714,2789
9071590,2778
9074453,2778
9077320,2776
9080181,2781
9083049,2780
9085937,2780
9088803,2805
9091693,2777
9094556,2777
9097420,2779
9100287,2777
9103151,2780
9106019,2776
9108900,2780
9111766,2788
9114641,2778
9117506,2780
9120372,2779
9123241,2778
9126103,2781
9128971,2782
9131838,2856
9134783,2785
9137654,2780
9140521,2779
9143387,2778
9146251,2775
9149111,2805
9152002,2780
9154884,2780
9157755,2788
9160631,2781
9163498,2781
9166366,2780
9169234,2777
9172096,2793
9174977,2779
9177844,2801
9180732,2788
9183605,2781
9186474,2778
9189338,2776
9192204,2781
9195070,2777
9198007,2779
9200891,2784
9203763,2791
9206647,2780
9209512,2780
9212377,2780
9215243,2779
9218110,2837
9221032,2779
9223966,2782
9226835,2790
9229711,2788
9232585,2779
9235453,2780
9238321,2778
9241186,2783
9244054,2779
9246943,2778
9249818,2827
9252732,2784
9255607,2782
9258476,2778
9261343,2780
9264212,2777
9267079,2778
9269962,2782
9272832,2822
9275741,2786
9278613,2778
9281478,2778
9284343,2779
9287210,2777
9290076,2783
9292999,2781
9295885,2781
9298753,2787
9301631,2782
9304498,2779
9307364,2782
9310233,2777
9313096,2803
9315984,2780
9318853,2806
9321744,2789
9324618,2782
9327486,2781
9330353,2779
9333218,2778
9336083,2780
9338964,2780
9341830,2794
9344710,2782
9347578,2779
9350444,2777
9353313,2782
9356183,2783
9359050,2780
9361929,2780
9364797,2823
9367707,2786
9370580,2778
9373445,2779
9376312,2777
9379175,2786
9382048,2781
9384920,2781
9387789,2785
9390661,2777
9393523,2781
9396389,2779
9399255,2776
9402117,2825
9405028,2778
9407916,2781
9410783,2789
9413659,2776
9416521,2779
9419386,2781
9422261,2778
9425125,2784
9427994,2781
9430861,2811
9433759,2787
9436632,2780
9439498,2778
9442362,2780
9445231,2779
9448096,2786
9450969,2781
9453838,2787
9456712,2785
9459582,2779
9462447,2780
9465315,2780
9468181,2782
9471052,2779
9473941,2778
9476805,2912
9479802,2790
9482686,2778
9485550,2781
9488418,2782
9491286,2781
9494153,2790
9497027,2782
9499922,2779
9502787,2784
9505657,2780
9508523,2778
9511389,2778
9514253,2778
9517118,2829
9520032,2779
9522927,2781
9525797,2786
9528669,2779
9531537,2779
9534404,2782
9537273,2780
9540141,2787
9543015,2778
9545897,2782
9548768,2784
9551638,2778
9554502,2778
9557366,2778
9560231,2778
9563094,2809
9566002,2779
9568873,2792
9571751,2789
9574626,2778
9577489,2777
9580352,2779
9583223,2780
9586091,2785
9588961,2781
9591828,2826
9594742,2786
9597616,2781
9600485,2781
9603352,2779
9606217,2779
9609083,2778
9611958,2779
9614824,2790
9617702,2789
9620580,2778
9623444,2778
9626307,2778
9629172,2788
9632059,2776
9634928,2783
9637797,2803
9640687,2780
9643552,2779
9646419,2781
9649285,2777
9652149,2793
9655028,2779
9657899,2782
9660767,2785
9663640,2781
9666505,2779
9669371,2779
9672235,2777
9675100,2835
9678022,2777
9680891,2779
9683756,2782
9686625,2781
9689492,2777
9692360,2778
9695224,2779
9698089,2785
9700958,2780
9703825,2838
9706749,2787
9709624,2778
9712490,2779
9715354,2778
9718218,2777
9721081,2780
9723947,2777
9726812,2787
9729684,2778
9732548,2779
9735411,2780
9738277,2780
9741141,2783
9744012,2779
9746902,2777
9749763,2787
9752635,2779
9755501,2783
9758369,2777
9761234,2780
9764100,2804
9766995,2780
9769859,2796
9772742,2792
9775621,2776
9778483,2778
9781350,2786
9784223,2779
9787089,2786
9789963,2778
9792834,2800
9795720,2784
9798592,2781
9801460,2779
9804326,2780
9807192,2782
9810061,2779
9812952,2780
9815818,2803
9818706,2786
9821577,2780
9824443,2782
9827313,2779
9830180,2786
9833051,2778
9835934,2779
9838800,2806
9841691,2778
9844556,2777
9847418,2779
9850285,2780
9853149,2788
9856023,2779
9858926,2780
9861794,2787
9864666,2781
9867534,2778
9870398,2778
9873261,2781
9876129,2789
9879004,2780
9881876,2779
9884742,2788
9887616,2779
9890482,2782
9893351,2779
9896224,2778
9899088,2776
9901972,2779
9904838,2795
9907719,2786
9910590,2778
9913455,2779
9916323,2781
9919191,2780
9922055,2779
9924943,2779
9927810,2800
9930697,2786
9933585,2780
9936452,2778
9939316,2779
9942182,2786
9945054,2779
9947924,2779
9950789,2786
9953662,2779
9956526,2779
9959390,2779
9962255,2779
9965122,2794
9968002,2779
9970894,2777
9973756,2786
9976627,2780
9979493,2780
9982359,2777
9985224,2779
9988088,2800
9990973,2776
9993835,2787
9996709,2786
9999580,2778
10002444,2779
10005309,2779
10008180,2783
10011048,2780
10013941,2781
10016808,2820
10019717,2790
10022592,2779
10025456,2781
10028323,2782
10031193,2784
10034065,2778
10036945,2781
10039814,2788
10042689,2781
10045556,2780
10048421,2780
10051286,2779
10054151,2802
10057042,2780
10059925,2777
10062787,2785
10065660,2780
10068529,2779
10071395,2779
10074260,2779
10077127,2798
10080011,2775
10082890,2780
10085757,2789
10088632,2777
10091497,2779
10094362,2780
10097236,2785
10100109,2825
10103022,2782
10105895,2777
10108762,2788
10111637,2778
10114501,2782
10117369,2781
10120237,2780
10123104,2818
10126009,2779
10128900,2782
10131767,2824
10134679,2781
10137546,2783
10140415,2776
10143277,2779
10146143,2795
10149023,2779
10151909,2782
10154776,2788
10157659,2779
10160527,2778
10163391,2785
10166263,2781
10169131,2810
10172028,2778
10174902,2779
10177770,2787
10180645,2780
10183512,2780
10186379,2782
10189247,2784
10192119,2822
10195035,2780
10197946,2785
10200819,2859
10203766,2788
10206642,2781
10209510,2781
10212380,2782
10215249,2778
10218113,2786
10220984,2781
10223852,2810
10226749,2789
10229626,2780
10232494,2778
10235357,2779
10238222,2780
10241087,2785
10243972,2780
10246840,2787
10249714,2787
10252588,2779
10255451,2780
10258317,2779
10261181,2786
10264053,2773
10266920,2779
10269787,2789
10272665,2781
10275531,2779
10278396,2777
10281259,2778
10284124,2804
10287016,2777
10289904,2779
10292767,2800
10295653,2782
10298522,2778
10301397,2781
10304267,2782
10307135,2791
10310012,2777
10312883,2781
10315749,2784
10318619,2779
10321483,2777
10324347,2779
10327213,2778
10330076,2779
10332963,2779
10335830,2812
10338730,2784
10341606,2780
10344471,2777
10347333,2781
10350199,2774
10353061,2776
10355927,2777
10358789,2788
10361662,2775
10364522,2776
10367383,2777
10370245,2779
10373111,2825
10376022,2779
10378906,2780
10381771,2790
10384647,2779
10387513,2781
10390382,2779
10393247,2779
10396112,2818
10399015,2785
10401910,2778
10404778,2787
10407658,2779
10410526,2780
10413391,2778
10416254,2778
10419118,2821
10422025,2779
10424908,2780
10427773,2784
10430645,2780
10433512,2777
10436375,2777
10439240,2779
10442105,2833
10445074,2781
10447955,2780
10450821,2827
10453734,2788
10456616,2782
10459484,2778
10462351,2780
10465214,2774
10468076,2780
10470969,2780
10473838,2792
10476716,2786
10479590,2781
10482457,2778
10485321,2782
10488191,2778
10491056,2783
10493930,2776
10496795,2783
10499663,2777
10502526,2783
10505395,2776
10508258,2778
10511122,2818
10514027,2784
10516918,2780
10519787,2790
10522663,2779
10525531,2781
10528402,2780
10531269,2778
10534132,2786
10537003,2781
10539899,2782
10542768,2787
10545641,2778
10548511,2778
10551374,2778
10554238,2780
10557103,2788
10559978,2779
10562843,2785
10565717,2787
10568588,2776
10571449,2778
10574312,2777
10577176,2788
10580053,2777
10582954,2783
10585827,2793
10588706,2782
10591581,2778
10594443,2779
10597309,2778
10600172,2787
10603046,2781
10605917,2778
10608782,2786
10611655,2776
10614515,2777
10617377,2779
10620243,2780
10623111,2826
10626023,2778
10628906,2784
10631774,2784
10634646,2780
10637513,2778
10640378,2777
10643242,2776
10646103,2822
10649009,2779
10651879,2783
10654748,2784
10657619,2778
10660483,2777
10663347,2779
10666213,2779
10669088,2812
10671987,2778
10674853,2805
10677745,2783
10680615,2782
10683483,2778
10686346,2777
10689210,2777
10692075,2780
10694966,2779
10697830,2789
10700705,2784
10703574,2778
10706439,2776
10709303,2780
10712170,2781
10715035,2779
10717914,2779
10720778,2800
10723665,2777
10726530,2776
10729394,2779
10732258,2784
10735130,2795
10738011,2781
10740908,2778
10743773,2790
10746651,2780
10749520,2778
10752383,2778
10755246,2778
10758110,2786
10760982,2780
10763851,2790
10766729,2785
10769598,2777
10772460,2779
10775326,2778
10778190,2781
10781058,2778
10783951,2781
10786817,2814
10789715,2788
10792590,2779
10795455,2777
10798324,2778
10801189,2782
10804057,2777
10806937,2779
10809802,2804
10812692,2785
10815564,2778
10818433,2779
10821297,2779
10824160,2787
10827032,2780
10829926,2778
10832790,2784
10835660,2778
10838526,2776
10841393,2779
10844257,2777
10847119,2806
10850010,2777
10852885,2781
10855752,2788
10858627,2782
10861495,2779
10864359,2780
10867227,2777
10870091,2792
10872967,2775
10875830,2835
10878750,2785
10881621,2781
10884489,2778
10887354,2781
10890221,2778
10893085,2778
10896002,2780
10898886,2781
10901755,2788
10904629,2781
10907495,2780
10910363,2780
10913229,2779
10916093,2795
10918971,2777
10921834,2798
10924719,2787
10927594,2777
10930455,2778
10933319,2778
10936183,2783
10939050,2776
10941918,2780
10944784,2787
10947657,2781
10950524,2779
10953388,2781
10956255,2775
10959116,2830
10962032,2778
10964956,2782
10967823,2789
10970699,2786
10973570,2777
10976434,2779
10979301,2778
10982165,2787
10985035,2777
10987925,2779
10990790,2781
10993657,2781
10996524,2779
10999391,2779
11002254,2780
11005119,2826
11008048,2781
11011016,2783
11013906,2782
11016776,2790
11019659,2777
11022522,2780
11025388,2777
11028251,2778
11031114,2820
11034020,2780
11036923,2781
11039790,2786
11042661,2780
11045527,2779
11048394,2778
11051258,2778
11054122,2797
11057006,2778
11059889,2781
11062757,2789
11065631,2779
11068499,2780
11071367,2778
11074232,2779
11077095,2794
11079976,2780
11082841,2784
11085712,2786
11088585,2778
11091449,2780
11094313,2777
11097177,2783
11100045,2778
11102916,2778
11105780,2787
11108652,2780
11111517,2779
11114382,2778
11117247,2777
11120111,2838
11123033,2777
11125962,2779
11128827,2788
11131702,2790
11134577,2780
11137447,2779
11140312,2775
11143174,2782
11146041,2776
11148925,2779
11151790,2783
11154660,2778
11157525,2779
11160390,2780
11163257,2776
11166118,2785
11168989,2777
11171853,2784
11174724,2786
11177595,2780
11180461,2781
11183328,2780
11186195,2777
11189059,2777
11191945,2777
11194807,2806
11197698,2786
11200568,2779
11203433,2780
11206299,2778
11209165,2783
11212034,2775
11214915,2778
11217780,2787
11220652,2780
11223521,2780
11226388,2780
11229256,2778
11232118,2782
11234984,2781
11237851,2806
11240745,2788
11243621,2779
11246487,2776
11249347,2776
11252208,2783
11255083,2792
11257964,2777
11260826,2825
11263736,2785
11266615,2781
11269481,2776
11272343,2783
11275209,2783
11278078,2780
11280945,2779
11283816,2788
11286690,2780
11289555,2783
11292422,2778
11295286,2780
11298152,2786
11301028,2776
11303919,2776
11306780,2783
11309648,2777
11312512,2778
11315377,2775
11318238,2780
11321105,2836
11324027,2779
11326954,2782
11329822,2788
11332697,2786
11335569,2777
11338432,2779
11341297,2777
11344159,2788
11347039,2779
11349914,2777
11352777,2786
11355648,2778
11358514,2779
11361378,2774
11364238,2777
11367102,2805
11369992,2778
11372855,2800
11375742,2785
11378612,2777
11381477,2778
11384340,2778
11387207,2778
11390068,2776
11392957,2779
11395831,2863
11398779,2784
11401649,2780
11404527,2777
11407391,2780
11410258,2780
11413125,2782
11415993,2777
11418855,2809
11421749,2786
11424621,2779
11427488,2776
11430349,2776
11433209,2776
11436070,2780
11438955,2779
11441831,2795
11444714,2788
11447591,2783
11450458,2777
11453322,2780
11456187,2784
11459059,2781
11461932,2778
11464798,2804
11467685,2776
11470547,2781
11473414,2777
11476278,2779
11479144,2791
11482021,2777
11484959,2776
11487822,2794
11490702,2786
11493575,2779
11496446,2781
11499321,2780
11502187,2785
11505058,2780
11507959,2779
11510826,2790
11513704,2788
11516579,2779
11519444,2780
11522309,2783
11525186,2784
11528058,2780
11530931,2780
11533798,2810
11536693,2774
11539553,2779
11542420,2777
11545283,2779
11548147,2784
11551017,2778
11553899,2777
11556769,2786
11559641,2777
11562504,2782
11565372,2778
11568237,2779
11571101,2793
11573980,2780
11576848,2803
11579736,2785
11582609,2782
11585490,2785
11588367,2781
11591235,2782
11594105,2825
11597016,2780
11599900,2782
11602768,2787
11605642,2779
11608509,2782
11611380,2779
11614246,2779
11617110,2788
11619983,2779
11622849,2807
11625743,2787
11628618,2777
11631480,2778
11634347,2777
11637208,2776
11640068,2776
11642967,2781
11645837,2792
11648715,2787
11651589,2778
11654453,2779
11657318,2775
11660180,2781
11663047,2778
11665920,2780
11668788,2786
11671661,2778
11674524,2778
11677388,2777
11680252,2776
11683114,2838
11686038,2779
11688907,2781
11691773,2786
11694648,2779
11697512,2774
11700372,2778
11703236,2777
11706099,2787
11708970,2778
11711833,2805
11714725,2783
11717594,2779
11720457,2781
11723327,2780
11726191,2778
11729053,2780
11731951,2781
11734819,2827
11737733,2788
11740609,2780
11743474,2778
11746339,2783
11749209,2776
11752072,2781
11754945,2781
11757820,2834
11760742,2785
11763616,2782
11766484,2779
11769348,2780
11772227,2784
11775157,2789
11778034,2779
11780918,2782
11783789,2787
11786662,2778
11789525,2779
11792392,2779
11795257,2776
11798118,2806
11801009,2780
11803883,2805
11806839,2814
11809752,2797
11812637,2781
11815513,2781
11818382,2780
11821250,2780
11824116,2821
11827022,2783
11829927,2782
11832797,2782
11835668,2779
11838534,2780
11841402,2778
11844265,2779
11847130,2789
11850006,2780
11852882,2780
11855751,2784
11858623,2779
11861488,2777
11864353,2779
11867216,2778
11870083,2780
11872951,2779
11875820,2795
11878702,2786
11881574,2781
11884440,2779
11887307,2779
11890171,2784
11893044,2780
11895925,2781
11898797,2811
11901695,2786
11904568,2780
11907435,2777
11910297,2780
11913165,2786
11916036,2779
11918971,2780
11921837,2792
11924717,2783
11927588,2779
11930455,2779
11933320,2778
11936184,2784
11939055,2779
11941954,2780
11944821,2839
11947748,2786
11950622,2780
11953489,2778
11956355,2779
11959218,2779
11962083,2778
11964951,2783
11967826,2788
11970700,2784
11973570,2780
11976434,2778
11979300,2779
11982164,2785
11985036,2782
11987922,2781
11990790,2786
11993663,2778
11996528,2778
11999395,2776
12002260,2778
12005124,2796
12008006,2778
12010889,2778
12013753,2791
12016631,2779
12019496,2778
12022359,2778
12025223,2776
12028086,2776
12030950,2780
12033817,2835
12036739,2786
12039610,2780
12042476,2778
12045338,2775
12048200,2777
12051063,2781
12053957,2775
12056817,2789
12059692,2786
12062565,2776
12065427,2779
12068293,2780
12071160,2785
12074029,2779
12076914,2780
12079778,2786
12082651,2779
12085517,2780
12088384,2776
12091244,2779
12094109,2805
12096998,2779
12099864,2786
12102733,2789
12105611,2781
12108475,2780
12111341,2780
12114207,2779
12117077,2779
12119954,2779
12122818,2874
12125777,2784
12128649,2781
12131514,2776
12134382,2779
12137247,2777
12140127,2789
12143004,2775
12145865,2800
12148750,2779
12151621,2781
12154488,2777
12157352,2779
12160216,2776
12163078,2782
12165950,2777
12168820,2795
12171702,2788
12174582,2781
12177448,2778
12180314,2778
12183178,2787
12186055,2788
12188985,2777
12191844,2849
12194782,2788
12197657,2781
12200527,2778
12203394,2782
12206265,2781
12209134,2788
12212007,2782
12214887,2780
12217755,2788
12220630,2779
12223495,2780
12226361,2778
12229225,2778
12232091,2814
12234992,2782
12237861,2810
12240757,2789
12243634,2780
12246499,2778
12249365,2780
12252232,2780
12255100,2790
12257976,2779
12260841,2802
12263728,2786
12266600,2784
12269471,2781
12272338,2780
12275203,2780
12278069,2779
12280987,2782
12283856,2785
12286727,2786
12289600,2784
12292469,2779
12295337,2783
12298206,2778
12301070,2779
12303941,2779
12306808,2807
12309699,2785
12312571,2781
12315437,2777
12318299,2777
12321161,2812
12324060,2784
12326956,2776
12329817,2795
12332698,2789
12335573,2781
12338442,2780
12341309,2781
12344173,2784
12347043,2781
12349951,2779
12352818,2790
12355694,2789
12358575,2780
12361440,2776
12364301,2779
12367165,2783
12370035,2778
12372917,2783
12375785,2789
12378662,2780
12381530,2780
12384396,2778
12387261,2780
12390126,2791
12393004,2781
12395895,2779
12398759,2788
12401632,2780
12404499,2780
12407365,2775
12410227,2779
12413092,2796
12415973,2778
12418839,2793
12421718,2786
12424592,2780
12427458,2784
12430329,2781
12433196,2778
12436059,2781
12438940,2780
12441806,2805
12444697,2790
12447575,2780
12450443,2779
12453306,2779
12456172,2788
12459045,2781
12461928,2783
12464798,2786
12467671,2780
12470535,2779
12473403,2781
12476272,2776
12479136,2806
12482028,2780
12484968,2780
12487834,2792
12490711,2787
12493583,2777
12496448,2780
12499316,2777
12502179,2786
12505050,2778
12507953,2781
12510820,2842
12513749,2790
12516627,2779
12519494,2781
12522361,2782
12525231,2782
12528099,2802
12530989,2779
12533855,2796
12536737,2789
12539611,2778
12542474,2782
12545348,2777
12548212,2780
12551078,2776
12554008,2779
12556889,2783
12559759,2786
12562633,2781
12565499,2780
12568367,2781
12571233,2778
12574098,2798
12576981,2780
12579854,2813
12582752,2789
12585634,2784
12588505,2782
12591374,2780
12594240,2781
12597108,2792
12599985,2779
12602859,2787
12605730,2786
12608602,2781
12611467,2779
12614334,2779
12617198,2775
12620065,2778
12622982,2780
12625849,2844
12628778,2787
12631653,2779
12634516,2779
12637388,2781
12640255,2778
12643122,2787
12645995,2779
12648862,2803
12651751,2786
12654629,2780
12657495,2778
12660361,2781
12663226,2778
12666089,2798
12668970,2780
12671837,2818
12674743,2786
12677617,2779
12680480,2778
12683344,2780
12686210,2776
12689073,2780
12691954,2783
12694826,2835
12697747,2788
12700625,2781
12703492,2781
12706361,2779
12709226,2778
12712092,2819
12714995,2782
12717863,2844
12720793,2782
12723663,2784
12726536,2780
12729410,2781
12732277,2780
12735143,2788
12738018,2782
12740918,2784
12743789,2785
12746660,2779
12749527,2780
12752396,2776
12755257,2780
12758123,2805
12761014,2779
12763887,2780
12766751,2789
12769630,2780
12772496,2780
12775362,2780
12778227,2777
12781093,2792
12783972,2781
12786843,2787
12789717,2784
12792589,2784
12795458,2779
12798325,2779
12801190,2780
12804059,2778
12806945,2781
12809812,2859
12812756,2789
12815630,2779
12818495,2779
12821363,2778
12824229,2780
12827101,2791
12829977,2778
12832841,2803
12835730,2784
12838601,2781
12841467,2783
12844337,2780
12847202,2775
12850064,2779
12852954,2781
12855820,2874
12858780,2786
12861654,2781
12864520,2776
12867389,2780
12870255,2779
12873127,2786
12876007,2778
12878901,2781
12881768,2787
12884645,2779
12887509,2778
12890374,2781
12893240,2777
12896102,2784
12898972,2777
12901837,2804
12904726,2784
12907596,2781
12910464,2779
12913330,2778
12916193,2782
12919062,2777
12921934,2783
12924803,2788
12927679,2779
12930544,2778
12933407,2776
12936269,2776
12939131,2792
12942011,2780
12944901,2781
12947766,2785
12950637,2778
12953500,2777
12956363,2776
12959225,2781
12962093,2795
12964974,2776
12967836,2788
12970711,2807
12973607,2778
12976473,2781
12979341,2780
12982209,2778
12985073,2778
12987955,2782
12990823,2836
12993746,2789
12996622,2778
12999490,2782
13002359,2776
13005221,2778
13008086,2777
13011010,2781
13013898,2784
13016769,2787
13019646,2781
13022511,2780
13025376,2779
13028243,2779
13031109,2817
13034012,2782
13036904,2780
13039769,2787
13042644,2778
13045509,2777
13048371,2780
13051237,2780
13054103,2794
13056984,2778
13059848,2792
13062726,2786
13065598,2777
13068462,2780
13071330,2778
13074194,2780
13077059,2780
13079939,2779
13082804,2804
13085695,2786
13088567,2781
13091434,2778
13094296,2781
13097163,2788
13100039,2780
13102918,2781
13105785,2790
13108662,2780
13111527,2778
13114392,2780
13117258,2779
13120123,2790
13122999,2778
13125864,2810
13128759,2784
13131629,2779
13134495,2780
13137363,2779
13140226,2779
13143091,2807
13145982,2778
13148846,2835
13151768,2789
13154644,2780
13157510,2779
13160375,2778
13163237,2779
13166100,2784
13168971,2779
13171836,2795
13174718,2783
13177587,2779
13180451,2779
13183316,2778
13186181,2782
13189050,2781
13191940,2779
13194804,2807
13197695,2786
13200568,2779
13203433,2778
13206299,2783
13209169,2785
13212039,2781
13214918,2781
13217788,2788
13220660,2782
13223529,2784
13226398,2783
13229268,2780
13232133,2791
13235011,2783
13237906,2780
13240771,2787
13243657,2781
13246524,2780
13249390,2780
13252257,2779
13255122,2797
13258005,2780
13260889,2781
13263756,2791
13266633,2781
13269499,2778
13272366,2778
13275233,2777
13278094,2785
13280964,2779
13283830,2826
13286741,2788
13289616,2779
13292481,2780
13295345,2781
13298211,2775
13301072,2777
13303953,2782
13306826,2822
13309735,2786
13312606,2781
13315472,2780
13318340,2780
13321206,2779
13324071,2780
13326968,2783
13329836,2792
13332714,2786
13335586,2783
13338456,2779
13341326,2780
13344194,2779
13347058,2780
13349936,2779
13352802,2806
13355693,2785
13358564,2778
13361427,2779
13364293,2779
13367158,2854
13370097,2789
13372971,2784
13375842,2787
13378715,2788
13381587,2780
13384453,2782
13387321,2778
13390184,2783
13393053,2779
13396009,2783
13398894,2782
13401765,2790
13404640,2779
13407508,2780
13410375,2779
13413242,2782
13416107,2821
13419013,2780
13421885,2779
13424753,2788
13427627,2779
13430492,2780
13433359,2777
13436222,2779
13439086,2796
13441970,2779
13444837,2805
13447726,2787
13450597,2780
13453464,2778
13456328,2775
13459190,2783
13462059,2778
13464993,2783
13467861,2801
13470749,2788
13473623,2781
13476494,2779
13479360,2781
13482234,2778
13485097,2784
13487968,2780
13490834,2809
13493733,2788
13496607,2780
13499472,2781
13502337,2777
13505200,2777
13508062,2775
13510941,2782
13513815,2788
13516690,2774
13519549,2779
13522415,2779
13525280,2775
13528142,2792
13531032,2783
13533920,2776
13536785,2789
13539660,2778
13542526,2779
13545389,2781
13548257,2782
13551123,2805
13554014,2777
13556895,2779
13559762,2787
13562636,2777
13565498,2784
13568366,2776
13571229,2778
13574091,2795
13576977,2781
13579844,2811
13582740,2791
13585620,2780
13588488,2780
13591354,2780
13594226,2781
13597093,2805
13599984,2780
13602849,2791
13605727,2786
13608600,2781
13611475,2782
13614345,2782
13617218,2780
13620083,2777
13622955,2782
13625824,2833
13628744,2791
13631622,2779
13634488,2779
13637353,2779
13640224,2779
13643088,2774
13646012,2778
13648900,2784
13651772,2785
13654645,2780
13657511,2777
13660374,2782
13663242,2777
13666105,2831
13669021,2780
13671917,2780
13674782,2785
13677654,2779
13680518,2779
13683384,2780
13686251,2775
13689114,2785
13691983,2779
13694848,2803
13697737,2786
13700610,2780
13703477,2777
13706341,2779
13709205,2779
13712070,2779
13714954,2778
13717820,2795
13720704,2785
13723577,2778
13726440,2779
13729304,2779
13732170,2787
13735042,2783
13737935,2783
13740807,2806
13743700,2786
13746574,2781
13749440,2778
13752305,2777
13755168,2788
13758041,2777
13760921,2782
13763788,2785
13766664,2779
13769530,2777
13772392,2780
13775256,2777
13778119,2784
13780988,2777
13783852,2799
13786738,2786
13789610,2780
13792477,2776
13795339,2778
13798202,2775
13801063,2779
13803955,2780
13806821,2813
13809720,2783
13812594,2781
13815460,2777
13818323,2780
13821189,2784
13824061,2778
13826932,2777
13829795,2786
13832666,2777
13835536,2780
13838401,2776
13841264,2780
13844127,2791
13847004,2778
13849873,2776
13852737,2789
13855611,2775
13858471,2780
13861336,2775
13864197,2779
13867061,2778
13869935,2781
13872802,2799
13875687,2781
13878554,2780
13881422,2778
13884285,2776
13887149,2790
13890025,2783
13892899,2780
13895766,2789
13898642,2777
13901505,2780
13904370,2779
13907233,2780
13910098,2822
13913006,2780
13915889,2777
13918751,2785
13921623,2777
13924487,2782
13927355,2778
13930217,2778
13933087,2811
13935983,2777
13938845,2851
13941794,2798
13944679,2776
13947548,2785
13950421,2781
13953290,2781
13956160,2785
13959033,2782
13961927,2778
13964793,2829
13967709,2787
13970589,2783
13973458,2776
13976320,2783
13979196,2778
13982062,2779
13984946,2778
13987813,2797
13990698,2786
13993570,2783
13996438,2778
13999302,2780
14002169,2786
14005042,2781
14007916,2776
14010780,2800
14013664,2781
14016532,2781
14019398,2778
14022264,2781
14025130,2789
14028007,2781
14030901,2775
14033761,2788
14036634,2778
14039498,2781
14042366,2776
14045227,2778
14048089,2810
14050986,2783
14053854,2810
14056749,2789
14059624,2779
14062489,2782
14065358,2776
14068222,2779
14071088,2776
14073997,2779
14076860,2829
14079777,2790
14082654,2778
14085522,2780
14088388,2776
14091249,2781
14094114,2805
14097005,2779
14099890,2779
14102756,2787
14105631,2780
14108496,2778
14111361,2778
14114224,2779
14117089,2795
14119970,2782
14122840,2808
14125732,2786
14128603,2780
14131470,2779
14134335,2779
14137200,2775
14140061,2780
14142947,2778
14145811,2787
14148684,2778
14151548,2779
14154413,2780
14157281,2779
14160146,2785
14163015,2784
14165905,2781
14168774,2786
14171648,2781
14174515,2781
14177385,2777
14180247,2777
14183110,2827
14186020,2783
14188927,2787
14191803,2789
14194686,2785
14197558,2781
14200427,2784
14203298,2781
14206167,2790
14209043,2779
14211918,2780
14214784,2784
14217655,2785
14220528,2781
14223396,2778
14226259,2778
14229130,2835
14232051,2780
14234989,2781
14237856,2801
14240749,2790
14243626,2778
14246494,2781
14249361,2775
14252223,2781
14255090,2797
14257974,2780
14260840,2810
14263744,2784
14266613,2777
14269477,2780
14272342,2780
14275208,2783
14278081,2781
14280949,2782
14283817,2827
14286733,2785
14289609,2780
14292476,2777
14295339,2778
14298202,2774
14301062,2780
14303940,2782
14306814,2794
14309696,2786
14312568,2781
14315432,2779
14318299,2778
14321163,2787
14324036,2780
14326943,2775
14329805,2807
14332696,2790
14335572,2780
14338437,2779
14341302,2779
14344171,2787
14347056,2778
14349935,2781
14352803,2806
14355696,2785
14358568,2780
14361433,2776
14364296,2778
14367159,2787
14370038,2782
14372922,2781
14375789,2790
14378664,2777
14381529,2777
14384391,2778
14387257,2782
14390125,2813
14393025,2784
14395898,2779
14398762,2787
14401635,2777
14404499,2780
14407365,2778
14410230,2779
14413095,2783
14415967,2779
14418831,2815
14421733,2790
14424610,2777
14427473,2781
14430339,2777
14433202,2779
14436066,2774
14438932,2780
14441799,2791
14444680,2782
14447548,2780
14450415,2780
14453280,2776
14456142,2789
14459015,2781
14461912,2782
14464780,2783
14467649,2778
14470515,2776
14473378,2779
14476241,2778
14479104,2809
14482000,2780
14484873,2781
14487739,2783
14490608,2781
14493474,2777
14496337,2778
14499200,2777
14502065,2778
14504944,2776
14507806,2835
14510729,2787
14513604,2783
14516472,2779
14519336,2779
14522202,2780
14525070,2781
14527954,2782
14530824,2838
14533748,2791
14536625,2780
14539490,2779
14542357,2780
14545222,2777
14548085,2821
14550992,2780
14553857,2801
14556745,2787
14559617,2782
14562485,2780
14565352,2779
14568217,2778
14571081,2780
14573947,2778
14576811,2807
14579703,2786
14582577,2782
14585445,2779
14588312,2778
14591175,2787
14594050,2782
14597023,2779
14599901,2786
14602774,2790
14605653,2781
14608517,2777
14611382,2783
14614251,2779
14617117,2824
14620027,2781
14622923,2782
14625789,2781
14628657,2781
14631522,2777
14634385,2781
14637252,2779
14640117,2785
14642987,2778
14645850,2801
14648737,2785
14651608,2779
14654471,2776
14657334,2779
14660196,2779
14663061,2781
14665935,2779
14668806,2796
14671688,2777
14674550,2781
14677416,2779
14680286,2780
14683151,2788
14686027,2785
14688923,2782
14691793,2800
14694679,2781
14697545,2780
14700411,2780
14703282,2781
14706149,2783
14709020,2780
14711903,2783
14714782,2791
14717660,2783
14720528,2782
14723398,2779
14726265,2780
14729129,2784
14731999,2781
14734884,2778
14737749,2788
14740625,2775
14743487,2777
14746348,2778
14749212,2782
14752079,2777
14754971,2777
14757837,2791
14760716,2787
14763589,2783
14766458,2778
14769320,2779
14772184,2786
14775057,2776
14777934,2781
14780800,2789
14783676,2780
14786540,2782
14789410,2780
14792275,2778
14795140,2788
14798013,2778
14800938,2781
14803803,2787
14806678,2783
14809546,2777
14812410,2779
14815275,2780
14818143,2788
14821014,2776
14823894,2782
14826763,2798
14829650,2780
14832518,2783
14835389,2779
14838256,2778
14841120,2841
14844047,2779
14846932,2781
14849800,2786
14852678,2780
14855542,2780
14858409,2782
14861276,2780
14864142,2788
14867015,2779
14869887,2781
14872753,2788
14875627,2783
14878496,2780
14881362,2782
14884231,2779
14887100,2819
14890004,2776
14892877,2786
14895749,2786
14898623,2780
14901490,2777
14904357,2781
14907223,2779
14910090,2789
14912962,2777
14915824,2828
14918737,2783
14921608,2778
14924473,2778
14927339,2781
14930203,2782
14933072,2780
14935966,2780
14938835,2797
14941719,2789
14944595,2779
14947459,2782
14950327,2780
14953193,2780
14956060,2778
14958939,2780
14961805,2807
14964700,2786
14967574,2780
14970440,2777
14973303,2778
14976167,2788
14979045,2778
14981919,2782
14984787,2786
14987659,2780
14990525,2783
14993394,2779
14996259,2780
14999129,2810
15002026,2779
15004961,2778
15007823,2789
15010698,2787
15013573,2779
15016441,2778
15019305,2778
15022170,2789
15025044,2779
15027930,2783
15030800,2800
15033687,2780
15036554,2782
15039423,2779
15042287,2780
15045151,2781
15048019,2781
15050893,2778
15053756,2787
15056636,2779
15059501,2777
15062363,2780
15065228,2778
15068095,2803
15070984,2779
15073854,2805
15076744,2783
15079614,2781
15082490,2779
15085356,2779
15088220,2777
15091083,2780
15093989,2780
15096855,2803
15099743,2786
15102614,2779
15105478,2778
15108342,2776
15111204,2777
15114067,2776
15116949,2780
15119815,2809
15122708,2785
15125579,2781
15128447,2780
15131313,2779
15134176,2784
15137046,2779
15139915,2776
15142777,2789
15145654,2776
15148514,2778
15151378,2780
15154242,2780
15157108,2820
15160012,2777
15162893,2779
15165758,2788
15168632,2779
15171498,2778
15174361,2779
15177227,2781
15180097,2803
15182988,2778
15185852,2801
15188742,2792
15191629,2785
15194500,2778
15197373,2782
15200243,2781
15203110,2787
15205983,2782
15208853,2810
15211750,2787
15214626,2783
15217495,2782
15220362,2779
15223226,2780
15226093,2786
15228968,2777
15231834,2787
15234708,2785
15237579,2782
15240446,2780
15243312,2781
15246179,2785
15249049,2777
15251919,2780
15254787,2790
15257661,2779
15260525,2779
15263390,2781
15266258,2778
15269122,2836
15272043,2777
15274929,2781
15277797,2796
15280680,2780
15283547,2777
15286411,2781
15289279,2780
15292145,2785
15295014,2778
15297909,2778
15300773,2785
15303645,2782
15306514,2781
15309385,2779
15312251,2776
15315113,2806
15318003,2777
15320878,2783
15323753,2787
15326627,2777
15329489,2779
15332352,2780
15335220,2779
15338084,2805
15340977,2781
15343845,2833
15346764,2786
15349636,2779
15352503,2777
15355365,2778
15358228,2780
15361096,2787
15363967,2781
15366833,2804
15369723,2784
15372593,2780
15375459,2780
15378325,2778
15381187,2782
15384053,2782
15386946,2779
15389810,2822
15392718,2790
15395596,2779
15398459,2781
15401329,2782
15404196,2786
15407082,2778
15409947,2781
15412819,2793
15415700,2783
15418571,2781
15421436,2777
15424317,2784
15427190,2779
15430056,2779
15432950,2779
15435814,2804
15438706,2785
15441576,2781
15444443,2777
15447306,2779
15450186,2783
15453056,2777
15455936,2778
15458801,2804
15461691,2776
15464554,2781
15467421,2777
15470285,2780
15473149,2784
15476019,2783
15478906,2775
15481769,2789
15484647,2776
15487515,2778
15490377,2774
15493236,2780
15496102,2794
15498981,2778
15501847,2785
15504719,2790
15507597,2775
15510456,2775
15513316,2775
15516178,2783
15519047,2776
15521915,2784
15524785,2783
15527655,2781
15530521,2777
15533383,2781
15536249,2776
15539111,2822
15542018,2778
15544906,2780
15547771,2780
15550637,2780
15553503,2777
15556370,2777
15559230,2777
15562093,2812
15564990,2778
15567853,2800
15570738,2781
15573604,2780
15576471,2776
15579333,2780
15582200,2783
15585077,2785
15587952,2785
15590826,2831
15593744,2786
15596617,2782
15599492,2780
15602359,2778
15605222,2780
15608087,2808
15610980,2780
15613846,2789
15616720,2784
15619591,2782
15622459,2778
15625324,2778
15628188,2782
15631057,2780
15633928,2777
15636791,2785
15639661,2776
15642524,2774
15645385,2776
15648248,2779
15651119,2821
15654025,2779
15656910,2777
15659772,2784
15662643,2780
15665509,2779
15668379,2781
15671246,2780
15674112,2785
15676982,2785
15679857,2809
15682754,2785
15685627,2776
15688489,2781
15691354,2779
15694219,2781
15697083,2777
15699973,2779
15702841,2791
15705718,2790
15708596,2779
15711460,2777
15714324,2781
15717191,2782
15720058,2778
15722927,2780
15725795,2784
15728664,2777
15731525,2779
15734388,2777
15737252,2776
15740113,2839
15743038,2779
15745908,2782
15748775,2790
15751650,2779
15754517,2775
15757377,2780
15760244,2777
15763109,2784
15765977,2779
15768843,2802
15771731,2783
15774601,2778
15777464,2776
15780327,2781
15783194,2775
15786054,2783
15788951,2779
15791818,2815
15794719,2787
15797593,2780
15800459,2779
15803325,2781
15806193,2778
15809058,2782
15811971,3314
15815398,2794
15818292,2783
15821165,2792
15824053,2787
15826979,2781
15829848,2790
15832726,2784
15835598,2782
15838465,2775
15841328,2782
15844197,2775
15847059,2780
15849929,2781
15852798,2810
15855696,2785
15858569,2782
15861438,2778
15864308,2781
15867176,2783
15870044,2781
15872928,2778
15875798,2806
15878690,2777
15881556,2782
15884424,2774
15887284,2778
15890148,2788
15893025,2783
15895903,2778
15898768,2788
15901641,2779
15904505,2779
15907368,2778
15910234,2778
15913099,2822
15916010,2785
15918906,2781
15921774,2786
15924647,2778
15927512,2777
15930375,2773
15933236,2780
15936102,2836
15939058,2779
15941936,2781
15944804,2806
15947697,2785
15950569,2781
15953436,2778
15956301,2778
15959164,2790
15962040,2782
15964912,2778
15967783,2788
15970658,2779
15973522,2778
15976384,2781
15979252,2779
15982116,2818
15985020,2779
15987911,2779
15990775,2787
15993650,2778
15996515,2781
15999381,2775
16002241,2780
16005108,2832
16008027,2778
16010909,2778
16013773,2790
16016650,2779
16019514,2777
16022377,2781
16025245,2782
16028113,2785
16030982,2782
16033849,2807
16036749,2788
16039623,2777
16042487,2778
16045353,2776
16048217,2781
16051082,2777
16053961,2780
16056827,2787
16059703,2789
16062579,2778
16065442,2782
16068308,2781
16071176,2784
16074046,2777
16076921,2781
16079788,2784
16082659,2779
16085524,2777
16088389,2779
16091253,2776
16094117,2835
16097036,2781
16099977,2782
16102844,2790
16105722,2786
16108595,2779
16111463,2780
16114329,2776
16117192,2780
16120056,2779
16122949,2779
16125815,2812
16128715,2789
16131592,2778
16134457,2788
16137382,2790
16140272,2792
16143159,2797
16146047,2786
16148938,2782
16151811,2797
16154698,2790
16157576,2785
16160448,2782
16163320,2784
16166193,2781
16169062,2785
16172015,2784
16174905,2782
16177778,2790
16180657,2780
16183524,2780
16186403,2785
16189279,2780
16192148,2789
16195024,2781
16197922,2780
16200787,2787
16203661,2778
16206526,2777
16209390,2779
16212256,2781
16215124,2795
16218005,2782
16220894,2781
16223763,2789
16226639,2781
16229506,2780
16232375,2780
16235242,2781
16238107,2786
16240979,2779
16243845,2799
16246732,2788
16249608,2778
16252474,2782
16255342,2780
16258209,2779
16261074,2774
16263976,2782
16266851,2800
16269739,2792
16272619,2780
16275484,2782
16278351,2780
16281218,2780
16284083,2778
16286957,2784
16289829,2810
16292725,2785
16295594,2780
16298462,2780
16301329,2777
16304194,2780
16307062,2780
16309948,2780
16312814,2794
16315694,2786
16318568,2780
16321434,2779
16324302,2779
16327166,2785
16330036,2777
16332906,2780
16335774,2786
16338647,2780
16341514,2779
16344380,2779
16347245,2779
16350109,2828
16353020,2780
16355912,2782
16358782,2792
16361662,2780
16364530,2780
16367395,2781
16370261,2779
16373126,2784
16375995,2776
16378859,2800
16381746,2787
16384620,2781
16387485,2775
16390347,2777
16393211,2777
16396075,2779
16398960,2780
16401825,2878
16404789,2789
16407668,2782
16410537,2780
16413406,2782
16416276,2778
16419142,2788
16422013,2784
16424901,2781
16427767,2787
16430641,2779
16433507,2775
16436369,2781
16439235,2779
16442108,2797
16444992,2778
16447860,2789
16450738,2786
16453612,2781
16456478,2777
16459343,2777
16462207,2775
16465070,2780
16467963,2778
16470829,2813
16473729,2783
16476598,2776
16479461,2777
16482326,2779
16485197,2779
16488063,2780
16490945,2777
16493811,2789
16496688,2779
16499554,2780
16502420,2779
16505286,2782
16508153,2787
16511028,2781
16513920,2783
16516789,2787
16519662,2778
16522530,2780
16525399,2777
16528261,2778
16531128,2809
16534023,2775
16536950,2775
16539811,2810
16542710,2785
16545582,2780
16548450,2778
16551315,2778
16554186,2784
16557058,2778
16559956,2777
16562821,2787
16565696,2789
16568572,2777
16571436,2777
16574299,2775
16577161,2783
16580031,2781
16582915,2784
16585788,2790
16588664,2782
16591539,2783
16594409,2777
16597274,2780
16600140,2787
16603014,2781
16605900,2780
16608767,2786
16611639,2777
16614508,2780
16617374,2778
16620239,2780
16623103,2818
16626007,2781
16628906,2776
16631770,2789
16634645,2779
16637517,2781
16640382,2774
16643241,2780
16646107,2787
16648980,2785
16651851,2788
16654728,2789
16657602,2776
16660467,2782
16663335,2781
16666202,2779
16669067,2779
16671996,2780
16674862,2789
16677738,2790
16680615,2782
16683485,2779
16686350,2782
16689217,2778
16692081,2779
16694953,2777
16697816,2849
16700749,2790
16703626,2781
16706494,2779
16709361,2776
16712222,2780
16715093,2787
16717964,2778
16720828,2828
16723741,2785
16726616,2780
16729484,2777
16732348,2779
16735212,2778
16738077,2784
16740949,2779
16743814,2789
16746692,2787
16749566,2778
16752431,2776
16755295,2779
16758159,2786
16761032,2779
16763921,2776
16766783,2785
16769655,2780
16772522,2781
16775389,2779
16778255,2782
16781125,2805
16784016,2779
16786900,2785
16789772,2787
16792646,2781
16795513,2782
16798384,2781
16801251,2780
16804116,2824
16807024,2779
16809895,2780
16812763,2787
16815637,2779
16818502,2779
16821368,2779
16824232,2777
16827096,2802
16829982,2782
16832853,2808
16835746,2786
16838619,2784
16841489,2783
16844358,2778
16847222,2780
16850089,2804
16852979,2778
16855844,2791
16858721,2787
16861595,2776
16864459,2779
16867324,2779
16870191,2781
16873058,2775
16875991,2785
16878864,2799
16881755,2789
16884630,2779
16887497,2783
16890367,2780
16893234,2779
16896099,2836
16899028,2783
16901919,2780
16904786,2791
16907664,2779
16910529,2778
16913394,2778
16916259,2776
16919121,2781
16921998,2784
16924894,2781
16927763,2790
16930638,2780
16933506,2780
16936371,2781
16939238,2780
16942104,2796
16944986,2781
16947853,2796
16950737,2787
16953610,2779
16956475,2783
16959345,2778
16962209,2779
16965073,2777
16967959,2781
16970827,2825
16973739,2789
16976614,2779
16979478,2782
16982347,2777
16985213,2780
16988079,2779
16990999,2779
16993896,2778
16996762,2786
16999635,2782
17002502,2778
17005366,2778
17008231,2775
17011093,2802
17013980,2780
17016853,2838
17019776,2788
17022651,2780
17025517,2779
17028383,2780
17031251,2780
17034118,2825
17037028,2776
17039907,2782
17042775,2786
17045648,2778
17048514,2784
17051385,2776
17054248,2779
17057111,2822
17060016,2780
17062909,2780
17065776,2795
17068664,2782
17071531,2781
17074400,2777
17077262,2779
17080128,2794
17083007,2780
17085892,2779
17088757,2784
17091628,2779
17094490,2778
17097354,2780
17100222,2778
17103086,2797
17105971,2779
17108837,2802
17111723,2787
17114596,2780
17117461,2781
17120329,2776
17123192,2779
17126058,2776
17128947,2782
17131816,2834
17134737,2786
17137612,2780
17140479,2779
17143347,2781
17146213,2778
17149077,2779
17151958,2777
17154822,2793
17157703,2788
17160578,2778
17163441,2779
17166306,2777
17169171,2786
17172044,2778
17174917,2781
17177784,2786
17180656,2781
17183524,2782
17186390,2779
17189255,2780
17192122,2809
17195019,2776
17197901,2779
17200766,2787
17203639,2777
17206504,2778
17209367,2780
17212237,2779
17215100,2785
17217970,2780
17220835,2839
17223767,2789
17226644,2780
17229510,2779
17232373,2779
17235238,2781
17238106,2819
17241011,2778
17243891,2780
17246757,2787
17249632,2779
17252498,2779
17255362,2779
17258226,2778
17261092,2805
17263982,2778
17266846,2792
17269724,2789
17272600,2777
17275464,2775
17278324,2780
17281191,2780
17284056,2776
17286955,2778
17289834,2807
17292728,2790
17295606,2778
17298472,2780
17301338,2781
17304205,2780
17307073,2778
17309944,2779
17312815,2787
17315687,2781
17318554,2780
17321420,2777
17324282,2782
17327150,2823
17330061,2782
17332959,2780
17335824,2788
17338699,2790
17341575,2780
17344442,2779
17347309,2778
17350172,2787
17353044,2779
17355929,2781
17358796,2824
17361706,2787
17364582,2782
17367450,2780
17370314,2780
17373180,2782
17376048,2775
17378919,2781
17381785,2787
17384659,2782
17387530,2779
17390397,2780
17393262,2778
17396130,2821
17399038,2780
17401973,2779
17404837,2790
17407714,2789
17410590,2780
17413459,2780
17416325,2779
17419189,2783
17422057,2780
17424950,2780
17427815,2790
17430694,2786
17433566,2779
17436432,2780
17439296,2777
17442159,2788
17445033,2779
17447906,2780
17450773,2789
17453647,2777
17456510,2780
17459377,2778
17462242,2776
17465107,2836
17468027,2780
17470959,2779
17473822,2785
17476695,2784
17479564,2780
17482432,2779
17485297,2777
17488160,2790
17491034,2780
17493928,2782
17496794,2785
17499665,2781
17502533,2780
17505400,2780
17508263,2778
17511126,2797
17514007,2780
17516912,2781
17519782,2785
17522654,2782
17525524,2777
17528385,2776
17531246,2780
17534112,2788
17536987,2781
17539854,2790
17542730,2784
17545600,2779
17548465,2774
17551327,2780
17554191,2779
17557056,2782
17559948,2778
17562812,2803
17565700,2791
17568579,2780
17571446,2778
17574310,2780
17577177,2787
17580051,2779
17582931,2787
17585805,2789
17588683,2783
17591552,2782
17594420,2782
17597287,2779
17600155,2802
17603042,2785
17605980,2782
17608848,2793
17611728,2787
17614599,2778
17617467,2778
17620331,2777
17623195,2781
17626061,2779
17628952,2779
17631817,2838
17634743,2791
17637621,2779
17640490,2782
17643358,2779
17646222,2778
17649086,2796
17651970,2780
17654838,2823
17657756,2791
17660636,2780
17663504,2781
17666371,2780
17669237,2782
17672107,2823
17675015,2780
17677898,2781
17680764,2788
17683638,2778
17686508,2779
17689376,2784
17692248,2780
17695119,2790
17697996,2778
17700863,2811
17703761,2787
17706635,2780
17709503,2778
17712369,2776
17715231,2777
17718094,2799
17720980,2781
17723849,2788
17726724,2785
17729598,2779
17732464,2779
17735328,2779
17738193,2782
17741060,2779
17743936,2779
17746802,2803
17749691,2776
17752553,2779
17755424,2777
17758287,2778
17761151,2793
17764030,2778
17766918,2779
17769781,2789
17772656,2781
17775523,2778
17778389,2778
17781253,2777
17784116,2787
17786988,2778
17789853,2811
17792752,2787
17795626,2780
17798491,2777
17801355,2780
17804219,2779
17807084,2779
17809954,2781
17812826,2793
17815705,2787
17818579,2782
17821447,2779
17824318,2779
17827182,2784
17830053,2782
17832951,2780
17835817,2850
17838753,2788
17841629,2782
17844498,2779
17847365,2780
17850232,2777
17853096,2790
17855969,2776
17858832,2804
17861721,2783
17864592,2782
17867460,2779
17870326,2779
17873189,2782
17876056,2781
17878957,2786
17881832,2795
17884715,2789
17887592,2778
17890455,2778
17893325,2780
17896191,2780
17899059,2781
17901933,2780
17904800,2809
17907696,2788
17910571,2779
17913436,2780
17916309,2780
17919176,2785
17922047,2776
17924919,2779
17927786,2787
17930660,2779
17933526,2782
17936395,2778
17939259,2781
17942125,2791
17945002,2779
17947897,2778
17950763,2790
17953639,2778
17956503,2780
17959369,2777
17962233,2779
17965099,2785
17967970,2779
17970834,2788
17973709,2788
17976582,2782
17979449,2782
17982316,2780
17985182,2784
17988051,2781
17990949,2780
17993814,2801
17996703,2788
17999579,2775
18002440,2780
18005306,2780
18008174,2783
18011043,2776
18013916,2780
18016781,2789
18019656,2779
18022522,2780
18025401,2781
18028267,2776
18031133,2803
18034021,2775
18036948,2779
18039812,2794
18042693,2787
18045565,2777
18048430,2783
18051298,2777
18054163,2789
18057036,2778
18059932,2779
18062796,2784
18065668,2780
18068536,2778
18071401,2781
18074266,2781
18077135,2793
18080014,2779
18082897,2783
18085770,2787
18088644,2781
18091508,2781
18094374,2778
18097238,2777
18100106,2841
18103032,2777
18105917,2780
18108781,2790
18111657,2780
18114522,2776
18117384,2781
18120252,2779
18123141,2790
18126017,2782
18128916,2782
18131784,2785
18134656,2781
18137522,2780
18140390,2780
18143255,2778
18146120,2879
18149084,2791
18151961,2783
18154831,2786
18157705,2790
18160580,2779
18163446,2784
18166317,2781
18169191,2781
18172058,2778
18174978,2783
18177846,2787
18180721,2788
18183594,2778
18186460,2781
18189326,2779
18192194,2782
18195062,2779
18197952,2780
18200818,2837
18203743,2789
18206620,2778
18209484,2780
18212349,2780
18215215,2779
18218079,2779
18220955,2781
18223821,2823
18226731,2791
18229608,2781
18232475,2779
18235340,2778
18238208,2778
18241071,2777
18244006,2779
18246887,2782
18249757,2790
18252635,2780
18255501,2777
18258363,2780
18261231,2776
18264094,2811
18266990,2778
18269860,2805
18272750,2785
18275621,2781
18278487,2777
18281351,2778
18284214,2778
18287083,2779
18289960,2784
18292828,2873
18295786,2789
18298661,2779
18301525,2776
18304393,2780
18307260,2777
18310123,2790
18313000,2781
18315896,2781
18318764,2785
18321635,2780
18324502,2778
18327366,2776
18330227,2777
18333090,2786
18335961,2778
18338825,2790
18341707,2784
18344576,2777
18347438,2783
18350308,2777
18353173,2784
18356044,2777
18358923,2780
18361788,2786
18364661,2777
18367524,2802
18370414,2778
18373285,2777
18376149,2785
18379021,2777
18381902,2780
18384770,2785
18387643,2777
18390505,2778
18393380,2778
18396245,2777
18399107,2785
18401976,2781
18404842,2808
18407736,2788
18410612,2778
18413476,2777
18416339,2780
18419204,2777
18422068,2779
18424936,2779
18427799,2786
18430672,2780
18433538,2777
18436400,2779
18439266,2777
18442132,2797
18445015,2779
18447946,2779
18450810,2791
18453686,2777
18456550,2778
18459415,2782
18462283,2778
18465149,2786
18468020,2777
18470902,2779
18473765,2784
18476636,2783
18479505,2781
18482373,2778
18485237,2778
18488106,2839
18491031,2780
18493965,2778
18496829,2789
18499704,2786
18502576,2780
18505445,2780
18508310,2779
18511181,2783
18514047,2777
18516916,2779
18519781,2797
18522665,2781
18525536,2780
18528404,2779
18531270,2779
18534136,2783
18537004,2779
18539901,2782
18542769,2785
18545641,2779
18548504,2779
18551371,2779
18554237,2777
18557102,2812
18559999,2780
18562864,2843
18565791,2790
18568667,2780
18571532,2778
18574402,2778
18577266,2775
18580132,2788
18583005,2783
18585905,2781
18588773,2783
18591643,2781
18594510,2780
18597380,2777
18600241,2778
18603105,2809
18605999,2781
18608878,2780
18611743,2790
18614627,2779
18617491,2777
18620357,2781
18623225,2779
18626091,2802
18628979,2778
18631846,2845
18634777,2789
18637654,2780
18640519,2777
18643388,2780
18646254,2778
18649119,2787
18651990,2781
18654863,2817
18657765,2785
18660636,2776
18663499,2778
18666363,2777
18669225,2781
18672093,2795
18674974,2777
18677838,2788
18680711,2787
18683584,2778
18686447,2779
18689313,2776
18692176,2784
18695047,2777
18697918,2778
18700782,2790
18703658,2780
18706525,2778
18709391,2781
18712258,2777
18715122,2797
18718006,2778
18720875,2775
18723736,2786
18726607,2780
18729479,2779
18732344,2779
18735215,2779
18738078,2778
18740970,2775
18743832,2839
18746760,2787
18749633,2780
18752501,2776
18755362,2777
18758225,2777
18761106,2788
18763981,2780
18766847,2783
18769718,2784
18772588,2783
18775456,2781
18778323,2781
18781191,2778
18784056,2778
18786976,2779
18789841,2790
18792717,2785
18795588,2777
18798457,2780
18801324,2780
18804190,2782
18807057,2779
18809950,2780
18812816,2843
18815748,2787
18818622,2779
18821486,2778
18824350,2781
18827218,2778
18830084,2778
18832952,2780
18835818,2820
18838724,2788
18841597,2783
18844467,2776
18847330,2776
18850195,2777
18853057,2777
18856013,2777
18858894,2780
18861764,2788
18864639,2778
18867507,2780
18870375,2780
18873242,2780
18876106,2823
18879014,2779
18881885,2776
18884754,2784
18887626,2776
18890487,2776
18893349,2780
18896216,2778
18899080,2779
18901951,2778
18904816,2836
18907738,2784
18910609,2779
18913475,2777
18916338,2778
18919202,2781
18922067,2777
18924955,2781
18927823,2786
18930702,2787
18933575,2777
18936438,2777
18939300,2778
18942173,2792
18945051,2780
18947948,2787
18950821,2833
18953740,2790
18956616,2777
18959481,2779
18962346,2778
18965212,2781
18968078,2777
18971003,2778
18973885,2783
18976756,2789
18979636,2780
18982502,2777
18985365,2782
18988233,2778
18991103,2822
18994010,2780
18996907,2781
18999773,2784
19002645,2779
19005511,2777
19008375,2780
19011240,2775
19014102,2838
19017025,2781
19019915,2781
19022782,2786
19025655,2778
19028519,2775
19031381,2774
19034245,2778
19037109,2788
19039984,2779
19042850,2787
19045723,2788
19048597,2780
19051461,2778
19054327,2780
19057191,2780
19060064,2778
19062950,2779
19065816,2854
19068754,2783
19071625,2780
19074489,2775
19077353,2779
19080217,2777
19083081,2782
19086000,2779
19088864,2810
19091760,2787
19094634,2778
19097499,2777
19100362,2779
19103226,2781
19106097,2789
19108973,2782
19111844,2790
19114722,2788
19117597,2781
19120463,2778
19123329,2780
19126194,2778
19129071,2779
19131961,2778
19134824,2815
19137725,2788
19140599,2782
19143467,2777
19146331,2780
19149197,2777
19152062,2780
19154947,2780
19157813,2812
19160711,2782
19163582,2778
19166445,2776
19169308,2780
19172173,2785
19175045,2782
19177943,2780
19180813,2789
19183688,2778
19186553,2781
19189419,2778
19192284,2781
19195149,2784
19198026,2778
19200907,2777
19203770,2788
19206643,2776
19209507,2779
19212371,2778
19215234,2779
19218100,2816
19221002,2782
19223888,2781
19226755,2789
19229631,2775
19232494,2782
19235363,2779
19238229,2778
19241092,2785
19243965,2779
19246830,2827
19249743,2787
19252620,2782
19255489,2779
19258352,2779
19261217,2779
19264081,2781
19266979,2781
19269846,2789
19272722,2787
19275596,2780
19278463,2778
19281326,2778
19284190,2779
19287054,2778
19289954,2784
19292826,2830
19295741,2788
19298613,2780
19301482,2779
19304346,2776
19307207,2779
19310072,2775
19312965,2779
19315830,2791
19318705,2787
19321579,2778
19324444,2777
19327308,2779
19330174,2784
19333045,2780
19335917,2780
19338783,2786
19341655,2778
19344520,2781
19347389,2781
19350258,2780
19353125,2796
19356006,2776
19358898,2783
19361770,2788
19364644,2779
19367510,2777
19370373,2781
19373280,2784
19376156,2792
19379034,2784
19381915,2779
19384781,2789
19387657,2779
19390525,2781
19393394,2781
19396260,2783
19399130,2796
19402012,2776
19404882,2780
19407748,2785
19410619,2780
19413484,2777
19416347,2778
19419211,2779
19422077,2781
19424945,2778
19427811,2848
19430742,2785
19433614,2783
19436482,2778
19439348,2780
19442214,2777
19445079,2780
19447951,2779
19450817,2828
19453731,2786
19456605,2781
19459474,2778
19462344,2781
19465210,2779
19468080,2784
19470957,2779
19473829,2789
19476704,2781
19479570,2781
19482436,2774
19485297,2778
19488160,2785
19491031,2780
19493921,2776
19496792,2788
19499667,2778
19502532,2783
19505401,2776
19508265,2779
19511130,2794
19514011,2779
19516893,2782
19519762,2785
19522634,2781
19525501,2780
19528374,2781
19531243,2777
19534104,2788
19536978,2780
19539843,2810
19542741,2786
19545614,2779
19548478,2779
19551340,2778
19554203,2778
19557066,2778
19559935,2783
19562804,2785
19565676,2780
19568540,2776
19571402,2777
19574265,2779
19577131,2793
19580011,2780
19582902,2880
19585940,2788
19588819,2796
19591703,2789
19594580,2783
19597454,2780
19600324,2782
19603194,2781
19606060,2780
19608954,2779
19611821,2845
19614754,2785
19617627,2780
19620494,2781
19623362,2778
19626225,2780
19629091,2788
19631967,2781
19634836,2790
19637714,2790
19640588,2775
19643449,2779
19646315,2782
19649183,2782
19652054,2777
19654939,2779
19657804,2807
19660695,2787
19663568,2782
19666437,2778
19669302,2778
19672168,2788
19675044,2778
19677913,2778
19680777,2788
19683652,2779
19686519,2779
19689385,2778
19692255,2779
19695118,2783
19697987,2784
19700855,2813
19703755,2789
19706629,2778
19709493,2779
19712358,2780
19715224,2778
19718085,2776
19721011,2781
19723897,2778
19726763,2788
19729638,2781
19732506,2778
19735369,2779
19738235,2780
19741100,2802
19743989,2777
19746852,2801
19749738,2787
19752610,2778
19755474,2779
19758340,2775
19761201,2779
19764066,2777
19766950,2778
19769812,2796
19772693,2788
19775569,2780
19778437,2780
19781304,2779
19784169,2785
19787038,2781
19789956,2780
19792823,2826
19795736,2785
19798612,2778
19801476,2781
19804342,2780
19807207,2778
19810071,2780
19812945,2780
19815811,2808
19818950,2789
19821859,2792
19824753,2800
19827643,2777
19830514,2784
19833386,2779
19836254,2779
19839118,2825
19842031,2784
19844922,2778
19847789,2789
19850665,2780
19853532,2777
19856394,2779
19859259,2779
19862124,2785
19865006,2781
19867882,2780
19870749,2788
19873623,2780
19876490,2781
19879358,2779
19882225,2781
19885097,2802
19887986,2779
19890852,2799
19893739,2788
19896613,2777
19899478,2779
19902345,2777
19905207,2779
19908071,2778
19910964,2784
19913834,2784
19916706,2785
19919578,2780
19922445,2780
19925309,2777
19928173,2785
19931043,2777
19933914,2778
19936779,2798
19939662,2781
19942528,2781
19945396,2782
19948266,2778
19951131,2804
19954019,2779
19956918,2782
19959787,2791
19962665,2780
19965532,2779
19968397,2777
19971257,2777
19974121,2784
19976991,2779
19979857,2787
19982731,2784
19985600,2776
19988460,2777
19991328,2781
19994193,2776
19997055,2776
19999946,2778
20002809,2803
20005696,2787
20008568,2781
20011434,2778
20014304,2779
20017175,2786
20020047,2781
20022935,2781
20025802,2804
20028692,2785
20031564,2780
20034431,2777
20037296,2778
20040157,2785
20043027,2778
20045925,2781
20048793,2792
20051672,2782
20054539,2779
20057405,2776
20060266,2780
20063130,2838
20066054,2780
20068935,2779
20071801,2789
20074677,2781
20077543,2777
20080404,2781
20083271,2783
20086143,2787
20089017,2780
20091888,2775
20094750,2790
20097636,2785
20100507,2779
20103374,2781
20106243,2778
20109107,2819
20112012,2779
20114904,2782
20117771,2789
20120647,2779
20123513,2781
20126379,2779
20129244,2776
20132106,2839
20135068,2780
20137948,2782
20140818,2829
20143734,2786
20146613,2783
20149484,2780
20152355,2782
20155222,2778
20158087,2797
20160968,2780
20163836,2806
20166728,2788
20169610,2782
20172477,2778
20175342,2781
20178210,2779
20181076,2780
20183948,2781
20186819,2838
20189743,2785
20192623,2813
20195523,2779
20198394,2784
20201264,2777
20204129,2801
20207015,2774
20209883,2782
20212751,2787
20215625,2781
20218493,2782
20221363,2781
20224231,2777
20227095,2811
20229989,2780
20232890,2780
20235759,2786
20238638,2781
20241505,2779
20244370,2779
20247234,2780
20250100,2786
20252972,2779
20255841,2797
20258723,2786
20261595,2780
20264460,2778
20267325,2779
20270188,2782
20273059,2780
20275953,2779
20278818,2849
20281753,2788
20284629,2779
20287494,2777
20290362,2783
20293230,2778
20296098,2789
20298971,2779
20301835,2826
20304746,2783
20307621,2779
20310486,2779
20313356,2779
20316220,2782
20319088,2788
20321965,2780
20324837,2790
20327714,2787
20330588,2783
20333458,2780
20336327,2780
20339192,2779
20342059,2780
20344949,2780
20347816,2804
20350705,2788
20353579,2780
20356446,2780
20359313,2782
20362181,2785
20365053,2778
20367993,2778
20370857,2802
20373745,2789
20376620,2782
20379489,2779
20382354,2777
20385216,2776
20388076,2781
20390962,2782
20393831,2824
20396741,2789
20399618,2788
20402496,2782
20405367,2783
20408236,2775
20411098,2827
20414013,2780
20416906,2783
20419775,2785
20422646,2785
20425518,2781
20428387,2782
20431252,2778
20434124,2812
20437020,2780
20439957,2779
20442823,2791
20445702,2789
20448576,2779
20451448,2782
20454316,2777
20457179,2791
20460105,2832
20463023,2781
20465960,2781
20468829,2789
20471704,2787
20474576,2779
20477446,2780
20480312,2777
20483176,2786
20486047,2777
20488929,2782
20491798,2800
20494685,2778
20497551,2782
20500423,2780
20503289,2777
20506151,2788
20509024,2779
20511896,2779
20514762,2786
20517633,2772
20520491,2783
20523361,2780
20526228,2775
20529092,2821
20531998,2780
20534865,2785
20537734,2787
20540607,2777
20543470,2777
20546335,2780
20549201,2778
20552064,2780
20554950,2783
20557821,2838
20560744,2786
20563618,2782
20566489,2782
20569358,2776
20572219,2779
20575083,2790
20577962,2780
20580831,2787
20583706,2791
20586583,2784
20589453,2777
20592319,2781
20595185,2785
20598056,2783
20600938,2781
20603808,2796
20606690,2779
20609555,2780
20612419,2781
20615287,2779
20618150,2785
20621027,2777
20623914,2779
20626779,2786
20629650,2780
20632517,2778
20635382,2784
20638253,2777
20641117,2836
20644037,2780
20646971,2779
20649835,2787
20652708,2786
20655581,2783
20658451,2780
20661318,2779
20664183,2784
20667051,2780
20669942,2781
20672811,2814
20675710,2784
20678580,2779
20681444,2777
20684309,2784
20687178,2783
20690047,2779
20692999,2781
20695878,2781
20698745,2785
20701617,2778
20704480,2782
20707350,2783
20710218,2779
20713083,2780
20715949,2779
20718817,2834
20721737,2787
20724610,2781
20727476,2779
20730341,2780
20733205,2777
20736073,2781
20738965,2779
20741830,2791
20744707,2783
20747576,2781
20750441,2776
20753308,2780
20756172,2783
20759043,2783
20761928,2779
20764794,2788
20767667,2779
20770534,2779
20773399,2783
20776268,2780
20779132,2794
20782011,2776
20784878,2778
20787745,2787
20790617,2778
20793481,2780
20796344,2778
20799209,2780
20802073,2778
20804955,2782
20807822,2832
20810739,2789
20813613,2779
20816479,2782
20819346,2779
20822217,2780
20825084,2779
20828013,2779
20830893,2782
20833765,2788
20836640,2778
20839504,2779
20842372,2784
20845244,2778
20848108,2786
20850981,2777
20853844,2809
20856739,2788
20859612,2776
20862476,2780
20865341,2778
20868204,2779
20871067,2778
20873955,2781
20876822,2789
20879703,2788
20882577,2777
20885438,2780
20888302,2780
20891170,2785
20894041,2777
20896920,2781
20899786,2785
20902657,2781
20905524,2778
20908387,2783
20911255,2783
20914125,2794
20917003,2779
20919900,2781
20922766,2781
20925634,2779
20928500,2779
20931365,2779
20934227,2777
20937093,2813
20939990,2778
20942852,2788
20945724,2788
20948599,2781
20951465,2776
20954327,2776
20957188,2783
20960057,2779
20962936,2780
20965802,2803
20968701,2784
20971574,2784
20974447,2781
20977317,2784
20980185,2780
20983050,2780
20985952,2779
20988824,2789
20991698,2785
20994575,2780
20997440,2777
21000302,2780
21003166,2783
21006035,2778
21008916,2776
21011778,2792
21014658,2781
21017525,2777
21020387,2778
21023252,2776
21026115,2816
21029017,2779
21031907,2780
21034773,2787
21037644,2779
21040512,2782
21043381,2777
21046244,2778
21049107,2838
21052030,2781
21054917,2778
21057782,2789
21060656,2782
21063525,2779
21066390,2782
21069260,2780
21072126,2787
21074999,2780
21077884,2782
21080752,2789
21083626,2783
21086495,2781
21089364,2779
21092228,2779
21095091,2798
21097975,2781
21100843,2788
21103719,2790
21106596,2779
21109461,2783
21112330,2779
21115197,2780
21118061,2779
21120943,2778
21123808,2815
21126710,2789
21129584,2779
21132448,2781
21135316,2777
21138179,2785
21141049,2781
21143947,2774
21146804,2804
21149694,2789
21152568,2779
21155433,2783
21158303,2779
21161168,2790
21164044,2772
21166908,2781
21169777,2788
21172651,2780
21175516,2778
21178379,2778
21181248,2778
21184113,2836
21187036,2783
21189912,2779
21192776,2787
21195656,2785
21198528,2777
21201391,2779
21204258,2777
21207121,2785
21209990,2778
21212854,2809
21215750,2788
21218624,2781
21221489,2781
21224358,2780
21227222,2776
21230083,2780
21232972,2779
21235837,2801
21238725,2787
21241599,2778
21244461,2778
21247324,2785
21250195,2779
21253060,2778
21255938,2780
21258804,2787
21261680,2781
21264548,2783
21267414,2777
21270277,2777
21273139,2790
21276028,2779
21278911,2780
21281774,2787
21284649,2779
21287514,2777
21290378,2781
21293244,2777
21296106,2826
21299016,2779
21301912,2782
21304781,2788
21307657,2781
21310526,2780
21313392,2783
21316263,2779
21319131,2788
21322004,2780
21324888,2777
21327750,2788
21330626,2782
21333495,2775
21336372,2779
21339236,2778
21342101,2785
21344971,2778
21347835,2799
21350720,2783
21353589,2780
21356457,2777
21359326,2782
21362193,2777
21365057,2776
21367946,2776
21370807,2806
21373697,2788
21376572,2775
21379433,2777
21382298,2780
21385166,2787
21388039,2782
21390971,2779
21393837,2787
21396710,2784
21399581,2778
21402447,2776
21405310,2779
21408174,2782
21411042,2778
21413925,2783
21416795,2823
21419704,2786
21422580,2782
21425447,2778
21428312,2785
21431182,2782
21434051,2780
21436932,2779
21439934,2781
21442808,2825
21445720,2785
21448594,2785
21451464,2775
21454327,2783
21457195,2780
21460062,2778
21462935,2779
21465802,2791
21468681,2776
21471546,2779
21474409,2778
21477273,2779
21480140,2787
21483013,2782
21485888,2781
21488757,2790
21491633,2777
21494496,2779
21497359,2778
21500224,2778
21503086,2775
21505956,2782
21508822,2831
21511737,2787
21514612,2779
21517476,2776
21520338,2776
21523201,2779
21526067,2777
21528986,2777
21531856,2803
21534746,2786
21537623,2783
21540491,2779
21543356,2781
21546222,2778
21549088,2806
21551979,2776
21554843,2806
21557733,2789
21560612,2784
21563482,2776
21566344,2781
21569266,2785
21572150,2802
21575043,2781
21577920,2787
21580793,2791
21583680,2786
21586553,2779
21589419,2783
21592289,2781
21595159,2788
21598034,2780
21600925,2779
21603791,2787
21606666,2778
21609531,2782
21612402,2776
21615264,2778
21618130,2808
21621025,2782
21623916,2781
21626782,2789
21629658,2779
21632523,2782
21635391,2779
21638257,2780
21641123,2782
21643990,2776
21646851,2803
21649742,2790
21652619,2780
21655488,2782
21658354,2774
21661213,2778
21664076,2779
21666966,2780
21669833,2790
21672711,2785
21675583,2775
21678442,2778
21681304,2778
21684169,2784
21687039,2776
21689919,2779
21692784,2786
21695655,2779
21698519,2779
21701383,2776
21704254,2780
21707122,2811
21710019,2778
21712958,2780
21715822,2787
21718696,2783
21721564,2776
21724427,2780
21727292,2779
21730158,2787
21733030,2781
21735910,2776
21738774,2800
21741666,2783
21744537,2781
21747405,2777
21750267,2777
21753127,2798
21756010,2780
21758894,2774
21761754,2787
21764629,2777
21767493,2776
21770353,2779
21773217,2780
21776082,2774
21778976,2779
21781843,2791
21784719,2788
21787595,2778
21790458,2778
21793322,2776
21796181,2780
21799048,2779
21801929,2782
21804800,2809
21807697,2786
21810572,2780
21813460,2780
21816326,2778
21819189,2781
21822057,2778
21824947,2779
21827814,2848
21830747,2787
21833620,2778
21836484,2775
21839346,2778
21842210,2782
21845078,2782
21847946,2779
21850812,2816
21853713,2784
21856583,2780
21859449,2777
21862314,2779
21865180,2781
21868047,2780
21870938,2780
21873806,2804
21876696,2786
21879575,2780
21882442,2777
21885305,2778
21888173,2789
21891048,2778
21893919,2778
21896785,2788
21899658,2779
21902523,2779
21905387,2776
21908251,2780
21911116,2823
21914025,2783
21916922,2782
21919790,2789
21922665,2780
21925531,2777
21928395,2775
21931257,2777
21934119,2837
21937077,2780
21939959,2779
21942827,2837
21945752,2789
21948629,2782
21951500,2776
21954368,2779
21957232,2780
21960096,2798
21962979,2781
21965846,2824
21968757,2786
21971630,2780
21974497,2780
21977362,2781
21980227,2780
21983094,2787
21985967,2778
21988833,2792
21991710,2784
21994579,2781
21997448,2779
22000313,2780
22003176,2785
22006049,2781
22008922,2780
22011790,2785
22014662,2780
22017527,2779
22020391,2780
22023257,2781
22026123,2798
22029008,2775
22031887,2777
22034750,2790
22037626,2777
22040488,2782
22043357,2776
22046219,2794
22049105,2827
22052019,2780
22054905,2783
22057773,2786
22060646,2782
22063513,2776
22066378,2782
22069245,2778
22072117,2826
22075026,2779
22077913,2781
22080780,2786
22083653,2779
22086518,2776
22089378,2780
22092244,2779
22095109,2805
22098000,2777
22100864,2800
22103751,2785
22106622,2779
22109485,2781
22112351,2778
22115214,2780
22118082,2783
22120956,2781
22123825,2855
22126766,2785
22129642,2781
22132509,2779
22135373,2781
22138241,2778
22141105,2786
22143975,2776
22146843,2788
22149719,2786
22152590,2781
22155456,2780
22158327,2779
22161191,2777
22164056,2779
22166950,2784
22169824,2873
22172784,2790
22175660,2785
22178532,2777
22181398,2779
22184266,2779
22187132,2791
22190007,2778
22192903,2786
22195777,2801
22198665,2781
22201532,2779
22204399,2779
22207264,2776
22210125,2795
22213003,2778
22215888,2781
22218756,2787
22221631,2781
22224498,2776
22227360,2780
22230225,2777
22233089,2788
22235962,2776
22238830,2790
22241705,2786
22244576,2784
22247444,2780
22250310,2778
22253174,2785
22256047,2781
22258929,2779
22261794,2799
22264678,2778
22267540,2779
22270404,2777
22273274,2781
22276140,2786
22279012,2778
22281896,2777
22284760,2789
22287635,2782
22290503,2779
22293371,2781
22296244,2781
22299112,2822
22302019,2781
22304904,2780
22307772,2787
22310648,2777
22313511,2777
22316373,2778
22319237,2778
22322099,2799
22324984,2780
22327850,2787
22330725,2788
22333599,2777
22336460,2782
22339326,2778
22342192,2779
22345056,2777
22347947,2778
22350812,2808
22353706,2790
22356583,2781
22359450,2780
22362317,2776
22365183,2783
22368051,2778
22370993,2778
22373856,2800
22376745,2790
22379622,2777
22382485,2778
22385350,2777
22388220,2780
22391084,2776
22393953,2786
22396825,2833
22399745,2786
22402618,2778
22405482,2780
22408349,2776
22411212,2777
22414075,2779
22416985,2781
22419855,2801
22422743,2787
22425619,2780
22428485,2779
22431349,2779
22434215,2778
22437078,2779
22439954,2779
22442821,2832
22445741,2788
22448614,2779
22451483,2779
22454348,2776
22457211,2779
22460077,2778
22462967,2783
22465835,2792
22468714,2790
22471590,2776
22474453,2779
22477319,2779
22480185,2785
22483054,2778
22485951,2781
22488819,2824
22491730,2787
22494609,2779
22497473,2778
22500335,2779
22503202,2776
22506063,2777
22508933,2779
22511798,2784
22514667,2779
22517532,2780
22520397,2780
22523263,2779
22526130,2795
22529011,2781
22531905,2782
22534770,2782
22537639,2783
22540512,2781
22543381,2778
22546244,2775
22549105,2836
22552028,2780
22554913,2783
22557780,2789
22560655,2781
22563524,2782
22566392,2781
22569259,2781
22572131,2784
22575001,2779
22577895,2784
22580764,2785
22583634,2783
22586507,2779
22589372,2779
22592238,2780
22595104,2833
22598071,2778
22600947,2783
22603816,2826
22606727,2786
22609600,2780
22612468,2779
22615334,2777
22618195,2778
22621060,2778
22623944,2779
22626810,2788
22629687,2781
22632555,2780
22635419,2783
22638287,2778
22641151,2786
22644025,2778
22646904,2780
22649769,2786
22652640,2782
22655508,2776
22658370,2778
22661235,2779
22664101,2805
22666991,2778
22669854,2783
22672721,2785
22675590,2779
22678457,2776
22681319,2777
22684181,2785
22687052,2889
22690030,2780
22692921,2788
22695797,2803
22698690,2792
22701571,2778
22704437,2784
22707307,2780
22710174,2787
22713046,2782
22715943,2783
22718819,2848
22721755,2791
22724634,2776
22727497,2779
22730362,2779
22733224,2781
22736091,2785
22738962,2781
22741830,2792
22744709,2788
22747583,2779
22750446,2781
22753313,2776
22756174,2782
22759042,2775
22761950,2780
22764815,2802
22767702,2788
22770576,2781
22773442,2777
22776304,2779
22779170,2785
22782042,2782
22784920,2784
22787791,2786
22790665,2782
22793532,2779
22796397,2779
22799260,2778
22802125,2784
22804995,2778
22807892,2782
22810760,2787
22813633,2781
22816500,2780
22819366,2779
22822230,2778
22825094,2819
22827998,2777
22830860,2855
22833801,2786
22836672,2780
22839537,2779
22842404,2781
22845270,2779
22848136,2786
22851007,2777
22853888,2778
22856750,2784
22859620,2779
22862487,2778
22865350,2778
22868212,2777
22871073,2778
22873961,2778
22876825,2843
22879756,2788
22882632,2779
22885503,2778
22888366,2779
22891230,2778
22894095,2786
22896969,2780
22899835,2788
22902716,2783
22905583,2785
22908452,2777
22911314,2779
22914180,2784
22917049,2778
22919934,2777
22922798,2804
22925686,2780
22928553,2778
22931418,2778
22934281,2778
22937145,2787
22940017,2780
22942894,2781
22945761,2788
22948635,2779
22951500,2780
22954366,2777
22957231,2780
22960096,2784
22962965,2782
22965834,2810
22968729,2786
22971602,2778
22974465,2780
22977336,2780
22980201,2783
22983069,2776
22985985,2782
22988856,2798
22991743,2788
22994619,2778
22997482,2779
23000345,2778
23003210,2777
23006071,2778
23008951,2779
23011819,2833
23014737,2787
23017609,2781
23020513,2784
23023380,2778
23026247,2778
23029111,2824
23032024,2782
23034898,2782
23037768,2789
23040643,2778
23043509,2781
23046378,2785
23049251,2780
23052115,2785
23054986,2780
23057851,2809
23060747,2787
23063619,2779
23066490,2780
23069357,2777
23072220,2779
23075086,2775
23077960,2781
23080827,2789
23083707,2788
23086581,2778
23089446,2780
23092310,2777
23095174,2783
23098043,2777
23100919,2783
23103788,2785
23106658,2780
23109522,2776
23112383,2780
23115248,2779
23118114,2823
23121021,2779
23123916,2781
23126781,2779
23129648,2779
23132512,2782
23135386,2775
23138245,2776
23141108,2837
23144029,2778
23146914,2779
23149777,2787
23152650,2782
23155518,2780
23158384,2776
23161247,2779
23164113,2831
23167066,2777
23169935,2781
23172803,2800
23175703,2790
23178582,2782
23181451,2782
23184319,2780
23187184,2787
23190056,2780
23192941,2782
23195837,2795
23198723,2788
23201598,2779
23204462,2780
23207326,2782
23210195,2781
23213061,2778
23215942,2783
23218811,2812
23221708,2789
23224583,2778
23227448,2780
23230314,2782
23233181,2785
23236054,2777
23238950,2779
23241813,2856
23244756,2787
23247630,2783
23250499,2781
23253371,2781
23256239,2781
23259107,2785
23261975,2778
23264838,2840
23267770,2787
23270643,2778
23273509,2776
23276374,2783
23279243,2779
23282107,2805
23284998,2779
23287862,2798
23290746,2790
23293624,2781
23296490,2777
23299351,2780
23302217,2778
23305080,2778
23307946,2781
23310814,2806
23313706,2785
23316577,2782
23319445,2780
23322310,2778
23325175,2787
23328062,2781
23330932,2778
23333797,2786
23336670,2781
23339536,2778
23342399,2779
23345264,2778
23348128,2789
23351002,2776
23353892,2780
23356756,2789
23359631,2782
23362500,2781
23365367,2779
23368230,2778
23371097,2810
23373992,2781
23376858,2801
23379744,2788
23382619,2780
23385485,2781
23388353,2780
23391220,2780
23394084,2780
23396956,2780
23399821,2835
23402744,2787
23405618,2777
23408482,2777
23411344,2778
23414208,2779
23417071,2776
23419956,2781
23422824,2790
23425701,2787
23428575,2780
23431440,2782
23434306,2777
23437169,2784
23440039,2778
23442942,2780
23445809,2807
23448700,2787
23451573,2779
23454439,2779
23457305,2777
23460169,2786
23463039,2781
23465912,2781
23468776,2916
23471780,2799
23474666,2775
23477529,2781
23480396,2780
23483263,2781
23486129,2780
23488994,2781
23491860,2813
23494759,2788
23497632,2779
23500496,2776
23503359,2777
23506220,2778
23509084,2800
23511968,2781
23514834,2801
23517721,2787
23520597,2811
23523497,2780
23526365,2780
23529230,2778
23532095,2815
23534994,2780
23537862,2800
23540750,2789
23543639,2776
23546552,2786
23549427,2784
23552298,2780
23555165,2787
23558039,2779
23560923,2781
23563789,2790
23566664,2780
23569531,2778
23572394,2776
23575257,2779
23578121,2827
23581032,2785
23583922,2786
23586800,2813
23589702,2791
23592580,2782
23595452,2779
23598317,2781
23601187,2784
23604056,2779
23606946,2782
23609817,2811
23612717,2784
23615589,2779
23618452,2778
23621316,2780
23624183,2783
23627053,2778
23629933,2777
23632796,2790
23635673,2783
23638542,2779
23641405,2780
23644273,2778
23647137,2784
23650008,2777
23652899,2780
23655764,2785
23658637,2778
23661501,2779
23664367,2778
23667229,2778
23670094,2810
23672990,2778
23675854,2784
23678724,2785
23681595,2780
23684464,2778
23687327,2779
23690193,2778
23693056,2776
23695941,2779
23698819,2868
23701773,2789
23704650,2782
23707519,2778
23710385,2780
23713251,2779
23716117,2785
23718986,2775
23721847,2788
23724720,2785
23727591,2778
23730454,2779
23733319,2779
23736184,2782
23739053,2779
23741968,2776
23744826,2824
23747738,2787
23750615,2777
23753478,2779
23756341,2778
23759204,2778
23762067,2777
23764961,2782
23767832,2793
23770712,2788
23773589,2780
23776454,2777
23779318,2781
23782186,2785
23785057,2779
23787953,2780
23790820,2833
23793741,2788
23796615,2780
23799481,2779
23802347,2778
23805210,2779
23808075,2783
23810959,2778
23813822,2790
23816697,2784
23819567,2780
23822433,2779
23825297,2792
23828226,2789
23831124,2811
23834025,2780
23836933,2785
23839804,2838
23842732,2794
23845613,2779
23848481,2783
23851353,2782
23854222,2781
23857090,2785
23859995,2780
23862859,2810
23865757,2791
23868636,2782
23871504,2781
23874371,2780
23877239,2780
23880106,2789
23882981,2780
23885849,2787
23888723,2788
23891596,2781
23894462,2781
23897328,2782
23900196,2779
23903062,2779
23905940,2778
23908804,2836
23911735,2788
23914610,2781
23917478,2778
23920348,2781
23923216,2779
23926082,2781
23928954,2777
23931817,2840
23934744,2784
23937615,2790
23940496,2777
23943368,2785
23946242,2781
23949111,2791
23951988,2780
23954855,2788
23957731,2787
23960605,2781
23963470,2777
23966336,2777
23969200,2780
23972066,2777
23974958,2779
23977821,2818
23980724,2789
23983600,2782
23986467,2774
23989329,2778
23992194,2778
23995059,2777
23997934,2779
24000800,2802
24003688,2776
24006551,2779
24009416,2780
24012284,2782
24015155,2788
24018031,2784
24020928,2781
24023796,2801
24026685,2779
24029552,2780
24032417,2777
24035281,2781
24038151,2781
24041018,2779
24043909,2779
24046774,2788
24049650,2777
24052517,2783
24055387,2774
24058247,2781
24061114,2820
24064018,2780
24066889,2780
24069761,2786
24072635,2777
24075497,2779
24078361,2779
24081228,2778
24084093,2795
24086980,2779
24089846,2828
24092759,2786
24095631,2779
24098498,2779
24101363,2777
24104225,2779
24107095,2801
24109981,2777
24112844,2790
24115720,2788
24118594,2779
24121460,2779
24124325,2776
24127186,2785
24130056,2777
24132949,2782
24135818,2834
24138739,2789
24141615,2778
24144480,2780
24147344,2779
24150209,2781
24153077,2779
24155950,2777
24158813,2796
24161695,2787
24164567,2779
24167434,2780
24170302,2781
24173171,2787
24176045,2776
24178976,2779
24181840,2788
24184714,2786
24187588,2780
24190457,2780
24193323,2775
24196186,2786
24199059,2781
24201952,2781
24204819,2833
24207740,2789
24210616,2775
24213477,2780
24216342,2780
24219207,2777
24222072,2780
24224955,2779
24227821,2819
24230726,2788
24233603,2778
24236468,2777
24239331,2780
24242195,2779
24245062,2775
24247947,2775
24250807,2786
24253680,2776
24256544,2781
24259414,2780
24262283,2778
24265148,2787
24268020,2781
24270916,2781
24273783,2781
24276650,2777
24279522,2779
24282391,2780
24285256,2775
24288115,2878
24291080,2781
24293952,2779
24296817,2791
24299696,2787
24302568,2781
24305433,2779
24308298,2776
24311161,2790
24314036,2777
24316964,2779
24319828,2791
24322706,2792
24325584,2778
24328449,2778
24331312,2778
24334178,2785
24337048,2779
24339929,2779
24342793,2785
24345663,2781
24348532,2777
24351396,2778
24354258,2780
24357125,2784
24359996,2781
24362865,2787
24365739,2786
24368610,2780
24371476,2779
24374341,2778
24377204,2775
24380065,2779
24382953,2773
24385811,2809
24388705,2786
24391577,2779
24394442,2777
24397306,2779
24400172,2783
24403041,2777
24405917,2780
24408782,2787
24411657,2777
24414521,2778
24417385,2778
24420250,2781
24423115,2822
24426023,2781
24428924,2780
24431798,2788
24434672,2776
24437534,2780
24440399,2781
24443266,2779
24446131,2785
24449002,2780
24451874,2775
24454735,2785
24457606,2780
24460470,2779
24463335,2779
24466200,2777
24469064,2777
24471949,2780
24474815,2792
24477692,2785
24480564,2777
24483427,2779
24486299,2775
24489160,2821
24492077,2784
24494966,2786
24497840,2788
24500719,2791
24503599,2779
24506474,2791
24509352,2777
24512250,2784
24515119,2820
24518028,2782
24520920,2786
24523807,2804
24526701,2791
24529581,2778
24532447,2783
24535314,2779
24538179,2784
24541049,2775
24543917,2780
24546782,2785
24549654,2782
24552521,2778
24555385,2781
24558254,2779
24561125,2811
24564022,2776
24566977,2783
24569845,2791
24572722,2790
24575598,2778
24578469,2781
24581337,2777
24584206,2782
24587074,2780
24589952,2779
24592817,2837
24595742,2789
24598619,2778
24601484,2784
24604352,2780
24607218,2779
24610082,2778
24612949,2778
24615814,2796
24618697,2790
24621572,2781
24624440,2777
24627306,2778
24630173,2788
24633046,2782
24635921,2781
24638790,2787
24641664,2776
24644526,2779
24647401,2778
24650265,2777
24653129,2791
24656008,2779
24658899,2776
24661761,2785
24664631,2778
24667496,2780
24670361,2776
24673221,2780
24676089,2775
24678970,2775
24681830,2788
24684705,2787
24687579,2780
24690445,2778
24693310,2777
24696173,2788
24699047,2781
24701941,2781
24704809,2812
24707708,2792
24710587,2776
24713458,2781
24716323,2776
24719185,2787
24722058,2779
24724942,2800
24727827,2784
24730699,2789
24733574,2778
24736437,2781
24739301,2780
24742168,2787
24745055,2791
24747947,2782
24750816,2837
24753738,2781
24756608,2784
24759479,2781
24762381,2787
24765298,2783
24768214,2789
24771132,2795
24774022,2788
24776915,2776
24779785,2789
24782661,2777
24785530,2780
24788396,2782
24791269,2782
24794137,2788
24797012,2780
24799895,2779
24802762,2790
24805638,2777
24808501,2782
24811372,2777
24814236,2783
24817114,2834
24820034,2775
24822918,2790
24826646,2781
24830285,2784
24834506,2779
24837386,2788
24840302,2776
24843162,2791
24846044,2779
24848916,2782
24851786,2789
24854662,2783
24857531,2780
24860403,2782
24863274,2778
24866139,2786
24869009,2779
24871905,2780
24874772,2784
24877643,2779
24880507,2775
24883369,2781
24886234,2781
24889102,2786
24891974,2779
24894845,2789
24897720,2786
24900591,2780
24903456,2780
24906322,2778
24909186,2782
24912059,2778
24914936,2778
24917800,2838
24920724,2785
24923594,2780
24926460,2779
24929327,2782
24932196,2775
24935057,2781
24937946,2777
24940810,2812
24943709,2785
24946582,2779
24949447,2775
24952309,2781
24955174,2784
24958044,2781
24960915,2779
24963782,2787
24966656,2777
24969518,2781
24972383,2776
24975246,2778
24978109,2820
24981021,2778
24983908,2778
24986771,2787
24989650,2778
24992515,2780
24995383,2782
24998252,2780
25001121,2801
25004008,2782
25006894,2781
25009761,2785
25012634,2780
25015501,2781
25018380,2779
25021246,2779
25024110,2820
25027014,2782
25029887,2779
25032752,2790
25035631,2777
25038495,2775
25041354,2782
25044222,2779
25047087,2777
25049967,2780
25052833,2806
25055725,2787
25058597,2781
25061464,2779
25064327,2775
25067187,2787
25070061,2777
25072949,2781
25075814,2793
25078693,2788
25081569,2778
25084435,2778
25087299,2779
25090165,2788
25093038,2780
25095926,2783
25098794,2787
25101668,2777
25104532,2775
25107393,2779
25110255,2781
25113122,2785
25115993,2779
25118858,2800
25121743,2786
25124615,2779
25127480,2777
25130344,2779
25133208,2776
25136072,2776
25138960,2777
25141821,2810
25144715,2786
25147587,2781
25150454,2777
25153318,2776
25156182,2782
25159049,2784
25161945,2781
25164813,2837
25167736,2783
25170607,2781
25173475,2777
25176337,2777
25179198,2782
25182065,2778
25184933,2776
25187801,2790
25190687,2785
25193559,2780
25196426,2782
25199295,2780
25202164,2789
25205041,2778
25207923,2779
25210787,2786
25213660,2781
25216529,2779
25219395,2779
25222261,2780
25225126,2796
25228008,2779
25230891,2780
25233758,2788
25236632,2779
25239499,2783
25242371,2779
25245236,2778
25248101,2783
25250968,2780
25253835,2808
25256730,2789
25259605,2776
25262468,2781
25265336,2778
25268200,2777
25271061,2775
25273927,2781
25276797,2783
25279666,2781
25282531,2779
25285395,2779
25288260,2776
25291123,2810
25294020,2777
25296910,2779
25299775,2789
25302649,2783
25305520,2777
25308382,2779
25311249,2775
25314110,2785
25316978,2781
25319845,2813
25322744,2786
25325617,2778
25328480,2776
25331342,2777
25334205,2779
25337070,2778
25339957,2778
25342821,2789
25345698,2785
25348569,2781
25351433,2779
25354298,2779
25357163,2786
25360035,2780
25362915,2777
25365777,2789
25368653,2778
25371516,2779
25374380,2778
25377244,2780
25380110,2831
25383062,2780
25385948,2783
25388820,2835
25391743,2786
25394617,2781
25397486,2777
25400351,2786
25403225,2780
25406094,2786
25408965,2777
25411829,2788
25414706,2787
25417579,2780
25420443,2777
25423307,2776
25426169,2788
25429042,2779
25431921,2778
25434784,2784
25437655,2778
25440519,2779
25443384,2777
25446248,2778
25449112,2837
25452080,2778
25454942,2783
25457812,2800
25460700,2789
25463577,2781
25466444,2775
25469306,2781
25472171,2784
25475043,2779
25477914,2777
25480780,2793
25483663,2778
25486530,2782
25489396,2781
25492264,2778
25495127,2793
25498011,2779
25500902,2778
25503765,2790
25506642,2781
25509510,2781
25512376,2778
25515242,2781
25518109,2832
25521070,2781
25523938,2786
25526812,2811
25529711,2787
25532586,2780
25535451,2778
25538316,2781
25541182,2785
25544052,2779
25546942,2779
25549813,2792
25552692,2775
25555553,2778
25558415,2778
25561278,2778
25564142,2791
25567023,2783
25569926,2783
25572797,2819
25575704,2787
25578578,2778
25581443,2784
25584313,2780
25587180,2784
25590052,2782
25592927,2779
25595792,2787
25598667,2780
25601531,2779
25604397,2781
25607264,2776
25610133,2809
25613027,2777
25615958,2777
25618820,2790
25621702,2785
25624572,2779
25627439,2780
25630304,2775
25633165,2787
25636036,2778
25638925,2781
25641791,2783
25644662,2780
25647530,2777
25650393,2778
25653256,2781
25656122,2809
25659018,2779
25661892,2780
25664759,2786
25667633,2783
25670500,2779
25673364,2782
25676231,2779
25679101,2838
25682025,2780
25684912,2781
25687777,2788
25690654,2779
25693520,2778
25696385,2779
25699250,2775
25702111,2785
25704978,2780
25707844,2808
25710738,2785
25713610,2781
25716476,2773
25719336,2781
25722200,2778
25725064,2780
25727945,2780
25730813,2790
25733691,2789
25736566,2779
25739430,2779
25742295,2779
25745160,2783
25748030,2780
25750920,2777
25753794,2787
25756668,2777
25759534,2779
25762398,2777
25765263,2779
25768128,2793
25771008,2779
25773891,2780
25776757,2790
25779634,2779
25782501,2780
25785368,2776
25788230,2779
25791094,2795
25793974,2781
25796843,2787
25799717,2788
25802592,2776
25805454,2777
25808315,2778
25811178,2786
25814049,2778
25816920,2781
25819788,2783
25822657,2777
25825518,2780
25828385,2778
25831248,2777
25834110,2837
25837033,2776
25839919,2783
25842788,2787
25845661,2781
25848529,2779
25851394,2780
25854261,2776
25857123,2787
25859994,2780
25862860,2809
25865756,2787
25868628,2777
25871491,2775
25874353,2780
25877217,2781
25880083,2781
25882955,2777
25885823,2789
25888698,2789
25891572,2781
25894438,2780
25897306,2777
25900170,2789
25903057,2779
25905953,2779
25908819,2837
25911745,2787
25914618,2777
25917482,2780
25920347,2780
25923211,2779
25926076,2774
25928945,2782
25931819,2833
25934737,2788
25937610,2778
25940474,2780
25943340,2778
25946205,2781
25949072,2772
25952018,2777
25954885,2781
25957755,2783
25960625,2783
25963494,2781
25966362,2777
25969224,2779
25972090,2811
25974989,2779
25977854,2847
25980786,2788
25983660,2782
25986527,2779
25989398,2780
25992263,2777
25995127,2788
25998002,2783
26000900,2782
26003770,2784
26006641,2779
26009507,2778
26012373,2780
26015239,2778
26018105,2784
26020974,2780
26023841,2787
26026719,2787
26029593,2778
26032456,2778
26035325,2778
26038189,2779
26041055,2777
26043948,2778
26046813,2806
26049703,2789
26052577,2778
26055442,2779
26058307,2779
26061174,2783
26064042,2779
26066916,2780
26069783,2785
26072655,2776
26075518,2781
26078384,2776
26081246,2782
26084113,2820
26087017,2780
26089913,2780
26092785,2787
26095658,2778
26098522,2782
26101388,2778
26104252,2777
26107117,2787
26109990,2777
26112853,2803
26115742,2786
26118617,2778
26121489,2778
26124352,2781
26127219,2774
26130079,2778
26132957,2780
26135825,2824
26138735,2787
26141609,2781
26144476,2779
26147341,2778
26150205,2776
26153067,2778
26155963,2782
26158830,2785
26161703,2788
26164578,2778
26167441,2783
26170311,2783
26173186,2783
26176055,2780
26178928,2779
26181794,2783
26184663,2780
26187528,2780
26190393,2777
26193255,2779
26196126,2822
26199034,2777
26201965,2782
26204833,2791
26207711,2789
26210587,2778
26213454,2782
26216323,2779
26219190,2785
26222062,2778
26224949,2782
26227817,2834
26230739,2788
26233614,2778
26236478,2783
26239345,2779
26242212,2778
26245076,2779
26247946,2778
26250810,2796
26253692,2786
26256564,2780
26259430,2779
26262294,2776
26265156,2790
26268035,2780
26270906,2779
26273770,2789
26276646,2780
26279513,2778
26282377,2778
26285242,2775
26288103,2787
26290974,2779
26293838,2836
26296760,2786
26299634,2779
26302500,2777
26305362,2778
26308225,2779
26311090,2796
26313972,2779
26316837,2786
26319708,2783
26322578,2783
26325445,2781
26328312,2780
26331178,2784
26334054,2782
26336941,2778
26339805,2832
26342722,2789
26345597,2782
26348466,2778
26351332,2777
26354195,2775
26357057,2779
26359946,2779
26362809,2798
26365694,2787
26368566,2779
26371432,2780
26374299,2778
26377165,2782
26380032,2775
26382961,2779
26385825,2790
26388700,2786
26391573,2774
26394435,2779
26397300,2777
26400163,2787
26403034,2778
26405925,2781
26408792,2782
26411660,2778
26414530,2777
26417393,2776
26420253,2778
26423117,2783
26425986,2776
26428849,2784
26431719,2787
26434592,2777
26437453,2779
26440327,2785
26443198,2776
26446061,2779
26448936,2778
26451807,2796
26454688,2778
26457552,2779
26460417,2775
26463280,2781
26466157,2792
26469038,2782
26471922,2780
26474789,2789
26477666,2779
26480534,2783
26483404,2778
26486270,2778
26489151,2794
26492033,2779
26494903,2781
26497771,2785
26500640,2777
26503504,2778
26506369,2780
26509236,2780
26512100,2800
26514984,2779
26517851,2785
26520729,2788
26523606,2781
26526473,2776
26529333,2776
26532197,2779
26535062,2777
26537940,2782
26540810,2815
26543713,2785
26546582,2778
26549448,2781
26552318,2778
26555184,2783
26558052,2778
26560932,2779
26563795,2785
26566665,2777
26569528,2775
26572389,2779
26575254,2776
26578117,2786
26580986,2782
26583855,2809
26586752,2785
26589626,2780
26592492,2774
26595353,2777
26598213,2777
26601076,2777
26603947,2781
26606814,2794
26609695,2788
26612570,2777
26615432,2777
26618295,2778
26621161,2786
26624035,2779
26626922,2777
26629785,2787
26632656,2777
26635521,2777
26638383,2776
26641248,2777
26644111,2842
26647086,2788
26649959,2781
26652829,2834
26655749,2791
26658629,2782
26661497,2780
26664364,2780
26667228,2780
26670093,2783
26672961,2781
26675831,2793
26678708,2786
26681581,2781
26684447,2777
26687311,2780
26690175,2784
26693051,2779
26695946,2779
26698810,2847
26701742,2784
26704613,2779
26707477,2780
26710348,2776
26713212,2784
26716084,2779
26718960,2778
26721824,2840
26724750,2788
26727631,2782
26730501,2780
26733369,2781
26736234,2780
26739100,2779
26741964,2778
26744831,2793
26747709,2787
26750582,2781
26753448,2777
26756311,2780
26759176,2786
26762051,2778
26764947,2781
26767813,2845
26770742,2785
26773613,2779
26776477,2779
26779344,2778
26782207,2779
26785076,2782
26787944,2778
26790807,2799
26793690,2778
26796555,2777
26799418,2778
26802283,2781
26805147,2787
26808020,2780
26810905,2778
26813769,2788
26816644,2778
26819509,2779
26822373,2778
26825235,2777
26828097,2798
26830981,2779
26833847,2824
26836756,2787
26839629,2779
26842496,2776
26845357,2779
26848224,2779
26851088,2806
26853979,2774
26856848,2786
26859721,2790
26862596,2778
26865461,2779
26868326,2781
26871194,2777
26874055,2778
26876945,2780
26879811,2814
26882711,2786
26885583,2780
26888450,2778
26891314,2778
26894177,2785
26897047,2779
26899918,2779
26902782,2784
26905652,2779
26908518,2779
26911382,2777
26914245,2775
26917110,2836
26920031,2779
26922963,2783
26925830,2783
26928699,2786
26931569,2778
26934439,2779
26937303,2776
26940167,2788
26943038,2776
26945926,2780
26948791,2783
26951661,2778
26954525,2781
26957394,2781
26960262,2776
26963122,2787
26965995,2781
26968864,2784
26971735,2789
26974608,2779
26977472,2780
26980338,2779
26983202,2780
26986068,2779
26988995,2781
26991874,2780
26994741,2788
26997618,2778
27000481,2779
27003345,2777
27006208,2778
27009071,2779
27011946,2780
27014814,2808
27017707,2788
27020580,2778
27023445,2779
27026310,2775
27029173,2789
27032046,2783
27034924,2779
27037795,2797
27040678,2781
27043545,2780
27046408,2777
27049271,2777
27052134,2800
27055021,2780
27057908,2779
27060774,2791
27063650,2772
27066508,2780
27069373,2778
27072242,2779
27075105,2789
27077979,2778
27080842,2815
27083745,2786
27086618,2778
27089480,2783
27092348,2777
27095210,2778
27098074,2778
27100946,2779
27103810,2811
27106706,2790
27109581,2779
27112443,2778
27115305,2782
27118176,2785
27121049,2781
27123922,2781
27126788,2783
27129656,2783
27132524,2779
27135389,2779
27138254,2776
27141117,2837
27144040,2777
27146980,2781
27149847,2787
27152720,2788
27155596,2779
27158463,2779
27161328,2773
27164187,2784
27167057,2776
27169947,2781
27172815,2821
27175725,2789
27178601,2775
27181462,2781
27184327,2777
27187190,2780
27190056,2777
27192929,2783
27195798,2781
27198663,2782
27201536,2784
27204409,2780
27207275,2779
27210142,2795
27213023,2777
27215957,2779
27218822,2789
27221698,2791
27224585,2781
27227454,2781
27230320,2774
27233180,2788
27236054,2779
27238946,2779
27241811,2785
27244684,2777
27247548,2778
27250411,2777
27253274,2779
27256139,2790
27259029,2781
27261917,2782
27264787,2786
27267659,2777
27270522,2777
27273384,2776
27276247,2778
27279111,2837
27282068,2784
27284944,2775
27287807,2799
27290692,2774
27293554,2776
27296416,2778
27299280,2781
27302147,2787
27305019,2779
27307904,2778
27310768,2788
27313644,2778
27316510,2779
27319372,2779
27322236,2778
27325100,2795
27327982,2781
27330850,2797
27333732,2785
27336602,2778
27339466,2775
27342326,2778
27345189,2783
27348057,2778
27350946,2778
27353809,2787
27356683,2778
27359547,2776
27362410,2778
27365274,2776
27368136,2786
27371007,2778
27373900,2780
27376764,2789
27379639,2779
27382505,2777
27385369,2777
27388230,2781
27391095,2788
27393967,2777
27396832,2788
27399705,2785
27402575,2781
27405439,2775
27408300,2777
27411162,2783
27414032,2774
27416916,2779
27419781,2786
27422652,2774
27425513,2778
27428375,2774
27431237,2779
27434101,2830
27437052,2783
27439920,2780
27442789,2832
27445707,2789
27448587,2782
27451455,2778
27454326,2781
27457194,2781
27460061,2780
27462975,2777
27465845,2797
27468728,2787
27471606,2782
27474474,2780
27477341,2781
27480206,2777
27483074,2780
27485957,2778
27488821,2874
27491781,2782
27494650,2781
27497516,2778
27500385,2780
27503251,2778
27506115,2789
27508988,2772
27511848,2809
27514742,2784
27517613,2779
27520478,2778
27523347,2782
27526216,2781
27529084,2779
27531956,2778
27534822,2788
27537697,2786
27540568,2780
27543432,2776
27546299,2779
27549163,2785
27552035,2780
27554924,2779
27557790,2785
27560661,2777
27563524,2778
27566388,2778
27569259,2780
27572127,2810
27575067,2781
27577935,2778
27580801,2810
27583706,2797
27586601,2783
27589473,2781
27592355,2780
27595224,2779
27598089,2798
27600974,2777
27603839,2788
27606714,2787
27609587,2778
27612450,2780
27615315,2777
27618178,2782
27621048,2778
27623929,2779
27626795,2787
27629667,2780
27632533,2779
27635399,2777
27638264,2781
27641131,2792
27644010,2780
27646883,2779
27649749,2786
27652619,2776
27655482,2778
27658345,2778
27661210,2778
27664075,2778
27666961,2780
27669826,2844
27672759,2790
27675635,2782
27678503,2780
27681367,2777
27684230,2777
27687093,2787
27690014,2784
27692925,2790
27695804,2819
27698712,2789
27701589,2780
27704458,2781
27707333,2778
27710199,2779
27713071,2782
27715952,2778
27718821,2838
27721745,2786
27724619,2781
27727487,2779
27730355,2780
27733220,2779
27736084,2780
27738956,2780
27741827,2790
27744704,2787
27747578,2778
27750441,2779
27753307,2779
27756172,2783
27759041,2778
27761923,2776
27764784,2787
27767657,2778
27770521,2776
27773383,2776
27776247,2780
27779113,2839
27782081,2781
27784948,2780
27787817,2825
27790726,2793
27793666,2785
27796584,2793
27799480,2795
27802370,2784
27805244,2786
27808117,2807
27811018,2784
27813910,2781
27816780,2790
27819657,2834
27822580,2781
27825448,2778
27828314,2779
27831181,2784
27834622,2794
27837514,2791
27840394,2778
27843266,2784
27846136,2799
27849020,2778
27851893,2781
27854760,2784
27857634,2781
27860499,2779
27863366,2781
27866233,2778
27869104,2838
27872029,2778
27874916,2782
27877782,2789
27880659,2783
27883531,2777
27886395,2781
27889266,2779
27892137,2788
27895012,2777
27897909,2784
27900779,2790
27903657,2780
27906525,2778
27909388,2778
27912250,2781
27915117,2786
27917989,2779
27920855,2786
27923727,2785
27926598,2778
27929460,2782
27932328,2781
27935193,2780
27938068,2780
27940958,2778
27943822,2814
27946721,2786
27949593,2781
27952460,2778
27955324,2781
27958192,2777
27961066,2778
27963956,2780
27966823,2836
27969745,2786
27972619,2781
27975485,2772
27978344,2781
27981209,2780
27984076,2777
27986942,2780
27989811,2790
27992685,2775
27995547,2780
27998411,2781
28001279,2779
28004143,2788
28007022,2778
28009909,2778
28012772,2785
28015642,2778
28018508,2781
28021374,2779
28024238,2778
28027103,2796
28029985,2779
28032851,2792
28035731,2782
28038598,2778
28041468,2778
28044333,2774
28047193,2780
28050056,2775
28052956,2782
28055825,2841
28058754,2788
28061629,2775
28064490,2780
28067356,2782
28070224,2780
28073090,2811
28075991,2780
28078857,2793
28081735,2787
28084609,2778
28087475,2780
28090340,2777
28093202,2778
28096067,2777
28098957,2780
28101823,2793
28104700,2785
28107572,2779
28110439,2777
28113303,2774
28116164,2787
28119034,2779
28121927,2783
28124795,2789
28127670,2779
28130534,2776
28133397,2779
28136259,2782
28139125,2785
28141996,2778
28144872,2780
28147739,2784
28150608,2778
28153470,2778
28156337,2777
28159199,2776
28162062,2777
28164950,2777
28167813,2806
28170704,2790
28173582,2781
28176450,2778
28179316,2780
28182183,2788
28185060,2781
28187951,2782
28190821,2839
28193747,2786
28196620,2782
28199489,2778
28202360,2783
28205227,2782
28208096,2792
28210974,2781
28213847,2784
28216718,2784
28219588,2781
28222454,2780
28225321,2777
28228183,2781
28231050,2778
28233943,2778
28236808,2806
28239700,2787
28242572,2780
28245438,2780
28248305,2778
28251169,2789
28254057,2777
28256926,2780
28259792,2784
28262662,2781
28265530,2780
28268395,2781
28271263,2783
28274139,2790
28277013,2788
28279917,2780
28282786,2800
28285684,2797
28288576,2791
28291456,2784
28294329,2784
28297201,2784
28300075,2780
28302956,2780
28305824,2876
28308788,2787
28311664,2780
28314530,2779
28317400,2781
28320266,2777
28323131,2787
28326002,2780
28328909,2784
28331779,2784
28334651,2779
28337518,2778
28340384,2779
28343248,2782
28346117,2785
28348988,2779
28351860,2781
28354729,2785
28357601,2779
28360464,2784
28363334,2778
28366198,2776
28369060,2775
28371946,2779
28374812,2806
28377703,2786
28380575,2779
28383438,2777
28386303,2778
28389166,2788
28392042,2781
28394915,2783
28397784,2782
28400653,2780
28403518,2780
28406384,2780
28409251,2778
28412122,2810
28415018,2778
28417956,2783
28420824,2791
28423705,2786
28426576,2781
28429451,2783
28432322,2776
28435186,2796
28438065,2787
28440970,2783
28443846,2839
28446774,2792
28449654,2778
28452519,2780
28455385,2780
28458251,2782
28461153,2786
28464025,2782
28466901,2781
28469771,2789
28472646,2780
28475513,2785
28478384,2779
28481251,2779
28484117,2839
28487077,2780
28489952,2781
28492822,2827
28495736,2787
28498611,2781
28501480,2777
28504345,2779
28507208,2776
28510070,2778
28512977,2777
28515847,2788
28518722,2784
28521592,2783
28524462,2779
28527329,2777
28530192,2779
28533059,2780
28535939,2777
28538803,2836
28541724,2787
28544599,2780
28547464,2778
28550334,2782
28553202,2773
28556062,2781
28558947,2778
28561818,2834
28564736,2784
28567608,2781
28570473,2776
28573337,2778
28576199,2779
28579064,2777
28581934,2778
28584806,2793
28587687,2781
28590556,2780
28593420,2781
28596289,2777
28599153,2785
28602027,2780
28604918,2781
28607786,2785
28610657,2778
28613521,2779
28616387,2778
28619252,2781
28622120,2798
28625003,2779
28627887,2780
28630755,2786
28633627,2777
28636492,2778
28639356,2776
28642219,2778
28645081,2779
28647961,2778
28650826,2837
28653752,2787
28656626,2777
28659490,2780
28662355,2778
28665219,2778
28668083,2775
28670952,2781
28673821,2824
28676734,2784
28679605,2779
28682470,2782
28685338,2781
28688205,2778
28691073,2777
28693957,2780
28696832,2793
28699712,2785
28702586,2778
28705450,2777
28708315,2777
28711179,2782
28714047,2782
28716941,2783
28719812,2784
28722683,2780
28725550,2777
28728413,2777
28731274,2777
28734137,2785
28737007,2779
28739881,2781
