224,4911
374,4441
653,4094
817,5226
1712,5133
1948,4851
2182,4240
2396,5067
2679,6768
2876,6681
3070,6723
3314,6316
3515,7040
8400,3294
8873,3109
9116,4607
9537,5396
9774,5443
9920,3970
10344,4396
10655,5726
11833,4283
12422,6796
12529,5726
12620,6213
12694,3555
12816,6605
12966,6301
13099,6314
13216,5948
13335,6029
16559,3353
17163,6043
17585,5442
17738,5340
17934,5317
20442,4115
20502,5621
20605,5495
21212,4020
21345,4510
21462,4699
21512,3956
22169,4836
22291,4981
22438,5212
23526,4554
23570,5337
23725,5190
24877,4429
26272,3509
26807,4771
27084,4682
29985,3628
30313,4510
30424,3944
30531,3783
30919,4270
31426,4135
31790,4019
32321,4073
33250,3529
33443,5230
33807,4398
33901,4669
35964,3534
36002,4952
36456,5519
36590,4048
36836,4971
37071,5382
37196,4832
37368,5067
37681,4910
37979,4274
38614,4307
39644,4916
40001,4283
40065,4602
41141,4693
43762,3813
43962,3847
44165,7593
44313,4700
44462,5769
44831,5469
45181,6043
45293,5492
45760,5312
45934,5070
46211,5094
48185,3896
48352,4228
48632,4177
48682,5741
48868,7399
49197,5163
49393,7080
50355,5632
50442,6014
50557,4905
51370,6589
52710,8179
52909,4940
53139,4518
53274,4246
53385,5669
53930,4407
54298,5331
55526,3764
58384,4391
58762,5365
59608,4778
59782,3771
60176,6115
60540,4164
61043,3965
61076,7887
61170,6671
61330,7193
61693,6700
62257,5156
62392,4864
62607,7156
62642,6479
62860,6545
62881,7336
63169,6064
63594,6673
64190,5549
64416,6366
65221,4639
65612,5567
65693,7429
65967,4141
67398,7186
68762,6030
72029,3512
72052,4004
72227,4333
72271,4660
72402,6179
72647,5299
72864,4855
72965,6085
73398,5457
78021,5370
78454,4515
79551,4857
79720,4286
79886,5322
80049,4874
80208,4358
80563,5133
81149,6927
81219,7822
81326,4035
81752,7264
81823,7945
81927,6050
83149,6594
85103,3819
86259,4072
86547,4062
86703,4245
87122,4259
87186,4403
87759,3805
87912,3869
88796,3671
88951,3463
89571,4205
89791,3655
89988,3865
90675,4680
90733,5243
90777,5296
90984,4869
93967,6625
94093,4468
94116,4263
94199,6184
95296,4750
95580,4417
97435,4671
97649,3601
97901,4081
98317,5109
99263,4579
99876,8025
100091,7121
100129,6845
100331,4365
100984,4972
101154,5300
101822,6130
102331,4993
102451,4934
102706,6006
103031,5337
104132,5724
105065,3878
105210,5132
105311,3852
105451,4570
106019,5016
106223,4619
106574,5433
107718,7295
109307,5376
111171,6255
111224,3901
111611,4654
111803,4867
111825,4386
112160,4512
112283,5838
112853,5616
113172,5219
113385,6017
114219,5061
114427,4993
115211,6008
117169,3275
117438,5451
117605,6199
117727,4145
118011,4852
118662,5434
118708,6828
120301,4160
120674,4226
120780,5450
121065,4858
121272,5508
121516,6587
121688,6211
121940,5379
122252,5902
124709,3692
124976,4500
125072,5627
125115,4187
125431,4725
126067,3947
127011,6736
127377,7448
127937,3349
129835,5925
129948,5818
130579,5863
130605,8963
130643,11658
130681,7864
130710,11296
130739,9352
130788,9889
131075,11867
131681,6265
132036,4951
132510,6436
132775,6339
132887,8134
133262,9802
134542,6896
134726,5838
135093,8757
135447,8470
136508,5921
138290,6168
138456,6635
138611,7020
139375,3999
139643,5330
139917,4772
140118,7176
140291,8475
140470,6281
140506,6191
140812,5083
141608,6939
141662,9306
141733,6139
147001,9579
147354,4001
147547,5524
147682,6046
147942,5892
148103,5681
148267,6203
149384,5627
149609,6511
149750,6625
149885,6892
150032,6295
150168,6897
150307,7404
150429,8615
150667,7668
150804,7467
151009,9175
151198,7961
151505,9167
151659,7806
152235,7427
152378,7753
152507,7437
152696,5069
157248,6309
157623,11781
157933,4943
158503,5754
159287,6908
159756,6208
159973,6273
160214,7865
160373,6361
160512,5784
160703,7419
160839,10842
160988,8866
161159,10377
161974,9045
162582,8785
162719,12103
163643,11958
163813,11840
163967,10953
164118,10966
164411,10305
164722,10413
164863,8912
165385,9386
165532,6212
165629,9679
165781,9768
167997,5586
169438,7321
170250,8264
170642,3965
171756,5682
171820,6228
171877,4495
172134,5578
172226,5723
172286,5649
172899,4171
175718,3541
178286,3472
178653,3859
178738,3196
179236,3726
179663,3605
180155,3513
181020,4118
183343,4938
183805,7947
184074,5121
184195,7047
184256,7008
184303,7793
184341,4792
184359,7817
184404,7233
184456,7893
184568,4024
185227,10182
185286,9402
185606,3636
186885,10917
187357,10345
187983,9923
188755,9385
189544,5531
189630,6626
191599,7281
192555,6153
192776,5822
193265,6357
193306,7679
193626,5164
194448,4971
195325,5285
195589,5868
195761,5881
196037,5244
196571,5015
196877,5563
196936,6650
196984,9291
197030,9087
197427,5927
200691,8887
200861,6557
203206,4966
203444,7293
203668,7698
203812,7764
203956,7467
204104,7368
204237,8397
204368,7921
204513,8434
204650,7906
204786,8023
204921,8185
205060,6751
205183,9926
205315,10240
205453,8676
205517,8209
205631,8779
206411,8829
206681,7321
206867,7463
207558,6976
207710,6248
207838,5816
207959,5896
208205,7170
208858,7798
208895,9307
208944,8831
210894,7056
215879,3709
215924,4448
216054,4674
218287,3860
218320,4773
218934,3346
219521,4347
220277,3912
221337,4507
221359,6213
222445,4204
223637,4553
223912,5579
224079,4766
224241,4934
224666,5318
224864,4361
225118,4813
225346,5253
225510,5139
225686,6065
225889,4449
226487,4605
226781,6088
227218,4219
227379,7392
227443,5890
227700,5446
228113,4824
228420,4241
231654,7737
231964,3460
232471,6248
233581,3480
235152,4278
235600,3716
235755,9804
235939,9547
236038,7765
236170,9262
236300,7999
236389,8828
236667,6577
236938,5336
237165,5899
238123,7439
238256,7124
238345,5884
238775,7646
238900,6228
239153,5911
241545,4112
241977,4081
242395,3498
242976,3986
243380,4425
243711,5522
244063,5013
244586,6393
244786,5199
247933,3780
248101,3359
248638,4516
249244,4710
249461,4905
249573,4752
250028,4024
251965,4894
252016,4577
252352,5640
252971,7204
253415,6334
253453,5939
253729,7288
254016,6954
254366,6982
254667,4230
254852,6364
255137,5564
255274,6275
255466,6109
255844,5751
258065,3957
258134,3911
258271,4249
258963,4221
259336,3947
260723,4375
261088,5561
261501,4236
261646,5496
262080,5264
262262,5181
264737,5607
264934,6520
265077,5788
265911,5867
266146,5563
266365,5483
266699,7213
266852,5912
267544,4486
267614,6134
268236,5210
268322,5151
268358,7738
268554,6711
268675,7136
268759,3912
269510,6720
270369,3634
271041,6048
271907,4671
274450,4899
274543,4652
274887,4132
274942,9407
276175,4608
276255,4958
276400,6213
276805,6121
276853,6471
277354,4285
277796,4583
278278,4935
278676,4464
279862,5163
279878,5312
280258,4866
280348,4491
281130,6677
281265,6332
281689,6058
281821,5685
282524,5069
285090,4349
285393,6609
285512,5102
285747,4882
286112,4315
286352,4878
286588,4720
286833,5054
287084,5294
287810,4689
287964,6477
288168,4982
288295,4534
288689,4690
289313,5060
290810,4654
293428,4181
293501,6607
293571,4179
293869,6050
293950,5803
294228,4741
294486,5360
294905,4565
295090,4853
295689,4583
295932,4966
296050,4120
296242,5069
296376,4363
297441,5824
297804,5876
297937,5724
301586,4834
301789,4569
301907,4794
302090,5151
302746,6433
302848,5944
302926,4775
303353,6324
303524,6427
304064,6328
304305,5577
304388,4987
304768,4622
305198,4814
305788,5482
306069,5377
306177,5438
306562,5303
307371,5053
308843,4493
309446,4726
309720,4080
310208,5622
310323,6219
312797,4463
312983,4380
314140,3565
314396,7184
314435,3736
314550,4464
315334,5769
315402,5854
315438,6195
315471,6381
315535,6427
315566,6296
315595,6697
315614,6967
315632,6738
319062,5083
319210,3571
319265,6039
319902,5122
320268,5147
320746,4617
321990,4022
322723,3561
322919,5096
324179,3943
324225,4959
324654,4269
324700,4350
325529,3092
326290,3485
326334,5562
326543,5146
326561,4873
329460,6260
329473,13017
329578,5808
329760,6085
329818,12319
329971,12011
330021,6084
330373,5229
331415,4574
331727,4638
331924,7396
332654,10823
332901,13551
333302,10850
333611,15031
334042,11671
334582,11592
334625,6528
335070,6618
335121,5861
335740,9829
336350,6762
336625,11901
337553,12001
337560,12532
337729,8095
337855,11959
337904,9474
338389,15063
338400,10691
338442,12446
338806,10573
338989,11546
339416,10145
339477,8557
339733,10653
339760,13186
340236,13659
340261,11309
343449,13460
343696,9080
344203,9098
344891,6546
345263,6380
345715,8214
346030,5565
346418,8046
346727,5996
347197,6150
347860,9157
348207,8580
354983,8288
355170,4129
355548,4966
355642,8906
355954,4193
356056,6707
356606,3708
357428,5377
357487,6791
357924,4123
359761,5426
360513,6257
360701,6732
360912,8729
360945,5854
360968,5331
361040,7314
361410,6608
361590,5552
361725,5894
362322,8061
363590,5464
363811,5820
364627,4267
364782,4898
365243,7587
365630,7148
366026,4928
366167,5175
366784,5130
367407,7912
368340,6618
368666,5965
371070,4514
371399,6871
371582,6947
371733,8648
371997,7832
372606,5718
375965,7026
376064,5391
376163,6037
376359,6956
376500,8166
376527,8764
376637,6838
376674,6696
376815,7438
376848,9379
376933,10010
377047,10684
377177,11040
377311,4829
378100,4956
378357,5064
378567,5102
379656,16330
379919,7878
380063,8504
380600,8029
380832,10472
381096,6930
382303,6589
382534,6288
382688,13576
383103,5910
383253,11338
385726,9522
385887,9095
386014,10351
386151,10264
386298,13450
386437,14686
386632,12316
386778,14043
387104,14152
387227,13457
387826,12343
389389,10874
389544,6772
390297,8508
390582,8282
390749,7996
390887,7802
391005,8791
391117,6913
391930,6050
392215,15183
392358,5431
392751,11227
392893,11960
393025,13765
393166,12103
393320,11939
393452,11276
393599,11775
393728,11636
393862,11928
393980,12060
394099,11989
394212,11725
394326,11665
394443,12399
394839,11726
395020,12423
395532,11540
396094,10913
396869,11199
397275,10279
397450,10327
397622,9670
397816,7128
404412,4595
408247,4090
408714,4033
409161,4421
409724,3529
409994,4909
410837,7927
410842,6181
410996,8761
411133,5686
411265,5705
412199,4030
412335,8319
412721,7436
412938,7616
413087,7265
413288,10868
413426,10888
413612,10598
413760,10963
413959,11314
414090,8527
414233,7375
414386,8186
414738,7542
414949,7457
415090,9470
417639,16107
417798,16143
417937,16151
418077,16147
418212,13675
418351,13290
418704,13283
418857,13472
419003,13379
419125,12515
419279,14325
419420,11633
419516,12422
419655,11282
419860,8987
419995,8607
420184,9273
420385,11386
421039,17253
421261,17227
421510,16125
421891,15830
423144,14211
423411,13541
423719,14187
423846,13002
423993,12802
424348,11953
424555,11274
424736,11284
424869,11201
424987,10930
425114,11512
425355,7133
426129,9618
426336,8242
426684,8105
426884,8187
427055,8172
427203,9200
427339,10438
427473,10022
427500,10634
427880,9424
428025,8973
428144,8312
428263,8880
428394,10952
428544,10549
428683,10238
429098,10094
429274,9522
429631,8553
431238,7100
440163,3525
441365,7304
441413,3464
441866,5880
441905,9432
442475,5209
442830,8291
444975,8408
445159,6012
445312,6148
445519,8160
445719,7195
445893,5329
446058,5216
446219,4360
447617,5958
448595,5028
449360,4416
449582,6820
449747,10019
449926,9901
450076,4489
451722,5726
451831,6744
451988,5170
451999,5567
452946,4098
453635,4502
454549,3856
454705,3646
454827,5765
454961,5387
455197,6097
455432,5415
455735,5259
455930,5442
456076,8565
456193,8241
456344,8411
456468,7657
456502,5974
456714,6924
457600,4514
458610,5279
458754,3855
460650,4273
461569,4141
461730,4581
465075,4139
465252,5663
465425,10238
465723,4490
465866,4585
466016,4297
466150,7718
466444,7130
466671,3996
466856,4256
467035,4129
467223,4175
467415,5750
467574,6879
467715,6968
467900,5392
468034,5984
468172,6766
468312,6741
468586,6696
468749,6489
468886,6536
469049,5240
471455,10110
471631,5302
471785,6817
472253,8299
472430,7460
472588,5313
472842,6793
473001,8895
473426,7579
474512,5896
476142,5702
476520,6211
476751,9900
476961,8169
477108,7850
477244,7939
477389,12847
477529,14029
477652,8902
478489,8382
478661,6622
478906,15656
479393,17256
479634,10605
479925,11836
480134,10196
480255,10126
480436,9995
480614,9874
480735,9802
480849,10814
481032,10680
481166,10643
481299,12904
481558,8503
481686,12084
482418,19393
482563,17653
482782,18911
483299,18568
483586,15020
483723,18228
483866,13216
484002,16161
484178,16598
484330,16505
485332,16725
485477,14167
485515,20196
485652,16582
485793,13798
486044,13649
486213,13582
486351,13393
486755,13089
487142,12753
487780,14217
487967,10925
488144,10257
488313,13506
488766,14481
488951,14434
489133,14167
489285,14150
489543,14058
489670,14507
489796,13918
492714,14073
492850,14035
493411,13127
494019,12664
497128,18999
497293,18775
497540,18740
497689,21618
497835,12684
498073,12560
498225,12570
498435,12950
498579,12646
498729,12760
498989,9690
499108,9735
499313,14619
503816,8122
503972,9090
504236,13090
504385,13039
506177,12008
506345,9240
507096,18217
507260,18212
507415,18428
507570,18365
507792,18435
507964,16028
508149,16234
508331,16417
509007,14537
509168,10619
509334,15212
509544,14115
509664,17939
509729,16406
509832,12861
509908,12088
510079,12395
510341,12580
510354,11108
510898,9569
511064,13998
511596,17959
511607,18773
511772,19179
512162,19223
512324,19221
512539,16126
512713,16012
512884,16131
513208,19333
513382,21300
513585,21750
513754,18148
514073,18255
515415,16646
515591,16356
515759,15935
515784,16463
516363,15781
516566,14444
516700,14738
516950,14323
517135,14191
517146,13815
517634,14563
517798,9450
517821,12011
518000,12192
518329,11115
519722,8824
520558,13013
521603,13274
521783,12427
522160,11790
522816,10641
524993,5723
525720,8122
526348,7694
526801,6170
527599,6976
527782,7043
530681,5346
533994,3693
537869,3456
538161,4745
538316,4638
538554,6252
538822,6571
539042,6253
539048,3654
539240,6862
539685,5749
539923,5828
540146,6158
540736,8114
540837,5159
541125,4246
541837,4284
542916,7332
543223,5942
543299,8300
543323,7389
543342,7935
543919,6422
544227,6542
545586,12780
545799,11776
545942,11313
546139,9013
546216,8253
546318,11390
546376,12352
546668,14546
546712,9637
546756,9312
547162,10872
547490,9480
547874,8934
548129,13156
548865,12802
549978,13404
550121,12535
550371,7779
550546,12030
550833,11774
550964,5509
553200,15207
553364,16127
553666,15374
553694,13950
553757,14346
553798,10010
553836,11436
554311,13994
554458,13591
555681,6430
555783,10575
556270,12626
556735,13059
558571,9664
559991,5477
563857,4851
564084,4897
564290,5291
564440,13326
564605,4649
564753,7871
564884,12171
565017,12982
565155,12477
565292,13089
565441,11320
565588,10476
565791,10815
565932,11486
566064,12365
566196,10463
566336,9674
566466,11190
566609,9190
566740,8816
566878,7383
567011,7124
567143,4286
567270,7486
567752,7124
573617,5124
573920,5869
574274,6659
574769,11579
574911,10080
575051,7979
575271,8561
575584,9741
575835,8193
576091,9774
580413,4996
581405,6735
581765,5810
581987,5418
582202,8001
582354,6803
582509,6701
582643,6744
582815,13132
583089,7219
583236,10886
583390,9465
583660,13728
583882,10357
584061,9683
584230,10790
584345,11400
584821,15566
585019,11337
585165,12931
585443,12955
585967,21432
586378,15840
586794,10272
586938,23451
587085,16517
587245,9228
587433,15802
588232,18159
588378,9390
588514,14905
590762,21323
590920,20988
591074,10914
591241,21012
591392,12835
591538,20890
591686,21470
591827,20726
591959,16093
592093,16244
592246,16443
592385,16654
592541,17541
593023,17835
593179,17913
593338,17972
593575,17390
593894,17511
594375,16323
594676,20127
594858,20614
595176,20139
595374,21390
595597,17689
596048,20643
596148,19504
596206,17410
596636,17104
596903,16918
597212,17048
597589,15387
597928,14566
598232,15337
598348,18093
598552,14479
598769,16192
598945,15725
599576,12577
599735,14444
599897,16134
600049,15906
600222,16587
602120,13197
603060,14159
604643,9927
608803,8743
617846,5509
618049,4546
618293,3570
618988,4137
619687,4600
619704,4961
619871,5669
620082,6025
620207,5846
620322,3759
620477,4381
620680,4437
620803,4588
621000,5202
622076,4691
622399,4213
622942,3914
623386,3735
627909,4239
628348,5253
628372,3976
628598,6366
628771,4776
628908,4693
629056,3978
629240,8632
629550,4320
629600,8168
629662,7420
629681,8142
629737,7293
629774,6898
629792,6066
630029,4847
630176,4980
630330,7157
630664,7405
630955,6878
634099,5795
634266,5532
634358,4250
635672,5422
635793,6488
635993,5429
636206,7732
636395,7071
636701,7309
637116,6754
637601,5909
637909,5769
641930,4507
642225,6408
642853,3702
643264,8392
643733,5436
644086,4133
644394,4119
644649,7953
644859,7039
644942,6311
645137,4986
645169,4254
645299,4974
645545,5136
646691,5099
647510,5672
647584,6329
648836,6079
649133,5833
649226,6382
649591,5158
649698,6556
650087,5861
650774,5605
651685,8090
651928,7424
652401,6410
652438,6689
654047,5366
655194,5399
655347,5665
655504,5370
655670,6410
655790,6628
655960,6954
656216,6891
656429,6957
657741,4113
658369,5147
658455,5294
658864,5228
661164,4544
661895,6277
663115,3842
663670,8503
664263,5697
664418,4070
664566,5244
664709,6992
664936,6662
665057,4336
665205,6000
665341,5512
665489,5858
665736,7942
665856,7759
665990,5618
666174,5276
666309,7524
668008,6315
668228,5948
668530,8559
668660,5575
668849,9914
669226,9214
669546,8535
669840,7682
670402,7617
672603,5521
675013,3863
675138,3676
675258,8317
675772,6338
675959,3646
676130,3935
676272,7421
676352,5479
677150,8414
678739,9440
679129,8398
679155,6103
680204,7021
680401,6622
680506,4922
680604,6201
680784,7722
680931,5981
681089,7555
681433,10703
681631,7931
681632,8424
683397,5339
683583,7859
684906,5141
685823,4117
687962,4630
688631,6009
688817,4422
689186,7052
689311,6315
689455,6528
689548,6641
689588,10126
689654,10377
689748,9969
690280,7290
690704,9526
690863,11735
691324,9908
691568,7767
691724,7664
691920,6494
692561,7856
693609,10661
694460,10150
694693,9675
694847,9226
695762,7620
696023,7698
696269,7955
696415,7165
696712,8377
697476,8797
697514,7932
697803,8269
697941,11685
698248,8076
698446,13192
698505,8670
699033,12549
699458,12213
700064,8528
700258,8010
700444,9906
700589,4671
700805,8131
700859,8617
702658,7900
702805,7836
703143,6758
707510,4784
707724,5451
708297,5831
708442,5605
710147,4830
710426,4612
710681,4854
710838,4248
711803,4921
712402,4832
712512,5597
712694,4351
712966,5250
713080,5522
713235,6568
714214,3837
715375,4933
715614,4753
715674,4486
716220,9758
716534,9316
718303,7848
720595,3659
721225,8335
721298,5379
721619,5735
721809,5497
721966,5150
722125,7600
722284,8756
722435,9003
722746,4657
723551,6315
723713,6687
723873,6577
724032,6786
724190,6680
724344,7511
724512,5786
724671,5679
724834,11015
724993,11003
725672,9791
728110,4310
728263,4122
728402,6687
728549,7403
728693,7398
728825,7078
728958,7086
732622,4148
732817,4375
732956,4492
733099,6460
733233,6243
733536,5865
733662,6164
733776,5999
733889,6631
734616,6003
735230,4820
738182,4373
738813,3524
739879,4704
739912,4689
740793,4977
741038,4600
741103,6460
741340,6769
741816,6723
741951,4184
742066,6535
742180,6725
742661,9006
743297,9106
743471,10986
743599,8857
744290,6356
744619,5846
744860,6966
745050,7847
745186,7360
745325,14956
745467,16092
745612,14201
746760,11686
746983,12954
747421,8499
747656,11210
748124,10683
748306,7562
748471,13086
748662,12788
748941,12656
749188,12907
749324,12390
749469,10755
749516,11527
749546,10990
751027,13750
751680,9074
751722,8615
751839,6397
751917,11711
754068,8074
754292,8746
754530,8842
755173,7249
755344,10925
755555,10002
756537,8483
756749,8358
757118,10946
757156,12043
757186,12135
757227,11506
757255,11792
757279,13702
757298,13143
758998,9895
759224,11143
759247,10851
760564,10340
760779,10593
764544,6673
766665,4990
768389,5123
768563,6906
768755,5807
770294,5059
771663,5641
771868,5704
771904,4102
772169,4600
772321,4672
772617,4751
772829,5409
772963,5338
773504,3902
774152,4252
774608,4199
775402,6349
775534,3708
775556,3970
775833,4440
776070,5361
776222,4342
779733,9183
779815,5358
779938,5164
780639,7332
780701,4626
781417,4856
781574,4767
782099,4697
783117,13490
783373,4778
783745,16413
783826,8189
783917,9191
784010,15345
784123,16300
784150,6588
784182,16755
784616,16954
784649,6318
784733,17838
785050,6069
786477,11732
787034,14188
787512,7645
787689,8524
788785,8392
788935,7090
789850,12272
790008,12165
790149,12442
790302,11060
790440,10634
790571,11500
790765,9871
791170,10414
791194,9475
791292,10449
794062,9481
794269,8081
794735,8177
794883,7820
795021,7985
795214,8093
795417,4939
795547,5807
798910,8379
798985,5866
799038,5074
799504,6256
799640,7354
799781,7120
800013,6425
804363,3454
804445,4071
805270,5312
805536,4179
805850,5089
808560,3400
808731,5998
808948,11270
809100,4333
809268,10679
809389,7306
809536,5548
809672,8168
809825,8260
810018,7747
810138,4763
811185,7400
811269,8747
812630,8147
813306,6544
814264,8810
815542,4806
815700,6850
815846,7387
815853,10866
815990,8618
816128,8976
816263,9372
816398,9473
816531,7342
816727,7725
816863,6815
817000,6534
817137,6245
817271,8680
817402,11000
817566,10827
817709,7624
817846,8287
817979,7185
818112,10224
818243,6765
818380,8951
819558,7092
821689,6031
824045,5571
826390,5566
827745,3459
828280,4430
828666,4284
828767,4404
830524,3904
830719,3821
831618,4322
831992,5078
832551,4026
833215,5473
833373,3660
833726,3706
834290,4040
834467,4716
834774,4225
834804,6477
834938,5877
834961,6003
835100,5447
835302,4594
835534,3821
836607,4287
839426,4812
839569,5077
840129,3854
841100,14812
841439,8708
841472,10504
841531,6089
841691,5881
841928,11222
842076,11635
842209,13479
842363,11744
842504,10131
842512,11089
842666,8992
843094,11681
843220,10790
843353,10707
843602,8561
844050,9735
845155,10666
845357,10883
845699,10564
846217,9534
846360,12910
846582,11863
846761,11392
847004,11293
847220,10877
847414,9437
847657,8082
847797,10701
847965,9682
848318,12948
848464,12492
849582,11609
849754,13755
849921,11529
850128,11337
850449,10620
850577,10094
850909,9786
851047,9398
851192,8894
851355,11362
851581,7957
851809,7234
852006,6961
852965,5729
857557,6016
859422,8128
861542,3503
862569,3951
862759,4453
862918,4728
863060,4117
863849,4575
867745,4834
867905,5176
868044,5228
868202,5895
868323,5140
868477,5426
868504,4884
870189,4139
870596,4269
870882,3921
875154,6633
875169,5795
875439,7099
875567,6879
875966,7160
876033,12173
876146,9573
876194,6199
876575,6428
876667,10910
876727,7929
876773,5506
877175,8680
877577,8850
877679,9340
877846,9319
877915,8639
878043,8582
878155,9071
878259,9388
878526,10768
878798,8643
879429,8914
879556,9182
879755,7152
880000,9589
880053,8451
880455,6835
881543,7806
881693,8952
882533,7505
882713,6881
883399,6769
883587,6967
883699,6659
885393,5593
885431,7034
891587,3672
891611,4195
891977,3640
892149,5758
892516,5332
892832,4011
893036,4940
893527,6333
893567,3811
893847,4606
894009,4890
894128,5159
894266,4932
894397,5145
894645,4878
894708,4642
900155,4970
900334,4682
900401,5384
900637,5227
901341,6265
901992,3745
902196,6007
902408,6168
902918,6665
903003,4783
903021,8809
903177,6686
903337,4503
903574,8798
903586,6419
904328,6734
904727,6398
904890,5794
905198,5608
905476,4986
907894,3419
908530,3872
908861,4822
908970,5038
910553,3336
911283,4307
911918,4899
911951,3561
912184,5057
912571,3458
914092,5266
914569,4004
915040,4336
915251,4773
915565,4469
916941,5459
916994,5236
917037,4519
917077,5385
917174,4534
917553,5355
917849,3909
919407,3973
919890,3772
920346,3951
920840,3843
920963,4589
921068,4765
921288,6154
923118,4164
923194,6058
924193,4646
924776,5478
925640,5504
925700,4171
925921,5458
926665,4322
927147,4892
928043,3159
928216,6639
928427,7654
928647,4976
928838,4730
929042,6756
930623,4943
931653,6282
931831,6054
931878,7029
932042,6952
932244,5588
932414,6004
932500,6567
932530,5835
932731,6824
932853,5727
933013,7426
936352,4224
936643,6536
936808,6335
937041,6240
937204,6176
937353,5976
937549,5683
937673,7083
940659,4804
940677,4889
940713,3837
940974,4281
941873,4953
942088,5954
943029,7180
943185,6526
943663,6004
943850,5721
944585,6059
944788,6639
944942,8447
945093,5340
945302,6759
945611,7991
946556,6990
946688,8624
946870,9849
947002,9303
947119,7737
947231,6460
947342,5233
951102,10322
951231,14746
951385,14575
951533,13975
951652,13365
951887,7404
952373,6588
952616,7189
952774,7043
952981,10485
953120,8341
953677,6188
953751,14621
954060,6979
954272,11175
954661,7322
957902,7640
957950,6680
958109,6878
958534,6644
958663,8793
958798,8656
959008,7988
959132,9709
959329,8029
959462,7299
959637,7243
959905,6648
960050,4201
964391,4004
965064,7542
965638,6196
965856,6651
965985,6747
966098,5355
966214,5387
969073,4136
969125,3958
969615,4759
969753,5859
969862,6056
970566,5330
970852,5311
972153,6321
972382,5374
972724,4597
974561,5287
974725,4245
974848,5525
974980,4951
975582,5526
975753,8337
975931,8380
976071,9947
976285,6815
976558,7108
976601,7082
976669,5762
977973,7673
978249,7947
978789,7219
979003,7652
979164,7977
979625,6461
981333,6443
981692,5133
981840,5393
981996,10185
982132,9286
982308,8775
982451,7936
982598,8304
982721,8807
982836,8196
983463,7385
983769,7697
984766,6600
985125,4768
988353,4624
988959,3837
989094,5878
989688,6619
989965,7816
990168,6905
990450,6731
990631,6604
991235,5607
991826,6746
991959,6838
992599,6968
992744,9686
992855,6483
992940,6086
993373,5838
993402,5783
993797,7011
994170,8690
997622,7737
997863,7886
997955,7071
998177,7725
998606,7453
998902,6928
999051,6055
999246,7321
999809,7345
1000606,5380
1003194,3588
1003661,5315
1003716,4875
1004072,7363
1004310,7761
1004497,7475
1004525,8255
1004802,6805
1005454,5668
1006130,6989
1006184,6667
1006432,6608
1006537,7313
1006927,7639
1007242,4695
1007430,6305
1007689,5599
1008466,4927
1009195,6023
1009381,5339
1015142,4527
1015320,5676
1015463,4999
1015548,4823
1015707,5830
1016206,4728
1016715,4170
1017070,4570
1017506,5477
1017864,4568
1017894,5318
1018147,4113
1018192,6769
1018476,5629
1018570,5929
1018879,7925
1019102,8289
1019288,5024
1019717,8271
1019871,8585
1020025,7131
1020119,8781
1020177,7993
1020384,7164
1021569,5882
1022405,5526
1024912,4773
1026831,4043
1027582,3356
1027902,5004
1027946,5395
1028329,3857
1028869,5597
1030305,3358
1031000,4972
1031061,4170
1031325,3932
1031464,4703
1031505,4147
1031657,3851
1032132,6711
1032310,10063
1032781,5787
1033052,6593
1033492,4861
1036453,5269
1036515,5669
1036540,6031
1037121,6070
1037240,6936
1037280,5858
1037750,6310
1038185,5632
1038387,4497
1038668,4775
1038950,6186
1039095,5489
1039236,6143
1039425,5702
1039536,5314
1039689,5258
1040938,6109
1044228,4805
1044255,5534
1044628,5076
1045674,4486
1045947,4273
1046130,5684
1046201,6778
1046234,4137
1046390,4216
1046874,5411
1047077,5670
1047223,5461
1047390,5049
1047431,4782
1047684,7246
1049125,4738
1049456,4276
1051132,4849
1051272,3666
1052911,4905
1055008,3984
1055157,4114
1055291,4258
1056063,6005
1056236,6194
1056369,3390
1056530,3433
1056589,3656
1056915,4853
1057063,5077
1060463,9420
1060636,8941
1063440,5622
1063607,5717
1063869,5571
1064136,12680
1064280,9359
1064425,7876
1064541,5674
1064581,9840
1064615,7614
1064648,9599
1064676,11290
1064714,10349
1064747,14874
1064786,7806
1064827,10498
1064861,8206
1064900,12537
1064935,14887
1064986,12749
1065023,12841
1065054,11205
1065084,8982
1065120,11526
1065151,12240
1065178,12193
1065234,14695
1065334,19391
1069711,14785
1069910,10927
1070036,9942
1070252,15583
1071369,14686
1071404,13774
1071424,13518
1071556,14331
1071721,14283
1072358,13154
1072629,13493
1073100,13864
1074909,12001
1075627,10345
1075675,7911
1079073,9549
1079256,10045
1079795,10891
1080262,10311
1080884,7548
1081054,7256
1081574,8877
1082305,7636
1083021,10221
1084128,9182
1084301,9073
1084767,10107
1085001,11245
1085211,7234
1085341,6493
1085539,7121
1085675,5260
1089721,3444
1091075,7136
1091227,5901
1093277,10654
1093323,12980
1093359,13211
1093381,11698
1093402,11533
1093900,6179
1094027,10068
1094149,8972
1094215,4432
1094348,4590
1094470,10364
1094531,4765
1094875,9227
1094920,5870
1094930,10500
1096160,9313
1096428,9540
1096944,9109
1097347,7915
1097519,8478
1097822,8425
1098545,6017
1100826,5287
1100887,5227
1101559,4680
1101725,4673
1102092,5824
1106690,4110
1107007,3942
1107258,4355
1107508,5040
1107634,5131
1108002,4437
1108178,3817
1108412,4656
1108878,4292
1108923,4041
1110127,3711
1110141,3905
1111046,4021
1111182,3582
1114101,11150
1114296,4149
1114696,3866
1115891,7997
1116113,6202
1116246,17778
1116573,8860
1116733,17346
1116900,10541
1117053,11569
1117422,9886
1117608,16222
1117677,13362
1117762,10109
1117861,10206
1117910,9681
1118058,15694
1118280,13500
1120342,13965
1120545,17097
1121141,13428
1121307,17007
1121461,8298
1121534,7774
1121693,8571
1121859,7570
1122411,7978
1122816,24576
1122918,18146
1122987,25300
1123047,25375
1123099,25677
1123155,26146
1123209,26709
1123261,34669
1123311,30062
1123367,34376
1123419,33266
1123471,11191
1124346,10315
1125058,12646
1125362,9519
1125569,12421
1125750,12016
1125926,11647
1126574,19091
1126747,24834
1126806,23543
1126858,23008
1126915,25168
1126969,23736
1127021,21131
1128944,13682
1129117,21078
1129199,12521
1129285,21168
1129718,11612
1130835,19802
1132684,25361
1132936,17337
1133132,23770
1133259,24598
1133382,16988
1133556,12918
1133674,16414
1133787,13342
1136459,11556
1138346,17225
1138585,17240
1138793,12570
1138957,13449
1139078,13277
1139206,15347
1139882,14064
1140076,14142
1140253,14181
1140409,14086
1140555,14394
1140673,14415
1140794,13809
1141142,14050
1141268,13873
1141383,11836
1141513,10244
1142602,12686
1145162,12191
1145779,9457
1146539,7207
1148957,11293
1150084,8130
1151450,6540
1151789,8797
1158368,5973
1158687,7600
1158821,7752
1158953,6328
1159073,6108
1159204,5728
1159373,6398
1159795,6155
1159928,13076
1160086,11745
1160281,11799
1160423,12777
1160624,12738
1160759,11787
1160902,12392
1161086,12508
1162640,10005
1162812,10985
1162967,10502
1163123,10568
1163278,10733
1163429,9676
1163543,10347
1163566,16582
1163695,8687
1163785,7936
1163840,8091
1163887,8291
1163951,15682
1164002,13055
1164052,13094
1164105,12838
1167604,19021
1167773,18236
1167926,18420
1168119,18334
1168273,19070
1168431,18294
1168594,17511
1168750,15319
1168901,15353
1169053,13350
1169206,16578
1169362,18983
1169784,14045
1170043,13703
1170208,13953
1170359,12196
1170537,13814
1170747,13689
1170994,13747
1171158,12484
1171327,15462
1174548,19129
1174622,18621
1174873,16667
1175034,16557
1175189,16453
1175342,16570
1175742,12821
1175979,12081
1176131,11602
1176287,17611
1176445,15672
1176624,15335
1176782,14025
1177789,12864
1177965,12527
1178132,12305
1178285,11981
1178434,18617
1178687,14525
1178856,20889
1179017,18796
1179173,19283
1179332,17210
1179826,16503
1179966,15308
1180100,15310
1180232,14664
1180457,14124
1180723,9305
1184861,10933
1185031,14582
1185220,12038
1185307,9133
1186561,13671
1190960,8848
1191114,8647
1191348,9491
1192097,7897
1192975,9388
1193245,8187
1193739,6865
1194251,6405
1195207,5318
1196563,5210
1196610,4962
1196704,5448
1197389,5572
1198286,6110
1198315,5829
1201863,8813
1201908,4127
1202407,8210
1203179,7534
1203199,6694
1204557,9531
1204744,10105
1204910,7012
1205083,10115
1205266,5874
1205449,5929
1205632,6272
1205820,8177
1206757,5753
1206936,5295
1207348,10325
1207527,5802
1207683,8902
1207871,4737
1208559,5358
1208728,4866
1210977,7042
1211286,4881
1212041,6983
1212634,6573
1212762,6627
1212891,11423
1213028,13428
1213170,12986
1213360,10255
1213621,20962
1213758,17517
1213952,16058
1214099,15757
1214248,17132
1214387,12510
1215264,15718
1215554,15613
1215761,18981
1220277,10378
1220459,18012
1220905,12146
1221108,11642
1221283,12720
1221444,14613
1222220,12190
1222912,10394
1223732,11202
1223748,12135
1224301,10331
1224406,11354
1224477,13197
1224593,11236
1224623,7661
1225110,19564
1225433,17984
1225815,9240
1225986,7836
1226028,11257
1226288,13245
1226727,9486
1226949,10083
1227001,11397
1227267,15905
1227796,9724
1227957,13332
1228014,12695
1228073,13589
1228177,14584
1228233,16322
1228289,16917
1228347,16296
1228408,15778
1228548,5166
1229575,6247
1229762,10376
1232373,10194
1236769,7210
1236919,6850
1237055,8422
1237560,8647
1237705,7752
1238155,8462
1238721,8233
1238947,7025
1239281,6774
1239915,5344
1241605,4610
1243804,5211
1244013,4992
1244210,5508
1244380,4497
1247452,5699
1247688,4919
1247838,4094
1250667,3881
1250806,3345
1251346,4498
1251613,4940
1251732,4537
1251871,4909
1252681,4703
1252877,4683
1253027,6429
1253186,4894
1253693,8446
1254295,3945
1254409,4549
1254526,3913
1254820,5689
1254985,7045
1255077,5086
1255298,8446
1255407,7924
1255502,7401
1255607,6368
1256270,7102
1256296,6927
1260327,4214
1260757,3905
1261249,3616
1261792,4663
1262504,5057
1263155,5248
1264157,5432
1264291,4728
1264407,4458
1265325,4355
1265725,3449
1265767,3979
1266044,6230
1266522,5478
1266649,5630
1266803,4220
1266957,4334
1267144,4317
1267381,4759
1270528,5027
1270660,4084
1270793,7654
1271508,8041
1271673,7978
1271821,9942
1271963,9743
1272117,5864
1272309,6340
1272429,6164
1272641,5754
1275291,7494
1275474,14349
1275549,14759
1275897,7553
1275919,7843
1276037,6927
1276203,10602
1276342,10927
1276682,11153
1276875,7367
1277577,9421
1277728,9406
1277847,6980
1278225,8494
1278505,9712
1278645,11600
1278787,14139
1278949,14643
1279133,9423
1279176,10804
1279226,9280
1280285,8144
1280434,11170
1280630,11635
1280679,13468
1280759,9980
1280800,10049
1280841,10618
1280881,14324
1280929,13163
1280962,13761
1281007,12154
1281043,13227
1281082,13548
1281143,12656
1281755,10424
1281923,10823
1282048,12741
1288616,9373
1288645,8899
1288830,8751
1289102,7459
1289250,7366
1289412,12544
1290030,9341
1290272,7371
1293841,8373
1294018,4219
1295033,7342
1295236,7436
1295655,5977
1296018,6375
1296747,5457
1298316,3608
1298750,3272
1299199,3677
1299406,4817
1299823,4603
1299997,4317
1300162,4402
1300293,4759
1305379,4211
1306111,4570
1306141,3953
1306309,4656
1306992,5066
1307160,5338
1307231,5041
1307625,3999
1308107,7474
1308370,6640
1308656,6762
1308753,3633
1310370,7010
1310569,7229
1311397,6937
1311883,5441
1313265,5830
1313415,5482
1314581,5818
1314733,4454
1315282,8655
1315667,3314
1316151,7405
1316204,8037
1316237,7650
1316297,9712
1316398,6196
1316526,6064
1316760,6932
1316917,6712
1317393,7757
1317930,10226
1318321,6772
1320304,5900
1320997,6649
1321039,5406
1321191,5422
1321310,4888
1321443,4363
1321890,6845
1324296,4211
1325314,6265
1325364,4216
1325611,6022
1326240,5444
1326383,4624
1328959,4366
1329116,4263
1329386,3691
1329431,6787
1329594,4242
1329655,4438
1330285,4468
1330448,4587
1330651,4819
1331104,4631
1331148,5161
1331172,5017
1331342,6862
1335021,5273
1335242,4987
1336037,5301
1336438,6259
1336900,4397
1336981,4820
1337488,4492
1337634,6348
1337772,6271
1338241,7314
1338387,5621
1338560,6454
1338713,8994
1338853,7944
1338973,9093
1339116,8894
1342034,5230
1342188,6213
1342334,8051
1342464,8977
1342804,7526
1342934,6787
1343024,8330
1343088,8691
1343134,10767
1343178,10381
1343216,11839
1343784,6432
1344135,6364
1344828,4347
1345123,10074
1345169,10460
1348845,5508
1349049,8878
1349189,5105
1349386,7193
1349519,7556
1351808,5560
1352025,5951
1352588,4999
1352733,4146
1352887,4380
1355429,6135
1355638,4958
1355837,4812
1356005,5111
1356162,5005
1356419,7443
1356710,5308
1356913,6649
1357103,6694
1357395,8744
1357615,8898
1357763,12408
1359081,9067
1359230,8718
1359379,10894
1360185,10359
1360335,12349
1360475,12598
1360677,14257
1360947,11951
1362143,11211
1362288,13675
1362407,13037
1362509,13505
1362635,12521
1362785,12702
1365596,9804
1365760,9777
1365898,9687
1366062,12483
1366171,9492
1366324,10476
1366653,7582
1366799,8081
1366918,7613
1367081,9648
1367214,6818
1367336,5851
1367463,7885
1372054,7735
1372324,6810
1372716,7335
1373476,8929
1373718,8229
1374062,7803
1374557,7242
1374717,8307
1374976,5855
1375190,7364
1379229,3471
1380466,3517
1380576,3416
1381240,4785
1381380,4280
1381625,4220
1383599,5094
1384225,4524
1384388,4830
1384430,6436
1384711,6479
1384925,6326
1385150,5585
1385693,5439
1385860,5073
1386064,6639
1386977,6092
1387022,8835
1387071,8213
1387138,7404
1387556,10996
1387958,5682
1388652,7783
1389749,6216
1389942,8041
1390094,9244
1390301,10549
1390547,7855
1390599,12164
1390637,8053
1390668,10779
1391279,7024
1391569,7616
1391768,11851
1392530,7305
1392735,9121
1392900,11745
1396784,6910
1396940,7643
1397225,6527
1397376,8715
1397547,4791
1397687,6226
1397806,4840
1400027,3968
1400202,4884
1400342,5624
1401004,4188
1401159,7052
1401337,6215
1401477,8540
1401505,6714
1401650,9239
1401793,8679
1402044,8935
1404038,8098
1404435,6772
1404631,7937
1404917,7272
1405116,6237
1405255,5536
1405343,5635
1407882,4581
1408169,5371
1408307,3934
1409396,4360
1409860,4557
1411361,5390
1411674,6228
1411790,5515
1411949,6017
1412712,3479
1412924,5471
1413175,4291
1413876,5031
1414000,5214
1414474,5048
1415018,5027
1415908,3589
1416870,4068
1417059,3649
1417807,4196
1417959,4602
1421082,4320
1421112,4443
1421165,4035
1421427,4715
1421668,5487
1422036,5266
1422527,5790
1422698,5003
1422845,5099
1422988,5605
1423121,5757
1423809,5626
1424037,5069
1424179,5416
1430300,5462
1430747,5157
1431094,4993
1431221,4650
1431391,4199
1432715,6618
1432808,4657
1433224,4620
1433403,6565
1433801,4239
1433874,5033
1434003,5384
1434391,5146
1435327,5866
1435640,4548
1435776,4790
1436125,6540
1436284,11000
1436445,7204
1436570,6791
1436742,6524
1436796,5482
1437388,5375
1440291,4130
1440884,5653
1441120,5564
1441422,3861
1441423,7691
1441472,11311
1441543,5126
1441588,8867
1441708,7638
1442283,4134
1442819,5434
1443551,5040
1444435,6134
1444598,5252
1445531,17689
1445638,16028
1446473,6421
1446709,10806
1447073,6982
1447218,8617
1448439,11847
1448555,11023
1449272,17797
1449445,12670
1449626,13572
1449883,12170
1451197,9169
1451364,10865
1451541,9660
1451699,12483
1451861,12863
1452032,11631
1452187,9992
1452337,8419
1452515,9590
1452671,8952
1454490,12125
1454638,10595
1454932,11737
1455215,7161
1455386,9621
1455671,6756
1455874,7039
1456199,14543
1456406,13694
1456494,12654
1456692,12927
1456785,13416
1456817,13709
1457227,5540
1457374,7966
1459070,11973
1459303,11616
1460871,10056
1461232,8919
1461376,9207
1461713,11007
1463804,6658
1464083,8751
1466286,5139
1468561,5036
1469427,5436
1470959,4215
1471161,6567
1471729,8179
1471860,8495
1472187,6938
1472213,6559
1473000,3998
1473866,4492
1474909,3989
1475215,5664
1475767,5272
1475936,4990
1476171,5886
1477312,4204
1482813,10255
1483012,10809
1483081,12759
1483186,5726
1483542,13124
1483689,13035
1483829,5451
1484005,12458
1484151,5740
1484290,12270
1484422,11073
1484666,15370
1484816,12151
1484969,5901
1486283,11191
1487305,11155
1487648,15135
1487848,14110
1488082,9321
1488109,19629
1488162,19729
1488210,20129
1488262,19393
1488308,18938
1488352,18765
1488664,9740
1488925,9037
1489219,10703
1489456,9387
1489639,11064
1490050,11634
1490230,9449
1490407,12610
1490682,10170
1490871,11676
1491051,10347
1491227,11034
1491407,11466
1491598,14640
1491774,14164
1491950,12841
1492143,11001
1492325,10898
1492871,10983
1493172,9819
1494020,11822
1494212,10541
1494531,12493
1494590,12572
1494636,12682
1495109,10672
1495294,11080
1495556,13434
1496149,11791
1500150,8184
1504010,5381
1508034,4790
1508432,7238
1508964,4402
1509156,6427
1510753,10419
1510979,6557
1511196,6910
1511441,6311
1511731,8210
1512347,7725
1512380,7279
1512394,6129
1512436,8143
1512475,7412
1514414,5061
1514725,6422
1514873,5215
1515831,5813
1516016,5575
1516860,5494
1517244,4124
1517850,5607
1518392,5780
1518570,4249
1518710,6577
1518917,4742
1519226,4578
1520609,3980
1520772,4875
1521795,3724
1521957,3354
1524125,3806
1525908,6400
1525980,8081
1527133,7330
1527152,6733
1528218,8208
1528329,4299
1528724,7512
1528972,7208
1529011,7581
1529748,7827
1529972,9390
1530090,10289
1530184,5866
1530471,5775
1530551,7804
1530640,8993
1531353,6859
1532393,7997
1532568,7497
1532726,5960
1532877,7198
1533169,6199
1533359,8412
1533550,8290
1533716,6938
1534406,8185
1534563,7375
1534966,7866
1535352,7014
1535746,6824
1539909,5469
1542927,6540
1543208,4816
1543370,4860
1543634,5591
1543773,5200
1544262,5294
1544462,7275
1544521,6744
1544563,8410
1544787,5397
1545424,7404
1545730,7162
1546028,7021
1546192,6644
1546546,7133
1546681,5732
1547163,6492
1547315,4583
1547699,5965
1547829,6460
1548242,6704
1548635,5168
1549037,5817
1549238,7167
1555096,3165
1555263,4528
1555746,3757
1555911,3746
1556347,7071
1556392,6163
1556432,6180
1556466,6233
1556640,5326
1556912,4877
1557247,5750
1558171,5199
1558413,4904
1558539,7421
1558632,5017
1559051,6676
1559328,6696
1559940,5813
1559987,5912
1563654,3288
1564153,8521
1564267,4673
1565537,5308
1566163,5802
1566325,7377
1566358,5332
1567257,4601
1567430,4959
1567722,6446
1567875,10933
1568029,14972
1568168,9395
1568314,10559
1568466,8195
1568567,9352
1568661,10030
1569035,13423
1569178,13160
1569366,13198
1569517,11920
1569652,13866
1569767,14847
1569914,11410
1570031,11192
1570176,11645
1570294,10460
1570423,14283
1570721,14231
1572438,12012
1572588,6861
1572800,11279
1572944,10979
1573105,12743
1573260,15143
1573411,14641
1573537,14336
1574196,14128
1574391,15767
1574584,13606
1574815,15013
1574951,15485
1575575,18110
1575855,19213
1576009,17584
1576286,18446
1576464,17371
1576712,17653
1576949,15029
1577087,17139
1577239,16833
1577385,17733
1577662,16896
1577801,16509
1578169,16147
1578366,15088
1578523,15422
1579189,18151
1579339,17239
1579783,16131
1579954,16753
1580112,17361
1580276,16521
1580428,15182
1580549,15088
1580705,14344
1580928,15430
1581992,13956
1582046,14262
1582093,15195
1582150,12532
1582203,12424
1589330,5839
1590714,5712
1590746,6956
1598310,4150
1598527,3808
1599033,4389
1599067,5142
1599142,5567
1599262,5261
1599798,5264
1599845,5438
1599973,4639
1600000,3882
1600049,4472
1600306,4820
1601711,5529
1601743,7492
1602039,4767
1602606,4996
1602790,5889
1605843,3860
1608548,4002
1609658,4204
1609822,5259
1609963,4332
1610099,6270
1610264,6917
1610404,5865
1610590,8008
1610731,8087
1610849,8063
1610977,8275
1611124,7572
1611322,8973
1611463,8725
1611969,7382
1612340,10714
1612568,5563
1612717,6005
1612860,5403
1613001,3990
1613121,5057
1613635,9714
1613860,9860
1614054,9720
1614263,9437
1614438,7149
1614733,6435
1614880,6760
1615016,9757
1619713,7384
1619739,7841
1620339,7684
1620384,6619
1620575,7597
1620711,7912
1620848,7584
1621127,8627
1621270,5985
1621411,7553
1621552,7711
1621706,9968
1622704,7834
1623097,8051
1623551,9120
1623809,5507
1624075,5836
1624790,7942
1625286,6460
1629445,4492
1629477,4780
1629912,13487
1630176,13100
1630275,12978
1630567,12407
1630711,12609
1630938,8714
1631801,12263
1632057,10924
1634713,8889
1634996,10117
1635359,9983
1635521,9881
1635758,15175
1636001,9593
1636716,9277
1636991,9093
1637551,8583
1637856,8611
1638083,11936
1638181,9309
1638234,8012
1638404,11844
1638542,8133
1638714,7590
1638901,7478
1639072,7126
1639238,8620
1639408,11586
1639877,11170
1640065,11359
1640255,10942
1640443,12446
1640598,10550
1640954,10144
1641237,8874
1642666,9933
1646642,8234
1646931,7711
1647151,9233
1647913,5057
1648731,10542
1648905,7985
1648906,6866
1649228,7772
1649686,6943
1649910,6666
1650217,8997
1650628,8472
1650933,7444
1651152,10683
1651494,6465
1651717,5732
1655411,11149
1655866,10829
1656078,10115
1656219,9166
1656408,9523
1656944,9689
1657103,8606
1657163,10416
1657687,4937
1658091,4472
1658439,6432
1659660,6729
1659914,6644
1660215,6967
1660857,10496
1661054,6201
1661280,5162
1661446,7629
1661514,5482
1661933,6894
1662557,4682
1663509,4576
1664159,5960
1664591,5466
1665004,4345
1665653,6331
1667508,4187
1669331,6895
1669846,4150
1670498,5205
1670707,6092
1670902,6451
1671025,6104
1671181,8117
1671534,6827
1671663,8660
1671796,7928
1672154,7738
1672231,7759
1672259,7554
1672300,6725
1672321,6892
1673352,6684
1673659,5655
1674257,6078
1676693,3559
1677848,3667
1680827,4857
1681050,3696
1682199,7373
1682372,5442
1682572,4844
1682711,4854
1682852,4419
1682970,8098
1683117,8342
1683254,6787
1683371,6802
1683524,6788
1683696,5231
1683835,7081
1683966,7573
1684101,9065
1684240,10558
1684374,10217
1684683,9357
1684822,11588
1684961,7989
1685134,8560
1685256,7005
1685730,8145
1685788,6943
1685921,6874
1685941,8051
1686078,6568
1686529,4814
1690036,4370
1690617,5119
1692070,3890
1692267,5524
1693299,4677
1693363,4531
1694622,3742
1694826,3431
1695861,5254
1696068,5228
1696383,3781
1698471,4139
1698720,5353
1699075,5455
1699228,5967
1699273,8065
1699414,5450
1699758,5352
1699981,4709
1702211,4463
1703389,5509
1705248,4096
1705278,7281
1705602,8822
1705664,5735
1705778,6856
1705977,5831
1706087,4696
1706210,7483
1706301,6784
1706888,5864
1707029,7735
1707219,7629
1708028,9652
1708113,7480
1708317,8858
1708477,8737
1708993,11101
1709121,7877
1709234,8499
1709417,11243
1709637,11432
1709886,11559
1710226,11190
1710674,11159
1710748,9216
1710974,8285
1711131,9867
1711848,5908
1712223,8911
1712486,6935
1712816,6184
1714462,8273
1717947,6100
1717981,5718
1718147,8122
1718241,5876
1718391,6602
1718539,7780
1718618,7998
1718728,6572
1719694,7225
1720002,5268
1720507,5697
1721078,6118
1724889,4436
1725512,4797
1725618,4911
1726992,7785
1727090,7002
1727152,5948
1727328,3463
1727649,4927
1728121,6732
1728312,5584
1728471,7718
1729946,5985
1730736,4819
1730936,5472
1730971,5703
1731120,7863
1731204,8412
1731634,5366
1731713,5385
1732449,5350
1732502,6480
1732744,4311
1732908,7082
1736336,3844
1737197,4006
1737533,3967
1737769,3821
1738552,5300
1739099,4720
1739864,4845
1740124,6520
1740666,5906
1740758,5011
1741234,5461
1741394,5728
1741818,4810
1744191,5557
1744663,4959
1745134,5209
1745800,5253
1745957,4859
1746195,5129
1746321,7506
1746462,6103
1746680,6877
1746913,4784
1747069,8670
1747600,6852
1747745,6071
1747882,5463
1748327,4289
1748833,4797
1749669,4959
1751982,3852
1752238,6010
1752910,5749
1753026,5772
1753360,5010
1753955,4060
1754542,4880
1754863,5741
1755271,5112
1755341,4859
1755524,4826
1755903,4948
1756092,6367
1756556,4638
1756918,4588
1757053,4753
1758302,4496
1758590,6109
1758911,5558
1759156,3847
1763141,4869
1763583,9480
1763717,9429
1763747,8700
1763982,8480
1764198,7894
1764295,5763
1764995,7585
1765065,7770
1765084,7839
1765157,8257
1765177,12329
1765226,10873
1765690,12536
1765735,8585
1767215,7425
1767268,7774
1768088,5827
1768249,7410
1768712,5736
1768914,4860
1769067,5948
1769854,8587
1772445,6879
1773181,5796
1774265,6082
1774565,5547
1774710,5956
1774851,5714
1775053,6412
1775292,6095
1775434,6197
1775573,5749
1776980,4765
1778290,4259
1779079,5012
1779153,4575
1779346,5311
1779519,5023
1780858,4700
1780897,4897
1782615,9214
1782736,8047
1782873,7761
1784756,5850
1784929,6076
1785086,6512
1785238,7484
1785395,6265
1785558,5357
1786311,5788
1786366,11309
1786583,6980
1787016,9920
1787076,22797
1788099,4053
1788921,5103
1789425,6740
1791076,4518
1792436,4552
1792757,4430
1793964,6998
1794041,12400
1794078,11779
1794154,4082
1794330,3813
1794519,5247
1794677,6501
1795190,10315
1795379,15336
1795554,14838
1795696,9893
1795842,15072
1795981,11331
1796118,10431
1796255,7391
1796392,12660
1796723,11705
1797023,11273
1797252,15605
1797734,10965
1797887,13536
1798324,17348
1798572,12455
1799630,13948
1799696,10385
1799852,12297
1800991,10148
1801690,10369
1802085,12462
1802250,8971
1803773,15408
1803952,11363
1804116,11124
1804276,12033
1804442,17190
1804988,12445
1805209,20657
1805686,17490
1805944,14158
1806124,16291
1806280,22457
1807061,15525
1807226,15847
1807399,17194
1807544,14260
1807601,20697
1807651,14027
1807701,18618
1807761,14477
1807824,19728
1807898,19507
1807959,18109
1808017,20223
1808076,20988
1811548,28035
1811733,24027
1811896,27865
1812241,17619
1812404,17316
1814275,16542
1814446,17598
1814920,15638
1815536,16034
1815654,16677
1815674,26068
1815716,26991
1816252,25332
1816348,25253
1816445,24296
1816810,24090
1816853,22433
1816897,20728
1817166,19752
1817808,14121
1818143,11451
1818508,21574
1818666,24091
1819051,23444
1820322,22283
1820607,19732
1820780,20911
1820939,20699
1821094,15761
1821214,21442
1821436,17601
1821902,16730
1822901,20224
1823554,12530
1823604,10669
1823657,15218
1823716,16309
1823766,14589
1823914,18907
1823963,18589
1825440,13144
1826151,13004
1827092,11834
1827630,12342
1829992,11680
1831719,10004
1832153,6824
1833896,10521
1834692,14227
1834910,6955
1835201,11022
1835219,10501
1835468,11271
1835864,12561
1836697,11674
1837814,12438
1837995,12069
1838195,11445
1838409,10740
1838653,11418
1839796,9745
1840036,9400
1840352,8388
1840746,7267
1847083,5558
1847318,6349
1847563,4845
1851032,3781
1851467,4824
1852435,4459
1852768,4455
1853099,4573
1853139,4232
1853268,4590
1854297,3634
1854405,5116
1854852,5061
1855004,4663
1855519,7995
1855669,6882
1855734,7986
1856343,7227
1857429,10249
1857989,9582
1858078,10173
1858940,7617
1859150,8475
1861042,12391
1861176,18441
1861437,12582
1861540,12054
1861670,16867
1861804,14700
1861899,17270
1862130,12302
1862354,15983
1864149,9675
1864577,9364
1864697,13730
1865502,11774
1865567,12806
1865766,12310
1865920,12625
1866041,11968
1866062,13485
1866246,8911
1868777,10694
1868907,5356
1869097,5417
1870902,7792
1871214,9361
1871419,8291
1871659,8132
1871867,11836
1872038,9330
1872322,8223
1872428,8988
1872887,8535
1873107,6963
1873187,7479
1875475,6142
1875559,11503
1875634,11009
1876162,10313
1876222,11884
1876362,12232
1876671,10158
1876778,4988
1877336,10155
1878759,7481
1879202,7350
1879867,7658
1880717,7636
1880863,6562
1883574,8390
1885118,6687
1885134,5930
1885313,5498
1887684,5864
1888895,6058
1889382,9549
1889411,8385
1889569,6161
1889729,6317
1889892,5309
1890048,9736
1890197,10011
1890346,11769
1890542,11577
1890615,10469
1890699,9054
1890878,8204
1890889,9237
1891041,8893
1891189,10150
1891372,9795
1891635,10349
1893257,13175
1893747,8811
1894054,9954
1894271,9302
1894502,9614
1894739,11855
1895109,8860
1895343,7803
1895581,7826
1895950,7766
1896551,8248
1896681,10116
1898531,5826
1899464,11302
1900405,9843
1900766,9879
1900961,6877
1901562,5329
1902564,8254
1904528,4686
1904591,6105
1904735,5858
1904855,5102
1907291,4073
1907975,4094
1908136,4553
1908317,4643
1908808,3655
1909431,5448
1909831,4958
1910239,3718
1911184,3887
1911213,5776
1913342,3570
1913996,4797
1914170,7763
1914327,5429
1914527,5749
1914712,6030
1914932,6428
1915081,6492
1915202,6542
1915393,4214
1915597,6126
1915850,5994
1917057,5712
1917216,6532
1917220,5134
1917249,5675
1917618,4524
1919636,7577
1919999,5145
1920574,6268
1920619,7183
1920697,5920
1921080,5857
1924685,4732
1924738,5224
1924940,4966
1925752,5901
1925788,5928
1925935,8279
1926070,5705
1926215,4481
1927567,5679
1927606,7446
1927894,6465
1928209,6604
1928368,5539
1929282,6574
1929592,6053
1929742,6822
1930722,8861
1930945,8651
1931089,9323
1931242,6091
1931389,4966
1931949,6655
1932262,10392
1932504,9301
1932645,6711
1932762,8415
1932893,11176
1933032,10026
1933265,8388
1933547,11842
1933833,9906
1938366,6208
1938935,7294
1939182,12953
1939391,9306
1939622,9400
1939758,11194
1939908,9791
1940048,10101
1940169,10115
1940330,10531
1940503,8816
1940526,8935
1942150,8556
1942611,11775
1942829,7006
1943566,9872
1943781,8516
1943903,9222
1944036,8707
1944168,6292
1944311,12254
1944427,8484
1944561,11153
1944707,10998
1944866,8800
1945021,10629
1945165,9288
1947238,8353
1947612,8192
1947763,9514
1948384,8072
1948533,9252
1948739,8946
1948862,9757
1953654,5172
1953981,5002
1954137,9125
1954281,6599
1954629,9574
1954822,6279
1954945,7810
1955060,5530
1955174,5348
1959349,3817
1959412,4356
1959529,4851
1959632,3900
1961250,4881
1961727,6925
1961885,4804
1962092,5766
1962311,6553
1962564,6269
1962724,6045
1964527,5333
1964666,3980
1964876,3824
1965272,7686
1965456,7605
1965583,5576
1965722,6968
1965892,7216
1966012,7443
1966141,9530
1966344,9225
1969081,12499
1969249,9795
1969389,7880
1970204,5422
1970338,8348
1970475,9732
1970618,7325
1970815,8654
1970971,11274
1971683,9841
1972046,7832
1972185,10471
1972317,9438
1972521,10461
1972750,8812
1973264,9479
1974087,11919
1974348,11559
1974370,11974
1974388,17499
1975721,16232
1975992,15831
1976349,11659
1976386,9725
1976420,14819
1976456,11230
1976493,14811
1976523,16289
1976552,16729
1976588,16288
1976620,16344
1976646,15789
1976704,13390
1977039,9255
1978120,10086
1978346,15181
1980296,14533
1988623,5789
1989071,5265
1989238,4628
1989539,4932
1989728,4278
1990108,6140
1990230,8529
1990471,7248
1994863,3717
1995030,9680
1995168,4029
1995312,9460
1995452,7172
1995535,5794
1995770,4299
1996528,7558
1996679,6692
1996824,8934
1997084,9611
1997227,7644
1997730,8400
1997969,6868
1998260,10759
1998428,7627
2001436,7737
2001741,7842
2001921,7743
2001996,7595
2002284,6964
2002452,6430
2002782,8886
2002975,5940
2003607,6841
2003849,7122
2004338,6641
2004575,6028
2004724,6691
2004997,5693
2005094,5802
2005922,7543
2006179,6876
2006362,7225
2006758,6451
2012173,4967
2012305,5127
2012422,5378
2013699,4910
2013804,7788
2013952,4953
2014140,7609
2014323,8397
2014435,5508
2014883,7512
2015095,5456
2015436,7382
2015627,4162
2015949,6362
2016160,4948
2016423,7379
2016574,5514
2016836,6350
2017167,7470
2017835,6034
2018354,5268
2018799,8069
2018834,6120
2018964,6322
2020983,4573
2021254,5322
2025679,4158
2025938,3753
2026754,3957
2027241,4056
2027667,5594
2027755,6088
2027796,5615
2027976,5187
2028251,4424
2028787,4735
2030051,5935
2030706,5534
2030944,5173
2031474,4863
2031553,5040
2031710,4579
2031769,7892
2031822,8577
2032419,5393
2034022,11588
2034193,9553
2034561,8863
2034735,8959
2034899,8734
2034929,11446
2035050,13136
2035199,13047
2035354,14529
2035722,9826
2035878,7441
2036887,5568
2036924,8869
2036971,6590
2037127,7978
2037238,10081
2037321,7996
2038518,6872
2038643,11504
2038913,8926
2039968,8087
2040525,8071
2040795,7646
2041443,8972
2041548,9858
2041684,8883
2043100,6852
2043461,7985
2044551,6141
2045731,6346
2046746,6580
2047383,7038
2050755,3231
2051723,6827
2051789,5686
2051970,6583
2052156,3803
2052423,5794
2053006,3924
2053311,6692
2054084,7346
2054203,3836
2055031,5604
2055448,5530
2055576,7192
2055796,5133
2056707,8435
2056873,8561
2056992,7615
2057108,7421
2057261,6636
2057379,8579
2057524,6243
2057701,6144
2057914,7036
2061020,4929
2061391,5761
2061525,4606
2062738,3443
2063166,4404
2063949,3887
2064200,6161
2064245,6723
2064748,6477
2064797,6051
2064820,6091
2068646,5688
2068712,4703
2068873,5219
2069009,4893
2069262,9446
2069315,5481
2069468,7880
2069676,5506
2070032,5295
2070391,7920
2070715,5086
2071036,7341
2071390,6544
2071746,4108
2075912,9278
2076071,6140
2076221,6206
2076362,7268
2076638,4416
2078763,6045
2078911,4301
2079048,4111
2079189,4261
2079349,5512
2079469,12897
2079533,11783
2079707,12542
2079920,12546
2080050,12916
2080166,12704
2080325,12448
2080511,12162
2080541,24585
2080889,14920
2081100,12019
2081438,16175
2082028,13536
2082221,15099
2082708,30716
2082883,14622
2083912,15114
2084156,17282
2084365,15319
2084506,14437
2084645,21728
2084948,12268
2085116,18346
2085258,18603
2085419,16004
2085666,16723
2086035,21984
2086350,26390
2086593,33386
2086717,24070
2086860,21414
2087828,20030
2087958,20546
2088126,15971
2088290,17148
2088453,16257
2088622,28448
2088781,11868
2088936,18002
2089060,13588
2089220,13323
2089385,7411
2090654,18671
2090823,9989
2090981,12223
2091144,15859
2091449,15193
2091691,12311
2091913,20815
2092083,12517
2093561,10811
2094559,14218
2094722,16629
2094874,16981
2095031,16741
2095182,18747
2095388,14017
2095641,13508
2096013,11055
2096180,14932
2096342,16572
2096996,19056
2097686,24067
2097865,21029
2098114,21752
2098324,18815
2099344,18193
2099399,19376
2099932,17271
2100906,20253
2101123,14448
2101663,12120
2102216,14084
2103253,10106
2103463,10395
2108087,10546
2114438,4592
2115674,6541
2115863,8435
2115932,6836
2116153,6978
2116735,6945
2116820,6597
2117036,5686
2117163,6047
2120467,7297
2120763,7289
2121044,6860
2121140,5475
2121725,7690
2121805,3593
2121985,7919
2122063,6099
2126127,6439
2126163,3613
2126472,5327
2126802,4581
2126979,5221
2127116,4544
2127291,4989
2128208,4207
2128844,4503
2129888,3273
2129971,5348
2130303,5262
2130560,5793
2130597,6002
2130645,3809
2131115,5099
2131342,5037
2131416,5803
2133114,4074
2133404,4271
2133701,4065
2134548,4431
2134728,4148
2134905,4173
2136791,3219
2137435,4419
2139592,3859
2139615,4823
2139807,6100
2139954,4923
2140409,5026
2140509,5046
2140613,5468
2140669,4548
2140820,5292
2141293,4318
2141962,5248
2142316,4227
2142610,6270
2143054,4821
2143119,5506
2143548,5482
2143689,4130
2146678,7704
2148172,3885
2148348,3819
2149172,4148
2149190,8241
2149806,8460
2149911,5839
2149995,4012
2150285,7347
2150373,7119
2150856,6506
2152601,7065
2153949,5802
2154070,7188
2154464,9098
2154877,4688
2155076,9704
2155311,7582
2155404,5830
2155708,5411
2156354,7114
2156462,7113
2156835,7016
2157019,5687
2157288,9370
2157365,8080
2157862,7152
2157981,10048
2158241,8971
2158379,8861
2159289,7594
2159401,9692
2159795,8642
2159993,9736
2160279,7881
2160720,7797
2163013,6188
2163106,8290
2163294,5413
2163602,9495
2164564,5237
2164817,9052
2165171,6164
2165706,10372
2165804,9504
2165883,6797
2169865,4108
2170280,7652
2170678,7009
2170838,10602
2171029,7066
2171178,10272
2171362,9884
2171552,6885
2171677,6491
2174270,4761
2174411,4783
2174653,4254
2174801,8060
2174976,7415
2175132,5157
2175375,5269
2175720,6976
2175848,7282
2176348,10593
2176550,7034
2176671,7033
2176833,7193
2176953,8398
2177082,9934
2177197,7346
2177324,5817
2177457,6430
2181496,8169
2182121,7714
2182174,8540
2182438,6338
2182907,5599
2183357,4896
2184233,4979
2185411,6263
2185518,6525
2185649,7549
2187036,5096
2187142,6598
2187264,7015
2188231,4345
2188389,4520
2189873,3919
2189988,4486
2190522,4765
2190627,4044
2191006,3731
2192724,5638
2193600,4831
2196367,4410
2196385,7183
2196626,4391
2196758,4386
2196876,5703
2197018,8164
2197169,8324
2197309,8553
2197454,7980
2197573,9292
2197710,4184
2197893,7349
2198028,6889
2198163,6277
2198311,6572
2198466,6507
2201865,4946
2202070,9903
2202095,3764
2202726,6469
2202759,9309
2203116,7399
2203442,7341
2203705,4475
2204696,14045
2205008,16689
2205269,16527
2205696,11541
2205949,8128
2206089,13601
2206223,5987
2206362,6513
2206506,5958
2206646,13564
2206895,5460
2207162,14425
2208332,5293
2209224,12421
2209369,9862
2209776,10267
2209824,9559
2210205,10165
2210441,7396
2214043,7703
2214181,5104
2214348,10615
2214384,6986
2214842,4847
2214963,5589
2214987,4025
2215156,4295
2216342,9606
2216372,6636
2216390,6507
2216441,5492
2216474,4948
2216541,4375
2216699,4530
2216849,4155
2221409,3756
2224018,4644
2224238,4609
2224867,4316
2224920,4080
2226356,3357
2226722,3229
2226950,6648
2226997,5668
2227249,5137
2227299,5054
2227510,5394
2228561,4870
2230323,3656
2230441,5776
2230755,5552
2230844,5273
2232447,7102
2232628,3518
2233276,7154
2233312,7060
2233372,8515
2233830,6176
2234758,5185
2235315,6876
2235637,5778
2236436,4865
2236462,5279
2236553,4257
2236788,6583
2237662,3858
2237873,7248
2238148,6526
2238415,5812
2238455,5294
2238589,5690
2242360,5389
2242639,5063
2242875,6454
2242969,7872
2243016,7338
2243407,7820
2244068,5207
2244306,6253
2244791,7172
2245379,11489
2245781,12847
2246775,10823
2246850,7732
2247082,6616
2248686,9037
2248770,9793
2248964,8697
2249085,8626
2249693,9293
2249990,7938
2250160,8487
2250191,7844
2250695,7554
2250960,9753
2251221,7176
2251397,8911
2251528,6555
2251721,6264
2251918,7262
2252118,6918
2252535,8306
2253043,5554
2253556,8226
2254829,9228
2255276,9480
2256219,7184
2259029,7012
2259438,6932
2259852,5775
2260603,5314
2261956,4397
2262099,4125
2262509,5644
2262708,10680
2262914,4955
2263166,4753
2263711,12006
2263792,7810
2263925,12643
2264098,14460
2264210,15863
2264315,11469
2264471,8382
2264565,7327
2264740,7016
2265220,7453
2265784,8142
2266551,9297
2266783,8323
2266952,12975
2267516,11110
2268708,7962
2269088,7935
2269153,8239
2269711,12466
2269765,9307
2270363,7307
2270680,7077
2272979,6202
2273310,7312
2273412,5827
2273545,6358
2273997,8419
2274100,6966
2274254,6436
2274400,10043
2274646,9473
2274761,15881
2274865,5348
2275014,12926
2275133,12982
2275237,6674
2280753,7120
2280797,6593
2281528,13063
2281653,10916
2281715,14013
2281949,16699
2282219,14558
2282612,14345
2282654,15952
2283434,11213
2283572,13847
2283660,12122
2283794,10115
2284707,8869
2284816,15006
2285678,13309
2286455,12933
2286868,12198
2287070,7266
2287444,5578
2288950,8330
2288995,9534
2289185,8303
2289240,8575
2289316,10966
2289686,12416
2289766,6688
2290026,12526
2290239,9517
2290368,10137
2290862,11146
2290999,10672
2291150,10055
2291232,10116
2291341,10883
2291441,11220
2291601,10105
2291809,8954
2291904,10701
2292218,9862
2292559,8495
2300043,4525
2302754,3230
2303098,4023
2303203,6480
2303331,4217
2303586,6361
2303812,5754
2303890,5864
2304081,6105
2304596,5107
2304744,5673
2304901,4990
2306647,7586
2306786,4366
2306972,4584
2307828,6244
2308055,3709
2309562,4563
2312082,3343
2312126,4472
2312223,5355
2313530,4315
2313534,3448
2313622,4386
2314354,3808
2314539,5252
2314962,6083
2315850,5945
2315887,5605
2316416,3566
2316817,6146
2317011,3825
2317435,7548
2318171,4844
2318334,4418
2318598,7973
2318781,4956
2320989,5563
2321152,7108
2321632,5227
2321793,7824
2321956,6164
2322091,6769
2322350,6241
2322506,6845
2322781,6961
2323043,5725
2323558,5657
2323728,5438
2324806,4641
2325036,4046
2326300,4120
2326718,10218
2326886,4753
2330917,4864
2331143,5246
2331301,5691
2331423,7800
2331568,7605
2331753,7218
2331940,9787
2331989,5798
2332130,5087
2332266,5808
2332381,5146
2332540,5846
2332902,6810
2332929,6831
2332959,8443
2332995,9354
2333024,7895
2333049,8843
2334172,4846
2334862,7708
2335933,6124
2340693,4575
2340951,4263
2341187,4177
2341528,6838
2341781,4127
2342084,4143
2342387,4713
2343812,3388
2343995,5244
2344115,4259
2344191,3673
2344541,3420
2344755,4617
2345234,3764
2345520,5813
2345560,4257
2346293,7047
2346550,6085
2346873,4837
2347120,6423
2350317,4981
2350369,4213
2350855,4381
2350988,5099
2351185,4727
2351539,4479
2351763,4479
2352039,4799
2352068,4974
2352239,5488
2352491,5806
2352679,6038
2353050,4999
2353569,5121
2353673,4892
2356572,3828
2359836,3265
2359855,3445
2360554,4458
2360561,3845
2360734,4975
2361424,4411
2361782,3997
2362311,3817
2363101,8342
2364034,7231
2364527,4474
2364844,13704
2365053,5858
2365396,13037
2366011,10555
2366175,11760
2366347,12387
2366552,12289
2366767,12022
2366833,7928
2367123,11329
2367311,10310
2367535,11244
2367636,11261
2368432,10174
2368930,8520
2369070,8629
2369431,13131
2369546,9046
2369694,13449
2369839,13520
2370006,9389
2370125,9750
2370238,10218
2371097,12325
2371224,12859
2371598,12468
2371784,12648
2371954,11642
2372123,11839
2372283,11732
2372459,8970
2372576,6714
2373557,8476
2373747,8635
2373912,5982
2374585,8096
2375654,6972
2375837,6581
2376007,5731
2376680,5504
2376856,5031
2377223,6946
2382300,4154
2385346,3674
2385367,3874
2385955,7212
2386290,8774
2386375,7436
2386453,9468
2386570,6445
2386863,7231
2387120,8525
2387138,7450
2387288,5606
2387542,7934
2387680,7519
2387814,7151
2388994,7168
2390911,4602
2390990,6564
2391543,7220
2391715,6387
2391800,8646
2391878,6673
2392039,6340
2393780,7913
2396261,5818
2396306,4975
2396765,5171
2396962,8773
2397117,7458
2397257,7940
2397374,7227
2397643,7126
2397799,7338
2397939,7281
2398134,7425
2398413,7393
2398853,11566
2398893,8011
2399124,8267
2399262,7418
2399411,6792
2399645,10061
2400988,10730
2401379,6578
2401907,6275
2402640,5916
2402908,9013
2403652,10032
2406720,6592
2407046,6086
2407222,3980
2407424,4392
2408008,4627
2408269,4409
2408475,7619
2408641,5800
2408851,5273
2409047,5346
2409193,7408
2409427,4913
2409538,6616
2411755,4615
2413625,6473
2413805,5984
2413950,5480
2414167,4207
2415349,4991
2416653,4771
2417022,3866
2417225,4108
2417361,3895
2417540,3537
2417696,6114
2417905,5835
2418233,5915
2418475,5205
2418679,6473
2418769,5307
2418935,6150
2419209,5074
2422210,3694
2422574,3429
2423102,4163
2423279,4042
2424397,4702
2425364,4147
2426048,4139
2426310,3804
2426668,4157
2426778,5296
2427090,5176
2427273,4427
2427363,4040
2427710,5408
2428252,4324
2428900,4371
2429275,5360
2429520,3247
2432742,3648
2432923,8423
2433469,5452
2433593,5008
2433740,10673
2434000,8009
2434182,9284
2434324,14441
2434476,13914
2434753,12213
2434872,10527
2435002,12922
2435133,11766
2435268,12541
2435416,11612
2435530,11311
2436935,10205
2437141,11204
2437299,9786
2437449,8730
2437584,8451
2437635,8599
2437681,9016
2437726,11066
2437778,10342
2437823,11623
2437869,15878
2437914,16285
2437963,16176
2438011,15973
2438057,14723
2438123,15501
2438177,18343
2438225,18362
2438272,15596
2438316,19440
2441817,15554
2442012,14977
2442371,11643
2442431,17915
2443266,11171
2443573,13463
2443746,13386
2443923,16100
2444099,13179
2444509,13344
2444617,13255
2444694,15137
2444866,9210
2445033,11090
2445204,11880
2445569,13233
2446550,9117
2452831,7073
2454448,8524
2454732,8405
2455235,8351
2455425,6717
2455549,7290
2455839,6063
2455956,5411
2456536,6722
2460782,4334
2463832,4180
2463991,4349
2464164,5072
2464265,4262
2464374,4979
2464645,4213
2464768,5918
2465301,5021
2465615,4757
2465806,6139
2466043,6316
2466438,6785
2466641,9706
2466718,4213
2466799,5266
2467057,7520
2467170,5855
2467316,7462
2468686,7097
2469380,6085
2469404,6637
2469725,6395
2469822,5960
2473207,4176
2473363,3311
2473675,4417
2473781,4788
2474593,8260
2476697,4252
2476866,9754
2477020,7753
2477155,7036
2477350,7356
2477519,10077
2478639,5996
2478806,5649
2478940,5417
2479095,12026
2479560,11650
2479717,11919
2479874,12869
2480031,11660
2480182,10886
2480545,9163
2480714,12840
2480874,12098
2481554,11913
2481711,13228
2481860,9460
2482009,9006
2482171,12145
2482320,12405
2482469,16816
2482663,14366
2482824,13622
2482988,14592
2483141,14275
2483292,13849
2483443,12111
2483573,12524
2483724,13941
2483881,13089
2488299,7653
2488446,8307
2488575,6701
2488929,6316
2489213,6983
2489962,7826
2490091,8165
2490329,8974
2490469,8050
2492184,6880
2492331,6406
2496445,4486
2497899,4105
2498533,3719
2499472,3687
2500143,5762
2501168,4131
2501255,7082
2501391,15511
2501546,16185
2503115,13172
2503278,13522
2503420,12990
2503572,13015
2503719,13665
2503939,13352
2504058,7979
2504193,10371
2504313,12692
2504695,12426
2505065,13052
2505592,13302
2505765,12067
2505982,11685
2506222,23623
2507701,9868
2507888,15309
2508026,9995
2508962,8964
2509142,13030
2509325,8116
2509350,9531
2509502,14024
2509630,13659
2509753,14697
2510012,13864
2510526,9927
2510723,13548
2510889,18432
2511248,16964
2511426,17374
2511582,13825
2511790,12756
2511954,16391
2512182,17606
2512375,14893
2512994,15288
2513551,13861
2513734,15935
2513977,15758
2514153,10065
2514377,14045
2515864,16522
2516041,13357
2519024,12683
2519239,12909
2519405,10900
2520040,12424
2520131,13068
2520291,11666
2521428,12519
2521566,13725
2521816,11435
2521855,10051
2521907,12126
2522463,9872
2522652,10493
2522879,8063
2523068,13092
2523141,13181
2526038,9864
2526832,9248
2527211,11746
2528467,10299
2530489,8183
2530907,6929
2531171,6560
2531429,7257
2531745,7354
2531985,7402
2532176,7201
2532416,7247
2532544,6069
2532798,5426
2532953,6054
2536980,4996
2537242,4823
2537385,3804
2540384,6240
2540622,9777
2540642,11470
2540827,5994
2540845,7516
2540986,5593
2541841,8611
2542137,12134
2542299,8054
2543339,5946
2547041,9201
2547202,8041
2547351,6711
2547510,7706
2547653,7359
2547789,8159
2547930,6557
2548070,9367
2548206,6089
2548342,7954
2548576,7049
2548723,7677
2548858,7871
2549001,11326
2549138,8565
2549275,8957
2549412,7371
2549797,10576
2550113,11287
2550253,8029
2550390,7244
2551379,9712
2551420,14286
2551455,9774
2551496,15059
2551559,15772
2551594,12310
2551627,11850
2551667,11133
2551705,16712
2551725,12116
2554630,11463
2554842,8671
2555054,8913
2555457,6992
2555660,7463
2556041,11728
2562089,6715
2562109,6355
2562556,7723
2562705,8763
2562846,6059
2563113,5653
2563446,6312
2563564,7176
2563601,8152
2563692,11210
2563713,10068
2564051,7019
2564553,6592
2564795,5640
2565021,8195
2565345,8561
2572246,6465
2572430,6082
2572572,6390
2572655,5443
2572911,5854
2574697,4690
2575764,4554
2575973,6414
2576125,5631
2576290,6924
2576465,4972
2576792,4586
2577284,6536
2578328,5949
2578546,6829
2578798,5392
2578826,5727
2579533,5408
2580223,12071
2580690,7094
2580871,6856
2581014,5840
2581150,9070
2581267,7095
2581404,12651
2581780,13550
2581922,10702
2582205,13558
2582421,11073
2583030,10373
2583180,10037
2583316,12004
2583447,9634
2583592,11822
2583723,12416
2584305,8588
2585476,6963
2585754,10104
2585807,10602
2586389,7762
2586607,7177
2586886,6799
2587169,8170
2587410,9130
2587796,8448
2587934,8259
2588142,8108
2588266,8054
2588387,7116
2588862,6683
2588892,5437
2596648,6270
2596865,7697
2596974,5769
2597378,3550
2597701,5566
2597965,4018
2599704,4529
2599869,3682
2600341,6485
2600573,4404
2600679,5863
2602126,7242
2602334,5221
2602794,8003
2602887,6533
2603535,9185
2604736,6125
2604895,7774
2605032,6651
2605174,8176
2605385,7275
2605664,7360
2605878,9363
2605971,6268
2606058,6999
2606788,5657
2606953,7422
2607054,7781
2607350,7812
2607631,7719
2607905,6143
2608154,8333
2608357,7205
2608606,8829
2608850,7716
2609090,9171
2609897,5131
2610147,5806
2610569,7160
2611248,7328
2611404,7413
2616085,4687
2616385,4851
2616620,4802
2617696,3964
2622050,4574
2622746,5120
2622796,5626
2623169,6458
2623492,3579
2624103,6900
2624160,4401
2624297,6501
2624564,5880
2624572,5600
2624741,5270
2625001,5438
2625771,5231
2625925,6244
2626059,6981
2626190,6997
2626322,6265
2626490,7193
2626635,6273
2626820,7017
2627140,6334
2627224,4937
2631211,3466
2634535,3726
2634743,3576
2635117,4689
2635336,4802
2635448,4051
2635689,4514
2635855,5105
2636009,4824
2636563,4589
2636608,4959
2636692,4581
2637241,4807
2637274,5125
2639452,4219
2639763,4080
2640220,4612
2640339,4992
2640546,4676
2641289,5277
2642456,4409
2642655,4308
2643916,3211
2644417,6032
2644759,4783
2645315,7462
2645758,4199
2646320,6513
2647012,6630
2647423,3434
2647838,4172
2648325,4954
2648665,7448
2648984,6103
2649046,3883
2650209,9312
2651212,6087
2651303,5930
2651527,5253
2652138,4521
2652289,7152
2652677,6835
2652895,6677
2653090,7868
2653368,7608
2653506,7602
2653657,7373
2654368,6962
2654769,5837
2654925,7049
2655126,6078
2655364,7940
2655673,6352
2656161,5880
2656788,6259
2657926,4372
2658791,3845
2658831,4360
2659379,6919
2659509,6844
2659608,6511
2659658,5915
2663362,3789
2663703,6212
2663924,4480
2664224,5354
2664302,4360
2664512,4906
2666414,4466
2667424,8739
2667464,7872
2667499,8426
2667558,5508
2667912,11790
2668096,11052
2668218,9769
2668332,11080
2668472,8956
2668534,13774
2668790,10094
2668936,13235
2669055,6584
2669250,10607
2669709,11476
2671129,10746
2671288,9952
2671631,11276
2671809,9596
2672150,9404
2672423,9358
2672535,7417
2672582,9631
2672706,7861
2673101,6908
2673383,6932
2673822,7437
2674171,9118
2674377,9014
2674533,6987
2674684,9141
2675922,6749
2678414,7559
2678806,8229
2679341,6405
2684507,3249
2684672,5733
2684991,3468
2685148,3563
2685436,5367
2685497,4636
2685518,4320
2687254,5276
2687944,5766
2688257,4496
2688389,4652
2689074,5068
2689999,5277
2690080,4678
2690355,5045
2691241,5477
2693071,3967
2693475,3806
2693536,5145
2694255,5713
2694282,5357
2694450,4409
2695612,5307
2695653,4714
2695707,6209
2696138,4841
2696594,4821
2696744,5050
2696864,5391
2697038,4847
2697352,7015
2697725,6330
2698491,5880
2699036,5428
2699697,4567
2700427,3891
2702932,4392
2703719,5065
2703881,4978
2704091,5543
2705763,3110
2705938,4822
2706060,4276
2706277,4163
2706540,7837
2706871,6237
2707034,7046
2707076,6822
2707318,7340
2707529,5314
2707786,5386
2709290,7084
2709459,5587
2709543,7030
2709647,6978
2709840,6247
2710089,6197
2710552,7311
2710711,4672
2711755,5709
2714750,5424
2715056,4319
2715258,6399
2715346,6761
2715543,5506
2716633,5356
2717734,3830
2718255,5299
2718617,4465
2718801,9441
2718924,8307
2720163,5919
2720434,6462
2720714,7477
2720886,6604
2721151,7987
2721289,7751
2721427,9144
2721603,7851
2721750,8959
2722017,7358
2722138,8873
2722294,6452
2722412,7853
2724622,6543
2724660,7635
2725300,5764
2726212,5856
2726576,5281
2727260,7712
2728020,6852
2728279,6645
2728434,6385
2728586,6436
2732456,6466
2732726,7260
2732926,5907
2733213,4790
2733539,4567
2733778,4860
2734514,5260
2736187,3756
2736751,6421
2736947,4706
2737164,7430
2737274,5838
2737306,3936
2738579,5528
2738697,5065
2738755,6158
2739289,5441
2739534,4787
2740444,5800
2740848,4843
2741045,5547
2741690,4406
2742368,7124
2742424,7640
2742471,5077
2742507,4792
2742800,4820
2744384,6233
2744747,7190
2744939,7907
2745573,8579
2745845,6760
2746469,5435
2746669,10060
2746727,7586
2746885,6840
2747008,6369
2749697,5920
2749943,4987
2750186,5958
2750333,7036
2750476,10062
2751387,8466
2751633,7250
2751754,7664
2751802,7220
2752015,8258
2752537,6017
2753425,8653
2754195,6895
2754360,8255
2755083,8743
2755440,7220
2755939,5050
2756559,7230
2757204,6615
2757699,3982
2757828,4336
2758583,5112
2759081,4905
2759459,5796
2759884,5491
2760086,5053
2763839,4916
2763992,5697
2764136,8836
2764330,6852
2764453,6513
2764507,6369
2764723,6079
2764853,6280
2764980,6250
2767299,8259
2767460,5858
2767608,8779
2767744,17105
2767881,15335
2768026,14557
2768166,14157
2768309,14425
2768448,14538
2768590,12736
2768732,10290
2768873,12831
2769010,9936
2769141,12402
2769295,14875
2769412,11022
2769567,10996
2769705,14646
2769844,14101
2770228,6619
2772567,4544
2772780,12326
2773001,12678
2773156,12422
2773617,11772
2773778,11092
2773902,11351
2774109,13899
2774637,11027
2774898,9383
2774982,11265
2775852,12190
2775995,12732
2777090,8989
2777444,12004
2777609,10144
2777778,11155
2777930,10852
2778818,8668
2779064,8364
2779784,7544
2779816,9018
2780004,8880
2780241,8767
2780260,6471
2780574,6086
2789181,4244
2789717,3300
2791623,4389
2791978,4201
2792179,5982
2792326,4526
2792435,5664
2793096,4936
2793593,3404
2794077,5524
2794220,5445
2794243,4315
2794415,5156
2795049,5179
2795197,5911
2795829,5025
2796267,6292
2796451,7937
2796544,5531
2797605,6569
2797840,6618
2798269,5299
2798940,4450
2799885,6181
2800072,5504
2800165,5831
2800335,4597
2800675,6098
2801053,4056
2801514,5351
2803344,4969
2803791,5193
2804352,4558
2805081,4025
2805228,4094
2806071,4554
2806190,5969
2806220,5373
2806527,5072
2806757,5454
2810141,6057
2810399,4813
2810546,4098
2810662,4611
2811054,4584
2811639,5717
2811759,4755
2812097,9480
2812273,8370
2812425,7456
2812603,5706
2812750,6567
2816588,6310
2816760,5982
2816922,9130
2816997,9890
2817072,12763
2817161,13216
2817210,10820
2817255,12177
2817299,12869
2817341,13228
2817444,14476
2817552,5720
2817738,6727
2817911,5889
2818083,11183
2818256,11443
2818434,9660
2818895,8134
2822924,5898
2823093,6216
2823917,8264
2824091,7537
2824345,10450
2824405,9711
2824584,6550
2825192,7814
2825377,7991
2825545,8362
2825721,8836
2825927,6712
2826228,7453
2826412,6807
2827052,10512
2827605,7643
2833810,4818
2833942,5153
2834101,5628
2834373,6180
2835603,4001
2836048,4808
2836178,5415
2836506,5029
2836685,4532
2837777,3805
2837970,3674
2838610,3637
2838801,3939
2839348,3603
2839472,4641
2839924,3244
2842167,3500
2842299,5896
2843661,4366
2844586,5247
2844771,4871
2845094,7594
2845144,8412
2845180,10086
2845199,10010
2845241,11980
2845259,9001
2845297,9746
2845345,9804
2845379,10446
2845398,10322
2848352,8333
2848540,8039
2848709,9917
2848895,9432
2850728,5906
2851025,8548
2851083,5654
2851550,7738
2851719,7905
2851873,7501
2852305,5125
2852780,6198
2852951,6100
2853112,6535
2853270,6334
2853811,6753
2853975,6775
2854271,6385
2854588,5875
2854953,5547
2857642,3942
2857684,3783
2861998,8057
2862020,6271
2862207,9081
2862284,5635
2862417,9268
2862547,8365
2862945,9395
2863964,7296
2864133,6207
2864227,7107
2864243,6912
2864370,5242
2864508,8667
2864592,8120
2864859,9225
2865076,8954
2865269,7258
2865360,10208
2865596,8961
2865786,6994
2866083,8995
2866384,5019
2866844,5534
2866883,7327
2869215,7271
2869620,7027
2873208,5084
2873306,4708
2873463,4705
2873742,4012
2874238,4808
2874463,4389
2874895,4564
2876140,4797
2876675,4144
2876886,4024
2878719,5751
2878784,5078
2879364,5312
2879540,4223
2879855,5650
2881540,4030
2881719,3749
2882232,7938
2882370,4844
2882971,7304
2883058,4853
2883568,5858
2884261,4876
2884375,7483
2885818,5841
2887329,4991
2887389,7344
2887841,4562
2888299,4649
2888515,6140
2889581,4176
2889922,5183
2890335,4706
2890434,5141
2890654,5228
2890864,7825
2891218,4760
2891346,7434
2891642,5624
2892002,8790
2892089,6151
2892557,5159
2892935,5806
2896193,6576
2896222,6594
2896418,6633
2896443,5607
2896821,6974
2897523,7460
2899089,4653
2899319,4672
2899468,7328
2899848,7478
2900359,6933
2900690,4759
2900754,5897
2901392,4801
2901563,6784
2901881,9984
2902139,11666
2902271,6629
2902441,8535
2902604,6059
2902951,10127
2903100,6557
2903271,7306
2903424,10200
2904193,6331
2904222,7852
2908921,7095
2908959,4989
2909140,10025
2909285,6280
2909443,10123
2909576,6251
2909691,6274
2909804,7748
2909942,8351
2910080,7823
2910228,10287
2910346,13342
2910635,10233
2911241,8099
2912830,11119
2912983,10767
2913112,7294
2913315,9644
2914114,5979
2915308,9734
2915617,7707
2915840,7435
2916045,7179
2916219,6506
2916362,5823
2916665,5805
2917919,18260
2918163,15002
2919133,17157
2919332,17012
2919509,12926
2919752,13107
2920449,9620
2920616,9091
2920922,15086
2921604,13986
2922218,17124
2922561,16667
2922793,6179
2923058,9681
2924184,8420
2924470,5159
2924729,5471
2924879,7978
2925094,9335
2925232,9951
2925375,8339
2925525,9066
2925670,9248
2925856,9535
2926781,12676
2926841,15795
2926907,16722
2926967,16694
2926994,13695
2927034,14000
2927976,12040
2928142,10073
2928412,8591
2929886,10304
2930733,15639
2930766,8708
2930954,13398
2932682,12269
2933596,11599
2933798,12779
2935061,14637
2935148,14398
2935233,15732
2935269,11534
2935307,11282
2935362,13291
2935382,12272
2935454,17353
2935475,15530
2937415,13364
2940546,15547
2941219,10808
2941832,9076
2943206,8171
2943345,7856
2943387,13636
2943449,11201
2943807,10245
2944513,8436
2944723,7304
2945458,13970
2945939,11298
2946089,12888
2947696,11815
2947864,9414
2948010,6884
2948148,12076
2948287,11973
2948425,11159
2948759,10121
2948981,13023
2949134,10578
2949338,14313
2950552,8658
2951032,9416
2953227,5226
2953419,10502
2953624,5003
2953873,11455
2954013,8362
2954170,9535
2954450,11177
2955847,10107
2956594,9137
2956834,8224
2957117,8564
2957376,6917
2957896,6670
2957967,10070
2958003,9364
2960326,7474
2962148,4505
2962316,4574
2963413,6304
2963967,5069
2964547,4150
2964888,4201
2965150,4809
2965453,4538
2966189,5430
2967259,9075
2967613,4313
2970031,5077
2970192,4492
2970553,6465
2970705,5696
2970914,4901
2971083,6000
2971888,5108
2972071,9294
2972263,4823
2972391,4543
2972922,10203
2973066,6992
2973305,8917
2973606,7002
2973780,8617
2973949,5176
2974100,6779
2977525,7220
2977687,5390
2977844,5053
2977969,5056
2978225,9484
2978385,6948
2978553,8034
2978736,9381
2979195,11605
2979379,9298
2980065,12322
2980190,10368
2980307,12321
2980457,10238
2980756,8609
2980971,10603
2981326,9249
2981558,10773
2981760,8335
2982088,10515
2982235,11009
2982431,11197
2982638,9660
2985701,10341
2986032,6994
2986179,6987
2986319,7398
2986529,6792
2986756,8980
2986880,9920
2987058,9671
2987537,7732
2987746,10165
2987883,7874
2988019,8696
2988172,8489
2988752,7769
2988885,8895
2989230,6941
2989637,6706
2993976,6721
2994145,5744
2994296,10308
2994545,6904
2994808,15276
2995088,8386
2995246,8089
2995561,7617
2995783,14143
2998645,7474
2998873,8378
2999053,6599
3000799,4074
3000845,3855
3001380,7950
3001500,8824
3001543,8902
3001698,9109
3001853,9068
3002253,10004
3002304,10596
3002739,13109
3003843,9633
3004031,11706
3004199,9384
3004353,11313
3005753,8252
3005936,12013
3006213,13146
3006378,11405
3006599,10160
3006764,13480
3006918,12489
3007077,9736
3007590,10820
3007650,15050
3007703,12462
3007763,14012
3007810,15231
3007855,13754
3007907,14167
3007955,12141
3008001,12685
3008449,5588
3008710,10591
3009561,7498
3009756,8759
3014439,6985
3014665,7484
3014808,7157
3015112,8223
3015305,7558
3015469,7451
3019275,5136
3019897,4304
3021763,6525
3022779,4286
3023079,5082
3023589,4113
3023660,4711
3024891,4284
3025242,3858
3025533,7742
3025683,3956
3025830,4691
3026140,4441
3030124,4453
3030335,4622
3030544,3688
3030836,4472
3031340,5451
3031561,4399
3031686,5112
3031797,4364
3032551,3543
3032868,5689
3033129,5555
3033271,4061
3033539,7483
3033598,5981
3033797,7089
3034560,7655
3034726,7424
3037647,18266
3037919,14055
3038299,6211
3038809,12475
3039019,7910
3039210,10384
3040186,9632
3040341,18551
3040529,18305
3040671,17245
3040813,17552
3040952,18106
3041090,15051
3041226,15898
3041369,15732
3041514,13083
3041650,12675
3041766,13450
3041897,13600
3042072,13577
3042192,13730
3042579,13133
3042814,7545
3043978,8763
3044025,6582
3044144,8538
3044575,6213
3044723,5626
3044972,7480
3045021,7130
3045268,7991
3045586,13030
3045796,12642
3045894,11376
3046088,9982
3046189,11433
3046410,14085
3046715,14277
3046801,11523
3046941,12634
3047080,8774
3047234,14647
3047438,13784
3048579,14139
3048730,13636
3049636,10388
3051325,8337
3055116,7795
3055970,5901
3057314,6043
3057511,9466
3057664,9086
3057682,7359
3062829,4920
3063418,9330
3063540,7529
3063692,5082
3063726,5080
3063872,4033
3063926,6235
3064149,5879
3064524,5138
3064768,4346
3066957,6151
3067561,4394
3067924,8566
3068105,6634
3070152,9981
3070379,8789
3070606,8473
3070777,7847
3070953,6938
3071152,8747
3071163,6428
3071322,6420
3071504,8059
3071686,10066
3071963,8777
3072230,9435
3072411,9614
3072544,8442
3072834,7398
3073209,9577
3073394,6921
3075580,6268
3076777,7435
3076907,7253
3077830,4491
3078091,5115
3078434,7695
3078813,6445
3079715,5112
3079943,6841
3080155,6751
3080362,7512
3080566,6867
3081443,6150
3081863,5205
3082058,5646
3082487,5548
3082941,6308
3083352,5847
3083576,6449
3083812,5149
3084345,6829
3084601,3956
3084822,4690
3085164,5003
3085666,6669
3085779,7062
3086216,4677
3086426,7342
3086797,6309
3087120,6279
3088448,6665
3092916,7192
3093142,7147
3093498,6275
3094052,6299
3094531,5706
3096162,4535
3096863,11449
3096967,9116
3097039,7363
3097247,10667
3097569,10516
3097779,10648
3097786,8501
3097939,10592
3098091,12306
3098299,12295
3098920,6567
3099492,7591
3099544,9374
3100866,10650
3100914,13444
3100965,11589
3101605,10770
3101658,15001
3101756,13859
3101791,15252
3101811,16040
3101875,16438
3101907,16355
3101951,15003
3101983,15920
3102375,14491
3102407,14150
3102546,9778
3102879,11790
3103243,9259
3103531,10769
3104396,11364
3104588,9514
3104927,9800
3105109,13255
3105287,11422
3105467,11141
3108971,9442
3109164,7630
3110594,8084
3113018,6068
3115794,7678
3115919,8808
3116972,4632
3117171,5925
3117955,6980
3118098,4945
3118548,4648
3118761,6518
3120960,4639
3121127,5702
3121284,7922
3121441,4650
3121707,7221
3121858,10491
3121991,6746
3122169,4861
3122292,6490
3122451,6177
3122522,5200
3128579,10126
3128724,6637
3130015,8739
3130157,4911
3130322,5761
3130466,14243
3130528,7810
3130659,8161
3130793,7905
3130930,5162
3131070,13480
3131210,9890
3131347,9145
3131488,9072
3131685,8574
3131833,8576
3131983,8377
3132159,10697
3132315,7997
3132453,14285
3132594,12793
3132805,13815
3132981,10625
3133106,11349
3133242,14353
3133584,12944
3133749,12878
3135665,10613
3135818,10868
3136124,15852
3136471,15450
3136675,9550
3136842,13265
3137542,12496
3137694,14635
3137844,8893
3137986,8588
3138121,7733
3139623,12758
3139773,10652
3140009,19050
3141309,18351
3141462,16117
3141589,17765
3141749,18012
3141885,18340
3142027,18304
3142159,16431
3142301,15599
3143212,17240
3143409,15743
3143672,13777
3143824,14998
3144279,12829
3145433,13034
3145935,13529
3146817,8470
3147408,11289
3148611,12584
3148769,18677
3149076,11052
3149807,9452
3150157,14493
3150814,14730
3150966,16123
3151192,20420
3151337,19035
3151778,20738
3152047,17487
3152171,16705
3152421,15306
3152527,16492
3152680,16588
3152819,15969
3152963,15679
3153103,15342
3153502,14675
3154680,13621
3154869,13071
3155055,13027
3155443,14404
3155549,14108
3155625,13760
3155982,11335
3156188,11006
3156372,10496
3156547,21561
3156724,10260
3156899,10941
3157216,14910
3160976,9002
3161291,14693
3163234,15473
3163403,15053
3163562,15464
3163727,15401
3163889,15783
3164045,15752
3164212,15713
3164368,15190
3164768,17877
3164934,17866
3165150,17793
3165314,17745
3165629,14676
3165812,17510
3165985,17843
3166148,15794
3166300,18610
3166458,17884
3166658,15817
3171943,10651
3171962,8795
3172207,7828
3172807,6433
3172990,17122
3173249,23794
3173544,23734
3174506,22120
3174678,23743
3174841,22823
3174994,14802
3175148,13815
3175300,22558
3175463,18401
3175803,22859
3176143,22633
3176313,22229
3176477,20690
3176678,18996
3176845,19891
3177029,15787
3177198,16562
3177358,17620
3177635,10067
3177884,8660
3180415,18569
3180609,16778
3180774,10309
3180939,12642
3181765,17113
3185046,16125
3185220,12542
3185388,14017
3185757,20791
3186098,14935
3186282,13029
3186466,14366
3186690,11273
3187359,11723
3187533,11686
3187792,20442
3188078,20308
3188238,20461
3188400,25028
3188726,12684
3189236,11050
3189290,19035
3189397,12378
3189473,19343
3190887,11802
3191654,11151
3191839,9703
3192160,16773
3192615,9259
3193563,15484
3193958,14915
3194134,14004
3194308,14452
3194476,14514
3194661,17004
3195884,14746
3196833,12268
3197552,14608
3199575,15792
3199636,12357
3199709,12478
3199773,22040
3199844,23389
3199889,14742
3199908,22774
3199968,24163
3200019,24804
3200071,18757
3200124,24765
3200174,26738
3202893,11236
3203090,14713
3203154,15360
3203281,12669
3203455,11699
3203862,11703
3204041,11576
3204231,20985
3204604,17415
3204780,18186
3205066,18730
3205264,16952
3205570,11263
3207377,8672
3207571,12103
3207761,8605
3207932,8717
3209396,16438
3211584,10637
3214942,10014
3215259,10604
3218872,5414
3219026,7427
3219833,6465
3220026,13169
3220426,7688
3220739,6444
3221102,7823
3221282,7696
3221404,11595
3221617,10171
3221806,7870
3222052,11252
3222321,9412
3222788,10914
3223055,10190
3223204,11418
3223543,9168
3223568,8270
3226578,10121
3227000,8637
3227210,8374
3227965,7722
3228743,7900
3230127,5718
3230324,9842
3230861,8783
3230990,8601
3231104,8591
3231233,8602
3231558,8554
3231877,7905
3232032,9684
3232180,8176
3232743,8321
3233033,11557
3233335,14580
3233475,13465
3233735,14399
3234019,14206
3234171,14799
3234326,12810
3234458,10604
3234500,14806
3234654,14413
3235249,11749
3236855,8282
3237023,11442
3237162,17976
3237306,10312
3237684,16650
3237809,17772
3237944,16055
3238066,15786
3238380,16424
3238532,16016
3238702,13865
3238862,14610
3239008,16183
3239118,14589
3239401,14697
3241467,12465
3242535,10858
3242960,14405
3243167,11615
3243334,13056
3243509,13511
3243694,15735
3243842,11083
3243969,11437
3244113,10971
3244281,11063
3244406,9802
3244507,11606
3244826,11967
3251302,8026
3251327,5250
3251512,5119
3252022,6049
3252466,7081
3252710,8300
3255678,4184
3256163,5715
3256560,7146
3256592,5693
3257429,5627
3257572,5928
3257750,5009
3259625,4373
3261095,3539
3264716,6821
3264754,5182
3264906,5071
3265063,5940
3265213,6895
3265354,6323
3265606,6332
3265736,6195
3265785,5466
3265959,6364
3266099,8193
3266239,6504
3266772,7412
3266922,5449
3267083,6784
3267229,6011
3267380,5958
3267533,5635
3267688,6159
3269461,4970
3269619,4618
3271306,3721
3272126,4917
3272418,4184
3275871,3777
3277686,6101
3277925,6143
3278044,5501
3278559,3773
3279730,4430
3280098,3917
3280253,9169
3280393,11408
3280543,5994
3280677,10011
3280816,10918
3280957,9453
3281097,5206
3281229,5170
3281361,10659
3282463,8789
3282682,9183
3282852,7777
3282993,8728
3283137,8058
3283279,7854
3283414,8894
3283623,7449
3284861,7576
3284935,11504
3285049,11326
3285205,11108
3285364,8817
3285522,10684
3285675,6702
3286130,8253
3286366,7307
3287283,10311
3288866,8258
3288929,9815
3288978,8943
3289038,8371
3289092,10657
3289170,10997
3289226,11319
3289279,11413
3292583,7235
3292647,6333
3292969,6267
3297792,4677
3298027,4136
3298552,5147
3298671,4610
3301093,4894
3301510,6180
3301674,4581
3301994,4147
3302267,5331
3302509,5244
3302558,5685
3303124,7306
3304330,4799
3304548,4905
3304805,3767
3305852,4778
3306274,6688
3306460,8534
3306540,6541
3306697,4352
3306839,10959
3307046,8310
3307167,6705
3307686,9364
3307842,7724
3308566,4249
3308758,4831
3308955,5163
3309162,4421
3309505,5648
3310259,6719
3310460,5403
3310665,4785
3310890,5671
3311981,6132
3312126,5316
3313924,5389
3314382,4501
3314393,5039
3315283,4371
3317100,3327
3317665,4194
3317823,3837
3318242,4317
3318321,4295
3320885,4025
3320914,4147
3321102,6118
3321359,4099
3321540,5213
3322044,3778
3322647,3843
3323012,3824
3323717,4148
3323893,3869
3323940,3981
3324537,5349
3324671,5575
3324779,4594
3327042,7786
3328112,6607
3328203,6084
3328703,6240
3330030,5313
3330924,5688
3331123,5589
3331271,8062
3331374,6531
3331589,6088
3331774,5363
3332019,8029
3332057,4302
3332506,7230
3332608,7836
3332675,7871
3332731,7851
3333041,8077
3333823,7830
3334410,7311
3334555,7210
3334878,6143
3338232,7465
3338688,3562
3339123,3327
3340078,3252
3342743,4918
3343006,4444
3343129,4445
3343293,7329
3343409,6932
3343433,4794
3343968,11063
3344124,5554
3344322,4739
3344689,4017
3345375,10089
3345441,9970
3345520,9645
3346173,9152
3346561,7207
3346648,4756
3346907,8618
3347452,9537
3347534,8043
3347783,7779
3347867,10027
3348350,7278
3348866,7487
3349432,8251
3349579,8377
3350133,8146
3350348,5787
3351580,5812
3351749,5190
3352663,4382
3352956,8565
3358693,3454
3358851,7649
3359401,8714
3359624,7961
3359823,8757
3360090,4454
3360228,3759
3360402,4244
3360512,5311
3360553,5219
3360582,7200
3360618,5997
3361059,5606
3361305,5261
3361443,5369
3361490,7118
3361661,4490
3364816,6635
3365065,8423
3365356,9766
3365848,4615
3366177,8134
3367612,6853
3367817,7128
3367999,9440
3368142,7045
3368278,6521
3368415,8558
3368641,7234
3368806,6617
3368935,8728
3369130,8885
3369252,8467
3369367,10391
3371560,5565
3375798,3567
3376066,3895
3376410,6315
3376601,6708
3376919,4886
3377471,5484
3377698,11850
3377899,4971
3378046,5650
3378322,8326
3378374,13017
3378419,12159
3379942,7609
3380113,6795
3380234,6812
3380388,7007
3380521,9955
3380659,7767
3380797,7841
3380987,7919
3381125,7810
3381260,9378
3381404,7141
3381519,7550
3381704,7559
3383874,6121
3384930,6028
3384997,5912
3385034,7532
3385054,8282
3385825,6460
3386010,8828
3386739,6731
3387178,6927
3392158,4518
3392521,3917
3392690,4150
3392965,4219
3393104,7612
3393452,17570
3393521,18054
3393667,14207
3393857,17960
3393897,10901
3394332,9556
3394458,8304
3394550,17900
3395306,10082
3395433,9173
3395672,9603
3396085,13742
3397898,9922
3398696,10054
3399750,10301
3400829,10293
3400980,27601
3401439,21360
3401553,8678
3401582,11992
3401741,10211
3401894,14737
3402046,26545
3402188,22425
3402283,14464
3402620,10573
3402903,12046
3403355,11873
3403544,11605
3403702,9669
3403853,11608
3404179,8717
3404335,10548
3404885,23769
3405056,10282
3405223,11119
3405585,13325
3405966,10727
3406126,6937
3406543,16775
3406709,17114
3406868,21910
3407025,17949
3407182,21656
3407441,21276
3407526,20611
3407588,14592
3408076,15964
3408281,26344
3410021,14913
3410312,18099
3410580,12543
3410756,12155
3415660,12663
3415865,9585
3416045,13734
3416183,10661
3416371,13041
3416529,11693
3416776,7967
3416935,11111
3417432,14126
3418444,13229
3418562,13820
3418705,10858
3419306,13887
3419552,9971
3419800,10941
3419837,17514
3419867,16865
3419899,18319
3420265,18151
3420313,18187
3420352,16710
3420707,9049
3420967,13383
3421130,19237
3421263,14675
3421406,16664
3421685,12174
3421817,12282
3421982,13790
3422113,14865
3425718,14586
3425928,13952
3426320,13885
3426491,13765
3426643,13794
3426936,12448
3427095,12343
3427246,13345
3427399,12758
3427579,12775
3427732,12374
3427884,10733
3437162,9032
3437323,8761
3437513,16200
3437766,14952
3437914,13679
3438055,10958
3438260,16301
3438450,10510
3438644,16594
3439466,9346
3439942,15594
3440385,17741
3440622,19971
3440760,19898
3440889,13497
3441038,13022
3441157,25509
3443327,17715
3443517,17806
3443662,17068
3443795,17797
3443929,21785
3444047,13641
3444216,13800
3444351,17060
3444582,17108
3444726,17814
3444870,17811
3445006,18884
3445145,18973
3445280,16841
3445416,16219
3445596,21211
3445785,14562
3445920,14889
3446221,18394
3447114,8685
3447285,16184
3447439,18733
3447551,13552
3447613,14751
3447712,14597
3447873,18863
3448025,19630
3448174,19532
3448332,19524
3448579,19328
3449135,16432
3449377,16074
3449806,14952
3449953,16488
3450082,16653
3450336,17420
3450567,17239
3450706,16207
3452475,10518
3452861,11356
3453873,11908
3454199,13402
3454548,11703
3454753,12795
3457180,11765
3458344,10938
3458803,8060
3459130,9325
3459204,12229
3466920,3294
3470070,3754
3470230,4190
3470789,7462
3470958,6461
3471098,6457
3471232,6082
3473961,7939
3474716,3856
3474900,8914
3475064,5741
3475220,13387
3475378,11130
3475691,12187
3475723,9661
3475850,9812
3475899,11291
3476004,11996
3476163,11566
3476317,11839
3476527,9145
3476686,11618
3476847,8431
3476998,10673
3477150,9890
3477565,11108
3477737,8858
3477899,10906
3478919,10164
3479072,9066
3479219,9148
3479369,12015
3479574,11821
3479720,10973
3479855,11475
3480000,8889
3480553,9358
3480696,9218
3480830,8322
3480970,8195
3481109,6191
3484775,6655
3485962,5125
3487348,5083
3487911,6145
3491681,4542
3492942,7518
3493097,4101
3493261,3732
3493540,6413
3493696,5538
3493815,5923
3493945,4834
3494074,6773
3494323,5090
3494492,5732
3497338,3853
3497382,4282
3497632,6098
3497673,8305
3497792,7230
3498001,7267
3498016,7865
3498113,8124
3498232,7569
3498519,7787
3498893,7156
3500666,5463
3500881,4932
3501137,6830
3501280,5009
3501418,5130
3503170,5496
3503438,4795
3503554,4198
3503890,5171
3504968,4415
3506363,3819
3506743,3562
3507542,6055
3507981,4044
3510444,3858
3510520,4261
3510683,5618
3510872,5593
3511041,5371
3511139,7855
3511162,6799
3511296,7614
3511416,5372
3511641,5680
3511962,6741
3512604,5736
3513943,5437
3514702,4713
3515170,4650
3515384,5171
3515416,5388
3516170,4813
3517515,5379
3517729,4522
3519866,4871
3520116,4479
3520646,5969
3520883,5784
3521055,5986
3521575,7013
3521879,7639
3522218,6710
3522330,7843
3522682,4671
3523062,7373
3523345,6777
3523717,7623
3523930,7630
3524137,7579
3525429,4570
3527273,4958
3527443,4638
3527662,4253
3527868,5070
3527984,9261
3528262,4592
3529241,6880
3529661,6531
3530221,7318
3530367,7643
3533132,3453
3533716,9710
3534221,5440
3534244,3690
3534622,7966
3534892,5575
3535048,4967
3535388,6229
3535753,4722
3536101,4565
3538163,6585
3538198,4945
3538344,7691
3538474,6498
3538538,8308
3538891,5439
3539142,6956
3539220,8409
3539920,6731
3540110,6539
3540358,6997
3540527,9091
3540840,7712
3541040,7035
3541637,6978
3541873,7691
3541915,7754
3542435,7603
3545396,4939
3545583,4670
3546143,4268
3546894,3875
3547181,5764
3547344,6403
3547696,4417
3548540,3749
3549170,4505
3551120,3698
3551313,4379
3551390,5172
3553143,6281
3553346,5909
3553403,5897
3553537,5812
3554806,4067
3554908,5715
3555050,5257
3555327,5475
3555551,5824
3555794,5640
3555950,6756
3556065,7440
3556433,6134
3556993,6868
3557180,5705
3557637,6517
3560912,4666
3561081,6632
3561195,4167
3561287,7568
3561375,12073
3561472,5814
3561874,5220
3562022,6129
3562154,5199
3562296,5887
3562443,9167
3563198,6023
3563600,7025
3563918,8219
3563983,6582
3564277,7708
3564314,6363
3564612,5352
3564814,7382
3565215,6383
3565641,6429
3569079,5135
3569359,4922
3569631,4979
3569848,4580
3570290,4235
3570535,6020
3570775,4657
3571226,4881
3575202,4802
3575671,4210
3576209,4536
3576587,6620
3576978,4405
3577269,7047
3577378,5082
3577397,5160
3577970,5765
3578075,6696
3578137,3829
3578574,6321
3579688,6089
3580063,5248
3580257,5686
3580265,4887
3580815,4680
3580827,5339
3581939,4316
3582704,5451
3582869,3965
3582982,6202
3583099,4722
3583305,6547
3583753,4143
3584419,6174
3584632,5499
3587625,3488
3588116,5950
3588239,6503
3588284,9995
3588427,6865
3588569,7554
3588616,4267
3588780,7281
3589104,9100
3591919,5039
3593000,4562
3593234,4760
3593328,13026
3593899,6676
3594028,7819
3594178,7445
3594331,9133
3594600,7755
3595108,9890
3595162,8711
3595216,9272
3595271,14297
3595932,9638
3596856,14713
3597019,10940
3597176,10505
3597334,11073
3597495,10115
3597526,8705
3597679,11952
3597841,8772
3600178,11464
3600339,9080
3600474,11271
3600515,16175
3600531,15549
3600755,11820
3600903,8275
3601052,9318
3601266,11372
3601316,12421
3601884,9836
3604602,8933
3604766,8637
3604892,10108
3605216,8092
3605506,10428
3605664,7207
3605893,7218
3608597,7345
3608732,7899
3609978,6476
3610151,6638
3610295,5838
3610450,8128
3610816,6045
3610966,5393
3611084,12875
3611211,12382
3611373,10613
3614805,9093
3615119,9261
3615319,7488
3615498,7256
3615669,6169
3618911,5097
3618995,4085
3619539,4614
3619767,5372
3620058,5384
3620235,6563
3620437,6578
3620665,6774
3621041,4053
3621658,5649
3622177,4782
3622655,6073
3623251,5530
3623784,5289
3624279,4902
3624639,5256
3625103,4272
3625238,4745
3627902,4543
3627932,3761
3628464,4679
3629169,4401
3629471,3846
3629905,4106
3630238,5678
3630313,5644
3630717,5006
3630732,4571
3631084,3706
3631268,3809
3632279,4157
3634279,4604
3636561,12711
3636796,7667
3636814,7558
3636994,7142
3637591,12002
3637751,9956
3637913,10195
3638069,7266
3638230,9806
3638537,8038
3638964,8587
3639705,5389
3639933,7931
3640133,7318
3640539,6315
3641749,7602
3642172,6150
3642364,10791
3642370,5889
3642656,5936
3643064,9680
3643235,9212
3643396,9440
3643584,5881
3643743,7191
3643961,6821
3644203,7350
3644571,9021
3645779,8149
3646025,7857
3648894,5175
3650348,5295
3650389,5395
3650447,6459
3650811,5102
3651775,3648
3652520,5928
3653005,6424
3653235,6793
3653440,6932
3653564,5256
3653720,6872
3654640,5964
3654810,8075
3656353,4101
3656931,3848
3657107,6858
3657251,6350
3657427,6588
3657717,6887
3658324,6231
3658863,8268
3659045,9375
3659183,7371
3661837,8834
3662007,6913
3662163,8307
3662325,8287
3663726,5039
3664377,6434
3664788,7012
3664882,6315
3665166,7406
3665308,7660
3665447,6239
3665533,8837
3665631,9069
3665658,8962
3665726,10798
3665759,7921
3665777,9979
3665796,9410
3666227,9183
3666247,9406
3666277,8720
3666471,5158
3666519,6856
3672999,5105
3673273,4479
3673321,4208
3673900,5513
3675955,3377
3676685,3695
3676738,3501
3676937,3779
3677650,4768
3677797,4074
3677799,5357
3678256,3473
3680759,4249
3680968,4950
3681028,4731
3681225,4695
3682225,8656
3682277,8660
3682363,8342
3682534,5530
3682671,5556
3682735,6832
3682804,7225
3683098,7678
3683359,5242
3686424,4451
3686858,5561
3687347,6459
3687430,4763
3687676,8343
3688330,6056
3688520,7128
3689114,7441
3689331,7291
3690386,4449
3692629,5705
3692784,4387
3693105,4494
3693157,4913
3693286,5392
3694057,5222
3694464,6088
3694606,6949
3695015,5307
3695201,4030
3695377,6695
3695463,6164
3695788,6560
3695941,5114
3697251,4904
3699581,4102
3700025,6015
3700649,3805
3700934,4043
3701300,9018
3701553,5739
3701808,8613
3702023,5095
3702284,4432
3702533,4405
3702673,5484
3702886,5189
3703365,5187
3704382,5490
3704644,6527
3705220,5155
3706709,5195
3707537,4092
3707585,3759
3707839,4452
3707990,7033
3708328,6891
3708599,7593
3709014,5107
3709294,5843
3709908,5490
3712446,4499
3712516,5442
3712787,4862
3712960,4319
3713317,4483
3713732,5064
3715230,4751
3715595,5498
3715662,6259
3715818,5413
3716029,5080
3718300,5308
3718570,6382
3718632,6044
3718830,5418
3719174,4535
3719569,5904
3720013,7510
3720996,6505
3721039,6559
3721162,3694
3721681,7662
3721906,5391
3722102,6258
3723346,4833
3723406,7793
3726094,3515
3726126,5925
3726282,5859
3726403,5593
3726560,6016
3726732,6582
3726883,5998
3727247,7275
3727373,5590
3729111,4325
3729423,5254
3730134,4688
3730177,5578
3730439,4940
3732305,5865
3732528,5027
3734074,4932
3734126,5975
3734890,4922
3735025,6251
3735231,6127
3735511,5551
3736142,6636
3736266,6255
3736392,5638
3736693,5926
3737522,5342
3738190,4979
3738443,7207
3738671,7974
3738904,8880
3739043,7547
3739198,8489
3739343,5424
3739460,5672
3739600,8163
3739748,7094
3743610,5952
3743949,4322
3744188,4843
3744436,8499
3744540,11229
3744607,7196
3744675,9734
3744716,11358
3744817,7791
3744838,6427
3744872,8217
3745023,5720
3745179,8871
3745623,7191
3748507,7085
3749224,4691
3749890,5493
3750058,8988
3750167,7963
3750406,6536
3750727,5975
3751093,5442
3751246,6844
3751575,6729
3751784,7786
3751989,6760
3752303,7126
3757085,5601
3757140,5602
3757261,5137
3757774,6722
3758987,5829
3759149,4002
3759671,5214
3759955,4758
3760154,3651
3760412,9148
3760527,8143
3760743,4570
3761198,6737
3763179,10247
3763259,7161
3763406,5844
3763755,6700
3763880,6633
3764117,10263
3765032,9836
3765560,11238
3766714,8588
3766965,7070
3767116,6776
3767134,9723
3767270,11522
3767391,7480
3767546,7628
3767706,5673
3768757,7976
3768844,9480
3768955,7706
3769036,7549
3769657,6104
3770810,6481
3771469,7553
3771726,6460
3771988,6793
3772224,7869
3772461,6918
3772906,7132
3773159,6547
3773579,7379
3773747,6591
3773871,7500
3777104,7001
3777668,3649
3779395,4769
3779595,4326
3779872,6587
3781802,7650
3781847,7353
3782105,7538
3782145,8212
3782266,8788
3782411,5793
3782656,7810
3782974,10018
3783470,12102
3783599,6314
3784195,10845
3784376,7026
3784714,8329
3784867,10756
3785227,10504
3785363,8284
3787358,4607
3787413,5522
3787473,8516
3788607,7444
3789025,6983
3789259,6114
3789995,6176
3790144,9593
3790302,7707
3791097,6776
3791276,7008
3791399,6046
3791550,4714
3792547,8437
3792713,8060
3792792,7889
3792956,7327
3793119,6816
3793257,6825
3793401,7468
3793864,5442
3794027,5087
3794211,6648
3794564,6008
3794879,6177
3798279,3429
3801973,5020
3802370,4678
3803273,4744
3803645,6134
3803840,6084
3803883,5963
3804107,4113
3804533,5677
3804579,5037
3804884,3873
3805668,6835
3805697,5986
3806036,6008
3806584,5520
3806759,5764
3807262,5154
3807807,5582
3808275,4373
3808673,5273
3808958,5016
3810188,4765
3811732,4516
3813206,3773
3813966,3832
3814525,6089
3814648,5348
3814794,4575
3814958,4959
3815039,6398
3815173,5917
3817164,4553
3817931,5033
3817987,4675
3818404,6618
3818504,4382
3818626,5762
3818763,5824
3819022,4561
3819576,7132
3820159,5594
3820428,5024
3821922,5753
3822710,6037
3823218,4767
3823261,5493
3823559,5701
3823597,4130
3825938,4281
3826557,4829
3826732,4450
3826741,5384
3826983,4911
3827994,5010
3828317,5331
3829077,12367
3829238,11880
3829662,8059
3830331,7500
3830383,10317
3830471,13744
3830826,13295
3830932,14611
3831007,14260
3831273,11125
3832253,11619
3832474,9509
3832528,13393
3832774,14883
3832959,14644
3833095,9470
3833453,8854
3833503,10150
3833626,12041
3833755,12569
3834083,11778
3835175,10990
3835341,10133
3835541,10507
3835669,12041
3835696,15118
3835862,13761
3836028,14576
3836186,14934
3836248,9133
3836348,23340
3836545,20280
3836714,21076
3836870,25700
3837041,28640
3837047,25248
3837205,25790
3837373,25703
3837548,21798
3837900,26509
3838422,24274
3838731,26582
3838793,26471
3838813,20689
3838848,24000
3838901,26309
3838959,25132
3839011,24935
3839060,23814
3839262,24917
3839446,24689
3839965,24081
3840934,21139
3841247,22754
3842125,18942
3842626,19105
3842761,17368
3843187,21465
3843363,18026
3844287,18456
3844664,13860
3847287,12745
3847447,14171
3847768,8204
3847961,14834
3848121,14452
3848346,17220
3848795,11423
3848940,12973
3849061,11896
3849222,11224
3849355,8405
3849535,12555
3849683,13007
3849910,11973
3854774,8526
3855094,9874
3855302,9800
3855558,9960
3857124,9108
3858874,7729
3859811,6930
3868390,3439
3868443,5371
3868701,5164
3869086,7016
3869330,4111
3869364,4553
3870124,3469
3870300,7273
3870520,4286
3871424,4592
3871813,5383
3872074,6101
3872199,5716
3872287,4997
3872448,5548
3872794,3956
3873639,4885
3873960,5613
3874119,6058
3874714,4964
3874873,5202
3875017,5112
3875927,4427
3876145,5058
3876275,5908
3876326,5187
3881232,4887
3881431,8626
3881743,5270
3881900,5677
3882046,6630
3882192,7508
3882336,6959
3882475,5951
3882631,6930
3882755,5086
3882991,11671
3883161,7929
3883206,11671
3883530,5481
3883687,4312
3884529,10442
3884693,7719
3885046,11342
3885523,13609
3886006,9099
3886681,13780
3886936,6948
3887102,8562
3890660,11053
3891185,9646
3891366,6219
3891581,7761
3891756,7173
3891911,10138
3892077,10341
3892235,10785
3892396,9322
3892566,9625
3892730,12034
3893301,10792
3893448,11016
3893542,13488
3893830,10349
3894085,13616
3894416,11815
3896631,14548
3896814,11826
3897046,8708
3897074,13702
3897220,9882
3897436,8858
3897587,13522
3897652,12063
3897831,10199
3897838,10133
3898019,8044
3898175,10411
3898384,12585
3898686,10007
3898746,10147
3900066,10650
3905324,7504
3905525,8290
3905993,5038
3906406,7317
3906471,6765
3907691,4763
3907998,7157
3908222,4864
3908386,6314
3908762,7284
3909013,4541
3909486,7108
3909514,6434
3911382,5622
3913336,4456
3915135,8896
3915337,7335
3915467,10621
3915685,8589
3915862,8235
3916010,4950
3916683,4391
3916836,4345
3917042,6345
3917177,5608
3917356,6861
3917523,6633
3918655,10797
3918842,11312
3919002,8156
3919581,8630
3919722,6639
3919890,5799
3920051,8280
3920296,7844
3920463,15137
3920646,10932
3920795,8950
3922874,12026
3923048,11304
3923203,11371
3923505,7869
3924315,5536
3927013,6431
3927187,4895
3927354,5244
3928938,7747
3928978,9470
3929017,9618
3929048,14045
3929077,12893
3929112,13397
3929146,11998
3929199,14141
3929308,4689
3929944,7793
3930250,5323
3930703,6884
3930865,7364
3931026,8326
3931182,7957
3931406,9431
3931549,8715
3931974,9855
3932216,7006
3932430,6336
3935775,4576
3935930,7868
3939627,3433
3939832,4705
3940299,7287
3940645,5622
3940839,4618
3941342,5617
3942358,4190
3943203,5993
3943379,5785
3945919,5678
3946123,7111
3946283,9598
3946403,9595
3946557,9893
3946679,5883
3946828,9759
3946954,7390
3947101,11637
3947226,7880
3947381,7305
3947510,6348
3947533,13481
3947575,8956
3947606,7938
3948178,11851
3948220,10591
3948268,10751
3948305,8332
3950363,6982
3951376,10209
3952269,6600
3953860,12076
3954064,8584
3954507,8746
3954867,7849
3955026,6034
3955117,9612
3955236,6697
3955433,10447
3956673,10357
3957830,10150
3958312,7437
3958521,6708
3958752,14747
3958866,13139
3958952,14789
3959433,14140
3959664,6519
3959905,6184
3960143,5866
3960415,7472
3960689,9199
3961154,8303
3961410,7215
3962708,6906
3962871,10805
3963030,5942
3963203,6719
3969014,4803
3969831,5396
3970322,5397
3970526,5012
3970819,4558
3971214,6345
3971238,5414
3971309,9348
3971341,9169
3971359,11091
3971805,4083
3972305,4698
3972532,8992
3972724,10175
3973392,8858
3973676,7521
3974103,7475
3974254,7206
3974682,5652
3977750,4226
3977795,5898
3977933,5875
3978394,7252
3978427,6476
3978958,5779
3979146,6089
3979934,7092
3980254,5033
3980597,4740
3982206,4897
3982305,4956
3982420,7513
3982573,5692
3983439,6212
3984514,4843
3984845,4127
3985220,4602
3985635,4093
3986558,3558
3987293,4883
3987646,4344
3990026,7265
3990195,7474
3990625,11087
3990663,8221
3990811,6753
3991136,11570
3991266,11333
3991403,14698
3991538,11241
3991722,10044
3991859,11039
3991977,11330
3992114,13471
3992253,10144
3992390,9513
3992585,9713
3992706,9395
3992848,9156
3994743,10058
3995115,7084
3995302,11276
3995765,10577
3996184,7029
3996243,6782
3996293,14720
3996359,18585
3996825,6295
3998697,21960
3998982,8799
3999194,15548
3999373,15265
3999540,10562
3999673,11748
3999711,16264
3999879,17278
4000054,13360
4000230,19520
4000398,14073
4000572,13844
4000593,13074
4000761,16144
4000933,7940
4001106,12086
4001307,13346
4001473,11915
4002663,20062
4005587,9672
4005769,7783
4005933,11798
4006197,12253
4006429,17759
4006733,6995
4007157,17429
4007216,17399
4007265,20207
4007315,18905
4007360,14510
4007404,12601
4009664,10910
4009849,10854
4010026,10809
4010196,11550
4010364,9592
4010601,13134
4010793,15379
4014771,12908
4014973,9206
4015358,14460
4015393,13051
4015575,12013
4015701,9741
4015843,12484
4017298,8978
4017465,9100
4017518,8808
4018174,10280
4021997,8297
4022499,9255
4022662,9301
4022788,10709
4022973,12011
4023139,11947
4023318,11362
4023565,11179
4023763,11272
4023923,13088
4024245,11678
4024893,12015
4025065,10949
4025218,8626
4025570,8047
4026396,9190
4029928,6443
4030124,6935
4030350,7812
4030599,9626
4030755,7678
4030893,5532
4031121,8506
4031246,9105
4031360,10112
4032062,6497
4033875,11206
4034506,7200
4034768,10872
4037352,4873
4038264,8747
4038446,11147
4038538,5606
4038592,10070
4038626,10270
4038657,12765
4038689,10549
4039705,6089
4041021,10249
4041168,7848
4041327,8106
4042278,8839
4042768,8056
4042945,8619
4043088,6842
4043250,7727
4043395,14884
4044184,15202
4044326,12044
4044667,10016
4044793,9383
4044929,12083
4045535,11353
4045856,11579
4046005,11324
4046147,10543
4046769,10004
4046919,10293
4047052,10100
4047286,10102
4047412,11273
4047976,11206
4048134,8946
4048305,9630
4048430,10007
4048628,9209
4048729,8842
4049069,10791
4049268,10370
4049469,6828
4049764,9880
4054642,4752
4054803,6921
4054995,6405
4055131,4716
4055468,4769
4055559,4838
4056015,6241
4059669,3917
4060376,3600
4060856,5024
4061173,4946
4062000,3678
4063267,3630
4067715,4258
4067896,4319
4068051,4284
4068213,4923
4069640,3594
4070102,3779
4070616,5263
4070642,3517
4070942,4761
4071080,4270
4071104,5471
4071594,4961
4071748,5353
4072033,4679
4072361,5167
4072718,6038
4073057,5069
4073397,3556
4073915,4254
4074346,3501
4074791,3844
4075154,4902
4075342,4791
4077581,4931
4080250,6296
4080448,5254
4080549,5577
4081214,5892
4081249,6142
4081344,4627
4081581,5462
4081736,7681
4081895,7067
4082077,7072
4082219,4772
4082376,6234
4082550,6153
4082674,5401
4082870,7432
4083795,7441
4083811,4599
4083908,8042
4084069,7685
4084270,6949
4084918,4751
4085152,5275
4085666,5925
4086379,5475
4086576,5375
4089683,4618
4089874,4529
4092524,4587
4092566,3469
4092724,3877
4093337,4982
4093647,4522
4093879,4392
4094126,4095
4094248,6308
4094393,4938
4095548,4029
4095604,4681
4095776,4980
4096264,5314
4096512,4429
4097052,5736
4097721,7294
4098322,6975
4098383,6564
4098741,6401
4099158,5918
4099360,5892
4099613,5884
4099937,5257
4100589,8210
4100781,5286
4102102,6892
4102368,7388
4102537,6155
4102678,5794
4102820,6226
4106189,13915
4106227,8186
4106385,9367
4106554,8021
4106678,11914
4106811,9049
4106972,13326
4107113,15295
4107249,12814
4107384,12359
4107652,12547
4107798,10265
4107933,14173
4108064,9776
4108523,10893
4109083,8867
4109877,12128
4110055,12231
4110237,11952
4110360,12199
4110627,13321
4110758,12863
4111126,15589
4111315,16993
4111474,16955
4111613,14704
4111844,16252
4112177,18690
4112316,16367
4112499,20654
4112628,17965
4112893,22772
4113035,23066
4113218,22930
4113342,23711
4114571,20846
4114755,23061
4114921,21478
4115089,18759
4115250,18810
4115408,19436
4115581,22453
4115984,19274
4116257,17106
4116421,19379
4116982,17636
4117146,18645
4117326,19811
4117515,16923
4117676,13597
4118373,17214
4118569,18632
4118769,19211
4118936,18609
4119095,19783
4119255,20765
4119574,17169
4120590,18838
4120771,18018
4121075,17853
4121228,18326
4121380,16846
4121563,16993
4121716,17220
4123103,17703
4123769,15425
4123805,12123
4123865,13627
4125491,14161
4125825,13984
4125996,12155
4126151,11185
4126471,10633
4126843,10874
4128950,8975
4129714,10550
4130769,10368
4134197,8273
4135110,8810
4141765,3609
4141961,6630
4142118,6525
4142259,6826
4142411,5898
4142540,5996
4142780,6380
4142968,6378
4144106,6675
4144434,6393
4144720,4560
4144962,5986
4146802,4381
4146893,4388
4146906,4643
4147291,12556
4147765,13622
4150398,4668
4152420,10291
4152537,9853
4152544,3866
4152752,4213
4153035,6382
4153397,10874
4153502,9100
4153901,8220
4153975,12414
4154129,8807
4154268,8559
4154414,8647
4154874,6538
4155119,10755
4155265,11034
4155405,7994
4155828,13225
4155864,11419
4156466,8998
4157074,9620
4157472,9476
4157657,15393
4157723,17838
4157757,16318
4157797,16760
4157834,15715
4157893,15298
4158702,11682
4158880,11399
4159218,14468
4160384,12378
4160557,12296
4160733,18107
4161123,14034
4161703,13508
4161868,13458
4162022,13404
4162228,13149
4163560,11990
4163730,11872
4163887,11907
4164043,12339
4164195,13865
4164352,14496
4164510,14164
4164663,15120
4164828,12358
4164983,13746
4165134,7486
4165289,9072
4169024,11108
4171753,5093
4173092,8867
4173267,6995
4173393,7197
4173525,8374
4173714,10150
4173899,10049
4174050,8688
4174192,9210
4174390,9172
4174542,8043
4174687,8296
4174851,8271
4174992,7391
4179035,7088
4179244,6673
4180291,5675
4180434,5355
4180945,4743
4181531,5195
4181679,4381
4188148,7084
4188581,5989
4188643,3877
4188823,7051
4188929,6924
4189036,6734
4189188,5514
4189435,7166
4189942,4080
4189968,6150
4190010,6209
4190167,7978
4190278,5743
4190398,7899
4190533,6906
4190767,6484
4191046,4902
4192262,5604
4192575,5894
4193237,5399
4196297,4118
4196416,3850
4196748,4220
4199475,4920
4199544,5050
4200633,3731
4201650,3857
4201991,7236
4202162,6306
4202184,5426
4202592,4196
4202861,5248
4204667,4034
4205669,7577
4205827,3700
4205963,5117
4206097,5540
4206213,4791
4206353,7561
4206494,5882
4206627,7698
4206859,7615
4206982,7202
4207094,6885
4207205,9675
4207334,8400
4207644,7203
4207784,6910
4207947,6628
4208137,6240
4208261,5991
4208374,6263
4210662,8114
4211757,7075
4212335,5304
4215413,4689
4216411,4842
4216541,6268
4216780,6462
4216935,6141
4217111,5442
4217357,7235
4217653,6880
4217795,7083
4217954,6163
4218433,6633
4218585,5364
4218794,6784
4218918,3396
4221102,6707
4221219,4448
4222054,6984
4223004,4576
4223298,6020
4223451,5346
4223784,4276
4224401,6509
4224443,7794
4224476,6688
4224783,7049
4224993,6953
4225197,5883
4225607,4006
4226314,5110
4226595,5106
4229659,6851
4230131,9756
4230600,9695
4231633,4170
4233592,6977
4233621,10004
4233820,11491
4234009,5820
4234168,7180
4234320,5449
4234554,7728
4234761,7887
4235132,7215
4235265,7060
4235378,8642
4235590,6466
4235862,7392
4236106,7704
4236434,6572
4236476,6399
4236660,6798
4236808,6893
4237060,9109
4237236,8439
4237761,4976
4238582,6108
4239519,6565
4239799,6203
4240209,6869
4240451,8603
4240705,9439
4241068,7924
4241313,8590
4241626,7324
4241714,9043
4242161,6946
4246630,3670
4246929,3668
4247175,4312
4247305,4555
4247535,3356
4249395,4796
4252030,7108
4252072,6642
4252283,6293
4252455,6189
4252545,6380
4252774,6005
4252889,6732
4253128,5714
4253377,6181
4253536,5486
4254377,10306
4254543,8148
4254721,9088
4254901,9059
4255024,9529
4255175,6233
4255294,6863
4255602,8153
4255747,5187
4255753,6220
4255927,7826
4257652,6956
4258299,7605
4258323,7824
4258521,7816
4259691,7566
4259722,5598
4260811,7569
4260977,10105
4261116,5198
4262548,6858
4262747,3747
4263574,7427
4263789,6833
4264063,6490
4264090,6432
4264122,7836
4264308,6148
4267635,4117
4267788,4322
4267905,4528
4268604,4149
4269238,4320
4269674,4126
4270091,5780
4270585,5042
4270739,7601
4271133,6824
4271256,6841
4271371,7164
4274256,6723
4274320,5642
4274401,6162
4274528,6156
4274826,8804
4274863,6785
4275261,6044
4275287,5348
4275525,5926
4275749,5979
4275996,5253
4276042,7110
4276319,5682
4278168,5178
4279932,7738
4279997,7791
4280192,4539
4280542,4343
4280816,6054
4282674,5297
4282858,4425
4283083,5731
4283458,5733
4283657,6086
4284181,4706
4284620,4891
4284881,5783
4285317,5000
4285734,4624
4286179,3643
4286820,3259
4287298,3611
4287868,4216
4288220,3917
4290749,4519
4290884,4171
4291663,4227
4291750,6154
4291793,4320
4292512,4415
4292665,4359
4293096,4745
4293981,4209
4294155,4553
4294365,3923
4295062,6254
4295122,4712
4296285,4989
4298997,6168
4299080,5818
4299339,5204
4299875,4218
4299928,5439
4300037,4917
4300555,5323
4301440,3974
4301537,4211
4301577,8397
4301624,3894
4301757,5168
4301916,7031
4302461,5139
4302759,4546
4302944,4142
4303962,4123
4305359,4329
4305694,3626
4306146,5763
4306303,6665
4306541,5101
4310351,5417
4310658,4230
4310927,6036
4311020,6602
4311190,7406
4311636,5933
4312054,5685
4312223,5452
4312572,5255
4312675,4508
4312793,5857
4313110,5628
4313280,5695
4313494,5922
4313562,8894
4313977,5300
4314415,8376
4316153,5998
4316379,9058
4316529,8111
4316681,7606
4316806,7400
4317013,7543
4318990,7044
4319092,7625
4319190,8385
4319359,7539
4319623,5933
4320144,8675
4320241,7216
4320946,9853
4322018,6182
4322495,6090
4322820,4314
4323081,6254
4323451,8721
4325045,5206
4325505,8962
4325681,8951
4325792,10958
4325933,8455
4326378,6921
4326967,8785
4327276,4514
4327741,9089
4328021,5841
4328430,9445
4328643,5681
4328735,9475
4331610,5000
4331831,5534
4332000,6157
4332148,6537
4332371,6867
4332519,6314
4332655,4544
4332842,5738
4333070,5982
4333215,4731
4334867,4850
4335025,4270
4335317,4439
4337122,3523
4337526,4313
4337906,3998
4340585,3672
4340809,6238
4340978,4269
4341437,3866
4341695,4171
4341955,4106
4342136,4149
4342416,5105
4342557,4619
4342922,3913
4343453,3818
4343797,4377
4343956,4503
4344156,3693
4347055,5133
4347349,4785
4347964,4359
4348587,3218
4349064,4762
4349463,3840
4349523,3442
4349745,4386
4349806,3403
4350311,4306
4350654,4298
4350923,3305
4351096,4468
4351846,4280
4351973,4736
4352362,3491
4353661,4048
4354115,4958
4355167,4664
4356316,3671
4356374,5648
4356754,5572
4356912,6074
4357078,7339
4357407,4663
4357906,4620
4358224,7759
4360348,5015
4360395,5199
4360643,4986
4360773,7510
4360903,6761
4361895,5165
4362154,5471
4362353,4919
4362559,4836
4363693,6472
4363775,5392
4363876,5890
4363941,7149
4363962,7160
4364180,8472
4364203,9600
4364221,7283
4367875,4247
4368040,8802
4368156,6013
4368248,7022
4368372,8618
4368508,8688
4368571,6773
4368711,7211
4368788,7850
4368977,4316
4369138,7739
4369254,7453
4369361,6588
4369441,4706
4373899,5378
4374037,5526
4374221,3576
4374440,5737
4374641,5466
4374965,4996
4375416,5244
4378631,4048
4379007,3750
4379251,4096
4379751,5436
4380281,4615
4380740,5325
4380820,5013
4380897,5110
4381000,5203
4381253,5091
4381721,3664
4382429,4303
4387153,4265
4387332,7292
4387802,4510
4388319,3926
4388404,9909
4389176,6045
4389512,8675
4389611,8081
4389804,6771
4389997,5653
4390211,5117
4390318,8014
4391112,5728
4392073,4497
4392694,10863
4392757,7250
4392908,7644
4393046,7088
4393191,8453
4393333,9291
4393471,7539
4393662,8212
4393806,7263
4393958,8443
4394084,10637
4394204,10130
4394337,9961
4394474,11045
4394727,9039
4394853,8873
4395314,9882
4397364,7517
4397563,6998
4401082,4644
4401967,5183
4402891,4135
4403113,4049
4405089,5032
4406135,3722
4407251,3546
4407443,4894
4407761,5011
4407811,4904
4408239,6105
4408337,4073
4408446,3633
4408636,4492
4409567,4016
4409666,4603
4411102,4601
4411137,5119
4411291,5328
4411563,3912
4412555,4451
4412625,4231
4412876,5008
4412990,5072
4413177,5072
4413306,4982
4414091,7010
4414456,5624
4414709,6474
4418691,3468
4419038,4608
4419082,4612
4419555,4155
4419824,4585
4420620,3601
4421270,3407
4421304,3560
4422349,4293
4422557,3876
4423141,4032
4425112,4280
4425355,4698
4425506,4346
4425646,4624
4426029,4938
4426667,4111
4427139,5872
4427429,7072
4427580,3489
4427939,6257
4428020,5884
4428094,5221
4428553,4833
4428639,5330
4429686,5690
4429888,5305
4430099,4767
4430301,6944
4430422,7034
4430576,6870
4430820,7197
4431064,5498
4432959,5852
4433526,4922
4435845,6771
4436006,6641
4436129,4981
4437834,3252
4438057,5918
4438204,7911
4438374,6927
4438688,7207
4438816,7778
4438997,5581
4439146,6519
4439328,6710
4441655,4307
4441820,6752
4441964,6122
4442086,5145
4442217,5820
4442369,8249
4442497,9866
4442867,7238
4443030,6640
4443184,4799
4443308,8586
4443443,7669
4443624,8068
4443771,7513
4443904,7436
4444029,7609
4444161,8541
4444312,6597
4444461,6216
4444607,6216
4449378,4586
4449716,4701
4450789,4979
4451598,4367
4452210,4303
4452604,4652
4452780,5192
4453033,5118
4453152,5322
4453427,4484
4453640,4781
4454129,4120
4458828,3618
4459025,4601
4459130,5169
4459239,3871
4459760,4113
4460366,5639
4460476,3920
4460666,4743
4461627,3887
4461768,5072
4461922,5063
4461959,4814
4462032,4582
4462753,4535
4463176,4961
4463926,4974
4463982,5575
4464462,5198
4464524,5671
4464697,5245
4465172,6277
4468694,5029
4468832,5728
4468888,9015
4469995,5942
4470590,4108
4471181,6197
4471359,5066
4471736,12707
4472121,15488
4472391,16564
4472435,11160
4472607,6026
4472790,13646
4472955,10707
4473122,11630
4473294,13081
4473465,9210
4473648,11712
4473871,8487
4474037,8410
4474201,10118
4474364,14927
4474536,13042
4474708,13226
4475657,10653
4475889,11305
4476218,9321
4477565,12334
4477733,9659
4478040,12545
4478208,9643
4478375,8797
4478586,10844
4479656,8418
4479662,11851
4480777,12150
4480818,11226
4481150,8665
4481344,9375
4481544,9472
4481550,9121
4482015,9332
4482188,9638
4483959,8680
4483996,8007
4484026,8768
4487451,7416
4488187,5285
4489834,5992
4490048,5131
4491601,4686
4493652,3454
4493808,7220
4494103,6727
4494453,6445
4497216,5688
4497405,6227
4497722,5067
4498072,4931
4498561,6137
4498580,6012
4498668,7782
4498740,7121
4498765,8959
4498801,8627
4498855,8669
4498909,9191
4498933,5709
4498967,8669
4501254,5783
4503089,6691
4503544,5431
4503737,6094
4503825,5908
4503888,5494
4504004,4917
4504234,6388
4504443,6993
4505364,12235
4505574,8094
4505736,7465
4505916,6722
4510077,4095
4510235,7437
4510560,6991
4511154,7359
4511331,6571
4511601,6138
4511863,6492
4512011,6201
4512285,7003
4514565,4578
4514716,10049
4514863,8378
4514997,8139
4515116,7599
4515259,10193
4515548,7538
4515707,9000
4515846,7339
4516002,7529
4516153,6871
4516263,6694
4519944,6692
4520064,17475
4520237,8252
4520424,8934
4520533,10650
4520584,14482
4520639,14480
4520986,14183
4521586,13349
4521734,12938
4521868,16688
4522471,12748
4523308,12848
4523861,22308
4524048,14638
4524188,15057
4524331,12058
4524449,25525
4524582,27516
4524722,21567
4524875,22428
4525001,28141
4525248,15322
4525776,21325
4526466,13262
4526970,10585
4527024,24089
4527076,16966
4527123,22106
4527168,16067
4527218,15032
4527264,15450
4527309,16330
4527354,16439
4527402,16751
4527470,20878
4528107,9561
4528291,8989
4531702,14900
4531874,19513
4532040,20625
4532245,16382
4532426,19910
4532561,18116
4532726,27071
4532893,22830
4533060,25686
4533220,25178
4533793,26364
4534011,25969
4534713,17499
4535608,16136
4536422,15139
4536600,15475
4537093,10317
4537355,10176
4537987,15881
4538312,9788
4538451,19744
4538961,11048
4539383,20309
4539582,20301
4539797,18496
4539840,20221
4540614,26490
4540837,26526
4541740,25978
4542450,24599
4543475,24378
4544547,24008
4544596,23408
4544774,23576
4545356,23259
4545417,23257
4545861,22747
4546718,22111
4546904,13201
4547591,20134
4547613,19230
4547768,19671
4547788,21063
4547934,11374
4548471,13728
4548641,17017
4548844,17175
4548897,9189
4550229,16219
4550401,15018
4551213,15474
4553631,11976
4553827,11158
4553989,11673
4554145,12594
4554299,11425
4554777,12012
4555444,11760
4556061,13106
4556228,13205
4556547,14136
4556785,14878
4557005,14711
4557368,15493
4557748,11197
4560467,12811
4560752,17034
4561453,15984
4561805,16668
4563120,14462
4563249,14973
4563419,12985
4563609,13421
4563788,12822
4564080,18075
4564231,19337
4564375,13359
4564665,16877
4565993,13945
4566142,15138
4572232,12539
4572403,10237
4572515,7618
4573886,7124
4574692,9427
4575640,9053
4575694,8489
4575857,9033
4575980,7732
4576101,7257
4576239,8295
4576974,7858
4577118,6931
4577275,7478
4577475,8872
4577614,8963
4577977,7187
4578622,8715
4578787,11010
4578932,9963
4579092,10767
4579244,7397
4579420,7280
4585029,6912
4585222,6596
4585398,6946
4585545,5942
4585840,5249
4585994,4603
4586154,5534
4586862,6527
4587005,12748
4587133,12010
4587271,12083
4587408,11846
4587561,4006
4590843,13246
4590995,9868
4593576,8662
4593798,5670
4593971,8055
4594134,8656
4594288,9462
4594461,11857
4594732,7453
4594886,7135
4595043,7252
4595195,6566
4595348,11223
4595529,10859
4595690,7876
4595844,6529
4595995,10818
4596154,10289
4596306,16254
4596457,12106
4596643,13943
4596800,15651
4596961,19101
4597122,18891
4597296,15543
4597460,14540
4597692,15019
4597857,14380
4598025,14267
4598196,16849
4598365,17592
4598597,15923
4598768,13843
4598931,13466
4600525,13060
4600691,12075
4600845,15267
4601004,17541
4601163,17046
4601326,17032
4601851,20053
4603670,18914
4603833,19084
4603974,16145
4604332,21370
4604375,21205
4604461,11361
4604560,21154
4604720,21168
4604868,21284
4605801,21133
4608005,17022
4608831,9111
4609002,8664
4609158,16505
4609335,18905
4609507,16589
4609673,22323
4609853,21344
4610035,17816
4610200,17732
4610379,14311
4610697,14860
4610857,11547
4611028,13539
4611184,13438
4611342,10217
4612320,12583
4612467,17693
4616331,9304
4616368,9146
4616862,9174
4617011,9687
4617149,5046
4617286,8325
4619825,10830
4621156,14493
4622687,9441
4622848,8866
4622996,9010
4623435,7752
4623563,11701
4623706,12358
4623896,12113
4624049,12998
4624189,12277
4624342,11886
4624716,10413
4626248,9434
4632377,5374
4632531,6758
4632596,4293
4633222,5039
4633375,6259
4633781,6021
4633956,5961
4634094,6288
4634312,5690
4634452,7543
4634651,6366
4634900,6472
4637177,6059
4637284,5729
4637633,6503
4637784,6834
4637925,5607
4638331,5221
4638372,5332
4639648,4917
4640668,3896
4640702,4578
4641696,7576
4641768,7796
4641903,5963
4642021,5944
4642036,7877
4642135,6213
4642195,7013
4642250,6465
4645971,4754
4646419,4589
4646602,4339
4648795,4426
4649022,4074
4651597,13817
4651801,16593
4652078,17372
4652335,12250
4652576,4691
4652752,11429
4652883,12677
4653187,8513
4653762,5968
4654229,16514
4654638,15308
4654687,15113
4654811,16159
4654849,17440
4654954,5930
4655041,15556
4655836,16937
4657402,5723
4657973,14733
4658160,6602
4658329,5813
4658575,6994
4659211,6585
4660330,6004
4661181,8746
4661346,11289
4661464,16526
4661527,14646
4661581,16198
4661627,16466
4661671,16004
4661717,15556
4661768,14917
4661815,15200
4661861,18122
4661914,14645
4661964,15357
4662016,15203
4662085,12290
4662147,13292
4662236,15703
4662300,11792
4662305,15423
4662364,13754
4662416,13430
4662466,13594
4662644,7107
4662855,10255
4663041,7053
4663225,11331
4663407,10862
4663624,11032
4663808,14249
4674728,6548
4675138,5071
4675582,7805
4676378,6208
4677051,7728
4678259,4629
4678821,5167
4679832,13896
4679878,15038
4681576,5162
4681658,13035
4681729,13855
4681849,17026
4681897,13121
4681963,16387
4682387,11329
4682946,12304
4683091,11897
4683243,11865
4683414,13315
4683590,11460
4683749,12040
4683886,11750
4684118,11048
4685102,10283
4685272,13682
4685425,10263
4685587,13035
4686246,15587
4686409,12618
4686567,10306
4686831,10720
4687003,12216
4687161,10285
4687319,9801
4687471,12076
4687954,10435
4689172,14412
4689233,12685
4689342,12754
4689550,13000
4689710,10232
4689957,9670
4690308,8996
4690797,7997
4691435,12053
4691797,8618
4691987,9389
4692315,9416
4692516,9062
4693116,8559
4693295,8571
4693477,9217
4693535,7647
4704124,4188
4704147,4816
4704236,5168
4704318,4841
4704633,4257
4705052,3980
4705534,4019
4705976,8188
4706116,6564
4706226,6567
4706233,7733
4706289,6651
4709200,9420
4710042,9357
4710209,7106
4710361,7858
4710546,10456
4710900,10174
4710916,13239
4711071,7276
4711212,8992
4711450,8405
4711566,9569
4711730,9706
4711894,9743
4711970,6973
4712211,7152
4712448,8003
4713155,9405
4713581,9777
4713602,7347
4714340,7111
4715003,10179
4715061,9146
4715632,6089
4716080,6136
4716912,5530
4717400,5828
4717883,4707
4723959,3596
4724305,5169
4724420,6811
4724922,3178
4725313,6901
4725753,6477
4725883,5431
4726043,6190
4726174,5135
4726711,4782
4726975,5305
4727035,4833
4727540,5876
4728199,3977
4728689,4709
4729003,8234
4729542,4003
4729761,3922
4729992,4171
4731175,5923
4731357,5611
4734529,4618
4734591,6451
4734770,5358
4734971,8881
4735096,5572
4735267,9793
4735430,9247
4735575,7282
4735721,6855
4736182,9051
4736547,8574
4736894,7495
4737137,7781
4737313,8766
4737452,9735
4737830,8538
4738025,8289
4738198,7087
4739632,5975
4739764,6138
4740141,4929
4740706,5095
4741300,5780
4741458,6092
4741943,5300
4742214,5746
4742691,4505
4742737,5028
4743076,4801
4748771,4106
4748968,3535
4749198,3926
4749418,4431
4749667,4034
4751078,4016
4751101,3804
4751258,3971
4751413,4816
4752203,3709
4752359,6096
4752533,7545
4752722,7792
4752862,6547
4753013,4603
4753157,7349
4753274,5456
4753388,6229
4753447,9112
4754878,5407
4756188,6269
4756278,5156
4756549,5100
4756703,5677
4760116,7498
4760444,6649
4760597,7087
4760946,7492
4761045,4155
4761159,5559
4761542,4463
4761933,5914
4762237,5005
4762710,6662
4763198,4231
4764635,5968
4764996,4597
4765394,5017
4765879,4693
4766647,4031
4767717,4901
4767750,3579
4768110,4247
4768519,3663
4768694,3336
4769015,3697
4769304,4749
4769340,5233
4769901,4683
4772006,5030
4772536,4050
4773181,4512
4773358,4193
4773567,4446
4774093,4002
4774861,3920
4775020,3341
4775427,5924
4775658,3617
4775906,4220
4776293,4817
4778915,5945
4779113,4468
4779592,5255
4779743,5306
4779957,5225
4780163,6105
4780363,4745
4780646,6242
4781181,5753
4782226,3667
4782808,4471
4782977,4838
4783121,5256
4783335,4212
4784167,5422
4784196,6589
4784944,8527
4785249,7279
4785334,3915
4785348,5761
4785472,9062
4786232,5902
4786367,5773
4786535,8417
4786972,8969
4787534,7367
4787736,7512
4787876,6771
4787902,6899
4788407,6369
4788584,7445
4788668,6183
4792586,3801
4792611,4648
4792885,4713
4793732,3651
4794501,5268
4795353,6717
4795453,5491
4798098,5928
4798133,6443
4798298,7570
4798415,8300
4798668,5780
4798702,6369
4798854,5714
4799190,6927
4799312,6952
4799824,7443
4799919,5971
4800027,5733
4800064,6940
4800208,3992
4801534,5033
4801705,5289
4801827,5117
4803257,4815
4804366,3529
4807152,3483
4807540,3457
4807683,3904
4808340,3827
4808475,3831
4808619,6341
4808688,4509
4808739,4373
4808828,4507
4808916,4469
4809674,3883
4810002,4348
4810600,5033
4812314,4427
4812633,4070
4814054,5846
4814260,6834
4814412,5408
4814617,5557
4814708,6366
4814923,4303
4817145,4508
4817166,6330
4817293,4764
4817638,4210
4818101,4502
4818474,4073
4818770,3794
4819133,5791
4820338,5724
4821330,5304
4821617,4358
4822096,4252
4822734,3828
4823156,3761
4823809,3432
4824018,6643
4824145,5511
4824341,4316
4824547,5309
4825039,5042
4827402,4268
4827449,5756
4827555,5091
4827857,6214
4828084,5633
4829570,6792
4829623,4616
4830017,4278
4830202,3570
4830247,7166
4830707,4691
4831082,3830
4831424,5568
4831711,4849
4831758,6589
4832224,5324
4835606,4310
4835905,4275
4836660,4878
4837489,5087
4837735,3856
4837869,5164
4838051,4291
4838567,4525
4839009,4365
4839420,4033
4839604,4716
4839756,5837
4839971,5896
4840531,4405
4840678,5276
4840901,6779
4841034,5735
4841245,15456
4843814,11367
4843929,5644
4844069,5193
4844234,6083
4844398,5266
4844526,11049
4844626,13755
4844898,11836
4845013,12338
4846066,11198
4846114,11966
4846203,11203
4846348,10203
4846455,9515
4846736,10355
4847074,4881
4847220,6014
4847908,6834
4848070,5903
4848570,4733
4851039,6004
4851162,5830
4852396,7441
4852647,7136
4852792,6842
4853537,10099
4853818,6410
4853959,5515
4854069,5935
4854255,12300
4854304,11268
4854419,6879
4854556,6796
4854945,5218
4855382,9769
4856001,9834
4857312,9506
4857451,7226
4857571,11381
4857737,8583
4857853,8256
4858575,5899
4858683,7747
4861501,8406
4861670,9733
4861814,8184
4861877,9582
4862043,10549
4862355,11397
4862471,11220
4862524,7595
4864100,7570
4864266,7887
4864757,7447
4865380,8243
4865468,6617
4868102,5077
4868295,7225
4868468,8182
4868928,7655
4869010,3690
4869198,4864
4869412,5321
4869515,4557
4869671,5003
4871825,4815
4874338,3804
4874724,5440
4874974,5025
4875259,6437
4875396,9324
4875398,9258
4875472,8942
4875777,8934
4875937,8025
4876706,9007
4876777,7812
4876868,4075
4877739,5228
4881142,7732
4881298,5399
4881473,4643
4881759,4999
4881831,7984
4882644,4391
4883524,5050
4883680,6138
4883803,6357
4883996,9066
4884120,10500
4884253,8649
4884446,8122
4884683,9769
4884836,7900
4885051,7349
4885170,9025
4885313,8295
4885453,8599
4885559,6495
4885695,7695
4886227,5090
4886412,8294
4886785,7476
4890223,5398
4890247,3776
4890427,4623
4890955,4017
4892018,4058
4892475,4397
4893086,4045
4895546,3335
4896015,3460
4896419,3457
