443,2815
689,2801
878,2862
1163,3439
1415,2794
1598,2802
1948,3033
2284,2873
2444,2802
2502,2917
3448,2788
3628,2845
3862,2831
4456,2873
4757,2890
4778,3165
5075,3126
5550,2853
5556,2990
5772,2840
6339,2915
6566,2858
6791,2787
7421,2982
7777,2789
8029,2784
8372,2943
8503,2922
8825,2921
8987,2858
9403,2930
9553,2886
9767,2773
10513,2844
10693,3001
10935,2857
11417,3011
11575,2952
11964,2845
12006,2956
12518,2803
12713,2825
12788,2900
13522,2883
13784,2793
13952,2839
14581,2881
14756,3017
14937,2992
15141,2904
15441,3009
15657,2947
15809,2961
16503,2817
16717,2904
16921,2802
17548,2887
17872,2917
18129,2917
18150,3031
18551,2936
18754,2930
18922,2873
19445,2797
19707,2788
19918,2799
20567,2884
20874,2837
21511,2922
21559,2968
21809,3033
21876,3009
22011,3022
22477,3155
22670,2827
22843,2885
23539,2870
23844,2781
24672,2832
24715,2933
24982,2783
25112,2965
25455,2885
25622,2878
25883,2909
25896,3002
26548,2802
26754,2908
27629,2964
27899,3002
27912,2918
28209,2971
28469,2955
28604,3084
28886,3094
29039,2903
29493,2834
29748,2795
30735,2823
30997,2926
31007,3219
31280,3183
31521,3102
31816,2971
32072,2960
32243,3141
32462,3018
32665,3087
33645,2787
34054,2791
34407,3136
34619,2816
34874,3008
35132,2993
35145,3200
35571,2863
35585,3134
35849,2976
36564,2792
36936,2784
37525,2886
37639,2888
38004,2841
38229,3024
38443,3085
38712,2903
38940,2944
38985,2908
39596,2866
39807,2818
40551,2808
40716,2852
40969,2819
41353,3007
41715,2912
41728,3044
42034,2900
42202,3009
42607,2937
42812,2840
43503,2834
43694,2805
43888,2839
44463,2979
44735,2928
44929,2962
45149,2980
45360,2987
45745,2911
45759,2904
46437,2787
46645,2794
46861,2976
47571,2821
47786,2843
48010,2838
48249,2831
48470,2914
48802,2817
48850,2902
49452,2902
49670,2790
49932,2844
50489,2866
50766,2797
50971,2927
51202,2918
51505,2919
51736,2836
51912,2936
52489,2798
52694,2802
52906,2805
53649,2925
53696,2972
53994,2956
54216,3029
54666,2830
54680,3022
54947,2921
55425,2810
55621,2807
55835,2862
56770,2853
56793,2923
57098,2986
57524,3065
57634,3167
57851,3099
58008,3232
58515,3265
58536,3271
58802,3187
59809,3091
59821,3179
60190,3381
60695,3706
60930,3954
61083,4198
61523,3842
61930,3827
62083,3551
62116,3528
63026,3160
63237,2921
63703,2803
64488,2839
64981,2789
65465,2937
65478,3183
65838,2991
65860,3115
66022,3099
66328,3025
66354,3235
66604,3227
67458,2791
67893,2847
68493,2796
68803,2920
68971,2967
69190,3139
69524,2894
69687,3008
69727,2960
69927,2976
70456,3078
70831,2816
71421,2786
71809,2885
72037,2810
72506,2984
72524,3223
72854,2825
73021,3025
73049,3030
73669,2839
73744,2978
74406,2786
74832,2839
74995,2850
75578,2834
75874,2943
75914,3161
76198,3002
76323,3063
76638,3022
76844,2853
77439,2913
77777,2784
77971,2809
78536,2793
78905,2788
79210,2995
79471,2992
79499,3047
79827,3012
79993,2946
80493,2926
80686,2835
80900,2934
81414,2816
81821,2828
82372,2999
82664,2952
82699,3063
82940,3134
83147,2927
83606,2912
83626,2921
83943,2880
84366,2830
84733,2854
85502,3017
85747,2988
85904,2990
86179,3019
86343,3116
86662,2935
86687,3025
86920,2885
87301,2956
87720,2972
88605,2947
88840,2980
89033,3084
89289,2855
89700,2904
90117,2864
90302,2877
90449,3134
90634,2860
90834,2861
91682,2997
91948,2925
92255,2870
92330,3011
92699,2832
93085,2909
93684,2786
93928,2859
94177,2963
94455,3073
94766,2879
95022,2949
95283,2907
95464,3044
95654,3111
96078,2908
96604,2852
96871,2895
97332,2890
97641,2786
97804,2890
98579,2833
98599,2961
98736,3040
98929,2991
99210,3037
99895,2853
99936,3068
100331,2833
100546,2879
100827,2830
101548,2879
101724,3011
101876,3007
102143,2858
102476,2866
102829,2792
103129,2821
103342,2864
103562,2894
103794,2768
104509,2880
104828,2911
105096,2915
105109,3219
105486,2913
105738,3037
106036,2850
106409,2925
106651,2863
106822,2905
107519,2874
107842,2987
108138,2919
108474,2916
108605,2958
108880,2841
109047,2823
109438,2957
109857,2777
109922,2982
110485,2943
110929,2886
111161,2891
111490,2913
111702,2894
111951,2804
112167,2894
112517,2951
112749,2830
112991,2799
113527,2800
113943,2838
114172,2926
114502,2995
114703,2877
114884,2977
115184,2887
115556,2899
115774,2796
115938,2908
116417,2802
116878,2885
117190,2811
117678,2844
117693,2928
117967,2968
118176,2914
118668,2895
118680,2984
118943,2822
119358,2793
119887,2827
120120,2780
120710,2791
120920,2926
121173,2843
121197,2966
121752,2796
121850,2972
122062,2859
122337,2867
122804,2827
123028,2911
123630,2880
123935,2963
124147,2836
124325,2968
124645,2966
125020,2847
125033,2985
125312,2855
125772,2793
126023,2789
126610,2785
127065,2903
127086,2995
127439,2921
127736,2991
127993,2906
128252,2810
128477,2944
128664,3017
128916,2870
129479,2808
130059,2893
130221,2947
130457,3038
130823,2897
131043,2829
131205,2904
131512,2933
131786,2836
131923,2843
132418,2783
133041,2867
133299,2840
133642,2919
133852,2940
134001,2930
134230,2926
134558,2906
134749,3006
134911,2860
135325,2816
136037,2813
136287,2776
136649,2944
136890,2928
137102,3004
137311,2982
137591,2905
137944,2963
137966,3023
138306,2946
138940,2849
139165,2902
139722,2912
139948,2824
140196,2810
140418,2818
140627,2966
141084,2879
141106,2974
141372,2803
141921,2853
142189,2780
142721,2788
142930,2808
143137,2827
143424,2781
143682,2786
144061,2871
144326,2768
144387,2905
144872,2819
145080,2830
145636,2817
145864,2815
146086,2841
146564,2815
146606,2886
147030,2895
147244,2887
147549,2862
147820,2825
148034,2830
148541,2859
148776,2873
149024,2842
149482,2885
149646,2819
150048,2807
150255,2880
150536,2836
150773,2845
150984,2845
151521,2850
151773,2809
151990,2833
152454,2789
152676,2902
152987,2872
153284,2835
153493,2972
153746,2822
153951,2774
154457,2875
154708,2836
154953,2824
155474,2850
155703,2873
155984,2854
156244,2829
156553,2933
156827,2818
156841,2942
157467,2946
157676,2852
157901,2772
158417,2888
158674,2883
158935,2863
159167,2846
159623,2832
159782,2939
160000,2828
160617,2788
160826,2859
160988,2827
161440,2855
161683,2831
161925,2822
162137,2835
162543,2832
162822,2776
163090,2818
163515,2813
163767,2874
163945,2823
164421,2814
164637,2862
164863,2858
165088,2847
165456,2977
165690,2915
166010,2917
166460,2920
166727,2922
166939,2822
167493,2882
167666,2921
167841,3052
168056,2837
168591,2917
168760,2899
169011,2818
169476,2824
169858,2855
169871,2940
170475,2916
170722,2888
171099,2826
171242,2957
171601,2876
171811,2970
171977,2821
172430,2908
172921,2856
172944,2947
173482,2935
173711,2869
174026,2913
174335,2978
174611,2899
174933,2810
175105,2848
175498,2824
175874,2853
176038,2782
176512,2815
176711,2888
177026,2809
177420,2820
177648,2807
177866,2923
178077,2952
178442,2803
178921,2789
179090,2887
179549,2837
179759,2927
179964,2825
180596,2886
180618,2956
180897,2847
181165,2847
181375,2872
181831,2925
182098,2780
182511,2819
182771,2820
182984,2793
183700,2786
183805,2977
183917,3125
184149,2896
184480,3139
184845,2869
185052,2777
185420,2916
185739,2907
185917,3044
186610,2841
186873,2938
187199,2843
187443,2923
187914,2832
188072,2887
188399,2965
188475,3019
188788,2903
189049,2862
189584,2893
189899,2908
190138,2897
190463,2866
190875,2824
191085,2774
191474,2887
191590,2974
191959,2819
192165,2950
192584,2900
192912,2847
193139,2840
193416,2785
193796,2784
194006,2794
194464,2818
194699,2790
194903,2868
195200,2949
195617,2908
195886,2819
196102,2836
196447,2916
196702,2822
196899,2938
197367,2857
197602,2889
197869,2843
198306,2881
198613,2871
198828,2835
199078,2820
199462,2899
199674,2782
199939,2874
200362,2846
200621,2838
200834,2844
201304,2853
201619,2784
201802,2925
202004,2864
202603,2863
202633,2936
202912,2767
203340,2890
203561,2952
203812,2832
204526,3111
204544,2988
204926,2872
205094,2990
205554,2961
205721,2902
206053,2856
206333,2795
206682,2791
206865,2866
207662,2799
207897,2863
207910,2952
208186,2911
208620,2889
208788,2890
209039,2861
209247,2890
209559,2798
209865,2803
210586,2955
210946,2903
211174,2972
211204,2996
211601,2953
211811,3048
212041,2818
212276,3061
212495,2966
212758,2895
213630,2887
213974,2898
214334,2845
214385,3195
214688,2882
215009,2786
215176,3110
215426,2956
215639,2862
215785,3012
216651,2881
216956,2929
217406,2931
217726,2780
217905,2884
217911,2994
218458,2916
218627,2902
218643,3093
218893,2795
219665,2889
219973,2890
220597,2977
220611,3059
221000,3022
221013,2894
221513,2911
221622,2973
221910,2853
222075,2877
222692,2789
222941,2796
223765,2862
223993,2889
224113,2826
224416,2916
224546,3096
224737,3048
224903,2976
225076,2904
225569,2891
225858,2983
226711,2882
227016,2816
227055,3003
227465,2879
227729,3008
227981,2907
228145,3015
228248,3292
228672,2809
228924,2912
229717,2843
229954,2832
230184,2830
230466,2775
230848,2801
231032,2848
231379,2953
231654,2820
231667,2977
231967,3012
232650,2858
232875,2856
233111,2860
233423,2906
233779,2820
234002,2831
234423,3000
234631,2855
234801,2979
235067,2977
235643,2809
235853,2829
236095,2911
236431,2952
236709,2978
236963,2829
237592,2867
237609,3144
237874,2845
238176,2862
238545,2907
238785,2880
239096,2792
239514,2808
239772,2802
239978,2783
240583,2851
240871,2793
240964,2875
241186,2936
241582,2799
241790,2846
242014,2839
242406,2959
242704,2778
242885,2872
243520,2977
243773,2846
243980,2931
244247,3077
244504,3083
244731,2950
244957,2852
245579,2865
245591,2962
245854,2883
246712,2870
246724,2963
247015,2777
247417,2944
247881,2855
247913,2937
248100,2904
248540,3052
248693,2814
248895,2976
249671,2831
249836,2778
250082,2812
250453,2864
250838,2860
250995,2965
251200,2862
251709,2819
251715,2926
251968,2777
252602,2787
252768,2831
252994,2828
253420,2795
253782,2876
254153,2885
254165,2981
254626,2848
254869,2839
255028,2857
255476,2851
255721,2813
255946,2829
256488,2807
256751,2802
257140,2821
257417,2785
257612,2935
257803,2907
258008,2845
258418,3048
258648,2837
258909,2882
259382,2853
259685,2871
260045,2886
260469,2896
260680,2929
260833,2923
261046,3019
261617,2845
261651,2923
261884,2786
262385,2835
262645,2872
263060,2838
263451,2977
263712,2983
263890,3098
264153,2857
264567,2945
264793,2841
264953,2772
265336,2794
265624,2782
265979,2828
266558,2953
266819,2910
267142,2828
267188,2932
267610,2846
267826,2851
267985,2927
268412,2789
268538,2950
268932,2789
269598,2845
269830,3021
270102,2849
270301,2916
270561,2884
270828,2885
271050,3003
271313,2901
271611,2850
271844,2816
272565,2796
272937,2796
273146,2800
273485,2890
273654,2852
273836,2901
274175,2834
274351,3077
274593,2925
274790,3013
275451,2785
275872,2789
276069,2774
276510,2878
276719,2832
276928,2825
277139,2883
277623,2868
277636,2893
277901,2955
278381,2833
278751,2851
278944,2806
279524,2879
279693,2838
279875,2903
280144,2857
280660,2825
280674,2909
280991,2915
281330,2843
281735,2793
281901,2847
282496,2936
282706,2792
282913,3079
283123,2863
283576,2847
283681,2971
284005,2882
284462,2855
284652,2817
284853,2844
285595,2895
285822,2890
286129,2814
286320,2866
286565,2892
286783,2876
287012,2942
287406,2807
287620,2812
287830,2826
288619,2823
288838,2847
289070,2844
289370,2790
289579,2892
289783,2851
290038,2888
290356,2801
290553,2934
290779,2847
291530,2889
291784,2848
292012,2873
292455,2870
292594,2832
292809,2839
293034,2898
293303,3033
293576,2931
293790,2872
294550,2894
294756,2843
295007,2827
295511,2863
295757,2905
295773,3043
296023,3093
296491,2949
296756,2937
296771,2915
297548,2801
297756,2795
297964,2825
298498,2979
298779,3010
298935,3011
299245,2816
299527,2973
299907,2896
300051,2850
300503,2828
300708,2931
300920,2821
301564,2890
301887,2909
302158,2893
302172,3289
302631,2872
302886,2960
303097,2932
303464,2846
303725,2814
303935,2837
304579,2881
304881,2841
305180,3231
305663,2841
305684,2956
305943,2871
306195,2887
306445,2921
306661,3008
306896,2890
307547,2889
307853,2779
308501,2819
308746,2786
308910,2943
308949,3062
309177,3060
309498,2963
309777,2982
309942,2915
310565,2903
310756,2822
311408,2844
311632,2886
311952,2798
312143,2837
312559,2896
312573,2977
312849,2967
313056,2916
313587,2838
313711,2860
314402,2846
314644,2971
314880,2841
315106,2985
315580,2826
315799,2911
315961,2803
316186,3061
316569,2799
316735,2782
317438,2785
317708,2883
317925,2946
318182,2944
318536,2881
318882,2819
318927,2906
319364,2904
319606,2971
319619,2900
320459,2945
320730,2822
320958,2835
321257,2933
321581,2959
321820,2868
321982,2805
322413,2843
322692,2783
322860,2811
323505,2791
323689,2829
323915,2831
324308,2882
324639,2870
324893,2827
324906,2916
325443,2909
325615,2841
325763,2958
326382,2872
326614,2980
326848,2800
327343,2875
327638,2913
327850,2844
328063,2932
328550,2825
328596,2878
328831,2822
329421,2905
329725,2814
329776,2855
330321,2876
330648,2905
330828,2872
331081,2789
331568,2796
331745,2894
331909,2826
332449,2918
332751,2812
332794,2869
333331,2875
333641,2900
333852,2994
334009,2799
334562,2840
334829,2823
334842,2946
335472,2905
335762,2828
335776,3080
336321,2950
336678,2843
336977,2862
336990,3004
337539,2929
337776,2843
337925,2953
338463,2938
338689,2866
338986,2835
339615,2879
339785,3019
339963,2991
340086,3020
340692,2908
340712,2988
340983,2911
341539,2808
341656,2966
341917,3003
342576,2876
342909,2892
343090,2888
343241,2911
343716,3234
343849,2801
344055,2852
344441,3012
344756,2821
345006,2807
345582,2874
345887,2933
346098,2836
346292,3117
346780,2854
347078,2962
347092,3050
347590,3015
347795,2850
347955,3013
348547,2845
349029,2817
349043,2898
349507,2856
349767,2821
350132,2854
350352,3009
350724,2831
350732,2973
351097,2846
351531,2932
352039,2811
352205,2881
352485,2953
352711,2825
353070,2788
353469,2898
353683,2912
353829,2924
354080,2832
354567,2791
354957,2848
355192,2844
355534,2822
355804,2789
355999,2812
356461,2947
356695,2973
356880,3085
357037,2936
357449,2981
357903,2852
358132,2886
358494,2842
358720,2824
358934,2831
359531,2945
359799,2898
360118,2899
360165,3183
360609,3043
360880,2892
361140,2906
361461,2819
361666,2834
361889,2846
362569,2845
362802,2875
363110,2793
363480,2966
363737,2813
363952,2817
364183,2869
364412,2925
364622,3048
364858,2815
365536,2852
365804,2818
366005,2841
366635,2875
366877,2899
366905,3013
367164,3069
367499,3230
367885,2943
368027,2895
368479,2977
368709,2903
368943,2823
369647,2939
369900,2790
370048,2922
370391,2992
370815,2827
371076,2834
371089,2963
371602,2867
371749,2828
371934,2772
372686,2785
372892,2798
373102,2804
373474,2847
373772,2940
374035,2815
374187,2785
374662,2811
374873,2825
374920,2884
375611,2801
375817,2811
376006,2841
376426,2810
376799,2906
377107,2820
377135,2873
377609,2921
377918,2875
377940,2883
378543,2813
378746,2820
378967,2838
379415,2795
379834,2914
380120,2842
380307,2926
380624,2951
380962,2833
380989,2900
381451,2880
381681,2847
381937,2813
382451,2788
382851,2826
383100,2819
383434,3028
383706,2908
384003,2916
384059,3122
384465,2884
384651,2823
384876,2774
385390,2794
385763,2882
386017,2772
386567,2876
386746,2814
387005,2813
387494,2958
387662,2939
387867,2889
388033,2895
388344,2864
388770,2793
388933,2851
389533,2798
389744,2842
389950,2856
390585,2820
390764,2901
391027,2907
391042,3032
391409,2933
391697,2878
391907,2889
392455,2866
392709,2825
392928,2835
393492,2931
393797,2972
394067,2960
394247,2988
394485,2976
394697,2956
394920,3040
395473,2856
395692,2942
395895,2793
396549,2883
396858,2887
397157,2807
397376,2995
397581,2991
397798,2876
398044,2886
398463,2896
398807,2785
398973,2855
399522,2888
399870,2812
400086,2816
400500,2888
400697,2948
400914,2840
401075,2941
401456,2930
401696,2993
401962,2832
402536,2866
402805,2818
403023,2820
403475,2929
403846,2819
403858,3115
404144,2940
404515,2861
404775,2848
404985,2927
405494,2859
405724,2838
405977,2778
406529,2945
406798,3021
407062,3020
407299,2840
407507,2930
407746,2851
407998,2852
408643,2838
408816,2786
408904,2887
409600,2881
409909,2952
410233,3271
410327,2963
410569,3081
410770,3182
410981,2933
411571,2904
411775,2859
411922,2846
412580,2792
412993,2781
413376,2947
413608,3128
413789,3060
414051,2900
414215,2926
414620,2846
414853,2777
415069,2867
415493,2866
415863,2824
416450,2783
416823,2813
417039,2847
417209,3273
417490,2893
417731,3027
417738,3169
418030,2988
418466,2904
418830,2782
419335,2788
419775,2841
420009,2775
420470,2786
420684,3138
420892,2903
421073,3029
421235,2965
421506,2973
421719,2994
422254,2822
422701,2813
422912,2905
423646,2976
423926,2963
423972,3066
424196,3133
424542,2976
424578,3053
424845,3075
425161,3020
425647,2838
425906,2841
426719,2990
426990,2942
427174,3066
427444,3090
427725,2982
427746,3112
428013,2998
428307,2869
428579,3073
428840,2839
429813,2835
430069,2959
430364,2818
430628,2998
430844,2993
431003,2992
431329,2878
431490,2963
432019,2837
432036,2923
432739,2839
433129,2850
433342,2777
433750,2945
433962,2915
434137,2978
434395,2946
434585,2859
435040,2784
435256,2824
435702,2799
436069,2801
436422,2794
436798,2800
437007,2967
437242,2932
437467,2984
437697,2999
437952,2895
438204,2863
438589,2825
439001,2881
439481,2849
439701,2778
440067,2924
440324,2907
440533,2864
440784,2892
440976,2895
441190,2927
441500,2896
442005,2810
442415,2781
442603,2780
443076,2984
443474,2900
443507,3169
443771,2868
443978,2978
444250,2916
444546,2854
444902,2787
445336,2783
445500,2782
446148,2884
446504,2955
446784,2837
446807,2954
447050,2894
447292,2954
447522,2954
447818,2951
448210,2862
448484,2809
449165,2883
449544,2894
449746,2955
449914,2872
450088,2986
450386,3022
450601,2886
450855,2905
451206,2853
451426,2905
452142,2795
452572,2945
452879,2897
452894,3018
453175,3031
453579,2938
453593,3072
453915,2904
454182,2918
454454,2979
455058,2799
455604,2982
456006,2946
456019,3226
456331,3509
456646,2930
456916,3017
456929,3426
457191,2966
457579,3023
457959,2925
458726,2886
459077,2786
459350,2949
459673,2891
459936,2972
460140,2952
460432,2934
460516,3118
460718,2950
460971,2858
461714,2867
461995,2773
462420,3057
462688,2893
463164,2888
463179,2990
463464,3022
463768,3024
463931,2882
463963,3045
464675,2905
464896,2973
465678,2826
465690,2913
466162,3000
466330,3077
466613,3032
466946,2861
467095,2863
467329,2958
467701,2800
467959,2782
468737,2844
468752,2956
469312,2791
469545,2945
469772,2942
469939,2918
470101,2987
470428,2897
470643,2936
470841,2894
471729,2791
471947,2872
472231,2989
472582,2947
472807,2944
473013,2967
473220,3017
473448,3067
473670,2941
473893,2816
474655,2885
474943,2778
475365,2878
475659,2829
475875,2879
476106,2869
476347,3033
476790,2819
476817,2927
476955,2935
477650,2788
477845,2777
478469,2787
478640,2838
478882,2814
479097,2925
479502,3015
479726,2947
479887,2900
480091,2997
480533,2852
480735,2943
481569,2848
481818,2864
481853,2985
482126,2857
482616,2955
482872,2809
483071,2769
483223,3122
483511,2922
483781,2922
484552,2941
484805,3005
484931,3048
485210,2870
485666,2885
485940,2815
485946,2905
486525,2842
486540,2928
486805,2842
487594,2886
487900,2911
488173,2921
488186,2907
488683,2970
488921,3038
489085,2832
489458,2934
489558,3097
489807,2937
490585,2885
490919,2965
491328,2862
491341,3161
491794,2844
492073,2823
492094,3022
492487,2900
492766,3027
493005,2876
493602,2785
493969,2880
494331,2788
494588,2911
494799,2815
495030,2865
495240,2901
495511,2927
495981,2827
496027,2878
496530,2842
496977,2857
497245,2842
497668,2890
497878,2919
498025,2995
498270,3079
498529,2913
498998,2893
499011,3025
499507,2858
499922,2910
500193,2938
500692,2827
500924,2975
501142,2936
501654,2971
501866,2865
502025,2963
502240,3095
502510,2976
502961,2787
503214,2795
503616,2803
504003,2821
504208,2804
504820,2841
504841,2910
505117,3100
505470,2914
505590,3086
505884,3094
506134,2856
506545,2836
506909,2896
507146,2786
507898,2818
507920,3099
508500,2884
508507,3206
508809,2960
509143,2965
509350,3133
509516,2914
510026,2896
510039,2981
510849,2788
511099,2804
511540,2890
511849,2989
511893,3043
512199,3045
512564,2892
512603,2949
513111,2834
513125,2910
513736,2867
514030,2819
514558,2824
514947,2880
515076,2869
515398,2873
515668,2900
515829,2933
516105,2846
516282,3090
516711,2868
516957,2848
517469,2788
517932,2793
518100,2935
518399,2845
518653,2954
518897,3021
519088,2833
519500,2856
519702,2921
519927,2855
520442,2784
520810,2883
521141,2850
521458,2963
521752,2888
522131,2937
522146,3032
522470,3003
522761,2898
522923,2908
523336,2830
523828,2879
524114,2785
524515,2857
524738,2772
525177,3063
525329,3227
525571,3086
525748,3170
525950,3098
526255,2911
526801,2887
527021,2899
527472,2848
527673,2778
528392,2937
528748,2868
528876,3039
529224,3463
529257,2957
529413,2985
529784,3011
530025,2948
530417,2929
530586,2909
531453,2891
531744,2832
532000,2943
532515,2916
532562,2968
532785,2953
532928,2956
533141,3029
533479,2998
533644,2943
534448,2902
534665,2828
535076,2830
535614,2934
535833,2823
535997,3124
536018,3214
536254,3082
536585,2959
536792,3059
537470,2831
537635,2772
537988,2830
538748,2827
538761,2910
539226,2919
539540,2928
539666,2905
539711,3067
539944,2930
540488,2800
540653,2869
540948,2800
541762,2828
541776,2912
542248,2831
542559,2952
542765,3044
542994,2794
543154,2998
543439,2915
543650,3017
543848,2843
544764,2792
544963,2832
545213,2976
545633,2909
545971,2838
545977,2969
546243,2969
546493,2999
546896,2895
547023,2864
547695,2817
547919,2777
548314,2885
548639,2996
549044,2941
549057,3271
549451,2795
549622,2913
549875,3121
550089,2853
550622,2930
550828,2823
551349,2783
551758,2887
552106,2919
552468,2937
552664,3008
552832,2993
553111,2884
553356,2996
553640,2971
553849,2813
554220,2865
554745,2808
555114,2800
555500,2905
555811,2824
555951,2895
556165,2924
556442,2889
556736,2816
556823,2941
557209,3008
557638,2857
558042,2845
558535,2823
558760,2854
558967,2845
559206,2852
559449,2892
559679,3094
559882,2779
560315,2833
560618,2780
560976,2824
561468,2863
561711,2836
561939,2852
562191,3111
562564,3209
562778,2833
562962,2961
563294,2860
563523,2860
563925,2788
564457,2910
564668,2845
564913,2834
565390,2894
565717,2896
565906,2908
566067,2986
566291,3035
566507,2982
566838,2841
567461,2784
567648,2830
567848,2774
568389,3013
568701,2851
568940,2923
569179,2926
569419,2947
569617,2839
569803,2939
570512,2823
570790,2832
570821,3095
571499,2857
571705,3023
571956,3034
572223,3094
572539,2963
572559,3054
572838,3047
573466,2970
573755,2798
574002,2820
574556,2798
574821,2786
575119,2881
575441,2974
575642,2925
575869,2863
576022,2923
576535,2907
576744,2829
576953,2771
577478,2863
577730,2774
578089,2819
578558,2798
578663,2955
579051,2778
579223,2852
579568,2907
579852,2793
580026,2927
580437,2853
580637,2800
580992,2882
581450,2852
581718,2832
581942,2856
582177,2908
582618,2875
582785,2822
583040,2925
583530,2942
583552,3026
583964,2932
584394,2952
584642,2894
584909,2851
585180,2812
585588,2802
585755,2872
586052,2841
586587,2876
586730,2988
587030,2830
587472,2867
587668,2982
587901,2866
588112,2776
588478,2900
588724,2837
589028,2770
589550,2793
589866,2901
589965,2903
590481,2855
590741,2886
590993,2829
591006,2911
591514,2939
591683,2848
591927,2859
592438,2785
592854,2804
593014,2821
593460,2868
593718,2982
593935,2918
594143,2910
594609,2924
594636,3001
594893,3002
595439,2900
595748,2814
595970,2815
596413,2791
596834,2920
597003,3017
597211,2855
597724,2802
598018,2778
598183,2892
598464,2873
598690,2858
599059,2882
599488,2866
599841,2912
600120,2929
600304,2881
600635,2898
600909,2941
601190,2859
601458,2844
601677,2917
602030,2827
602472,2816
602887,2784
603138,2796
603388,2963
603632,3036
603973,2795
604183,2999
604430,3053
604681,2910
604986,2806
605373,2800
605769,2878
606065,2952
606478,2811
606796,2795
606912,2966
607314,2780
607572,2901
607744,2863
607953,2924
608305,2864
608735,2828
609115,2866
609418,2977
609715,2956
609966,2845
610193,2918
610588,2788
610750,2857
610978,2851
611257,2811
611693,2782
612068,2780
612508,2782
612775,2784
612946,2885
613235,2877
613502,2910
613722,2984
613950,2859
614189,2980
614563,2899
614974,2790
615472,2866
615688,2865
615962,2871
616236,2833
616540,2927
616792,2889
617007,2975
617286,2961
617598,2886
617886,2953
618460,2883
618680,2874
618957,2831
619191,2854
619589,2903
619804,2814
620073,2877
620445,2909
620673,2824
620943,2821
621434,3019
621656,2900
621884,2957
622179,2893
622585,2819
622751,2842
623036,2820
623481,2836
623638,2934
623856,2866
624649,2881
624667,2959
624939,2964
625175,2934
625517,2851
625724,2940
625998,2903
626403,2805
626704,2785
626871,2833
627734,2827
627755,2907
627996,2982
628493,2915
628534,3315
628845,2781
629036,3116
629360,3066
629614,3031
629828,2927
630748,2811
630962,2907
631127,2847
631716,2790
631976,2784
632247,2908
632474,2909
632522,3023
632742,2904
632928,2849
633695,2788
633953,2782
634162,2791
634641,2833
634885,2768
635437,2945
635611,2891
635851,2888
635898,2927
636055,3039
636579,2887
636872,2804
637072,2833
637562,2827
637761,2924
638482,3123
638654,3051
638909,2919
638931,2997
639229,2972
639556,2955
639767,2996
640004,3044
640521,2960
640770,2813
641797,2845
642011,2989
642077,3264
642343,2900
642358,3140
642639,3140
642885,3005
643137,3049
643582,2879
643747,3008
644729,2780
645131,3034
645393,3055
645608,3086
645645,3264
645876,3181
646077,3128
646346,3079
646594,3042
646839,2998
647633,2781
648248,2843
648565,2845
648819,2999
649038,3047
649179,3063
649404,3158
649573,3124
649762,3044
649960,2955
650503,2861
651222,2966
651542,2797
651924,2978
652216,2842
652440,3118
652706,3020
653002,2872
653008,3090
653167,3073
653492,2872
654375,2784
654597,2781
654990,2837
655193,2931
655697,2970
655816,2957
656088,2964
656339,2888
656547,2897
656636,3025
657437,2796
657521,2885
657953,2891
658207,2893
658764,2793
658931,2993
659152,2935
659494,2873
659526,3019
659748,2933
660520,2840
660533,3085
660932,2843
661235,2826
661641,2918
662020,2785
662224,3217
662485,2901
662662,2881
662822,3045
663446,2846
663748,2786
663912,2891
664166,2954
664686,2852
664927,2772
665556,2886
665628,2830
665763,2811
666006,2872
666386,2950
666634,2893
666897,2953
667218,2858
667644,2797
667826,2790
668685,2998
668704,2878
668876,2993
669085,2947
669591,2922
669614,2991
669989,2800
670198,2908
670532,2836
670747,2932
671675,2829
671816,2902
672017,3005
672183,2851
672732,2987
672952,2886
673209,2886
673451,2908
673496,3049
673778,2864
674610,2926
674854,2895
675172,3202
675488,2800
675811,2849
675979,2900
676221,3316
676485,2907
676727,2823
676756,3010
677630,2850
677872,2775
678375,2789
678583,2798
678796,2810
679003,2823
679687,2789
679864,2978
679871,2826
680094,3052
680581,2856
680794,2947
681319,2788
681507,2823
681733,2831
681947,2834
682562,2949
682797,2991
682973,3097
683233,3119
683576,2821
683827,2786
684206,2933
684446,2910
684703,2796
684904,2765
685634,2962
685910,2903
686162,2901
686602,2803
686750,2922
686771,2909
687507,3040
687862,2849
687881,2981
688012,2950
688701,2840
688950,2826
689187,2885
689496,2909
689830,2797
689997,2844
690678,2935
690855,2872
691100,2905
691114,3061
691638,2867
691904,2882
692206,2949
692529,2820
692753,2821
692964,2829
693717,2789
693881,2996
694106,2869
694455,2793
694642,2887
694882,2806
695253,3205
695659,2845
695906,2908
695949,2851
696599,2787
696965,2839
697174,2920
697386,2967
697657,2866
697821,2857
698618,2942
698642,3023
698955,2902
698986,3067
699517,2991
699927,2790
700184,2996
700450,2999
700661,2860
700873,2821
701646,2972
701777,2957
702042,2848
702226,3085
702627,2828
702842,2910
703346,3022
703604,3253
703820,2868
703873,2938
704720,2810
704839,2960
705104,3005
705412,2921
705586,2873
705833,2832
706519,2883
706799,2771
706990,2793
707153,2846
707618,2845
707944,2788
708199,2930
708439,2941
708651,2859
708815,2840
709494,2838
709704,2798
709918,2855
710124,2943
710585,2868
710857,2773
711254,2899
711505,2872
711910,2779
712058,2854
712486,2936
712656,2932
712901,2842
713158,2809
713551,2842
713761,2770
714241,2940
714602,2807
714826,2805
715035,2831
715515,2886
715736,2871
715950,2804
716115,2804
716486,2927
716662,2846
717307,2821
717539,2831
717761,2837
717990,2827
718531,2876
718735,2938
719029,2828
719074,3082
719649,2927
719677,2896
720229,2885
720467,2870
720735,2800
720942,2884
721496,2866
721809,2927
721986,2850
722244,3091
722728,2786
722898,2882
723202,3236
723494,2885
723702,2837
723950,2772
724462,2892
724824,2822
725038,2914
725469,2861
725641,2859
725899,2821
726559,2887
726733,2880
726929,2859
726962,3042
727470,3025
727781,2779
728045,2793
728433,2803
728637,2809
728841,2789
729570,2874
729762,2896
729975,2994
730150,2933
730670,2916
730683,3020
730932,2885
731448,2884
731724,2868
731737,3002
732543,2929
732802,3051
733060,2910
733246,2821
733687,2857
733830,2885
733958,2922
734571,2799
734731,2783
734934,2828
735565,2802
735949,2827
736197,2802
736321,2972
736641,2933
736864,2780
737028,2865
737474,2860
737646,2983
737886,2838
738490,2843
738865,2869
739097,2858
739725,2825
739767,3039
739985,2946
740150,2909
740461,3003
740716,2790
740866,2821
741435,2812
741872,2832
742079,2779
742638,2848
742899,2838
743069,2838
743566,2794
743770,2777
743847,2883
743925,3096
744413,3048
744808,2789
744993,2885
745609,2940
745880,2786
746000,2776
746458,2935
746652,3002
746865,3059
747109,3121
747697,2830
747712,2956
747972,2914
748756,2786
748874,2934
748919,2866
749496,2980
749765,2819
750013,2890
750369,2981
750666,2949
750870,2849
751035,2950
751635,2882
752001,2818
752125,2798
752566,2906
752775,2996
753035,2832
753436,2940
753816,2845
753831,2985
754082,2883
754652,2927
754913,2935
755122,2858
755608,2894
755859,2772
756001,2821
756502,2966
756784,2900
757050,2938
757282,2959
757672,2788
757999,2831
758204,2801
758593,2884
758808,2776
758972,2885
759561,2848
759816,2801
760074,2845
760439,2887
760563,2877
760929,2821
761135,2819
761679,2828
761692,2905
761955,2896
762542,2800
762741,2836
763004,2919
763427,2799
763574,3042
763887,2842
764077,2793
764654,2812
764944,2888
764957,2972
765586,2883
765757,2988
766012,2892
766443,2811
766729,2846
766947,2768
767149,2847
767553,2829
768084,2843
768101,2952
768574,2832
768842,2793
769041,2884
769562,2877
769805,2876
769818,3000
770101,2875
770512,2818
771117,2790
771308,2819
771515,2850
771768,2870
772048,2828
772562,3027
772808,2970
772954,2969
773128,3113
773575,2841
774040,2822
774476,2904
774706,2960
774962,2973
775121,2807
775690,2909
775909,2899
776076,3016
776366,2850
776544,2841
776961,2785
777485,2931
777766,2881
778079,2786
778248,2851
778726,2894
778950,2919
779182,2916
779450,2986
779659,2831
779881,2776
780504,2865
780745,2855
780981,2850
781232,2823
781709,2878
781964,3012
782237,2914
782536,2849
782844,2882
783013,2888
783504,2909
783726,2832
783954,2843
784158,2861
784701,2781
785072,2809
785531,2860
785556,2973
785829,2821
786030,2902
786507,2943
786714,2802
786934,2846
787144,2906
787568,2836
788013,2794
788533,2854
788766,2882
788801,2995
789046,2905
789596,2952
789634,3016
789885,2879
790177,3000
790529,2871
790900,2789
791518,2938
791775,2896
792032,2817
792248,2871
792740,2788
792951,2917
793115,2947
793334,3033
793521,2962
793828,2861
794554,2963
794792,2824
794989,2887
795246,2886
795652,2922
795962,2936
796181,3145
796460,2983
796672,2844
796835,2781
797645,2882
797963,2821
797985,2938
798239,2863
798673,2876
799031,2776
799536,3083
799727,2782
799808,2914
799893,2912
800662,2938
800908,3005
801066,3014
801244,2931
801636,2946
801904,2862
802608,2950
802886,2977
802935,3039
803100,2968
803692,2911
804008,2910
804326,2882
804404,3034
804680,2894
804881,2976
805693,2924
805949,2824
806203,2857
806213,2991
806699,2932
807055,2903
807511,2858
807681,2997
807719,2848
807950,2992
808754,2801
808926,3014
809185,2859
809359,3017
809735,2887
810045,2809
810502,2985
810772,2975
810779,2954
811080,2821
811650,2844
812129,2830
812151,2914
812496,2889
812710,2934
812953,2982
813577,2975
813979,2882
814125,2854
814148,3050
814620,2820
815149,2898
815482,2994
815488,3075
815773,3092
816021,2850
816687,2783
816947,2895
817161,2782
817347,2839
817570,2941
818182,2790
818703,2863
818758,2901
819041,2906
819070,3139
819561,3090
820037,2974
820051,3059
820371,2856
820636,2919
821058,2843
821760,2976
821770,3058
822042,3049
822431,2866
822736,2860
823205,3260
823389,2786
823460,2873
823732,3060
824002,2889
824910,2820
824938,2897
825191,2824
825426,3063
825686,2795
826298,2861
826462,3102
826624,3038
827030,2902
827225,2931
827926,2937
828137,2840
828320,3060
828627,2849
828676,2993
829252,2821
829749,2858
829771,2939
830032,2844
830438,2798
830995,2898
831223,3123
831499,3027
831792,2884
831955,2839
832197,2870
832800,2847
833011,2886
833175,2925
833391,2832
834017,2792
834506,2831
834630,2978
834883,2860
835036,3013
835415,2935
835771,2977
836022,2921
836363,2816
836531,2916
836908,2794
837435,2810
837840,2833
837853,2917
838165,3007
838500,2908
838844,2839
839054,2972
839424,2773
839588,2842
839824,2867
840396,2780
840900,2937
840908,3048
841293,2926
841531,2989
841818,2872
842117,2924
842523,2890
842560,2971
842794,2982
843310,2885
843933,2779
844094,2842
844346,2993
844615,2849
844848,2829
845126,2990
845517,3005
845673,3248
845864,2837
846435,2787
846803,2856
847032,2772
847551,2918
847767,2875
847930,2841
848204,2857
848619,2805
848842,2809
849046,2901
849370,2793
849790,2796
850007,2778
850602,2856
850785,2942
851007,2983
851207,2951
851555,2838
851784,2879
852085,2804
852307,2808
852706,2814
852908,2770
853547,2805
853825,2782
854084,2806
854319,2826
854525,2864
854787,2830
855009,2844
855239,2835
855610,2900
855817,2803
856484,2882
856736,2872
856998,2916
857253,2851
857492,2873
857762,2828
857998,2824
858222,2934
858649,2804
858849,2809
859460,2886
859701,2877
860006,2827
860235,2861
860492,2973
860714,2844
860944,2906
861245,2924
861586,2889
861778,2815
862489,2860
862687,2880
862943,2876
863229,2990
863655,3004
863668,2998
863951,3107
864308,2852
864561,2813
864772,2900
865481,2863
865689,2847
865942,2819
866481,2918
866815,2802
866883,2953
867507,2843
867513,2940
867678,3266
867870,2979
868442,2978
868650,2901
868901,2789
869517,2829
869738,2806
869959,2808
870509,2866
870681,2807
871035,2925
871048,3000
871520,2873
871689,2883
871853,2997
872464,2972
872672,2824
872874,2918
873461,2782
873678,2791
874192,3012
874220,3321
874665,2993
874672,3127
874952,2988
875627,2824
875656,2888
875879,2920
876490,2814
876710,2782
877361,2789
877626,2969
877800,3062
878040,2937
878055,3070
878630,2833
878653,3121
878897,2971
879401,2900
879626,2848
880285,2783
880682,2880
880958,2861
881306,3020
881441,2982
881603,3039
881983,2971
882029,3027
882395,3034
882733,2825
883172,2847
883691,2846
883962,2860
884417,2930
884623,3018
884788,2970
885042,2989
885164,3082
885600,2957
885746,2882
886113,2859
886648,2809
886949,2777
887477,2778
887740,2829
887952,2830
888167,2936
888396,2954
888695,2809
888859,2903
889094,2898
889583,2862
889851,2778
890381,2863
890663,2804
890888,2876
891193,2966
891592,2890
891625,2964
891863,3045
892087,2822
892548,3156
892765,2783
893380,2797
893591,2930
893886,2806
894313,2936
894673,2928
895013,2787
895237,3202
895435,2991
895687,2952
895897,2784
896296,3137
896619,2848
896823,2940
897376,2879
897724,2798
897921,2819
898711,2847
898733,2963
899027,2946
899183,3038
899592,2887
899858,2927
899870,2895
900368,2876
900656,2846
900863,2853
901684,2789
901858,2835
902097,2938
902329,2873
902614,2972
902905,2895
903073,2960
903421,2938
903638,2852
903840,2776
904598,2817
904816,2871
905306,2928
905331,3005
905708,2832
905928,2842
906155,2918
906445,2999
906695,2903
906878,2861
907552,2851
907808,2766
908440,2806
908606,2915
908683,2996
908895,3073
909207,2960
909574,2926
909718,2823
909938,3055
910499,2868
910714,2775
911358,2979
911653,2931
911808,3088
912055,2941
912333,2998
912665,2845
912830,2784
913080,2819
913582,2831
913595,2910
914437,2963
914725,3144
914996,2779
915123,2987
915430,2953
915695,2918
915724,3040
916033,2865
916638,2852
916666,2913
917492,2993
917868,2863
918094,2870
918270,2987
918512,3046
918736,2934
918887,3210
919105,2831
919674,2857
919686,3007
920618,2843
920859,2974
921093,2847
921491,2942
921760,2897
921929,2880
922080,2864
922298,2948
922620,2929
922821,2867
923550,2853
923926,2798
924135,2784
924567,2897
924778,2902
924949,3016
925196,2946
925384,2997
925635,2846
925813,2981
926497,2886
926830,2820
927056,2809
927593,2797
927802,2837
928051,2848
928307,2889
928580,2888
928628,2933
928895,2882
929521,2850
929774,2819
929989,2822
930504,2865
930728,2862
931038,2921
931357,3022
931593,3075
931715,2913
931930,2847
932496,2823
932702,2821
932916,2776
933458,2995
933689,2860
934089,2860
934508,2933
934801,2914
934871,2817
935001,2894
935605,2807
935876,2851
935889,2994
936662,2788
936824,2855
937090,2802
937532,2976
937847,2771
938010,2893
938036,3129
938503,2888
938824,2790
939014,2881
939578,2817
939801,2835
940024,2829
940712,2978
940725,3055
940994,3099
941307,2922
941515,2954
941727,2908
941982,2837
942490,2948
942770,2889
942976,2836
943880,2832
943894,2984
944234,3126
944614,2908
944998,2889
945157,2986
945171,3267
945538,3127
945759,2963
945946,2879
946801,2790
947009,2776
947497,2815
947661,2844
947978,2941
948242,3221
948530,3017
948909,2925
948951,2879
949154,2890
949679,2876
949915,2779
950406,2807
950642,2774
951005,2809
951634,3049
951662,3123
951986,2887
952153,2852
952176,3145
952657,2887
952822,2990
953316,2902
953538,2783
953950,2851
954867,2975
955121,3033
955185,3205
955327,3222
955632,3063
955645,3070
955912,2924
956436,2905
956449,3138
956900,2938
957994,2788
958242,3216
958527,3026
958926,3249
958939,3618
959065,3005
959418,3438
959670,3143
959736,3324
959966,2986
960907,2790
961687,2841
961700,2940
962282,2952
962645,3058
962667,3125
963017,3044
963130,2866
963242,3316
963524,3091
963839,3170
964633,2878
964801,3006
965389,2785
965858,2871
966091,2785
966520,2907
966642,2920
967143,2855
967179,3146
967348,3254
967645,2941
967891,2890
968317,2820
968824,2854
969001,2772
969627,2822
969654,2902
970095,2924
970431,2964
970724,2944
970893,2914
971099,2859
971387,2849
971872,2860
971919,2899
972642,2791
972853,2844
973105,2858
973506,2838
973766,2895
973941,2880
974101,3026
974456,2801
974880,2811
975049,2925
975527,2888
975792,2838
976054,2788
976437,2898
976763,2914
976959,2878
977214,2860
977420,2930
977815,2810
978062,2784
978549,2806
978755,2804
978967,2814
979458,2886
979764,2815
979956,2968
980213,2915
980435,3056
980732,2870
980981,2900
981451,2836
981664,2841
981915,2807
982505,2815
982712,2870
983009,2827
983226,2879
983703,2838
983717,2957
983980,2927
984418,2799
984628,2852
984844,2941
985409,2915
985679,2880
986001,2847
986215,3138
986646,2912
986885,2838
987055,2940
987425,3048
987619,2888
987868,2822
988454,2992
988683,2879
988967,2949
989439,2943
989661,2873
989868,2878
990128,2889
990631,2780
990795,2765
990949,2950
991536,2921
991753,2785
992005,2823
992518,2893
992682,2837
992883,3029
993120,2891
993519,2912
993734,2857
993988,2906
994635,2903
994656,2985
994961,2785
995572,2876
995743,2927
995998,2826
996201,2912
996537,2802
996727,2831
996978,2877
997730,2789
997829,2949
998019,2819
998541,2936
998771,2976
998961,2893
999238,3089
999484,2956
999689,2901
999946,2983
1000611,2885
1000956,2781
1001120,2849
1001571,2791
1001946,2819
1001959,2904
1002436,2817
1002598,2958
1002764,2853
1003027,2780
1003623,2847
1003847,2840
1004072,2836
1004446,2900
1004891,2813
1005104,2874
1005387,2939
1005673,2846
1005871,2946
1006037,2800
1006563,2845
1006776,2851
1007004,2841
1007477,2887
1007824,2914
1008097,2876
1008453,2908
1008643,2908
1008970,2876
1009019,2964
1009545,2821
1009749,2820
1009967,2819
1010454,2782
1010837,2873
1011075,2902
1011562,2798
1011753,2902
1011968,2843
1012144,2927
1012496,2959
1012698,2889
1012910,2932
1013331,2877
1013806,2795
1014079,2774
1014491,2971
1014779,2789
1014939,2903
1015167,2894
1015567,2904
1015739,2971
1015934,3048
1016477,2913
1016730,2844
1016973,2835
1017557,2797
1017769,2794
1017971,2824
1018186,2842
1018558,2907
1018815,2846
1019112,2785
1019523,2805
1019709,2810
1019936,2814
1020500,2861
1020706,2959
1020917,2854
1021176,2939
1021589,2786
1021787,2842
1022020,2833
1022413,2843
1022658,2824
1022883,2820
1023492,2815
1023753,2926
1023972,2819
1024206,3017
1024545,2857
1024763,2855
1024977,2813
1025406,2896
1025608,2809
1025826,2867
1026396,2788
1026891,2834
1026905,3084
1027395,2903
1027606,2909
1027885,2847
1027898,2923
1028525,2835
1028570,2907
1028790,2942
1029406,2792
1029819,2825
1030126,2923
1030419,2809
1030640,3053
1030915,2884
1030927,3036
1031562,2815
1031858,2782
1032022,2917
1032371,2789
1032770,2806
1033139,2918
1033523,2951
1033797,2830
1033933,2866
1034145,2914
1034508,2905
1034766,2896
1035062,2821
1035311,2786
1035664,2830
1036186,2790
1036572,2885
1036781,2781
1036945,2913
1037184,2889
1037537,2890
1037786,2817
1038008,2837
1038218,2960
1038618,2774
1039064,2790
1039665,2861
1039688,2924
1039953,2977
1040193,2957
1040564,2824
1040728,2872
1040968,2876
1041291,2840
1041516,2948
1041985,2818
1042755,2837
1042784,2901
1043066,2911
1043285,2915
1043517,3011
1043728,2898
1043967,2964
1044257,2908
1044590,2877
1044893,2792
1045789,2862
1045839,2909
1046108,2995
1046334,3070
1046758,2896
1046780,3039
1047029,2946
1047290,3063
1047601,2890
1047807,2972
1048843,2926
1048890,2972
1049207,3004
1049581,2896
1049785,2960
1049945,3098
1050136,3037
1050529,3036
1050696,2991
1050911,3053
1051952,2930
1051974,3003
1052353,2932
1052602,2970
1052880,2845
1053131,2858
1053508,2879
1053783,2864
1053797,2965
1054094,2938
1055080,2874
1055094,2976
1055408,2978
1055689,2866
1055825,2986
1056100,3027
1056478,2968
1056859,2823
1056866,2907
1057132,2926
1058055,2785
1058221,2990
1058640,2833
1058657,3166
1058962,2815
1059215,2944
1059581,2918
1059891,2866
1059934,2987
1060192,2886
1060929,2781
1061478,2957
1061655,2901
1061903,2916
1061946,3018
1062330,3090
1062623,3095
1062902,3077
1063208,2883
1063235,3173
1063847,2788
1064525,2801
1064738,2922
1064949,2881
1065102,2956
1065543,2813
1065805,2784
1066070,2853
1066238,3104
1066526,2970
1066747,2906
1067439,2898
1067748,2888
1067966,2975
1068191,2889
1068479,2854
1068709,2877
1069008,2790
1069482,2810
1069642,2907
1069855,2811
1070439,2999
1070773,2777
1071031,2781
1071245,2869
1071466,2885
1071711,3017
1071924,2799
1072379,2791
1072760,2841
1072773,2917
1073642,2921
1073655,3059
1073947,2873
1074239,3186
1074556,2885
1074870,2777
1075041,3055
1075320,2873
1075793,2785
1075954,2845
1076700,2841
1076951,2774
1077003,3035
1077522,2893
1077714,2871
1077922,2911
1078187,2869
1078458,2882
1078702,2839
1078904,2943
1079649,2794
1079866,2779
1080129,2791
1080552,2799
1080721,2858
1080941,2837
1081182,2858
1081464,2935
1081665,2922
1082036,2781
1082577,2903
1082767,2870
1083044,2812
1083477,2845
1083709,2921
1083916,2869
1084167,2889
1084511,2813
1084724,2820
1084940,2815
1085569,2798
1085780,2793
1085988,2798
1086458,2784
1086735,2788
1086915,2858
1087179,2870
1087458,2826
1087666,2827
1087876,2836
1088496,2843
1088714,2886
1088931,2790
1089469,2817
1089689,2805
1089904,2860
1090176,2979
1090404,2942
1090625,2837
1090865,3014
1091427,2822
1091814,2821
1091827,2960
1092424,2787
1092617,2864
1092884,2831
1093245,2941
1093513,2992
1093682,2998
1093971,2983
1094470,3085
1094772,2885
1094932,2883
1095317,2964
1095588,2994
1095854,2830
1096328,3232
1096596,3291
1096799,3392
1097082,3061
1097644,2869
1097953,2826
1098011,2983
1098408,2820
1098666,2896
1098875,2830
1099663,2885
1100020,2906
1100317,2927
1100330,3085
1100655,2887
1100904,2835
1101123,2981
1101537,2849
1101698,2845
1101916,2853
1102637,2857
1103024,2891
1103368,3104
1103572,2888
1103836,2933
1103848,3078
1104209,3093
1104516,2992
1104666,2945
1104906,2980
1105621,2787
1106001,2782
1106607,2972
1106788,2941
1106949,2875
1107070,3012
1107394,3044
1107705,2927
1107718,3049
1108021,2899
1108494,2822
1108918,2788
1109667,2876
1109916,2875
1109930,3010
1110216,2951
1110564,2995
1110753,2959
1110913,2958
1111077,2966
1111407,2851
1111801,2879
1112639,2971
1112898,2921
1113072,2904
1113317,2951
1113651,2889
1113855,2907
1114024,2999
1114178,3020
1114511,2903
1114813,2784
1115695,2936
1115925,2833
1116119,2920
1116403,2998
1116668,2834
1116885,3040
1117131,2976
1117518,2814
1117770,2784
1117921,2872
1118813,2884
1119018,2919
1119213,2956
1119598,2829
1119612,3139
1120035,2802
1120244,2811
1120465,2841
1120681,2881
1120914,2806
1121820,2848
1122063,2836
1122405,2918
1122567,3023
1122941,2839
1123153,3234
1123331,2883
1123519,3031
1123698,2997
1123908,2877
1124756,2874
1124995,2770
1125420,2787
1125723,2783
1125904,2831
1126305,3031
1126531,3083
1126655,3074
1127006,3038
1127169,2859
1127728,2847
1127937,2932
1128408,2826
1128634,2818
1128842,2906
1129424,3031
1129710,2978
1129880,3104
1130117,2884
1130297,3064
1130708,2819
1130958,2801
1131577,2791
1131634,2849
1131836,2793
1132615,2884
1132821,3048
1133144,2848
1133191,2947
1133450,2923
1133657,2823
1133879,2987
1134573,2806
1134739,2804
1134941,2904
1135589,2785
1135971,2812
1136238,3337
1136251,2966
1136679,3158
1136710,3111
1136973,2953
1137516,2960
1137680,3069
1137932,2877
1138506,2804
1138871,2810
1139356,2877
1139667,2996
1140031,2797
1140198,2950
1140377,3046
1140589,3135
1140866,2915
1141029,2860
1141397,3039
1141814,2915
1142328,2786
1142794,2807
1142925,2939
1143299,2957
1143560,3026
1143893,2964
1143969,2998
1144121,3132
1144562,3007
1144816,2850
1145241,2865
1145691,2826
1145989,2785
1146361,2882
1146682,2841
1147067,2856
1147081,2969
1147404,2913
1147658,2833
1147821,2857
1148211,3097
1148654,2924
1148887,2985
1149474,2781
1149654,2775
1150014,2896
1150179,2940
1150421,2935
1150631,2995
1150826,2899
1151398,2850
1151711,2786
1151967,2779
1152513,2836
1152550,2903
1153040,2798
1153246,3129
1153506,2967
1153742,2928
1153962,2962
1154378,2876
1154627,2974
1154870,2838
1155532,2799
1155746,2826
1155963,2837
1156599,2848
1156762,2821
1156808,2863
1157024,2905
1157433,2979
1157708,2803
1157881,2770
1158464,3003
1158704,2815
1158921,2897
1159542,2856
1159859,2788
1160024,2841
1160064,2938
1160506,3073
1160759,2910
1160919,2851
1161648,2850
1161690,2925
1161917,2794
1162530,2838
1162771,2972
1162988,2849
1163162,2785
1163821,2792
1164084,2946
1164123,2992
1164602,2881
1164835,2895
1164996,2882
1165460,2833
1165847,2854
1166063,2766
1166227,2871
1166746,2786
1167274,2905
1167303,2968
1167588,3027
1167832,2986
1168040,3072
1168423,2828
1168922,2852
1168935,2929
1169197,2789
1169633,2790
1170356,3053
1170378,3008
1170753,2944
1170946,2885
1171198,2920
1171398,3038
1171955,2839
1172079,2825
1172400,2790
1172564,2936
1173526,2966
1173592,3024
1173815,3094
1174046,3054
1174251,2940
1174523,2876
1174889,2792
1175053,2865
1175331,3181
1175595,2906
1176726,2899
1176733,3263
1177004,3143
1178310,2842
1178328,3100
1179350,3025
1179490,3253
1179794,2846
1179808,3094
1179976,3213
1180136,3048
1180242,3051
1180485,3000
1181258,2826
1181525,2977
1182485,3039
1182732,2963
1183006,3136
1183018,3215
1183374,2973
1183572,3069
1183748,2990
1183970,3087
1184211,2978
1184609,2856
1185628,2945
1185788,2890
1186454,2887
1186470,2973
1186616,2942
1186867,3063
1186916,3176
1187148,3216
1187367,3100
1187618,3160
1188664,2786
1188823,2782
1189668,2928
1189703,3183
1189846,3285
1190054,3339
1190222,3288
1190571,3202
1190617,3128
1190889,3143
1191547,2955
1191742,2861
1192724,2786
1192971,2980
1193347,3066
1193601,3141
1193864,3165
1193917,3064
1194124,3301
1194339,3047
1194593,2937
1194762,3057
1195611,2785
1196046,2789
1196518,2879
1196842,2976
1197119,3081
1197160,3201
1197549,3013
1197653,3047
1197750,3243
1197935,3002
1198533,2957
1198965,3007
1199498,3020
1199919,3035
1200484,3127
1200666,3059
1200829,3050
1201144,3396
1201216,3706
1201345,3309
1201597,3607
1202071,3490
1202661,3262
1203045,2988
1203712,2820
1203885,2768
1203984,2958
1204636,2789
1204845,2817
1205054,2882
1205395,2944
1205652,2943
1206032,2789
1206199,2848
1206618,2876
1206780,2825
1207028,2895
1207527,2872
1207762,2956
1208042,2849
1208434,2918
1208697,2850
1208932,2840
1209175,2991
1209624,2892
1209741,3037
1210022,2815
1210494,2933
1210818,2800
1211027,2826
1211476,2887
1211670,2851
1211897,2793
1212297,2879
1212602,2952
1212939,2825
1212962,2941
1213566,2794
1213741,2831
1213975,2828
1214456,2895
1214667,2817
1214843,2923
1215269,2833
1215683,2888
1215890,2828
1216044,2811
1216453,2872
1216683,2852
1216901,2856
1217588,2828
1217601,2906
1217877,2911
1218236,2840
1218667,2850
1218843,2776
1219005,2767
1219449,2801
1219661,2814
1219882,2858
1220608,2913
1220654,2961
1220919,2955
1221199,2910
1221606,2883
1221860,2828
1221874,2953
1222574,2836
1222587,2928
1222840,2929
1223705,2857
1223727,2946
1223979,2850
1224204,2838
1224626,2867
1224812,2798
1224984,2769
1225598,2784
1225899,2788
1225966,3018
1226666,2874
1226829,2983
1226988,3114
1227169,2961
1227584,2936
1227758,2975
1227918,2866
1228469,3166
1228814,2842
1229071,2832
1229674,2956
1229940,2913
1230559,2875
1230588,2957
1231019,2804
1231171,3282
1231427,3134
1231827,2900
1231999,2849
1232038,2948
1232723,2867
1232958,2934
1233536,2795
1233710,2828
1233933,2822
1234551,2796
1234812,2901
1234948,2864
1235145,2928
1235160,2942
1235727,2794
1235976,2892
1236447,2870
1236670,2819
1236888,2835
1237434,2783
1237906,2911
1237916,3010
1238218,3322
1238500,2830
1238655,2977
1238994,2933
1239441,2884
1239613,2847
1239855,2770
1240318,2784
1240920,2779
1241084,2932
1241439,2962
1241718,2886
1241754,2937
1242051,2924
1242464,2906
1242714,2960
1242721,2911
1243233,2931
1243792,2923
1244112,2794
1244492,2931
1244781,2932
1244794,3061
1245082,2948
1245507,2927
1245793,2828
1245806,2958
1246257,2962
1246839,2795
1247028,2774
1247547,2985
1247853,2907
1248120,2857
1248167,3161
1248536,2924
1248748,2885
1248899,2877
1249357,2892
1249723,2801
1249934,2813
1250635,2841
1250897,2951
1251106,3009
1251437,2940
1251602,2935
1251894,2868
1251930,3164
1252356,2946
1252653,2903
1252871,2821
1253564,2798
1253948,2785
1254205,2974
1254511,2914
1254657,3171
1254912,2831
1255183,2792
1255389,2822
1255641,2981
1255856,2873
1256575,2882
1256854,2773
1257355,2780
1257635,2879
1257922,2902
1258097,2851
1258294,2905
1258462,2967
1258808,2924
1259019,2993
1259581,2818
1259755,2915
1260229,2948
1260651,2789
1260911,2788
1261123,2810
1261519,2843
1261557,2975
1261845,2781
1262105,2969
1262500,2825
1262795,2806
1263319,2842
1263566,2851
1263801,2857
1264036,2843
1264723,2911
1264729,2998
1264894,3111
1265213,3109
1265447,3045
1265692,2906
1266250,2903
1266520,2966
1266785,2830
1267003,2797
1267825,2818
1267839,2916
1268098,3025
1268464,2885
1268631,3021
1268776,2886
1269313,2827
1269571,2894
1269783,2902
1269969,2807
1270747,2782
1270908,2877
1271211,2956
1271480,2898
1271864,2807
1272014,2866
1272315,2930
1272586,2926
1272874,2860
1273047,2979
1273622,2896
1273888,2930
1274331,2856
1274499,2858
1274756,2991
1274977,2879
1275360,2971
1275618,2931
1275865,2855
1276113,2827
1276652,2789
1276905,2794
1277416,3029
1277580,2927
1277954,2853
1277966,3101
1278426,3108
1278646,3063
1278849,2961
1279062,2873
1279529,2902
1279824,2909
1280614,2999
1280627,3085
1280900,3071
1281198,3254
1281621,2964
1281830,3079
1282047,2928
1282084,3166
1282562,2900
1282826,2903
1283804,2794
1284066,2877
1284079,3024
1284695,2936
1284718,3180
1285051,2972
1285081,3263
1285548,2892
1285568,3120
1285859,2933
1286723,2882
1287026,2842
1287217,2852
1287727,2793
1288122,2821
1288136,3096
1288514,2974
1288551,3081
1288903,3064
1289155,2968
1289698,2903
1289995,2812
1290194,2831
1290638,2794
1291067,2889
1291361,2988
1291612,2832
1291727,2985
1292088,2840
1292385,2947
1292734,2793
1292932,2817
1293146,2840
1293518,2939
1294056,2806
1294538,2840
1294545,2937
1294843,2927
1295052,2866
1295463,2878
1295655,2833
1295870,2863
1296122,2885
1296582,2828
1296982,2794
1297593,2825
1297632,2948
1297864,2834
1298064,2915
1298434,3021
1298647,2830
1298866,2988
1299129,2904
1299497,2867
1299876,2800
1300557,2862
1300743,2898
1300904,3017
1301075,2962
1301655,2836
1301685,2892
1301961,2879
1302163,2960
1302449,2999
1302776,2821
1303565,2890
1303781,2905
1304010,2938
1304215,3143
1304657,2919
1304704,2982
1304932,3015
1305222,2957
1305580,2924
1305743,2869
1306547,2952
1306780,2882
1307078,2837
1307445,2952
1307671,2986
1307832,3000
1308098,2962
1308337,2970
1308602,2854
1308810,2947
1309633,2787
1309808,2841
1310026,2852
1310488,2875
1310751,2884
1310962,2969
1311190,2904
1311432,2897
1311593,2818
1311844,2850
1312556,2822
1312777,2839
1313017,2837
1313459,2958
1313767,2779
1314023,2843
1314233,2919
1314498,2896
1314526,3187
1314830,2830
1315465,2899
1315720,2854
1315985,2811
1316636,2894
1316811,2807
1316988,3023
1317393,3182
1317539,3133
1317831,3235
1317879,3265
1318488,3285
1318699,3184
1318919,3161
1319685,3381
1319867,3391
1320108,3732
1320680,3769
1320823,4120
1321161,4022
1321411,4022
1321875,3704
1322015,3812
1322223,3474
1323199,2944
1323390,2945
1323963,2801
1324545,2804
1325077,2845
1325409,3068
1325558,3032
1325781,3123
1325979,3067
1325993,3241
1326250,3181
1326469,3012
1326852,3051
1327480,2852
1328009,2794
1328576,2869
1328741,2818
1328999,3063
1329216,3203
1329407,2825
1329728,2921
1329987,3037
1330188,2880
1330466,2817
1330928,2823
1331534,2810
1331744,2903
1332199,2995
1332362,2958
1332640,2912
1332804,3088
1333162,2868
1333339,2805
1333531,2990
1333854,2820
1334477,2793
1334736,2815
1335322,2882
1335486,2888
1335693,3085
1336035,3122
1336148,2791
1336505,2889
1336675,3018
1336867,2844
1337638,2785
1337847,2776
1338450,2789
1338614,2774
1338867,2787
1339075,2824
1339318,2917
1339519,2986
1339845,2824
1339893,2921
1340526,2944
1340751,2776
1341364,2784
1341579,2796
1341787,2847
1342022,2879
1342356,2782
1342614,2932
1342799,2854
1342960,2802
1343628,2845
1343649,2936
1344294,2800
1344499,2963
1344735,2887
1345005,2843
1345242,2827
1345635,2877
1345890,2813
1345903,2936
1346577,2788
1346742,2775
1347181,2887
1347546,2810
1347763,2813
1347979,2817
1348193,2822
1348638,2872
1348826,2840
1348991,2774
1349459,2836
1349669,2781
1350200,2872
1350480,2824
1350701,2840
1350918,2860
1351136,2859
1351597,2872
1351842,2845
1352006,2846
1352429,2819
1352578,2956
1353177,2866
1353434,2864
1353668,2840
1353900,2840
1354300,2888
1354592,2921
1354809,2866
1354972,2813
1355364,2788
1355619,2992
1356131,2874
1356402,2840
1356639,2828
1356857,2846
1357539,2892
1357839,2774
1358043,2849
1358196,3214
1358330,2823
1358705,2807
1359111,2860
1359364,2842
1359596,2855
1359824,2909
1360555,2794
1360736,2878
1360983,2985
1361342,2865
1361632,2803
1361800,2894
1362095,2896
1362563,2830
1362585,2916
1362828,2851
1363450,2955
1363747,2882
1364088,2861
1364354,2792
1364558,2860
1364819,2850
1365079,3033
1365624,2799
1365784,2800
1365944,2845
1366492,2865
1366729,2880
1367051,2818
1367307,2845
1367542,2953
1367791,2824
1368235,2997
1368545,2902
1368706,2897
1368926,2836
1369494,2863
1369732,2849
1369990,2907
1370318,2792
1370582,2790
1370795,2795
1371359,2896
1371575,2946
1371699,2971
1371967,2806
1372449,2896
1372677,2883
1372996,2877
1373242,2848
1373504,2825
1373710,2855
1374464,2959
1374657,2873
1374821,2953
1375100,2941
1375467,2877
1375653,2907
1375968,2854
1376190,2878
1376427,3016
1376665,2845
1377628,2864
1377641,3113
1377957,2847
1378165,2941
1378490,2903
1378699,2915
1378944,2892
1379171,2899
1379609,2883
1379833,2773
1380581,2881
1380879,2950
1381051,2934
1381208,2984
1381517,2903
1381731,2907
1381963,2888
1382190,2945
1382699,2873
1382712,2949
1383590,2901
1383913,2960
1384124,2952
1384329,3115
1384541,2969
1384754,3044
1384978,2977
1385288,2885
1385761,2829
1385775,2917
1386593,2788
1387006,2785
1387204,2808
1387622,2834
1387634,3093
1387891,2984
1388097,2967
1388311,2852
1388680,2817
1388837,2909
1389507,2811
1389880,2861
1390107,2778
1390558,2788
1390859,2943
1391009,2919
1391411,2995
1391580,2939
1391630,3205
1391846,2890
1392448,2795
1392836,2810
1393046,2896
1393448,2802
1394023,2831
1394036,2905
1394503,2928
1394719,2800
1394958,2773
1395118,2956
1395424,2915
1395776,2800
1396031,2945
1396359,2982
1397035,2842
1397048,2931
1397612,2834
1397846,2946
1397881,3071
1398178,3018
1398480,2890
1398695,2837
1399111,2794
1399462,2884
1400060,2791
1400293,2904
1400571,2912
1400917,2775
1401079,3006
1401327,2997
1401476,2984
1401743,2966
1402007,2996
1402510,2817
1402981,2874
1403316,2908
1403582,2840
1403804,2850
1404220,2932
1404539,2996
1404583,3220
1404841,2974
1405088,3250
1405458,2858
1405945,2875
1406487,2844
1406580,2826
1406808,2871
1407249,3075
1407635,2940
1407894,2981
1408060,2924
1408458,2907
1408508,2958
1408911,2788
1409492,2849
1409512,2995
1409815,2860
1410409,2848
1410701,2784
1410960,2787
1411169,2971
1411589,2856
1411765,2836
1411846,2916
1412495,2886
1412642,2867
1412844,2819
1413408,2799
1413608,2873
1413868,2822
1414239,3028
1414541,2933
1414746,2826
1414912,2820
1415490,2861
1415651,2796
1415818,2773
1416336,2854
1416587,2875
1416820,2813
1417395,2986
1417597,2899
1417816,2849
1418031,2857
1418652,2792
1418755,2953
1418901,2957
1419333,2839
1419563,2798
1419758,2825
1420475,2855
1420594,2916
1420843,2983
1421017,2820
1421540,2852
1421832,2772
1421953,2930
1422287,2865
1422491,2842
1422702,2944
1423470,2866
1423653,2896
1423976,2820
1424017,2874
1424487,2978
1424714,2838
1424985,2857
1425273,2894
1425486,3109
1425727,2776
1426471,2828
1426675,2940
1427006,2793
1427055,2896
1427617,2891
1427828,2858
1428011,3014
1428413,2811
1428689,2906
1428702,2891
1429399,2947
1429709,2899
1429934,2958
1430096,2877
1430617,2800
1430808,2924
1431112,2855
1431418,2935
1431817,2863
1431832,3121
1432449,2967
1432728,2903
1433035,2870
1433198,2921
1433506,2891
1433830,2875
1434157,2937
1434457,2879
1434789,2779
1435041,2805
1435518,2889
1435776,2843
1436039,2829
1436247,3008
1436575,2923
1436828,2834
1437179,2903
1437449,2952
1437672,2884
1437975,2820
1438534,2838
1438739,2842
1438991,2826
1439376,2843
1439602,2793
1439811,2836
1440211,2833
1440523,2781
1440698,2827
1440913,2833
1441465,2987
1441688,2851
1441945,2772
1442365,2788
1442539,2876
1442782,2796
1443130,2902
1443401,2847
1443661,2812
1443870,2821
1444690,2791
1444847,2771
1445026,2880
1445408,3135
1445672,2817
1445686,2961
1446163,2833
1446380,2847
1446599,3010
1446816,2808
1447620,2792
1447825,2805
1448037,2810
1448649,2792
1448732,2927
1448874,3019
1449099,3018
1449444,2999
1449827,2778
1449968,2766
1450546,2883
1450751,2813
1450970,2862
1451564,2813
1451781,2833
1451993,2839
1452222,2837
1452745,2791
1452921,2771
1453133,2802
1453660,2846
1453666,2929
1453931,2949
1454475,2895
1454746,2806
1454956,2833
1455184,2836
1455661,2779
1455786,2923
1456066,2937
1456659,2792
1456863,2782
1457023,2845
1457474,2821
1457677,2845
1457901,2847
1458124,2847
1458529,2852
1458840,2776
1459089,2774
1459582,2791
1459772,2819
1459988,2822
1460473,2782
1460649,2903
1460883,2821
1461100,2826
1461469,2997
1461706,2898
1461971,2795
1462512,2922
1462717,2818
1462934,2815
1463382,2823
1463640,2785
1463852,2797
1464055,2811
1464589,2864
1464732,2983
1464950,2818
1465520,2892
1465726,2873
1465932,2820
1466344,2801
1466561,2910
1466771,2842
1466982,2960
1467543,2877
1467821,2790
1467984,2790
1468526,2884
1468743,2931
1468987,2949
1469297,2947
1469564,3004
1469774,2851
1470037,2885
1470551,2878
1470731,2821
1470899,2808
1471502,2826
1471785,2852
1472024,2923
1472394,2940
1472706,2879
1472756,3092
1473046,2840
1473557,3043
1473807,2894
1473821,3115
1474416,2993
1474730,2945
1475041,2896
1475435,2954
1475679,2967
1476033,2831
1476233,3091
1476693,2848
1476901,2982
1477066,2792
1477510,2848
1477763,2788
1478060,2778
1478476,2922
1478741,2844
1478996,2806
1479410,2959
1479719,2857
1479984,2838
1480039,2928
1480460,2871
1480683,2872
1480965,2825
1481520,2829
1481706,2811
1481925,2812
1482492,2847
1482697,2926
1482946,2893
1483101,2918
1483427,2985
1483659,2859
1483924,2772
1484442,2791
1484662,2794
1484868,2800
1485482,2865
1485753,2974
1485969,2851
1486142,2954
1486536,3006
1486792,3106
1486957,3066
1487383,3166
1487579,3177
1487790,3086
1488439,3008
1488915,3144
1488934,3152
1489193,3539
1489677,3657
1490022,3672
1490161,3905
1490641,3789
1490853,3975
1491054,4172
1491589,3913
1492298,3495
1492315,3517
1492870,3112
1493472,2918
1493790,2876
1494200,2901
1494551,2803
1494953,2782
1495332,2913
1495626,3061
1495991,2960
1496066,2821
1496210,3089
1496503,3074
1496795,2872
1497187,2894
1497461,2861
1497837,2783
1498405,2790
1498775,2849
1499036,2898
1499053,3197
1499407,3037
1499790,2774
1499953,2983
1500161,2976
1500487,2935
1500744,2894
1501341,2784
1501713,2877
1502080,2915
1502660,2779
1502735,3134
1502883,3082
1503066,3015
1503270,3171
1503544,2998
1503759,2959
1504211,2799
1504718,2841
1505082,2797
1505580,2790
1505960,2834
1506172,3010
1506203,3479
1506652,2792
1506902,2910
1507057,3028
1507233,2877
1507662,3024
1507970,2870
1508467,2826
1508896,2795
1509551,2918
1509591,2989
1509902,2999
1509909,3251
1510250,3254
1510483,3119
1510917,2932
1511139,3009
1511417,2832
1511777,2882
1512570,2801
1512734,3008
1512991,2864
1513340,2961
1513595,2864
1513816,3070
1513983,2970
1514242,2977
1514500,2925
1514786,2789
1515459,2789
1515837,2784
1516000,2838
1516509,2883
1516722,2892
1517035,2844
1517058,2965
1517524,2838
1517711,2813
1517731,2936
1518475,2878
1518720,2913
1518942,2843
1519484,2966
1519715,2985
1519973,3007
1520173,2979
1520460,2997
1520652,2917
1520808,2923
1521568,2864
1521770,2776
1521936,2770
1522553,2964
1522823,2832
1523066,2828
1523284,2946
1523562,2850
1523820,2907
1523832,2911
1524669,2789
1524892,2777
1525058,2830
1525609,2783
1525793,2831
1526014,2928
1526544,2954
1526572,3016
1526886,2974
1526921,2920
1527593,2858
1527791,2968
1528013,2805
1528482,2899
1528722,2875
1529032,2787
1529672,2866
1529693,2936
1529982,2771
1530150,3023
1530588,2884
1530934,2785
1531099,2843
1531507,2845
1531744,2790
1531949,2839
1532813,2873
1532847,2941
1533009,3045
1533317,3017
1533571,2872
1533849,2870
1534066,2864
1534439,3030
1534641,2925
1534889,2833
1535867,2819
1535889,2894
1536157,2988
1536530,2903
1536578,3073
1536826,2926
1537062,2843
1537675,2789
1537835,2816
1537876,2918
1538874,2937
1538888,3020
1539298,2905
1539554,3072
1539776,3115
1540000,2873
1540026,3055
1540568,3016
1540780,2908
1540958,2838
1542007,2907
1542030,2982
1542397,2934
1542723,3034
1543033,2810
1543201,2838
1543227,3253
1543676,2919
1543913,2887
1543938,3015
1545114,2926
1545128,2999
1545461,2880
1545915,2923
1546102,2852
1546345,2884
1546573,2963
1546785,3053
1546900,2973
1547162,2858
1548227,2840
1548241,3048
1548476,2896
1548934,2884
1549141,2987
1549498,2874
1549672,3077
1549934,2935
1550099,2921
1550419,2806
1551171,2929
1551455,3016
1551498,2867
1551965,2856
1552214,2921
1552470,2861
1552848,2823
1553012,2875
1553126,2924
1553498,2833
1554187,3557
1554567,2920
1554582,3325
1554915,2945
1555228,3137
1555456,3020
1555755,3019
1555978,2920
1556180,2979
1556450,3019
1557576,2936
1557833,2919
1558003,3037
1558161,3033
1558547,2968
1558730,3003
1558993,3019
1559006,3153
1559301,3041
1559565,2934
1560643,2939
1560876,2825
1561133,2828
1561367,2868
1561644,2826
1561858,3076
1562140,3003
1562330,3054
1562488,3049
1562702,3139
1563674,2802
1563891,2795
1564092,2866
1564564,2824
1564578,2901
1565048,2901
1565305,2890
1565514,2912
1565682,2854
1565933,2845
1566603,2804
1566810,2906
1567082,2802
1567579,2825
1567627,2867
1568083,2883
1568344,3062
1568554,3019
1568764,2787
1568926,2897
1569494,2923
1569825,2787
1570033,2803
1570586,2828
1570600,2915
1571055,2888
1571656,2778
1571762,2947
1571930,2960
1572127,2858
1572550,2895
1572735,2816
1572960,2859
1573599,2782
1573808,2853
1574067,2806
1574531,2881
1574818,2822
1575072,2822
1575093,2953
1575649,2840
1575655,2966
1575914,2823
1576514,2867
1576788,2799
1576997,2834
1577535,2836
1577763,2981
1578019,2819
1578139,2806
1578621,2917
1579001,2829
1579046,3041
1579476,2892
1579715,2848
1579962,2905
1580456,2790
1580921,2778
1581023,2944
1581237,2874
1581665,2967
1581918,2829
1582218,2842
1582676,2825
1582704,2883
1582961,2794
1583417,2832
1583790,2852
1584142,2802
1584362,2777
1584736,2830
1584899,2880
1585178,2820
1585794,2827
1585827,2881
1586027,2975
1586464,2868
1586774,2910
1587041,2906
1587252,2823
1587654,2879
1587912,2804
1588118,2820
1588810,2858
1588823,2976
1589102,3062
1589465,2897
1589775,2886
1590169,2984
1590182,2860
1590635,2823
1590842,2896
1591062,2971
1591823,2872
1591999,2803
1592253,2826
1592494,2859
1592754,2816
1593240,3097
1593257,2934
1593595,3021
1593869,2847
1594113,2878
1594786,2789
1594998,2799
1595214,3015
1595498,2866
1595697,2802
1596329,2830
1596543,2916
1596776,2943
1596977,2849
1597144,2949
1597702,2826
1597931,2777
1598509,2809
1598706,2917
1598872,2810
1599330,2974
1599547,2978
1599914,2831
1599926,2936
1600191,2907
1600630,2797
1600835,2828
1601447,3001
1601795,2775
1601959,2805
1602397,2978
1602661,3062
1602884,3090
1603084,2895
1603239,3085
1603581,2849
1603791,2803
1604535,2883
1604744,2803
1604922,2940
1605500,2885
1605806,2965
1606125,2954
1606196,3295
1606538,3165
1606756,2826
1606795,3003
1607632,2839
1607652,2909
1607961,2787
1608489,2844
1608916,2808
1609161,2961
1609664,2781
1609864,2819
1610016,2967
1610038,2951
1610703,2825
1610860,2848
1610888,2965
1611500,2881
1611848,2783
1612208,2980
1612605,2797
1612813,2923
1613149,2787
1613203,2910
1613626,2935
1613838,2803
1614013,2776
1614486,2920
1614764,2815
1615309,2812
1615522,2873
1615822,2987
1616058,2847
1616248,2933
1616781,2799
1616995,2773
1617162,2894
1617506,2836
1617706,2847
1618213,2891
1618526,2810
1619006,2833
1619018,2908
1619301,2784
1619717,2783
1619893,2913
1620178,2973
1620481,2855
1620689,2783
1621204,2915
1621559,2975
1622015,2791
1622223,3176
1622328,2973
1622627,3051
1622930,2952
1623376,2814
1623599,2840
1623612,3134
1624214,2895
1624630,2920
1624901,2820
1625505,2832
1625541,2898
1625789,2835
1626017,2910
1626519,2818
1626574,2890
1626881,2956
1627235,2817
1627653,2784
1627849,2775
1628523,2845
1628754,2962
1628786,3193
1629025,3046
1629435,2906
1629673,2841
1629925,2870
1630156,2900
1630561,2957
1630742,2817
1631492,2891
1631809,2945
1632185,3141
1632233,2935
1632505,2971
1632708,3043
1632928,2911
1633176,3072
1633658,2787
1633826,2768
1634473,2798
1634847,2872
1635288,3329
1635574,2935
1635589,3174
1635924,3168
1635945,3020
1636421,3027
1636591,2955
1636750,2887
1637547,2811
1637809,2782
1638612,3013
1638783,2997
1638923,3016
1639213,3290
1639257,3173
1639538,3313
1639747,2903
1639905,2832
1640463,3028
1640725,2898
1641717,2874
1641923,2813
1642037,2806
1642585,2886
1642940,2770
1643123,2905
1643197,3163
1643322,3154
1643579,3034
1643750,2967
1644686,2863
1644941,2839
1644953,2914
1645570,2860
1645807,2882
1646157,2954
1646559,2887
1646793,2956
1646841,2875
1646983,2874
1647684,2906
1647970,2897
1648017,2858
1648561,2904
1648812,2769
1649199,2911
1649580,2984
1649984,2845
1650027,2917
1650130,3078
1650691,2973
1651019,2935
1651187,2868
1651559,2800
1651767,2793
1652241,2858
1652650,2959
1653036,2824
1653049,3078
1653372,2854
1653794,2904
1654045,2780
1654195,3105
1654726,2792
1654779,2896
1655199,3023
1655738,2931
1655967,2909
1656216,2841
1656426,3025
1656796,2809
1657003,2788
1657422,2927
1657641,2824
1657812,2766
1658347,2791
1658767,2946
1658990,2954
1659216,3022
1659572,2879
1659750,2966
1659988,3025
1660443,2900
1660665,2983
1660840,2776
1661290,2789
1661837,2913
1662073,2796
1662538,2833
1662584,3091
1662848,2783
1663099,2966
1663476,3070
1663753,2803
1663916,2880
1664203,2862
1664844,2785
1665059,2780
1665510,2840
1665794,2933
1665816,3026
1666199,3092
1666779,2819
1666860,2974
1666994,2984
1667193,2928
1667763,2800
1667965,2821
1668436,2786
1668826,2811
1668991,2929
1669376,2920
1669725,3003
1669956,2893
1670113,2935
1670481,2845
1670694,2866
1670886,2822
1671412,2930
1671751,2783
1672007,2787
1672428,2783
1672820,2879
1673034,2775
1673199,2896
1673434,2957
1673681,3015
1673909,2808
1674481,2838
1674659,2848
1674894,2849
1675413,2795
1675902,2935
1675915,3008
1676204,3033
1676534,2979
1676852,2826
1677019,2960
1677414,2832
1677626,2923
1677872,2806
1678378,2782
1679058,2909
1679073,2984
1679417,3005
1679628,2994
1679818,2963
1680068,2993
1680382,3035
1680638,2891
1680850,2837
1681253,2906
1682141,2939
1682162,3165
1682573,2954
1682867,2910
1682890,3108
1683170,3047
1683520,2928
1683781,2896
1683795,2975
1684258,2816
1685183,2832
1685456,2781
1685655,2848
1685906,2817
1686123,2835
1686361,2829
1686577,2915
1686876,3149
1686962,2904
1687196,2982
1688117,2848
1688360,2864
1688637,2844
1688854,2838
1689083,2843
1689359,2865
1689590,2849
1690008,2831
1690189,3022
1690510,2827
1691074,2873
1691394,2849
1691619,2793
1691824,2912
1692052,2892
1692341,2829
1692566,2837
1692926,2821
1693317,2802
1693495,2792
1694073,2825
1694565,2835
1694582,2932
1694844,2831
1695078,2851
1695411,2787
1695526,3022
1695836,2858
1696222,2843
1696437,2806
1696981,2793
1697500,2882
1697647,2991
1697854,2876
1698061,2962
1698376,2869
1698682,2923
1698848,2870
1699152,3006
1699497,2877
1699899,2856
1700468,2918
1700828,2889
1700841,3037
1701120,2877
1701438,2888
1701695,2931
1702410,2784
1702484,2937
1702633,3086
1702848,2967
1703497,2878
1703811,2940
1704092,2887
1704104,3140
1704458,2850
1704719,2901
1705317,2923
1705558,2914
1705807,2772
1705980,2916
1706476,2843
1706841,2948
1707077,2943
1707418,2894
1707439,3020
1707772,2836
1708491,2847
1708720,2852
1708733,2976
1709030,2990
1709446,2792
1709912,2831
1710141,2978
1710434,2935
1710552,2947
1710818,2996
1711489,2901
1711700,2933
1711857,2870
1712132,2884
1712474,2782
1712832,2791
1713210,2990
1713483,2953
1713651,2884
1713901,2984
1714520,2939
1714820,2897
1714830,3023
1715116,2997
1715511,2860
1715759,2848
1716365,2923
1716660,2886
1716680,3171
1717012,2840
1717546,2978
1717944,2837
1717957,2969
1718246,2914
1718491,2916
1718728,2858
1719410,2952
1719683,2904
1720001,2821
1720049,2899
1720652,2949
1720915,2943
1721116,2946
1721335,3016
1721540,3111
1721719,2956
1722456,3060
1722718,2965
1722937,2906
1723096,2849
1723688,2868
1723990,2789
1724184,2999
1724476,2919
1724801,2832
1724852,2941
1725664,2897
1725817,3001
1726058,2912
1726222,2896
1726695,2815
1726910,2891
1727276,3186
1727504,2979
1727777,2809
1727942,2774
1728649,2897
1728953,2844
1729424,2796
1729866,2790
1729944,2900
1730130,2998
1730794,2794
1730965,2921
1731135,2865
1731321,2935
1731662,2945
1731894,2854
1732328,2849
1732759,2894
1732986,2968
1733219,2991
1733724,2934
1733977,2779
1734153,2899
1734423,3077
1734735,2797
1734904,2912
1735289,2785
1735783,2826
1736039,2825
1736376,2785
1736855,2912
1736878,2977
1737156,3068
1737647,2839
1737680,2902
1737906,3054
1738205,2923
1738696,2847
1738998,2940
1739312,2779
1739961,2933
1740010,2972
1740383,2946
1740704,2890
1740798,2943
1741084,2820
1741258,3039
1741663,2832
1742023,2817
1742234,2816
1743086,2892
1743143,2945
1743454,2958
1743726,2935
1743832,2979
1744105,2933
1744389,2868
1744615,2918
1744976,2800
1745166,2831
1746103,2794
1746361,2787
1746563,2927
1746796,2911
1746964,2968
1747162,2873
1747403,2961
1747635,2928
1747882,2964
1748100,2900
1749001,2876
1749257,2990
1749590,2955
1749873,2887
1750121,2865
1750248,3086
1750459,3029
1750666,3228
1750946,2827
1751133,2908
1751963,2785
1752373,2793
1752682,2797
1752892,2811
1753107,2889
1753419,3074
1753879,2829
1754013,2848
1754226,3096
1754258,2925
1754878,2788
1755319,2874
1755605,2809
1755826,2904
1756118,2785
1756619,2896
1756829,2909
1756953,3058
1757347,2827
1757569,2855
1757790,2862
1758285,2900
1758510,2943
1758826,2819
1759033,2820
1759605,2846
1759843,2835
1760140,2791
1760275,2879
1760549,2901
1760906,2782
1761360,2786
1761572,2793
1761780,2837
1761972,2859
1762556,2830
1762784,2915
1763037,2844
1763270,2832
1763541,2873
1763785,2843
1764246,2861
1764497,2843
1764746,2823
1764951,2832
1765473,2890
1765799,2870
1766014,2957
1766235,2896
1766540,3115
1766763,2778
1767234,2899
1767465,2830
1767692,2852
1767903,2945
1768498,2832
1768797,2783
1769065,2789
1769482,2812
1769748,2836
1769761,2950
1770232,2814
1770472,3014
1770687,2889
1770931,3001
1771464,2896
1771702,2864
1771978,2807
1772543,2851
1772714,2781
1772928,2843
1773179,2915
1773705,2834
1773718,2931
1774071,2850
1774486,2865
1774691,2827
1774933,2935
1775484,2792
1775595,2946
1775878,2877
1776185,2794
1776638,2782
1776809,2827
1777043,2807
1777497,2948
1777703,2798
1777958,2823
1778372,2842
1778677,2792
1778885,2827
1779102,2831
1779508,2856
1779735,2848
1779952,2847
1780581,2907
1780615,3127
1780917,2768
1781377,2856
1781575,2880
1781846,2843
1782057,2808
1782489,2847
1782705,2812
1782918,2818
1783574,2839
1783875,2812
1783921,2911
1784403,2837
1784604,2908
1784825,2963
1784988,2896
1785436,3022
1785647,2833
1785869,2928
1786534,2968
1786811,2792
1786966,2854
1787396,3067
1787616,2958
1787918,2779
1788019,2936
1788630,2835
1788644,2932
1788900,2775
1789598,2860
1789806,2774
1789973,2773
1790544,2972
1790788,2890
1790808,3014
1791092,2829
1791570,2858
1791803,2780
1791858,2891
1792582,2913
1792832,2817
1793006,2799
1793650,2926
1793798,2905
1794061,2945
1794074,3032
1794527,2918
1794733,2968
1794884,2886
1795632,2899
1795747,2886
1796022,2821
1796663,2900
1796837,2941
1797141,2856
1797198,3031
1797530,2942
1797851,2842
1798063,2843
1798622,2881
1798734,3031
1799008,2811
1799688,2806
1799901,2812
1800117,2854
1800369,2828
1800596,2827
1800813,2834
1801027,2960
1801591,2891
1801952,2779
1802133,2828
1802589,2845
1802809,2877
1803067,2857
1803356,2793
1803551,2825
1803773,2869
1804071,2784
1804614,2845
1804856,2834
1805083,2842
1805571,2849
1805812,2839
1806055,2819
1806302,2841
1806526,2933
1806770,2817
1806957,2972
1807551,2875
1807814,2831
1808054,2805
1808551,2823
1808777,2810
1808994,2867
1809289,2799
1809546,2905
1809765,2979
1810021,2827
1810559,2866
1810770,2822
1810981,2830
1811499,2825
1811711,2997
1811989,2829
1812201,2914
1812571,2896
1812934,2835
1813148,2839
1813514,2821
1813726,2818
1813938,2819
1814535,2797
1814803,2789
1815019,2817
1815250,3183
1815553,3015
1815899,2833
1816108,2898
1816464,2816
1816668,2820
1816878,2829
1817418,3040
1817723,2837
1817956,2876
1818557,2857
1818708,2818
1818918,2881
1819136,2882
1819407,2826
1819606,2856
1819830,2846
1820646,2841
1820666,2957
1820931,2924
1821511,2801
1821681,2851
1821925,2842
1822143,2852
1822377,2849
1822584,2863
1822799,2861
1823682,2792
1823939,2771
1824153,2895
1824444,2893
1824657,3012
1824894,2878
1825116,2865
1825382,2820
1825569,2876
1825782,2876
1826599,2842
1826832,2870
1827135,2876
1827497,2973
1827756,3020
1827967,2959
1828180,3717
1828370,3062
1828572,3433
1828777,3326
1829530,3034
1829798,3079
1830143,2956
1830604,2857
1831089,2841
1831110,3126
1831575,2833
1831986,2770
1832224,2888
1832397,2826
1832715,3070
1833018,2861
1833253,2870
1833580,2784
1834071,2780
1835457,3103
1835622,3141
1836466,2782
1837348,3211
1837362,2930
1837583,3157
1837721,3616
1837739,2957
1838229,3264
1838348,2876
1838727,3844
1838906,2899
1839421,2926
1840433,3047
1840810,2801
1841069,2867
1841226,3021
1841575,3554
1841889,3327
1842096,2925
1842566,3404
1842712,2977
1843375,4967
1844380,2802
1844547,3169
1844706,3499
1844845,3408
1845522,3276
1845788,3156
1846137,2960
1847337,4040
1847430,2821
1847559,3099
1847915,3148
1848451,3024
1848474,3321
1848636,3254
1849176,3252
1849337,4017
1849385,3091
1850436,2896
1850785,2943
1851201,3053
1851629,3068
1852053,3061
1852190,4169
1852216,3309
1852707,3118
1852873,3045
1853543,2922
1853563,3212
1854352,2898
1854527,2941
1855316,2929
1855336,3261
1855653,3279
1856149,2931
1856436,3205
1856671,3412
1856763,3978
1856953,3024
1857565,3084
1858427,2829
1858466,2909
1858740,2909
1859094,2829
1859171,3308
1859737,2892
1860130,2802
1860467,2876
1860837,2859
1860851,3137
1861461,2915
1861482,2997
1861790,2865
1862040,2862
1862613,2788
1862762,2875
1863056,2894
1863466,2900
1863815,2777
1864071,2784
1864480,2882
1864630,2930
1864832,2850
1865028,2914
1865488,2973
1865789,2886
1866081,2814
1866450,2880
1866687,2865
1866983,2787
1867673,2906
1867777,2956
1867934,2955
1868116,2949
1868592,2904
1868799,2821
1869016,2888
1869455,2941
1869679,2853
1869920,2791
1870717,2892
1870894,2828
1871017,2965
1871223,3063
1871720,2869
1871734,3165
1872004,2852
1872485,2926
1872696,2824
1872887,2921
1873814,2833
1873836,2912
1874094,2949
1874371,2956
1874727,2864
1875020,2868
1875035,2946
1875640,2836
1875675,2951
1875896,3034
1876850,2830
1876863,2911
1877142,2938
1877602,2793
1877772,2959
1878093,2808
1878254,3091
1878607,2943
1878762,3059
1879053,2781
1879909,2842
1879938,2955
1880215,2953
1880515,2883
1880817,2805
1881029,2821
1881648,2927
1881660,3023
1881910,2945
1882075,2875
1882879,2782
1883045,2842
1883303,2818
1883504,2850
1883734,2840
1883956,2847
1884664,2921
1884841,2847
1885065,2780
1885124,3057
1885755,2863
1885990,2847
1886286,2790
1886479,2834
1886702,2849
1886949,2820
1887676,2968
1887850,2943
1888016,2884
1888297,2895
1888702,2904
1888937,2871
1889173,2864
1889408,2891
1889645,2860
1889866,2920
1890733,2880
1891002,2859
1891015,2985
1891329,3043
1891741,2790
1891928,2892
1892139,2949
1892406,3124
1892619,2873
1892874,2813
1893744,2935
1893985,2950
1894151,2933
1894653,2886
1894682,2967
1894918,2892
1895184,3014
1895638,2841
1895806,2855
1895827,2978
1896774,2979
1897029,2870
1897237,2820
1897643,2889
1897812,2820
1897944,2957
1898376,2788
1898579,2896
1898788,2977
1898937,2855
1899885,2873
1900034,2990
1900247,2835
1900618,2795
1900825,2863
1901033,2889
1901306,3015
1901595,2944
1901933,2823
1901984,2908
1902851,2890
1903128,2908
1903407,2788
1903510,2914
1903780,2867
1904011,2859
1904431,2827
1904664,2912
1904878,2861
1905033,2868
1905867,2787
1906121,2847
1906362,2919
1906558,2830
1906770,2881
1906992,2959
1907459,2936
1907672,3000
1907878,2931
1908042,2943
1908742,2890
1909100,2792
1909366,2788
1909574,2896
1909784,2819
1910038,2821
1910527,2961
1910803,2947
1911010,2891
1911223,2883
1911763,2847
1912012,2917
1912429,3065
1912593,2921
1912820,2881
1913000,3141
1913581,2953
1913884,2876
1913998,2933
1914306,2850
1914706,2886
1915022,2782
1915646,2840
1915815,2779
1915978,2862
1916232,3020
1916628,3019
1916853,2973
1917055,2938
1917304,3116
1917719,2864
1917924,2966
1918623,2839
1918826,2966
1918932,2778
1919418,2908
1919747,2934
1919974,2890
1920143,2838
1920511,2897
1920719,2899
1920973,2807
1921604,2842
1921926,2835
1921930,3125
1922452,2922
1922806,2892
1923000,2845
1923199,2919
1923542,2895
1923738,2988
1923901,2845
1924544,2881
1924886,2784
1925143,2923
1925472,2885
1925793,2804
1925974,2916
1926239,3069
1926558,2908
1926876,2954
1926930,2902
1927553,2880
1927792,2775
1928188,2882
1928714,2896
1928774,2952
1928981,2856
1929449,2987
1929666,2884
1930054,2905
1930068,3187
1930523,2833
1930723,2787
1931159,2796
1931715,2811
1931907,2769
1932071,2828
1932682,2941
1932699,3217
1933085,2949
1933489,2860
1933656,2999
1933904,2803
1934086,2785
1934614,2860
1934821,2798
1935029,2864
1935748,2785
1936002,2806
1936214,2997
1936483,2893
1936755,2841
1937056,2778
1937222,3126
1937708,2881
1937729,2996
1937997,2888
1938639,2865
1938938,2780
1939314,2789
1939506,2822
1939720,2835
1939958,2822
1940473,3020
1940716,2890
1940867,3005
1941073,2831
1941641,2796
1941835,2772
1942187,2869
1942429,2861
1942651,2867
1942884,2929
1943701,2895
1943716,2976
1943966,2821
1944135,2919
1944528,2864
1944732,2861
1945192,2826
1945414,2875
1945649,2881
1945935,2820
1946859,2829
1946884,2951
1947028,2963
1947241,3013
1947533,2916
1947736,2938
1948111,3018
1948379,2879
1948666,2815
1948882,2838
1949818,2791
1950082,3025
1950095,3107
1950573,2936
1950737,2897
1950962,2961
1951232,3001
1951498,2999
1951651,2943
1951861,2997
1952707,2794
1953323,2972
1953328,3030
1953621,2999
1953783,3014
1954010,3085
1954371,3049
1954683,2899
1954693,2999
1954997,2951
1955624,2788
1956453,3012
1956474,3086
1956711,3007
1956928,3225
1957187,2906
1957515,3057
1957781,2945
1957827,3056
1958084,2848
1958542,2852
1959621,2916
1959820,2925
1959989,2909
1960240,2996
1960298,3034
1960708,2974
1960818,3050
1961112,2972
1961320,2974
1961506,2997
1962669,2889
1962851,2915
1963064,2935
1963518,3019
1963662,3014
1963853,3112
1964016,3038
1964340,3091
1964586,2913
1964613,3174
1965654,2851
1965879,2833
1966127,2800
1966665,2785
1966831,2991
1967157,3042
1967204,3119
1967608,2997
1967621,2959
1967919,2902
1968634,2798
1968847,2798
1969064,2799
1969540,2802
1969917,2830
1970412,2914
1970433,3030
1970871,2884
1971031,2910
1971054,3021
1971563,2803
1971776,2814
1971985,2837
1972465,2782
1972830,2819
1973558,2848
1973571,2914
1973853,2929
1974060,2874
1974209,3002
1974465,2996
1974697,3065
1974953,2883
1975368,2962
1975779,2791
1976550,2915
1976764,2900
1976916,3047
1977119,3018
1977393,3101
1977583,3228
1977980,2949
1978118,2935
1978421,2910
1978706,2901
1979555,2848
1979788,2852
1980059,2818
1980349,2990
1980623,2927
1980901,2870
1981143,2919
1981157,3063
1981431,3060
1981739,2859
1982529,2846
1982764,2835
1983003,2815
1983447,2840
1983679,2821
1983894,2995
1984181,3235
1984369,3005
1984599,3129
1984793,2912
1985478,2906
1985733,2811
1985943,2839
1986371,2849
1986597,2819
1986986,2837
1987535,2830
1987557,2927
1987854,2825
1988025,2871
1988494,2830
1988671,2837
1988905,2772
1989331,2855
1989551,2808
1989917,2816
1990466,2892
1990629,2913
1990819,2834
1991029,2875
1991651,2794
1991807,2776
1992006,2844
1992444,2804
1992608,2849
1992858,2907
1993481,2884
1993666,2906
1993886,2979
1994051,2834
1994551,2810
1994795,2786
1994975,2823
1995577,2833
1995604,2897
1995857,2920
1996463,2920
1996700,2898
1997017,2854
1997180,2911
1997482,2852
1997710,2839
1997923,2847
1998601,2835
1998613,2911
1998906,2891
1999485,2885
1999740,2852
2000004,2836
2000225,3009
2000475,3078
2000685,2857
2000904,2857
2001629,2842
2001643,2946
2001897,2788
2002500,2830
2002712,2846
2002962,2837
2003375,2880
2003850,2819
2003910,2848
2004059,2794
2004575,2901
2004807,2809
2004970,2771
2005417,2931
2005687,2966
2005931,2839
2006376,2839
2006878,2789
2007060,2777
2007258,2971
2007567,2999
2007830,2846
2007851,2947
2008486,2841
2008735,2871
2008945,2794
2009332,2871
2009801,2821
2009964,2767
2010366,3007
2010750,2932
2010884,2776
2011087,2916
2011433,2888
2011833,2844
2011845,3123
2012343,2785
2012819,2830
2012835,2902
2013520,2856
2013837,2950
2013852,3036
2014096,3072
2014453,2895
2014809,2801
2015062,2941
2015319,3005
2015834,2851
2015847,2936
2016510,2968
2016875,2870
2017006,2900
2017332,2852
2017767,2848
2017813,3071
2018132,2805
2018410,2828
2018877,2833
2018889,2907
2019572,2978
2019879,2800
2020070,2873
2020399,2938
2020705,2893
2021022,2968
2021065,3029
2021393,2886
2021904,2839
2021940,2895
2022655,2794
2022827,2852
2023050,2866
2023530,2803
2023727,2767
2024080,2827
2024241,2937
2024380,3261
2024929,2846
2025092,2789
2025572,2865
2025807,2838
2026042,2846
2026426,2818
2026639,2796
2026999,2980
2027498,2827
2027728,2884
2027970,2799
2028153,2841
2028535,2869
2028748,2866
2029020,2912
2029487,2947
2029522,2904
2030111,2928
2030450,2981
2030737,2909
2030868,2959
2031118,2999
2031534,2814
2031720,2876
2032020,2802
2032668,2833
2032677,2915
2033136,2878
2033522,2956
2033752,2989
2033957,3080
2034202,2941
2034448,2942
2034691,2849
2034954,2901
2035692,2830
2035739,3081
2036112,2970
2036606,2949
2036876,2897
2037233,3374
2037371,2956
2037631,2992
2037793,3136
2037988,3041
2038659,2790
2038910,2787
2039213,2821
2039644,2849
2039869,2780
2040435,2994
2040759,2927
2040804,3155
2041023,3089
2041231,3221
2041580,2869
2041821,2954
2042120,2944
2042627,2837
2042792,2967
2043516,2988
2043788,2933
2044091,2860
2044327,2859
2044603,2817
2044866,2823
2044889,2952
2045199,2959
2045588,2785
2045846,2782
2046636,2803
2046845,2836
2047072,2837
2047317,2829
2047542,2967
2047809,2802
2047933,2959
2048249,2961
2048480,2966
2048760,2955
2049520,2886
2049774,2861
2050007,2884
2050247,3253
2050721,2940
2050787,2961
2051022,3064
2051539,2943
2051551,3018
2051814,2860
2052539,2909
2052757,2855
2053009,2827
2053753,2788
2053829,2923
2053969,2939
2054185,3044
2054653,2789
2054757,2838
2054968,2840
2055543,2896
2055738,3050
2055956,2829
2056630,2941
2056850,3000
2057062,3055
2057346,2911
2057564,2896
2057722,3061
2057909,2972
2058840,2799
2059095,2789
2059406,3089
2059682,2959
2059944,3000
2060217,3127
2060462,3086
2060617,3029
2060950,2989
2061117,2842
2061734,2876
2061984,2781
2062590,2885
2062775,2835
2063029,2776
2063476,2982
2063744,2972
2063756,3100
2064082,2943
2064124,3021
2064717,2863
2064891,2912
2065673,2860
2065872,2816
2066064,2930
2066589,2939
2066844,3067
2067237,2856
2067309,3051
2067413,3107
2067680,2979
2067928,2876
2068673,2877
2068830,2989
2069077,2802
2069631,2813
2070043,2889
2070224,2929
2070491,2980
2070657,2980
2070904,3021
2070917,3101
2071651,2880
2071996,2775
2072160,2848
2072658,2781
2073020,2868
2073256,3265
2073604,3044
2073764,2988
2074078,2938
2074159,2911
2074624,2886
2074875,2954
2075141,2975
2075528,2792
2076020,2777
2076615,2929
2076848,2966
2076903,3064
2077207,3229
2077377,2904
2077643,3025
2077953,3011
2078207,3020
2078454,2831
2078891,2790
2079673,2954
2079934,2811
2080106,3043
2080372,2964
2080584,3059
2080804,2976
2081052,2962
2081377,2809
2081540,2999
2081825,2800
2082719,2787
2082927,2883
2083296,2857
2083561,2880
2083786,2885
2083998,2963
2084142,2958
2084446,3015
2084697,2918
2084767,3356
2085634,2895
2085940,2893
2086241,2966
2086542,2994
2086802,2969
2087079,2933
2087238,2994
2087650,3171
2087813,2828
2088210,3196
2088614,2889
2088925,3017
2089371,2781
2089620,2902
2089866,2871
2090137,2819
2090358,2821
2090872,2826
2090906,2897
2091616,2805
2091776,2771
2092031,2853
2092304,2927
2092657,2803
2092860,2826
2093070,2846
2093318,2844
2093783,2806
2093946,2903
2094512,2812
2094722,2879
2095015,2882
2095391,2791
2095607,2804
2095815,2847
2096063,2824
2096318,2806
2096677,2829
2096976,2772
2097445,2896
2097724,2890
2098019,2893
2098323,2832
2098533,2961
2098784,3032
2099012,2904
2099225,2794
2099608,2856
2099837,2854
2100481,2857
2100797,2912
2101045,2970
2101321,2991
2101600,2876
2102011,2786
2102121,2973
2102318,2915
2102608,2807
2102815,3022
2103425,2805
2103847,2818
2104101,2821
2104458,2867
2104664,2960
2104932,2994
2105183,3048
2105509,2874
2105673,2817
2105941,2796
2106384,2838
2106752,2847
2107052,2904
2107447,2984
2107763,2784
2108010,2938
2108395,2837
2108624,2830
2108795,2952
2108956,2818
2109466,2928
2109738,2882
2110049,2802
2110688,2917
2110703,3037
2111073,2876
2111370,3042
2111580,2913
2111890,2876
2111946,2930
2112527,2830
2112741,2827
2112950,2851
2113796,2869
2114002,2823
2114197,2918
2114582,2973
2114603,3064
2114859,2962
2115005,2994
2115458,2949
2115704,2850
2115926,2854
2116800,2781
2116965,2913
2117212,2847
2117653,2926
2117831,2846
2118108,2882
2118161,3304
2118499,3065
2118686,2975
2118904,2871
2119704,2845
2119968,2832
2120186,2828
2120819,2934
2120846,2999
2121127,2983
2121551,2939
2121794,2874
2121866,2927
2122060,2862
2122642,2870
2122926,2820
2123132,2827
2123944,2890
2124173,2960
2124199,3199
2124620,2970
2124802,2915
2125020,2887
2125042,3101
2125616,2844
2125879,2813
2126080,2834
2126956,2964
2127220,2816
2127525,2884
2127720,3096
2127928,3037
2128127,2901
2128299,2937
2128557,2928
2128796,2847
2129046,2806
2130013,2809
2130195,2951
2130539,2798
2130947,2797
2131629,2879
2131803,2821
2132149,2883
2132342,2801
2132497,2944
2132581,2958
2132927,2927
2133256,2863
2133471,2880
2133863,2812
2134636,2786
2134858,2789
2135136,2901
2135619,2885
2135880,2881
2136031,2976
2136274,2886
2136448,2959
2136620,2945
2136821,3005
2137550,2822
2137768,2776
2138121,2830
2138639,2841
2138882,2970
2139127,2937
2139253,3183
2139657,2877
2139684,2964
2139918,2985
2140478,2825
2140675,2810
2141070,2820
2141567,2798
2141948,2851
2142158,2788
2142629,2839
2142732,2999
2143153,3496
2143456,2784
2143621,2926
2143786,2985
2144020,2841
2144489,2843
2144917,2825
2145078,2781
2145560,2796
2145821,2781
2146365,2791
2146643,2942
2146883,2850
2146952,2939
2147091,3025
2147464,2918
2147851,2825
2148015,2896
2148481,2963
2148723,2774
2149299,2783
2149719,2796
2149871,2934
2150216,2961
2150245,3462
2150530,3076
2150842,3121
2151036,3019
2151614,2877
2151784,2862
2152216,2845
2152641,2826
2152894,2781
2153328,2780
2153791,2876
2153812,2959
2154156,2937
2154169,3069
2154627,2988
2154940,2897
2155187,2902
2155591,2808
2155796,2824
2156196,2823
2156857,2845
2157072,2848
2157232,3160
2157403,3021
2157719,2940
2157968,2869
2158213,2921
2158527,2845
2158743,2853
2159141,2843
2159825,2813
2160045,2772
2160490,2942
2160611,2883
2160856,2849
2161055,2923
2161291,2911
2161503,2927
2161717,2864
2162072,2833
2162741,2805
2162963,2778
2163625,2788
2163810,2894
2163868,3132
2164077,3057
2164423,3225
2164597,2880
2164731,2908
2164999,3037
2165655,2805
2165876,2776
2166533,2891
2166829,2808
2167087,2797
2167471,2882
2167712,2883
2167817,3041
2167871,3033
2168166,3042
2168547,2916
2168780,2790
2169534,2884
2169766,2834
2170008,2836
2170434,2976
2170688,3126
2171029,2871
2171347,2985
2171553,3042
2171735,2950
2171904,2872
2172508,2875
2172705,2986
2172973,2828
2173533,2786
2174001,2822
2174047,3086
2174430,3088
2174693,2978
2174919,2911
2175085,2866
2175517,2817
2175787,2784
2175994,2794
2176521,2830
2176959,2791
2177215,3009
2177655,2787
2177818,2899
2178060,2878
2178239,2910
2178471,2930
2178698,2975
2178909,2862
2179474,2780
2179834,2824
2180537,2900
2180550,3051
2180850,3168
2181061,3049
2181497,3019
2181535,2962
2181765,2941
2181971,3002
2182373,2848
2182792,2789
2183538,2984
2183848,2886
2184108,2843
2184250,3108
2184643,2986
2184810,2972
2184839,3229
2185067,3106
2185418,3103
2185714,2914
2186652,2800
2186857,2808
2187071,2825
2187460,3078
2187749,3015
2188009,2972
2188349,2932
2188391,3035
2188630,2969
2188813,2997
2189552,2845
2189784,2827
2190025,2802
2190627,2859
2190872,2837
2191114,3000
2191406,3086
2191569,3083
2191747,3031
2191935,2933
2192526,2851
2192747,2937
2192972,2830
2193591,2836
2193840,2774
2194219,2931
2194589,2992
2194863,2996
2194996,2821
2195040,2918
2195512,2902
2195893,2888
2195906,2986
2196525,2834
2196736,2774
2197242,2811
2197680,2938
2198014,2868
2198064,2858
2198288,2856
2198502,2998
2198885,2783
2199049,2931
2199456,2840
2199637,2835
2200154,2794
2200713,2935
2201010,2856
2201210,3201
2201347,2780
2201680,2968
2201799,3109
2202115,2910
2202382,3117
2202591,2852
2203079,2868
2203778,2806
2203990,2859
2204245,2918
2204521,2977
2204741,2943
2205147,2821
2205337,2950
2205584,2848
2205626,2937
2206042,2838
2206690,2901
2206943,2888
2207257,2966
2207594,2891
2207849,2975
2208101,2842
2208521,2832
2208685,2911
2208706,3011
2209011,2860
2209719,2847
2209953,2772
2210322,2867
2210657,2788
2210908,2842
2211120,2885
2211479,3022
2211708,2947
2211882,2926
2212079,2871
2212660,2797
2212871,2776
2213543,2925
2213706,2793
2213886,2838
2214099,2971
2214602,3012
2214786,2941
2215046,3047
2215061,3029
2215584,2868
2215770,2874
2216588,2848
2216749,2963
2216876,2987
2217205,2949
2217704,2892
2217931,2881
2218246,2926
2218308,3145
2218548,3001
2218759,2835
2219536,2974
2219845,2804
2220019,2868
2220258,2865
2220722,2821
2220952,2901
2221274,3025
2221839,2862
2221883,3136
2222003,2893
2222607,2793
2222785,2882
2223022,2836
2223249,2851
2223632,2885
2223982,2781
2224423,2781
2224794,2876
2225112,2783
2225304,2819
2225503,2864
2225751,2926
2225985,2835
2226226,2825
2226643,2846
2226889,2774
2227322,2829
2227799,2815
2228022,2834
2228246,2844
2228489,2848
2228812,2934
2229032,2803
2229196,2989
2229670,2825
2229875,2929
2230305,2808
2230703,2876
2230952,2863
2231185,2872
2231466,2862
2231927,2916
2231948,2996
2232303,3005
2232633,2808
2232892,2883
2233209,2820
2233710,2833
2233945,2826
2234178,2831
2234453,2776
2235028,2876
2235246,2890
2235446,2871
2235631,2910
2235881,2937
2236135,2991
2236643,2870
2236878,2851
2237138,2839
2237522,2960
2238028,2951
2238301,2898
2238454,3026
2238656,3029
2238955,2964
2239211,2920
2239644,2836
2239854,2838
2240099,2949
2240568,2810
2241079,2932
2241457,2933
2241622,2950
2241816,2977
2242040,3044
2242250,2938
2242567,2983
2242808,2905
2243145,2888
2243509,2790
2244099,2796
2244485,2846
2244699,2951
2244922,2903
2245176,2904
2245376,2871
2245678,2893
2245870,2927
2246158,2859
2246398,2831
2246997,2782
2247422,2909
2247748,2800
2247957,2976
2248212,3109
2248436,3163
2248671,3050
2248896,2970
2249155,2964
2249478,2884
2249866,2823
2250461,2942
2250667,2772
2251019,2867
2251427,2844
2251696,2777
2251952,2876
2251973,3151
2252220,3004
2252505,2925
2252792,2915
2253563,2832
2253576,2969
2253983,2802
2254385,2802
2254606,2872
2254956,2780
2255208,2954
2255519,2884
2255542,2956
2255802,2988
2256501,2831
2256682,2834
2256909,2837
2257309,2887
2257568,2883
2257861,2806
2258289,3044
2258555,3107
2258763,2774
2258927,2915
2259426,2832
2259647,2939
2259878,2813
2260441,2896
2260607,2831
2260792,2774
2261460,3007
2261646,2879
2261821,2963
2261982,2929
2262410,2791
2262669,2783
2262880,2854
2263429,2892
2263649,2771
2263829,2768
2264608,2912
2264644,2980
2264875,3055
2265078,3008
2265445,3062
2265618,2928
2265860,2783
2266507,2901
2266750,2816
2266771,2947
2267710,2787
2267916,2789
2268172,2827
2268192,2952
2268738,2860
2268761,2960
2268915,3053
2269549,2861
2269686,2814
2269849,2944
2270601,2823
2270834,2984
2271088,2869
2271322,2816
2271705,3227
2271862,2974
2272064,3034
2272616,2832
2272628,2979
2272903,2945
2273513,2830
2273909,2886
2274095,2827
2274306,2918
2274929,2818
2275223,3033
2275326,3332
2275591,3018
2275741,3271
2275953,2976
2276479,2877
2276884,2946
2277057,2860
2277318,2779
2277850,2819
2278493,2934
2278747,2925
2278793,3025
2279073,2979
2279237,3085
2279549,2875
2280070,2789
2280226,2930
2280339,3089
2280792,2790
2281518,2975
2281768,2941
2281951,2983
2282182,2985
2282522,2889
2282536,3089
2282990,2971
2283244,3257
2283677,2774
2283841,2768
2284626,2804
2284831,2837
2285033,2879
2285342,2842
2285537,2842
2285748,2880
2286052,2799
2286701,2829
2286713,2908
2286879,2866
2287566,2828
2287793,2836
2288015,2836
2288294,2809
2288509,2855
2288754,2833
2288975,2856
2289878,2843
2289897,2916
2290059,2897
2290486,3002
2290728,2910
2290984,3006
2291224,2888
2291489,2905
2291720,2894
2291954,2935
2293084,2843
2293103,2917
2293295,3092
2293631,2982
2293848,2989
2294083,2900
2294327,2818
2294532,2925
2294740,2935
2295015,2821
2296116,2939
2296128,3020
2296513,3081
2296736,2968
2296958,2948
2297113,3067
2297343,2980
2297591,2932
2297798,2823
2297960,3108
2299250,2823
2299320,3130
2299786,2970
2300010,2971
2300054,3021
2300434,3040
2300732,3044
2300745,3041
2300902,3076
2301206,2896
2302202,2914
2302535,2882
2302882,2940
2303192,2777
2303364,2936
2303615,3082
2303928,2918
2304074,2945
2304319,3042
2304454,2891
2305219,2914
2305549,2924
2305911,2781
2306118,2910
2306427,2775
2306788,2914
2306998,3012
2307160,3001
2307478,2816
2307578,2863
2308230,2828
2308575,2891
2308817,2865
2309118,2812
2309427,2784
2309792,2871
2310102,2985
2310369,2832
2310531,2835
2310574,3061
2311184,2830
2311553,2879
2311773,2870
2312062,2914
2312342,2800
2312750,2829
2313463,2856
2313518,2865
2313776,2964
2313946,3000
2314139,2907
2314556,2910
2314761,2879
2315069,2791
2315301,2835
2315710,2839
2316485,2917
2316498,3019
2316839,2949
2317070,2939
2317298,3024
2317569,2861
2317771,2864
2317984,2925
2318255,2920
2318642,2779
2319500,2787
2319664,2838
2319879,2998
2320143,2921
2320536,2850
2320749,2888
2320802,2978
2321013,2940
2321343,2937
2321554,3003
2322376,2853
2322600,2783
2322972,2883
2323164,2945
2323518,2930
2323747,2959
2323904,2901
2324093,3016
2324396,2936
2324645,2943
2325614,2879
2325661,3102
2325993,3029
2326235,2967
2326574,2982
2326800,2985
2327028,2976
2327240,3001
2327420,2955
2327722,2890
2328585,2794
2328857,2788
2329112,2930
2329501,2832
2329688,2939
2329911,2817
2330126,2940
2330625,2848
2330790,2958
2330989,2894
2331515,2888
2331767,2927
2332163,2888
2332460,2778
2332715,2796
2332930,2854
2333192,2811
2333568,2844
2333873,2949
2334095,2810
2334530,2885
2334774,2784
2335150,2827
2335384,2839
2335635,2871
2335904,2847
2336130,2840
2336537,2833
2337038,2822
2337053,2896
2337545,2861
2337710,2792
2338069,2923
2338425,2799
2338637,2831
2338880,2873
2339091,2891
2339458,2784
2340036,2814
2340060,2896
2340504,2828
2340716,2851
2341122,2832
2341587,2845
2341604,2941
2341847,2909
2342087,2930
2342419,2893
2343039,2785
2343253,2813
2343462,2968
2343691,2809
2344042,2914
2344529,2877
2344694,2837
2344848,2939
2345128,2882
2345448,2783
2345948,2834
2346211,2952
2346608,2826
2346614,3012
2347091,2799
2347502,2845
2347721,2923
2347916,2831
2348133,2886
2348365,2992
2348871,2856
2349270,3025
2349607,2779
2349773,2936
2350013,2852
2350475,2963
2350732,2825
2350948,2890
2351157,2923
2351446,2971
2351858,2789
2352503,2872
2352532,2985
2352810,2930
2353017,2838
2353544,2839
2353708,2852
2353961,2839
2354207,2825
2354541,2899
2354773,2786
2355515,2851
2355872,2791
2355945,2861
2356092,2937
2356482,2851
2356693,2840
2356925,2852
2357154,2846
2357537,2819
2357750,2902
2358495,2974
2358811,2937
2359013,2815
2359177,2837
2359430,3034
2359635,2936
2359911,2944
2360125,2942
2360484,2850
2360740,2806
2361568,2919
2361912,2820
2362071,2969
2362147,2997
2362668,2899
2362687,3021
2362981,2981
2363190,2951
2363456,2963
2363670,2920
2364612,2935
2364872,2904
2365220,3251
2365537,2835
2365797,3020
2365847,3236
2366077,3099
2366421,3231
2366682,2951
2366691,3067
2367647,2842
2367906,2776
2368459,2774
2368597,2884
2368907,2926
2369461,2894
2369504,2960
2369813,2863
2369985,3249
2370185,2823
2370593,2804
2370817,2799
2371350,2846
2371612,2874
2371957,2785
2372442,2882
2372654,2864
2372820,2920
2373108,2851
2373535,2829
2373705,2774
2373865,2975
2374327,2878
2374586,2875
2374875,2812
2375447,2779
2375643,2817
2375867,2832
2376082,2838
2376460,2902
2376677,2783
2376936,2794
2377457,2893
2377622,2832
2377810,2769
2378414,2788
2378634,2781
2378838,2845
2379043,2898
2379554,2912
2379566,2991
2379861,2813
2380436,2873
2380659,2772
2380833,2872
2381501,2901
2381543,2999
2381792,3016
2382038,2878
2382663,2790
2382828,2848
2382870,2915
2383409,3010
2383522,2887
2383817,2907
2384596,2819
2384638,3079
2385001,2977
2385210,2987
2385544,2989
2385774,3070
2385939,2855
2386551,2947
2386821,2827
2386834,2941
2387547,2787
2387806,2779
2388067,2922
2388309,2932
2388680,2835
2388926,2814
2388963,2869
2389605,2855
2389862,2860
2389870,2943
2390496,2840
2390712,2781
2391075,2876
2391396,2833
2391642,2904
2391950,2846
2392113,2987
2392550,2927
2392909,2817
2392922,2891
2393587,2822
2393601,2899
2394086,2879
2394444,2905
2394693,2912
2394928,2901
2395183,2859
2395609,2933
2395915,2880
2396072,2839
2396591,2793
2396747,2883
2397061,2788
2397542,2796
2397750,2791
2397952,2813
2398164,2816
2398626,2820
2399007,2851
2399021,2927
2399515,2850
2399756,2853
2399971,2856
2400424,2852
2400647,2835
2400868,2833
2401111,2813
2401571,2792
2402049,2777
2402218,3201
2402556,2930
2402734,3075
2402948,2970
2403407,2797
2403607,2836
2403827,2836
2404044,2841
2404447,2991
2404933,2787
2405601,2892
2405614,2976
2405904,2976
2406109,3074
2406365,2852
2406572,2884
2406784,2926
2407007,2863
2407557,2889
2407841,2906
2408706,2845
2408743,3106
2409011,2956
2409537,2902
2409568,2975
2409716,2935
2409973,3131
2410138,2853
2410579,2839
2410833,2874
2411684,2784
2411940,2790
2412149,2793
2412542,2939
2412767,3025
2412937,3005
2413126,2989
2413360,2885
2413690,2886
2413854,2850
2414558,2880
2414870,2796
2415064,2819
2415566,2880
2415897,2991
2416078,2933
2416362,3043
2416375,3297
2416674,3143
2416885,2886
2417578,2914
2417792,2871
2418005,2946
2418570,2791
2418978,2830
2419181,2893
2419501,2991
2419898,2771
2420151,2857
2420163,3008
2420588,2894
2420806,2898
2421036,2827
2421583,2880
2421940,2893
2422198,2951
2422615,2838
2422790,2875
2423132,2799
2423326,2881
2423578,2945
2423811,3011
2423994,2837
2424549,2797
2424930,2877
2425238,2936
2425551,2838
2425798,2854
2426053,2911
2426429,2924
2426646,2910
2427038,2820
2427181,2888
2427481,2954
2427890,2809
2428332,2779
2428510,2913
2428752,2879
2429053,2813
2429495,2830
2429687,2834
2429942,2852
2430168,2850
2430532,2883
2430831,2775
2431192,2891
2431520,2880
2431766,2858
2431987,2856
2432411,2837
2432623,2889
2432930,2805
2433134,2825
2433560,2801
2433776,2898
2434215,3142
2434486,3079
2434714,2948
2434938,2787
2435385,3055
2435644,2815
2435857,2934
2436078,2861
2436502,2860
2436759,2860
2437551,2885
2437809,2782
2437869,2877
2438038,2920
2438609,2831
2438633,2990
2438898,2843
2439073,2944
2439447,2960
2439755,2776
2440523,2878
2440730,2884
2440906,3008
2441094,2846
2441565,2880
2441839,2850
2441851,2984
2442109,2958
2442628,2812
2442793,2942
2443529,2902
2443739,2913
2444058,2816
2444223,2943
2444550,3009
2444783,2948
2444964,2924
2445193,2971
2445566,2827
2445825,2929
2446527,2850
2446755,2901
2447005,2895
2447329,2974
2447654,2898
2447866,2846
2448071,2855
2448457,2894
2448587,3141
2448855,2968
2449482,2858
2449744,2879
2449997,2848
2450395,2968
2450683,2902
2450848,2894
2451055,2982
2451438,2966
2451821,2773
2452029,2787
2452467,2881
2452753,2816
2452967,2818
2453453,2943
2453691,2988
2453889,3084
2454120,2862
2454535,2794
2454719,2859
2454938,2877
2455440,2899
2455667,2845
2455882,2810
2456528,2959
2456808,2905
2457181,3177
2457338,2898
2457464,3161
2457669,3326
2457913,2830
2458470,2896
2458646,2976
2458857,2890
2459626,2799
2459834,2772
2460460,2989
2460712,3165
2460911,2771
2461076,3068
2461165,3173
2461456,3193
2461839,2981
2461852,3067
2462522,2866
2462733,2842
2463544,2992
2463814,2974
2463972,3030
2464239,3030
2464481,3108
2464751,2942
2465009,2815
2465214,2942
2465495,2900
2465703,2785
2466642,2860
2466874,2848
2467107,2899
2467422,2927
2467775,2838
2467989,2858
2468044,2917
2468255,3044
2468617,2978
2468780,2827
2469605,2833
2469854,2872
2470128,2890
2470436,3012
2470741,2938
2470957,2866
2471129,2974
2471433,3012
2471811,2818
2471826,2902
2472578,2869
2472849,2914
2473114,2888
2473550,2938
2473802,2802
2474061,2817
2474277,2819
2474543,2912
2474863,2819
2474890,2878
2475541,2880
2475866,2928
2476134,2924
2476591,2833
2476758,2840
2476976,2852
2477187,2932
2477585,2907
2477837,2817
2478008,2957
2478507,2915
2478890,2792
2479137,2789
2479521,2807
2479731,2811
2479951,2904
2480243,3079
2480625,2888
2480799,2896
2481092,2890
2481551,2848
2481806,2834
2482046,2810
2482415,2881
2482637,2879
2482953,2784
2483423,2934
2483648,2822
2483820,2905
2484105,2837
2484492,2873
2484742,2830
2484953,2835
2485454,2781
2485643,2823
2485861,2770
2486498,2928
2486672,2922
2486850,2906
2487067,2842
2487451,2941
2487663,2879
2487883,2816
2488702,2784
2488852,2774
2488916,2831
2489518,2897
2489732,2897
2490002,2925
2490014,2938
2490527,2907
2490684,2834
2490887,2810
2491578,2869
2491840,2830
2491853,2901
2492519,2850
2492761,2925
2493150,2797
2493317,3046
2493606,2862
2493843,2892
2493856,3006
2494552,2940
2494835,2813
2494861,2896
2495471,2889
2495789,2864
2496070,2798
2496453,2792
2496571,3019
2496843,3045
2497005,2843
2497584,2874
2497883,2833
2497913,2942
2498489,2879
2498776,2803
2498974,2822
2499362,2883
2499724,2991
2499971,2863
2500011,2964
2500594,2927
2500839,2784
2500998,2896
2501459,2852
2501698,2888
2501905,2854
2502553,2799
2502803,2889
2503072,2875
2503085,2972
2503706,2822
2503727,2894
2503988,2884
2504414,2969
2504688,2800
2504893,2804
2505473,2891
2505780,2949
2506149,2824
2506162,2897
2506706,2871
2506725,2959
2507000,2789
2507468,2899
2507675,2866
2507839,2799
2508451,2779
2508859,2921
2509124,2784
2509313,2766
2509664,2858
2509831,2802
2510092,2814
2510506,2851
2510750,2768
2510814,3003
2511448,2794
2511914,2878
2512159,2826
2512176,2938
2512623,2827
2512790,2910
2513007,2898
2513454,2897
2513650,2813
2513901,2822
2514505,2835
2514942,2844
2515210,2951
2515216,3149
2515601,2969
2515821,2985
2516026,2873
2516436,2979
2516649,2818
2516856,3047
2517424,2898
2517883,2858
2518430,2939
2518636,2958
2518889,2918
2518977,2942
2519186,2985
2519573,2829
2519737,2983
2519987,2839
2520454,2988
2520865,2844
2521457,2865
2521691,2930
2521901,2935
2522072,3011
2522376,2963
2522544,3002
2523061,2898
2523503,2966
2523529,2960
2523806,2859
2524457,2889
2524749,2833
2524992,2826
2525202,2852
2525483,2810
2525668,2822
2526082,2803
2526803,2783
2526952,2829
2526977,2932
2527453,3004
2527674,2928
2527927,2885
2528190,2843
2528422,2821
2528613,2870
2528969,2787
2529684,2904
2529893,2800
2530044,2904
2530586,2886
2530755,2925
2530935,2976
2531151,2991
2531413,2921
2531627,2923
2531888,2894
2532711,3066
2532905,2773
2533081,2888
2533572,2846
2533783,2843
2534006,3019
2534237,2969
2534463,3067
2534677,2959
2534908,2868
2535770,2837
2535919,2792
2536123,2782
2536553,2842
2536750,2942
2537147,2794
2537341,2989
2537720,2875
2537927,2977
2537972,2880
2538795,2844
2538999,2772
2539162,2898
2539523,2902
2539775,2893
2540038,2852
2540429,2866
2540739,2881
2541011,2821
2541032,3068
2541776,2790
2541982,2800
2542190,2932
2542550,2842
2542790,2846
2542989,2960
2543399,3091
2543709,3044
2543933,2969
2544225,2836
2544691,2858
2544905,2873
2545209,2937
2545556,2896
2545780,2892
2546041,2811
2546583,2885
2546887,2866
2547043,2863
2547244,2877
2547641,2860
2547874,2860
2548301,2868
2548584,2923
2548796,2889
2548972,3013
2549588,2976
2549877,2901
2550042,2891
2550255,2984
2550638,2832
2550858,2845
2551252,3097
2551602,2974
2551821,2836
2552078,2876
2552654,2948
2552882,2838
2553081,2934
2553385,2851
2553595,2898
2553825,2955
2554748,2866
2554776,2951
2554941,2946
2555148,2856
2555727,2792
2555943,2805
2556147,2849
2556376,2972
2556615,2886
2556865,2805
2557720,2920
2557873,3022
2557980,2923
2558252,3000
2558648,2885
2558873,2885
2559119,2914
2559444,3043
2559656,2826
2559812,2867
2560734,2889
2561113,2924
2561270,2923
2561414,3007
2561627,2959
2561856,2930
2562172,3029
2562660,2800
2562829,2904
2562849,2917
2563754,2789
2564121,2798
2564343,2946
2564550,2895
2564708,2956
2564933,2887
2565312,2891
2565562,2940
2565892,2829
2566057,2949
2566628,2785
2567048,2883
2567451,2989
2567651,2840
2567760,2997
2568034,2938
2568357,2865
2568627,2903
2568844,2862
2569092,2824
2569546,2787
2570018,2781
2570574,2852
2570610,3073
2570883,2855
2571094,2936
2571391,3032
2571621,2986
2571822,2891
2572047,2999
2572420,2984
2572928,2788
2573512,2884
2573806,2934
2573897,3089
2574141,2850
2574537,2945
2574806,2944
2574881,2872
2575138,2831
2575542,2926
2575839,2777
2576519,2877
2576819,2954
2577139,2844
2577188,3108
2577580,2893
2577898,2797
2578090,2852
2578136,2954
2578565,2848
2578747,2816
2579492,2936
2579872,2843
2580119,2812
2580387,2806
2580609,2875
2580824,2932
2581073,2833
2581178,3006
2581587,2819
2581722,2963
2582553,2875
2582840,2802
2583039,2886
2583414,2787
2583611,3016
2583877,2848
2584030,2918
2584299,2941
2584516,2893
2584815,2809
2585518,2858
2585747,2891
2586053,2901
2586354,2778
2586714,2879
2586931,2770
2587100,3067
2587346,3231
2587566,2950
2587765,2856
2588483,2877
2588742,2873
2589049,2833
2589270,2790
2589795,2858
2589801,2920
2590348,2873
2590680,2776
2590887,2791
2591052,2839
2591451,2902
2591706,2856
2592018,2785
2592195,2832
2592819,2819
2592840,2900
2593340,2841
2593555,2849
2593814,2817
2594012,2844
2594520,2802
2594686,2899
2594915,2977
2595159,2852
2595825,2788
2596029,2871
2596309,2818
2596525,3030
2596731,2885
2596976,2805
2597407,2837
2597730,2781
2597985,2785
2598195,2805
2598739,2877
2599006,2832
2599225,3240
2599702,2890
2599909,2834
2600071,2939
2600384,2847
2600634,2996
2600868,2881
2601102,2788
2601701,2867
2601931,2772
2602572,2813
2602733,2918
2602941,2825
2603141,2887
2603468,2786
2603719,2897
2603895,2889
2604049,2830
2604657,2786
2604839,2907
2605482,2856
2605747,2787
2605915,2837
2606157,2831
2606395,2922
2606703,2927
2607012,2815
2607040,2895
2607577,2810
2607836,2775
2608463,2785
2608661,2849
2608852,2866
2609096,2888
2609407,2945
2609763,2872
2609960,2839
2610157,2917
2610522,2822
2610735,2833
2611374,2822
2611609,2827
2611814,2886
2612114,2921
2612484,2967
2612758,2821
2612932,2899
2613194,2878
2613465,2933
2613692,2777
2614344,2822
2614562,2852
2614821,2905
2615119,2867
2615548,2855
2615762,2786
2615970,2852
2616209,3018
2616551,2910
2616572,3004
2617268,2877
2617507,2915
2617822,2816
2618115,2788
2618536,2800
2618743,2792
2618951,2803
2619430,2782
2619692,2822
2619705,2954
2620335,2844
2620553,2807
2620760,2860
2621026,2772
2621461,2978
2621659,2821
2621850,2923
2622341,2994
2622649,2784
2622909,2827
2623293,2944
2623833,2854
2623866,2906
2624059,2892
2624603,2899
2624648,2960
2624876,2843
2625536,2893
2625550,3000
2625833,2811
2626372,2802
2626887,2794
2627123,2868
2627141,3005
2627697,2822
2627804,2872
2628007,2977
2628525,3247
2628730,2769
2628892,2775
2629399,2907
2629769,2904
2630090,2786
2630303,2913
2630609,2942
2630821,2882
2631072,2797
2631637,2828
2631819,2912
2632078,2855
2632395,2784
2632796,2788
2633003,2896
2633325,2894
2633649,2884
2633840,2858
2634000,2839
2634561,2922
2634856,2828
2635058,2846
2635309,2808
2635674,2884
2635997,2951
2636372,2986
2636673,2956
2636933,2968
2636945,2947
2637611,2881
2637808,2800
2638024,2850
2638238,3239
2638679,2771
2639071,2790
2639481,2863
2639724,2905
2640117,2861
2640132,2996
2640587,2881
2640797,2885
2641021,2860
2641573,2795
2641736,2836
2641993,2859
2642477,2867
2642756,2879
2643092,2797
2643398,2823
2643588,3007
2643869,2883
2644073,2821
2644462,2928
2644711,2980
2644984,2827
2645465,2891
2645764,2837
2646008,2905
2646414,2934
2646725,2840
2646886,2858
2647102,2884
2647524,2851
2647778,2863
2647987,2782
2648447,2884
2648699,2884
2649002,2800
2649481,2917
2649690,2950
2649888,2926
2650107,2929
2650466,2990
2650862,2826
2650874,2904
2651462,3004
2651707,2812
2651928,2772
2652484,2986
2652753,2939
2652950,2915
2653158,2948
2653579,2920
2653880,2895
2653926,2848
2654625,2794
2654796,2770
2654960,2843
2655556,2978
2655791,2965
2655988,2933
2656203,3031
2656599,2946
2656921,2792
2657092,2850
2657510,2849
2657726,2930
2657936,2827
2658663,2914
2658881,2970
2659039,3027
2659372,3051
2659631,2889
2659842,2960
2660072,2877
2660482,2817
2660745,2785
2660952,2795
2661682,2884
2661985,2792
2662183,2823
2662634,2816
2662672,2934
2662896,2854
2663098,2944
2663435,2904
2663658,2912
2663868,2994
2664653,2856
2664875,2897
2665102,2840
2665558,2864
2665843,2986
2665856,3237
2666154,2914
2666470,2973
2666700,2925
2666951,2801
2667609,2835
2667873,2789
2668080,2803
2668548,2791
2668917,2874
2669154,2784
2669513,2929
2669710,2844
2669915,2973
2670074,2821
2670529,2918
2670754,2860
2670980,2910
2671443,2890
2671890,2854
2672098,2791
2672545,2853
2672716,2891
2672975,2855
2673138,2977
2673540,2968
2673723,2878
2673999,2875
2674466,2884
2674836,2790
2675018,2838
2675524,2897
2675736,2911
2675951,2870
2676201,2841
2676697,2825
2676707,3082
2677003,2834
2677512,2851
2677754,2835
2677953,2856
2678513,2968
2678754,2937
2678953,3038
2679165,2849
2679612,3030
2679896,2851
2680045,2878
2680455,2947
2680685,2996
2680901,2831
2681618,2883
2681828,2892
2682135,2802
2682430,2790
2682753,2828
2683016,2869
2683029,3158
2683505,2890
2683854,2786
2684021,2840
2684632,2804
2684848,2814
2685059,2918
2685365,2879
2685666,2885
2686018,2784
2686296,2852
2686505,2882
2686771,2830
2686982,2894
2687521,2871
2687760,2877
2688075,2962
2688347,2995
2688688,2950
2688926,2887
2689429,2909
2689695,2882
2689716,3006
2690009,2816
2690520,2851
2690762,2917
2691157,2893
2691467,2780
2691728,2821
2691944,2829
2692549,2936
2692719,3027
2692968,2832
2692981,2997
2693510,2876
2693768,2891
2694157,2838
2694391,3021
2694671,2842
2694897,2880
2695573,2880
2695871,2823
2696158,2940
2696182,3007
2696490,2858
2696926,2879
2697120,2915
2697599,2847
2697619,2916
2697874,2774
2698583,2846
2698822,2815
2699335,2817
2699586,2901
2699625,3019
2699906,3013
2700131,2925
2700629,2791
2700731,2915
2700920,2818
2701538,2800
2701922,2886
2702312,3010
2702592,3034
2702883,3058
2703052,2892
2703258,3076
2703562,3005
2703875,2964
2703896,2981
2704436,2816
2704909,2781
2705562,2886
2705778,2910
2706109,2806
2706399,2816
2706451,3021
2706670,3115
2706975,2966
2707146,2905
2707394,2843
2707780,2929
2708548,2864
2708791,2845
2709046,2904
2709554,2885
2709761,2993
2709877,3153
2710182,3140
2710337,2808
2710495,3110
2710794,2833
2711513,2858
2711728,2881
2712053,2785
2712535,2878
2712861,2803
2713125,2996
2713421,2964
2713434,3045
2713819,2946
2713962,2901
2714460,2922
2714706,2984
2714972,2838
2715538,2856
2715753,2784
2716255,3042
2716599,2956
2716653,3048
2716890,2979
2717088,2992
2717523,2834
2717776,2853
2717986,2865
2718522,2815
2718687,2773
2719385,3066
2719659,3090
2719833,3056
2720029,3131
2720239,3097
2720480,2974
2720756,2914
2720972,2967
2721582,2842
2721595,2942
2722578,2990
2722942,2989
2723145,2966
2723257,3134
2723557,3108
2723772,3030
2723801,3218
2724040,3128
2724527,2929
2724691,2861
2725649,2790
2726179,2924
2726200,3004
2726524,3082
2726804,3065
2727004,2912
2727276,2963
2727407,3018
2727648,2942
2727669,3058
2728567,2798
2729193,2839
2729389,2965
2729698,3023
2730012,2889
2730174,3183
2730386,3070
2730559,3074
2730821,2916
2730834,3068
2731473,2979
2732159,2830
2732440,2800
2732819,2826
2733028,2783
2733451,2920
2733720,2900
2733820,3063
2734027,2900
2734199,3159
2734585,2793
2735072,2869
2735420,2948
2735771,2848
2735945,2941
2736467,2989
2736716,3037
2737026,3023
2737188,2956
2737536,2924
2737556,2923
2738078,2850
2738465,2861
2738716,2781
2739019,2820
2739581,2984
2739878,2907
2740286,2920
2740308,3027
2740607,2871
2740655,3049
2741033,2880
2741456,2874
2741621,2973
2741931,2814
2742666,2849
2742916,2772
2743475,2897
2743557,2910
2743783,2991
2743999,2910
2744037,3137
2744426,2994
2744729,2796
2744894,2774
2745600,2819
2745810,2906
2746560,2844
2746582,2971
2747002,2962
2747015,3037
2747632,2792
2747796,2844
2747944,2902
2747968,3122
2748546,2799
2748802,2785
2749508,2915
2749684,2776
2750113,2825
2750303,2831
2750507,2944
2750754,2958
2750934,3063
2751181,2951
2751436,2944
2751770,2857
2752566,2828
2752592,2899
2753037,2940
2753297,2867
2753581,2965
2753835,2865
2754087,2856
2754289,2911
2754509,2930
2754752,2779
2755584,2842
2755597,2944
2756088,2817
2756330,2892
2756640,2805
2756856,2880
2757077,2877
2757361,2881
2757628,2967
2757642,2915
2758528,2802
2758692,2871
2758995,2949
2759505,2885
2759670,2936
2759859,2903
2760080,2914
2760421,3030
2760686,2821
2760854,2935
2761422,3014
2761667,2777
2762035,2881
2762486,2936
2762731,2923
2762899,2912
2763130,2897
2763623,2815
2763884,2858
2763899,3141
2764584,2822
2764751,2833
2765004,2885
2765519,2946
2765747,2936
2765947,3034
2766150,2852
2766523,2942
2766877,2780
2767125,2782
2767505,2822
2767721,2791
2767983,2779
2768597,2896
2768806,2920
2769123,2836
2769299,2889
2769559,2862
2769785,2902
2770032,2951
2770453,2844
2770633,2848
2770883,2816
2771581,2883
2771817,2869
2772055,2869
2772404,2782
2772620,2886
2772814,2847
2773066,2890
2773400,2803
2773610,2827
2773824,2826
2774592,2818
2774811,2840
2775026,2882
2775350,2984
2775604,2847
2775831,2892
2776090,2859
2776354,2832
2776558,2849
2776782,2905
2777492,2910
2777741,2888
2778002,2849
2778442,2795
2778612,2838
2778845,2840
2779078,2841
2779473,2852
2779581,2853
2779796,2792
2780530,2832
2780744,2839
2780970,2856
2781339,2885
2781555,2866
2781789,2856
2782016,2845
2782427,2872
2782595,2815
2782722,2784
2783492,2847
2783698,2845
2783945,2779
2784355,2842
2784550,2903
2784767,2992
2784981,2873
2785425,2787
2785630,2812
2785702,2891
2786583,2858
2786942,2924
2786957,3002
2787382,2942
2787579,2981
2787932,2842
2788147,2843
2788361,3097
2788572,2832
2788734,2869
2789564,2795
2790056,2887
2790228,2827
2790447,2903
2790679,2902
2790894,2971
2791127,2941
2791603,2851
2791773,2837
2791970,2786
2792464,2785
2793149,2884
2793163,2960
2793480,2928
2793698,2883
2793951,2901
2794182,2944
2794582,2913
2794747,3013
2794961,2790
2795530,2861
2796206,3037
2796230,3128
2796499,3182
2796710,2987
2796990,3210
2797249,2909
2797584,2949
2797966,2869
2798110,2825
2798631,2785
2799509,2864
2799529,2943
2799855,2787
2800027,2893
2800350,3019
2800364,3047
2800671,2914
2800918,2845
2801131,2925
2801505,2832
2802568,2798
2802736,2944
2802777,3056
2803015,2964
2803595,2887
2803659,2913
2803846,3027
2803890,2997
2804162,3052
2804433,3042
2805456,2892
2805774,2880
2805965,2986
2806143,2829
2806702,2945
2806715,3034
2807036,3019
2807079,3127
2807331,3052
2807587,3068
2808480,2984
2808780,2922
2809099,2820
2809288,2853
2809736,2829
2809884,3045
2810159,3037
2810487,3032
2810743,2873
2810765,2995
2811594,2828
2811828,2817
2812048,2866
2812292,2782
2812652,2781
2813052,2967
2813346,2899
2813668,2820
2813845,2806
2814065,2853
2814526,2839
2814749,2818
2815007,2801
2815221,2988
2815575,2812
2816107,2882
2816369,2987
2816622,2879
2816808,2867
2817022,2838
2817457,2861
2817685,2834
2817940,2798
2818334,2920
2818668,2899
2819122,2884
2819480,2963
2819666,2943
2819835,2935
2819997,2910
2820404,2834
2820643,2824
2820861,2820
2821397,2780
2821656,2817
2822105,2785
2822571,2929
2822740,3038
2822899,2815
2823070,2963
2823454,2929
2823667,2876
2823875,2983
2824293,2887
2824605,2836
2824977,2851
2825598,2834
2825860,2890
2825896,3013
2826146,3066
2826513,3037
2826702,3120
2826955,2965
2827425,2789
2827586,2972
2827931,2840
2828523,2890
2828844,2969
2829046,2880
2829325,2889
2829646,2880
2830041,2905
2830199,2848
2830382,2974
2830683,2867
2830903,2990
2831532,2799
2831904,2843
2832109,2851
2832380,2870
2832651,2826
2833030,2853
2833247,2973
2833493,3068
2833726,3092
2833985,2982
2834457,3024
2834870,3078
2835083,3164
2835403,3111
2835602,3177
2836001,3240
2836346,3375
2836654,3277
2836923,3286
2837210,3360
2837604,3499
2838036,3602
2838372,3673
2838648,3565
2838899,3546
2839388,3156
2839842,2977
2840054,2947
2840473,2851
2840696,2832
2841190,2813
2841771,2781
2842139,2801
2842374,2983
2842642,2998
2842654,3031
2842926,2922
2843132,2977
2843460,2893
2843650,2913
2844125,2835
2844640,2783
2845072,2780
2845460,3132
2845785,2784
2845943,2903
2845988,3095
2846214,3321
2846485,3020
2846686,2941
2847048,3035
2847551,2797
2847938,2813
2848727,2838
2848904,2977
2849007,3041
2849226,3134
2849714,2882
2849740,2991
2849913,2999
2850218,2971
2850471,2933
2850875,2800
2851651,2892
2851995,2780
2852183,2927
2852503,3029
2852714,3075
2852876,3051
2853028,3073
2853385,2990
2853597,2836
2853808,2880
2854666,2840
2854899,2939
2855198,2923
2855657,2971
2855928,3011
2856199,2992
2856212,3207
2856555,3052
2856743,2959
2856902,2920
2857593,2903
2857941,2977
2858246,3087
2858718,2883
2859070,2877
2859441,3042
2859569,3031
2859829,2887
2859899,3021
2860038,2985
2860633,2808
2861042,2867
2861424,2895
2861730,2885
2862029,2805
2862587,3080
2862748,3025
2863001,2887
2863104,2924
2863530,2853
2863543,2984
2864008,2850
2864450,2900
2864735,2833
2864953,2857
2865765,2921
2865977,2816
2866202,3123
2866243,3188
2866615,2911
2866777,3025
2866989,2948
2867446,3063
2867686,3025
2867940,2869
2868817,2785
2869037,2782
2869585,3136
2869640,3322
2869767,3336
2870018,3231
2870063,3665
2870635,3006
2870904,2990
2870917,3200
2871735,2825
2871942,2772
2872846,3038
2873084,3058
2873248,3119
2873495,3101
2873791,3018
2873956,2944
2874044,3352
2874257,2982
2874664,2960
2874872,3018
2875975,2886
2876305,2789
2876495,2898
2876715,3072
2877025,3024
2877202,3041
2877560,2914
2877726,3043
2877762,3027
2877985,2927
2878961,2850
2879229,2838
2879520,2824
2879872,2870
2880181,2803
2880393,3045
2880604,3130
2881007,2842
2881019,3049
2881172,3046
2881906,2886
2882164,3023
2882575,2876
2882869,2834
2883107,2885
2883563,2833
2883825,2989
2884052,2843
2884165,3062
2884470,2981
2884907,2787
2885305,2879
2885562,2852
2885836,2875
2886116,2812
2886528,2802
2887052,2924
2887068,3002
2887390,2995
2887606,2895
2887866,2779
2888334,2834
2888547,2945
2888842,2815
2889052,2824
2889418,2813
2890149,2820
2890176,3150
2890735,2828
2890742,2906
2890918,2960
2891325,2850
2891584,2906
2891797,2878
2892008,2896
2892366,2783
2893057,2892
2893452,2926
2893735,2862
2893952,2883
2894126,2938
2894316,2917
2894583,2858
2894802,2860
2895029,2857
2895317,2842
2896072,2785
2896495,2834
2896720,2996
2896955,3071
2897196,3164
2897386,3067
2897609,2938
2897787,3013
2897985,2971
2898294,3039
2898946,2804
2899590,2790
2899855,2789
2900112,2925
2900631,2827
2900653,2963
2900871,2977
2901167,3257
2901375,2817
2901618,2905
2901876,2839
2902504,2862
2902767,2776
2903120,2825
2903558,2794
2903748,2813
2903969,2908
2904363,2870
2904643,2851
2904813,2790
2904862,2883
2905496,2923
2905675,2821
2906056,2786
2906443,2847
2906663,2876
2907012,2900
2907372,2964
2907691,2778
2907856,2805
2908017,2958
2908558,2797
2908722,2995
2908942,2772
2909396,2957
2909641,2815
2910002,2787
2910433,2901
2910642,2887
2910811,2824
2911061,2847
2911553,2883
2911930,2787
2912074,2881
2912478,2971
2912687,2819
2912923,2866
2913459,2954
2913653,2911
2913851,2875
2914007,2917
2914544,2907
2914824,2887
2915059,2888
2915587,3002
2915614,2881
2915881,2829
2916547,2926
2916695,2891
2916908,2869
2917075,2844
2917543,2919
2917844,2820
2918070,2830
2918844,2824
2918861,2903
2919023,3012
2919571,2849
2919684,3009
2919970,2873
2920172,2827
2920615,2811
2920789,2833
2921021,2821
2921864,2822
2921877,2902
2922129,2798
2922509,2915
2922825,2842
2922983,2850
2923193,2905
2923554,2801
2923745,2842
2923961,2856
2924883,2785
2924980,2798
2925130,2901
2925551,2945
2925792,2810
2925966,2896
2926190,2947
2926452,2992
2926693,3047
2926949,2779
2927863,2839
2927885,2912
2928164,2792
2928692,2892
2928705,2973
2929001,2949
2929290,2871
2929568,2914
2929874,2821
2929923,2940
2930864,2977
2931098,2840
2931111,3114
2931763,2952
2931782,3228
2932051,2925
2932324,2998
2932612,2902
2932795,2897
2932988,2993
2934058,2782
2934387,2999
2934408,2972
2934839,2864
2935124,2840
2935140,2958
2935414,3004
2935632,3143
2935822,3006
2936065,3023
2936978,2788
2937588,2850
2937739,3079
2937803,3117
2938123,2948
2938242,3141
2938600,3027
2938917,2861
2939206,3139
2939325,2811
2939854,2809
2940541,2816
2940908,2883
2941158,2913
2941171,3050
2941519,3014
2941751,2885
2941914,2935
2942221,2880
2942448,2979
2942797,2801
2943441,2784
2943923,2970
2944196,2922
2944405,2958
2944763,3285
2944909,2917
2945007,2928
2945295,3073
2945532,2883
2945736,2829
2946346,2863
2947026,2829
2947241,2994
2947451,2975
2947924,2929
2948136,2942
2948656,2800
2948829,2775
2948983,2966
2949029,3077
2949308,2920
2949954,2787
2950546,2803
2950709,2858
2950978,2820
2951179,2833
2951552,2818
2951733,2882
2952043,2912
2952350,2829
2952363,2973
2952871,2887
2953487,2826
2953698,2817
2953922,2829
2954135,2879
2954484,3030
2954739,2877
2955040,2956
2955447,2849
2955470,3016
2955848,2804
2956415,2807
2956652,2815
2956874,2860
2957138,2883
2957710,2782
2957876,2837
2958119,2908
2958429,2931
2958637,2886
2958785,2874
2959330,2868
2959571,3034
2959865,2880
2960143,2838
2960580,2862
2960810,2875
2961126,2960
2961509,2831
2961676,2963
2961837,2827
2962439,2815
2962696,2804
2962898,2869
2963112,2948
2963567,2873
2963808,2780
2964206,2947
2964465,2913
2964848,2809
2964992,2839
2965480,2809
2965650,2968
2965895,2876
2966146,2846
2966590,2821
2966795,2917
2967248,2851
2967480,2968
2967745,2931
2967956,2877
2968393,2925
2968704,2870
2968912,2969
2969125,2818
2969540,2850
2969796,2851
2970233,2836
2970664,2786
2970811,2776
2971029,2826
2971405,2804
2971712,2880
2972063,2779
2972120,2937
2972480,2816
2972775,2779
2973157,2791
2973570,2792
2973744,2821
2973938,2799
2974463,2852
2974696,2859
2974952,2846
2975159,2873
2975394,2954
2975677,2815
2976072,3651
2976450,3244
2976676,3107
2976864,3263
2977403,2934
2977660,3183
2977934,2889
2978151,4336
2978587,2788
2978797,2785
2979874,2959
2980034,2957
2980490,2981
2980511,3188
2980670,2930
2980983,2876
2981000,2948
2981525,2976
2982451,2881
2982663,2885
2982971,2798
2983087,2846
2983573,2797
2983762,2959
2984249,2872
2984325,2897
2984629,2930
2984787,2879
2985422,2867
2985657,2940
2985876,2882
2986084,2832
2986493,2898
2986848,2777
2987214,3211
2987343,2830
2987665,2789
2987876,2803
2988425,2984
2988731,2913
2988903,2907
2989108,2989
2989479,2884
2989720,3181
2990333,3012
2990609,2890
2990802,2853
2991002,2814
2991507,2942
2991778,2982
2991939,2979
2992186,2958
2992569,3115
2992988,2965
2993475,2888
2993652,2892
2993753,3047
2994002,2858
2994536,2892
2994860,2790
2995051,2867
2995290,2790
2995785,2791
2996084,2775
2996621,2918
2996669,2961
2996926,2800
2997088,2891
2997529,2872
2997752,2852
2998011,2825
2998218,3123
2998708,2874
2998984,2815
2999758,2869
2999813,2906
2999960,2867
3000165,2963
3000606,2906
3000772,2921
3000959,2946
3001451,2914
3001716,2810
3001923,2803
3002836,2790
3003091,2793
3003267,3097
3003380,3094
3003599,3210
3003806,3116
3004048,3023
3004500,2933
3004674,3062
3004852,2892
3005717,2903
3005980,2788
3006541,3023
3006639,3226
3006917,2996
3007081,3118
3007237,3141
3007570,2976
3007925,2936
3008084,2876
3008755,2788
3008932,2778
3009690,2880
3010025,2783
3010088,2954
3010307,2978
3010526,3014
3010693,3019
3010945,2930
3011169,2863
3011632,2809
3011839,2813
3012677,2855
3012904,2858
3013180,2963
3013421,2870
3013638,3047
3013863,3084
3014016,2878
3014217,3118
3014570,2894
3014777,2853
3015631,2851
3015867,2780
3016225,2834
3016414,2913
3016781,2856
3017108,2912
3017122,3003
3017430,3016
3017726,2901
3017739,3000
3018581,2791
3018780,2876
3019177,2897
3019418,2918
3019735,2904
3020112,2837
3020277,2940
3020572,2866
3020763,2922
3020958,2939
3021485,3118
3021759,2779
3022174,2862
3022468,2869
3022725,2888
3023049,2793
3023374,2802
3023564,2834
3023822,2797
3024021,2820
3024715,2788
3024884,2930
3025127,2955
3025488,2865
3025749,2825
3025963,2872
3026258,2867
3026529,2825
3026748,2803
3026964,2892
3027590,2888
3027915,2802
3028185,2921
3028487,2817
3028699,2857
3028962,2871
3029214,3232
3029663,2870
3029701,2939
3029957,2776
3030614,2824
3030843,2770
3031193,2836
3031464,2868
3031691,2864
3031956,2814
3032617,2836
3032825,2776
3032899,2859
3033004,2857
3033532,2853
3033744,2811
3034121,2888
3034428,2981
3034691,2805
3034892,2835
3035576,2930
3035849,2779
3035947,2973
3036152,2939
3036476,2895
3036841,2887
3037113,2888
3037535,2920
3037646,2857
3037864,2773
3038725,2819
3038739,2900
3039032,2886
3039222,2945
3039458,2948
3039861,2885
3040126,2791
3040658,2791
3040730,2812
3040875,2924
3041738,2836
3041751,2915
3042046,2857
3042304,2892
3042529,2924
3042832,2890
3043049,2973
3043629,2832
3043648,2907
3043932,2895
3044775,2848
3045007,2886
3045031,3166
3045318,2902
3045559,3117
3045855,2918
3046113,2788
3046649,2826
3046662,2913
3046927,2926
3047753,2958
3048030,2930
3048357,2821
3048524,2881
3048769,2854
3049019,2830
3049033,2977
3049678,2827
3049690,3081
3049988,2778
3050797,2889
3051058,2908
3051323,2803
3051536,3072
3051724,2990
3051991,2827
3052138,2984
3052599,2967
3052884,2771
3053049,2776
3053793,2829
3054049,2794
3054257,2987
3054701,2934
3054945,2904
3054957,3063
3055250,2923
3055791,2806
3055946,2774
3056131,2876
3056721,2844
3056972,2776
3057468,2882
3057773,3002
3058007,2929
3058109,2973
3058546,2925
3058728,3019
3058938,2900
3059131,2963
3059647,2845
3059884,2776
3060488,2843
3060863,2884
3061068,2982
3061211,2960
3061565,2921
3061923,2836
3061959,2951
3062193,2874
3062628,2786
3062794,2772
3063423,2782
3063879,2787
3064134,2792
3064367,2828
3064619,2953
