186,3326
3715,3098
6971,3106
10221,3102
13513,3082
16791,3058
19999,3081
23263,3089
26568,3135
29885,3109
33175,3121
36463,3087
39735,3075
42991,3073
46249,3164
49560,3082
52828,3077
56095,3151
59403,3064
62644,3067
65891,3077
69115,3088
72370,3102
75627,3069
78878,3125
82183,3142
85528,3075
88787,3090
92063,3120
95357,3112
98746,3086
102034,3110
105295,3190
108626,3073
111853,3076
115111,3096
118423,3120
121690,3072
124946,3077
128204,3083
131496,3079
134756,3071
138007,3089
141245,3088
144530,3091
147801,3074
151022,3070
154273,3232
157627,3072
160851,3068
164103,3113
167420,3080
170668,3073
173924,3079
177185,3193
180577,3095
183823,3071
187077,3129
190395,3114
193669,3119
196970,3098
200249,3186
203613,3092
206850,3074
210110,3114
213438,3083
216705,3120
220007,3164
223353,3106
226614,3070
229870,3086
233135,3152
236516,3070
239725,3078
242986,3128
246297,3171
249618,3073
252872,3137
256190,3111
259492,3071
262701,3138
266036,3141
269361,3125
272669,3063
275915,3167
279214,3187
282562,3079
285824,3084
289092,3164
292435,3075
295688,3092
298957,3055
302193,3131
305567,3119
308867,3077
312097,3073
315351,3251
318746,3121
322017,3059
325260,3086
328584,3101
331842,3108
335130,3161
338488,3073
341698,3772
345653,3201
348980,3192
352330,3115
355630,3082
358894,3073
362118,3117
365426,3086
368649,3090
371883,3065
375132,3168
378488,3065
381689,3140
385010,3083
388246,3172
391604,3095
394886,3080
398127,3140
401462,3096
404708,3070
407923,3098
411164,3080
414457,3095
417744,3078
420972,3090
424244,3215
427642,3102
430888,3071
434142,3094
437431,3135
440735,3093
444011,3095
447288,3143
450598,3050
453828,3073
457053,3076
460313,3121
463613,3076
466841,3067
470090,3093
473365,3164
476714,3121
480020,3118
483294,3088
486549,3107
489838,3081
493072,3084
496295,3228
499684,3084
502950,3087
506186,3136
509506,3095
512783,3082
516017,3088
519290,3139
522610,3079
525870,3060
529080,3124
532433,3095
535700,3114
539009,3085
542245,3098
545534,3079
548765,3071
552019,3080
555286,3098
558568,3135
561884,3099
565165,3133
568465,3072
571679,3070
574891,3076
578149,3140
581475,3105
584764,3120
588063,3085
591303,3173
594673,3072
597867,3128
601175,3074
604453,3107
607742,3072
610964,3058
614207,3084
617490,3115
620789,3121
624089,3111
627395,3092
630655,3069
633908,3117
637208,3083
640476,3120
643765,3055
646999,3068
650221,3084
653490,3117
656789,3069
660011,3067
663260,3082
666530,3075
669756,3079
673019,3077
676278,3175
679603,3057
682842,3093
686116,3115
689384,3201
692705,3078
695978,3078
699235,3083
702521,3094
705763,3056
708998,3063
712242,3132
715588,3118
718890,3079
722153,3089
725444,3081
728696,3077
731939,3079
735197,3075
738456,3083
741649,3105
744910,3083
748177,3158
751526,3061
754738,3065
757988,3089
761262,3109
764564,3078
767795,3069
771072,3094
774354,3121
777627,3074
780883,3084
784153,3088
787417,3120
790692,3075
793946,3080
797176,3079
800441,3083
803704,3071
806962,3079
810222,3117
813560,3095
816799,3059
820042,3084
823309,3119
826579,3068
829833,3084
833096,3111
836364,3094
839641,3079
842911,3112
846207,3125
849520,3078
852755,3126
856065,3124
859368,3117
862652,3082
865917,3129
869227,3095
872513,3064
875757,3081
878989,3086
882259,3116
885592,3113
888889,3121
892188,3110
895489,3081
898723,3080
901989,3080
905260,3164
908574,3071
911827,3082
915091,3115
918359,3093
921634,3105
924919,3072
928144,3151
931508,3071
934730,3059
937974,3076
941232,3104
944526,3130
947835,3073
951060,3075
954321,3125
957629,3065
960876,3077
964101,3105
967397,3107
970653,3136
973971,3116
977273,3214
980655,3107
983932,3072
987186,3084
990437,3078
993691,3102
996969,3072
1000221,3102
1003577,3120
1006879,3103
1010164,3156
1013525,3096
1016863,3131
1020153,3150
1023496,3089
1026737,3080
1030002,3097
1033279,3136
1036564,3118
1039863,3127
1043170,3139
1046567,3113
1049860,3095
1053137,3137
1056476,3081
1059737,3093
1063011,3081
1066244,3094
1069559,3092
1072800,3079
1076021,3079
1079284,3132
1082604,3119
1085911,3085
1089174,3124
1092544,3071
1095768,3092
1099042,3088
1102313,3175
1105664,3074
1108891,3085
1112162,3127
1115483,3108
1118783,3084
1122053,3110
1125317,3172
1128666,3074
1131924,3079
1135156,3137
1138494,3080
1141725,3067
1144977,3080
1148237,3093
1151562,3060
1154808,3076
1158068,3090
1161308,3144
1164597,3078
1167855,3078
1171084,3118
1174424,3080
1177691,3061
1180938,3097
1184214,3096
1187528,3069
1190781,3062
1194024,3078
1197258,3197
1200625,3082
1203849,3073
1207108,3086
1210377,3145
1213672,3087
1216924,3066
1220172,3084
1223464,3080
1226719,3072
1229971,3069
1233190,3100
1236463,3085
1239730,3097
1243006,3089
1246249,3111
1249549,3079
1252780,3096
1256058,3104
1259345,3165
1262753,3084
1265996,3096
1269277,3199
1272646,3083
1275909,3062
1279152,3082
1282430,3126
1285709,3097
1288994,3079
1292254,3111
1295536,3083
1298777,3097
1302044,3166
1305382,3078
1308595,3088
1311825,3061
1315070,3151
1318367,3088
1321638,3075
1324894,3077
1328117,3132
1331507,3073
1334762,3068
1337981,3072
1341234,3095
1344481,3069
1347732,3092
1351009,3087
1354247,3257
1357619,3073
1360842,3072
1364097,3094
1367373,3183
1370707,3122
1374012,3082
1377277,3174
1380605,3062
1383849,3079
1387081,3113
1390377,3107
1393655,3127
1396965,3090
1400232,3105
1403504,3078
1406789,3095
1410069,3097
1413319,3183
1416680,3066
1419933,3075
1423162,3152
1426527,3075
1429754,3058
1432996,3076
1436254,3097
1439555,3096
1442821,3055
1446016,3076
1449271,3112
1452630,3070
1455890,3075
1459118,3089
1462398,3088
1465674,3059
1468914,3089
1472182,3133
1475538,3069
1478793,3119
1482090,3086
1485356,3137
1488668,3116
1491969,3074
1495224,3076
1498523,3079
1501752,3062
1504996,3107
1508293,3134
1511618,3082
1514871,3080
1518136,3158
1521472,3084
1524697,3070
1527912,3084
1531179,3122
1534489,3082
1537763,3078
1541006,3062
1544253,3141
1547587,3064
1550805,3072
1554059,3139
1557382,3085
1560661,3082
1563899,3069
1567150,3184
1570521,3076
1573779,3075
1577004,3067
1580251,3163
1583603,3076
1586829,3066
1590074,3153
1593418,3083
1596683,3117
1599980,3139
1603301,3204
1606655,3058
1609892,3078
1613125,3098
1616465,3097
1619745,3076
1622972,3069
1626223,3208
1629606,3077
1632847,3064
1636052,3152
1639385,3108
1642677,3071
1645929,3089
1649198,3109
1652549,3072
1655771,3071
1659023,3126
1662331,3174
1665654,3071
1668905,3097
1672186,3087
1675473,3082
1678737,3078
1682006,3085
1685241,3242
1688623,3063
1691867,3107
1695157,3104
1698434,3107
1701681,3115
1704978,3115
1708274,3093
1711550,3115
1714811,3069
1718066,3085
1721334,3159
1724642,3107
1727937,3077
1731199,3074
1734478,3118
1737732,3086
1740997,3083
1744230,3088
1747503,3143
1750830,3084
1754088,3104
1757372,3132
1760675,3107
1763963,3125
1767273,3085
1770548,3122
1773854,3093
1777131,3131
1780466,3082
1783697,3062
1786905,3068
1790154,3154
1793512,3148
1796828,3066
1800079,3165
1803444,3102
1806728,3076
1809983,3084
1813219,3085
1816499,3091
1819775,3065
1823018,3083
1826281,3144
1829585,3075
1832839,3111
1836139,3122
1839425,3079
1842679,3075
1845934,3060
1849175,3115
1852477,3084
1855712,3070
1858967,3064
1862211,3120
1865549,3058
1868783,3097
1872018,3049
1875230,3087
1878505,3069
1881718,3076
1884977,3078
1888239,3224
1891616,3069
1894865,3110
1898153,3097
1901420,3078
1904656,3113
1907948,3066
1911164,3083
1914473,3089
1917709,3055
1920947,3087
1924210,3106
1927541,3074
1930802,3070
1934053,3062
1937299,3169
1940628,3060
1943870,3077
1947132,3140
1950431,3079
1953685,3073
1956924,3051
1960155,3079
1963435,3085
1966695,3051
1969924,3076
1973147,3080
1976457,3107
1979753,3067
1982999,3079
1986229,3074
1989485,3117
1992784,3084
1996045,3097
1999301,3166
2002629,3079
2005890,3093
2009152,3104
2012452,3094
2015723,3062
2018966,3069
2022214,3221
2025616,3073
2028868,3071
2032120,3145
2035459,3101
2038710,3074
2041965,3058
2045203,3141
2048799,3083
2052046,3080
2055281,3075
2058543,3097
2061817,3072
2065049,3103
2068333,3134
2071647,3101
2074932,3063
2078172,3119
2081482,3078
2084756,3073
2088005,3084
2091281,3177
2094635,3078
2097896,3080
2101160,3129
2104498,3136
2107810,3057
2111048,3082
2114316,3145
2117665,3072
2120890,3064
2124134,3077
2127418,3167
2130726,3095
2134007,3076
2137264,3149
2140563,3075
2143817,3100
2147095,3108
2150380,3105
2153652,3074
2156894,3070
2160142,3113
2163454,3101
2166733,3060
2169972,3056
2173210,3126
2176524,3072
2179749,3093
2183007,3067
2186253,3218
2189652,3069
2192900,3088
2196143,3111
2199475,3090
2202716,3059
2205958,3094
2209238,3167
2212584,3067
2215817,3071
2219028,3077
2222290,3111
2225592,3084
2228824,3086
2232094,3149
2235414,3083
2238654,3079
2241915,3096
2245201,3111
2248553,3075
2251813,3076
2255084,3132
2258417,3089
2261676,3109
2264969,3074
2268229,3075
2271479,3108
2274720,3087
2277985,3072
2281207,3082
2284474,3088
2287715,3074
2290974,3088
2294240,3093
2297554,3074
2300773,3075
2304033,3098
2307310,3092
2310579,3059
2313782,3077
2317045,3125
2320347,3256
2323743,3077
2326969,3091
2330228,3092
2333500,3084
2336730,3068
2339991,3068
2343242,3101
2346551,3066
2349764,3066
2353015,3082
2356278,3097
2359554,3080
2362777,3075
2366037,3102
2369323,3097
2372568,3073
2375824,3083
2379085,3114
2382350,3129
2385653,3057
2388889,3073
2392117,3081
2395339,3119
2398638,3065
2401883,3062
2405127,3255
2408581,3079
2411815,3070
2415069,3095
2418347,3214
2421712,3072
2424967,3075
2428218,3088
2431483,3094
2434720,3067
2437972,3107
2441259,3072
2444515,3075
2447770,3069
2450986,3083
2454253,3105
2457584,3071
2460807,3067
2464057,3159
2467417,3071
2470654,3074
2473910,3073
2477163,3150
2480480,3098
2483722,3067
2486974,3085
2490243,3115
2493564,3109
2496856,3079
2500120,3101
2503426,3098
2506703,3074
2509956,3075
2513183,3089
2516493,3076
2519727,3069
2522980,3069
2526234,3080
2529492,3103
2532735,3077
2535955,3077
2539219,3187
2542597,3072
2545818,3067
2549072,3080
2552330,3212
2555689,3064
2558937,3095
2562210,3134
2565549,3078
2568790,3059
2571992,3064
2575240,3210
2578600,3122
2581907,3072
2585158,3144
2588503,3083
2591738,3071
2594991,3070
2598247,3197
2601599,3071
2604855,3065
2608100,3133
2611416,3080
2614657,3101
2617938,3072
2621163,3130
2624538,3066
2627785,3075
2631013,3097
2634272,3103
2637612,3064
2640861,3109
2644156,3174
2647499,3074
2650758,3092
2654031,3082
2657266,3188
2660604,3068
2663857,3071
2667110,3092
2670353,3130
2673669,3078
2676927,3073
2680155,3147
2683514,3084
2686750,3075
2690018,3085
2693288,3095
2696580,3099
2699824,3076
2703088,3090
2706363,3117
2709637,3064
2712886,3073
2716138,3148
2719478,3080
2722701,3076
2725962,3064
2729209,3164
2732561,3144
2735888,3115
2739185,3117
2742458,3081
2745717,3058
2748954,3073
2752175,3104
2755472,3093
2758715,3074
2761972,3085
2765243,3202
2768628,3081
2771895,3079
2775125,3141
2778461,3063
2781662,3078
2784922,3073
2788144,3142
2791498,3075
2794722,3075
2797980,3101
2801262,3177
2804589,3070
2807842,3094
2811115,3124
2814416,3117
2817715,3071
2820964,3083
2824197,3082
2827463,3137
2830777,3073
2833997,3059
2837237,3084
2840536,3121
2843839,3080
2847097,3127
2850375,3094
2853649,3091
2856918,3075
2860140,3182
2863504,3109
2866788,3072
2870010,3080
2873273,3076
2876561,3116
2879860,3100
2883136,3126
2886422,3077
2889673,3075
2892925,3064
2896141,3123
2899488,3083
2902748,3074
2905974,3068
2909224,3114
2912541,3056
2915766,3080
2919032,3066
2922263,3157
2925607,3068
2928856,3072
2932106,3104
2935361,3108
2938650,3069
2941902,3087
2945143,3128
2948528,3064
2951773,3071
2955020,3085
2958256,3156
2961576,3052
2964792,3083
2968047,3054
2971241,3118
2974554,3084
2977793,3079
2981058,3094
2984337,3156
2987641,3118
2990945,3075
2994203,3082
2997443,3103
3000730,3097
3003974,3123
3007279,3157
3010598,3101
3013880,3103
3017169,3161
3020510,3108
3023803,3089
3027073,3149
3030419,3080
3033676,3062
3036923,3082
3040184,3155
3043530,3062
3046757,3048
3049990,3078
3053251,3197
3056628,3072
3059852,3067
3063102,3149
3066440,3073
3069695,3061
3072937,3097
3076218,3112
3079535,3127
3082805,3069
3086062,3116
3089360,3132
3092665,3112
3095960,3072
3099214,3094
3102492,3127
3105764,3073
3109021,3148
3112350,3109
3115611,3071
3118865,3095
3122147,3148
3125528,3078
3128772,3091
3132030,3098
3135272,3110
3138552,3114
3141854,3075
3145083,3134
3148408,3085
3151679,3055
3154917,3097
3158192,3084
3161436,3112
3164707,3772
3168671,3102
3171939,3082
3175202,3091
3178516,3118
3181817,3091
3185086,3119
3188353,3107
3191644,3084
3194914,3076
3198169,3141
3201509,3121
3204814,3126
3208125,3105
3211444,3089
3214718,3090
3217979,3081
3221229,3073
3224492,3091
3227743,3085
3231013,3077
3234272,3161
3237588,3073
3240845,3103
3244130,3155
3247448,3061
3250688,3051
3253924,3075
3257150,3153
3260529,3083
3263761,3077
3267021,3124
3270326,3132
3273608,3080
3276869,3095
3280144,3091
3283384,3310
3286873,3085
3290142,3123
3293476,3083
3296711,3074
3299967,3110
3303260,3118
3306600,3073
3309823,3083
3313088,3123
3316401,3095
3319659,3073
3322911,3076
3326165,3102
3329426,3119
3332714,3082
3335978,3079
3339205,3073
3342476,3166
3345795,3070
3349049,3119
3352354,3126
3355644,3081
3358919,3082
3362154,3135
3365489,3073
3368701,3081
3371964,3091
3375204,3102
3378481,3079
3381724,3074
3384940,3088
3388210,3203
3391610,3080
3394841,3083
3398106,3128
3401426,3119
3404693,3071
3407938,3102
3411222,3107
3414509,3130
3417823,3082
3421056,3077
3424312,3152
3427648,3075
3430873,3049
3434119,3093
3437419,3108
3440687,3119
3443988,3105
3447277,3099
3450554,3085
3453821,3083
3457056,3111
3460348,3105
3463636,3066
3466854,3079
3470130,3108
3473404,3080
3476659,3066
3479906,3079
3483136,3088
3486412,3087
3489668,3121
3492971,3088
3496238,3177
3499568,3076
3502824,3120
3506123,3132
3509460,3078
3512733,3074
3515992,3074
3519249,3193
3522627,3095
3525866,3071
3529118,3098
3532417,3083
3535671,3120
3538972,3128
3542280,3099
3545571,3126
3548878,3119
3552179,3143
3555483,3074
3558739,3084
3562004,3096
3565271,3227
3568673,3103
3571980,3075
3575238,3114
3578570,3070
3581784,3089
3585075,3096
3588355,3148
3591652,3063
3594895,3097
3598202,3116
3601513,3082
3604743,3070
3607993,3079
3611255,3129
3614589,3115
3618915,3130
3622544,3124
3626726,3126
3630114,3193
3633516,3112
3636832,3078
3640091,3108
3643354,3242
3646780,3077
3650041,3110
3653306,3161
3656652,3118
3659925,3059
3663167,3128
3666460,3068
3669703,3124
3673008,3061
3676252,3130
3679606,3162
3683495,3128
3687487,3134
3691495,3132
3694779,3165
3698107,3120
3701438,3082
3704686,3061
3707931,3070
3711183,3152
3714544,3077
3717771,3077
3721032,3101
3724317,3144
3727614,3097
3730880,3058
3734078,3108
3737324,3147
3740632,3057
3743872,3116
3747167,3228
3750575,3102
3753823,3094
3757104,3175
3760496,3112
3763792,3106
3767080,3125
3770358,3212
3773732,3071
3776982,3073
3780208,3090
3783506,3075
3786736,3069
3789946,3072
3793202,3107
3796496,3108
3799787,3090
3803065,3083
3806329,3114
3809625,3078
3812857,3080
3816128,3125
3819509,3087
3822745,3076
3826007,3086
3829272,3087
3832538,3115
3835820,3059
3839022,3081
3842286,3131
3845607,3119
3848908,3089
3852175,3165
3855503,3076
3858763,3109
3862050,3100
3865306,3101
3868591,3077
3871853,3073
3875076,3073
3878315,3194
3881651,3069
3884902,3110
3888192,3129
3891521,3066
3894767,3079
3898031,3069
3901251,3270
3904662,3066
3907909,3069
3911129,3088
3914448,3084
3917702,3103
3920985,3079
3924245,3112
3927557,3067
3930767,3057
3934007,3109
3937311,3095
3940592,3105
3943877,3072
3947109,3095
3950395,3105
3953684,3061
3956928,3071
3960177,3084
3963445,3102
3966734,3099
3970016,3087
3973255,3085
3976510,3130
3979822,3079
3983055,3109
3986348,3137
3989669,3076
3992893,3057
3996132,3127
3999453,3081
4002670,3107
4005921,3112
4009216,3147
4012569,3113
4015868,3074
4019121,3088
4022370,3253
4025785,3085
4029050,3092
4032296,3111
4035595,3092
4038871,3109
4042160,3100
4045416,3091
4048672,3081
4051934,3071
4055154,3158
4058508,3114
4061808,3072
4065053,3082
4068299,3218
4071652,3084
4074886,3070
4078123,3069
4081337,3135
4084640,3066
4087886,3070
4091108,3094
4094408,3127
4097684,3103
4100969,3080
4104234,3083
4107505,3107
4110793,3080
4114059,3140
4117364,3100
4120643,3079
4123875,3073
4127130,3152
4130500,3079
4133764,3089
4137037,3091
4140280,3171
4143622,3104
4146865,3073
4150124,3114
4153465,3094
4156712,3064
4159960,3096
4163233,3095
4166529,3082
4169782,3077
4172999,3057
4176239,3231
4179616,3145
4182904,3074
4186119,3140
4189444,3111
4192746,3082
4195979,3081
4199244,3213
4202614,3104
4205900,3119
4209218,3106
4212496,3083
4215763,3091
4219041,3090
4222285,3232
4225708,3120
4229011,3086
4232278,3141
4235604,3085
4238835,3074
4242095,3085
4245362,3175
4248687,3078
4251910,3065
4255159,3132
4258472,3143
4261801,3082
4265038,3140
4268360,3109
4271659,3055
4274900,3107
4278190,3133
4281543,3079
4284812,3074
4288036,3088
4291306,3125
4294619,3084
4297856,3075
4301112,3111
4304412,3084
4307662,3080
4310928,3064
4314173,3076
4317428,3137
4320739,3070
4323998,3079
4327228,3154
4330562,3084
4333830,3076
4337061,3080
4340326,3216
4343668,3062
4346917,3068
4350138,3125
4353472,3106
4356766,3077
4360030,3086
4363271,3107
4366599,3069
4369820,3068
4373072,3129
4376383,3099
4379634,3072
4382886,3112
4386178,3126
4389473,3073
4392727,3085
4395998,3069
4399216,3149
4402595,3088
4405865,3137
4409159,3126
4412521,3077
4415781,3093
4419059,3119
4422330,3104
4425617,3108
4428904,3076
4432130,3089
4435408,3123
4438717,3074
4441972,3110
4445264,3152
4448595,3076
4451816,3101
4455101,3098
4458384,3110
4461682,3118
4464984,3062
4468228,3099
4471543,3073
4474799,3107
4478085,3086
4481323,3177
4484637,3080
4487869,3088
4491121,3128
4494447,3079
4497706,3067
4500952,3090
4504209,3090
4507491,3089
4510725,3075
4513983,3074
4517241,3110
4520508,3073
4523762,3073
4527018,3073
4530244,3087
4533522,3077
4536749,3074
4540004,3105
4543290,3135
4546574,3069
4549823,3109
4553114,3159
4556463,3083
4559726,3091
4562988,3072
4566241,3096
4569535,3110
4572784,3080
4576009,3062
4579255,3148
4582610,3080
4585880,3101
4589167,3137
4592507,3051
4595695,3132
4599008,3085
4602253,3176
4605621,3074
4608842,3076
4612100,3161
4615470,3111
4618764,3089
4622033,3084
4625270,3108
4628616,3077
4631842,3064
4635089,3088
4638360,3124
4641634,3085
4644903,3104
4648190,3090
4651477,3080
4654743,3092
4658017,3086
4661257,3117
4664601,3077
4667829,3072
4671082,3130
4674414,3176
4677734,3098
4681025,3082
4684258,3073
4687511,3115
4690810,3076
4694035,3070
4697290,3253
4700730,3064
4703977,3089
4707246,3102
4710532,3082
4713759,3074
4717013,3094
4720289,3134
4723569,3067
4726815,3080
4730076,3115
4733340,3127
4736651,3124
4739958,3077
4743182,3132
4746535,3068
4749754,3062
4752998,3104
4756283,3169
4759610,3072
4762863,3096
4766140,3113
4769472,3087
4772739,3113
4776038,3198
4779426,3139
4782727,3066
4785975,3108
4789264,3150
4792608,3081
4795842,3081
4799103,3152
4802489,3112
4805751,3089
4809019,3085
4812288,3185
4815621,3082
4818883,3068
4822131,3084
4825365,3133
4828664,3070
4831919,3071
4835137,3072
4838397,3080
4841661,3074
4844902,3069
4848138,3086
4851418,3099
4854704,3060
4857946,3088
4861215,3125
4864535,3059
4867764,3059
4870965,3078
4874225,3175
4877586,3084
4880823,3070
4884077,3129
4887456,3091
4890696,3075
4893950,3109
4897228,3071
4900515,3118
4903813,3085
4907083,3106
4910340,3171
4913625,3076
4916856,3068
4920109,3137
4923437,3083
4926670,3060
4929912,3078
4933170,3154
4936516,3051
4939695,3112
4942982,3119
4946297,3122
4949572,3084
4952839,3101
4956122,3106
4959442,3081
4962692,3091
4965965,3143
4969290,3156
4972593,3102
4975874,3062
4979136,3133
4982469,3090
4985702,3051
4988936,3118
4992236,3220
4995644,3089
4998910,3078
5002145,3077
5005471,3091
5008744,3081
5011975,3070
5015229,3112
5018548,3084
5021798,3084
5025023,3086
5028294,3177
5031645,3052
5034868,3070
5038108,3139
5041403,3072
5044648,3097
5047909,3070
5051161,3150
5054551,3127
5057862,3082
5061128,3072
5064349,3142
5067651,3092
5070921,3066
5074139,3082
5077443,3082
5080695,3139
5084018,3085
5087288,3106
5090573,3084
5093797,3068
5097009,3084
5100280,3140
5103607,3073
5106833,3067
5110083,3134
5113365,3134
5116683,3081
5119946,3067
5123164,3188
5126575,3073
5129801,3074
5133060,3120
5136359,3192
5139699,3092
5142935,3076
5146199,3164
5149525,3077
5152770,3091
5156003,3089
5159276,3181
5162614,3135
5165917,3050
5169145,3145
5172455,3100
5175720,3067
5178955,3060
5182185,3148
5185523,3104
5188809,3082
5192044,3080
5195311,3248
5198726,3064
5201971,3107
5205252,3103
5208536,3066
5211774,3087
5215006,3079
5218252,3106
5221543,3073
5224796,3070
5228015,3081
5231277,3168
5234678,3137
5237988,3056
5241222,3097
5244506,3092
5247737,3081
5250984,3061
5254209,3078
5257451,3074
5260702,3080
5263986,3082
5267252,3194
5270653,3089
5273931,3080
5277163,3087
5280450,3083
5283695,3080
5286923,3073
5290166,3085
5293439,3114
5296735,3066
5299983,3117
5303292,3112
5306580,3093
5309810,3099
5313058,3139
5316344,3124
5319640,3073
5322886,3057
5326120,3115
5329435,3278
5332893,3067
5336129,3090
5339448,3067
5342682,3071
5345904,3075
5349117,3088
5352345,3210
5355704,3084
5358955,3079
5362216,3131
5365489,3134
5368805,3061
5372035,3073
5375246,3128
5378520,3082
5381741,3056
5384934,3052
5388122,3100
5391358,3090
5394584,3058
5397777,3118
5401029,3102
5404265,3084
5407505,3166
5410808,3058
5414002,3050
5417231,3083
5420489,3079
5423755,3077
5427001,3059
5430250,3099
5433523,3067
5436761,3083
5440021,3077
5443270,3093
5446534,3097
5449817,3053
5453041,3081
5456300,3177
5459593,3058
5462835,3048
5466053,3064
5469297,3098
5472633,3068
5475853,3075
5479080,3096
5482346,3255
5485784,3059
5489013,3054
5492258,3102
5495595,3071
5498833,3067
5502080,3102
5505317,3143
5508588,3102
5511856,3055
5515091,3119
5518377,3075
5521633,3055
5524854,3071
5528105,3101
5531371,3095
5534649,3064
5537878,3068
5541126,3082
5544372,3078
5547628,3066
5550860,3065
5554104,3109
5557379,3116
5560674,3052
5563891,3049
5567130,3089
5570394,3071
5573646,3057
5576869,3045
5580095,3123
5583353,3127
5586615,3089
5589843,3088
5593067,3100
5596302,3080
5599523,3051
5602707,3064
5605906,3053
5609091,3076
5612313,3100
5615555,3051
5618740,3052
5621941,3105
5625213,3090
5628510,3073
5631770,3084
5635035,3075
5638298,3242
5641683,3071
5644936,3077
5648195,3065
5651472,3086
5654709,3070
5657927,3096
5661191,3071
5664506,3083
5667743,3094
5671003,3066
5674248,3083
5677483,3073
5680743,3061
5683991,3070
5687242,3074
5690503,3078
5693761,3049
5696975,3069
5700223,3102
5703516,3059
5706755,3057
5709976,3053
5713205,3064
5716500,3074
5719738,3066
5722982,3066
5726213,3088
5729507,3063
5732737,3055
5735972,3065
5739217,3072
5742515,3072
5745752,3064
5748995,3058
5752217,3085
5755500,3063
5758728,3047
5761953,3048
5765166,3062
5768459,3069
5771705,3083
5774966,3057
5778187,3080
5781503,3086
5784757,3052
5787986,3067
5791218,3069
5794519,3106
5797773,3168
5801071,3126
5804369,3128
5807687,3070
5810921,3054
5814156,3056
5817377,3090
5820644,3080
5823880,3105
5827168,3075
5830463,3101
5833734,3054
5836968,3067
5840199,3063
5843508,3063
5846738,3056
5849972,3052
5853190,3105
5856523,3077
5859752,3067
5862957,3066
5866160,3126
5869448,3060
5872642,3054
5875829,3056
5879022,3040
5882197,3083
5885435,3121
5888696,3078
5891962,3061
5895206,3123
5898494,3088
5901736,3087
5905005,3084
5908270,3131
5911627,3085
5914892,3072
5918132,3093
5921435,3090
5924726,3113
5927978,3076
5931208,3119
5934506,3114
5937757,3078
5940971,3045
5944151,3079
5947364,3119
5950634,3103
5953920,3064
5957154,3122
5960463,3085
5963711,3063
5966955,3056
5970178,3144
5973536,3067
5976771,3061
5980010,3077
5983259,3180
5986635,3070
5989873,3071
5993125,3100
5996423,3097
5999700,3080
6002962,3102
6006201,3120
6009552,3070
6012785,3057
6016024,3050
6019257,3090
6022554,3086
6025788,3104
6029041,3073
6032253,3064
6035506,3076
6038752,3079
6042016,3064
6045253,3060
6048526,3071
6051766,3047
6054993,3068
6058227,3099
6061529,3058
6064755,3065
6068000,3064
6071215,3128
6074476,3073
6077683,3064
6080884,3078
6084109,3134
6087418,3053
6090660,3070
6093902,3087
6097171,3121
6100436,3125
6103698,3069
6106933,3071
6110200,3119
6113514,3064
6116762,3048
6119979,3069
6123229,3107
6126498,3080
6129753,3074
6133007,3204
6136348,3123
6139634,3084
6142884,3054
6146119,3057
6149345,3130
6152656,3079
6155900,3065
6159146,3078
6162397,3072
6165656,3069
6168890,3100
6172173,3151
6175514,3079
6178786,3072
6182036,3069
6185287,3180
6188578,3071
6191830,3077
6195076,3067
6198325,3148
6201602,3076
6204858,3048
6208075,3085
6211339,3069
6214600,3077
6217844,3066
6221088,3114
6224363,3101
6227642,3058
6230868,3080
6234128,3067
6237364,3087
6240631,3057
6243870,3070
6247120,3089
6250374,3121
6253674,3055
6256913,3054
6260146,3139
6263481,3082
6266716,3077
6269933,3052
6273122,3094
6276382,3124
6279677,3063
6282923,3089
6286179,3063
6289447,3085
6292712,3084
6295970,3055
6299206,3063
6302464,3115
6305729,3073
6308941,3049
6312129,3095
6315363,3087
6318587,3046
6321783,3104
6325053,3102
6328337,3082
6331601,3060
6334841,3080
6338089,3106
6341374,3155
6344694,3066
6347939,3056
6351161,3134
6354519,3060
6357745,3068
6360992,3069
6364226,3082
6367505,3046
6370714,3066
6373958,3058
6377181,3127
6380516,3059
6383741,3069
6386991,3060
6390215,3084
6393520,3074
6396745,3056
6399943,3068
6403147,3095
6406449,3150
6409782,3081
6413048,3107
6416332,3145
6419661,3092
6422902,3082
6426122,3090
6429379,3128
6432680,3068
6435930,3072
6439171,3124
6442479,3044
6445739,3062
6448986,3079
6452245,3274
6455674,3071
6458908,3066
6462156,3165
6465490,3064
6468733,3062
6471962,3058
6475196,3085
6478526,3064
6481755,3041
6484977,3057
6488197,3144
6491535,3071
6494773,3063
6498015,3057
6501237,3074
6504510,3077
6507760,3088
6511025,3074
6514262,3159
6517560,3072
6520770,3067
6523990,3114
6527272,3143
6530607,3061
6533842,3080
6537103,3099
6540372,3171
6543712,3112
6546987,3073
6550196,3125
6553503,3072
6556714,3070
6559921,3047
6563109,3067
6566315,3122
6569571,3086
6572794,3047
6575977,3053
6579167,3141
6582453,3088
6585690,3091
6588952,3070
6592208,3098
6595527,3072
6598769,3057
6602008,3046
6605224,3090
6608530,3072
6611771,3065
6615017,3073
6618257,3081
6621567,3053
6624790,3050
6628021,3050
6631258,3095
6634551,3068
6637789,3067
6641036,3074
6644283,3163
6647631,3059
6650861,3077
6654117,3088
6657372,3093
6660663,3074
6663911,3056
6667149,3122
6670464,3095
6673712,3082
6676962,3054
6680202,3059
6683467,3126
6686743,3081
6689965,3076
6693178,3052
6696366,3116
6699640,3076
6702885,3087
6706140,3103
6709577,3073
6712823,3076
6716080,3110
6719358,3133
6722661,3053
6725901,3069
6729151,3065
6732384,3113
6735663,3049
6738877,3040
6742108,3056
6745336,3094
6748678,3078
6751924,3058
6755145,3074
6758432,3068
6761672,3064
6764907,3068
6768143,3068
6771418,3074
6774669,3069
6777918,3070
6781152,3058
6784445,3061
6787669,3062
6790908,3056
6794132,3068
6797378,3121
6800665,3055
6803898,3071
6807135,3079
6810413,3071
6813662,3440
6817432,4499
6822108,3118
6825426,3125
6828699,3057
6831923,3048
6835153,3068
6838440,3100
6841682,3070
6844931,3072
6848185,3066
6851468,3085
6854731,3055
6857950,3061
6861186,3087
6864473,3070
6867671,3072
6870878,3055
6874070,3105
6877313,3110
6880555,3070
6883762,3073
6886971,3075
6890180,3121
6893468,3054
6896648,3064
6899834,3051
6903009,3108
6906276,3133
6909523,3095
6912802,3093
6916092,3084
6919362,3086
6922620,3068
6925871,3066
6929107,3093
6932446,3068
6935694,3084
6938958,3057
6942183,3070
6945469,3093
6948702,3086
6951929,3064
6955132,3074
6958344,3157
6961660,3073
6964919,3056
6968167,3069
6971431,3097
6974696,3072
6977972,3067
6981189,3125
6984473,3119
6987733,3078
6990967,3093
6994230,3106
6997541,3073
7000785,3062
7004033,3102
7007269,3148
7010602,3053
7013841,3056
7017087,3133
7020419,3074
7023673,3090
7026932,3078
7030183,3100
7033448,3100
7036672,3067
7039868,3075
7043080,3064
7046282,3164
7049618,3062
7052855,3082
7056107,3107
7059461,3072
7062718,3063
7065965,3074
7069222,3092
7072507,3063
7075748,3060
7078975,3067
7082219,3083
7085502,3068
7088750,3059
7091979,3064
7095231,3134
7098558,3061
7101799,3070
7105038,3062
7108274,3170
7111617,3081
7114871,3082
7118120,3111
7121443,3081
7124720,3077
7127979,3079
7131223,3122
7134523,3074
7137769,3076
7141036,3067
7144266,3148
7147599,3074
7150842,3089
7154120,3097
7157394,3086
7160666,3061
7163896,3054
7167130,3103
7170452,3222
7174079,3182
7177441,3148
7180731,3102
7183974,3085
7187199,3084
7190430,3075
7193662,3074
7196908,3053
7200144,3080
7203412,3073
7206670,3071
7209914,3073
7213169,3114
7216461,3100
7219705,3056
7222930,3043
7226154,3134
7229492,3068
7232727,3056
7235972,3055
7239193,3059
7242493,3085
7245731,3080
7248979,3078
7252241,3186
7255564,3083
7258782,3075
7261995,3070
7265207,3112
7268517,3083
7271769,3061
7275014,3080
7278265,3083
7281520,3046
7284705,3059
7287902,3058
7291095,3068
7294357,3115
7297647,3082
7300905,3077
7304177,3123
7307468,3086
7310716,3097
7313984,3060
7317229,3123
7320492,3094
7323782,3050
7327001,3056
7330234,3079
7333539,3058
7336778,3083
7340027,3072
7343289,3120
7346614,3085
7349885,3049
7353103,3051
7356334,3180
7359649,3078
7362878,3071
7366101,3111
7369351,3117
7372609,3066
7375814,3058
7379010,3052
7382201,3068
7385467,3089
7388725,3063
7391974,3054
7395215,3108
7398489,3100
7401770,3055
7405007,3082
7408265,3151
7411580,3072
7414820,3059
7418059,3106
7421333,3141
7424662,3047
7427886,3058
7431123,3116
7434465,3076
7437757,3065
7440992,3045
7444218,3074
7447470,3106
7450721,3072
7453960,3053
7457195,3138
7460497,3070
7463759,3070
7467001,3067
7470247,3106
7473590,3055
7476830,3065
7480078,3059
7483317,3067
7486509,3072
7489763,3069
7493000,3051
7496233,3066
7499527,3064
7502760,3068
7506007,3056
7509233,3106
7512556,3071
7515812,3062
7519046,3063
7522290,3066
7525516,3091
7528788,3054
7532010,3047
7535238,3061
7538479,3088
7541765,3049
7544998,3062
7548247,3081
7551508,3065
7554712,3078
7557916,3086
7561139,3113
7564416,3058
7567653,3119
7570877,3066
7574081,3120
7577342,3207
7580691,3076
7583935,3079
7587210,3065
7590453,3103
7593725,3060
7596954,3066
7600198,3057
7603428,3082
7606690,3069
7609941,3070
7613186,3094
7616532,3068
7619764,3052
7622990,3062
7626213,3090
7629505,3077
7632748,3069
7635993,3061
7639218,3094
7642524,3056
7645747,3066
7648990,3048
7652209,3077
7655511,3087
7658764,3059
7662001,3058
7665227,3074
7668527,3071
7671765,3067
7675007,3081
7678251,3120
7681592,3067
7684826,3059
7688066,3060
7691293,3187
7694667,3063
7697896,3057
7701132,3063
7704360,3136
7707663,3071
7710900,3055
7714131,3088
7717382,3133
7720696,3052
7723915,3043
7727135,3054
7730352,3114
7733648,3053
7736864,3064
7740105,3098
7743367,3200
7746764,3070
7749998,3058
7753235,3096
7756501,3072
7759751,3056
7762971,3099
7766245,3112
7769600,3074
7772826,3055
7776020,3056
7779214,3066
7782441,3090
7785677,3082
7788925,3060
7792170,3068
7795438,3111
7798716,3065
7801947,3069
7805193,3148
7808489,3092
7811768,3079
7815015,3073
7818268,3196
7821656,3076
7824873,3057
7828058,3116
7831308,3140
7834590,3052
7837780,3048
7840962,3057
7844155,3116
7847447,3099
7850718,3071
7853973,3055
7857196,3054
7860437,3141
7863721,3074
7866975,3069
7870182,3093
7873418,3080
7876663,3077
7879905,3064
7883156,3119
7886511,3072
7889753,3060
7892991,3066
7896222,3081
7899500,3062
7902728,3057
7905975,3058
7909196,3069
7912497,3067
7915731,3065
7918971,3058
7922193,3066
7925465,3077
7928690,3064
7931893,3097
7935128,3096
7938363,3083
7941585,3060
7944782,3048
7947966,3077
7951180,3066
7954382,3065
7957640,3072
7960850,3052
7964025,3072
7967235,3062
7970466,3165
7973775,3080
7977022,3066
7980270,3171
7983592,3063
7986835,3050
7990051,3065
7993293,3175
7996638,3062
7999881,3076
8003124,3086
8006348,3150
8009653,3070
8012891,3073
8016151,3112
8019466,3093
8022727,3067
8025972,3069
8029205,3070
8032512,3066
8035743,3054
8038975,3068
8042207,3075
8045452,3085
8048662,3078
8051877,3056
8055070,3095
8058300,3153
8061589,3046
8064785,3088
8068041,3072
8071294,3167
8074604,3133
8077919,3053
8081143,3071
8084444,3093
8087702,3067
8090948,3070
8094185,3130
8097524,3078
8100737,3099
8103972,3081
8107189,3109
8110443,3129
8113714,3079
8116959,3065
8120206,3124
8123520,3062
8126749,3050
8129978,3054
8133205,3103
8136474,3110
8139738,3105
8143011,3062
8146256,3095
8149530,3062
8152777,3098
8156040,3055
8159260,3155
8162621,3079
8165850,3088
8169077,3116
8172330,3081
8175551,3052
8178741,3050
8181927,3064
8185127,3111
8188375,3107
8191638,3075
8194883,3077
8198143,3144
8201507,3106
8204752,3067
8207955,3069
8211161,3054
8214366,3114
8217643,3093
8220918,3075
8224159,3058
8227458,3071
8230708,3070
8233956,3051
8237170,3130
8240521,3062
8243719,3081
8246923,3068
8250125,3134
8253404,3086
8256647,3066
8259880,3056
8263118,3094
8266384,3116
8269682,3060
8272906,3067
8276153,3114
8279442,3077
8282704,3077
8285946,3055
8289182,3066
8292423,3097
8295712,3076
8298968,3051
8302188,3100
8305435,3089
8308665,3065
8311893,3051
8315124,3092
8318382,3074
8321638,3055
8324863,3052
8328094,3138
8331409,3160
8334717,3072
8337958,3070
8341206,3056
8344438,3103
8347710,3073
8350946,3069
8354193,3065
8357443,3117
8360710,3056
8363931,3065
8367172,3066
8370454,3067
8373700,3047
8376910,3073
8380167,3109
8383489,3071
8386727,3045
8389953,3047
8393164,3062
8396456,3065
8399688,3051
8402904,3055
8406140,3105
8409482,3089
8412749,3047
8415961,3066
8419210,3070
8422497,3073
8425735,3056
8428967,3044
8432177,3058
8435474,3097
8438712,3070
8441957,3052
8445176,3057
8448457,3105
8451728,3056
8454961,3057
8458181,3055
8461475,3075
8464714,3047
8467937,3049
8471151,3067
8474446,3065
8477690,3068
8480940,3056
8484163,3070
8487468,3074
8490705,3059
8493940,3045
8497151,3064
8500441,3078
8503682,3172
8507048,3174
8510417,3068
8513676,3086
8516930,3059
8520167,3117
8523477,3090
8526746,3061
8529973,3043
8533193,3124
8536504,3078
8539764,3066
8543008,3088
8546268,3101
8549555,3057
8552782,3073
8556037,3065
8559269,3180
8562623,3060
8565852,3067
8569097,3092
8572356,3121
8575658,3047
8578871,3052
8582104,3143
8585422,3160
8588752,3074
8591997,3057
8595231,3106
8598512,3065
8601756,3056
8604978,3047
8608204,3150
8611490,3077
8614705,3081
8617928,3068
8621135,3136
8624433,3106
8627687,3132
8630989,3055
8634231,3101
8637496,3081
8640758,3074
8643971,3079
8647189,3129
8650476,3109
8653722,3091
8656953,3083
8660174,3057
8663367,3133
8666642,3095
8669905,3054
8673144,3088
8676408,3090
8679679,3073
8682922,3067
8686172,3122
8689472,3093
8692745,3080
8696076,3141
8699371,3152
8702689,3082
8705939,3064
8709173,3131
8712519,3069
8715754,3069
8719005,3059
8722231,3073
8725502,3061
8728729,3073
8731981,3061
8735209,3062
8738498,3055
8741691,3067
8744938,3055
8748156,3126
8751473,3067
8754715,3047
8757942,3068
8761177,3093
8764562,3060
8767786,3068
8771032,3073
8774270,3064
8777564,3056
8780787,3056
8784022,3062
8787251,3098
8790631,3048
8793851,3067
8797099,3069
8800336,3112
8803632,3055
8806852,3046
8810076,3112
8813353,3104
8816659,3069
8819894,3063
8823134,3060
8826360,3214
8829748,3067
8832982,3066
8836228,3065
8839499,3057
8842691,3055
8845928,3067
8849161,3144
8852509,3079
8855759,3070
8859007,3063
8862231,3071
8865508,3078
8868762,3097
8872039,3064
8875265,3146
8878592,3091
8881820,3081
8885028,3067
8888229,3092
8891478,3084
8894700,3048
8897885,3054
8901074,3119
8904333,3142
8907624,3096
8910888,3067
8914132,3113
8917383,3147
8920716,3069
8923971,3062
8927203,3120
8930534,3060
8933762,3050
8936992,3056
8940201,3085
8943577,3057
8946803,3078
8950060,3094
8953328,3123
8956670,3051
8959889,3072
8963141,3057
8966364,3101
8969661,3065
8972892,3075
8976108,3089
8979322,3156
8982618,3078
8985835,3058
8989030,3063
8992229,3067
8995507,3068
8998712,3034
9001881,3065
9005083,3106
9008327,3117
9011604,3085
9014859,3080
9018125,3092
9021439,3150
9024718,3057
9027945,3071
9031196,3063
9034439,3144
9037711,3058
9040936,3102
9044244,3092
9047532,3079
9050752,3068
9053959,3078
9057176,3067
9060382,3120
9063661,3077
9066907,3092
9070181,3071
9073454,3068
9076686,3096
9079968,3071
9083207,3076
9086479,3086
9089703,3081
9092922,3085
9096144,3100
9099381,3104
9102646,3077
9105891,3057
9109130,3103
9112368,3105
9115601,3086
9118826,3060
9122024,3078
9125240,3068
9128476,3077
9131691,3048
9134875,3048
9138061,3072
9141271,3244
9144670,3068
9147907,3089
9151183,3067
9154441,3083
9157694,3068
9160932,3069
9164179,3117
9167452,3145
9170738,3083
9173959,3053
9177151,3056
9180346,3142
9183629,3123
9186920,3054
9190160,3073
9193421,3063
9196646,3091
9199917,3048
9203134,3078
9206433,3141
9209718,3103
9212994,3048
9216223,3061
9219459,3087
9222715,3045
9225927,3046
9229152,3067
9232393,3109
9235687,3065
9238917,3044
9242147,3070
9245383,3067
9248632,3065
9251861,3065
9255105,3094
9258364,3212
9261764,3070
9265002,3065
9268244,3097
9271521,3068
9274770,3056
9277995,3053
9281228,3086
9284473,3090
9287692,3110
9290988,3068
9294228,3120
9297504,3116
9300802,3058
9304031,3062
9307271,3124
9310570,3076
9313819,3062
9317051,3066
9320299,3065
9323517,3065
9326762,3053
9329984,3056
9333219,3062
9336490,3063
9339719,3049
9342948,3054
9346128,3069
9349377,3083
9352639,3054
9355877,3073
9359088,3128
9362360,3114
9365636,3074
9368880,3087
9372142,3072
9375404,3078
9378652,3083
9381917,3063
9385147,3073
9388466,3100
9391733,3065
9394980,3046
9398194,3064
9401481,3061
9404672,3059
9407916,3068
9411152,3075
9414437,3096
9417698,3056
9420934,3050
9424153,3060
9427398,3076
9430655,3056
9433891,3076
9437134,3073
9440408,3146
9443691,3079
9446922,3081
9450143,3092
9453425,3075
9456684,3070
9459927,3047
9463159,3148
9466527,3065
9469773,3047
9472996,3080
9476254,3092
9479508,3064
9482751,3070
9485990,3054
9489225,3129
9492612,3059
9495839,3064
9499085,3095
9502348,3145
9505636,3068
9508869,3053
9512103,3099
9515369,3072
9518623,3057
9521844,3066
9525096,3084
9528346,3107
9531614,3052
9534833,3041
9538053,3057
9541278,3075
9544580,3054
9547802,3075
9551058,3435
9554652,3086
9557927,3085
9561195,3097
9564491,3077
9567759,3079
9571032,3071
9574282,3094
9577565,3085
9580832,3082
9584080,3127
9587362,3106
9590649,3065
9593896,3080
9597135,3131
9600469,3085
9603743,3091
9607003,3063
9610254,3169
9613592,3072
9616848,3081
9620122,3089
9623397,3059
9626671,3112
9629969,3077
9633231,3092
9636536,3074
9639793,3077
9643058,3105
9646357,3089
9649631,3075
9652894,3075
9656132,3159
9659479,3113
9662761,3071
9666015,3081
9669284,3086
9672566,3072
9675804,3063
9679036,3132
9682353,3141
9685669,3075
9688907,3083
9692174,3140
9695484,3086
9698749,3073
9702007,3079
9705272,3146
9708584,3069
9711835,3081
9715105,3161
9718449,3073
9721681,3137
9724988,3062
9728230,3067
9731489,3076
9734729,3078
9737984,3073
9741243,3090
9744520,3075
9747779,3095
9751056,3112
9754334,3110
9757592,3073
9760830,3074
9764087,3143
9767409,3069
9770651,3128
9773949,3068
9777196,3128
9780486,3075
9783745,3092
9787019,3078
9790249,3105
9793540,3074
9796797,3070
9800015,3058
9803254,3174
9806621,3079
9809850,3074
9813109,3172
9816488,3107
9819778,3095
9823052,3089
9826294,3205
9829661,3074
9832915,3085
9836150,3105
9839442,3081
9842705,3109
9845985,3062
9849228,3095
9852574,3122
9855876,3106
9859132,3127
9862489,3083
9865757,3089
9869026,3103
9872279,3135
9875555,3070
9878807,3092
9882085,3124
9885397,3090
9888673,3072
9891927,3097
9895202,3125
9898545,3072
9901769,3088
9905038,3126
9908345,3138
9911649,3072
9914905,3087
9918174,3101
9921478,3082
9924743,3092
9928015,3088
9931259,3110
9934537,3107
9937825,3081
9941056,3090
9944326,3118
9947634,3075
9950859,3058
9954099,3136
9957394,3079
9960650,3064
9963894,3068
9967111,3104
9970453,3096
9973732,3063
9976944,3083
9980207,3097
9983502,3131
9986800,3078
9990061,3130
9993369,3102
9996638,3090
9999870,3064
10003115,3115
10006420,3077
10009672,3110
10012945,3073
10016200,3124
10019483,3100
10022750,3076
10026012,3082
10029247,3169
10032582,3066
10035833,3080
10039064,3144
10042420,3081
10045671,3084
10048937,3121
10052238,3090
10055587,3114
10058886,3078
10062147,3093
10065449,3079
10068690,3095
10071963,3087
10075203,3122
10078561,3080
10081794,3063
10085040,3114
10088340,3171
10091661,3073
10094941,3100
10098231,3229
10101629,3060
10104877,3068
10108104,3138
10111397,3152
10114688,3079
10117919,3062
10121163,3153
10124509,3141
10127834,3116
10131131,3156
10134486,3111
10137780,3071
10141032,3070
10144254,3202
10147589,3071
10150812,3067
10154062,3138
10157377,3098
10160626,3080
10163893,3065
10167138,3137
10170459,3091
10173735,3093
10177008,3069
10180229,3188
10183583,3067
10186791,3075
10190051,3139
10193364,3121
10196647,3100
10199928,3075
10203146,3135
10206517,3068
10209768,3084
10213032,3087
10216270,3108
10219598,3094
10222846,3063
10226095,3088
10229366,3115
10232633,3073
10235889,3090
10239164,3124
10242481,3124
10245750,3076
10249010,3095
10252289,3070
10255537,3077
10258758,3068
10262010,3099
10265297,3117
10268604,3053
10271842,3084
10275079,3107
10278328,3194
10281676,3081
10284940,3107
10288230,3083
10291511,3136
10294799,3121
10298105,3118
10301448,3106
10304716,3122
10308019,3075
10311277,3079
10314555,3081
10317788,3073
10321043,3149
10324374,3128
10327671,3070
10330922,3123
10334225,3136
10337547,3138
10340864,3158
10344195,3078
10347455,3126
10350760,3090
10354030,3106
10357317,3170
10360656,3075
10363913,3083
10367186,3128
10370523,3137
10373823,3091
10377083,3097
10380344,3167
10383677,3074
10386939,3069
10390173,3074
10393473,3080
10396737,3074
10399977,3115
10403266,3170
10406596,3075
10409858,3085
10413122,3116
10416438,3149
10419737,3070
10422976,3075
10426230,3108
10429509,3081
10432767,3087
10436020,3069
10439260,3169
10442575,3108
10445850,3065
10449092,3120
10452418,3311
10455900,3056
10459135,3074
10462441,3082
10465688,3068
10468934,3065
10472182,3129
10475521,3073
10478774,3074
10482030,3103
10485315,3194
10488693,3091
10491964,3061
10495209,3106
10498524,3072
10501764,3069
10505010,3094
10508286,3211
10511617,3074
10514871,3056
10518107,3063
10521348,3153
10524667,3081
10527913,3080
10531154,3101
10534485,3071
10537734,3051
10540963,3060
10544200,3058
10547474,3076
10550729,3079
10553985,3089
10557242,3124
10560543,3073
10563780,3064
10567023,3069
10570271,3182
10573615,3115
10576908,3067
10580162,3149
10583521,3129
10586831,3073
10590085,3111
10593374,3121
10596685,3080
10599923,3078
10603182,3102
10606511,3077
10609731,3064
10612978,3074
10616218,3084
10619487,3072
10622726,3068
10625976,3059
10629225,3089
10632509,3081
10635746,3068
10638996,3061
10642239,3190
10645626,3068
10648873,3065
10652125,3144
10655460,3068
10658696,3093
10661952,3075
10665207,3101
10668549,3073
10671802,3063
10675043,3071
10678297,3122
10681613,3063
10684855,3079
10688123,3124
10691464,3088
10694741,3067
10697962,3080
10701221,3079
10704512,3092
10707771,3053
10711002,3071
10714259,3116
10717586,3062
10720800,3066
10724045,3094
10727328,3144
10730636,3073
10733891,3078
10737150,3155
10740489,3071
10743748,3078
10746988,3075
10750249,3107
10753550,3077
10756811,3077
10760081,3078
10763338,3181
10766664,3086
10769912,3073
10773163,3079
10776468,3141
10779764,3078
10783026,3065
10786272,3079
10789516,3088
10792791,3067
10796021,3066
10799266,3105
10802547,3109
10805846,3080
10809090,3092
10812331,3153
10815628,3077
10818874,3067
10822120,3084
10825415,3148
10828746,3073
10831984,3087
10835240,3089
10838517,3079
10841761,3123
10845064,3105
10848355,3117
10851658,3085
10854892,3114
10858183,3130
10861506,3070
10864757,3081
10868022,3073
10871259,3193
10874605,3069
10877853,3058
10881098,3131
10884457,3082
10887724,3060
10890963,3067
10894182,3131
10897470,3115
10900770,3073
10904027,3122
10907316,3186
10910686,3075
10913945,3073
10917177,3072
10920453,3115
10923753,3071
10926977,3082
10930241,3130
10933555,3115
10936812,3066
10940061,3103
10943344,3131
10946628,3063
10949876,3084
10953138,3128
10956422,3124
10959686,3072
10962943,3093
10966217,3160
10969536,3068
10972788,3082
10976054,3098
10979305,3137
10982628,3091
10985901,3072
10989123,3109
10992423,3090
10995692,3077
10998920,3062
11002150,3124
11005541,3067
11008791,3067
11012021,3078
11015262,3151
11018594,3069
11021820,3064
11025069,3139
11028428,3079
11031700,3077
11034934,3073
11038176,3080
11041468,3086
11044720,3059
11047964,3091
11051234,3149
11054644,3117
11057939,3074
11061158,3092
11064438,3112
11067698,3132
11071011,3103
11074293,3082
11077646,3084
11080885,3068
11084138,3157
11087480,3150
11090799,3090
11094036,3101
11097326,3134
11100629,3075
11103887,3098
11107169,3097
11110447,3080
11113705,3065
11116936,3074
11120192,3115
11123501,3111
11126778,3080
11130041,3104
11133326,3150
11136621,3073
11139875,3084
11143140,3138
11146475,3114
11149740,3076
11152962,3067
11156213,3151
11159523,3074
11162781,3074
11166022,3079
11169286,3149
11172621,3070
11175867,4404
11180444,3133
11183762,3097
11187045,3132
11190331,3130
11193631,3082
11196894,3074
11200122,3112
11203422,3126
11206719,3074
11209975,3088
11213243,3237
11216633,3077
11219890,3132
11223189,3101
11226496,3079
11229759,3091
11233032,3099
11236298,3115
11239615,3080
11242838,3073
11246092,3141
11249408,3084
11252673,3070
11255922,3075
11259150,3148
11262490,3096
11265759,3060
11268963,3073
11272207,3106
11275518,3085
11278787,3105
11282071,3110
11285336,3119
11288602,3083
11291866,3079
11295095,3127
11298557,3077
11301795,3072
11305053,3158
11308377,3098
11311657,3067
11314911,3118
11318192,3064
11321440,3088
11324710,3090
11327986,3054
11331223,3243
11334614,3061
11337861,3072
11341109,3073
11344334,3146
11347661,3075
11350898,3071
11354155,3173
11357525,3095
11360787,3076
11364030,3078
11367273,3100
11370544,3097
11373778,3053
11376985,3077
11380247,3134
11383620,3076
11386877,3107
11390189,3131
11393502,3081
11396734,3070
11399973,3086
11403244,3177
11406607,3080
11409838,3089
11413110,3159
11416476,3092
11419714,3074
11422972,3088
11426245,3118
11429544,3073
11432780,3061
11435986,3084
11439255,3095
11442597,3086
11445852,3062
11449100,3098
11452348,3171
11455620,3072
11458843,3075
11462103,3087
11465369,3128
11468648,3073
11471905,3076
11475146,3083
11478434,3130
11481731,3064
11484975,3073
11488230,3093
11491527,3069
11494764,3068
11497973,3064
11501223,3198
11504599,3064
11507831,3063
11511061,3108
11514313,3174
11517670,3075
11520935,3084
11524168,3093
11527461,3109
11530753,3082
11534012,3084
11537248,3111
11540543,3116
11543840,3106
11547129,3089
11550373,3121
11553680,3075
11556937,3063
11560183,3154
11563531,3074
11566773,3098
11570015,3083
11573246,3126
11576614,3094
11579891,3075
11583118,3090
11586433,3084
11589689,3137
11593007,3128
11596321,3137
11599628,3070
11602879,3083
11606146,3207
11609550,3067
11612797,3087
11616037,3091
11619299,3192
11622670,3095
11625943,3064
11629186,3085
11632455,3085
11635727,3080
11638990,3062
11642230,3087
11645502,3119
11648780,3060
11652023,3076
11655279,3097
11658559,3092
11661808,3075
11665068,3096
11668347,3099
11671597,3077
11674858,3087
11678114,3080
11681376,3189
11684692,3072
11687910,3065
11691142,3132
11694463,3098
11697746,3079
11701001,3067
11704209,3086
11707492,3083
11710754,3071
11713977,3088
11717249,3127
11720575,3075
11723805,3065
11727054,3104
11730339,3170
11733701,3063
11736943,3065
11740162,3132
11743563,3125
11746869,3081
11750134,3135
11753471,3083
11756722,3069
11759975,3101
11763257,3112
11766552,3112
11769811,3081
11773075,3150
11776415,3064
11779661,3059
11782876,3077
11786121,3121
11789383,3105
11792654,3056
11795890,3076
11799113,3074
11802370,3112
11805665,3063
11808910,3078
11812172,3092
11815459,3096
11818702,3083
11821932,3069
11825174,3135
11828504,3127
11831799,3083
11835063,3157
11838446,3082
11841688,3067
11844936,3127
11848213,3079
11851485,3089
11854726,3082
11857991,3078
11861252,3101
11864529,3074
11867745,3066
11870995,3086
11874265,3149
11877565,3059
11880805,3104
11884086,3096
11887360,3119
11890648,3067
11893895,3117
11897161,3060
11900424,3149
11903755,3081
11906990,3080
11910252,3204
11913626,3129
11916944,3075
11920204,3106
11923495,3080
11926755,3071
11929975,3080
11933221,3107
11936507,3073
11939764,3087
11943043,3088
11946285,3092
11949593,3086
11952830,3067
11956079,3135
11959358,3121
11962643,3050
11965871,3080
11969101,3072
11972356,3089
11975622,3066
11978841,3075
11982101,3085
11985367,3117
11988635,3065
11991882,3069
11995130,3146
11998434,3071
12001688,3087
12004953,3074
12008176,3154
12011509,3127
12014821,3071
12018074,3130
12021383,3088
12024638,3063
12027884,3068
12031132,3083
12034370,3131
12037674,3073
12040928,3113
12044191,3122
12047498,3136
12050823,3078
12054050,3081
12057312,3152
12060663,3122
12063968,3116
12067265,3118
12070577,3120
12073882,3074
12077138,3104
12080453,3101
12083737,3058
12086975,3088
12090241,3100
12093543,3075
12096791,3083
12100014,3088
12103245,3123
12106583,3075
12109808,3069
12113061,3115
12116360,3118
12119631,3076
12122892,3071
12126144,3132
12129462,3088
12132719,3078
12135983,3068
12139241,3113
12142531,3103
12145802,3058
12149005,3067
12152257,3139
12155580,3064
12158826,3100
12162098,3105
12165393,3098
12168658,3124
12171962,3068
12175210,3142
12178563,3069
12181813,3092
12185088,3123
12188365,3200
12191705,3079
12194937,3068
12198187,3080
12201466,3116
12204764,3086
12208028,3092
12211273,3103
12214554,3077
12217782,3072
12221038,3138
12224354,3125
12227647,3054
12230882,3113
12234177,3120
12237465,3092
12240739,3108
12244031,3110
12247294,3201
12250656,3123
12253968,3059
12257213,3099
12260529,3110
12263821,3085
12267088,3129
12270367,3128
12273682,3091
12276955,3067
12280202,3182
12283568,3121
12286873,3091
12290148,3107
12293460,3110
12296738,3063
12299994,3075
12303217,3107
12306545,3081
12309781,3070
12313032,3146
12316347,3129
12319664,3095
12322940,3076
12326184,3085
12329456,3076
12332706,3064
12335956,3093
12339232,3097
12342573,3131
12345879,3075
12349140,3139
12352474,3126
12355782,3115
12359082,3101
12362364,3128
12365671,3081
12368903,3063
12372147,3086
12375435,3110
12378704,3127
12381996,3095
12385260,3091
12388552,3077
12391794,3084
12395062,3147
12398418,3097
12401704,3128
12405020,3083
12408290,3179
12411673,3068
12414922,3079
12418173,3116
12421460,3069
12424713,3061
12427961,3070
12431212,3091
12434514,3114
12437812,3060
12441052,3068
12444299,3147
12447616,3111
12450879,3063
12454125,3094
12457419,3165
12460728,3082
12463991,3069
12467244,3137
12470575,3088
12473830,3081
12477055,3077
12480304,3110
12483598,3073
12486860,3113
12490155,3162
12493517,3064
12496763,3105
12500048,3092
12503290,3187
12506649,3072
12509865,3084
12513119,3112
12516438,3113
12519729,3073
12522954,3069
12526208,3116
12529541,3123
12532846,3113
12536146,3180
12539510,3104
12542799,3066
12546046,3100
12549332,3191
12552728,3076
12555989,3126
12559286,3199
12562677,3115
12565981,3076
12569211,3089
12572492,3080
12575722,3064
12578971,3081
12582221,3095
12585505,3114
12588787,3074
12592043,3144
12595375,3100
12598642,3070
12601894,3094
12605165,3178
12608529,3084
12611757,3062
12615002,3100
12618282,3138
12621580,3123
12624885,3080
12628148,3120
12631496,3078
12634755,3075
12638013,3090
12641255,3191
12644590,3080
12647848,3077
12651077,3097
12654358,3116
12657656,3076
12660885,3069
12664135,3154
12667486,3127
12670780,3068
12674029,3088
12677271,3168
12680587,3081
12683848,3081
12687082,3111
12690374,3092
12693640,3120
12696942,3070
12700192,3151
12703506,3074
12706765,3071
12710015,3085
12713255,3115
12716546,3133
12719858,3069
12723104,3095
12726421,3118
12729693,3074
12732951,3075
12736204,3088
12739521,3118
12742806,3063
12746037,3090
12749310,3102
12752621,3136
12755940,3073
12759195,3111
12762505,3069
12765714,3151
12769048,3084
12772316,3151
12775616,3108
12778904,3088
12782173,3179
12785539,3068
12788752,3073
12792008,3167
12795361,3105
12798655,3072
12801909,3146
12805194,3154
12808535,3143
12811819,3058
12815017,3083
12818284,3145
12821617,3082
12824849,3069
12828100,3164
12831422,3085
12834685,3094
12837930,3101
12841170,3160
12844507,3056
12847703,3065
12850911,3065
12854163,3141
12857497,3114
12860796,3071
12864046,3121
12867317,3186
12870663,3090
12873936,3078
12877171,3156
12880511,3118
12883811,3073
12887067,3105
12890350,3170
12893673,3077
12896932,3078
12900189,3083
12903440,3156
12906739,3071
12909992,3084
12913230,3074
12916498,3083
12919731,3072
12922989,3080
12926251,3179
12929590,3127
12932901,3083
12936154,3116
12939478,3085
12942747,3075
12946002,3098
12949283,3230
12952624,3382
12956163,3542
12959973,3390
12963653,3232
12967062,3170
12970437,3120
12973723,3062
12976978,3083
12980226,3090
12983533,3088
12986778,3072
12990038,3117
12993335,3124
12996640,3058
12999841,3074
13003097,3161
13006454,3093
13009698,3068
13012952,3132
13016227,3122
13019522,3100
13022804,3083
13026041,3080
13029302,3161
13032652,3060
13035896,3073
13039147,3145
13042499,3145
13045829,3078
13049092,3119
13052367,3095
13055642,3082
13058910,3057
13062151,3129
13065494,3126
13068790,3055
13072023,3082
13075256,3265
13078702,3072
13081959,3078
13085189,3134
13088505,3108
13091799,3091
13095074,3134
13098436,3091
13101693,3074
13104949,3072
13108201,3116
13111504,3085
13114773,3089
13118043,3094
13121289,3185
13124618,3064
13127867,3078
13131094,3071
13134351,3117
13137657,3076
13140969,3076
13144231,3254
13147670,3068
13150888,3070
13154139,3149
13157438,3070
13160685,3077
13163941,3070
13167160,3155
13170503,3099
13173754,3084
13176982,3071
13180234,3140
13183564,3129
13186864,3053
13190099,3132
13193428,3118
13196697,3108
13199988,3075
13203231,3125
13206552,3111
13209848,3079
13213093,3125
13216409,3090
13219670,3123
13222972,3083
13226234,3095
13229535,3062
13232741,3072
13235995,3089
13239269,3096
13242548,3072
13245763,3081
13249028,3091
13252302,3171
13255622,3074
13258878,3098
13262144,3112
13265463,3097
13268731,3064
13271963,3056
13275160,3072
13278441,3113
13281715,3083
13285057,3110
13288321,3160
13291639,3088
13294907,3073
13298166,3214
13301562,3064
13304811,3072
13308049,3078
13311307,3105
13314567,3092
13317827,3103
13321070,3111
13324323,3092
13327608,3078
13330840,3067
13334091,3142
13337437,3080
13340692,3125
13343996,3072
13347222,3143
13350611,3093
13353885,3076
13357113,3089
13360372,3117
13363665,3127
13366977,3094
13370238,3092
13373533,3138
13376853,3074
13380117,3123
13383436,3111
13386730,3094
13390005,3120
13393307,3109
13396608,3064
13399832,3069
13403129,3115
13406399,3127
13409720,3072
13412982,3119
13416284,3093
13419632,3061
13422877,3104
13426160,3158
13429566,3119
13432867,3094
13436117,3096
13439422,3121
13442684,3112
13445978,3114
13449278,3094
13452599,3092
13455841,3070
13459095,3111
13462398,3080
13465653,3084
13468916,3068
13472166,3175
13475514,3067
13478760,3062
13482010,3084
13485254,3117
13488615,3090
13491889,3078
13495149,3081
13498448,3077
13501690,3071
13504944,3073
13508182,3084
13511469,3105
13514757,3095
13518033,3095
13521275,3081
13524556,3085
13527795,3079
13531059,3142
13534381,3094
13537630,3079
13540891,3082
13544153,3146
13547460,3073
13550699,3061
13553942,3070
13557161,3134
13560499,3117
13563800,3074
13567050,3098
13570322,3112
13573602,3066
13576808,3076
13580072,3132
13583384,3100
13586651,3070
13589906,3078
13593165,3131
13596494,3073
13599748,3091
13603018,3072
13606273,3176
13609672,3110
13612962,3084
13616232,3119
13619515,3076
13622771,3083
13626021,3063
13629264,3150
13632597,3077
13635843,3065
13639054,3106
13642347,3176
13645709,3067
13648959,3107
13652252,3118
13655544,3074
13658802,3070
13662038,3130
13665354,3089
13668702,3078
13671963,3076
13675226,3097
13678508,3105
13681797,3081
13685027,3067
13688277,3078
13691549,3114
13694847,3088
13698116,3145
13701419,3060
13704642,3069
13707891,3076
13711119,3110
13714417,3140
13717691,3072
13720930,3084
13724200,3108
13727512,3143
13730840,3105
13734126,3130
13737445,3075
13740698,3072
13743939,3093
13747219,3123
13750539,3064
13753748,3067
13757000,3072
13760255,3111
13763609,3101
13766888,3062
13770131,3099
13773448,3122
13776773,3127
13780082,3118
13783395,3108
13786687,3086
13789954,3104
13793246,3137
13796574,3070
13799828,3070
13803078,3096
13806357,3140
13809680,3058
13812918,3104
13816210,3083
13819474,3132
13822750,3112
13826045,3088
13829312,3069
13832556,3097
13835831,3076
13839061,3144
13842396,3081
13845659,3067
13848906,3079
13852162,3145
13855559,3119
13858864,3073
13862122,3072
13865376,3106
13868664,3049
13871894,3088
13875165,3076
13878426,3095
13881703,3061
13884943,3071
13888191,3086
13891477,3082
13894743,3094
13898013,3072
13901239,3110
13904589,3074
13907814,3075
13911072,3085
13914337,3123
13917629,3106
13920912,3077
13924169,3151
13927497,3080
13930743,3080
13933965,3066
13937215,3203
13940596,3064
13943801,3074
13947059,3127
13950363,3127
13953676,3115
13956974,3096
13960249,3112
13963545,3110
13966799,3086
13970068,3090
13973340,3187
13976700,3067
13979951,3120
13983255,3089
13986515,3098
13989776,3066
13993026,3151
13996360,3094
13999634,3069
14002885,3072
14006136,3136
14009428,3113
14012703,3068
14015961,3088
14019200,3121
14022555,3110
14025848,3078
14029109,3142
14032471,3094
14035705,3062
14038950,3123
14042252,3115
14045563,3077
14048807,3071
14052023,3083
14055292,3082
14058619,3068
14061868,3090
14065143,3125
14068428,3079
14071683,3083
14074945,3086
14078196,3095
14081481,3086
14084720,3075
14087977,3071
14091231,3115
14094561,3087
14097819,3060
14101066,3094
14104327,3151
14107637,3107
14110923,3082
14114185,3060
14117441,3059
14120661,3102
14123940,3060
14127183,3100
14130496,3104
14133736,3093
14137013,3133
14140313,3071
14143624,3062
14146866,3074
14150120,3102
14153411,3083
14156673,3061
14159911,3052
14163140,3078
14166401,3094
14169662,3060
14172900,3066
14176143,3067
14179405,3103
14182689,3075
14185943,3070
14189191,3065
14192450,3119
14195704,3083
14198963,3073
14202213,3073
14205502,3084
14208741,3081
14211998,3052
14215229,3072
14218502,3077
14221745,3071
14224994,3067
14228246,3118
14231535,3077
14234791,3067
14238041,3076
14241282,3097
14244554,3071
14247820,3063
14251060,3099
14254340,3162
14257611,3087
14260899,3074
14264152,3119
14267494,3178
14270858,3100
14274137,3143
14277533,3109
14280826,3078
14284087,3085
14287351,3203
14290692,3093
14293957,3088
14297229,3187
14300573,3086
14303838,3075
14307097,3117
14310427,3079
14313672,3073
14316926,3096
14320202,3133
14323556,3138
14326875,3098
14330122,3094
14333364,3209
14336738,3074
14339996,3125
14343275,3100
14346551,3079
14349814,3070
14353033,3071
14356284,3129
14359615,3076
14362839,3060
14366082,3126
14369353,3103
14372642,3070
14375879,3068
14379134,3145
14382435,3071
14385685,3075
14388946,3069
14392167,3158
14395506,3086
14398778,3088
14402048,3141
14405350,3118
14408652,3070
14411906,3089
14415150,3133
14418471,3094
14421752,3073
14425006,3066
14428225,3137
14431563,3074
14434789,3080
14438053,3080
14441312,3205
14444667,3125
14447974,3077
14451231,3101
14454509,3061
14457757,3092
14461038,3097
14464287,3097
14467620,3064
14470865,3076
14474090,3096
14477327,3137
14480632,3072
14483883,3069
14487103,3118
14490408,3084
14493650,3074
14496910,3070
14500161,3158
14503478,3085
14506748,3072
14510001,3057
14513213,3215
14516574,3081
14519841,3073
14523140,3144
14526548,3070
14529799,3083
14533061,3100
14536314,3153
14539628,3065
14542884,3073
14546111,3081
14549376,3126
14552672,3104
14555959,3086
14559224,3093
14562488,3117
14565748,3074
14568973,3077
14572234,3188
14575607,3109
14578894,3076
14582121,3156
14585452,3090
14588686,3073
14591944,3074
14595184,3112
14598523,3065
14601773,3077
14605019,3082
14608286,3178
14611691,3060
14614934,3076
14618164,3080
14621442,3095
14624720,3063
14627964,3085
14631230,3130
14634532,3079
14637757,3071
14641010,3088
14644284,3093
14647562,3082
14650785,3062
14653994,3083
14657270,3109
14660571,3121
14663874,3120
14667177,3123
14670474,3103
14673742,3078
14676994,3059
14680234,3178
14683629,3077
14686861,3068
14690112,3114
14693419,3148
14696719,3081
14699981,3073
14703206,3083
14706495,3088
14709735,3081
14712999,3102
14716283,3136
14719571,3065
14722819,3092
14726090,3113
14729395,3092
14732672,3061
14735916,3086
14739181,3125
14742539,3075
14745796,3094
14749068,3112
14752368,3144
14755668,3098
14758956,3113
14762250,3094
14765552,3091
14768790,3080
14772054,3151
14775352,3101
14778635,3085
14781900,3081
14785134,3088
14788411,3086
14791680,3064
14794928,3074
14798182,3127
14801508,3119
14804812,3072
14808068,3139
14811432,3124
14814727,3060
14817967,3073
14821226,3117
14824516,3134
14827837,3091
14831109,3107
14834401,3082
14837673,3125
14840979,3073
14844232,3162
14847548,3072
14850804,3063
14854049,3096
14857301,3129
14860616,3074
14863871,3083
14867102,3141
14870452,3076
14873706,3070
14876957,3102
14880238,3174
14883589,3088
14886850,3061
14890054,3082
14893319,3160
14896703,3072
14899956,3116
14903251,3104
14906544,3068
14909785,3060
14912991,3073
14916235,3162
14919563,3064
14922812,3081
14926078,3086
14929350,3119
14932654,3070
14935905,3065
14939148,3084
14942381,3096
14945653,3060
14948894,3074
14952116,3091
14955348,3225
14958719,3078
14961983,3131
14965296,3193
14968637,3119
14971942,3086
14975208,3131
14978502,3066
14981750,3099
14985034,3100
14988285,3121
14991583,3097
14994866,3063
14998112,3110
15001439,3111
15004715,3123
15008024,3083
15011289,3162
15014606,3109
15017845,3120
15021135,3099
15024421,3122
15027695,3072
15030949,3072
15034203,3090
15037450,3077
15040687,3090
15043957,3079
15047188,3170
15050516,3087
15053744,3058
15056988,3092
15060265,3132
15063565,3074
15066822,3075
15070049,3123
15073354,3157
15076702,3084
15079937,3073
15083191,3101
15086508,3112
15089802,3088
15093069,3116
15096377,3126
15099687,3107
15102979,3075
15106239,3112
15109547,3100
15112796,3075
15116057,3094
15119297,3157
15122636,3095
15125911,3084
15129144,3080
15132416,3082
15135682,3097
15138950,3060
15142188,3090
15145486,3077
15148746,3099
15152027,3100
15155275,3141
15158591,3079
15161811,3063
15165058,3153
15168415,3085
15171652,3062
15174899,3079
15178161,4356
15182673,3095
15185915,3130
15189202,3084
15192488,3081
15195720,3070
15198935,3077
15202195,3116
15205497,3110
15208790,3097
15212067,3117
15215334,3118
15218601,3085
15221867,3081
15225102,3096
15228380,3140
15231704,3043
15234926,3094
15238199,3083
15241436,3114
15244712,3060
15247954,3073
15251184,3107
15254479,3090
15257721,3086
15260992,3102
15264290,3129
15267590,3088
15270863,3106
15274153,3127
15277483,3122
15280784,3071
15284038,3094
15287285,3080
15290614,3069
15293865,3064
15297107,3079
15300354,3102
15303597,3059
15306800,3080
15310064,3174
15313384,3075
15316664,3108
15319953,3075
15323178,3079
15326453,3124
15329742,3061
15332988,3094
15336265,3088
15339537,3075
15342763,3074
15346041,3145
15349356,3102
15352644,3104
15355933,3080
15359191,3110
15362490,3085
15365727,3083
15368992,3072
15372244,3112
15375557,3062
15378763,3085
15382032,3124
15385339,3130
15388623,3084
15391891,3096
15395169,3189
15398516,3081
15401742,3092
15405001,3065
15408252,3164
15411578,3148
15414910,3076
15418170,3152
15421552,3076
15424809,3078
15428068,3108
15431364,3141
15434657,3074
15437916,3074
15441171,3083
15444461,3075
15447710,3072
15450960,3082
15454191,3130
15457554,3084
15460785,3080
15464005,3090
15467263,3155
15470559,3081
15473824,3100
15477106,3192
15480457,3080
15483702,3062
15486945,3072
15490169,3123
15493481,3091
15496769,3074
15500025,3132
15503326,3142
15506654,3102
15509941,3073
15513181,3085
15516459,3120
15519730,3134
15523027,3061
15526266,3082
15529537,3069
15532769,3064
15535998,3052
15539214,3051
15542416,3083
15545678,3066
15548924,3062
15552137,3094
15555418,3161
15558722,3113
15562018,3100
15565302,3097
15568524,3075
15571778,3076
15575002,3095
15578266,3164
15581594,3048
15584785,3067
15588036,3128
15591344,3101
15594628,3099
15597905,3075
15601130,3097
15604463,3088
15607732,3069
15610978,3068
15614212,3086
15617499,3131
15620817,3071
15624068,3092
15627311,3119
15630634,3085
15633903,3091
15637177,3081
15640450,3109
15643721,3073
15646977,3075
15650234,3173
15653601,3135
15656907,3070
15660163,3156
15663530,3098
15666773,3061
15670017,3079
15673277,3179
15676616,3115
15679915,3079
15683186,3132
15686528,3068
15689793,3070
15693047,3094
15696322,3160
15699628,3086
15702879,3078
15706139,3080
15709383,3113
15712664,3124
15715967,3092
15719218,3090
15722505,3116
15725800,3069
15729049,3072
15732299,3138
15735595,3071
15738830,3084
15742075,3072
15745326,3186
15748702,3076
15751970,3088
15755220,3071
15758476,3099
15761740,3069
15764987,3056
15768224,3071
15771489,3057
15774717,3078
15777963,3072
15781220,3066
15784470,3084
15787733,3080
15790994,3062
15794233,3070
15797511,3087
15800760,3065
15804000,3063
15807241,3178
15810583,3058
15813817,3072
15817069,3073
15820326,3140
15823650,3088
15826915,3151
15830213,3096
15833492,3080
15836757,3073
15839981,3079
15843243,3212
15846635,3068
15849854,3076
15853120,3081
15856379,3144
15859681,3120
15862985,3108
15866274,3103
15869571,3143
15872878,3056
15876113,3112
15879382,3090
15882656,3070
15885906,3087
15889147,3121
15892475,3108
15895736,3080
15898985,3087
15902215,3086
15905494,3089
15908726,3069
15911978,3128
15915290,3156
15918597,3080
15921858,3094
15925133,3110
15928440,3104
15931681,3085
15934948,3084
15938214,3080
15941501,3109
15944792,3088
15948064,3083
15951314,3268
15954722,3091
15957999,3114
15961294,3133
15964571,3073
15967826,3120
15971129,3134
15974446,3086
15977710,3070
15980961,3066
15984206,3154
15987526,3074
15990783,3087
15994054,3099
15997306,3105
16000595,3090
16003865,3072
16007087,3099
16010371,3114
16013668,3068
16016918,3100
16020155,3138
16023498,3118
16026783,3056
16030017,3076
16033248,3131
16036597,3089
16039836,3065
16043069,3084
16046341,3162
16049678,3063
16052922,3078
16056181,3085
16059458,3091
16062701,3063
16065948,3073
16069200,3082
16072437,3117
16075710,3084
16078974,3051
16082206,3108
16085501,3078
16088760,3066
16092002,3095
16095245,3080
16098510,3090
16101768,3066
16105016,3085
16108279,3098
16111571,3074
16114828,3133
16118127,3112
16121431,3087
16124698,3068
16127950,3082
16131212,3209
16134581,3068
16137845,3087
16141083,3139
16144397,3062
16147603,3076
16150862,3072
16154112,3122
16157384,3076
16160644,3094
16163916,3085
16167153,3114
16170453,3112
16173708,3122
16177010,3111
16180306,3182
16183669,3115
16186968,3093
16190228,3114
16193524,3142
16196843,3066
16200092,3126
16203385,3107
16206671,3068
16209917,3084
16213174,3093
16216448,3156
16219747,3079
16223012,3126
16226321,3148
16229625,3090
16232897,3079
16236132,3104
16239428,3122
16242706,3110
16245998,3127
16249313,3173
16252665,3095
16255917,3077
16259180,3170
16262545,3089
16265775,3078
16269036,3088
16272308,3122
16275575,3080
16278839,3112
16282131,3112
16285412,3089
16288678,3057
16291914,3057
16295154,3119
16298506,3147
16301843,3109
16305135,3144
16308436,3077
16311689,3063
16314934,3087
16318202,3122
16321513,3075
16324773,3071
16328025,3070
16331239,3167
16334557,3080
16337823,3071
16341075,3090
16344344,3101
16347629,3071
16350852,3064
16354099,3124
16357430,3086
16360684,3094
16363944,3064
16367195,3124
16370531,3062
16373771,3074
16377023,3088
16380290,3133
16383611,3091
16386870,3074
16390128,3092
16393449,3104
16396713,3059
16399952,3072
16403208,3080
16406501,3081
16409752,3055
16412992,3093
16416265,3107
16419551,3078
16422783,3065
16426033,3090
16429304,3128
16432581,3073
16435838,3062
16439079,3115
16442344,3186
16445711,3058
16448951,3068
16452206,3105
16455481,3078
16458727,3070
16461980,3110
16465274,3089
16468488,3115
16471780,3069
16475031,3097
16478315,3098
16481593,3065
16484805,3071
16488059,3157
16491421,3148
16494718,3083
16497984,3082
16501245,3086
16504518,3063
16507723,3066
16510972,3113
16514268,3084
16517524,3109
16520813,3080
16524046,3092
16527306,3113
16530593,3077
16533855,3079
16537122,3124
16540450,3073
16543698,3110
16546991,3092
16550262,3121
16553568,3124
16556875,3077
16560131,3115
16563446,3095
16566707,3065
16569955,3070
16573204,3122
16576549,3072
16579791,3074
16583048,3096
16586326,3114
16589660,3126
16592967,3106
16596256,3084
16599494,3078
16602750,3082
16606000,3065
16609243,3082
16612517,3065
16615726,3082
16618992,3113
16622286,3192
16625643,3089
16628898,3066
16632144,3114
16635482,3076
16638733,3065
16641941,3067
16645202,3104
16648461,3116
16651763,3096
16655042,3080
16658303,3150
16661634,3073
16664857,3067
16668106,3143
16671459,3062
16674653,3046
16677878,3063
16681121,3142
16684460,3112
16687752,3069
16691004,3075
16694257,3122
16697591,3111
16700880,3076
16704139,3080
16707420,3120
16710690,3112
16713967,3059
16717210,3074
16720499,3096
16723763,3080
16727020,3064
16730263,3110
16733551,3111
16736844,3088
16740117,3118
16743510,3083
16746771,3058
16750013,3084
16753285,3196
16756648,3075
16759903,3088
16763179,3135
16766520,3066
16769741,3073
16772996,3087
16776263,3169
16779582,3072
16782822,3073
16786079,3079
16789340,3138
16792682,3067
16795928,3068
16799178,3128
16802484,3070
16805737,3101
16809016,3082
16812248,3110
16815546,3080
16818781,3072
16822036,3115
16825333,3143
16828636,3071
16831889,3124
16835195,3122
16838523,3074
16841765,3122
16845013,3076
16848250,3299
16851690,3073
16854931,3068
16858142,3078
16861441,3083
16864694,3113
16867988,3113
16871280,3099
16874560,3115
16877844,3068
16881098,3116
16884409,3082
16887652,3090
16890897,3086
16894170,3186
16897541,3063
16900774,3062
16903978,3063
16907226,3078
16910461,3065
16913711,3069
16916961,3084
16920193,3096
16923472,3086
16926705,3063
16929952,3110
16933239,3163
16936593,3075
16939853,3074
16943113,3133
16946426,3084
16949703,3086
16952942,3063
16956166,3127
16959488,3111
16962781,3101
16966063,3094
16969313,3151
16972586,3095
16975859,3060
16979105,3189
16982479,3081
16985715,3064
16988962,3058
16992197,3109
16995463,3085
16998733,3073
17001986,3064
17005202,3137
17008528,3100
17011807,3075
17015034,3107
17018330,3162
17021672,3072
17024896,3066
17028149,3128
17031446,3080
17034711,3073
17037966,3064
17041214,3098
17044522,3067
17047741,3070
17050994,3074
17054252,3093
17057535,3115
17060788,3075
17064009,3092
17067287,3073
17070566,3070
17073818,3114
17077111,3102
17080406,3134
17083719,3130
17087026,3065
17090272,3185
17093641,3078
17096889,3086
17100161,3140
17103500,3113
17106783,3079
17110045,3149
17113374,3104
17116645,3085
17119917,3101
17123196,3080
17126551,3080
17129784,3080
17133046,3136
17136351,3103
17139702,3080
17142951,3071
17146205,3119
17149498,3077
17152761,3097
17156037,3092
17159281,3141
17162590,3063
17165835,3068
17169055,3098
17172346,3100
17175626,3054
17178850,3048
17182042,3080
17185307,3160
17188654,3066
17191871,3057
17195109,3107
17198393,3068
17201643,3080
17204877,3061
17208121,3091
17211420,3078
17214671,3074
17217916,3073
17221176,3127
17224492,3084
17227719,3069
17230976,3067
17234219,3086
17237495,3113
17240791,3074
17244051,3108
17247337,3140
17250659,3061
17253903,3114
17257202,3135
17260525,3107
17263817,3077
17267073,3088
17270328,3105
17273617,3092
17276895,3077
17280148,3162
17283524,3078
17286753,3073
17290006,3080
17293266,3190
17296608,3079
17299875,3071
17303100,3132
17306375,3104
17309619,3063
17312865,3067
17316115,3093
17319357,3134
17322666,3072
17325921,3078
17329149,3133
17332494,3075
17335759,3071
17338983,3069
17342236,3079
17345525,3122
17348841,3084
17352077,3154
17355372,3083
17358648,3086
17361915,3076
17365140,3139
17368464,3094
17371738,3076
17374969,3080
17378230,3141
17381576,3107
17384863,3069
17388115,3089
17391445,3075
17394705,3061
17397948,3071
17401198,3099
17404493,3094
17407773,3062
17411024,3078
17414253,3168
17417616,3093
17420858,3066
17424108,3201
17427522,3111
17430814,3086
17434081,3108
17437341,3171
17440627,3078
17443857,3055
17447098,3088
17450367,3132
17453651,3064
17456902,3127
17460215,3138
17463552,3080
17466782,3074
17470039,3116
17473337,3119
17476626,3071
17479868,3077
17483130,3211
17486530,3053
17489765,3118
17493070,3107
17496357,3111
17499648,3073
17502872,3067
17506124,3147
17509440,3103
17512692,3060
17515931,3069
17519151,3084
17522439,3122
17525739,3073
17528964,3061
17532209,3115
17535551,3104
17538836,3061
17542076,3063
17545323,3174
17548683,3068
17551931,3078
17555194,3104
17558494,3082
17561729,3062
17564973,3075
17568230,3082
17571485,3113
17574729,3091
17578001,3096
17581266,3181
17584632,3108
17587908,3068
17591169,3081
17594428,3066
17597670,3055
17600904,3076
17604131,3116
17607491,3080
17610750,3071
17613969,3065
17617217,3087
17620508,3123
17623814,3082
17627078,3172
17630423,3080
17633681,3066
17636926,3073
17640171,3117
17643469,3083
17646704,3077
17649967,3065
17653212,3124
17656507,3084
17659775,3077
17663032,3066
17666289,3095
17669602,3080
17672829,3077
17676092,3095
17679366,3155
17682678,3079
17685942,3075
17689197,3157
17692509,3079
17695754,3058
17698959,3072
17702202,3117
17705501,3090
17708738,3075
17711996,3087
17715263,3146
17718565,3075
17721822,3092
17725096,3072
17728319,3207
17731711,3078
17734970,3063
17738182,3163
17741490,3108
17744781,3066
17747995,3078
17751257,3110
17754619,3055
17757841,3075
17761101,3099
17764383,3109
17767666,3065
17770909,3068
17774131,3078
17777401,3080
17780665,3063
17783909,3109
17787203,3133
17790531,3071
17793755,3063
17797001,3066
17800247,3169
17803597,3109
17806888,3091
17810164,3171
17813523,3077
17816784,3073
17820036,3113
17823334,3126
17826641,3077
17829896,3081
17833130,3119
17836457,3064
17839728,3113
17843022,3089
17846289,3165
17849617,3074
17852875,3091
17856145,3085
17859380,3099
17862638,3094
17865900,3087
17869170,3094
17872477,3084
17875750,3058
17878959,3075
17882216,3096
17885528,3087
17888799,3069
17892032,3093
17895270,3078
17898515,3113
17901811,3075
17905074,3107
17908332,3102
17911616,3076
17914877,3079
17918104,3087
17921362,3112
17924614,3063
17927860,3113
17931156,3086
17934458,3063
17937706,3084
17940955,3070
17944205,3117
17947520,3112
17950823,3087
17954063,3107
17957351,3125
17960665,3076
17963927,3077
17967152,3164
17970499,3106
17973790,3080
17977022,3074
17980281,3144
17983607,3065
17986824,3076
17990080,3125
17993456,3091
17996697,3070
17999936,3086
18003208,3174
18006575,3069
18009796,3075
18013054,3113
18016350,3137
18019652,3104
18022894,3112
18026188,3085
18029465,3146
18032744,3076
18036006,3077
18039262,3106
18042549,3113
18045841,3121
18049112,3088
18052369,3101
18055656,3084
18058925,3079
18062182,3156
18065542,3105
18068829,3090
18072099,3122
18075375,3128
18078686,3074
18081941,3077
18085170,3118
18088475,3083
18091711,3072
18094964,3093
18098238,3195
18101618,3096
18104902,3066
18108116,3090
18111446,3079
18114711,3058
18117950,3072
18121201,3092
18124516,3063
18127763,3100
18131029,3075
18134288,3121
18137606,3078
18140836,3069
18144086,3126
18147402,3089
18150659,3073
18153915,3072
18157155,3083
18160429,3129
18163734,3066
18166980,3073
18170233,3079
18173504,3076
18176730,3066
18179978,3063
18183228,3108
18186507,3073
18189764,3083
18193035,3172
18196416,3088
18199668,3070
18202919,3067
18206170,3159
18209493,3080
18212755,3086
18216019,3081
18219251,3100
18222538,3111
18225832,3067
18229052,3130
18232365,3145
18235694,3051
18238931,3066
18242176,3127
18245514,3073
18248739,3070
18251991,3132
18255304,3131
18258589,3068
18261844,3076
18265101,3107
18268362,3096
18271640,3097
18274915,3072
18278135,3081
18281416,3120
18284685,3098
18287987,3074
18291245,3136
18294558,3134
18297877,3087
18301145,3172
18304510,3075
18307739,3074
18310996,3105
18314287,3097
18317561,3064
18320805,3070
18324025,3069
18327278,3081
18330570,3080
18333829,3077
18337059,3075
18340318,3178
18343673,3065
18346923,3114
18350206,3089
18353482,3098
18356759,3072
18359985,3061
18363229,3097
18366523,3155
18369846,3054
18373084,3160
18376418,3065
18379663,3068
18382882,3072
18386138,3148
18389475,3085
18392715,3075
18395975,3089
18399242,3176
18402569,3071
18405826,3210
18409226,3115
18412517,3082
18415784,3100
18419056,3082
18422323,3139
18425643,3073
18428911,3079
18432136,3103
18435470,3089
18438734,3067
18441985,3078
18445215,3102
18448551,3070
18451805,3106
18455084,3119
18458377,3094
18461649,3075
18464863,3075
18468081,3119
18471384,3137
18474665,3115
18477962,3095
18481234,3173
18484602,3106
18487887,3075
18491113,3111
18494429,3080
18497694,3055
18500930,3068
18504177,3120
18507510,3098
18510746,3062
18513977,3064
18517186,3081
18520476,3114
18523773,3100
18527052,3083
18530290,3092
18533609,3096
18536888,3059
18540128,3121
18543461,3103
18546752,3065
18549998,3073
18553225,3087
18556517,3125
18559826,3096
18563104,3109
18566360,3138
18569681,3075
18572946,3114
18576244,3151
18579589,3125
18582886,3054
18586108,3091
18589370,3126
18592680,3082
18595941,3077
18599169,3140
18602509,3125
18605818,3079
18609078,3084
18612339,3176
18615696,3072
18618920,3089
18622173,3069
18625469,3088
18628708,3072
18631963,3067
18635210,3092
18638478,3062
18641724,3070
18644977,3068
18648225,3080
18651511,3076
18654737,3083
18657983,3058
18661225,3241
18664617,3070
18667872,3086
18671141,3088
18674379,3185
18677718,3095
18680988,3065
18684240,3212
18687638,3091
18690890,3071
18694143,3132
18697463,3084
18700710,3072
18703959,3075
18707202,3161
18710531,3070
18713778,3068
18717030,3096
18720307,3141
18723629,3060
18726870,3055
18730109,3141
18733453,3091
18736726,3081
18739988,3080
18743231,3189
18746577,3069
18749824,3067
18753075,3078
18756328,3131
18759641,3077
18762872,3065
18766120,3112
18769421,3081
18772674,3113
18775971,3070
18779220,3239
18782627,3060
18785865,3072
18789120,3085
18792407,3173
18795725,3171
18799082,3120
18802369,3091
18805635,3076
18808875,3080
18812134,3112
18815448,3076
18818693,3067
18821925,3099
18825182,3153
18828510,3116
18831811,3081
18835078,3082
18838336,3206
18841721,3076
18844978,3075
18848242,3126
18851602,3077
18854831,3070
18858082,3082
18861345,3123
18864617,3071
18867872,3119
18871172,3129
18874464,3088
18877735,3071
18880989,3076
18884217,3108
18887517,3080
18890776,3069
18893996,3072
18897248,3114
18900567,3116
18903867,3100
18907146,3141
18910488,3117
18913788,3088
18917058,3095
18920306,3179
18923627,3071
18926848,3081
18930116,3094
18933422,3071
18936677,3107
18939983,3084
18943259,3165
18946603,3110
18949858,3075
18953103,3092
18956365,3192
18959687,3075
18962913,3071
18966166,3107
18969499,3108
18972754,3076
18976002,3062
18979205,3079
18982489,3173
18985848,3091
18989121,3146
18992452,3096
18995702,3075
18998962,3094
19002240,3104
19005530,3079
19008787,3076
19012016,3083
19015285,3187
19018649,3114
19021943,3074
19025164,3076
19028384,3154
19031706,3065
19034953,3067
19038172,3079
19041466,3115
19044761,3061
19048003,3094
19051281,3077
19054495,3093
19057756,3069
19061023,3072
19064280,3146
19067610,3076
19070829,3064
19074077,3118
19077374,3096
19080636,3061
19083880,3100
19087191,3120
19090515,3131
19093832,3072
19097125,3145
19100464,3085
19103729,3073
19106969,3077
19110190,3127
19113526,3069
19116782,3096
19120057,3085
19123294,3219
19126625,3071
19129845,3070
19133099,3112
19136409,3083
19139686,3064
19142908,3072
19146164,3183
19149545,3070
19152770,3074
19156032,3109
19159330,3108
19162595,3073
19165861,3075
19169116,3133
19172472,3078
19175727,3068
19178950,3075
19182209,4281
19186775,3179
19190069,3107
19193297,3146
19196565,3096
19199835,3081
19203104,3113
19206407,3095
19209662,3087
19212932,3078
19216162,3083
19219445,3095
19222722,3078
19225948,3062
19229190,3087
19232477,3113
19235774,3102
19239053,3108
19242314,3131
19245593,3064
19248824,3071
19252081,3161
19255419,3163
19258730,3156
19262074,3150
19265372,3086
19268643,3088
19271903,3068
19275161,3200
19278547,3123
19281851,3107
19285184,3112
19288505,3126
19291810,3091
19295083,3101
19298340,3161
19301612,3086
19304868,3074
19308125,3130
19311433,3103
19314719,3084
19317989,3089
19321258,3176
19324587,3069
19327837,3079
19331097,3087
19334337,3227
19337694,3080
19340924,3146
19344258,3089
19347605,3073
19350869,3078
19354100,3111
19357427,3068
19360673,3073
19363932,3175
19367290,3218
19370654,3150
19373975,3079
19377203,3104
19380500,3083
19383736,3077
19387028,3110
19390290,3207
19393650,3076
19396910,3081
19400174,3075
19403420,3081
19406660,3284
19410149,3165
19413529,3077
19416792,3182
19420158,3203
19423567,3075
19426825,3111
19430122,3094
19433372,3151
19436680,3065
19439915,3079
19443179,3136
19446520,3124
19449827,3097
19453110,3086
19456346,3220
19459742,3064
19462947,3066
19466196,3103
19469510,3103
19472794,3091
19476063,3098
19479315,3250
19482706,3084
19485974,3085
19489243,3116
19492547,3115
19495804,3064
19499050,3164
19502422,3074
19505645,3071
19508898,3081
19512164,3145
19515558,3121
19518860,3087
19522093,3105
19525383,3170
19528681,3129
19531996,3078
19535222,3083
19538505,3090
19541783,3080
19545017,3080
19548277,3218
19551682,3064
19554927,3119
19558227,3098
19561530,3068
19564748,3070
19568000,3099
19571283,3093
19574561,3083
19577801,3074
19581063,3124
19584336,3122
19587640,3093
19590916,3091
19594186,3122
19597494,3081
19600758,3082
19604022,3090
19607267,3178
19610591,3077
19613855,3084
19617092,3100
19620373,3188
19623691,3080
19626921,3059
19630162,3141
19633505,3132
19636821,3091
19640097,3113
19643448,3103
19646732,3093
19650007,3123
19653313,3110
19656590,3071
19659847,3096
19663125,3096
19666364,3111
19669667,3088
19672937,3079
19676209,3092
19679486,3106
19682773,3063
19686017,3122
19689322,3081
19692594,3100
19695873,3075
19699132,3157
19702459,3091
19705715,3076
19708972,3088
19712246,3102
19715563,3099
19718830,3060
19722072,3088
19725339,3135
19728632,3082
19731894,3069
19735142,3099
19738439,3111
19741708,3080
19744970,3067
19748217,3087
19751511,3152
19754809,3098
19758087,3114
19761382,3126
19764687,3086
19767928,3071
19771184,3185
19774553,3113
19777850,3112
19781145,3087
19784384,3089
19787656,3126
19790932,3079
19794192,3139
19797530,3118
19800789,3067
19803998,3064
19807245,3103
19810565,3113
19813863,3126
19817170,3138
19820480,3089
19823752,3092
19827025,3104
19830280,3177
19833641,3086
19836912,3079
19840141,3158
19843501,3085
19846736,3069
19849989,3077
19853249,3096
19856555,3079
19859816,3071
19863075,3114
19866338,3240
19869746,3052
19872981,3079
19876209,3083
19879520,3080
19882746,3059
19885987,3075
19889245,3092
19892550,3075
19895768,3068
19899018,3106
19902305,3118
19905571,3072
19908826,3102
19912101,3105
19915349,3145
19918680,3078
19921946,3079
19925171,3071
19928432,3090
19931683,3112
19934977,3084
19938239,3090
19941506,3083
19944754,3091
19947988,3077
19951252,3110
19954560,3113
19957855,3109
19961141,3091
19964408,3069
19967655,3076
19970882,3070
19974134,3209
19977541,3075
19980794,3088
19984064,3078
19987325,3139
19990689,3069
19993908,3085
19997178,3129
20000536,3061
20003748,3068
20007000,3071
20010254,3072
20013560,3079
20016788,3071
20020043,3108
20023328,3143
20026623,3075
20029882,3071
20033134,3099
20036380,3091
20039656,3068
20042905,3075
20046131,3120
20049422,3098
20052703,3087
20055941,3087
20059213,3106
20062503,3077
20065732,3074
20068989,3068
20072235,3092
20075494,3083
20078763,3096
20082037,3094
20085282,3096
20088549,3080
20091808,3065
20095025,3087
20098273,3066
20101547,3070
20104798,3089
20108074,3098
20111357,3116
20114653,3078
20117917,3078
20121162,3124
20124498,3081
20127765,3086
20131036,3090
20134292,3141
20137612,3075
20140871,3079
20144134,3084
20147403,3096
20150668,3110
20153958,3071
20157211,3092
20160489,3109
20163743,3076
20166999,3073
20170225,3122
20173529,3149
20176862,3073
20180120,3121
20183432,3107
20186691,3072
20189948,3089
20193229,3096
20196505,3080
20199769,3074
20203024,3101
20206303,3149
20209607,3073
20212863,3082
20216123,3128
20219449,3075
20222701,3066
20225948,3109
20229235,3196
20232621,3076
20235882,3073
20239108,3074
20242367,3134
20245681,3068
20248900,3080
20252148,3079
20255420,3109
20258694,3062
20261939,3069
20265194,3114
20268538,3078
20271770,3071
20275023,3173
20278379,3109
20281652,3070
20284903,3078
20288164,3174
20291514,3078
20294738,3062
20297985,3112
20301283,3148
20304583,3130
20307898,3072
20311150,3129
20314438,3120
20317712,3076
20320969,3077
20324197,3127
20327501,3098
20330784,3118
20334085,3125
20337359,3109
20340644,3072
20343899,3081
20347132,3126
20350462,3086
20353735,3076
20356963,3065
20360211,3106
20363565,3102
20366850,3078
20370109,3108
20373431,3117
20376697,3078
20379956,3077
20383215,3083
20386512,3072
20389768,3075
20393026,3092
20396267,3184
20399612,3080
20402876,3080
20406113,3111
20409415,3091
20412697,3102
20415967,3081
20419235,3130
20422545,3077
20425804,3105
20429092,3163
20432478,3093
20435753,3090
20439027,3088
20442268,3185
20445595,3091
20448869,3083
20452105,3086
20455359,3104
20458604,3073
20461859,3073
20465114,3161
20468429,3083
20471690,3066
20474938,3080
20478172,3120
20481479,3087
20484716,3072
20487969,3082
20491220,3139
20494546,3067
20497784,3092
20501018,3084
20504289,3105
20507576,3082
20510838,3065
20514055,3095
20517335,3152
20520670,3073
20523924,3074
20527182,3178
20530551,3068
20533797,3067
20537018,3083
20540284,3096
20543568,3074
20546794,3072
20550050,3136
20553372,3128
20556683,3110
20559977,3094
20563254,3171
20566592,3067
20569830,3074
20573088,3123
20576454,3087
20579734,3095
20582985,3067
20586237,3084
20589530,3085
20592745,3094
20596017,3073
20599241,3107
20602591,3095
20605837,3068
20609089,3109
20612382,3101
20615666,3100
20618949,3060
20622189,3152
20625533,3102
20628817,3101
20632098,3099
20635380,3137
20638686,3104
20641969,3115
20645264,3115
20648621,3073
20651840,3068
20655093,3089
20658363,3109
20661650,3060
20664855,3079
20668118,3089
20671410,3154
20674713,3077
20677974,3110
20681264,3152
20684577,3073
20687836,3098
20691104,3143
20694461,3084
20697729,3110
20701003,3072
20704257,3110
20707613,3079
20710845,3072
20714086,3128
20717377,3136
20720699,3097
20723976,3090
20727244,3156
20730557,3070
20733798,3075
20737057,3100
20740339,3204
20743686,3074
20746944,3076
20750204,3076
20753483,3083
20756720,3072
20759998,3079
20763259,3158
20766583,3065
20769831,3100
20773113,3149
20776453,3086
20779719,3076
20782985,3077
20786205,3090
20789484,3118
20792783,3082
20796047,3157
20799399,3108
20802648,3093
20805921,3067
20809142,3130
20812454,3126
20815719,3072
20818935,3088
20822206,3095
20825505,3124
20828813,3078
20832069,3137
20835333,3215
20838693,3079
20841956,3114
20845254,3161
20848566,3066
20851779,3077
20855040,3115
20858336,3155
20861634,3123
20864939,3116
20868236,3109
20871512,3094
20874769,3073
20878024,3081
20881253,3111
20884553,3076
20887777,3072
20891031,3102
20894320,3144
20897656,3067
20900903,3076
20904132,3105
20907423,3083
20910691,3086
20913944,3057
20917181,3115
20920512,3073
20923768,3067
20927013,3084
20930251,3124
20933586,3083
20936855,3082
20940119,3102
20943408,3089
20946669,3071
20949922,3091
20953179,3105
20956493,3141
20959820,3124
20963124,3110
20966407,3093
20969676,3057
20972915,3082
20976147,3169
20979547,3082
20982783,3087
20986054,3147
20989383,3113
20992670,3123
20995974,3093
20999250,3088
21002553,3071
21005767,3059
21009010,3116
21012309,3122
21015584,3086
21018837,3073
21022080,3084
21025349,3126
21028679,3076
21031935,3066
21035153,3085
21038439,3155
21041747,3112
21045042,3164
21048417,3084
21051682,3125
21054988,3098
21058253,3121
21061609,3070
21064851,3070
21068063,3091
21071337,3120
21074636,3068
21077887,3077
21081143,3173
21084505,3090
21087747,3084
21091016,3127
21094324,3174
21097652,3072
21100909,3078
21104166,3131
21107498,3121
21110801,3092
21114084,3087
21117324,3133
21120631,3071
21123883,3098
21127166,3123
21130493,3120
21133796,3082
21137046,3100
21140328,3099
21143581,3088
21146837,3123
21150113,3123
21153428,3107
21156713,3067
21159961,3078
21163223,3181
21166591,3064
21169835,3065
21173083,3085
21176352,3183
21179716,3106
21183001,3084
21186236,3575
21189906,3096
21193156,3142
21196489,3089
21199730,3080
21202994,3063
21206257,3166
21209609,3074
21212869,3077
21216098,3109
21219397,3125
21222733,3116
21226035,3119
21229339,3122
21232647,3072
21235873,3073
21239130,3127
21242463,3087
21245702,3071
21248942,3066
21252201,3096
21255501,3115
21258802,3069
21262052,3073
21265298,3174
21268654,3070
21271911,3075
21275138,3138
21278439,3091
21281687,3070
21284940,3091
21288213,3081
21291508,3075
21294768,3074
21298028,3131
21301341,3096
21304619,3081
21307854,3065
21311101,3135
21314413,3071
21317668,3055
21320888,3080
21324154,3213
21327546,3070
21330759,3077
21334021,3168
21337370,3124
21340665,3071
21343887,3071
21347140,3130
21350492,3078
21353742,3069
21356993,3103
21360282,3101
21363566,3114
21366866,3109
21370160,3139
21373458,3091
21376733,3078
21379994,3068
21383240,3139
21386574,3080
21389837,3107
21393129,3120
21396459,3070
21399724,3054
21402937,3066
21406186,3087
21409502,3082
21412738,3072
21415993,3076
21419256,3128
21422619,3077
21425839,3059
21429084,3118
21432397,3124
21435656,3098
21438939,3092
21442212,3079
21445475,3083
21448725,3067
21451971,3094
21455235,3114
21458544,3075
21461786,3066
21465032,3070
21468283,3081
21471528,3103
21474814,3071
21478067,3149
21481396,3078
21484644,3067
21487878,3073
21491133,3147
21494483,3114
21497781,3069
21501016,3079
21504277,3084
21507615,3083
21510860,3092
21514135,3105
21517416,3094
21520695,3084
21523960,3092
21527237,3094
21530508,3083
21533774,3074
21536999,3067
21540252,3130
21543569,3114
21546867,3088
21550141,3167
21553481,3077
21556740,3075
21559998,3077
21563227,3078
21566549,3113
21569845,3108
21573129,3106
21576442,3078
21579707,3076
21582966,3098
21586237,3076
21589492,3085
21592756,3068
21595977,3085
21599232,3102
21602496,3050
21605675,3082
21608939,3063
21612155,3093
21615423,3130
21618695,3081
21621957,3083
21625182,3111
21628482,3099
21631769,3092
21635044,3084
21638282,3159
21641630,3088
21644900,3084
21648170,3087
21651490,3092
21654763,3071
21658013,3085
21661248,3084
21664538,3118
21667838,3081
21671068,3097
21674304,3079
21677556,3094
21680832,3074
21684058,3085
21687327,3178
21690631,3075
21693857,3084
21697123,3120
21700401,3063
21703639,3076
21706896,3081
21710129,3121
21713461,3100
21716740,3074
21719963,3079
21723225,3081
21726515,3109
21729804,3088
21733072,3077
21736332,3116
21739630,3076
21742859,3083
21746122,3127
21749446,3082
21752722,3065
21755943,3065
21759192,3153
21762625,3075
21765855,3064
21769100,3130
21772419,3112
21775681,3083
21778949,3076
21782208,3090
21785544,3090
21788820,3081
21792083,3086
21795350,3132
21798665,3067
21801883,3071
21805135,3174
21808506,3141
21811830,3123
21815137,3144
21818455,3062
21821677,3072
21824929,3070
21828151,3114
21831470,3100
21834753,3077
21838011,3083
21841244,3107
21844539,3110
21847829,3077
21851062,3094
21854338,3166
21857630,3076
21860859,3070
21864112,3105
21867422,3080
21870667,3067
21873918,3128
21877227,3129
21880559,3072
21883799,3075
21887039,3059
21890241,3120
21893603,3063
21896849,3079
21900106,3074
21903331,3124
21906638,3091
21909897,3077
21913160,3125
21916475,3081
21919698,3070
21922948,3087
21926218,3087
21929498,3091
21932770,3068
21935986,3062
21939229,3089
21942520,3070
21945762,3057
21948985,3075
21952244,3140
21955622,3062
21958865,3068
21962112,3102
21965380,3117
21968683,3068
21971933,3093
21975209,3144
21978578,3072
21981817,3100
21985101,3118
21988409,3086
21991653,3101
21994937,3076
21998164,3073
22001440,3109
22004721,3116
22008016,3073
22011268,3106
22014532,3085
22017772,3070
22021025,3113
22024316,3184
22027650,3135
22030944,3061
22034187,3082
22037466,3123
22040756,3066
22044005,3070
22047226,3125
22050514,3084
22053780,3078
22057009,3061
22060254,3177
22063610,3065
22066827,3058
22070066,3111
22073357,3119
22076606,3147
22079875,3103
22083158,3088
22086459,3081
22089715,3083
22092944,3075
22096201,3088
22099486,3114
22102783,3072
22106036,3109
22109295,3119
22112600,3081
22115864,3080
22119098,3116
22122472,3088
22125744,3077
22128971,3082
22132226,3107
22135508,3073
22138749,3071
22142004,3109
22145287,3108
22148578,3098
22151862,3071
22155116,3169
22158508,3071
22161734,3082
22164980,3054
22168202,3117
22171554,3055
22174794,3077
22178047,3110
22181337,3151
22184642,3114
22187941,3072
22191195,3082
22194434,3137
22197696,3090
22200970,3064
22204227,3133
22207531,3078
22210776,3075
22213989,3061
22217207,3157
22220546,3090
22223805,3064
22227057,3077
22230315,3129
22233592,3075
22236837,3066
22240088,3152
22243394,3135
22246693,3087
22249963,3078
22253227,3098
22256542,3076
22259772,3086
22263039,3110
22266339,3129
22269619,3069
22272873,3075
22276131,3086
22279369,3090
22282640,3090
22285909,3075
22289138,3196
22292519,3095
22295798,3072
22299023,3080
22302283,3175
22305653,3088
22308896,3077
22312159,3124
22315509,3076
22318770,3091
22322030,3095
22325312,3148
22328637,3083
22331870,3075
22335128,3121
22338462,3099
22341744,3077
22345006,3065
22348251,3091
22351570,3071
22354794,3059
22358036,3086
22361301,3093
22364572,3100
22367821,3086
22371093,3117
22374422,3078
22377680,3144
22381010,3117
22384301,3170
22387630,3066
22390865,3075
22394127,3135
22397451,3069
22400694,3061
22403942,3126
22407260,3111
22410632,3133
22413950,3070
22417198,3148
22420514,3079
22423781,3069
22427033,3084
22430266,3227
22433677,3072
22436939,3145
22440265,3107
22443611,3144
22446923,3071
22450181,3117
22453502,3128
22456817,3099
22460093,3083
22463359,3160
22466697,3072
22469952,3097
22473229,3088
22476505,3105
22479793,3088
22483060,3114
22486327,3186
22489651,3084
22492916,3068
22496134,3081
22499419,3170
22502733,3109
22506012,3085
22509283,3145
22512611,3083
22515874,3064
22519119,3075
22522373,3102
22525664,3059
22528903,3091
22532174,3074
22535448,3084
22538699,3133
22541999,3073
22545259,3148
22548593,3122
22551893,3065
22555140,3148
22558484,3110
22561775,3072
22565030,3089
22568268,3228
22571611,3076
22574836,3069
22578089,3127
22581413,3077
22584684,3079
22587921,3069
22591172,3159
22594534,3112
22597832,3089
22601099,3088
22604340,3125
22607648,3092
22610921,3145
22614224,3145
22617619,3115
22620904,3100
22624210,3132
22627529,3123
22630834,3081
22634070,3084
22637339,3108
22640634,3075
22643857,3072
22647110,3078
22650368,3168
22653686,3072
22656927,3079
22660191,3123
22663497,3079
22666719,3073
22669999,3071
22673253,3153
22676595,3077
22679818,3071
22683071,3121
22686376,3092
22689658,3075
22692913,3078
22696139,3085
22699428,3162
22702744,3106
22706018,3074
22709279,3139
22712588,3055
22715824,3070
22719079,3099
22722357,3120
22725648,3061
22728888,3074
22732114,3097
22735377,3087
22738628,3095
22741858,3061
22745059,3126
22748369,3179
22751729,3073
22754976,3062
22758204,3108
22761490,3079
22764689,3179
22767965,3092
22771236,3083
22774551,3069
22777799,3096
22781058,3067
22784304,3128
22787625,3061
22790869,3075
22794130,3130
22797434,3078
22800679,3082
22803923,3079
22807185,3144
22810563,3097
22813810,3101
22817094,3103
22820377,3120
22823672,3077
22826942,3081
22830207,3147
22833532,3105
22836819,3072
22840080,3109
22843472,3082
22846736,3077
22849993,3100
22853267,3199
22856630,3082
22859883,3076
22863139,3076
22866435,3117
22869719,3086
22872987,3062
22876230,3107
22879539,3079
22882769,3071
22886023,3122
22889328,3145
22892633,3080
22895895,3102
22899184,3122
22902521,3071
22905778,3064
22909023,3091
22912266,3198
22915646,3111
22918941,3096
22922186,3089
22925455,3066
22928706,3099
22931988,3080
22935220,3103
22938517,3114
22941804,3078
22945062,3085
22948295,3147
22951624,3093
22954897,3067
22958115,3100
22961404,3084
22964677,3128
22967975,3064
22971226,3132
22974547,3076
22977773,3070
22981026,3074
22984283,3086
22987538,3111
22990831,3070
22994053,3077
22997311,3143
23000636,3074
23003862,3068
23007113,3105
23010408,3077
23013651,3062
23016899,3092
23020170,3145
23023564,3119
23026867,3075
23030124,3081
23033358,3133
23036680,3124
23039985,3106
23043284,3094
23046526,3153
23049861,3075
23053091,3138
23056419,3085
23059694,3057
23062938,3065
23066152,3090
23069430,3085
23072706,3098
23075973,3054
23079206,3131
23082503,3075
23085761,3107
23089056,3105
23092318,3150
23095626,3097
23098907,3131
23102181,3196
23105652,3074
23108909,3083
23112178,3133
23115512,3065
23118732,3094
23121992,3060
23125219,3078
23128481,3083
23131753,3106
23135030,3093
23138304,3089
23141602,3110
23144894,3073
23148155,3144
23151459,3082
23154706,3060
23157946,3076
23161170,3146
23164502,3100
23167784,3080
23171015,3058
23174257,3119
23177562,3112
23180858,3126
23184164,3072
23187489,3091
23190758,3205
23194369,3150
23197713,3093
23200991,3085
23204231,3144
23207609,3079
23210837,3068
23214087,3128
23217416,3083
23220681,3136
23223985,3063
23227231,3083
23230544,3073
23233800,3072
23237054,3139
23240343,3081
23243610,3078
23246870,3079
23250102,3117
23253406,3070
23256660,3066
23259894,3067
23263147,3208
23266545,3076
23269792,3065
23273002,3073
23276260,3120
23279559,3124
23282865,3064
23286109,3055
23289344,3201
23292723,3074
23295951,3067
23299202,3153
23302521,3107
23305816,3072
23309067,3085
23312301,3134
23315686,3066
23318897,3073
23322156,3094
23325444,3131
23328756,3089
23332028,3087
23335266,3081
23338555,3089
23341838,3064
23345053,3198
23349490,3142
23353492,3142
23357490,3247
23360854,3129
23364147,3140
23367488,3093
23370738,3070
23373979,3078
23377243,3223
23380652,3172
23384007,3080
23387265,3180
23390619,3086
23393871,3050
23397063,3089
23400339,3161
23403672,3130
23406984,3110
23410278,3221
23413649,3062
23416892,3079
23420154,3073
23423432,3157
23426720,3078
23429955,3078
23433217,3105
23436525,3068
23439774,3081
23443042,3167
23446414,3082
23449677,3083
23452942,3064
23456184,3083
23459422,3102
23462701,3064
23465952,3066
23469171,3083
23472452,3131
23475755,3078
23479016,3162
23482329,3099
23485585,3060
23488827,3070
23492077,3117
23495344,3123
23498652,3075
23501906,3066
23505123,3082
23508400,3110
23511681,3117
23514980,3075
23518241,3090
23521525,3059
23524766,3066
23528009,3090
23531282,3143
23534602,3069
23537856,3066
23541100,3069
23544351,3155
23547692,3112
23550981,3061
23554193,3078
23557480,3119
23560751,3066
23564000,3072
23567253,3078
23570514,3066
23573745,3083
23576967,3076
23580184,3130
23583514,3117
23586817,3091
23590086,3120
23593401,3178
23596717,3099
23599983,3076
23603202,3116
23606506,3128
23609810,3090
23613082,3159
23616441,3068
23619688,3064
23622935,3071
23626186,3154
23629566,3095
23632842,3078
23636100,3119
23639433,3163
23642746,3073
23646003,3194
23649377,3104
23652649,3064
23655899,3095
23659174,3117
23662518,3073
23665759,3090
23668989,3070
23672242,3091
23675552,3129
23678851,3066
23682099,3087
23685377,3165
23688691,3067
23691899,3077
23695121,3086
23698377,3104
23701665,3115
23704954,3055
23708198,3077
23711464,3087
23714702,3093
23717940,3061
23721187,3150
23724528,3070
23727748,3064
23730996,3070
23734247,3134
23737539,3061
23740784,3058
23744025,3080
23747258,3100
23750488,3102
23753754,3066
23757001,3061
23760214,3107
23763503,3080
23766763,3074
23769986,3080
23773231,3076
23776503,3053
23779716,3061
23782959,3058
23786197,3092
23789475,3080
23792737,3079
23795995,3052
23799223,3070
23802492,3081
23805710,3079
23808954,3085
23812198,3076
23815471,3084
23818717,3070
23821965,3066
23825215,3105
23828553,3096
23831829,3056
23835062,3086
23838314,3169
23841669,3071
23844920,3075
23848182,3137
23851541,3066
23854783,3066
23858031,3070
23861286,3073
23864525,3107
23867812,3082
23871078,3138
23874407,3069
23877646,3066
23880895,3095
23884180,3126
23887484,3096
23890762,3143
23894060,3163
23897429,3080
23900688,3064
23903934,3087
23907200,3118
23910516,3114
23913797,3050
23916990,3066
23920238,3118
23923568,3070
23926790,3065
23930039,3080
23933298,3151
23936604,3068
23939856,3084
23943118,3089
23946378,3134
23949675,3117
23952974,3074
23956233,3225
23959606,3079
23962846,3054
23966082,3091
23969358,3132
23972669,3068
23975914,3059
23979153,3134
23982496,3119
23985796,3065
23989042,3081
23992272,3095
23995591,3071
23998813,3084
24002062,3075
24005324,3253
24008753,3061
24011996,3108
24015295,3161
24018610,3066
24021862,3079
24025120,3151
24028464,3087
24031733,3083
24034991,3079
24038237,3112
24041560,3090
24044828,3073
24048053,3078
24051316,3137
24054641,3073
24057867,3080
24061131,3166
24064495,3077
24067694,3067
24070859,3056
24074052,3071
24077284,3183
24080640,3072
24083925,3083
24087161,3130
24090497,3090
24093769,3065
24097014,3075
24100267,3112
24103610,3070
24106824,3075
24110083,3121
24113384,3088
24116625,3071
24119866,3078
24123131,3148
24126449,3080
24129703,3065
24132949,3057
24136186,3122
24139501,3074
24142756,3088
24146030,3069
24149280,3099
24152634,3058
24155871,3092
24159143,3123
24162465,3084
24165701,3064
24168949,3077
24172202,3140
24175511,3090
24178780,3078
24182031,3096
24185272,3156
24188658,3077
24191888,3064
24195138,3086
24198440,3112
24201709,3121
24205012,3128
24208320,3153
24211653,3068
24214865,3073
24218123,3179
24221504,3122
24224813,3075
24228071,3083
24231333,3121
24234622,3074
24237882,3124
24241188,3087
24244505,3071
24247756,3071
24251008,3087
24254250,3120
24257590,3078
24260827,3079
24264092,3078
24267352,3127
24270634,3074
24273892,3093
24277167,3158
24280483,3082
24283747,3066
24286993,3071
24290217,3086
24293488,3087
24296756,3120
24300054,3081
24303295,3110
24306587,3108
24309885,3079
24313116,3092
24316349,3249
24319781,3079
24323041,3100
24326290,3110
24329604,3077
24332836,3075
24336095,3119
24339424,3096
24342686,3063
24345932,3061
24349181,3087
24352471,3104
24355774,3066
24359021,3097
24362287,3083
24365581,3116
24368880,3074
24372135,3162
24375469,3131
24378700,3077
24381972,3080
24385206,3104
24388467,3061
24391695,3085
24394972,3075
24398226,3077
24401493,3070
24404699,3082
24407961,3078
24411235,3136
24414554,3134
24417877,3076
24421143,3102
24424438,3085
24427689,3063
24430916,3069
24434169,3147
24437480,3082
24440741,3073
24443996,3085
24447264,3241
24450697,3078
24453928,3064
24457179,3183
24460548,3079
24463806,3071
24467048,3111
24470340,3236
24473756,3082
24476998,3074
24480257,3089
24483517,3106
24486809,3073
24490071,3112
24493378,3138
24496655,3098
24499939,3085
24503205,3170
24506555,3116
24509856,3073
24513093,3126
24516420,3086
24519688,3090
24522961,3068
24526195,3145
24529597,3083
24532856,3063
24536094,3131
24539445,3123
24542737,3061
24545975,3070
24549224,3075
24552502,3076
24555744,3067
24558990,3067
24562237,3086
24565552,3070
24568785,3060
24572022,3073
24575281,3080
24578606,3065
24581837,3071
24585092,3129
24588420,3144
24591717,3078
24594976,3095
24598249,3184
24601580,3070
24604795,3074
24608054,3094
24611328,3192
24614670,3073
24617926,3068
24621174,3077
24624417,3103
24627680,3066
24630925,3075
24634150,3138
24637478,3117
24640744,3070
24643998,3059
24647235,3088
24650500,3069
24653734,3061
24656936,3066
24660174,3079
24663452,3122
24666755,3071
24670002,3124
24673295,3138
24676619,3102
24679905,3086
24683171,3152
24686493,3085
24689761,3078
24693017,3094
24696263,3184
24699589,3109
24702878,3065
24706125,3200
24709513,3107
24712800,3130
24716115,3099
24719417,3070
24722658,3103
24725938,3068
24729182,3106
24732520,3108
24735808,3066
24739048,3130
24742344,3142
24745663,3071
24748913,3051
24752140,3078
24755416,3064
24758644,3099
24761924,3070
24765169,3114
24768498,3078
24771745,3070
24774994,3059
24778234,3112
24781533,3077
24784790,3074
24788045,3143
24791367,3090
24794632,3062
24797877,3069
24801126,3096
24804475,3078
24807732,3059
24810971,3054
24814202,3062
24817473,3067
24820676,3118
24823971,3070
24827221,3109
24830577,3059
24833820,3079
24837068,3092
24840348,3136
24843664,3066
24846914,3074
24850170,3086
24853459,3099
24856709,3083
24859973,3077
24863231,3162
24866620,3076
24869875,3079
24873103,3096
24876338,3123
24879630,3063
24882859,3096
24886132,3158
24889453,3095
24892735,3076
24895987,3076
24899235,3064
24902522,3088
24905753,3076
24909012,3084
24912276,3076
24915538,3115
24918836,3085
24922072,3102
24925355,3104
24928667,3059
24931893,3070
24935149,3113
24938504,3111
24941798,3084
24945050,3100
24948333,3113
24951631,3081
24954889,3093
24958165,3157
24961481,3080
24964745,3117
24968043,3075
24971286,3192
24974635,3070
24977887,3109
24981177,3100
24984433,3185
24987782,3068
24991032,3106
24994291,3127
24997581,3088
25000849,3072
25004105,3196
25007491,3093
25010751,3081
25014017,3124
25017324,3182
25020677,3058
25023916,3073
25027167,3085
25030457,3084
25033731,3085
25036971,3130
25040286,3198
25043641,3124
25046947,3111
25050236,3244
25053664,3068
25056913,3068
25060165,3128
25063482,3092
25066722,3072
25069982,3078
25073240,3197
25076612,3116
25079872,3090
25083128,3083
25086442,3091
25089702,3077
25092964,3137
25096280,3138
25099596,3075
25102838,3090
25106072,3130
25109370,3104
25112652,3073
25115867,3076
25119128,3084
25122470,3111
25125731,3077
25128993,3101
25132272,3090
25135543,3068
25138757,3068
25142013,3123
25145312,3162
25148643,3070
25151868,3074
25155126,3188
25158492,3080
25161737,3079
25164960,3070
25168218,3114
25171529,3076
25174757,3066
25178009,3105
25181293,3198
25184656,3085
25187916,3086
25191185,3143
25194538,3105
25197827,3112
25201121,3089
25204397,3112
25207691,3083
25210923,3067
25214171,3113
25217468,3109
25220757,3068
25223973,3069
25227226,3105
25230496,3081
25233761,3113
25237056,3081
25240319,3176
25243681,3063
25246925,3116
25250219,3094
25253542,3071
25256797,3079
25260059,3088
25263318,3159
25266618,3071
25269873,3115
25273172,3113
25276439,3116
25279700,3080
25282936,3080
25286199,3123
25289572,3081
25292817,3053
25296049,3091
25299322,3276
25302780,3061
25306023,3114
25309328,3151
25312644,3088
25315916,3079
25319177,3091
25322429,3080
25325696,3074
25328951,3073
25332176,3133
25335512,3120
25338801,3078
25342065,3095
25345353,3130
25348675,3062
25351919,3108
25355207,3103
25358514,3071
25361708,3069
25364937,3074
25368167,3080
25371456,3092
25374728,3076
25377953,3085
25381201,3071
25384488,3079
25387718,3080
25390960,3051
25394189,3089
25397434,3105
25400698,3071
25403955,3074
25407214,3134
25410543,3086
25413809,3085
25417077,3110
25420355,3134
25423675,3071
25426926,3073
25430191,3139
25433502,3081
25436765,3098
25440046,3109
25443305,3102
25446596,3086
25449860,3075
25453087,3099
25456352,3096
25459618,3073
25462834,3080
25466099,3134
25469422,3068
25472670,3065
25475913,3078
25479144,3180
25482506,3094
25485780,3076
25489009,3062
25492256,3114
25495604,3073
25498832,3092
25502088,3102
25505372,3121
25508678,3070
25511937,3074
25515163,3070
25518435,3164
25521739,3107
25525030,3132
25528339,3136
25531643,3069
25534896,3098
25538180,3125
25541473,3074
25544732,3074
25547987,3067
25551204,3127
25554525,3085
25557736,3074
25560987,3075
25564230,3104
25567491,3066
25570703,3079
25573971,3069
25577220,3140
25580536,3092
25583772,3078
25587033,3113
25590329,3111
25593596,3065
25596846,3073
25600098,3151
25603407,3151
25606688,3072
25609917,3068
25613168,3134
25616497,3076
25619754,3080
25623015,3086
25626254,3257
25629625,3075
25632851,3080
25636114,3087
25639381,3199
25642730,3070
25645985,3072
25649236,3092
25652518,3080
25655766,3057
25658967,3084
25662238,3077
25665526,3122
25668832,3105
25672120,3122
25675453,3073
25678669,3068
25681918,3105
25685194,3065
25688465,3092
25691712,3067
25694963,3082
25698228,3093
25701546,3060
25704757,3088
25707990,3078
25711252,3117
25714585,3126
25717892,3086
25721162,3073
25724435,3112
25727731,3069
25730979,3088
25734244,3177
25737575,3071
25740828,3100
25744110,3084
25747347,3135
25750658,3090
25753931,3064
25757178,3113
25760493,3099
25763774,3082
25767040,3081
25770299,3181
25773661,3078
25776892,3073
25780150,3098
25783443,3083
25786725,3068
25789972,3083
25793236,3080
25796494,3080
25799716,3117
25802980,3067
25806231,3094
25809515,3124
25812830,3076
25816057,3117
25819317,3184
25822662,3107
25825950,3081
25829186,3161
25832486,3104
25835770,3084
25839002,3080
25842264,3099
25845614,3068
25848863,3087
25852118,3112
25855439,3090
25858696,3107
25861985,3073
25865239,3120
25868548,3077
25871790,3059
25874991,3078
25878255,3140
25881589,3098
25884869,3073
25888124,3131
25891448,3079
25894701,3070
25897951,3086
25901188,3122
25904518,3078
25907749,3070
25911003,3078
25914262,3090
25917566,3068
25920817,3071
25924069,3104
25927362,3107
25930634,3070
25933890,3077
25937148,3085
25940412,3074
25943655,3092
25946912,3058
25950159,3085
25953465,3092
25956730,3107
25959978,3060
25963182,3079
25966487,3072
25969738,3073
25972961,3073
25976219,3080
25979506,3119
25982808,3069
25986062,3103
25989346,3101
25992635,3070
25995885,3079
25999142,3081
26002376,3094
26005646,3083
26008909,3060
26012150,3115
26015487,3068
26018737,3069
26021985,3065
26025199,3077
26028527,3079
26031754,3078
26035015,3111
26038271,3174
26041598,3064
26044839,3077
26048074,3091
26051346,3082
26054609,3069
26057869,3068
26061089,3122
26064401,3082
26067667,3061
26070918,3077
26074143,3123
26077449,3143
26080733,3109
26084022,3149
26087356,3170
26090703,3049
26093936,3057
26097170,3141
26100499,3107
26103786,3080
26107044,3094
26110288,3194
26113620,3070
26116846,3069
26120098,3089
26123365,3198
26126714,3072
26129971,3101
26133250,3087
26136520,3084
26139747,3064
26142996,3096
26146271,3142
26149565,3072
26152822,3097
26156099,3091
26159374,3145
26162705,3084
26165971,3081
26169236,3102
26172586,3071
26175810,3060
26179052,3130
26182366,3190
26185709,3073
26188964,3083
26192232,3086
26195535,3072
26198790,3070
26202037,3081
26205270,3099
26208535,3079
26211794,3084
26215033,3079
26218295,3142
26221641,3116
26224937,3123
26228245,3125
26231599,3067
26234820,3069
26238072,3085
26241323,3131
26244625,3078
26247880,3081
26251106,3146
26254438,3119
26257739,3081
26260975,3057
26264218,3141
26267537,3085
26270766,3057
26274011,3083
26277275,3239
26280706,3075
26283970,3067
26287185,3104
26290443,3074
26293697,3085
26296966,3049
26300196,3133
26303532,3106
26306819,3121
26310091,3095
26313370,3290
26316805,3117
26320103,3103
26323413,3089
26326676,3118
26329978,3092
26333250,3087
26336570,3115
26339866,3093
26343141,3146
26346501,3080
26349749,3070
26353007,3112
26356299,3117
26359560,3125
26362869,3070
26366122,3194
26369518,3085
26372754,3072
26376010,3111
26379291,3126
26382604,3094
26385881,3078
26389134,3128
26392446,3132
26395714,3074
26398956,3082
26402223,3089
26405522,3112
26408828,3087
26412071,3085
26415341,3132
26418667,3084
26421904,3068
26425157,3092
26428446,3105
26431701,3073
26434955,3072
26438207,3091
26441458,3077
26444700,3090
26447973,3077
26451199,3104
26454491,3081
26457725,3073
26460966,3067
26464220,3140
26467546,3103
26470789,3080
26474053,3073
26477308,3097
26480604,3110
26483894,3075
26487122,3118
26490440,3076
26493695,3085
26496929,3069
26500183,3078
26503468,3072
26506675,3061
26509916,3065
26513132,3103
26516440,3112
26519721,3073
26522983,3070
26526206,3150
26529552,3072
26532777,3075
26536079,3138
26539371,3105
26542653,3064
26545899,3070
26549125,3143
26552459,3087
26555708,3068
26558918,3075
26562180,3146
26565494,3081
26568759,3074
26572013,3082
26575247,3087
26578577,3088
26581838,3063
26585080,3082
26588317,3169
26591599,3073
26594825,3065
26598076,3098
26601351,3128
26604631,3073
26607889,3074
26611141,3060
26614415,3169
26617732,3067
26620983,3089
26624242,3110
26627511,3083
26630779,3087
26634046,3111
26637342,3181
26640703,3075
26643960,3073
26647212,3134
26650539,3125
26653831,3074
26657048,3077
26660309,3148
26663642,3073
26666864,3075
26670124,3175
26673493,3078
26676723,3079
26679987,3072
26683240,3113
26686518,3073
26689775,3082
26693035,3065
26696254,3178
26699614,3107
26702899,3080
26706128,3108
26709478,3083
26712728,3056
26715968,3104
26719254,3086
26722543,3073
26725799,3118
26729101,3167
26732471,3081
26735703,3065
26738951,3072
26742204,3125
26745484,3078
26748743,3081
26752004,3084
26755241,3211
26758624,3066
26761834,3073
26765090,3126
26768437,3162
26771748,3072
26774965,3065
26778213,3224
26781599,3074
26784857,3130
26788136,3139
26791465,3095
26794719,3078
26797984,3092
26801257,3216
26804651,3066
26807861,3072
26811116,3101
26814397,3113
26817682,3067
26820977,3118
26824276,3095
26827547,3108
26830837,3063
26834079,3124
26837352,3090
26840628,3099
26843914,3088
26847182,3139
26850477,3076
26853737,3068
26856984,3084
26860219,3134
26863593,3086
26866832,3077
26870078,3081
26873343,3176
26876656,3112
26879949,3087
26883216,3100
26886476,3091
26889749,3094
26893023,3076
26896253,3177
26899646,3130
26902950,3081
26906216,3136
26909566,3081
26912791,3059
26916033,3090
26919304,3203
26922658,3079
26925919,3090
26929192,3104
26932505,3078
26935768,3092
26939040,3102
26942295,3124
26945599,3063
26948846,3094
26952119,3143
26955465,3095
26958743,3093
26962013,3095
26965259,3209
26968627,3074
26971886,3103
26975178,3127
26978511,3093
26981783,3075
26985030,3076
26988288,3174
26991618,3074
26994878,3103
26998164,3170
27001551,3060
27004793,3108
27008084,3098
27011334,3154
27014649,3083
27017913,3075
27021140,3080
27024416,3182
27027737,3112
27031041,3156
27034349,3087
27037648,3080
27040898,3076
27044146,3130
27047470,3073
27050661,3059
27053902,3082
27057136,3081
27060358,3080
27063622,3102
27066903,3077
27070133,3088
27073412,3151
27076690,3115
27079987,3101
27083256,3199
27086608,3075
27089867,3204
27093258,3118
27096588,3066
27099807,3076
27103065,3092
27106338,3181
27109670,3082
27112928,3064
27116149,3071
27119441,3103
27122723,3074
27125951,3073
27129191,3105
27132509,3068
27135721,3061
27138964,3077
27142223,3094
27145509,3078
27148752,3083
27152020,3106
27155306,3141
27158587,3061
27161816,3086
27165046,3113
27168347,3135
27171647,3063
27174891,3075
27178119,3091
27181451,3104
27184740,3073
27187993,3129
27191310,3175
27194723,3158
27198079,3220
27201511,3075
27204753,3066
27207991,3138
27211314,3146
27214647,3080
27217892,3076
27221153,3118
27224463,3110
27227756,3077
27231015,3077
27234241,3230
27237642,3070
27240895,3100
27244165,3117
27247489,3109
27250779,3071
27254015,3065
27257266,3087
27260510,3083
27263770,3071
27267023,3073
27270275,3169
27273574,3077
27276818,3081
27280077,3099
27283358,3222
27286761,3086
27289999,3066
27293247,3184
27296609,3071
27299834,3087
27303105,3087
27306370,3079
27309617,3129
27312893,3077
27316157,3160
27319503,3078
27322733,3074
27325992,3095
27329269,3133
27332557,3067
27335791,3095
27339073,3104
27342360,3237
27345762,3077
27349025,3075
27352280,3170
27355603,3068
27358855,3069
27362102,3077
27365338,3240
27368741,3066
27371987,3065
27375204,3084
27378513,3124
27381822,3073
27385074,3104
27388322,3142
27391610,3070
27394862,3109
27398139,3104
27401433,3166
27404782,3129
27408091,3108
27411373,3099
27414641,3060
27417848,3070
27421107,3165
27424447,3078
27427690,3082
27430941,3070
27434195,3134
27437523,3143
27440849,3087
27444119,3109
27447489,3077
27450719,3069
27453972,3072
27457226,3114
27460533,3065
27463738,3063
27466986,3109
27470263,3190
27473642,3073
27476899,3116
27480168,3095
27483448,3114
27486725,3068
27489970,3085
27493205,3084
27496477,3083
27499710,3064
27502959,3072
27506213,3088
27509473,3105
27512699,3079
27515956,3076
27519190,3078
27522456,3123
27525729,3114
27529027,3096
27532306,3117
27535615,3080
27538846,3070
27542102,3165
27545466,3090
27548742,3097
27552018,3079
27555268,3144
27558544,3090
27561817,3095
27565095,3146
27568427,3080
27571686,3076
27574916,3068
27578167,3146
27581470,3106
27584760,3072
27588013,3091
27591256,3172
27594597,3059
27597799,3065
27601049,3122
27604353,3145
27607671,3149
27611005,3114
27614300,3178
27617706,3075
27620963,3087
27624235,3114
27627525,3063
27630771,3086
27634043,3110
27637334,3171
27640696,3071
27643920,3071
27647177,3094
27650471,3083
27653706,3080
27656960,3074
27660217,3141
27663549,3077
27666781,3094
27670051,3080
27673313,3140
27676624,3074
27679884,3115
27683182,3122
27686493,3081
27689726,3072
27692981,3068
27696240,3105
27699557,3085
27702810,3060
27706016,3085
27709287,3128
27712603,3072
27715827,3073
27719087,3146
27722371,3144
27725658,3060
27728903,3092
27732174,3081
27735434,3090
27738697,3079
27741924,3089
27745197,3104
27748492,3114
27751787,3069
27755035,3073
27758258,3081
27761529,3099
27764784,3075
27768046,3149
27771381,3134
27774678,3119
27777984,3075
27781242,3188
27784589,3076
27787851,3086
27791117,3131
27794410,3107
27797652,3091
27800916,3071
27804172,3153
27807546,3066
27810759,3066
27814007,3096
27817290,3086
27820606,3071
27823827,3075
27827071,3110
27830364,3178
27833680,3108
27836969,3073
27840225,3135
27843530,3084
27846758,3076
27850019,3119
27853321,3103
27856605,3069
27859817,3073
27863059,3086
27866330,3147
27869651,3073
27872905,3091
27876173,3131
27879481,3096
27882742,3064
27885988,3113
27889286,3195
27892701,3071
27895953,3082
27899213,3116
27902530,3086
27905757,3067
27908964,3066
27912174,3090
27915462,3097
27918744,3089
27922011,3083
27925248,3106
27928541,3094
27931815,3064
27935030,3097
27938295,3127
27941592,3058
27944835,3076
27948090,3134
27951415,3073
27954655,3098
27957938,3070
27961190,3087
27964482,3107
27967771,3101
27971041,3087
27974317,3164
27977684,3080
27980932,3086
27984202,3106
27987511,3068
27990762,3081
27994024,3092
27997269,3143
28000593,3097
28003874,3074
28007104,3106
28010494,3084
28013759,3083
28016995,3084
28020263,3106
28023570,3111
28026862,3109
28030151,3144
28033473,3088
28036706,3071
28039939,3072
28043191,3074
28046426,3094
28049698,3066
28052932,3069
28056188,3117
28059490,3096
28062728,3065
28065978,3094
28069255,3193
28072603,3069
28075872,3076
28079100,3109
28082413,3082
28085679,3063
28088910,3073
28092169,3178
28095598,3108
28098887,3076
28102138,3080
28105370,3098
28108635,3076
28111900,3096
28115177,3145
28118498,3074
28121755,3070
28125007,3060
28128248,3124
28131602,3122
28134907,3070
28138157,3087
28141453,3098
28144731,3083
28147988,3072
28151241,3118
28154539,3080
28157792,3066
28161000,3068
28164252,3131
28167574,3066
28170824,3068
28174071,3122
28177346,3153
28180687,3108
28183974,3073
28187201,3153
28190558,3078
28193789,3064
28197038,3086
28200303,3153
28203628,3072
28206885,3071
28210136,3143
28213503,3076
28216733,3071
28219976,3086
28223245,3128
28226553,3072
28229765,3079
28233030,3116
28236325,3215
28239692,3087
28242964,3076
28246223,3081
28249514,3075
28252771,3117
28256073,3078
28259304,3170
28262628,3077
28265891,3068
28269141,3118
28272417,3067
28275658,3054
28278891,3079
28282121,3093
28285356,3072
28288614,3122
28291914,3081
28295147,3111
28298453,3105
28301726,3078
28304990,3073
28308244,3242
28311621,3076
28314858,3074
28318115,3145
28321464,3093
28324725,3071
28327977,3078
28331209,3166
28334568,3093
28337840,3086
28341077,3141
28344402,3075
28347620,3076
28350883,3087
28354150,3077
28357379,3100
28360646,3067
28363864,3067
28367115,3137
28370449,3072
28373684,3136
28376987,3065
28380230,3091
28383536,3070
28386769,3078
28390027,3087
28393288,3161
28396626,3089
28399893,3091
28403152,3066
28406419,3115
28409678,3100
28412955,3069
28416201,3144
28419517,3073
28422770,3063
28425999,3081
28429262,3122
28432563,3116
28435858,3069
28439106,3103
28442375,3098
28445637,3064
28448881,3053
28452103,3118
28455360,3082
28458627,3096
28461906,3090
28465178,3169
28468539,3069
28471752,3063
28474985,3090
28478251,3112
28481522,3133
28484838,3076
28488066,3106
28491357,3089
28494631,3112
28497925,3095
28501205,3105
28504528,3074
28507787,3089
28511057,3097
28514309,3084
28517622,3076
28520848,3072
28524105,3145
28527439,3085
28530700,3146
28534028,3146
28537356,3101
28540610,3080
28543872,3077
28547132,3139
28550426,3069
28553661,3079
28556892,3074
28560153,3177
28563517,3070
28566726,3064
28569978,3075
28573236,3127
28576557,3138
28579877,3103
28583154,3073
28586429,3116
28589696,3082
28592959,3078
28596218,3091
28599554,3074
28602812,3079
28606057,3083
28609329,3121
28612630,3070
28615871,3088
28619104,3091
28622381,3107
28625680,3070
28628929,3085
28632195,3110
28635493,3076
28638723,3081
28641989,3069
28645239,3235
28648655,3070
28651907,3081
28655173,3124
28658491,3108
28661782,3083
28665041,3090
28668282,3202
28671624,3086
28674896,3095
28678171,3132
28681502,3104
28684786,3066
28688029,3077
28691261,3096
28694542,3101
28697822,3073
28701046,3101
28704330,3097
28707607,3073
28710834,3115
28714118,3112
28717367,3102
28720657,3073
28723913,3064
28727130,3100
28730492,3081
28733754,3072
28736982,3075
28740242,3203
28743628,3056
28746870,3097
28750148,3151
28753499,3082
28756766,3076
28760020,3076
28763248,3070
28766538,3071
28769762,3062
28773007,3075
28776262,3098
28779532,3104
28782780,3068
28786034,3103
28789319,3156
28792639,3073
28795897,3087
28799162,3074
28802397,3107
28805683,3063
28808929,3064
28812152,3084
28815440,3113
28818718,3068
28821967,3070
28825220,3188
28828592,3107
28831885,3094
28835159,3167
28838531,3107
28841818,3080
28845081,3086
28848348,3160
28851623,3065
28854841,3064
28858088,3122
28861396,3068
28864630,3070
28867882,3086
28871145,3079
28874385,3116
28877686,3071
28880938,3063
28884154,3071
28887431,3152
28890753,3067
28894001,3097
28897283,3094
28900553,3077
28903813,3069
28907061,3089
28910298,3162
28913656,3076
28916911,3067
28920130,3143
28923476,3092
28926750,3103
28930038,3100
28933319,3233
28936737,3064
28939954,3073
28943218,3103
28946519,3113
28949816,3140
28953142,3079
28956414,3137
28959723,3076
28962979,3088
28966251,3102
28969546,3128
28972858,3062
28976086,3109
28979346,3117
28982626,3076
28985887,3076
28989115,3123
28992430,3095
28995708,3083
28998946,3069
29002198,3097
29005493,3112
29008786,3107
29012077,3122
29015383,3107
29018671,3072
29021897,3081
29025164,3080
29028458,3081
29031708,3073
29034962,3068
29038210,3095
29041503,3077
29044764,3063
29048007,3060
29051256,3178
29054589,3083
29057837,3084
29061103,3107
29064378,3076
29067632,3057
29070856,3054
29074090,3101
29077358,3137
29080679,3061
29083922,3073
29087172,3118
29090428,3112
29093720,3070
29096948,3090
29100202,3118
29103555,3079
29106781,3068
29109987,3068
29113190,3124
29116468,3083
29119706,3082
29122955,3057
29126204,3125
29129518,3092
29132799,3056
29136020,3051
29139249,3196
29142588,3060
29145825,3069
29149058,3083
29152321,3129
29155620,3075
29158877,3048
29162089,3107
29165332,3108
29168572,3081
29171804,3098
29175068,3097
29178344,3164
29181624,3066
29184845,3084
29188094,3081
29191361,3130
29194660,3068
29197907,3059
29201130,3058
29204369,3124
29207673,3071
29210924,3060
29214149,3091
29217468,3092
29220725,3072
29223972,3072
29227211,3059
29230503,3066
29233734,3061
29236977,3071
29240213,3076
29243482,3076
29246726,3058
29249962,3052
29253182,3070
29256471,3081
29259669,3073
29262930,3054
29266154,3126
29269516,3079
29272735,3087
29275957,3084
29279179,3077
29282431,3064
29285649,3068
29288884,3062
29292130,3070
29295424,3064
29298681,3081
29301932,3079
29305190,3061
29308433,3138
29311703,3074
29314951,3046
29318182,3132
29321483,3096
29324719,3078
29327939,3060
29331148,3178
29334486,3085
29337741,3079
29341004,3069
29344245,3204
29347585,3113
29350839,3078
29354056,3093
29357288,3225
29360652,3099
29363889,3055
29367082,3098
29370317,3100
29373556,3055
29376784,3080
29380034,3076
29383265,3155
29386597,3077
29389853,3080
29393102,3117
29396448,3071
29399689,3072
29402916,3106
29406190,3106
29409523,3085
29412789,3078
29416032,3072
29419283,3081
29422548,3051
29425775,3059
29429000,3067
29432244,3060
29435494,3073
29438743,3080
29441988,3049
29445205,3063
29448450,3095
29451708,3058
29454946,3056
29458169,3053
29461408,3072
29464641,3065
29467884,3045
29471097,3093
29474368,3100
29477648,3072
29480901,3071
29484145,3067
29487398,3237
29490808,3065
29494055,3076
29497298,3165
29500580,3082
29503829,3071
29507079,3102
29510347,3091
29513618,3084
29516869,3068
29520116,3110
29523400,3072
29526642,3066
29529893,3076
29533138,3131
29536490,3060
29539722,3048
29542949,3093
29546206,3057
29549476,3105
29552731,3085
29555954,3047
29559141,3088
29562369,3157
29565684,3076
29568930,3065
29572185,3059
29575446,3129
29578751,3069
29581986,3057
29585226,3067
29588501,3053
29591721,3047
29594948,3044
29598159,3063
29601425,3105
29604661,3074
29607914,3043
29611122,3082
29614398,3063
29617630,3053
29620861,3060
29624085,3120
29627396,3072
29630638,3054
29633871,3073
29637126,3113
29640449,3064
29643685,3083
29646948,3057
29650173,3117
29653478,3080
29656725,3070
29659971,3072
29663215,3120
29666558,3073
29669803,3076
29673036,3107
29676312,3151
29679659,3070
29682897,3067
29686141,3083
29689420,3138
29692683,3088
29695931,3098
29699195,3116
29702505,3073
29705750,3070
29709002,3064
29712233,3102
29715525,3054
29718745,3065
29721991,3056
29725214,3099
29728518,3067
29731754,3057
29734990,3064
29738230,3107
29741528,3057
29744753,3060
29748038,3068
29751272,3144
29754622,3046
29757836,3068
29761083,3057
29764279,3184
29767590,3069
29770794,3059
29773991,3064
29777193,3128
29780538,3059
29783736,3050
29786921,3044
29790104,3092
29793369,3097
29796656,3061
29799887,3069
29803138,3090
29806427,3072
29809681,3065
29812912,3066
29816166,3112
29819492,3086
29822719,3079
29825934,3090
29829162,3072
29832372,3096
29835627,3084
29838878,3073
29842135,3106
29845432,3164
29848741,3057
29851968,3066
29855214,3073
29858502,3089
29861759,3071
29864967,3081
29868185,3086
29871445,3102
29874685,3056
29877876,3078
29881091,3108
29884370,3137
29887696,3089
29890953,3060
29894196,3052
29897467,3093
29900744,3067
29903979,3064
29907232,3069
29910526,3077
29913741,3090
29916969,3070
29920177,3081
29923420,3026
29926595,3091
29929824,3053
29933016,3043
29936196,3064
29939448,3083
29942655,3084
29945877,3055
29949068,3095
29952334,3131
29955652,3065
29958887,3067
29962133,3132
29965495,3084
29968728,3071
29971943,3091
29975174,3154
29978493,3072
29981702,3074
29984913,3081
29988129,3098
29991363,3111
29994617,3053
29997806,3052
30000993,3045
30004173,3059
30007367,3103
30010604,3043
30013782,3051
30016970,3060
30020165,3098
30023474,3126
30026748,3060
30029944,3051
30033132,3068
30036336,3149
30039622,3110
30042878,3079
30046128,3093
30049411,3089
30052684,3078
30055911,3085
30059134,3067
30062338,3131
30065616,3074
30068864,3068
30072100,3138
30075426,3073
30078668,3071
30081921,3068
30085164,3140
30088518,3070
30091757,3057
30094995,3052
30098213,3060
30101496,3086
30104734,3067
30107939,3052
30111127,3086
30114351,3118
30117650,3045
30120832,3057
30124026,3044
30127206,3103
30130453,3096
30133709,3074
30136950,3066
30140205,3077
30143426,3074
30146635,3068
30149840,3064
30153042,3063
30156241,3093
30159498,3074
30162772,3064
30166009,3085
30169278,3102
30172506,3117
30175805,3075
30179051,3055
30182287,3090
30185543,3093
30188817,3069
30192054,3108
30195342,3147
30198607,3082
30201867,3064
30205097,3081
30208316,3131
30211599,3084
30214850,3059
30218131,3080
30221396,3080
30224658,3069
30227893,3086
30231164,3124
30234507,3069
30237744,3055
30240984,3066
30244217,3086
30247559,3068
30250793,3067
30254038,3061
30257265,3081
30260585,3203
30263972,3072
30267211,3111
30270501,3066
30273693,3103
30276921,3069
30280112,3102
30283363,3107
30286644,3059
30289870,3054
30293094,3182
30296459,3101
30299728,3073
30302974,3061
30306203,3057
30309454,3075
30312710,3075
30315944,3078
30319186,3131
30322501,3067
30325702,3083
30328908,3079
30332138,3118
30335437,3078
30338683,3092
30341945,3108
30345232,3127
30348533,3061
30351768,3060
30354993,3050
30358214,3080
30361469,3050
30364688,3082
30367929,3101
30371194,3127
30374500,3067
30377735,3060
30380966,3057
30384187,3119
30387468,3107
30390739,3073
30393985,3088
30397239,3112
30400536,3059
30403761,3158
30407081,3185
30410462,3070
30413698,3061
30416937,3072
30420178,3073
30423470,3064
30426701,3057
30429931,3071
30433167,3116
30436502,3066
30439737,3056
30442966,3057
30446191,3067
30449443,3202
30452810,3069
30456050,3077
30459294,3080
30462637,3074
30465882,3049
30469104,3064
30472332,3177
30475615,3081
30478875,3061
30482099,3124
30485427,3093
30488688,3078
30491925,3100
30495190,3078
30498497,3077
30501742,3071
30504985,3058
30508214,3070
30511512,3048
30514692,3061
30517932,3049
30521146,3066
30524431,3081
30527688,3060
30530924,3063
30534152,3067
30537452,3101
30540721,3054
30543955,3083
30547203,3120
30550504,3069
30553752,3056
30556972,3077
30560232,3070
30563505,3072
30566759,3058
30569981,3066
30573224,3063
30576506,3063
30579756,3046
30582980,3052
30586196,3058
30589493,3081
30592725,3063
30595927,3085
30599149,3085
30602370,3145
30605680,3068
30608914,3065
30612161,3073
30615426,3137
30618686,3079
30621913,3094
30625146,3091
30628375,3091
30631610,3074
30634851,3081
30638115,3069
30641363,3125
30644675,3059
30647898,3055
30651133,3112
30654414,3084
30657679,3070
30660918,3051
30664146,3071
30667383,3068
30670634,3060
30673858,3054
30677089,3093
30680347,3129
30683624,3073
30686861,3040
30690076,3084
30693298,3081
30696508,3089
30699767,3092
30703046,3080
30706296,3085
30709578,3063
30712807,3086
30716070,3105
30719339,3133
30722655,3058
30725880,3073
30729130,3149
30732479,3064
30735708,3056
30738945,3067
30742176,3113
30745563,3045
30748773,3074
30752025,3052
30755248,3181
30758593,3066
30761824,3061
30765055,3059
30768279,3162
30771664,3060
30774897,3071
30778136,3085
30781446,3106
30784716,3051
30787937,3061
30791159,3059
30794432,3086
30797681,3089
30800941,3049
30804157,3101
30807472,3087
30810730,3067
30813970,3061
30817199,3071
30820502,3071
30823739,3066
30826978,3055
30830198,3072
30833493,3077
30836736,3049
30839957,3072
30843193,3118
30846530,3070
30849769,3058
30852995,3055
30856226,3065
30859472,3081
30862725,3067
30865957,3074
30869202,3063
30872469,3077
30875711,3060
30878941,3057
30882163,3070
30885467,3093
30888724,3071
30891965,3066
30895199,3081
30898525,3052
30901716,3085
30904924,3069
30908125,3084
30911358,3155
30914654,3052
30917876,3055
30921103,3095
30924373,3139
30927679,3077
30930915,3106
30934185,3104
30937497,3103
30940751,3082
30943996,3080
30947254,3105
30950606,3065
30953842,3116
30957144,3077
30960425,3055
30963663,3064
30966895,3069
30970142,3088
30973464,3089
30976728,3070
30979964,3047
30983186,3073
30986479,3066
30989711,3046
30992933,3063
30996179,3073
30999486,3081
31002717,3066
31005921,3054
31009112,3097
31012346,3120
31015624,3077
31018869,3062
31022113,3073
31025354,3143
31028650,3070
31031889,3048
31035115,3111
31038404,3066
31041649,3078
31044857,3077
31048111,3100
31051377,3115
31054676,3076
31057919,3047
31061143,3073
31064381,3074
31067632,3060
31070856,3053
31074084,3085
31077303,3113
31080538,3065
31083738,3059
31086932,3076
31090143,3096
31093376,3075
31096588,3055
31099779,3044
31102956,3049
31106140,3119
31109415,3053
31112603,3053
31115790,3046
31118971,3074
31122182,3061
31125377,3080
31128606,3088
31131831,3054
31135020,3077
31138230,3087
31141473,3064
31144671,3041
31147847,3061
31151041,3051
31154227,3105
31157502,3075
31160761,3065
31163996,3078
31167254,3225
31170614,3060
31173857,3057
31177079,3113
31180368,3133
31183669,3068
31186915,3067
31190146,3067
31193422,3116
31196677,3283
31200755,3121
31204029,3090
31207261,3092
31210539,3084
31213762,3067
31216965,3039
31220140,3077
31223351,3114
31226602,3084
31229823,3054
31233062,3085
31236315,3137
31239640,3069
31242880,3073
31246128,3067
31249362,3135
31252682,3052
31255900,3057
31259134,3080
31262379,3123
31265681,3060
31268913,3046
31272138,3065
31275365,3130
31278675,3068
31281905,3055
31285139,3074
31288375,3105
31291663,3065
31294891,3067
31298137,3063
31301363,3155
31304622,3077
31307847,3087
31311073,3105
31314318,3135
31317590,3091
31320850,3090
31324109,3114
31327427,3069
31330658,3081
31333922,3069
31337155,3135
31340529,3060
31343757,3093
31347021,3076
31350276,3098
31353624,3078
31356852,3075
31360065,3126
31363333,3120
31366587,3046
31369771,3055
31372962,3056
31376153,3081
31379384,3113
31382661,3051
31385881,3056
31389113,3068
31392349,3126
31395667,3047
31398878,3050
31402105,3077
31405334,3194
31408664,3082
31411934,3076
31415175,3075
31418495,3101
31421755,3093
31425013,3073
31428258,3108
31431599,3068
31434826,3080
31438071,3074
31441322,3147
31444618,3105
31447893,3061
31451136,3072
31454376,3091
31457656,3051
31460875,3050
31464103,3095
31467366,3185
31470728,3055
31473946,3065
31477192,3070
31480458,3084
31483711,3060
31486951,3068
31490185,3067
31493485,3069
31496718,3067
31499962,3068
31503194,3067
31506500,3071
31509738,3067
31512982,3101
31516248,3097
31519535,3044
31522709,3073
31525963,3071
31529207,3073
31532503,3058
31535726,3047
31538949,3068
31542181,3057
31545477,3059
31548714,3058
31551949,3055
31555168,3066
31558454,3086
31561670,3067
31564915,3059
31568137,3115
31571507,3070
31574746,3053
31577978,3059
31581210,3110
31584500,3107
31587746,3095
31591010,3064
31594256,3113
31597651,3063
31600881,3052
31604113,3115
31607448,3107
31610702,3057
31613927,3047
31617155,3065
31620427,3072
31623684,3073
31626923,3049
31630148,3070
31633447,3101
31636726,3059
31639956,3068
31643201,3066
31646491,3072
31649727,3065
31652968,3063
31656193,3078
31659509,3063
31662737,3065
31665979,3066
31669208,3065
31672499,3075
31675743,3051
31678969,3064
31682198,3069
31685494,3075
31688740,3071
31691996,3068
31695228,3073
31698522,3096
31701764,3063
31705005,3066
31708237,3068
31711507,3064
31714738,3064
31717979,3068
31721211,3061
31724498,3057
31727719,3064
31730960,3044
31734167,3070
31737474,3060
31740663,3057
31743895,3069
31747129,3083
31750383,3230
31753780,3082
31757027,3063
31760276,3198
31763609,3088
31766822,3077
31770032,3084
31773252,3126
31776672,3069
31779927,3056
31783152,3074
31786464,3057
31789700,3086
31792965,3050
31796179,3068
31799458,3099
31802723,3057
31805957,3048
31809168,3066
31812480,3079
31815725,3063
31818964,3047
31822183,3061
31825460,3091
31828739,3059
31831982,3060
31835210,3069
31838501,3074
31841727,3064
31844932,3090
31848162,3067
31851366,3223
31854731,3078
31857974,3052
31861203,3119
31864518,3061
31867746,3072
31870999,3049
31874213,3096
31877476,3099
31880715,3085
31883938,3086
31887160,3118
31890435,3059
31893631,3048
31896814,3054
31900003,3087
31903227,3125
31906504,3073
31909714,3042
31912892,3069
31916096,3073
31919306,3070
31922518,3073
31925723,3061
31928919,3088
31932146,3082
31935364,3108
31938632,3073
31941873,3063
31945108,3095
31948401,3091
31951672,3056
31954913,3057
31958136,3063
31961377,3125
31964671,3057
31967905,3064
31971135,3076
31974412,3030
31977658,3074
31980909,3057
31984129,3069
31987376,3122
31990664,3081
31993920,3065
31997152,3102
32000440,3096
32003698,3055
32006936,3050
32010152,3062
32013414,3086
32016695,3070
32019941,3056
32023163,3061
32026421,3107
32029668,3084
32032931,3068
32036163,3113
32039450,3077
32042682,3094
32045932,3059
32049177,3127
32052490,3066
32055773,3058
32058999,3067
32062245,3161
32065554,3078
32068794,3061
32072036,3088
32075287,3151
32078618,3048
32081831,3069
32085079,3110
32088354,3094
32091626,3052
32094843,3080
32098097,3105
32101368,3156
32104703,3079
32107919,3080
32111123,3098
32114356,3099
32117590,3053
32120780,3058
32123973,3063
32127171,3111
32130439,3082
32133657,3048
32136841,3053
32140028,3068
32143233,3071
32146456,3067
32149647,3061
32152828,3087
32156036,3086
32159257,3125
32162524,3064
32165707,3056
32168892,3055
32172080,3071
32175285,3121
32178541,3069
32181747,3063
32184944,3073
32188151,3078
32191363,3095
32194591,3060
32197787,3053
32200974,3061
32204170,3139
32207493,3085
32210763,3085
32214015,3061
32217256,3147
32220604,3093
32223876,3051
32227093,3118
32230363,3083
32233632,3068
32236881,3076
32240109,3087
32243349,3113
32246628,3052
32249860,3057
32253099,3154
32256516,3095
32259792,3129
32263105,3084
32266369,3136
32269687,3074
32272914,3067
32276165,3178
32279535,3073
32282750,3069
32286003,3078
32289261,3093
32292563,3134
32295883,3075
32299139,3135
32302444,3068
32305687,3061
32308927,3064
32312142,3183
32315560,3074
32318789,3074
32322047,3085
32325311,3138
32328631,3078
32331853,3070
32335109,3115
32338429,3074
32341667,3076
32344928,3068
32348178,3122
32351551,3123
32354858,3096
32358134,3131
32361460,3077
32364711,3061
32367949,3076
32371178,3091
32374465,3080
32377735,3065
32380952,3071
32384204,3106
32387538,3102
32390819,3116
32394121,3089
32397407,3081
32400670,3057
32403905,3071
32407158,3146
32410514,3067
32413766,3083
32417029,3129
32420343,3117
32423611,3110
32426874,3157
32430202,3155
32433564,3069
32436803,3063
32440049,3091
32443320,3175
32446647,3079
32449911,3081
32453171,3078
32456429,3161
32459723,3074
32462948,3096
32466209,3086
32469495,3078
32472710,3083
32475937,3071
32479193,3149
32482580,3146
32485907,3111
32489198,3091
32492490,3084
32495729,3096
32498987,3050
32502223,3105
32505585,3106
32508875,3068
32512123,3089
32515400,3083
32518647,3065
32521894,3061
32525136,3074
32528347,3113
32531604,3066
32534854,3103
32538138,3137
32541434,3074
32544693,3070
32547944,3083
32551191,3079
32554467,3116
32557765,3110
32561060,3117
32564356,3100
32567635,3078
32570866,3087
32574097,3105
32577384,3158
32580728,3086
32583964,3072
32587221,3111
32590541,3112
32593834,3106
32597121,3085
32600357,3101
32603640,3071
32606891,3065
32610103,3082
32613327,3184
32616650,3087
32619923,3074
32623178,3089
32626485,3084
32629721,3069
32632973,3118
32636243,3100
32639535,3086
32642799,3074
32646024,3068
32649277,3188
32652639,3064
32655888,3073
32659138,3172
32662476,3108
32665747,3063
32668989,3074
32672219,3207
32675580,3077
32678842,3076
32682099,3132
32685491,3067
32688712,3077
32691972,3102
32695256,3181
32698618,3094
32701892,3077
32705122,3106
32708431,3072
32711670,3116
