226,4664
711,7456
1185,4321
1264,7759
1511,3811
2069,6327
2427,3719
2906,3371
3326,3155
3535,3108
3883,5083
3998,3723
4049,4491
4216,5513
4691,4968
7010,4231
7074,3929
7695,3978
7889,4659
7925,3852
8885,3517
9695,4345
9895,4484
10207,4035
10775,4525
12730,3917
12872,4009
13118,5279
13243,5498
13417,4747
13650,5886
13783,4863
13893,5354
14046,4984
14178,5607
15926,4014
16192,3669
16677,3486
16873,3333
17341,4462
17411,4135
17596,5601
17893,4846
20482,3887
20680,4117
21294,4741
21491,5855
21627,5103
22972,4939
23780,6927
23894,3583
24122,4072
24606,4592
24727,6973
24874,4555
24936,5203
25123,6897
25373,6273
25483,7584
28133,4362
28207,4710
29264,5977
29556,4881
30167,5022
30309,4697
30459,4094
33266,3602
33290,4999
33484,4654
35373,3526
36394,4602
36566,4685
37331,3304
37592,3872
37863,3827
37930,3923
38403,6043
38767,5612
39152,4698
39287,3964
39298,4863
40105,3967
40755,4127
41245,4167
42878,4869
43055,4744
43278,5203
43421,5382
43556,3750
43751,5330
45657,5643
45703,4802
45850,4225
45990,6151
46158,7982
46278,8313
46437,7397
46582,7753
46756,7948
47143,6617
47534,5938
47895,6591
48276,5530
49905,4527
49949,5883
49984,5444
52800,4589
54886,4048
55059,4236
55252,4814
55459,5310
55600,4517
56216,3949
57074,4492
57582,6468
57630,4051
57643,6278
57772,3847
59880,4495
60193,4130
60794,3654
60993,10383
61727,11525
62561,4766
62725,10817
62892,9543
63031,5598
63486,13003
63630,13869
63864,10776
64126,5472
64539,6264
65199,12243
65443,12181
65586,11975
65752,10657
66330,8364
67112,10586
67390,7780
67653,11894
67772,8397
67890,11492
67957,11472
67995,10780
68035,12081
68208,7263
68499,8826
68641,8744
68773,9047
70133,9074
70526,7783
70964,8488
71753,8227
71789,8861
72563,9436
74445,7130
74792,5594
75504,4544
76722,5006
80939,5913
81110,6149
81233,6078
81368,5991
81795,5612
83152,4304
83945,10303
84444,8745
85948,17942
86305,3907
87046,5553
87612,4939
87790,8286
88005,7635
88262,8211
89017,4256
89225,10673
89367,10587
89502,10613
89632,10384
89760,6180
89919,7027
90050,8021
90247,6859
90383,6198
90520,5644
90650,6131
90780,5901
90938,6059
91081,16758
91214,16771
91345,15256
91482,15402
91612,15504
91742,15633
91858,15775
92032,15755
92162,14225
92290,16282
92432,15709
92630,15730
92765,11881
92910,16051
93041,16062
93426,12667
93566,11591
93699,12047
93925,10240
94081,11676
95309,10830
95474,10769
95718,9129
101498,8173
101659,8335
101843,7628
102072,10617
102112,9587
102142,8973
102171,8995
102201,8722
102239,9498
102313,9642
102696,9620
102870,9918
103025,10154
103165,9305
103842,8635
103983,8891
110182,3795
114067,6126
114110,5487
114273,11298
114412,11269
114544,4871
114739,3470
114902,4287
115086,3977
115620,5146
115790,11550
115843,11033
115962,11214
116312,10769
116460,9749
116714,9765
116739,9844
116774,9904
116793,10187
117022,9754
117433,8917
119958,9632
120128,9413
120281,9207
120430,7447
120599,8415
121950,12651
122123,12221
122299,11993
122448,12015
122613,11938
122771,11880
122929,16054
123079,17942
123233,16309
123385,16307
123531,15898
123682,14314
123856,13788
124007,13207
124153,13713
124308,19390
124462,12540
124620,15749
124778,19177
124918,15656
125078,15151
125237,15608
125405,14743
127461,16415
127629,9915
130085,6519
130241,13208
130383,14498
130524,13277
130656,16445
130786,15455
130932,14500
131066,14528
131194,16253
131390,14953
131533,14862
131842,14348
131978,13667
132128,12921
132269,12841
132402,14592
133306,12761
133447,11116
133586,12268
133716,11626
133908,10102
134751,12523
135880,11340
136446,10102
136627,10381
136795,8443
147309,3820
148336,4166
148355,3727
148998,6055
149043,5139
149335,3758
149425,4950
149653,5587
151230,4200
151390,5146
151629,4456
156283,6880
156799,5076
156909,3967
157080,3850
157822,6695
158014,6819
158303,5838
158478,5522
158654,5298
158940,4198
159109,9120
159244,4655
159381,6345
159530,6309
159666,6297
159784,8777
160206,7455
160329,6854
160464,7972
160687,8069
160951,8671
161109,10105
161229,8340
161356,9633
161483,9990
161617,10098
161757,11023
161907,9756
162378,9542
162508,9779
163222,9758
163515,11802
163734,11702
164352,11537
164623,11629
165289,10817
165452,11630
166423,9633
166709,9296
166961,9241
167196,9460
169653,7090
171039,8503
171310,9622
171500,6790
171749,6609
171969,5936
172128,6367
172365,8629
175021,4261
176312,7916
176710,6985
176872,5061
176901,7504
177337,6415
177581,6704
177703,6113
179789,6205
179845,5807
179992,5266
180763,6566
181187,5427
181295,7241
181993,4448
182623,5358
182676,8615
182736,8606
182805,8610
182845,7298
182886,7241
182925,7601
183494,4202
187460,4373
188651,3415
188863,3813
188998,5190
189139,4980
190055,6233
190851,4526
191042,5981
191092,6630
191345,6610
191482,4912
191665,5670
192869,6067
193283,5986
193321,5740
193532,5074
193974,5905
194224,7451
194376,8279
194620,7915
194860,7577
194983,6162
195421,7082
195610,7427
195712,6983
195820,7158
195966,6935
199926,5158
200011,4164
200036,3998
200182,3805
201341,4341
202091,4679
202129,5620
204232,5235
204560,3929
206193,4528
206358,6303
206394,7302
206594,5687
206892,5608
206931,5513
207045,6522
207284,6796
207499,6129
208579,4506
208730,4612
209098,5031
209136,6953
209641,4535
209961,4959
210441,5290
211059,5269
211190,5789
213070,6777
213744,3782
216321,5403
216517,4610
216639,4388
216759,5698
216915,4716
217046,5315
217201,6206
217350,10872
217540,10789
217681,7686
217854,10911
217992,10604
218138,10287
218279,10399
218424,10084
218607,8159
218728,7544
218884,6272
223763,4063
224047,8929
224256,8491
224525,11202
224697,10343
224860,8312
225637,6704
226443,9514
226685,9377
227457,8554
227615,8815
227771,8574
227904,7890
228059,7833
230018,5746
230242,6323
230690,5806
230884,5843
231795,6364
231886,5540
231935,8665
231991,6914
232036,6964
232091,6465
232137,8130
232181,8945
232233,8089
232284,6206
237064,9045
237238,8086
237479,9127
237621,7860
237780,7317
239167,6993
239398,8162
239604,6678
239735,9453
239884,6446
241542,8255
241569,8340
241586,11537
241671,10116
242800,7443
242917,6330
243339,7298
244103,9906
244265,9954
244403,10070
245132,12533
245508,6423
245665,9847
245783,8796
247306,10284
247609,9683
247799,10053
248106,13961
248146,10551
248187,12325
248216,11140
248245,12601
248998,10198
249280,11646
249429,12329
249937,10230
250331,10400
252494,7595
252672,10366
252921,10022
253176,12916
253454,11287
253844,8518
254050,9232
254288,8351
255539,7828
255669,7979
255786,9435
255946,6874
256115,7378
256373,8675
256428,8845
256456,8866
256483,7766
263855,5975
263959,5980
264281,5320
264428,6159
264581,4759
264779,4247
266881,4382
267221,3781
268188,6366
268323,5517
268363,4111
268556,5992
268657,5234
269058,5029
269384,5248
272776,4900
272959,3793
273193,4940
273503,4702
275506,3936
275618,3585
276156,4384
276738,4569
277115,3862
277842,5090
278102,5042
278376,5596
278400,3748
278836,3537
279656,5519
279841,4929
280201,4635
280480,6736
280729,7050
280836,6890
281016,6363
282348,6001
282441,5517
282835,5619
283002,5663
284481,3624
285559,3459
285599,3951
285902,5273
286887,4583
287414,4134
287986,3717
289628,5937
289656,3610
289678,3322
290236,5115
290439,3789
290753,5442
291633,4511
292377,4543
292566,4663
293276,4657
293527,4356
293659,4906
295489,3775
295726,3723
295798,4971
296491,4793
296746,4587
296991,5127
297425,4588
297580,4197
297913,3592
299686,3886
299906,5230
299942,5061
300301,5021
301253,4424
302336,3904
302399,3665
302869,4247
303051,4318
303628,5451
304302,5807
304335,4811
306475,3971
306510,4656
306879,7759
307418,5468
307695,5815
308324,3851
308570,7186
309159,4518
309792,6026
310011,6028
311456,4679
311685,5242
312118,5003
312270,4127
312415,4526
312681,4677
312704,7657
313049,6890
313775,4923
313976,6332
314121,6291
314533,5928
315844,5468
318087,5367
318112,4978
318330,5357
318501,5195
318713,4897
319177,4988
320130,6120
321287,7483
321303,5603
321609,4583
321737,5864
323146,6034
323726,9256
323784,8285
323833,5663
324158,5781
324200,5231
324615,8443
324672,9352
324691,9172
324768,9981
324802,8511
325190,6109
325924,5642
326070,5547
326949,5845
328170,7782
331115,4352
331388,4501
332126,8228
332254,7766
332385,7704
332504,6386
332637,6315
332885,5404
335291,3586
335487,5690
336011,3723
336113,4559
336370,5166
336851,4663
337083,5253
337162,5681
337461,5328
337752,8157
339053,6296
339279,5826
339488,5670
339847,6833
340005,6729
343273,4661
343343,6437
343892,6154
344353,3802
344494,7278
344788,5784
344960,7265
345187,5205
345381,4216
345531,5867
345892,5277
348494,7452
348526,6508
348687,6135
348897,4735
349040,6513
349185,5336
349320,5303
349439,4993
350257,5445
352365,7532
352394,8062
352553,5545
352731,5315
353033,7297
353223,8210
353357,9052
353474,8175
353692,8582
354106,8013
354311,8016
354635,7818
355369,7326
356266,6870
357208,5901
358777,3778
359617,3756
359858,5666
360136,7969
360244,3889
360358,7335
360711,6260
365111,5060
365261,4177
365742,4696
365968,5408
366048,6494
366149,4480
366567,5044
366678,5082
366897,5359
367199,5198
367476,4528
367976,4618
368157,4153
369042,3695
369680,3358
370331,5239
370394,6135
370571,4793
373431,4577
373467,4816
373622,4587
373877,4495
374013,4282
374123,6133
374186,5708
374499,6035
376043,6348
376543,3654
376550,4334
376740,3977
376883,5266
377219,5216
377445,4757
377614,4874
383104,5620
383631,4446
383658,4545
383690,4665
384339,9313
384870,4647
385049,4251
385349,5253
385410,8590
385475,11238
385624,3797
385889,4049
385903,7109
386473,12440
386886,16996
386902,12392
387068,11218
387328,11770
387570,12703
387657,13281
387783,11695
388625,14058
388923,12235
389510,11291
389671,10857
389827,10257
391101,8576
391354,10312
391554,11611
392237,12697
392461,14848
392673,9310
392752,9121
393339,8846
393768,7571
394417,7060
394831,7769
394871,13295
394940,6631
395751,11403
396048,11163
396857,11385
397105,9360
397282,7992
397478,9551
397571,9878
397766,8082
398508,10703
398750,10325
402320,6031
402497,5502
405084,4257
405853,5935
406637,5851
407505,4930
407702,4469
407744,4897
408426,4412
408710,4057
410034,4851
410178,3357
410378,4452
410753,5729
410892,3635
413200,3811
413228,4566
413685,5537
413889,4020
414468,3421
414937,4232
415326,4809
416150,4092
417159,3262
417445,3706
417717,3863
417941,3543
418296,5080
418449,5814
419240,4216
419607,4808
421262,3807
422096,3398
423009,5140
423089,7993
423180,4591
423263,4808
425340,14659
425627,4729
425773,4934
425993,4412
426274,3990
426552,6050
426670,6866
426792,6234
426864,13250
427180,13058
427290,10477
427410,11501
427524,7731
427663,11358
427826,12213
427916,7607
428179,5588
428774,7303
431229,6485
431294,5736
431616,5466
432680,4501
434108,3391
434249,4556
434736,8263
434895,7824
435029,7033
435395,6930
435566,5468
435692,7091
435848,7201
436295,7954
436438,6763
436670,7045
439659,5608
439926,4655
440192,4467
441759,3934
442355,4160
442876,3906
443593,4293
443873,4790
443923,4527
446694,3971
446909,4159
447058,4686
447192,5737
447884,5866
448282,3665
448883,3987
449035,4189
449166,4764
449746,6962
450185,6471
452001,5412
452186,4570
452421,6281
452764,4710
453068,4492
453871,5153
454033,5415
454190,6333
454285,4466
454498,4901
454943,5181
455088,4445
455501,5606
455718,4902
456462,4990
456930,4810
456993,5733
457142,9603
459047,5113
459635,4488
460232,4832
463170,3863
463513,4684
463646,4502
464217,3814
464421,4386
464575,4039
464712,3793
464789,4505
465157,4002
465950,3657
469957,5226
470319,5139
470510,5023
470927,4437
471193,3834
472280,4823
472900,7000
473056,4153
473327,10188
473356,9928
473493,10195
473520,6434
473571,8060
473694,5827
473784,7470
473977,4730
474550,6108
475588,7153
475992,6397
476633,7270
477265,7241
477371,6090
477483,7127
477612,6823
477647,8019
477796,8253
477974,7240
478141,6638
478265,7738
478921,6687
479147,6208
479794,5404
480128,5448
480268,6647
481581,5539
482026,5437
486220,3872
486343,4041
486436,3703
486718,3759
487233,4283
487980,4164
488408,4339
490723,7370
490788,5084
490854,7884
491089,7042
491205,5498
491351,6141
491547,6698
491708,6886
491866,6065
491940,7507
491988,6862
492330,5279
493995,3882
494025,5375
494220,5940
494451,4198
494694,4570
495107,4818
495281,4805
496630,3628
497032,5582
497294,4849
500490,4904
500751,3497
500870,5356
501087,5584
502344,3997
502644,3751
502967,4163
503521,4871
503681,3491
504297,4436
504462,4219
504683,4388
504886,4265
505110,3769
507412,3930
507727,7311
507823,8569
507847,7880
507857,9664
507890,7465
508037,5996
508405,8236
508422,8418
508731,7387
509359,7069
509410,7123
509477,6323
509664,5418
509965,8238
510272,7209
510608,6295
511162,6406
511785,6718
511889,5855
515522,7115
516238,5260
516803,4516
517789,5301
518299,5497
518557,3302
518796,4863
519066,4645
519415,5650
519478,5483
520674,4065
521005,3896
521006,4720
521950,3489
522098,3734
522956,5998
523081,4435
523202,4828
523363,4613
523499,6247
524568,5041
526770,3541
526785,3904
527046,3873
527632,4598
527799,4643
528071,3915
531993,4482
532149,5655
532673,5205
532779,5204
532866,3518
533396,4661
533518,4646
533859,4457
534054,4219
534829,4356
534905,5094
535285,3673
535400,4579
535627,4599
536141,5738
536616,3944
536654,7688
537420,4592
538101,4056
538387,6014
540504,5032
540631,3943
541404,5139
541441,4739
542323,4111
542376,4691
542609,5322
542790,5074
542927,9553
542960,7060
542998,9336
543556,5126
543650,4519
543757,6146
545062,6444
545339,6512
545555,4821
545715,5954
550912,4642
550945,3600
552176,4349
552911,4752
552926,4261
553159,4277
553728,4072
553884,4611
553926,4793
554504,3719
554765,7614
554998,4820
555437,4640
555591,5008
556127,6762
556864,5808
557022,5933
557484,7384
557637,5877
557875,6733
558336,6739
558553,6662
558765,4695
559462,4882
559688,5711
559868,5788
560123,5666
560266,6135
560385,6162
560744,7762
561083,7733
562225,6531
566781,6722
566875,10508
567082,9930
567251,9636
567394,20895
567532,5343
567656,21690
567792,9171
567844,11188
567860,12889
568000,9370
568116,9307
568249,9020
568636,20456
569683,13232
570020,7300
570229,17870
570402,7687
570564,19229
570796,16217
570863,17487
571035,17583
571083,17592
571131,17655
571173,17558
571212,17226
572966,15886
573158,16343
573320,16552
573917,15055
574101,14815
574256,18057
574409,15235
574571,15459
574724,15297
574951,15159
575121,15766
575286,13275
575861,19448
576018,19436
576177,19417
576331,23127
576501,19680
576660,19122
577101,14143
578305,17926
578458,17529
578594,22731
578721,16937
580871,14775
581075,20523
581251,20400
581417,20769
581592,20316
581764,20471
581939,20223
582225,20208
582283,20041
582650,16486
582868,19517
583634,15588
584073,15199
584264,15058
584471,14902
584727,14781
585084,14508
585487,9826
585678,19319
585978,18533
586298,19356
586304,17848
586546,16559
587086,16098
587448,15539
587749,12764
588135,14693
589528,14508
593179,9931
594152,11947
599675,6260
599915,6956
605802,7724
606056,6468
606453,6281
606955,5677
607131,6513
607401,7901
607453,7267
607499,8752
607619,4116
607683,6255
607944,5582
608126,5915
608967,4461
609149,6080
610193,6067
610558,5602
610737,6676
611112,6173
611364,7194
611510,4839
611532,6586
611823,5147
612107,4564
613382,4125
614919,6346
615560,4499
615987,5792
616977,4898
617122,4450
617920,5339
620337,4179
622176,4131
622905,7590
623031,6216
623183,6014
623336,7147
623400,5951
623480,5570
623734,5260
625016,4535
625447,4114
625612,6650
625724,6949
625839,7292
625954,7335
626146,8867
626258,6948
626367,7410
626488,5230
626628,5712
626739,5997
626868,5712
628494,7646
628761,8131
629617,4671
631358,3660
632444,4107
633894,3432
634817,4277
635222,4337
635368,4138
635507,4971
635651,4351
635855,4811
635978,4615
637730,3721
637746,4941
637947,4577
638021,3826
638172,3994
638424,4310
640146,4008
640953,4232
643342,5419
643373,3924
643547,4172
643669,3998
644572,3770
644646,4712
645222,5063
645535,3931
645939,5110
646169,3914
646442,5481
646491,4901
646511,5465
646538,6368
648973,4968
649678,5856
650127,4594
650170,4352
650780,5320
651095,3810
652009,4498
652178,4445
652319,3841
652727,3729
653067,4708
654750,4148
654941,3675
655174,4593
655478,3933
655569,3899
656931,3475
657218,3672
657691,4045
657841,5170
660316,11661
660442,3971
660778,4825
660876,5831
661574,4936
661849,6111
662018,9647
662197,6693
662414,5888
662674,8814
663071,6168
664507,6559
664981,6742
664996,6101
665244,8409
665447,5164
666167,7979
666295,7408
666354,6842
666595,9925
666743,10369
666962,6681
667103,5903
667464,5887
668364,9536
668449,9511
668715,7752
669428,6348
669885,5395
670048,7187
670275,4835
672408,5726
675366,3700
675587,5614
675789,5780
675873,5183
676061,5190
676199,5592
676859,4796
679389,5133
679582,5447
679729,4345
680050,4595
680236,4459
680779,6449
680886,6192
681929,5655
681948,5753
682272,4996
682348,7218
682368,9178
682513,6535
683498,6496
684288,6509
685065,5687
685327,5266
685717,5979
685802,6546
685862,6310
685881,7388
687897,5892
688371,6039
688604,5854
688742,5617
689350,4929
689597,4541
690206,5844
692436,8141
693099,3700
693621,8185
694337,9777
694523,4520
694861,7377
695421,6185
696090,7320
696247,9683
696403,12843
696535,6814
697532,13708
697688,8385
697830,7107
697966,15404
698082,9343
698165,12534
698612,12026
698873,16793
699075,11875
699225,11788
699460,13857
699626,17086
699766,20125
700137,15041
700469,20115
700851,14877
701014,11948
701138,11767
701385,12544
702063,16421
702254,21662
702466,17584
702609,19543
702756,25360
702896,26485
703016,25442
703185,15902
704036,15103
704220,22288
704347,14842
704507,24002
704701,26449
704987,18806
706634,31363
706786,21202
706885,19197
707041,24560
707301,24358
707486,25937
707712,18438
707953,18246
708173,20427
708217,20838
708248,19639
708278,20623
708314,15589
708862,17820
711723,26561
712310,21702
712996,13032
713139,11487
713784,10315
713870,14780
713942,20509
713985,22706
714010,20642
714099,22637
715448,11647
717119,18600
717274,14635
717418,19889
717557,20445
717692,21811
717963,17500
718290,19877
718577,19643
718794,17842
718925,17963
719693,17552
719977,18291
720161,20603
720307,16478
720424,19571
721280,17864
721389,18797
721753,18010
721886,20386
722020,20057
723469,20316
723619,21441
723928,21301
724307,21027
725560,20348
725763,21168
727139,20514
727288,19069
727422,19105
727643,18986
727945,19343
729551,18585
730625,15668
730823,18056
731417,19826
731692,16618
731942,12958
732505,17004
732541,16634
733201,17454
733796,15641
734703,15372
735550,11960
735778,13444
736453,12902
736838,11709
737081,12687
737355,10095
738038,10372
743440,19409
743573,18626
743727,7763
743888,9097
744093,19977
745662,15331
745700,9421
750197,9701
750699,10431
751909,8530
752093,8452
752504,8147
753909,10664
754358,8905
754411,12271
754465,21806
754566,5641
754755,8967
754921,7648
755205,9528
755380,12736
755553,6686
755722,14860
756217,9388
756387,12808
756568,19630
756574,6488
756769,15885
756973,10743
757361,5620
757541,10512
757719,6581
757888,16076
757942,22957
757968,5181
758589,10780
759266,9028
759453,8548
759642,11849
760435,18356
761699,16764
761873,16495
762062,16496
762349,15713
766767,14600
766912,11261
767084,11187
767255,23296
767291,37472
767421,23034
767582,13730
768089,16164
769466,30824
769627,24643
769784,21018
769921,33110
770082,29598
770229,28761
770374,29430
770520,29444
770672,29406
770837,29351
770989,29592
771132,23036
771559,19144
771820,19108
771977,19440
772135,19002
772280,18073
772750,18276
773762,27578
775009,17342
775310,15924
775470,15859
775621,15830
776103,16362
776369,15565
776534,15596
776683,15080
776862,15367
777034,15000
777189,14478
777346,14218
777513,16851
777679,12556
777831,25293
778876,25193
779048,28597
779207,22252
779360,33800
779525,18394
779675,35523
781733,30881
781913,21674
782058,21255
782202,21305
782337,20891
782469,20953
782609,21166
782752,35802
782881,23338
783037,20642
783172,30231
783306,20651
783445,31911
783579,33287
783712,25935
783849,39334
783985,39347
785659,38019
785871,38086
786039,39004
786209,39034
786371,39986
786530,40590
786706,33703
786878,35602
787037,32720
787194,32611
787410,27244
787789,26922
787982,27272
788141,27325
788310,27295
788563,27643
789023,26951
789212,27383
789414,27226
789584,26758
789748,28549
789906,26911
790067,33063
792879,27345
793051,21543
793210,23703
793365,22047
793522,22154
793683,22706
793852,11924
794005,22759
795960,22787
796151,22355
796323,21218
796491,38044
796666,37940
797234,25762
797551,25674
797738,25721
797930,19297
798107,20242
798282,19603
798449,19295
798617,23165
798791,21879
799102,21413
799292,20883
799474,20598
801546,19714
801719,18308
801887,17126
802063,18397
802219,17484
802370,17283
802536,18028
802699,17421
802861,19377
810686,15820
813101,14784
813632,10261
813945,15382
816998,13269
817363,20528
817576,15976
817783,16117
817912,15591
818150,15799
818585,12334
818845,12128
819044,14410
819203,14847
819355,13838
819490,14510
819858,13743
820249,13145
821304,28599
822010,28248
822173,27836
822316,27860
822555,21142
825903,24188
826421,22409
826610,22409
826792,22776
827284,23144
827455,23211
827634,23413
827925,23327
828526,22819
828792,31106
828963,23032
829366,14468
829568,27324
829712,31218
830000,32222
831206,31099
831357,31028
831502,31035
831645,30842
831780,25549
831925,25701
832066,25617
832219,16906
832353,17038
832469,17013
832606,17044
832731,17007
832889,16414
833034,17460
833222,15996
834100,28490
834298,28138
834450,28716
834693,34191
834904,29298
835032,29333
835171,28568
835310,28968
835449,27905
835633,27851
835752,27550
835860,27574
835995,27691
836160,19745
837555,27008
837750,26578
838514,26126
838689,25810
839168,26317
839319,29881
839452,29833
839583,29803
839714,29721
839861,30037
840036,29460
840186,29406
840322,29222
840453,29187
840584,28751
841403,28285
841577,30076
841754,27178
841874,26576
842036,27199
842188,26420
842338,26396
842490,26546
842653,26434
842889,26247
843050,20197
843212,19528
843369,18687
843528,20617
845263,37191
845480,39985
845640,40046
845799,39563
846110,39527
846245,39169
846434,34460
846596,36378
846758,38825
847245,39644
847422,39542
847593,36806
847761,36112
847931,34987
848092,33941
848255,35088
848424,35090
848588,34973
850773,36463
852096,36787
852259,37613
852420,38936
852588,39314
852756,55611
852879,40213
853054,40192
853218,29183
853368,75218
853518,52836
853678,59352
853999,58943
855292,53908
855451,54274
855596,55500
855732,56270
855882,53909
856016,53950
856166,54137
856314,54142
856455,55474
856642,54246
856788,69330
856862,69323
856895,64062
856924,55451
858241,60038
858597,68508
858767,53475
858955,40834
859107,41450
859312,41345
859446,41477
859590,41157
859883,40957
860387,40702
860548,40458
860705,40474
860885,28605
861058,28241
861919,27779
863512,26236
865304,24766
865710,24308
866733,26221
867064,21075
867260,21079
867401,20991
867543,20910
867678,20826
867963,21579
868123,14226
870637,43275
870832,44078
871083,46008
871368,46528
871490,52153
871666,29695
871861,29404
871999,29445
872147,28291
872310,47892
872431,53499
872546,52358
872683,45319
872824,52201
872957,50813
873102,28508
873233,28293
873407,28375
874901,27041
875153,38250
875321,40334
875483,40709
875656,40882
875833,41028
876000,41220
876161,41525
876312,41727
876469,42465
876635,42551
876795,42270
876964,51562
877131,42172
877297,51115
877453,51189
877606,51422
877771,51497
877941,51566
878107,51632
878277,51701
878437,51692
878594,52180
878753,52664
879496,40779
879669,40468
880177,40745
880462,40595
880634,39384
880798,60278
882891,58324
883040,58400
883176,58488
883380,58518
883594,59074
883773,52327
883923,52426
884057,52385
884192,52485
884324,52686
884455,52803
884597,52752
884746,52910
884881,52911
885019,53882
885152,47963
887286,46014
887524,46155
887771,46045
888172,45888
888584,45813
888732,46348
888885,46852
889037,46308
889170,46850
889329,48524
889835,46812
890794,47818
891024,52108
891190,53073
891359,53643
891496,55104
891636,37880
891756,38301
892072,38199
893910,36867
894063,27231
894434,43769
894562,45640
894692,49722
894835,34200
894936,50768
895175,50538
895418,34423
895552,34971
895672,35519
895867,35722
896013,35919
896131,36322
896259,37398
896395,37990
896527,37651
896660,38235
896960,38638
897122,38755
897294,27984
897421,28579
897542,28283
897824,28473
897983,28645
898162,28578
898882,27807
899060,27735
899245,27644
899428,27547
899611,27609
899917,27472
900094,28096
900263,28008
902744,40860
903072,43096
903282,42508
903448,43359
903608,43403
903775,31660
904141,42885
904299,42720
904449,26470
904613,26705
904766,26772
904936,26943
905110,26872
905265,26964
905426,27762
905581,27664
905734,27639
905909,28025
905966,29306
906613,29119
911251,24751
911452,31203
915007,24265
915189,24376
915350,24439
915881,24332
916913,23525
917186,23475
917365,21684
923249,21915
924406,18968
924580,19525
925084,18243
925560,17354
926869,17570
936879,8370
950095,6043
950283,7289
950457,5717
950540,6851
950675,5423
950753,7254
951518,6733
951602,7244
951734,6618
951934,7006
952507,6530
952679,5762
953273,5966
954133,5882
954989,5585
955250,6888
955387,6700
955587,7715
955742,7859
955882,4151
956315,5711
958033,8304
961323,4171
962411,8139
962592,8155
962737,8162
962864,7974
963106,5459
963331,5886
963636,4717
964031,4226
964289,5982
964329,7925
964361,8282
964403,5802
964438,5711
964472,5761
966694,7285
966859,4711
967021,4283
967144,6538
967436,5783
967633,5722
968462,5690
970277,6644
971117,4657
971243,5088
971738,5668
971785,5979
971856,6310
972182,7254
972264,7502
972646,7250
972740,7190
972968,5947
973196,5416
980795,5648
981034,4289
981293,4649
981315,6031
981472,4803
981702,5917
982822,4198
984568,3803
986889,4227
987086,4271
988947,4763
989169,5220
989331,4568
989487,4360
989652,4112
990660,4057
992265,3829
992825,5067
993009,4457
993141,8771
993261,5429
993405,5369
993547,9996
993864,6556
994047,7577
994074,8387
994223,7945
994776,5820
994840,6661
995134,4477
995982,4272
996224,4679
996635,6991
997039,4943
997359,4412
997718,5487
998343,6250
998392,5931
998949,5702
999477,7373
1002533,3547
1002782,6547
1004470,4084
1004868,4567
1005024,4090
1006321,4901
1006354,5403
1006688,4311
1006890,6375
1007177,5991
1007404,5177
1007621,6801
1007936,5774
1008150,6190
1008292,6273
1008584,6166
1008685,7835
1008984,6940
1009324,7094
1009629,6353
1010091,5960
1010327,6101
1010531,5173
1010747,4788
1014050,5136
1014709,4633
1015094,4199
1016726,3960
1017003,3475
1017222,4705
1017734,4301
1018117,5550
1018378,4676
1018559,5823
1018722,6258
1019020,4840
1020864,4578
1021008,4383
1021160,4133
1021303,4419
1021544,7673
1022749,5795
1023012,5406
1023306,5466
1023504,5871
1023694,6229
1023892,8277
1024045,8313
1024218,5563
1026323,5612
1026771,5213
1026776,7174
1026799,5080
1027086,5201
1027511,5632
1027899,4844
1028279,6347
1028581,8758
1028981,8057
1029280,7775
1029531,7046
1029803,4930
1030230,6784
1030345,5560
1030583,4253
1033427,3487
1034897,3672
1034956,4779
1035071,4386
1035555,3875
1036309,5392
1036591,6783
1037095,3928
1037389,7859
1038368,3922
1041383,6050
1041422,5054
1041667,5225
1042155,5477
1042439,5543
1042804,9088
1042842,5788
1043042,4353
1043399,5770
1043573,7857
1043640,5572
1043866,7576
1043908,5751
1044431,5615
1045395,4894
1046038,5572
1046829,4103
1047738,5158
1048080,4563
1048213,4921
1049025,5901
1049181,5418
1049455,4670
1049865,4362
1049898,4096
1051525,5054
1051657,4943
1051794,5145
1051838,4685
1054978,4007
1055089,4052
1055576,4358
1055884,4305
1057519,5229
1057761,3582
1057929,3769
1058423,8346
1058677,4876
1058705,7525
1060510,7481
1061842,5330
1061967,5406
1062290,6640
1062895,5786
1063849,8321
1063946,8011
1063998,9446
1064024,7870
1064496,9384
1064589,11065
1064612,10519
1064650,11441
1065375,10071
1065490,9904
1065580,8571
1065702,9398
1065932,10518
1066341,9868
1066446,10486
1067578,6819
1067860,5896
1068269,6578
1068768,4529
1068883,8502
1069262,10019
1069336,9758
1069439,7247
1070494,7494
1070965,11074
1072067,8734
1072326,9737
1072522,10427
1072824,8969
1073324,7698
1074121,8506
1074518,5671
1079348,5188
1079522,3804
1080619,5148
1081101,6391
1081181,5553
1081285,4929
1081453,5442
1081899,4684
1082126,5089
1082545,7038
1082836,6610
1083819,5506
1084359,5426
1084433,5682
1084786,4453
1085090,5121
1085155,4545
1087317,7566
1088591,4914
1089539,4399
1091908,3703
1092087,3600
1092551,9422
1092630,5137
1092734,4059
1092869,4698
1093484,7694
1093651,7015
1093748,7168
1093909,6579
1094007,8132
1094101,7384
1094426,6296
1094682,6554
1095099,6026
1096326,7149
1096526,6708
1096895,6903
1097287,4177
1097403,7860
1098465,7952
1098655,4921
1099042,4638
1099189,4775
1101595,4361
1104311,4911
1104696,4069
1105211,3956
1105292,4702
1105638,3709
1106050,4901
1106592,5779
1106639,3568
1107061,7372
1107287,4482
1107430,4093
1107645,7020
1107953,6649
1108995,5975
1109233,6167
1109487,5424
1109632,5715
1111009,4650
1111179,5024
1111889,5880
1112066,4854
1112519,4626
1112943,10040
1113183,8183
1114604,5411
1115143,6907
1117403,3915
1117554,3914
1117859,4904
1117902,6310
1117922,6548
1117960,7231
1117979,6736
1118033,6746
1118079,6813
1118507,7439
1118860,6472
1119272,5997
1121897,8264
1122076,6858
1122284,7395
1122307,5266
1122530,4991
1125868,3430
1126070,3640
1126203,4770
1126370,4410
1126509,5729
1126669,6829
1126852,6218
1126982,6266
1127117,5894
1127182,5992
1127245,6175
1127359,3715
1128951,4350
1129191,4155
1129871,3718
1131207,4302
1134577,4481
1134613,5876
1134790,6513
1134861,4831
1135001,6505
1135233,5040
1135448,6337
1135542,7107
1135699,6674
1136198,6071
1136246,6076
1136286,6901
1136368,4276
1138070,4193
1138390,6366
1138616,4955
1138787,5628
1139247,4040
1140261,5800
1140607,4428
1141108,4777
1142101,6271
1144465,4358
1144890,6200
1145091,6643
1145229,5352
1145553,6008
1145682,5819
1146151,5028
1146307,4670
1146947,4488
1147471,4320
1148004,4346
1148042,4980
1148435,3667
1149202,3694
1149392,4211
1149594,7470
1150379,5817
1153802,3732
1153892,6064
1154103,7462
1154260,6083
1154263,6954
1154552,11237
1154621,9631
1154663,8960
1155003,5486
1155279,5828
1155514,6456
1155583,7376
1155781,9613
1156435,5572
1156454,9147
1156537,6985
1157200,7280
1159145,7232
1159450,7007
1159685,6978
1159800,15182
1160052,8874
1160153,4844
1162801,12531
1162969,10952
1163056,12630
1163166,10301
1163235,9847
1163319,10802
1163471,11715
1163568,10949
1163732,18839
1163982,7325
1164587,10473
1164912,10346
1165118,9776
1167495,14733
1167883,6410
1168065,9372
1168270,10375
1168478,14204
1168571,13693
1168657,11030
1168736,8960
1169198,9136
1169404,14758
1169566,10375
1169741,9876
1170320,9218
1170508,14028
1170610,9494
1170778,7934
1170906,10084
1171069,9856
1171265,11062
1171457,7709
1171639,11447
1171754,12963
1172065,12210
1177005,6716
1177173,6236
1177557,6859
1177753,8436
1177851,8392
1177969,9803
1178434,9126
1178768,8935
1184861,6024
1185249,4342
1185650,4028
1186777,4493
1186838,5181
1187194,6383
1187399,5917
1187432,6560
1187806,5794
1188024,10755
1188190,11838
1188299,6385
1188345,8004
1188552,8748
1190522,4965
1191043,5987
1191563,5616
1192362,4724
1192394,7572
1192584,5530
1192858,6195
1194068,8270
1194127,4204
1194292,5780
1194530,6336
1194891,6483
1195530,4614
1196010,7211
1196856,5059
1199029,6875
1199224,6242
1199355,8256
1199470,8188
1199644,9114
1199753,9646
1200215,7293
1200506,10526
1200683,6878
1201407,8049
1201639,7707
1201965,11248
1202111,7034
1202367,11362
1202502,8669
1203775,7097
1204068,15991
1204227,10936
1204371,10530
1204613,6325
1204763,13212
1204877,5058
1205015,6073
1205160,8876
1205286,15657
1205480,15293
1205939,20615
1206245,11537
1206390,11637
1206528,15395
1206677,15400
1207016,19710
1207759,18172
1207905,19542
1208054,18992
1208211,17930
1208529,16372
1208787,16084
1208981,18161
1209179,18170
1209504,17139
1209634,16610
1209767,18152
1210359,18113
1212006,23645
1212236,14608
1212386,14546
1213006,19324
1213454,13785
1213855,13756
1214987,12753
1215449,22233
1215641,19754
1216064,24934
1216192,25362
1216399,25954
1216598,21745
1216734,18558
1217043,27958
1217187,25793
1217354,25254
1217475,25659
1217596,20499
1218505,23752
1218672,23792
1218880,19576
1219061,18853
1219226,26706
1219513,21599
1219709,15453
1219926,19583
1220064,17703
1220286,22789
1220650,27398
1222226,22861
1222411,22828
1222592,21180
1222773,24277
1223208,20341
1223406,20210
1223589,20123
1223778,28143
1223896,19777
1224136,21029
1224422,20904
1228904,20769
1229216,29726
1229275,40864
1229330,29438
1229377,33353
1229424,34673
1229471,30683
1229518,39160
1229563,39534
1229609,39680
1230749,37629
1231096,21833
1231279,16212
1231475,20625
1231650,20344
1231852,20301
1232026,20197
1232204,31954
1233247,33829
1233422,30143
1233586,29198
1233749,27599
1234238,29546
1234410,34870
1234580,28315
1234743,27923
1234886,24832
1238577,24267
1238758,32909
1239141,27427
1239315,27116
1239586,27814
1239772,41173
1239871,25919
1240048,27068
1240230,27482
1240422,27852
1240607,29057
1240794,28897
1241093,27913
1241368,28806
1241644,27100
1245424,33713
1246117,33966
1246366,25925
1246590,24163
1246876,24014
1247108,25771
1247365,26514
1247440,26546
1247733,26202
1247904,35293
1249012,23479
1249197,23390
1249342,23790
1249485,23702
1250025,23213
1250170,23211
1250322,23422
1250459,23043
1250705,23031
1251062,22594
1251290,16402
1251620,15974
1251745,19051
1254215,25042
1254662,20128
1254882,21070
1254918,20133
1255678,20821
1256714,19952
1257056,19666
1257204,21189
1257391,21056
1257558,18300
1257697,20927
1257990,21117
1258118,14106
1258578,23832
1258797,23822
1258955,23710
1259172,23741
1259437,23523
1259850,22392
1260483,25243
1261378,23285
1261530,22626
1261669,22641
1261803,25900
1262020,22027
1262181,28750
1262337,23924
1262485,23785
1263596,23913
1264186,19912
1264370,21956
1264552,21539
1264736,21540
1264842,27779
1265260,19471
1265916,18868
1270542,13258
1271001,12914
1271041,13322
1273908,11109
1283350,10289
1283528,8973
1283664,7220
1286559,6190
1286696,6199
1286858,6241
1287025,5968
1288986,8652
1289167,8262
1289330,10046
1289486,9999
1289641,8134
1289797,9154
1289887,8819
1290040,7499
1290293,7598
1290448,8986
1290608,9015
1290760,14003
1291010,14214
1291166,8540
1291317,13187
1291468,9883
1291632,7903
1291794,24287
1291976,17276
1292125,21062
1292291,20852
1294477,15904
1294667,15879
1294859,19761
1295031,19408
1295196,15451
1295357,20751
1295651,23794
1295836,19090
1296010,24904
1296170,24688
1296451,13077
1296706,22875
1296890,27468
1297052,23071
1297218,23018
1300511,17890
1300664,19844
1300800,16660
1300877,17548
1301017,19546
1301173,19607
1301377,20079
1301546,17288
1301807,17183
1301886,16013
1302040,21237
1302287,17516
1302453,16045
1302595,16043
1302736,16042
1302847,18553
1302981,10244
1303129,14259
1303263,14021
1303421,15882
1307934,13574
1308114,13953
1308288,14272
1308453,14338
1308606,13718
1308767,12854
1308920,14107
1309082,12676
1310563,16812
1310740,12636
1310903,12577
1311802,15064
1311877,11802
1312151,14041
1312311,14208
1312467,14214
1312944,14294
1313284,13803
1313547,12392
1313783,11780
1314753,11980
1315884,9086
1315955,9417
1316114,9503
1316748,8763
1320975,6695
1325556,4425
1326231,4275
1328110,3190
1328681,5453
1328705,5193
1328888,4299
1329043,5820
1332130,4920
1332548,3193
1335947,5943
1336294,8687
1336472,7509
1336726,7641
1336769,7145
1337060,7948
1337238,15519
1337295,9190
1337409,6188
1337519,5490
1337638,8536
1337834,12260
1337878,7275
1338253,16728
1338370,8175
1338473,6019
1338626,8017
1339131,11234
1339197,5439
1339302,5798
1339859,8200
1339990,8631
1340237,11380
1340332,12223
1340446,9702
1340558,10641
1340663,12256
1340744,7208
1340901,10279
1341018,9538
1341157,9886
1341229,9651
1341318,8561
1341464,9565
1341554,7056
1341643,8655
1343215,8260
1344777,8840
1346764,8543
1346962,8142
1347096,5681
1348795,7001
1348874,4218
1349063,4203
1349685,5743
1351307,4864
1351662,5513
1352349,3559
1352582,4093
1356946,3280
1357231,4855
1357296,4899
1357457,7083
1357493,6718
1357547,5676
1357668,6467
1357961,5460
1358086,5389
1358381,4891
1358451,5089
1359597,4805
1360044,3989
1360239,3746
1365223,4092
1365574,5679
1365638,6099
1366088,3843
1366197,4688
1366991,8487
1367567,6985
1367903,3505
1367910,4526
1368162,9063
1368401,7676
1368532,7491
1368875,8236
1368997,9595
1369163,6002
1369179,10410
1369554,6334
1370430,8538
1370619,6934
1370762,8159
1371238,6836
1371298,7388
1372007,6414
1372273,7414
1372520,6333
1372659,8484
1373963,5869
1374351,5818
1374996,4934
1375208,6028
1375542,5794
1376618,5373
1376716,7423
1377776,4676
1378106,5949
1379269,4583
1379508,4406
1380019,4603
1382800,3883
1383223,3985
1383489,5970
1384298,4777
1384543,12152
1384596,11308
1384869,11579
1385103,5577
1385448,5155
1386332,5034
1386463,5081
1387218,7661
1387864,7600
1387871,12008
1388002,11763
1388030,12677
1388038,20393
1388112,19886
1388191,8824
1388336,10200
1388427,12474
1389566,10270
1389763,12950
1389781,14906
1389941,13424
1390164,12985
1390271,10616
1390374,12583
1390975,12635
1391219,11424
1391413,12072
1392432,12152
1392597,13166
1392725,11301
1393117,11098
1393258,11671
1393882,14066
1394141,12748
1394332,13561
1394700,10893
1395049,9280
1395653,11389
1395906,10676
1396122,10711
1396204,9714
1396940,9558
1397184,12025
1399946,8339
1401702,9603
1401729,11512
1401868,10191
1401979,11931
1402339,8024
1402513,10517
1402978,12180
1405303,8177
1406060,10589
1406941,7942
1407101,5891
1407787,6564
1408138,6335
1408572,15420
1408739,5536
1410775,3422
1410976,7148
1411289,6707
1411484,7432
1411658,6631
1411948,6810
1412482,8295
1412867,7759
1413208,8613
1413522,7042
1414048,7948
1414363,6781
1414667,5711
1417404,5782
1417563,10053
1418422,8733
1418523,11668
1418634,5505
1419078,7141
1419275,16012
1420047,7839
1420230,5976
1420950,12748
1421357,8553
1421618,6168
1421674,7693
1422091,7877
1423210,7655
1423358,6420
1423531,12003
1423739,5704
1423964,6730
1424174,7717
1424314,15583
1424521,11279
1424659,11326
1424864,12076
1425477,13169
1425626,13286
1425790,12445
1426016,9879
1426850,7747
1428601,14568
1429209,11683
1429573,7748
1429880,8420
1430024,7169
1430552,10903
1430770,9364
1431351,15829
1431421,6543
1431575,13205
1431675,15557
1432127,10138
1432401,11955
1432566,12720
1432883,15300
1433013,20892
1433097,16707
1433361,14758
1433420,11655
1435120,14104
1436552,12928
1436788,12505
1437362,12191
1437736,11947
1438099,17609
1438486,10933
1438792,16833
1439034,17312
1439280,16496
1439554,18381
1441143,15819
1441564,17091
1441941,14928
1441999,18342
1442167,15326
1442439,20433
1442625,15408
1442705,15283
1443273,14405
1443609,16222
1444014,14084
1444188,9395
1444745,11778
1446015,14068
1446178,13321
1446401,12488
1446747,13203
1446900,13506
1447035,12745
1447534,12203
1447798,11571
1447979,10805
1448306,11269
1448651,13344
1450210,16398
1450455,16073
1451011,16509
1451204,16036
1451257,15649
1451455,11182
1451560,15304
1452256,24163
1452516,15757
1452599,15597
1453043,27427
1453842,25913
1454005,26057
1454176,26824
1454258,20202
1454568,19726
1454805,20083
1454879,19662
1455043,19173
1455135,25078
1455319,18027
1459087,12553
1461712,11181
1462068,17236
1462175,12466
1462718,11887
1462930,11767
1463166,16028
1463554,15471
1463735,12980
1463858,21349
1464118,13810
1464233,17944
1465097,15032
1465187,15335
1465336,14581
1465451,14915
1465648,13852
1466011,21902
1466349,14085
1466929,20106
1467293,18080
1467571,19314
1467933,21061
1468061,17553
1468425,12203
1468751,10026
1468851,9873
1469692,8933
1469791,8657
1470313,13171
1470705,14973
1470826,30073
1471106,22941
1471893,16808
1472403,18500
1472526,20460
1472770,16031
1472875,14745
1473064,15568
1473712,15378
1474749,9336
1475145,21833
1475671,13063
1475833,30429
1475958,18242
1476065,19667
1477036,19877
1477194,21917
1477258,19458
1477486,21854
1477656,19429
1477761,22118
1478030,19533
1478238,19797
1483119,23079
1483207,19467
1483512,19230
1483653,16251
1483739,20931
1483858,14885
1484130,15131
1484237,18313
1484392,14646
1484500,25987
1484587,23931
1484673,17819
1484906,17691
1485226,14747
1488086,12168
1488317,16655
1489440,21096
1489690,18202
1490347,20088
1490626,19708
1490973,19310
1491081,16174
1491241,18886
1491367,18575
1491503,18078
1491793,17550
1491976,17135
1492215,16642
1493039,16850
1493247,17958
1494492,15892
1494953,15229
1495054,14357
1495370,15216
1495602,16377
1495734,16892
1495872,19916
1496188,16558
1496378,16692
1496751,13482
1497149,18211
1497468,20562
1497622,24705
1498112,19017
1499514,19983
1499753,21768
1499993,22181
1502839,18862
1502997,19404
1503336,15098
1503375,15927
1503457,14762
1503478,14695
1503866,14895
1505008,16357
1505497,12999
1505849,13081
1506123,13038
1506325,12986
1506734,10472
1506953,12579
1513720,10204
1514153,11302
1515058,10646
1515926,8518
1516360,4536
1516819,8714
1516979,6692
1517291,7058
1518246,7807
1518545,6815
1522857,4702
1522902,5338
1522968,6306
1523210,4893
1523540,4925
1523749,4129
1523903,6755
1524064,4175
1525557,4634
1525741,4915
1525771,5246
1525870,4699
1526065,4366
1526076,5186
1531584,5685
1531912,6437
1532375,4397
1532446,6180
1532628,4521
1532895,4911
1532909,5473
1533070,5795
1533178,7160
1533465,5323
1533664,5016
1534900,4073
1535637,3474
1536004,4104
1539153,5373
1539292,4625
1539327,4114
1539528,3720
1540631,5299
1540780,5206
1541142,5568
1542156,3880
1542345,5582
1542523,4783
1542715,5269
1542916,7336
1543034,5117
1543757,6282
1544171,6328
1544563,5518
1544870,6035
1545028,5489
1545036,6434
1545407,6277
1545542,5781
1545563,5987
1545600,6480
1546585,4637
1546786,5723
1552203,4365
1552347,4125
1552520,6025
1552637,4394
1552889,7035
1552975,5680
1553148,7052
1553289,10986
1553407,9234
1553568,30824
1553690,30646
1553956,9270
1554105,25001
1554292,11054
1554435,9290
1554662,29782
1554883,9218
1555036,6300
1555748,31405
1556026,21879
1556225,13490
1556377,28170
1557380,12457
1557523,12419
1557659,13465
1557795,30004
1558209,29530
1558353,26143
1558488,17935
1558683,18259
1558858,17429
1559007,17712
1559399,18402
1559589,18012
1559783,17759
1559857,18150
1560014,17171
1560234,18005
1560396,17299
1560517,17825
1561601,17195
1561763,15317
1561871,18335
1561912,9115
1564367,11677
1564525,44093
1564695,13412
1565166,72243
1565378,15629
1565999,12513
1567047,22393
1569414,19735
1570637,19558
1571505,48063
1571991,25421
1572086,61247
1572172,19164
1572336,47317
1572527,40988
1572786,33136
1572878,41038
1573066,40040
1573223,41708
1573416,41650
1573602,42633
1573710,41656
1573941,45041
1574111,55203
1574271,16226
1574638,31411
1574695,31060
1575113,51973
1575317,32298
1575324,26606
1576154,29129
1576726,28773
1577438,26067
1578619,27369
1578912,27369
1579206,27529
1579397,29279
1580313,28405
1580502,43996
1580667,44730
1580831,44959
1580915,44376
1581119,46006
1581126,48803
1581280,46135
1581305,43075
1581440,48253
1581481,46174
1581591,46951
1581658,64269
1581742,47330
1581906,68877
1582063,66554
1582214,66242
1582366,66970
1582523,67873
1582681,47880
1582857,47795
1582892,68477
1583012,68063
1583080,68145
1583163,75720
1583262,47538
1583323,46600
1583493,47754
1583653,47444
1583754,49209
1584066,48852
1584641,48149
1585072,47659
1585214,47680
1585354,67235
1585492,47695
1585630,47611
1585775,49354
1585919,49740
1586052,49660
1586184,49578
1586311,54171
1586565,50324
1586752,49186
1586765,50470
1586951,50128
1587546,42855
1587763,34117
1587877,77091
1588061,42698
1588204,42945
1588323,42875
1588482,42355
1588616,42974
1588846,44632
1589239,44313
1589386,44240
1589581,44116
1589857,40254
1589884,45729
1589909,45914
1591645,44658
1592160,46575
1592530,36355
1592713,38200
1592887,58015
1593313,53897
1593934,34664
1594019,40856
1594413,57363
1594787,58388
1594922,41634
1595097,40466
1595261,41348
1595417,55060
1595577,45045
1595907,39057
1596645,53580
1596829,52611
1596996,55334
1597171,55584
1598549,50093
1598574,50636
1598751,59715
1598961,43309
1599136,53255
1601580,50805
1601761,42639
1601946,56060
1602113,47502
1602300,45015
1602461,49976
1602625,56275
1602783,54052
1603026,47284
1603433,49977
1603608,45105
1603770,47742
1604534,59392
1604710,40864
1604886,54842
1605053,47754
1605216,43756
1605377,47552
1606182,46926
1606607,45121
1606896,22882
1607670,55658
1607938,55567
1608081,55300
1608239,59297
1608381,44076
1609637,56545
1610253,43483
1611324,42707
1611719,42397
1611903,42474
1612043,42416
1612178,42732
1612313,45383
1612447,41200
1612590,43387
1612723,42806
1612847,43627
1612996,45015
1613136,51906
1613267,45108
1613400,41036
1615157,42939
1615329,42833
1615497,49430
1616059,42483
1616325,42952
1616497,61727
1616874,62542
1617047,57088
1617215,60316
1619080,54116
1619259,54486
1619428,54055
1619879,54381
1620139,54190
1620892,53317
1621191,53243
1621348,42081
1621516,63719
1621683,38013
1622027,38652
1624692,35628
1624916,37032
1625906,48478
1626897,50439
1627225,50687
1627967,49437
1628205,49761
1628372,33996
1628620,40977
1629170,58032
1629333,44657
1629493,41952
1631818,42103
1632003,32910
1632231,54925
1632373,56224
1632515,54534
1634769,49314
1635005,48978
1635329,49987
1636394,46778
1636744,50209
1637000,45883
1637285,50771
1637602,64655
1638807,40689
1638990,40954
1639130,40794
1639272,47606
1639423,40700
1639564,41696
1639699,62029
1639837,62559
1639969,64782
1640188,65122
1640364,61840
1640514,59141
1640661,62100
1640889,61690
1641054,61623
1641180,61347
1641858,44411
1642351,60688
1642539,61786
1642710,59918
1643414,43359
1643718,42181
1643897,58255
1644736,43007
1644915,42486
1645073,46203
1645317,60831
1645486,36382
1645644,36959
1646035,36625
1646321,37843
1646493,51065
1646674,50106
1646873,52025
1647065,60085
1647401,57025
1647605,58241
1647678,38935
1648020,48511
1648236,58146
1662181,33504
1662402,28745
1662561,34481
1662700,33909
1662857,36104
1663002,34123
1663125,34959
1663262,38517
1663483,36268
1663893,37622
1664122,37540
1664777,35277
1665121,36449
1669431,32876
1669678,29380
1670009,22590
1670174,27912
1670407,42143
1670571,42156
1672299,46363
1673287,45518
1673570,32876
1675189,38815
1678323,37332
1680083,27434
1680249,34350
1680361,35224
1680511,17338
1680655,32990
1680790,37570
1680893,38491
1681032,40118
1681207,41524
1681501,43702
1681934,40423
1682725,34692
1683309,32578
1683372,33015
1683410,35581
1683462,36042
1683498,33227
1683604,27976
1683644,28029
1684709,34266
1685021,32866
1687231,23502
1687472,23717
1687624,31399
1687773,32363
1687902,30147
1688086,29090
1688309,22883
1690693,26866
1691022,22350
1691384,28255
1691579,26195
1691778,26684
1691949,26027
1692111,29994
1692291,29736
1692877,28707
1693259,28835
1693276,31398
1693528,26994
1693688,31639
1693856,32721
1693971,26641
1695137,31683
1695359,35251
1695575,34926
1696793,32737
1698723,26430
1699302,25781
1699450,34642
1700194,30306
1700344,26562
1700488,31189
1700632,26130
1700768,26427
1700920,33394
1701055,33513
1701187,27815
1701322,33388
1701894,33811
1706243,29662
1706534,25632
1706787,24145
1706901,26993
1707178,24003
1707404,19966
1707471,20727
1707731,19995
1707773,20341
1707999,19477
1709868,19486
1710157,17975
1725657,11010
1725866,10750
1726096,11499
1726232,11341
1726370,9137
1733079,3803
1733763,6966
1733838,6571
1734268,5313
1734885,13147
1735056,11221
1735228,12660
1735399,11063
1736909,7457
1737166,6343
1737305,9626
1737977,7656
1738126,7959
1738168,9811
1738260,9695
1738540,9426
1738550,9574
1738792,9826
1738832,10205
1739019,9091
1739106,11920
1739292,10247
1739521,10685
1739659,9547
1740241,10261
1740484,8901
1740924,5099
1741428,4445
1743846,6580
1744562,6030
1745734,5771
1746590,5168
1746919,5480
1747460,4842
1748256,5742
1750751,5284
1752584,5246
1752743,5255
1752979,9366
1753266,8981
1753333,8731
1753667,5137
1753831,8855
1755202,7604
1756264,8493
1756737,10283
1756967,6805
1757323,5602
1757656,9233
1757827,6632
1757984,10965
1758449,5882
1758625,7473
1759189,7759
1759259,8718
1759509,8875
1759572,10799
1759622,12858
1759674,10563
1759720,10981
1759765,10332
1759827,11803
1759894,7191
1760085,8382
1760264,8007
1760986,7676
1761228,4240
1761417,3901
1761638,6009
1761861,6199
1768780,4543
1769699,3750
1770851,4946
1771342,7436
1771498,4638
1771551,6198
1771780,5132
1772106,5570
1772569,4474
1772743,6376
1773699,5477
1774029,4501
1774514,5582
1774996,4625
1775025,3262
1775202,5583
1775388,5083
1776179,4792
1776289,5051
1779229,4782
1779352,4970
1779487,4188
1780177,4040
1780445,4184
1781323,3225
1781481,3544
1781590,4078
1781790,4248
1782047,5934
1782274,5208
1782606,4293
1782795,4767
1785493,5759
1785677,5290
1785841,4444
1786006,6547
1788499,4423
1788672,4801
1788937,5173
1788986,4728
1789188,3978
1790247,5248
1791451,3728
1792062,3284
1792664,4290
1793222,5253
1793501,4239
1793767,4436
1795308,5622
1795566,3944
1795849,5558
1796029,6215
1796547,5445
1796621,6364
1796752,5994
1796945,5986
1797315,9760
1797454,9547
1797613,8700
1797788,7203
1798032,5499
1798231,5967
1798699,4916
1798916,4836
1799093,8962
1799748,6251
1800575,7915
1800803,8097
1801035,8570
1801162,7808
1801511,8788
1802277,6099
1802430,6676
1802457,6588
1802626,4994
1803899,6390
1806019,4120
1806617,6537
1807110,6879
1807901,5891
1808663,4206
1810785,3742
1811248,4946
1811444,3672
1812113,3671
1812499,3963
1812933,4387
1813229,5478
1813475,8793
1813835,4698
1814193,4761
1814465,5122
1816437,4044
1816651,4504
1816721,5158
1817049,5638
1817492,4925
1817872,6105
1818214,5971
1818448,7080
1818628,5835
1818962,7394
1819140,5840
1819280,6984
1819429,7476
1819716,7279
1819906,7106
1822903,4764
1822937,3100
1823389,4253
1823446,5278
1825612,3723
1826625,4368
1827408,6504
1827449,5763
1827580,5983
1828766,5375
1829770,5518
1830084,3637
1830294,7931
1830419,4021
1830690,6565
1830973,5914
1831098,5816
1831213,7213
1831348,6619
1831480,6262
1831619,7034
1831736,7202
1834663,5247
1834971,5422
1835143,6742
1835498,7147
1835737,7158
1835943,7856
1836244,6643
1836376,8751
1836661,10137
1837529,7185
1838083,6840
1838274,9377
1838466,7766
1838717,7226
1838986,6887
1839231,6939
1839582,6812
1840937,5638
1841062,6693
1841554,7831
1841861,6049
1842103,4942
1842342,7197
1842479,6232
1843049,6018
1846286,3914
1846681,7174
1847014,8125
1847277,10671
1847430,7465
1848231,8459
1848294,6559
1848401,6812
1848747,6201
1852241,6758
1852424,6518
1852687,6196
1853178,6555
1853435,7578
1853705,8603
1854018,12450
1854127,9338
1854396,6684
1855206,14146
1855606,10496
1856773,10166
1856976,11254
1857120,15737
1857284,7057
1857436,10195
1857587,9217
1857831,13382
1857840,13503
1858583,11905
1859043,11195
1859183,11107
1859303,11808
1859457,11603
1859620,11369
1859757,9036
1859854,9687
1860012,7245
1860580,9046
1860723,9917
1860873,9467
1861359,9431
1861569,11664
1861743,8288
1861838,8903
1862019,8420
1862166,8852
1862304,8389
1862468,7922
1867597,6415
1867857,6178
1868349,7704
1868538,7598
1869383,11692
1869860,8348
1870070,8085
1874264,6294
1874665,5943
1875011,6285
1875156,8366
1875288,9121
1875418,6622
1875534,8428
1875688,8388
1875850,9660
1876940,6325
1879077,5245
1879250,6907
1879405,5319
1879562,5938
1879721,6736
1879864,8298
1880020,5335
1880173,10211
1880373,8009
1880527,9578
1880679,7806
1880899,7047
1882050,8343
1882463,11582
1882516,12041
1882561,9641
1882614,11480
1882661,9890
1882718,7480
1883162,9769
1883347,9043
1886751,7243
1887036,6873
1887585,6759
1887741,6402
1890462,11228
1890982,5908
1891128,5583
1891276,5559
1891443,8945
1891601,11384
1891755,7790
1891844,7648
1892041,6364
1892230,17895
1892578,14135
1892750,14507
1892904,15434
1893026,15214
1893338,13789
1893570,14861
1893752,13617
1894178,17826
1895250,14660
1895396,15902
1895530,22363
1895679,17907
1895821,21841
1896004,14509
1896542,20783
1897276,10630
1897423,17734
1897572,10527
1897704,19821
1897844,12419
1897977,17572
1898110,16439
1898243,14469
1898376,12298
1898513,9043
1898644,11965
1899059,18364
1899977,17794
1900119,17758
1900299,18867
1900459,13588
1901350,24893
1901514,24494
1903104,22374
1903277,21396
1903433,15536
1903582,17357
1903742,17258
1904217,18678
1904421,14618
1904587,14503
1904754,19832
1905093,19920
1905256,19903
1905415,18310
1905641,19089
1905884,19050
1906281,20170
1906453,20067
1906620,18932
1906909,16545
1907012,17147
1908719,18336
1908958,14187
1909116,13513
1909266,13601
1909418,13532
1909711,15963
1909871,13352
1910037,16847
1912064,16596
1912426,14213
1912588,13157
1912802,13415
1913872,13361
1914134,12134
1914293,13004
1914456,12911
1914623,10604
1914785,10507
1914954,10453
1915554,11967
1915720,10263
1915900,14097
1916072,11669
1916240,10638
1928657,4813
1928866,4306
1928990,6950
1929146,5201
1929377,5574
1929481,5542
1929621,5703
1929714,6712
1930361,4410
1930543,5672
1930691,6692
1930835,4756
1931887,5233
1932039,4367
1933987,3863
1937703,5143
1938411,5612
1938979,6861
1939310,8734
1939480,4193
1939689,5509
1940054,4747
1940227,7765
1940552,7542
1940874,8034
1941111,4490
1941209,7036
1941285,5632
1941627,6308
1942111,6341
1942194,6591
1944145,6251
1944513,7242
1945341,6332
1945504,6387
1945949,4995
1945973,5147
1946286,6249
1946360,6164
1946560,6671
1947037,5320
1947186,6455
1949160,5374
1949207,6186
1950104,4302
1950438,5218
1952596,6204
1952923,8009
1953378,10869
1953680,8918
1953897,10463
1954021,9070
1954372,6661
1954600,10437
1954743,18702
1955113,9067
1955458,21425
1955703,16451
1955964,17209
1956272,9617
1957045,15577
1957192,5179
1957890,16524
1958299,18659
1958439,18623
1958616,13593
1958779,11860
1958885,11271
1958968,14528
1958996,12274
1959736,14476
1959900,12964
1960092,12623
1960264,7460
1960418,16593
1960550,11348
1960722,15646
1961203,11313
1961464,14954
1961652,15436
1961851,14647
1962012,16137
1962772,13180
1962863,12768
1962896,13129
1962926,12086
1962951,11213
1965166,10320
1965316,11318
1965463,12946
1965612,12492
1965957,8971
1966106,11803
1966244,8631
1966373,8710
1966796,11728
1967254,11085
1967412,12571
1967458,12733
1967544,13838
1969243,11822
1973130,4056
1979517,4419
1979557,5358
1979606,4102
1979781,5562
1980461,4208
1981590,3891
1981635,6532
1981802,8289
1981872,7564
1982242,5279
1982288,10608
1982355,4270
1982706,7881
1982974,8590
1983141,8547
1983803,6858
1983975,8062
1984123,7431
1984459,6927
1987187,5984
1987195,6164
1987444,10817
1987883,6154
1988045,8017
1988494,5738
1988884,7608
1989055,6206
1989265,5749
1991160,5568
1992251,4646
1992422,7731
1992582,6336
1992773,9285
1993787,5961
1993849,5854
1993901,6780
1994475,7895
1994547,7879
1994597,13502
1994652,10974
1998734,6664
1998906,8136
1999045,8275
1999181,8190
1999322,7876
1999454,8327
1999591,7501
2000266,7154
2000409,7278
2000575,7802
2000718,7794
2000865,7033
2001000,6637
2001133,7588
2001271,8342
2001403,6564
2001533,8133
2001663,4512
2001781,5196
2005721,5542
2006190,5702
2006450,5729
2008551,5785
2008954,4313
2011150,7515
2011261,6750
2011500,3862
2011615,6462
2012594,4566
2012775,4550
2013205,4555
2013634,5626
2013914,3759
2014156,5425
2014973,7980
2015266,7975
2016086,6334
2016192,7249
2016281,9181
2016655,9134
2016739,6908
2018250,7681
2018393,5514
2018576,10953
2018690,10980
2019300,4777
2019892,4771
2020175,4348
2020342,5276
2020431,6183
2020724,4181
2021195,8266
2021651,8418
2021888,7129
2021940,6937
2022172,6163
2022409,5826
2024878,6133
2025920,4406
2026343,5323
2026769,9275
2026981,9119
2027172,4024
2027493,4851
2028499,5220
2028792,7334
2029311,4899
2031160,6097
2031494,6195
2031888,4577
2034286,5268
2034361,6974
2034759,6826
2034802,4195
2035338,4963
2035870,6512
2036157,5849
2036344,5753
2036739,5760
2037516,4920
2037698,6640
2037865,6747
2037981,6405
2038034,8200
2038194,4984
2038693,4890
2038872,4402
2039176,7488
2039578,4837
2040008,7152
2040161,5190
2040297,5657
2040604,5032
2040865,4629
2042039,5028
2043790,4973
2047416,5742
2047630,4444
2047780,4780
2047953,4698
2049436,3933
2049656,4099
2050516,5086
2050855,4390
2051060,4118
2051643,4411
2051845,5556
2053662,5367
2053883,5008
2053919,6540
2054056,4894
2054306,5546
2054588,6978
2054742,5557
2055305,4440
2055374,3928
2056790,5509
2057331,5323
2057888,4856
2058069,4101
2058120,4065
2059181,5813
2059266,4809
2059426,4884
2060739,4807
2061206,4387
2063463,3373
2063628,3418
2064248,5144
2064298,4969
2064491,5064
2064531,4027
2064552,5367
2064627,4371
2065494,4235
2066585,6008
2066738,4725
2067120,4878
2067231,3245
2067711,3420
2069227,4842
2069715,4409
2070890,3612
2071260,3324
2071570,6418
2071749,4536
2071976,6043
2072131,4997
2072383,5926
2072640,4346
2073684,3674
2075250,4553
2075277,4304
2075583,3736
2076024,4054
2077359,3548
2078225,5812
2078425,5868
2078828,3657
2080192,4817
2080272,5610
2080442,5988
2080493,7122
2080682,5324
2080947,5856
2081175,5083
2081404,5322
2081675,5573
2081796,4993
2081889,4608
2082053,5341
2082461,5488
2083864,4472
2084068,5241
2084911,4391
2088867,3394
2089063,3819
2089660,6089
2089664,7250
2090147,5554
2090201,5308
2090668,5299
2090755,5727
2090921,6048
2091055,8858
2091741,4944
2092953,7837
2093266,7646
2093451,8699
2093618,8586
2093760,11100
2093945,8641
2094087,10026
2094296,13607
2094958,8716
2095272,7646
2095480,13972
2095760,6909
2095988,8059
2096167,6233
2096315,12578
2096521,7970
2096721,12243
2096868,12166
2097011,12581
2097153,12105
2097274,12121
2097412,15095
2097607,14293
2098146,13550
2098740,13818
2098781,13284
2099960,12830
2100489,10860
2100650,10104
2100848,9686
2101054,9355
2101223,12120
2101365,10482
2101499,10152
2101651,10653
2101918,11022
2103170,8377
2103716,7774
2103930,6547
2104146,8112
2110785,5383
2111046,8066
2111186,4910
2113008,12355
2113062,8964
2113394,5156
2113502,5231
2114614,4553
2115141,9353
2115290,4439
2115438,8648
2115669,9325
2115801,8541
2119749,5134
2119918,4476
2120058,4669
2120188,11764
2120325,9719
2120467,12427
2120605,13310
2120745,12197
2120918,11136
2121061,12148
2121200,13796
2121342,13192
2121482,13476
2121617,11335
2121750,13156
2121883,10136
2122021,12357
2122160,8080
2122294,8967
2122425,12531
2122562,20116
2122688,14075
2122838,17832
2122979,22471
2123111,14831
2123248,14932
2123381,13570
2123517,19217
2123650,18172
2123790,17775
2125465,22201
2125645,21600
2125786,22011
2126021,21864
2126190,22864
2126423,20887
2127109,19967
2127627,24612
2128039,18968
2128188,20424
2128327,20518
2128468,21567
2128768,20854
2128934,20255
2129004,22588
2129854,19292
2130440,18940
2130658,21895
2131050,21920
2131339,20966
2131481,21437
2132457,15275
2132672,18554
2133394,15173
2133632,20738
2133778,19930
2133883,20842
2133956,19635
2133978,14683
2137473,15946
2137749,18133
2137954,17654
2139025,19439
2139926,9681
2140162,10134
2140311,10977
2140446,14771
2141165,9036
2141294,9670
2141435,9279
2141595,12679
2144716,17323
2145049,29248
2145102,29566
2145167,14198
2145277,14925
2145897,14724
2146063,14395
2146200,12535
2150373,24952
2150411,12290
2153817,11279
2154416,7736
2154623,6979
2154758,7662
2154925,7019
2155280,7283
2155443,7815
2159596,5550
2160008,4939
2160178,15568
2160462,25869
2163342,12315
2163540,9520
2163699,10416
2163873,12745
2164040,12352
2164749,9286
2165449,6806
2165632,6823
2166050,5672
2166250,6964
2166867,5774
2167082,7871
2167288,5517
2167474,10526
2167615,10435
2167789,10104
2167961,7137
2168000,8537
2168032,7677
2168355,7838
2168550,9341
2168838,6643
2169126,6231
2169276,5997
2170704,7243
2170961,8072
2171126,10619
2171268,10531
2171429,10785
2171553,11052
2172291,9393
2172483,13738
2172887,9491
2173527,8636
2173678,11155
2176326,8433
2177688,9381
2178009,9113
2178146,8176
2178413,6516
2178602,7249
2178744,7629
2180980,8529
2181428,5042
2181942,4579
2182435,6654
2182637,6562
2182781,6173
2183486,6402
2183961,5723
2184459,5712
2185020,7895
2187464,5710
2187672,5067
2188080,6470
2188237,5635
2188379,6742
2188521,4913
2188666,8534
2188788,6225
2188832,5280
2188856,5906
2190911,4004
2191151,5738
2191180,5552
2191199,5867
2191232,9569
2191263,6097
2191291,5834
2191309,6824
2191329,6341
2194227,7568
2194383,6661
2194583,10609
2195537,5692
2195835,10112
2196023,5320
2198879,6720
2199044,5236
2199202,4011
2199385,6939
2199993,6497
2200170,7999
2200327,6730
2200478,7751
2200637,6714
2201623,7167
2202027,7086
2202329,5444
2202371,13850
2202408,10233
2202442,10901
2202475,11581
2203010,6336
2203170,6039
2203556,9030
2203600,13034
2203630,9769
2203668,9552
2203695,10173
2206067,11053
2206231,7490
2210756,6024
2210946,6802
2210998,11847
2211152,5574
2211295,5184
2211436,8985
2211568,8430
2211729,11911
2211855,7687
2212003,11823
2212140,7345
2212272,12381
2212414,8740
2212711,9915
2212978,10140
2213437,10142
2213901,5839
2214590,7072
2215186,7066
2215337,7845
2217258,6500
2217789,8607
2217997,6726
2218794,7070
2219309,7166
2219572,6537
2219831,6793
2220042,6719
2220219,6336
2223845,3586
2223982,6638
2224378,4743
2224895,5031
2225612,4370
2226829,4255
2227434,3959
2227662,4516
2227840,3953
2227867,5813
2228085,5091
2228362,6026
2228679,3991
2228733,5537
2228860,5473
2232979,3757
2233241,4369
2233535,4772
2233746,4859
2234887,5913
2235230,5213
2235365,4646
2235511,5595
2235575,5779
2235885,5297
2236186,7901
2236450,7629
2236620,6628
2236768,4557
2236884,6565
2237127,6893
2237235,6069
2237672,6333
2238320,5845
2239110,9452
2239265,4091
2239800,6172
2239837,3996
2240954,6086
2241462,4398
2241816,4498
2242227,6327
2242276,5980
2242593,4754
2245865,4689
2246083,5338
2246131,6422
2246463,5340
2248193,5578
2248469,4234
2248943,3846
2249271,4254
2249887,4270
2249998,4506
2250143,4546
2250297,4581
2250537,4030
2251063,3567
2251463,7312
2251788,3873
2251885,3461
2255405,5021
2255699,4047
2256508,6823
2256745,5759
2257036,6995
2257228,4548
2257883,7052
2258893,7194
2258940,6236
2258958,3691
2259271,7737
2259433,5752
2259583,7536
2259798,7266
2259990,4681
2260256,4874
2261875,10761
2262025,6207
2262167,8178
2262289,7676
2264343,5366
2265294,3658
2265457,4822
2265597,4867
2265762,6644
2266121,8237
2266333,6566
2266475,10732
2266622,11589
2266896,15309
2267057,13683
2267192,12737
2267446,6800
2267602,9908
2267792,6257
2267975,9589
2270746,8549
2271022,15235
2271262,6236
2271307,7929
2271347,6403
2271750,9867
2272034,8349
2272195,10867
2273290,8255
2273501,8171
2273753,7981
2273895,9377
2274085,12972
2274404,12485
2274627,9123
2274783,12872
2274908,12028
2275271,8276
2279451,6883
2279722,7713
2280174,5984
2280750,5704
2280795,9584
2280835,9615
2280865,7536
2280895,10921
2280923,8088
2280956,10579
2281703,6313
2281867,5536
2282025,6233
2287640,5218
2288052,5286
2288688,4589
2288785,6539
2288807,5198
2289044,3877
2289942,3351
2290109,5568
2290259,5474
2291064,4432
2291617,9673
2291661,9400
2291727,6963
2291821,9089
2291855,7928
2291888,8145
2291921,10538
2292351,5708
2292580,6990
2297588,5777
2297778,8050
2298252,5685
2298397,8565
2298399,9656
2298523,7114
2298666,7938
2298795,10381
2299229,9555
2299389,11153
2299613,9000
2299867,7606
2300060,12838
2301117,4967
2301604,9277
2301657,9655
2301696,8604
2302710,8310
2303078,9137
2303359,9972
2303974,9591
2304143,10127
2304521,9186
2306928,4875
2307865,7754
2307903,11039
2307934,10001
2307964,11236
2308003,9576
2308044,10499
2308068,11364
2308086,11093
2308880,5500
2309525,4948
2309689,6352
2310697,6364
2310957,5911
2311236,9075
2312932,7742
2313887,6104
2314737,4997
2318204,5923
2318501,5929
2318753,5733
2319026,5979
2319239,5828
2319382,5744
2320055,7611
2320244,6016
2320411,6135
2320580,6987
2321086,8595
2321237,6534
2321302,6178
2321436,6097
2321586,7195
2321826,8965
2322032,8158
2326078,8868
2326152,7519
2326374,6519
2326487,9700
2326840,5062
2327715,8031
2328377,10694
2328420,10746
2328465,10812
2328511,10695
2329043,8742
2329076,9630
2329095,8378
2329151,9739
2329331,9216
2329562,8359
2329617,9570
2329788,8669
2330968,7909
2331484,7015
2332515,8450
2333287,6901
2335044,5284
2336055,4884
2337201,4995
2341048,6739
2341080,9164
2341228,7786
2341373,4592
2341877,10328
2341934,10210
2342112,5976
2342289,5988
2342434,9620
2342477,4632
2342580,7085
2342840,5495
2343074,9849
2344334,7789
2344554,9407
2344692,8791
2344903,7125
2345160,7156
2346653,7281
2346735,10387
2346786,11229
2346850,14018
2346907,14087
2346959,14289
2347010,15570
2347058,13620
2347106,13569
2347171,12293
2347253,16473
2347513,5182
2348569,8908
2348743,8578
2349116,14544
2349293,14497
2349480,13125
2349653,10551
2349838,11673
2350015,9788
2350199,9545
2350393,9127
2358038,3948
2358503,5485
2358651,5290
2359974,4979
2360126,4203
2360335,4395
2361891,3532
2362103,3783
2362641,4030
2362718,5905
2362883,6292
2363001,7426
2363108,6404
2363194,6499
2363281,5400
2363431,6486
2364633,4153
2367342,3793
2367478,4176
2367616,4151
2368004,3883
2368470,4637
2368973,4900
2370006,3915
2370045,3982
2372506,5342
2374545,4019
2374784,8162
2374848,4019
2374876,4165
2375043,5836
2375310,6827
2375862,5796
2376121,5172
2376403,5922
2377732,5346
2377959,5176
2378685,5748
2378824,6510
2378964,5558
2379090,5182
2379130,6523
2379271,6164
2379415,6555
2379764,5734
2379897,5997
2380166,5023
2380314,4716
2380998,4781
2383559,4092
2386071,3826
2386307,3953
2386416,5743
2386629,4920
2387247,5556
2387926,3682
2388654,6426
2388917,4742
2389027,3989
2389465,6405
2390355,5229
2390493,4508
2390676,6030
2390783,7149
2390897,5542
2391794,6281
2392148,5844
2392376,6524
2392525,7512
2392643,5918
2392991,5924
2393143,5999
2393540,5659
2396186,3712
2396354,4880
2396476,5938
2396594,4119
2396802,5280
2396944,7626
2397684,4549
2400339,4350
2401335,4873
2402133,6039
2402463,5411
2402573,4317
2402833,4753
2403239,4439
2404731,4158
2405031,5433
2405100,4959
2405262,4648
2405367,5334
2405480,8125
2405950,7159
2406300,6275
2406443,6273
2406641,5636
2407009,6579
2407729,4724
2408052,6006
2408203,5059
2411059,3658
2411236,4081
2411938,5333
2411984,4901
2412655,4011
2413910,3839
2414097,3917
2414217,4453
2414578,5916
2415096,4891
2415151,4704
2415306,5608
2418396,4145
2418799,5496
2418845,5938
2418864,5939
2419065,5877
2419259,4620
2419606,4538
2419797,6120
2420549,4726
2420976,5122
2421347,5646
2421943,4558
2422214,6038
2422297,4140
2422575,6023
2422583,6510
2423797,5690
2424414,5500
2427253,4202
2427817,6185
2428200,5199
2428364,5310
2428513,5883
2429113,6827
2429565,6145
2430319,3835
2430369,5522
2430700,5066
2431954,5339
2431994,5489
2432064,4924
2432215,6494
2432919,8870
2433083,4504
2433427,6622
2433592,5802
2433741,5588
2434225,4017
2434759,3862
2434928,3422
2435690,4560
2436370,3934
2436793,5944
2437353,5825
2440005,3870
2440147,4785
2440722,3564
2441162,5179
2441395,6269
2441515,6067
2441623,5151
2442948,6094
2444204,6051
2444342,4889
2444497,10344
2445289,6959
2445443,5775
2445495,6123
2445655,4412
2446073,8331
2446625,6315
2446779,6641
2447010,5139
2447943,6208
2447989,8108
2448011,8453
2448030,8486
2448066,7229
2448103,7502
2448155,6969
2448176,6073
2449979,6925
2450496,6521
2452204,4917
2453279,4046
2454042,4029
2454384,3992
2454942,8291
2455249,8377
2455572,8166
2455653,5448
2455876,7683
2459079,6708
2459280,6844
2459473,5823
2459754,5004
2460092,8173
2460263,8934
2460447,11920
2460586,12831
2460720,12735
2461331,5770
2461477,7899
2461638,14030
2461992,9965
2463796,10278
2463834,11522
2463912,9892
2464064,8651
2464214,9306
2464336,9413
2464452,8585
2464592,11422
2464789,9183
2464881,11271
2465122,9924
2465326,9032
2465480,11814
2465618,14007
2465846,9424
2465994,12719
2468451,13409
2468492,13655
2469005,9744
2469423,12581
2469663,11664
2469916,18533
2469952,16134
2469996,17940
2470032,15225
2470063,15898
2470599,9546
2470765,12361
2470918,10462
2471054,6189
2472084,13808
2472751,13273
2474176,14344
2474393,13517
2476435,12244
2476826,12094
2478512,10084
2479446,9464
2479673,6271
2479890,9104
2482270,6797
2482428,5804
2482582,9888
2482732,9594
2482888,9500
2483034,9912
2483180,8935
2483374,8889
2483798,4540
2484219,7473
2484357,8264
2484490,8194
2484629,7571
2484775,7756
2484859,6662
2485005,6390
2485631,7262
2489522,4989
2489667,4553
2489758,4181
2490087,5641
2490324,4793
2495727,4387
2495781,5563
2495856,4313
2496011,4324
2496062,4645
2496094,3996
2496859,5007
2497007,3647
2497219,4148
2502107,3562
2502464,3829
2502616,6580
2502770,6502
2503525,6276
2503561,5560
2503980,7574
2504785,3900
2504905,8155
2505283,7643
2505328,5559
2505491,5599
2505901,6706
2506084,5874
2506397,6378
2506583,5722
2506594,7393
2506862,5818
2507595,5979
2508665,5380
2509347,4765
2509649,3914
2509884,5608
2510152,4194
2510390,4849
2510508,4161
2512920,3300
2514356,3533
2514737,3773
2515523,3890
2515744,4850
2516722,5216
2516775,7726
2517001,5188
2517258,5796
2517387,5111
2517500,5745
2519181,6699
2520103,7010
2520264,7137
2520394,10723
2520620,8465
2520775,7408
2521064,8638
2521242,7780
2521403,5394
2521882,9806
2522249,7347
2522718,9478
2523288,6670
2523457,10053
2523631,9447
2523991,8243
2524373,8003
2524515,9143
2524681,8290
2524862,8775
2524983,8453
2525692,7904
2526202,7004
2526581,8065
2527431,5856
2527642,8878
2527792,6914
2528313,7776
2528467,7569
2530372,5984
2530517,5678
2530653,4721
2530807,5599
2534218,5035
2534735,8144
2535200,3718
2535731,5357
2537639,9333
2537794,8279
2537834,8109
2537975,7686
2538237,5844
2538355,7385
2538489,7534
2538620,7502
2538764,11872
2540034,17211
2540207,16520
2540367,34939
2540526,13248
2540691,17216
2540863,14372
2541028,28205
2541187,27331
2541345,27862
2541503,18540
2541660,27062
2542144,17236
2542297,17863
2542437,18494
2542570,10065
2542709,25708
2542854,20062
2542989,30744
2543120,25071
2543276,15608
2543449,30752
2543612,16648
2543881,16475
2544045,24271
2544993,24362
2545163,20764
2545326,28770
2545493,23971
2547749,33143
2548426,35271
2548597,34478
2548734,20858
2548929,20874
2549071,21039
2549203,21009
2549619,20073
2549776,23233
2549936,35971
2550056,27261
2550192,27232
2551861,27985
2553243,22236
2553393,24224
2553528,21868
2553667,22077
2553816,14808
2553953,14899
2554100,15039
2554235,29125
2554367,20617
2554505,29076
2554643,29217
2554780,36904
2554849,33459
2554984,29117
2555125,28346
2555265,28941
2555397,28955
2555537,27393
2555684,36104
2555891,36142
2556034,34844
2556180,32210
2556313,32043
2556446,35131
2556575,26139
2556718,25390
2556967,31956
2557805,37663
2557987,34148
2558170,37182
2558313,29182
2558791,40591
2558979,33244
2559249,42833
2559475,42812
2559633,40162
2559876,42035
2561020,36948
2561181,40829
2561338,40840
2561495,37139
2561649,37102
2561833,38574
2561996,42432
2562154,42388
2562315,46995
2562480,46696
2562960,46447
2563121,47182
2563257,46258
2564685,47870
2564990,49644
2565161,48365
2565322,56800
2565481,83110
2565652,48574
2565841,68849
2566004,58898
2566163,55909
2566333,50975
2566496,68067
2566662,50999
2566848,51241
2567027,55500
2567200,54818
2567366,54596
2567531,49537
2567699,54206
2567867,49602
2568026,48947
2570760,48615
2570904,46897
2571066,46903
2571232,53797
2571386,55499
2571549,46835
2571708,37216
2571911,46325
2572080,46438
2572249,46401
2572404,46337
2572573,46313
2572739,46589
2573918,51059
2574299,45938
2574465,47388
2574632,47280
2574781,47879
2575077,47633
2575238,33802
2575581,34128
2575862,34242
2576026,48342
2576234,33381
2576404,64070
2576582,64197
2576752,62498
2576957,64539
2577125,47056
2578322,46385
2578474,47066
2578612,46980
2578746,45838
2579036,46606
2579236,48643
2579373,30837
2579506,62562
2579655,62887
2580903,73009
2581105,44181
2581274,68802
2581437,68992
2581597,68426
2581763,59373
2581937,68450
2582217,68441
2582386,68697
2582548,67755
2583189,66423
2583926,62356
2584417,64913
2584755,84308
2584916,83242
2585062,62906
2585181,63083
2585440,64471
2585597,64364
2585753,84444
2588037,60854
2588191,61663
2588467,77189
2588608,61407
2588754,62628
2588956,75767
2589093,64972
2589231,62319
2589369,63039
2589508,64694
2589641,64858
2589772,63153
2589888,75482
2590024,44986
2590157,44950
2590293,44953
2590434,46550
2590571,44801
2590719,44189
2590906,58785
2591016,64972
2592913,63984
2593089,54634
2593243,57493
2593398,57885
2593563,58227
2593745,58335
2593915,66591
2594075,60212
2594242,60128
2594395,58136
2594548,70574
2594708,59045
2595012,58010
2595178,57045
2595885,48517
2596144,65094
2596354,63439
2596501,74187
2596654,76975
2596783,71534
2597238,68197
2597410,73273
2597576,69452
2597749,68985
2598885,68557
2599050,73232
2599215,74490
2599468,67911
2599632,61730
2600071,65651
2600241,61731
2600495,61168
2600663,61275
2600902,60837
2602614,66574
2602786,62000
2602867,67241
2603023,61197
2603263,45947
2603585,46626
2603750,47311
2603916,47102
2604074,46832
2604249,71521
2604703,49982
2605079,50158
2609892,46461
2610410,45114
2610594,45403
2610754,44989
2610930,55864
2611088,55989
2611240,48941
2611418,49447
2611726,48980
2611900,44457
2612721,58195
2613670,41472
2613914,52249
2614435,59019
2614769,41806
2620058,46879
2622170,55797
2623843,55528
2624083,49784
2624415,54541
2625318,49228
2625672,50049
2626098,50953
2626258,41313
2626497,43272
2626681,40990
2626831,43466
2626969,43769
2627129,52451
2627247,40978
2627685,43350
2628530,41089
2628603,45677
2628637,41381
2628667,42128
2628707,44840
2628793,50952
2628850,41352
2629050,41545
2629080,42507
2629215,47244
2629249,48172
2629694,48183
2629746,48731
2630263,47955
2630665,48818
2630720,44486
2630770,46228
2630825,45740
2630882,45915
2630930,46249
2630977,46150
2631021,43433
2631073,46411
2631122,45625
2635701,41529
2635893,41725
2636054,41702
2636215,42084
2636378,43624
2636537,45373
2636697,42620
2637130,44903
2639427,29932
2641657,43714
2642233,43426
2642692,31412
2642955,47641
2643017,46496
2643109,46149
2644513,43767
2646432,42264
2649051,40917
2649409,38057
2652569,37076
2652947,39017
2653013,36009
2653156,35995
2653222,34804
2653448,33333
2653907,36633
2653945,26253
2654655,26436
2663410,23844
2664470,23287
2665163,21292
2665816,20339
2666558,25482
2667120,25412
2667277,24360
2668382,24706
2668472,24669
2668631,23851
2668789,23884
2669298,23113
2669650,19461
2684306,9209
2684848,7245
2686875,5558
2687186,4919
2690301,6669
2693569,4864
2694067,4438
2694401,4197
2694537,6763
2694566,3852
2694712,7413
2694899,5699
2695047,4794
2695077,6512
2695186,6175
2695322,5990
2695680,5578
2695705,8209
2695738,6745
2697821,5843
2699111,3738
2699253,4302
2699496,4110
2699667,5062
2701415,5476
2701683,5871
2702160,6188
2702324,5874
2702519,7782
2702680,7761
2702972,8030
2703118,7046
2703237,7644
2703352,8289
2703715,6960
2703971,5753
2704130,7264
2704816,6466
2705301,6120
2705717,5804
2707115,4789
2715181,3401
2717103,7693
2718725,11511
2718934,3533
2719114,6001
2719277,5890
2719436,9890
2719588,7610
2719738,11415
2719897,7251
2720055,6511
2720184,9139
2720208,6408
2720364,6594
2720519,10335
2720668,6047
2720843,5819
2723319,8648
2723353,8601
2723499,9215
2723663,10037
2723826,10686
2723989,10583
2724169,9757
2724337,9441
2724910,9537
2725375,8928
2725640,8705
2725796,12146
2725992,11706
2726253,11955
2726388,10519
2726985,6184
2727278,8125
2727906,10442
2727981,10300
2728019,13089
2728937,10327
2729340,9428
2731093,8822
2732001,6192
2732384,8232
2732568,7697
2733110,6448
2734677,7582
2735195,7058
2735235,7006
2735269,7863
2735302,7892
2735336,8062
2739755,6110
2739956,5841
2740097,6126
2740304,5681
2740449,5632
2742873,6013
2743185,9418
2743461,5859
2743613,6859
2743748,8293
2743970,5602
2744192,8575
2744371,8306
2744657,7817
2746732,5828
2746843,6594
2747083,6180
2747353,5730
2747528,7639
2747696,7660
2748007,6429
2748140,5922
2748328,10857
2748465,10610
2748601,10532
2748718,7982
2748951,10243
2749099,9648
2749236,9885
2749401,9669
2749566,7947
2750372,8948
2750537,7738
2750657,9755
2751114,10356
2756683,4724
2757008,7046
2757170,7295
2757365,7195
2757526,10155
2757721,6687
2758302,8280
2758544,8358
2758857,8431
2759156,7939
2759349,5325
2759669,6423
2760489,7244
2760635,7479
2760782,11701
2760939,10974
2761082,10981
2761214,11024
2761515,10815
2761754,10819
2761871,15027
2762008,17586
2762638,10215
2762917,10636
2763110,9854
2763299,10778
2763530,15999
2763675,11396
2763794,11712
2763898,11021
2765145,12332
2765386,11781
2765619,8259
2765756,14537
2765873,15020
2765919,13409
2766307,7149
2766617,12613
2766759,12682
2766934,12461
2767128,14164
2767382,12754
2767520,11449
2769857,10463
2770016,8215
2770236,8270
2770424,7494
2770558,6970
2771162,10272
2774108,8575
2774261,8296
2774403,7747
2774581,7114
2776840,5366
2778028,5276
2779785,5278
2780357,4089
2782378,4529
2782715,4885
2782960,4957
2783128,4572
2785130,11954
2785325,3422
2785508,3528
2785655,6310
2785797,6496
2785859,7272
2786105,8881
2786244,10369
2786407,9718
2786537,10990
2786652,9381
2786787,7103
2787035,9179
2789934,4467
2790018,9708
2790114,7439
2790269,7176
2790427,12124
2790586,10688
2790892,12024
2791002,10828
2791066,11701
2791872,12871
2792042,13070
2792194,13249
2792353,9857
2792505,10648
2792659,8674
2793154,9453
2793317,9997
2793473,10256
2793631,12280
2793780,10426
2793872,10094
2793955,10360
2794028,10492
2794093,10418
2794163,14625
2797113,10429
2798006,8709
2798212,8393
2798440,12115
2798479,11568
2798518,12026
2798804,11764
2799163,4954
2800101,7270
2800264,8097
2800419,8141
2800568,9587
2800724,6884
2800859,8045
2801017,7686
2802240,8756
2807173,4574
2807375,4816
2812230,7525
2812389,5618
2812775,6275
2812955,4676
2813119,4127
2813515,8893
2813715,5346
2813796,9107
2813900,7250
2814011,6143
2814143,7765
2814241,7201
2814349,7043
2814459,8937
2814575,7389
2815102,6141
2815152,7360
2815251,8265
2815426,6100
2815759,6560
2816051,6121
2816879,6047
2817105,5907
2818875,5218
2819268,4561
2819927,5558
2820282,4473
2824373,4918
2825118,4231
2825299,5275
2825570,4610
2825764,5859
2827041,5446
2827305,4493
2827464,7536
2827608,5487
2827748,7909
2827884,4578
2828361,9191
2828415,8625
2828491,8494
2829309,6610
2829660,7930
2830744,5637
2830922,6976
2830980,8477
2831906,6731
2832048,7565
2832185,6025
2832318,6144
2832446,8754
2833160,7410
2835423,5510
2835553,5829
2835978,7170
2838692,4087
2838839,4303
2838855,3786
2840194,4754
2840489,4503
2840863,4187
2841549,3685
2841696,3468
2841907,3826
2842451,4535
2842930,6570
2843213,5139
2843392,4614
2843440,6129
2843669,5208
2846152,4733
2846252,4163
2846689,4431
2846923,7278
2847679,4245
2849093,5299
2849638,6819
2849690,6528
2849853,7644
2849955,7552
2850003,6022
2850141,4459
2850702,4614
2850874,4638
2852494,3912
2853539,4033
2854236,5471
2854425,5235
2854460,4657
2855025,6341
2855037,4569
2856559,4345
2856865,5017
2857013,3518
2857477,3480
2857742,4732
2858001,10443
2858161,6976
2858328,10231
2858361,9954
2858496,9883
2858736,8943
2858865,6509
2859432,5998
2862961,7723
2863130,7207
2863243,7935
2863370,7082
2863464,7669
2863596,8303
2863964,8683
2864169,5780
2864373,8581
2864479,7433
2864580,7089
2866230,5404
2869356,4068
2869533,6230
2869657,7582
2869780,7376
2870373,5629
2871496,5952
2872061,7175
2872882,4641
2873198,4419
2873723,5246
2873906,4611
2874065,6439
2874201,5241
2874338,7786
2874478,5066
2874651,7229
2874789,9799
2874932,6746
2875895,5998
2876777,6293
2877286,5237
2880716,6228
2880859,8301
2880928,4115
2881059,4931
2881950,12761
2882155,12274
2882306,9609
2882427,9759
2882565,8539
2883663,8324
2883716,9058
2883748,8748
2885793,6895
2886303,7352
2886802,6917
2887061,6828
2887233,6240
2887386,5990
2887500,7019
2887541,6623
2887701,6557
2887888,10259
2887989,9926
2888055,14290
2888220,14900
2888391,13747
2888545,15183
2888702,15090
2888906,14531
2889052,11291
2889278,14904
2889487,12096
2889629,13983
2889790,14559
2889965,14539
2890879,10997
2891047,13369
2891209,10732
2891361,13607
2891514,10477
2891665,9408
2892174,10308
2896342,5544
2897954,4936
2898501,10094
2898592,5291
2898757,7473
2898881,7000
2898997,7399
2899099,8166
2899617,8613
2899695,9048
2899928,8498
2900108,8296
2900840,8661
2901748,7639
2902528,6604
2902865,7104
2906467,4865
2906862,4157
2909197,5554
2909330,6801
2909567,4366
2909675,6269
2909844,5678
2910059,7292
2910194,6460
2911916,4535
2912056,7386
2912090,5230
2912275,8036
2912402,12983
2912537,8089
2912694,8658
2912822,7707
2912954,12166
2913208,7221
2918068,7841
2918247,8166
2918401,9582
2918556,10110
2918943,9126
2918958,7830
2919128,8664
2919175,8547
2919567,6746
2919706,6773
2919896,8793
2920025,8061
2920105,10047
2920240,8889
2921455,5439
2923160,7050
2923330,6705
2925234,11033
2925382,7334
2925518,6179
2925638,6253
2925994,7724
2926869,6113
2927132,6089
2927326,9025
2927575,6243
2928198,6086
2928317,6561
2929571,3900
2930434,4193
2931186,7817
2931313,6046
2931474,8197
2931688,5752
2932082,7842
2932366,6822
2932455,7629
2934226,10761
2935269,6806
2935610,8683
2935927,5557
2937201,9687
2937639,8796
2937795,11124
2938425,10664
2938508,7250
2938787,7715
2939573,6371
2939764,5639
2939900,9355
2940485,8571
2940534,8057
2941234,5480
2941972,4519
2942783,10339
2942946,6643
2943136,8214
2943355,11305
2943438,11184
2943515,11200
2943695,10195
2943883,11001
2944028,9557
2944145,10156
2944248,9518
2944535,9842
2946791,5827
2947068,8439
2947175,8537
2947318,6505
2948728,6267
2949137,5852
2949520,5816
2949649,6220
2949711,6698
2950903,7546
2952903,4153
2953052,4441
2953909,5886
2957111,3653
2958013,5003
2958425,4800
2958479,5387
2959890,3750
2960212,3807
2960743,4292
2961598,6366
2961625,6095
2961708,5187
2962751,4502
2963390,5971
2963932,11053
2964069,5957
2964102,11016
2964256,10962
2964373,10666
2964671,10491
2964856,9680
2965069,6418
2965215,7299
2965348,8623
2965465,9635
2965591,11137
2965722,12338
2966309,12144
2966449,11912
2966584,12074
2966723,12174
2966951,12209
2967095,8166
2967624,7588
2968254,6835
2968399,8624
2968527,9603
2968783,10238
2970100,12100
2970282,10861
2970867,10570
2971048,10685
2971286,12595
2971411,12455
2971867,9774
2972143,9447
2972414,10219
2972744,7996
2973029,8166
2973150,7950
2973564,8220
2973777,10289
2974034,6022
2979210,5716
2979431,6610
2979661,10311
2983249,4947
2983449,8449
2983574,8113
2983689,8579
2983887,6371
2984097,5137
2984217,4670
2984362,5995
2984543,6768
2984695,9471
2985038,5994
2985866,6950
2987192,5448
2988287,10072
2988447,5569
2988929,10368
2989072,8901
2989260,7952
2989402,7420
2990388,7795
2990928,7321
2991086,8265
2991350,8049
2991523,8352
2991732,12231
2991906,12119
2992027,12042
2992298,11600
2992458,9198
2992645,11545
2993211,11334
2994456,9672
2994599,10806
2994746,16105
2994896,19343
2995039,12412
2995155,15392
2995267,15726
2995594,11804
2996043,11740
2996329,14136
2996672,13011
2996870,9227
2997550,10187
2997632,6739
3000246,8393
3000417,6240
3000816,10443
3001592,11552
3001680,8949
3001892,9046
3002029,9085
3002185,12186
3002319,11599
3002453,12454
3002583,9680
3002719,10277
3002865,8843
3002983,11093
3004595,7791
3006421,9971
3006916,9241
3007269,6814
3007526,7317
3008255,6712
3008325,8882
3012474,5236
3013094,4671
3013723,4989
3013762,7001
3013795,6881
3013839,8814
3013869,8338
3014220,7910
3014994,7836
3018148,3954
3018357,4438
3018550,6825
3019008,4186
3019048,5618
3019436,6646
3019627,7433
3019672,10660
3019759,6450
3020109,6869
3021041,5843
3021199,9478
3023692,4785
3024037,4355
3024371,4387
3024437,6352
3024602,6443
3024939,6421
3025123,6350
3026883,8503
3026949,6678
3027035,8587
3027255,8910
3027339,6706
3027426,9321
3027561,9239
3027642,8088
3029361,6214
3032367,4839
3032580,4694
3032766,4123
3033177,4080
3034287,5120
3034710,4420
3035210,4445
3035415,4431
3035842,4398
3036356,4038
3037085,7098
3037330,7780
3037370,4805
3037572,4752
3037624,6439
3038020,4732
3038456,6867
3038482,6086
3038501,7612
3038533,6931
3038552,7658
3038606,7312
3041286,6256
3041446,5857
3041847,4653
3042026,5455
3043001,4238
3043141,4464
3044440,5027
3044727,5068
3045078,4891
3047762,6402
3048000,3683
3048897,3739
3049436,3990
3049901,5107
3050012,3492
3050201,4876
3050561,4013
3050738,6446
3051094,5117
3051362,6516
3051433,5973
3051453,8664
3051850,4442
3052009,3972
3052481,8592
3052520,8756
3052652,8371
3052733,8183
3052753,7495
3052989,4333
3058041,4364
3058417,5768
3058575,6023
3058731,5273
3058784,4947
3058849,6169
3059033,5320
3059531,5304
3060278,3366
3061110,5969
3061578,5063
3062049,4536
3062519,4618
3065122,4723
3065315,4781
3065453,5795
3065496,6670
3065951,4551
3066291,7262
3066925,4775
3067505,5193
3067550,5807
3067651,6268
3067785,4871
3068202,7730
3068375,7169
3068493,6292
3068662,6198
3068820,5881
3069891,6537
3070033,6148
3071974,5037
3072132,6386
3072687,5029
3073226,4387
3073371,5051
3076439,4899
3076778,6008
3077448,4300
3077914,4418
3078028,5139
3078307,4860
3078700,3703
3079554,4520
3079757,5289
3079904,4802
3080386,5897
3080726,4971
3082312,4694
3083315,3745
3083499,5146
3083688,8229
3084148,5176
3084309,7818
3084876,7419
3085161,7480
3085349,6018
3085504,6869
3085703,6009
3086451,6118
3086894,5533
3087165,5329
3088860,4615
3089670,5349
3089940,6072
3089988,3610
3090070,3359
3090967,6666
3091166,4504
3093802,5238
3093860,8408
3094002,4247
3094075,5631
3094529,5454
3094672,6720
3094923,7741
3095242,6445
3095526,7299
3097781,3992
3098114,6228
3098524,5578
3099073,5109
3099353,5401
3099479,6184
3099612,5823
3099742,8271
3099890,8019
3100023,4867
3100877,5871
3101030,4882
3101559,4719
3102309,4340
3103053,4495
3103430,4578
3104027,4331
3104771,4634
3106200,5296
3106516,4598
3107102,5639
3107624,5004
3109554,6953
3109740,4625
3109792,5449
3109888,4700
3110055,6696
3110743,6061
3111028,5705
3111184,6125
3111880,5888
3112769,5571
3112944,5446
3113037,5890
3113215,5724
3113489,6692
3113676,6095
3113833,4625
3114283,5590
3114581,6859
3114607,7352
3114629,9045
3114951,8954
3115075,7796
3115166,7778
3115583,10634
3116560,7958
3120235,4741
3120313,5588
3120652,5649
3120769,5569
3121430,5629
3121583,4816
3122176,5749
3122639,4738
3122900,5080
3125737,4726
3126459,5489
3126591,7357
3126765,6143
3127041,6282
3127240,5080
3127747,5479
3128395,6355
3128521,4249
3128673,3898
3129704,6736
3129761,6629
3129805,5358
3130286,4372
3130461,4111
3130653,4571
3130898,4546
3131190,5024
3131745,5354
3131878,5479
3131901,5022
3135313,3482
3136072,3555
3138207,4862
3138538,4789
3138912,4001
3139672,4227
3139700,4728
3139718,4421
3139755,4827
3139787,6742
3139885,3533
3143061,3959
3143462,4724
3144750,5725
3144782,6252
3144925,4584
3145073,6283
3145354,5908
3145654,5949
3145976,4965
3146284,5783
3147600,5487
3147642,5631
3147922,4400
3148363,6531
3148432,6225
3148737,5124
3148778,5709
3148978,6419
3149576,5371
3150225,6533
3152108,4730
3153182,6428
3153687,5475
3154252,5447
3155972,4688
3156076,4919
3156430,4043
3156865,5203
3157135,6296
3157538,8836
3157586,8557
3157912,8760
3157971,7381
3158029,7903
3158196,5740
3158273,8706
3158499,6587
3158644,6256
3158903,7647
3159880,7471
3162189,4645
3163108,6181
3163789,3854
3163950,3907
3164352,6202
3164576,4049
3165413,7673
3167493,5246
3167651,7287
3167875,8035
3168045,6106
3168167,7069
3168381,8536
3168679,5828
3168977,6878
3169118,9593
3169333,7393
3169553,7417
3169677,6506
3170674,5304
3170726,6552
3172667,6077
3173128,5722
3173344,6513
3173444,7606
3173562,6893
3173763,6181
3173914,5757
3174315,6005
3174805,7139
3175223,8330
3175629,7412
3176090,7121
3176535,6245
3176882,5788
3177074,7166
3177390,4876
3177591,6856
3177630,5954
3177741,6137
3181045,5914
3181361,5970
3184917,4718
3185134,5484
3185692,6704
3185908,6719
3186153,7206
3186304,7718
3186993,12947
3187168,12231
3187365,10913
3187528,9824
3187645,10237
3187692,9755
3187766,10987
3188490,9008
3188750,8136
3188954,14997
3188997,11598
3189040,11433
3190521,12433
3190692,11943
3190977,13159
3191101,12919
3191233,10198
3191257,6419
3191676,14017
3191921,12158
3192055,18806
3192169,10162
3192282,9576
3192640,9629
3194214,10186
3194363,11555
3194708,8171
3194892,13336
3194999,12613
3195047,17284
3195690,14566
3195755,16230
3196011,14622
3196173,12287
3196206,12229
3196328,12861
3196485,12160
3197912,13540
3198089,12919
3198579,14054
3198908,15979
3199375,14669
3199411,17738
3199449,12749
3199480,17419
3199509,11691
3199538,14665
3200303,16618
3206979,11374
3207117,11128
3207254,10346
3207490,10876
3207528,8912
3210087,9270
3210247,10137
3210872,11045
3211705,8567
3212779,12208
3213114,5766
3213277,5477
3213559,11652
3214125,4983
3214368,9823
3214565,8796
3215112,9192
3215389,9507
3215456,9653
3215615,9445
3220171,5089
3220555,11338
3220615,11390
3220663,14342
3221083,3542
3221267,4751
3221439,7904
3221606,5089
3221770,12752
3222160,3503
3222382,6627
3222557,7974
3222724,10445
3222959,10336
3223132,10281
3223306,10589
3223474,12944
3223640,13485
3223861,13598
3225908,8993
3227011,9042
3227284,8181
3227474,8493
3227593,8871
3227742,8830
3228165,16270
3228263,5314
3228418,8467
3229080,7710
3230471,15444
3230682,5205
3231885,12606
3231948,12745
3231997,12073
3232177,13183
3232370,12175
3232527,13880
3232675,13448
3232823,11369
3233105,11735
3233255,10254
3233409,13496
3234079,5814
3235092,8064
3235249,7371
3235511,9044
3235643,7398
3239527,7808
3239839,7549
3240019,8563
3240128,8711
3240176,7281
3240958,7816
3241232,6384
3241768,8570
3242316,9661
3242508,7198
3242674,8630
3244117,9243
3244959,5097
3245370,6640
3245592,6108
3245939,4819
3247114,5078
3249921,7562
3250182,6360
3250331,6834
3250488,6954
3250909,5972
3250928,6467
3253711,5219
3253734,3376
3254191,7420
3254198,7552
3254408,5545
3254489,5262
3254626,5071
3254739,6297
3255217,9879
3255286,7224
3255398,4837
3255655,4948
3257072,8770
3257190,8779
3257203,9318
3257664,7539
3257869,6873
3258052,6443
3258125,6080
3258284,6069
3258544,5510
3258938,6501
3262656,4928
3262694,4994
3262854,6066
3262859,5112
3263132,5547
3265765,3779
3266157,5056
3266362,3840
3266553,5145
3268004,5504
3268284,4407
3268428,4947
3268560,5241
3268716,7680
3268832,5723
3269316,4433
3269387,7257
3269603,7928
3269642,9377
3269675,8661
3270874,5962
3271096,4036
3271477,5532
3271748,6839
3271891,5964
3274435,5844
3274615,4948
3275233,4358
3275557,5033
3275761,5783
3275902,5271
3276054,4446
3277191,5863
3277592,5273
3278084,4614
3278727,4559
3279171,3752
3280002,5603
3280486,5970
3281262,6312
3283973,4016
3284418,3803
3284534,3857
3284696,7280
3285059,9448
3285477,7807
3285679,8990
3285739,7632
3285984,7250
3286174,6533
3286398,7209
3286519,6860
3286682,8870
3286801,7443
3286872,7743
3287120,7767
3288057,6604
3288183,5825
3288538,5313
3288884,6262
3289033,6199
3289260,6837
3289838,6764
3290012,5301
3290194,6538
3296795,4885
3296919,4930
3297390,6823
3297436,5805
3297826,4628
3298134,7529
3298260,8908
3298313,3824
3298482,10610
3298624,9378
3298758,8828
3298948,5036
3299089,10153
3299240,9253
3299359,7225
3302157,7033
3302314,8432
3302478,12785
3302619,9529
3302825,6150
3303883,7617
3304284,6947
3305025,8044
3305187,9726
3305330,9649
3305476,12218
3305614,17900
3305757,10207
3306346,11030
3306492,11426
3306631,9572
3306773,10541
3306918,8876
3307051,10386
3307192,9524
3307330,11094
3307469,12139
3307602,8463
3307737,5588
3307923,6284
3308067,8471
3308261,8371
3309990,7863
3310926,12658
3311081,10466
3311819,10325
3312227,8771
3312503,10430
3313097,10092
3313982,17819
3318432,5322
3318680,8229
3318962,9319
3319106,13660
3319513,7927
3319770,11779
3320103,7401
3320231,10415
3320376,10821
3320511,6803
3320655,11243
3320787,14267
3320837,12718
3320994,15331
3321178,10788
3321305,10725
3321536,15608
3325365,7091
3325574,8039
3325719,7747
3325843,9874
3325982,7490
3326117,11656
3326280,11905
3326441,8668
3326572,8632
3326689,10947
3326851,11552
3329791,7538
3329966,11604
3330106,11242
3330472,10821
3330624,12009
3330764,8851
3330882,8870
3331026,9274
3332083,7444
3332248,9451
3332435,8200
3332880,9478
3333021,7377
3333159,7310
3333284,7839
3334876,7025
3338597,4911
3338708,4350
3338881,4727
3339119,5231
3339785,5552
3343117,4806
3343303,5287
3343482,5851
3343642,5410
3343789,5074
3343916,3788
3346208,4782
3346269,10763
3346446,7529
3346567,9456
3346702,7214
3346879,10239
3346911,8582
3346960,9513
3347244,7521
3347393,11627
3347544,12527
3347770,12909
3348051,12479
3348307,8653
3348628,7802
3348917,9028
3351714,5860
3352338,5670
3352500,5185
3352614,5277
3352784,9191
3353072,12088
3353186,10704
3353292,12086
3353405,10963
3353666,9997
3353797,11468
3353968,10667
3354083,11225
3354187,12133
3354276,11943
3354524,10278
3354567,11495
3354681,9813
3360973,6505
3361407,4575
3361522,5460
3361687,5659
3361860,5681
3362342,4199
3364015,5246
3364369,5545
3368109,6905
3368129,7768
3368278,4333
3368548,6379
3368731,4729
3368998,5009
3369718,4363
3369869,13146
3370766,11551
3371367,17277
3371534,7968
3371660,4866
3372004,4689
3372393,7518
3372459,12310
3372606,16164
3373738,10966
3373785,7639
3374125,9738
3374374,11958
3374582,13985
3374803,10177
3374855,11079
3375008,10989
3375109,11845
3375323,12608
3375648,21076
3375762,13984
3375874,21030
3376154,20604
3376384,16230
3376780,25269
3377107,16175
3377179,15789
3377288,15112
3377503,19156
3377744,18764
3378142,17766
3380027,22075
3380256,19198
3380396,18348
3380537,21152
3380590,20770
3380968,17743
3381206,17092
3381381,20055
3381747,15758
3382145,15978
3382365,16004
3383241,18738
3383446,18377
3383503,13813
3383592,15658
3383783,18095
3384247,16255
3384826,15250
3385028,15166
3386048,15882
3386230,12674
3386333,15083
3387190,12378
3387282,12468
3387703,14423
3387806,13075
3389241,11917
3389864,11604
3389994,11017
3390313,9380
3390521,10026
3397046,6291
3397289,5669
3398361,5219
3400046,4450
3402720,3486
3404762,9415
3404777,5320
3406551,4368
3407706,8198
3407904,7311
3408608,7606
3408782,6153
3408869,6156
3410036,8707
3410775,11958
3411211,8922
3411218,5150
3411402,5534
3411707,8098
3412164,6144
3412278,7407
3412727,7286
3412872,6069
3413136,9883
3413566,6854
3413972,6713
3414275,7483
3414457,7157
3414513,9277
3414636,8587
3414681,7994
3415372,9136
3415598,5098
3417370,4534
3418964,4825
3420345,4144
3420894,7384
3421096,7263
3421226,7313
3421806,6999
3422769,5420
3424557,6372
3424738,10549
3425068,11868
3425122,13280
3425395,12631
3425942,8583
3426058,9805
3426148,12302
3426428,9046
3426662,7367
3426803,11692
3427051,9605
3427538,7155
3427685,6248
3427781,7583
3427797,15229
3431557,10092
3431701,23273
3431778,14177
3431904,6642
3432217,10758
3432271,9359
3432330,7680
3433369,9532
3433465,8041
3433881,16076
3434377,10276
3435334,20578
3435587,13365
3435628,8962
3436624,13273
3436918,16049
3437084,6902
3437837,10534
3438078,10800
3438380,8515
3438456,9511
3439143,16900
3439180,15553
3440038,16058
3440371,14602
3440555,16154
3441584,16579
3441717,12463
3441932,16154
3442159,15177
3442576,15848
3442869,13768
3443724,7961
3443790,8048
3444122,7408
3444193,13692
3445203,12762
3445363,10750
3445455,11088
3445947,10758
3446254,9323
3446383,9073
3446763,10620
3447213,9149
3447382,10080
3448598,6056
3448775,10593
3449086,6776
3449257,9409
3449546,9442
3449720,10047
3450137,7894
3451800,8533
3451904,7670
3453807,6194
3460138,4207
3460295,4630
3460763,3705
3461788,3693
3462934,5087
3462957,4960
3463165,5541
3463225,6246
3463833,5169
3464032,4897
3465663,5036
3466093,8041
3466123,5724
3466333,8122
3466492,8047
3466631,7348
3466774,8380
3466953,8086
3467115,7606
3468051,7422
3469085,4948
3470327,6098
3470382,7860
3471273,4099
3471465,5027
3471797,6111
3473706,5011
3474251,4861
3474862,6718
3474997,6764
3475192,7886
3475556,5621
3475708,5778
3475861,6121
3476001,6194
3476133,5062
3476266,6011
3479235,4028
3479332,3385
3479860,4119
3480017,5275
3480139,7026
3480466,5752
3480549,6538
3480670,6599
3480884,6334
3482611,5693
3482876,5160
3484989,3409
3485440,3999
3486524,5377
3487057,5839
3487208,5815
3487349,5734
3487540,5422
3487698,5670
3487747,4859
3489150,5479
3489200,6276
3489294,9183
3489474,7838
3489641,8686
3489711,6332
3489767,7871
3490009,6873
3490630,6201
3490893,7399
3493706,8525
3494536,7017
3494883,7880
3495108,6437
3495250,7507
3495440,10901
3495642,9216
3495789,8728
3495917,9970
3496031,10206
3496163,9125
3496422,8921
3496676,8309
3496945,9346
3503250,4333
3506073,5525
3506531,8334
3506619,6053
3506782,11733
3507038,11082
3507170,8496
3507289,11360
3507423,8938
3507646,8244
3507871,9036
3508125,6460
3508318,8201
3508596,8754
3508762,5971
3509519,5113
3509911,9597
3510087,12443
3510183,13459
3511477,7794
3511646,9418
3512090,9290
3512537,6172
3513408,13196
3513964,8566
3514109,15314
3515174,14594
3515385,14670
3515537,14155
3515927,12905
3516076,15796
3516229,13118
3516377,13591
3516550,18410
3516867,12753
3516896,20664
3516937,12953
3517152,12112
3517363,20396
3517601,11578
3517755,14452
3517891,9019
3518045,10947
3520266,11715
3520864,15383
3523351,13276
3523526,8404
3523783,10135
3523948,10220
3524352,10542
3524522,13612
3524668,7891
3524820,16376
3524966,13757
3525085,13583
3525233,14077
3525691,13569
3526111,17126
3526246,11398
3526425,10007
3526634,10133
3526790,6526
3527038,9384
3528477,12458
3529903,11347
3530165,10720
3530268,15640
3532090,13416
3532735,14571
3532995,11665
3533200,14041
3533428,10827
3534498,12229
3537931,5966
3538187,5051
3538476,9913
3538664,6215
3539517,4954
3539677,5473
3540317,6854
3540368,8195
3540665,6014
3540885,6707
3540955,8583
3541057,7801
3541165,6510
3543032,5953
3543413,6116
3543574,7334
3543677,7852
3544001,7236
3544314,5884
3549362,4365
3549465,4955
3549579,4691
3549913,5216
3550409,5292
3550942,3829
3551571,4448
3551725,9186
3552233,4807
3552263,9943
3552412,15139
3552609,6538
3552791,14580
3552840,16668
3552974,7521
3553109,6862
3553241,14906
3555934,18696
3555967,19976
3556219,19924
3556345,18745
3556468,12682
3556593,15422
3556718,14219
3556873,14192
3557548,11117
3557754,18808
3557795,19188
3557953,13763
3558064,17756
3558139,13629
3558350,18049
3558385,17934
3558525,19948
3560257,10867
3560595,10572
3561663,8298
3561835,14479
3562008,17240
3562771,13473
3563011,19156
3563178,14716
3563345,15280
3563500,13884
3563707,17097
3564053,12563
3564230,12002
3564387,13811
3564548,12769
3565305,13591
3565522,14443
3565675,12269
3565850,15202
3566005,16269
3566197,15793
3566871,14652
3567040,14330
3569312,12356
3569475,12447
3569621,12399
3569754,11715
3569864,15089
3569938,14263
3569976,15014
3570006,14346
3570041,14629
3570075,13681
3570273,13318
3570443,13972
3570592,12836
3572194,9881
3573890,9994
3574094,6911
3574225,9721
3583045,5937
3583993,6672
3585084,5900
3585311,4073
3586889,4877
3586954,4726
3587459,6244
3587557,3841
3587699,6291
3587873,4730
3588155,5376
3588245,5120
3588893,4714
3589113,5441
3589245,6226
3589461,4789
3594931,5145
3595427,5130
3596185,4331
3596365,5127
3596765,6206
3596806,5278
3597300,4708
3597623,6302
3597694,4471
3597837,4156
3597998,4585
3598133,6631
3598260,5009
3598385,4293
3598580,5853
3598718,5477
3598977,6867
3600305,5592
3600331,5378
3600930,5031
3602481,4716
3602993,4337
3603316,4608
3603469,5144
3603639,5044
3603762,8725
3604588,5526
3604737,5853
3604915,9126
3605249,7723
3605340,8893
3606009,8740
3606556,7448
3607464,8318
3609588,5405
3609804,8025
3609888,6547
3609909,6400
3609946,7422
3609987,7596
3610026,6139
3610532,7371
3610803,8367
3610849,5905
3614012,5535
3614063,5287
3614250,5542
3615178,4444
3616903,6752
3617001,5436
3617166,5065
3617867,4724
3618021,4115
3618383,4541
3618906,4482
3620125,3926
3620363,4009
3620489,4411
3620731,5699
3620848,5790
3621472,4261
3621777,4555
3623547,4551
3623899,5991
3624076,5575
3624402,7848
3627095,3169
3627290,3406
3627628,7081
3627907,5151
3628069,5133
3628287,4444
3628476,5019
3629196,7354
3629370,5071
3629614,3880
3631180,5255
3631279,5218
3631417,4941
3633235,4058
3633712,3937
3634542,3853
3634714,4713
3634846,5323
3634862,5309
3634980,5010
3635018,4819
3635970,4806
3636913,5002
3637047,4377
3637355,4682
3637933,6810
3637988,4112
3638518,4407
3639736,4158
3640418,4038
3640483,3854
3642198,4378
3642347,3500
3642699,4953
3642995,3999
3644800,3897
3644878,4911
3645552,3913
3646445,5997
3646511,6138
3646978,4254
3647349,4848
3647387,5961
3647983,5602
3648308,4718
3648449,4442
3648833,5205
3649618,4916
3649959,5038
3650428,4671
3650691,6239
3650770,5472
3651296,4900
3651409,5173
3651604,8312
3653712,5078
3654157,5080
3654509,7041
3654613,7223
3655010,8395
3655159,7877
3655330,4952
3655537,5489
3656958,6013
3657154,4833
3657303,4735
3658226,5267
3658661,5053
3659552,5664
3659696,5935
3660274,6889
3660468,5569
3661088,4800
3661628,5739
3662580,4633
3662730,4745
3663304,6067
3663349,5624
3663549,5696
3663772,5213
3663947,5881
3667515,5718
3667549,4681
3667723,5605
3667869,7618
3668095,7271
3668230,7820
3668601,5308
3669234,5667
3669392,7072
3669763,5671
3669967,5048
3670060,4977
3670227,3859
3670759,5585
3670859,4679
3672483,4219
3673049,4721
3673285,4424
3676875,4295
3676917,10331
3677014,5050
3677250,10267
3677395,10151
3677683,9761
3678085,11459
3678297,9594
3678588,9951
3678763,8986
3679050,7419
3679869,7030
3680374,9201
3680745,11036
3680862,8928
3681075,9007
3681274,8920
3681453,10530
3681604,8733
3681768,9958
3681872,7476
3681992,7150
3682128,6799
3683042,8871
3687305,9026
3687784,7745
3687926,7797
3688927,11299
3688966,9713
3689182,9654
3689381,9583
3689582,9046
3692014,5888
3692157,5732
3692292,6234
3692424,6154
3692566,5394
3692843,7578
3694734,3811
3694835,5698
3697925,5120
3697969,7040
3698674,5995
3698936,4780
3700049,5119
3703324,5595
3706041,9381
3706171,5915
3706759,4929
3707033,5362
3707225,5906
3707421,6124
3707587,8335
3707747,6444
3707898,9645
3707976,8018
3708053,7026
3708210,6673
3708367,5088
3708524,6859
3708680,8956
3709497,7963
3709710,7753
3710476,6211
3710753,7129
3710797,8201
3710846,7848
3710978,7965
3711099,7267
3712338,6274
3712625,7100
3713368,5932
3714918,5228
3718523,5137
3718615,6292
3719872,5760
3720455,3792
3720561,4286
3721652,3904
3721692,4010
3722012,6019
3722082,4619
3722177,5009
3722289,5376
3722395,4057
3724269,5427
3724298,6378
3724467,5210
3725013,3548
3725272,5166
3726418,4212
3727067,3678
3727469,4720
3727794,3989
3727971,5510
3728651,4750
3728980,4592
3731246,3712
3731480,4084
3731586,4819
3731875,4693
3732873,4548
3733675,6290
3733863,3476
3734470,4730
3736044,5457
3736224,6867
3736639,4125
3736692,5254
3736886,7007
3737486,4407
3737545,7055
3737687,8225
3738111,6262
3738251,5295
3738700,4857
3739311,5364
3740739,8537
3740804,3514
3741044,7387
3741198,7335
3741339,7333
3741487,7591
3741665,9466
3741806,10759
3741837,9475
3741975,9593
3742292,11300
3742430,11060
3743579,8926
3744006,11788
3744152,9518
3744404,9501
3744769,11115
3744904,6008
3745675,8403
3745858,10688
3745979,8419
3746121,8459
3746258,10179
3746404,10090
3746548,7443
3746892,9993
3747102,9493
3748984,7711
3749975,6669
3751606,6083
3752026,4349
3752432,6432
3753310,4858
3754999,4416
3756927,3301
3757513,5959
3760633,10880
3760912,7521
3761135,7858
3761406,8762
3761903,7213
3762068,6985
3762412,6087
3762659,6273
3764964,8552
3765152,8759
3765183,8012
3765373,13353
3765538,8870
3765710,7816
3765879,10089
3767348,8732
3767396,8943
3767452,9383
3767499,9205
3771665,8888
3772017,6824
3772377,6357
3772819,6560
3773178,4488
3773550,4759
3773729,4782
3774100,5418
3775607,3992
3776761,4229
3777180,3982
3777703,4980
3777948,5118
3778804,4581
3779001,5944
3779838,5499
3780198,5123
3780690,4184
3781061,3875
3781693,4175
3781939,3826
3782487,3604
3782801,4859
3783010,4353
3783821,4271
3784512,7505
3786636,6073
3786740,6120
3787146,5280
3787401,5468
3787742,5679
3787960,5471
3788731,4864
3788869,4790
3789036,7105
3789245,5849
3789285,4761
3789716,4927
3789762,6289
3789859,7279
3789881,5812
3789901,7174
3793850,4998
3794270,4532
3794596,4306
3795248,3704
3796167,4607
3796363,5340
3796889,4117
3797863,6086
3798230,5333
3798311,7591
3798332,6087
3798413,4882
3798760,6894
3798945,5281
3799351,5999
3799449,6013
3799595,4923
3801412,4805
3801585,4396
3803025,3676
3803280,3599
3804050,3481
3804304,7960
3804436,5780
3804710,6942
3806960,6396
3807858,8403
3808190,7707
3808970,9437
3809153,4907
3809154,5947
3809311,13566
3809465,12860
3809624,9106
3809777,20827
3810162,14151
3810324,13863
3810477,22545
3810628,21298
3810780,18665
3810947,18354
3811096,21193
3811254,25226
3811414,27962
3811566,17408
3811739,21587
3811927,19888
3812086,18418
3812256,19320
3812431,19646
3812642,16320
3812838,18129
3813022,14743
3813189,17979
3814035,15789
3814200,15767
3814354,18543
3814504,18747
3814662,22506
3814883,16187
3815045,18121
3815233,16098
3816148,15509
3816317,17278
3816476,22238
3816634,17251
3816789,12886
3816965,15382
3817127,18498
3817300,15155
3817461,19115
3817619,15215
3817790,20360
3817991,20437
3818143,19397
3818310,16668
3818474,17940
3820249,13999
3820421,12205
3820577,12480
3820737,14182
3820946,14830
3821114,11873
3821276,12125
3821433,12896
3821592,13542
3821758,15966
3822019,13211
3822181,13360
3825710,14204
3833679,8200
3834058,7610
3834475,7070
3834703,6283
3835123,7424
3835369,8178
3835529,6916
3835575,7685
3835695,7043
3835806,6392
3836532,6002
3838447,5110
3844182,3557
3844244,6475
3844400,5484
3844478,9495
3844596,3898
3844715,7505
3845007,6882
3845135,8746
3845415,6405
3847314,11752
3847456,9568
3847855,12485
3848044,14053
3848140,15073
3848272,6449
3848350,17245
3848580,11281
3848654,18533
3848786,10772
3848982,11643
3849068,13027
3849396,11941
3849487,9879
3849678,9221
3849872,7978
3850045,8344
3850327,5976
3850593,14405
3850735,9194
3850923,12240
3851097,9899
3852043,13997
3853661,12009
3853790,11376
3853888,11225
3853996,9918
3856769,12979
3857082,9658
3857275,9271
3857585,8729
3857765,9243
3857979,5991
3858388,9535
3858554,11962
3859946,8605
3862177,8814
3862380,6975
3862500,8891
3862799,8601
3863088,7070
3863236,5647
3863404,8723
3863466,8957
3863554,9189
3863641,8860
3863735,8535
3863866,6614
3864109,5890
3864679,8408
3874348,4403
3874515,6180
3874701,4408
3874721,5498
3875030,6395
3875087,7807
3875597,3730
3876235,3378
3876732,3753
3879517,5079
3879807,5088
3879950,4196
3880132,4520
3881018,4528
3881315,5266
3881483,8509
3881489,5788
3881655,5121
3881911,8126
3882548,6221
3882694,7028
3882895,6562
3883158,6370
3883862,7591
3883953,5357
3884690,5862
3884889,5859
3884992,9495
3885093,6795
3885894,17780
3886247,9031
3886380,9758
3886609,8597
3886837,11555
3887006,7424
3887861,5036
3888671,8920
3889043,12871
3889269,11770
3889558,14376
3889768,12331
3889873,14125
3890064,14101
3890198,11133
3890329,11067
3891076,12779
3891220,10381
3891669,10124
3891970,12287
3892096,16362
3892210,18777
3892472,18035
3892682,16342
3892933,13774
3893061,13277
3893499,12792
3893740,13150
3894053,12943
3894262,12870
3894451,11998
3894614,16007
3894751,10698
3895039,11754
3895517,11429
3895766,9606
3895885,10230
3896082,11000
3896146,11391
3896241,13097
3898376,8872
3898562,7609
3898910,6474
3899081,7575
3900192,9957
3900336,9136
3906480,9935
3907875,6513
3908189,5271
3908581,4477
3908725,4008
3911544,4816
3913404,5197
3913589,7431
3913887,4879
3914054,6723
3914206,4956
3915012,3967
3915886,3754
3917207,3342
3917366,4155
3917636,4460
3918082,4051
3918235,6726
3919038,6818
3919898,3796
3920377,6986
3920445,10299
3920584,8995
3920735,12404
3920889,8299
3921008,10018
3921184,8345
3921579,13134
3922170,11313
3923054,10279
3923295,10341
3923442,11261
3923601,10758
3923734,7181
3925363,7727
3925791,6331
3925953,6251
3926102,8625
3926235,9107
3926371,8946
3926511,8742
3926645,7538
3926783,9403
3926881,8222
3927016,10568
3927146,8941
3927285,8377
3927419,8149
3927551,7886
3927685,9868
3927852,9443
3928001,9083
3928140,8582
3928287,8349
3928423,8001
3928558,8375
3928789,7401
3938257,4640
3938260,3803
3939300,4431
3940295,4636
3940708,5501
3940924,6582
3941075,5400
3941200,5224
3941359,5445
3942776,3795
3943259,4660
3943310,5628
3943414,6568
3943498,4271
3944007,5399
3944191,6158
3944670,7088
3944827,5466
3945088,5921
3945239,6112
3945435,7371
3946005,4888
3948090,4892
3948336,5174
3948601,7289
3948855,4066
3950633,4582
3950957,6005
3952264,3377
3952488,5606
3952781,4329
3954273,6269
3954307,7127
3954489,7299
3954525,8035
3954702,5737
3954867,6720
3955930,7965
3956515,8333
3956838,6231
3957758,5256
3957997,4008
3958157,5219
3958449,6039
3958674,5050
3958827,5511
3958973,6053
3959221,6014
3959651,6941
3959778,6225
3961296,4972
3962356,5726
3962774,5231
3962949,4219
3963141,4289
3965297,3650
3966659,4685
3967289,4380
3969006,3984
3969089,3593
3969401,3823
3969541,4775
3970010,3927
3970155,4529
3970611,3962
3970736,5777
3971341,4233
3971591,4053
3971727,3581
3972486,6694
3972748,6861
3972947,5670
3973251,4539
3974782,4882
3974891,4639
3975218,4471
3975867,5308
3975947,6305
3976145,5787
3976494,6619
3977204,7313
3977276,5087
3977446,5867
3980445,3670
3980713,4075
3981137,5196
3981304,4806
3981458,3892
3981546,4948
3982040,5591
3982695,5757
3982766,7162
3982970,5271
3983373,5619
3986754,3832
3987031,4082
3987323,4106
3987852,4459
3987974,5596
3988286,5347
3988489,6491
3988817,6864
3988885,6909
3989159,5919
3989588,5372
3990960,4838
3991775,4736
3992342,4129
3992728,4238
3992899,4601
3993097,4305
3993351,4567
3993542,6496
3993762,4331
3994245,6384
3995100,6247
3995154,5804
3997343,3973
3997772,5786
3998305,5199
3998740,3677
3998945,5259
3999046,6273
3999381,3713
4000274,4979
4001996,3832
4002038,4930
4002178,4391
4002642,4820
4003319,4395
4003529,4876
4003643,4447
4003788,6615
4004028,4583
4004707,5067
4005445,3743
4005519,4047
4005784,3807
4006754,7844
4007120,4579
4009836,6230
4010026,10988
4010053,6457
4010759,6395
4010802,13035
4010856,8919
4010929,10339
4010948,14341
4011200,8705
4011733,6283
4012007,5901
4012090,4545
4013574,6083
4013754,12145
4013891,5867
4013967,9677
4014258,9194
4014457,11725
4014724,10945
4014780,11179
4015150,4959
4015346,10176
4015547,8187
4015740,10286
4016770,5764
4016906,5431
4017108,6015
4017237,10718
4020956,5536
4021324,5001
4021867,6459
4022460,6990
4022618,4826
4024053,5319
4024159,5140
4025392,5208
4025439,6347
4025654,10798
4025922,5315
4026159,5268
4026270,6790
4028998,5623
4029056,5014
4029515,5514
4029681,4332
4029804,4409
4030596,4427
4032202,4582
4032227,5863
4032259,8631
4032615,3560
4033268,4035
4033923,3595
4034650,3743
4035056,3325
4035436,3344
4036144,4335
4038626,5862
4038857,4604
4038885,4908
4039702,3610
4039966,4486
4040117,3838
4040259,4301
4040971,4618
4041127,4227
4041165,5589
4041380,5603
4041517,5081
4041828,4206
4041896,4364
4042044,4840
4044034,3313
4046258,4656
4047395,3781
4047616,5060
4047782,4579
4048087,7680
4048129,7909
4048227,4345
4048271,3999
4048796,6658
4049066,3491
4049248,4527
4049676,4043
4049914,4739
4050076,5177
4051489,3712
4052922,6299
4053032,5379
4053260,3927
4053615,5139
4054434,4565
4054719,5228
4055084,4285
4057609,5444
4057798,9370
4057849,5259
4058006,9381
4058146,5738
4058283,6390
4058420,6040
4058560,5933
4059308,7013
4059334,7613
4059416,8013
4060899,5522
4061566,7092
4061764,6986
4061957,6958
4062113,6034
4062250,9298
4062391,8835
4062538,9203
4062679,8889
4062797,9881
4063075,8069
4063212,9944
4063451,7217
4063607,7110
4063882,6800
4064077,5314
4065681,8008
4065714,6610
4065966,6235
4066534,7078
4067968,4650
4069215,5855
4069481,9262
4069664,6474
4069949,4840
4071804,5686
4075181,4197
4075373,4445
4075505,4134
4076277,6709
4076378,3722
4076872,3797
4076924,3864
4077010,6084
4077114,6670
4077157,6735
4077287,4212
4080267,5730
4080328,4735
4081606,4690
4081767,5292
4081984,5022
4082520,3867
4083755,4128
4084011,4532
4084080,4603
4084754,4739
4084905,4514
4085163,6066
4085212,6129
4085398,5100
4085734,4911
4086260,4426
4086990,4103
4087395,5627
4087889,3526
4088338,4570
4089371,4665
4089535,3944
4091740,5203
4092040,4367
4092876,5910
4093212,5510
4093324,6708
4094654,6047
4094721,5998
4095045,4618
4095233,7808
4095391,5899
4095628,6294
4095777,6227
4096018,5865
4097223,5458
4097379,5027
4097424,8094
4097520,5025
4097866,7766
4097913,7658
4097944,6645
4097977,7789
4098799,6923
4098884,6677
4099197,6065
4100469,6237
4103574,5051
4104001,5923
4104236,8057
4105013,4301
4105600,4607
4107333,6061
4107508,5614
4107638,5047
4107884,7771
4107967,10012
4108160,9566
4108311,10357
4108430,9062
4108562,9852
4108730,9134
4109228,8908
4109446,9560
4109765,9040
4109979,5427
4110156,6467
4110439,7351
4111238,8449
4111341,7413
4111519,8669
4111836,6350
4112404,8778
4114052,4434
4115013,8700
4115360,6606
4115679,6798
4116158,6211
4116361,6194
4119072,5848
4119087,7756
4119319,5990
4120281,5106
4120885,7058
4124062,3519
4124464,5610
4124970,5269
4125681,3668
4125872,4729
4126168,4690
4126322,4428
4126437,5065
4126550,5160
4126742,4686
4126969,7654
4127135,6082
4127326,5566
4127622,6854
4127988,8892
4128050,6714
4128199,9504
4128322,8117
4128623,9150
4128729,4552
4129003,4988
4129575,4657
4129794,5498
4130410,6099
4130645,7082
4130892,6114
4135515,4566
4135777,4918
4136079,4804
4136291,4978
4137904,4872
4138277,3737
4138461,5955
4140375,4938
4140785,4312
4140956,4243
4141536,4873
4141562,4902
4141674,4841
4142249,4378
4142977,4786
4143180,4723
4143239,4239
4144034,4667
4144460,4295
4144850,5433
4145247,4860
4145367,5074
4145871,4294
4146684,5990
4146965,6001
4147038,6726
4147134,5075
4147795,7710
4147897,4831
4148799,7954
4148851,6944
4150570,4868
4150704,7167
4150841,7001
4150967,6154
4151075,6498
4152002,5894
4152624,6372
4152789,6118
4152922,5461
4153674,4811
4153903,5233
4154246,7441
4154547,7270
4155183,5398
4155235,5767
4158523,4927
4158582,4464
4158869,3869
4159517,3654
4160058,4929
4160167,5123
4160352,5161
4161256,4185
4162072,3844
4162344,4416
4162880,3401
4163409,4512
4163612,4404
4163849,5328
4163972,5540
4166044,5013
4166076,4321
4166197,4425
4166503,5412
4166703,5284
4167074,5444
4167205,6634
4167345,6418
4167539,5848
4168382,5069
4168723,4705
4168948,5078
4171147,6934
4172993,8493
4174190,7087
4174325,6865
4174394,4234
4174630,6405
4174878,9151
4175240,7562
4175268,6319
4175518,7541
4175528,7837
4176485,7048
4176592,9099
4176655,7700
4176765,8320
4176913,7633
4177071,7402
4177089,7330
4177224,6938
4177264,8139
4177448,8090
4177500,7857
4179426,7545
4179965,4607
4183159,4044
4186302,3661
4186487,5975
4186880,3531
4187432,4332
4187509,4923
4187654,5321
4187786,5750
4188205,4969
4188238,4662
4188401,4188
4188413,3942
4188905,4831
4189343,6096
4189553,4757
4190533,4240
4190898,5506
4191031,4814
4191241,3944
4192390,3949
4193267,3853
4193570,5384
4193786,4317
4193805,4473
4194990,4695
4195284,5298
4195975,4522
4196500,3589
4196944,3396
4198422,4024
4198733,3870
4199199,3366
4199882,3666
4200478,3571
4200844,5673
4200939,3867
4201162,5607
4201276,4259
4201396,4957
4204434,4839
4204444,4407
4204626,5751
4207349,3684
4207770,6190
4207859,3486
4208469,8062
4209243,20773
4209324,7336
4209393,7352
4209707,6663
4209768,6001
4209842,17728
4210316,6281
4210894,20092
4211581,5966
4211753,5593
4211863,5729
4211893,8924
4212032,7989
4212309,7120
4212674,7271
4212897,12995
4213067,13782
4214009,17366
4214391,7772
4214734,10357
4215405,14176
4215505,16802
4215628,12707
4215847,12639
4215930,12118
4216091,16094
4217740,11190
4217882,10360
4218149,10756
4218917,11001
4219593,12420
4220136,11966
4220293,12313
4220558,11196
4220877,11385
4220924,11485
4221657,10675
4221755,13027
4222361,17382
4223355,8166
4223553,15471
4223672,19228
4223858,19853
4224017,18600
4224224,15929
4224417,13963
4224616,14256
4225206,16424
4225230,15119
4225259,16714
4225312,15872
4225355,13167
4225368,15165
4225660,13051
4226037,16356
4226283,16195
4226760,15228
4227128,14057
4227439,14494
4227650,14765
4235859,10651
4236018,8766
4236165,8981
4236307,9200
4236445,9210
4236674,9575
4236826,7689
4236872,8097
4237261,7100
4237644,5970
4239153,6598
4239500,7034
4239776,6826
4240065,7245
4240390,8472
4240416,7807
4240539,8569
4241311,6440
4242032,5074
4243845,4801
4248914,4528
4249153,3747
4249709,5627
4250031,6199
4250111,4522
4250297,5735
4250409,5687
4250887,5944
4250986,6908
4251023,7035
4251257,7045
4251395,6742
4252137,9704
4252201,6485
4252517,6104
4253903,8043
4254102,4682
4255424,8301
4255627,11303
4255719,11201
4255797,9381
4257056,6874
4257311,6028
4257387,10588
4257599,10786
4257667,8684
4259436,4782
4259723,4638
4260317,6155
4260973,12201
4261114,6785
4261234,7691
4261780,10666
4262234,10650
4262439,10351
4262797,9179
4263207,7933
4264508,8014
4264630,7291
4264842,6220
4265028,8581
4265236,6458
4265351,10524
4265966,12284
4266020,10879
4266110,11783
4266493,7173
4269150,12166
4269312,8864
4269397,5975
4269583,11173
4270192,7399
4270270,6926
4271950,5480
4272052,5072
4272623,9285
4273055,7925
4273803,6965
4274156,8034
4274420,9182
4275039,6535
4275189,8450
4275623,7589
4275884,7305
4276143,11081
4276243,6043
4276496,6983
4278607,11282
4278864,8785
4279215,6891
4279370,9511
4279491,8776
4279754,14210
4280088,8926
4280165,9236
4280681,9385
4281278,8667
4281696,6030
4283960,7290
4284355,6748
4284770,6379
4284926,5860
4285048,9527
4285327,10465
4285600,10327
4286465,11927
4286689,13225
4287052,11543
4287114,8994
4287279,11524
4287413,10162
4288012,8425
4288175,16907
4288344,8134
4288511,7529
4288646,9387
4288759,13144
4289287,12679
4289858,16983
4293053,5061
4293212,7993
4293490,10505
4293829,8863
4294134,11950
4294261,13150
4294655,10293
4294874,9058
4295488,8527
4295964,11062
4296349,9025
4296507,9197
4296794,10789
4296871,12034
4297007,12088
4297435,10179
4297707,10388
4298162,11200
4298620,10052
4298877,16140
4300448,12359
4301802,7812
4301843,12099
4302022,7574
4302201,7467
4302384,7344
4302742,6367
4302884,7996
4303305,8099
4303475,8074
4303846,6733
4304681,6786
4304941,5219
4305188,5495
4309966,8130
4310237,7655
4310938,7571
4311346,6611
4311483,6233
4313291,5473
4313471,5241
4313633,7982
4313800,13517
4313852,8194
4313988,7907
4314118,13326
4314338,13620
4314383,14298
4314414,15296
4314443,15325
4314461,11992
4314485,12225
4314532,12076
4315653,12535
4315656,12847
4316184,10374
4316276,11620
4316354,10154
4317085,9572
4317784,8997
4318226,8967
4318536,10836
4319321,10399
4319448,10071
4319581,9625
4319874,9395
4320036,13097
4320461,10837
4320682,11949
4321222,10876
4321645,10813
4321789,8857
4321880,10668
4322072,9732
4324003,8066
4324157,6315
4324293,6033
4324460,8590
4324800,9417
4325432,8088
4325577,7649
4325723,7240
4325855,7042
4326073,7678
4326286,7752
4334165,4320
4334281,3980
4334305,3778
4334870,3789
4336083,6633
4336258,3918
4336414,6457
4336567,6236
4339090,3924
4339270,6134
4339390,6202
4339578,8068
4339797,5928
4341148,7038
4341412,6061
4341555,6458
4341629,4569
4341890,5521
4342150,4407
4342924,5000
4343488,5032
4344088,3582
4344361,4093
4344964,3824
4345705,3606
4345752,4618
4346259,4164
4348979,4188
4349138,4785
4349344,4744
4349553,6479
4350099,4270
4350210,4697
4350356,4766
4350583,6446
4350733,5647
4350880,6084
4351641,3418
4352388,7293
4352601,8080
4352854,7039
4353003,6580
4353198,9969
4353331,9779
4355221,8720
4355360,7137
4355613,8894
4355776,7767
4355930,9716
4356144,7213
4356271,6325
4356467,8941
4357265,5509
4357398,5816
4357538,8836
4357682,8764
4357856,8221
4358585,7459
4358789,8093
4360066,8696
4360262,7998
4360426,7698
4360578,7468
4360949,6075
4361737,8124
4363211,6946
4364034,4914
4364633,8872
4364667,8103
4364799,9522
4365123,7578
4365247,7158
4365507,9694
4365648,6363
4365872,6193
4366096,8370
4366220,6827
4369557,4217
4370436,11631
4370584,9775
4370837,10047
4370978,11868
4371022,5220
4371255,5297
4372659,7647
4373151,5964
4373305,5910
4373541,5502
4376955,5439
4377185,5802
4377313,4792
4377624,9259
4377661,5278
4377707,8781
4377727,8814
4377860,5837
4378524,6088
4380128,7021
4380403,7693
4380552,9570
4380691,5243
4380922,6736
4381072,7528
4381790,7113
4381945,8276
4382144,8029
4382298,6762
4382437,8268
4385691,7380
4385977,6435
4386144,7591
4386282,5354
4386559,7004
4386695,9605
4386972,10540
4387163,8726
4387702,9035
4387951,12268
4388178,12596
4388300,9812
4388439,10171
4388635,10305
4388933,6254
4389949,13029
4390249,14297
4390721,9218
4392076,11088
4392245,8110
4392898,8067
4393103,8495
4393283,9512
4393405,12754
4393576,12260
4393806,7388
4394102,10095
4394389,10611
4394534,12367
4396549,13865
4396899,10675
4397112,9953
4397253,8136
4397388,9054
4397520,12514
4400436,9883
4400612,12618
4400997,9908
4401628,11899
4401879,9595
4402021,9244
4402155,10318
4402278,10613
4402418,9100
4402591,7639
4403457,11249
4403537,9936
4403661,10336
4403806,9354
4404033,7717
4404329,8544
4404519,7281
4404866,7894
4405072,7309
4405694,7673
4405845,6258
4405979,7124
4406795,6945
4407167,6947
4407233,7121
4407589,4461
4415549,3598
4415580,4042
4415963,4944
4415975,5853
4416124,5220
4416260,3586
4416874,5404
4417027,4765
4417201,4975
4417335,4989
4417842,7314
4417876,8652
4417909,6511
4417944,8070
4417987,9171
4418007,8111
4423445,6429
4423760,4927
4423790,7459
4424370,8675
4424545,6129
4424864,8400
4425332,6688
4425597,7422
4425866,6443
4427228,5571
4427538,5483
4427613,5755
4427728,5038
4427897,6705
4428087,6639
4428162,5728
4428425,6250
4428594,6286
4429178,5367
4429459,5566
4431373,3706
4431680,3682
4431912,6592
4434066,3816
4435603,5459
4436459,4808
4436962,4794
4437070,4890
4437387,4898
4437866,5146
4438098,5645
4438292,4588
4438790,6192
4439036,10622
4439281,4965
4439668,6440
4439703,5640
4439931,6750
4440071,4360
4440308,5608
4441092,7474
4441541,5768
4442373,7342
4442934,3972
4444071,4503
4444262,6061
4444488,6952
4444710,6205
4445094,5740
4445603,6339
4445674,5967
4446050,5921
4446223,6832
4446362,5932
4446519,6030
4446863,5371
4447008,5993
4449385,3917
4449875,3538
4450491,4012
4451065,3242
4454028,4052
4454444,3758
4454597,3858
4454799,6806
4454898,3443
4454963,6436
4455523,6866
4455723,6383
4455897,5786
4456424,5747
4456485,5958
4456651,4868
4456968,5623
4457142,4100
4462995,5169
4463589,6704
4464734,4478
4464944,6477
4465097,4393
4465239,6496
4465376,4738
4465512,5696
4465657,5279
4465795,11091
4465881,7320
4466026,6501
4466170,5903
4466309,10091
4466443,8639
4466578,7064
4466721,9200
4467055,8584
4467186,9303
4467413,8589
4468132,8423
4468638,5393
4471650,5694
4471831,5808
4472041,5667
4472412,5031
4472568,6314
4472695,9094
4474260,4176
4474489,3565
4474798,6212
4475053,5387
4476033,6880
4476915,5342
4477398,4927
4477777,6116
4478492,5274
4479151,5158
4479309,5801
4479876,4966
4481247,3443
4481875,4884
4482104,5836
4482395,6242
4484653,5621
4484858,6217
4485151,6123
4485384,6249
4485543,5780
4485709,7372
4485841,7345
4485994,9077
4486422,6458
4486579,10030
4486738,8233
4486882,8825
4487031,8962
4487152,7868
4487270,7646
4487875,9288
4488182,10723
4488446,10817
4488666,12296
4489043,10024
4489206,8805
4489327,7532
4489478,15133
4489786,13225
4489891,15014
4490123,13599
4490264,15639
4490568,12664
4490693,8610
4494190,8072
4494773,9255
4494961,9006
4495220,10391
4495389,12054
4495667,11713
4495952,12943
4496905,11049
4497210,10100
4497335,7871
4499334,6435
4499516,9026
4499932,12297
4500017,9979
4500356,8887
4500405,10344
4500425,12463
4500461,11118
4502177,6707
4503737,5382
4504063,7235
4504349,7272
4506692,8513
4507405,6889
4507664,4644
4508316,6965
4508576,6265
4508931,5842
4509283,5438
4509540,9081
4509618,7125
4509921,6722
4510135,5932
4510863,7080
4511134,7536
4511380,8247
4511515,6318
4514057,7008
4514474,4815
4515015,8487
4515334,5055
4515467,7155
4515622,7873
4516058,6190
4517138,7799
4517407,6152
4517635,7854
4517737,6473
4519560,7192
4519759,8604
4519800,8333
4519988,7433
4520054,6140
4520165,7894
4520238,5694
4520805,7957
4522876,5896
4523034,5207
4523614,7332
4523897,6435
4524155,6589
4524280,7714
4524586,6294
4525540,4197
4525976,6993
4526071,6847
4528568,5188
4528872,4731
4529166,5097
4529419,6124
4529580,7980
4529701,6692
4529784,5845
4529928,5559
4530037,6248
4530176,7914
4530453,5926
4530695,5881
4530970,6448
4531201,6543
4532418,6669
4533109,4208
4533782,4573
4534393,3981
4534522,3764
4538890,4904
4539079,6535
4539289,5407
4539339,5587
4539512,5362
4539641,4993
4540879,5317
4541012,4696
4541619,7948
4541667,9233
4541891,7210
4542134,6662
4542207,11274
4542395,7627
4542404,7663
4542527,8507
4542995,10951
4543033,11186
4543272,9127
4543282,10048
4543519,10653
4543685,8660
4544097,7391
4544394,9036
4544872,7156
4545001,6671
4545131,6091
4545583,7052
4546217,6919
4547181,7045
4549215,6673
4550639,5080
4550875,4868
4551414,7601
4551566,7006
4552046,8038
4552572,7136
4552739,7060
4552962,6365
4553202,7801
4554255,6356
4554417,5172
4555111,3754
4555802,5382
4556623,7292
4556677,7304
4556720,7454
4557415,5482
4561016,3978
4561169,3685
4561305,4214
4561468,5984
4561601,6311
4561754,4850
4561980,9206
4562108,5662
4562509,5521
4562582,6875
4562633,8399
4562713,6918
4562744,7518
4562771,7850
4562804,5964
4567271,17002
4567397,16220
4567684,13557
4568833,7740
4569084,7489
4569270,8623
4569798,9634
4569848,14615
4569891,12706
4569937,14234
4569971,12537
4570008,15059
4570038,16345
4570219,14123
4570259,14878
4570293,16189
4573100,4505
4573663,4961
4573854,6039
4573941,9580
4574037,7059
4574164,8043
4574740,7579
4574950,7712
4575276,7720
4575532,4112
4575734,5031
4575927,4987
4576054,4787
4577617,7138
4578030,5842
4578204,5874
4580860,6019
4581069,6374
4581175,6559
4581729,5252
4581955,11342
4582791,10107
4583311,9182
4584039,6180
4587921,4417
4587955,5403
4589049,5540
4589133,4363
4589186,5079
4589586,6017
4591028,6490
4591250,6648
4591391,4315
4591522,6138
4591905,5734
4592053,5653
4594653,5235
4595548,5510
4595956,13466
4595989,6577
4596137,7021
4596270,9056
4596368,4038
4596624,9356
4596724,10058
4597103,8861
4597733,8803
4597942,9948
4598129,14121
4598273,13409
4598394,19114
4598507,13583
4598667,12015
4598918,10724
4599629,6569
4599998,8023
4600144,8392
4600288,8530
4600444,6580
4600583,10159
4600751,10433
4600880,8842
4601283,8582
4603860,9164
4604405,5998
4604637,10831
4604837,12744
4604871,8700
4605162,9000
4605358,9706
4605499,10380
4606017,11409
4606377,17671
4607277,14299
4607446,13660
4607636,12782
4607818,12360
4608367,9969
4608625,15335
4609854,11915
4610450,13257
4610774,13402
4611014,12156
4611300,13615
4611440,13016
4612170,12226
4612491,10968
4612692,11856
4613231,12489
4613375,11890
4613513,11878
4613647,11372
4616177,8611
4616301,9038
4616415,9027
4616573,8919
4616704,10604
4617671,9283
4617757,9484
4617896,8351
4618004,9259
4618117,8064
4618224,9313
4618394,8302
4619150,8061
4619610,6466
4620569,7017
4628226,4384
4628343,9108
4628372,9012
4628683,8414
4630113,7690
4630294,7452
4630579,6930
4630677,8334
4631220,8929
4631253,6027
4631336,6055
4631390,5721
4631790,6363
4632158,6386
4632488,5123
4632907,4611
4633526,4922
4634497,4540
4635462,4524
4635534,3728
4637184,4734
4639775,6225
4640090,8920
4640197,10802
4640318,3344
4640372,4367
4640852,3783
4641003,5082
4641136,4649
4641253,7748
4641380,5582
4641635,4964
4641873,4923
4643014,7994
4644041,5016
4644097,5455
4644568,7523
4644736,6963
4644902,6165
4645023,6875
4645314,6710
4646355,7343
4647054,7838
4647213,5792
4647474,6830
4649973,13538
4650241,7078
4650335,8549
4650455,4677
4650611,10341
4651080,5700
4651786,11605
4651877,7551
4652101,11364
4652236,11529
4652429,11130
4652580,7335
4652948,11326
4654167,9481
4654312,8923
4654475,7532
4654608,14348
4654752,10258
4654888,7806
4655233,10385
4655369,10996
4655736,10696
4657858,18218
4658044,11497
4658189,7692
4658329,17520
4658916,11185
4659262,8646
4659710,10828
4660001,9141
4660148,13638
4660296,14601
4660588,13592
4660731,11827
4660868,18078
4661022,10518
4661123,10208
4662865,10485
4663017,9005
4663150,11468
4664782,14790
4665247,13932
4665452,10218
4665643,13234
4665783,13720
4666775,10411
4667130,11206
4667369,9751
4667774,12559
4668050,15097
4668207,12232
4668412,11467
4668544,12090
4668659,14312
4668806,10867
4668836,14398
4669501,10593
4669703,10710
4669926,12824
4671154,15406
4671193,15363
4671485,15286
4671592,15791
4671635,11768
4671710,11586
4671769,13121
4671983,15955
4672262,16747
4672458,15757
4672559,15188
4672580,15444
4672597,18341
4672673,14204
4672899,9480
4674844,8508
4675015,11100
4677292,11242
4682787,7917
4683176,7464
4683315,7088
4683451,7076
4683593,9165
4683860,8509
4683918,7085
4689160,4344
4689199,4035
4689336,4278
4689544,3967
4689665,7218
4689804,7577
4691097,6370
4691132,5476
4694025,6361
4694242,4489
4694488,3426
4694634,6354
4695105,5033
4695398,4045
4696142,5430
4696237,7049
4696271,5612
4696326,5686
4696406,6739
4697136,7071
4697271,4511
4699755,4901
4701305,10428
4702056,6295
4702243,5670
4702385,8567
4702529,7011
4702650,5860
4702791,9352
4702943,8704
4703092,5562
4703240,6904
4703377,6916
4703512,7085
4703647,7373
4704570,5422
4704724,6711
4704997,6387
4705049,8718
4705070,7044
4706173,6495
4706696,8190
4706860,6439
4707011,5716
4707162,5980
4707320,7386
4707467,6213
4707722,7219
4710575,4573
4712786,4551
4713732,5229
4715850,4184
4715871,3961
4716045,3856
4716238,5221
4716352,4676
4716443,3966
4716638,8451
4717120,8369
4717385,6943
4717508,6269
4717715,6282
4717940,5102
4720544,3958
4721487,8852
4721696,4362
4722107,8522
4722592,4842
4723565,7695
4724926,5069
4725099,6204
4725227,5509
4725625,6518
4725672,6932
4725943,5240
4726070,5696
4726260,6349
4727330,5788
4727429,5148
4727545,4878
4728231,4239
4728290,4229
4728310,6496
4728339,5841
4728371,7904
4732879,3918
4733033,6241
4733487,5934
4733718,5375
4733982,4849
4735207,10995
4735406,11547
4735550,10151
4735864,8250
4736116,5507
4736259,7972
4736397,8618
4736722,8678
4736990,7767
4737278,10497
4739403,6946
4739528,8468
4739926,9657
4740052,7898
4740198,10649
4740382,17283
4740533,6892
4740734,19199
4740895,19045
4741082,21181
4741266,19090
4741458,18805
4741612,9902
4742088,13804
4742282,15171
4742388,12688
4742862,10279
4743020,17469
4743181,17362
4743337,16860
4743499,20611
4743650,14256
4743870,15030
4743889,12366
4744069,15785
4744553,9515
4745477,19753
4745980,12710
4746144,14281
4747910,13027
4748157,19138
4748363,19761
4748513,13046
4749072,16347
4749230,12839
4749374,13937
4749639,16628
4749765,14355
4749909,8727
4751185,13885
4751280,14375
4751313,15288
4751892,13883
4751948,15179
4752002,14455
4752057,13635
4752110,15949
4752160,14983
4752220,14582
4752271,14657
4752321,14975
4752775,15451
4753046,12296
4753234,14134
4753516,14226
4753579,10889
4754213,13761
4757981,9802
4758018,9555
4768312,4170
4768383,6733
4768484,4200
4768769,6498
4768859,5547
4768908,6821
4768949,6529
4768980,6226
4770324,4934
4771481,4257
4771734,4631
4772217,3856
4775471,6060
4777180,4679
4777358,11537
4777698,10696
4777759,9807
4777890,4108
4778100,10803
4778222,9837
4778448,9064
4778789,9741
4778993,7189
4779046,9165
4779156,8533
4779330,8308
4779462,7516
4779891,7378
4780086,12044
4780462,11005
4781001,9685
4781196,14698
4781301,9310
4781388,11637
4782061,9472
4782073,8884
4782427,14096
4783141,8561
4783328,6745
4783485,8092
4784855,7592
4785109,7494
4785324,7329
4785896,9269
4786037,6211
4786371,7532
4786631,9153
4787639,9090
4789027,10855
4789196,6533
4792675,3944
4793092,6897
4794037,6610
4794605,6685
4795154,6241
4795555,4384
4796523,5258
4796760,4869
4796799,6101
4796838,5285
4797675,4236
4798496,8103
4798507,8317
4798686,8085
4798720,7483
4798751,7102
4798819,7280
4798981,8108
4799168,8523
4799371,9709
4799611,8157
4799645,7621
4800092,8670
4800201,10809
4800391,8953
4800603,5652
4800710,7801
4801263,7203
4801409,8584
4808539,7768
4809020,7081
4809174,7194
4809873,7879
4810525,6031
4810621,6876
4810701,6697
4811061,5632
4811168,8875
4811375,5348
4811621,7622
4812001,7643
4812928,6368
4814145,7567
4814192,6978
4814379,8726
4814533,8012
4814668,7352
4814802,11985
4814842,8724
4814874,9559
4814912,17464
4814944,10861
4814974,12924
4815003,10657
4815038,10716
4815065,17628
4815113,10389
4815434,9837
4815455,13369
4815556,13904
4815670,7514
4815851,8745
4819064,7843
4819323,13159
4819468,13388
4819623,16056
4819875,15551
4820031,14428
4821005,13343
4821279,14301
4824759,14105
4824766,7817
4825284,13083
4825929,14702
4826056,12262
4826063,10810
4826253,12010
4826513,11479
4826864,14448
4827252,14678
4827999,14528
4828243,15162
4828491,17503
4828647,15783
4828834,17219
4829006,14993
4829163,12983
4829315,18758
4829580,14350
4829745,14136
4830250,14070
4830416,13967
4830572,18206
4830730,17682
4830900,19011
4831061,16703
4831227,16337
4831379,10704
4831883,17207
4832049,15827
4832208,14598
4833257,11765
4833939,14524
4834140,14816
4836204,11718
4836398,12669
4836551,10908
4836702,10810
4836873,12022
4837036,12082
4837199,11817
4837360,11679
4837932,14562
4841462,14591
4841500,14479
4841538,21347
4841568,21541
4841603,16233
4841642,18725
4841748,20730
4841797,16442
4842719,16467
4843493,18538
4843613,21919
4844085,18774
4847028,14975
4847284,16062
4847598,14527
4847947,14337
4848492,14107
4848871,20489
4849115,16509
4849256,16542
4849393,18839
4851361,11423
4851532,12061
4852199,9868
4852330,13293
4852542,16942
4852851,15752
4853005,14217
4853139,14159
4853288,14609
4853584,20491
4853620,19322
4853638,18575
4853656,18718
4853702,14388
4853883,9032
4854083,8456
4856112,15892
4856614,14482
4856805,19050
4857333,14394
4859266,12093
4859332,14093
4859387,15111
4859437,17014
4860383,13001
4860450,15923
4860485,15808
4860710,10800
4860945,15583
4861113,8970
4861277,10621
4861426,9523
4861582,9993
4861735,8945
4863641,11288
4865974,7637
4866259,10162
4866720,12732
4866924,11636
4868645,10129
4868800,9363
4868875,8548
4869584,6041
