3746,3184
3990,3017
4213,3449
4308,3593
4589,3938
5665,2967
5962,2812
6321,2838
6475,3235
6657,3116
6809,3121
6915,3293
6949,3593
8866,3165
9342,2922
9494,3025
9632,3101
10138,2922
10234,3589
10369,3018
10572,2901
10586,3051
10858,2862
11251,2815
11266,3114
11469,3009
11578,3342
11721,3305
11851,3224
12109,2991
12689,2779
13038,3601
13430,3078
13507,3195
13909,3066
14038,4032
14146,3677
14183,3278
15219,3984
15779,2809
16028,3319
16165,3258
16355,3460
16373,3378
16481,3446
16811,3344
16983,3750
17131,3512
17200,3400
17292,3570
17443,3368
17529,3519
18221,3501
18337,2902
18478,3082
18696,3395
18720,4105
18863,3841
18878,3523
19618,3882
19888,3679
19948,3886
20853,3092
21138,3029
21442,2933
21609,2882
21773,2907
22905,2884
23542,3109
24962,2828
25217,2978
25300,2756
25980,2783
26127,2773
26264,3450
26484,3349
26534,5042
28581,3459
28781,3706
28915,3628
29298,3395
29460,3710
30708,2838
30728,2910
30887,2982
30948,3143
31079,3564
31103,4654
31133,3936
31165,4689
31338,3062
31730,3184
31872,3258
31899,3367
32209,4086
32473,4055
32653,3939
32773,3734
32799,3665
33462,3373
33670,3420
33695,3465
33869,3922
34031,3485
34037,3383
34521,3475
35138,3669
35326,3115
35351,3025
35469,3927
35730,3618
35980,3485
36189,3430
36595,4429
37345,5043
37824,2885
38022,3987
38160,4151
38478,4565
38636,4674
38892,3703
39707,3845
39880,3843
40025,3630
40156,4211
40202,4855
40252,5396
40319,3921
40509,4668
42739,3040
43338,3462
43778,3353
43941,3206
45462,2894
45752,2769
45878,3423
46009,3351
46148,3489
46172,3256
47204,3816
47399,3221
47556,3243
47687,2993
47740,3119
47858,3329
47862,3212
48507,2942
48552,3035
48701,3091
48732,3076
48840,3090
48996,3352
49057,3761
49203,4430
49235,3292
49399,3676
49651,4251
49800,2975
50134,3350
50287,3486
50609,3383
50785,3366
51858,2813
52015,2768
52579,3133
52599,3417
52904,3667
53100,3340
53249,3953
53315,4137
54789,3346
54830,2966
54999,3060
55023,3133
55164,3265
55372,3481
55404,3338
55518,3209
55614,3307
55758,3231
56091,3356
56283,3261
56453,3141
57406,4956
57523,4097
59649,2884
59830,3248
60060,3288
60265,4409
60335,2995
61134,3237
61815,3375
62152,3068
62391,3183
62515,3199
62656,3387
62786,3447
62920,3423
63103,3518
63260,3556
64056,2813
64340,2878
64500,2972
64701,3028
64843,3026
64980,3069
65221,3467
65348,2786
65557,3357
65745,3831
65884,3747
66073,3648
66259,4176
66653,3709
66907,3083
66963,3585
67010,3711
67087,3713
68052,2839
68206,3294
68358,3090
68467,3474
68607,3606
68727,3634
68730,3610
68851,3623
69020,3665
70924,2919
71092,3109
71235,3496
71305,4893
71440,4041
71597,4271
71711,4435
71753,4732
72590,3658
72815,3872
72962,3981
73124,3614
73291,3700
73431,3607
73580,3714
73726,3619
73880,3013
74029,3558
74072,3717
74191,3549
75307,2801
75974,2794
76518,3044
76772,4031
77071,2855
77371,3280
80006,2808
80363,3359
80490,3284
80683,3141
80828,3044
80969,3125
81100,3156
81248,5856
81477,3762
81617,5590
81749,5507
81877,6774
82084,5075
82116,6108
82151,6010
84784,3323
84935,4131
85075,3918
85399,3809
85545,3770
85686,3701
85822,3635
85960,3682
86095,3639
86276,3530
86418,3463
86554,3433
86693,3365
86836,3317
86969,3244
91688,11824
91867,11770
92012,5637
92171,11528
92310,11265
92447,11314
92582,5137
92751,5034
92870,10956
93032,10857
93150,4706
93300,4644
93521,4488
93677,4451
93842,4384
94061,4950
94208,5298
94358,4720
94502,4946
94636,4926
94956,3484
95979,3767
96152,3669
96332,3547
96496,4219
96648,7424
96707,5797
96760,5928
96805,6079
96863,7496
96917,7491
96968,7488
97020,11000
97068,9434
97117,10231
97162,10271
97208,10313
97256,3815
100300,4203
101577,3178
101881,6087
101924,5968
102099,2788
102261,3327
102314,3026
105624,6111
106655,3471
108635,3215
108832,3298
108982,3259
109120,3361
109254,5313
109305,3272
109458,3875
109602,3784
109732,3720
109866,4052
110008,4099
110142,4090
110282,4076
110417,3590
110558,3900
110691,3973
110822,3684
110961,3655
111096,3311
111962,2879
112698,3655
112895,3694
113038,3728
113172,3645
113191,3451
113346,3380
113502,3341
114951,2819
114986,2870
115134,3035
115153,2950
115920,2881
116851,2968
117021,3233
117169,3347
117336,3469
117476,3381
117667,3340
118313,3019
118339,3067
118486,3001
118512,3278
118709,3202
118857,3045
119013,3196
119059,3614
119092,3992
119145,3836
119313,4095
119436,4254
119697,3979
119844,4050
119880,4037
120007,4108
120099,3868
120965,3437
121103,3239
121258,4997
121618,4130
121803,4914
121941,4825
121956,3521
122172,4218
122224,3898
122572,4243
122784,4081
122993,3920
123114,3847
124510,2888
125410,2778
125542,2780
125702,3101
125952,3015
126075,3005
130465,2840
131188,3887
132001,2906
132392,3795
132442,4187
132510,2872
132688,3450
132944,3442
133143,3962
133317,3261
133453,3372
133707,3170
133901,3254
134039,3316
134176,3454
134344,3060
134606,2943
134748,3034
135709,3046
135972,3238
136213,3318
136416,3350
136664,3364
136982,4196
137186,4044
137430,4153
137661,4333
137894,4282
138032,4485
138220,3414
138321,4345
138596,3349
138793,3434
138932,3919
140983,2938
141356,3895
141741,3800
142017,3715
142352,3430
142544,3426
142693,3491
142884,3350
144231,3898
144986,3198
145320,3015
145568,2819
145808,2761
146023,2769
146263,3206
146292,2784
146454,2760
146601,2767
146845,2861
146976,2854
147109,2835
147242,4142
147515,3883
147652,4933
147784,3388
150495,2958
151533,3613
151562,2965
151782,3932
151841,3942
151889,2928
152060,2891
152239,2844
152405,2813
152672,3177
152989,2932
153149,2839
153325,3173
153582,2807
153973,2761
154127,2762
154262,2984
156884,3032
158149,2828
158481,2959
158765,3776
159048,3963
159219,4470
159452,4054
159751,4233
160037,3755
160176,3568
160384,3792
161264,3613
161493,2863
162373,3204
162685,2966
163070,2870
163538,3910
163824,2981
164015,3339
164201,3500
164411,3474
164603,3887
164723,4118
164931,5003
165053,4419
165197,3241
165294,4551
166626,3793
166870,3764
167049,3848
167188,3760
167534,3654
167735,3635
167911,3515
168312,2921
168632,3417
168723,3669
168883,2775
169961,2949
170717,3537
170975,5521
171113,5214
171258,3312
171498,3106
171736,2921
171871,2865
173201,3900
173328,3670
173483,3275
173643,3301
173723,3507
174423,2981
174817,2780
175380,3055
175438,3548
175889,3166
175908,3463
176060,3752
176112,3087
176191,3432
176211,3703
179248,2838
179456,3095
180115,2813
180262,3252
180363,2832
180527,2900
180685,3365
180705,3169
180830,4256
180849,3353
181173,3314
181297,3013
181417,2984
181585,3635
181790,3379
181930,3369
182081,3299
182322,3346
182476,3467
182607,3492
182783,3553
182927,3857
183068,4640
183214,4291
183307,3696
184185,3804
184327,4289
184441,4747
184620,4620
184829,4762
184841,3407
184984,3376
185732,3387
185771,3877
185998,3348
186127,4062
186149,3406
186364,4075
186392,3568
186524,3486
186844,3545
187039,3628
187543,3184
187735,3562
187872,3729
188707,2809
188990,3121
189265,3348
189423,3248
189727,3368
189887,3293
193893,2847
194113,2781
194258,4179
194330,3744
194473,3758
194594,4044
194839,3511
194990,3532
195124,3056
195260,3428
195441,3363
195563,3191
198969,3132
200462,5138
200684,7442
200847,7349
200986,5033
201121,4560
201264,5780
201430,4327
201773,3439
201901,5058
201940,5506
201973,5046
202007,5741
202040,5345
203070,4621
203451,4534
203786,4141
204098,4338
204163,6090
204208,6277
204241,6301
204283,6445
204323,6302
204356,6779
204388,6799
205424,3798
205782,3958
206074,3665
207321,3036
207857,3167
208329,3197
208743,3090
208766,2977
208914,2936
209061,2963
209203,3809
209568,2793
209872,3082
210085,3032
210309,3222
212635,7287
213207,6503
213697,3245
214659,4504
215364,5377
215544,5391
215692,5190
215711,4910
215848,2892
216020,3801
216077,4308
216130,4401
216181,4492
216233,4600
216303,4953
216350,4855
216407,4643
216453,5140
216503,5298
216555,5334
216601,5339
216650,5463
216703,5501
216793,5816
217222,2981
221074,3286
222447,5520
224862,3810
225499,5619
225534,3348
225681,7949
225839,9274
226004,7773
226169,5045
226329,3048
226502,8180
226669,8135
226823,7332
226975,6937
227136,6896
227152,2964
227309,7710
227467,6048
227632,5191
227797,3536
227948,3308
228985,2885
229158,2986
229578,5366
229797,3139
229974,3508
230168,3267
230181,5376
230446,4794
230622,4831
230791,4816
230950,4554
231432,4223
231604,3907
231771,3859
231930,3533
232099,3315
232261,3144
232436,3340
232492,3610
232552,5634
232609,3794
236040,2859
236500,2911
236655,2992
236792,3244
237119,3138
237695,3310
237986,3589
238013,3439
238130,2964
238359,3344
238523,4263
238575,3285
238733,2922
238945,3318
239032,3513
239168,2994
239241,3407
239608,2987
239735,2962
240106,2791
240255,2935
240448,3048
240575,2830
240691,2811
241683,3160
243012,2945
244232,3126
244648,3381
244901,3444
245081,4728
245380,4491
245540,4994
246199,3496
246968,2787
247148,4507
247409,2829
247710,3349
247866,3854
248060,3773
248201,6187
248382,3398
248542,4894
248586,4987
248640,5114
248686,3216
248855,3227
249004,3130
249137,3046
250014,4660
250844,2847
251074,2877
251333,3289
252772,3263
253841,3553
254436,2908
255779,2790
255957,2759
256214,3824
256411,2762
256602,2767
256745,2792
256958,3130
257102,3400
257244,4109
257417,3340
257680,3151
259714,2876
260125,3075
260335,3053
260873,3535
261018,3442
261155,4036
261383,4164
261543,4053
261745,3897
261898,3363
262038,3459
262175,3514
262615,3121
262751,3032
262906,2926
263038,2954
264544,3318
264691,3481
264836,3570
266241,3790
266847,2900
267092,2860
267237,3300
267327,2841
267557,3236
267702,3493
267893,3354
268032,3506
268202,4525
268351,3679
268741,4801
268854,3290
269127,3255
269450,3183
269841,3102
271116,2944
271723,4644
271898,5871
272250,3312
274138,3046
274236,3369
274343,3204
274498,3158
274743,2961
276937,2953
278210,4799
278318,3183
278450,3255
278587,4338
278632,3429
278750,3514
278889,3438
279026,4037
279241,3748
279472,3707
280848,2797
281021,3488
281161,3239
281329,3274
281533,3293
281743,3142
281891,3501
282098,4024
283679,2951
284149,2890
286454,3283
287024,3144
287222,5901
287503,3363
287633,3470
287766,3584
287900,3507
288054,3783
288197,3403
288304,3482
288341,3261
288494,3373
288517,3683
288685,3443
288985,4468
289075,3310
289239,3625
289343,3317
289566,3387
290004,3052
290180,3669
290506,2898
290693,3084
290895,3112
291135,3260
291433,3392
291628,3354
291863,3170
292025,3550
292214,3286
292422,3710
295322,2914
295587,3031
296426,3141
296576,3118
296714,3882
296845,3954
297911,3608
297931,3812
298057,3524
298091,3901
298242,3552
298421,3504
298448,3594
298584,3521
298721,3491
298752,3882
298895,4125
298920,4035
299058,4004
299087,4063
299219,4017
299244,5464
299398,4482
299603,5052
299626,4341
299830,4990
299849,4402
299982,4507
300041,4888
300206,4579
301147,4015
301314,3966
301452,4009
301583,3964
301825,4998
301854,5788
301961,5896
302121,5990
302262,5712
303069,5380
303215,5639
303407,5151
303436,4128
303645,5026
303795,5165
304347,4268
305468,3742
305663,3496
305686,4431
305926,3410
305978,3323
306108,3257
307155,3663
307678,2787
308311,3446
312336,2832
313582,3363
313782,3306
313970,3172
314097,2926
314320,2896
314466,2799
314612,2790
314733,3598
314868,3669
315039,3961
315197,3900
315299,3601
315442,3508
315591,3458
315758,3387
317552,3005
317724,2785
317865,3165
317991,3637
318144,5289
318365,4442
318999,2820
319715,2997
319745,4057
319935,3920
320131,3848
320331,3706
320675,3412
321071,5709
321261,3068
322369,3193
322576,3405
322870,3726
323062,3663
323234,3596
323588,3291
325645,3203
325791,4683
325814,3092
326030,3135
326176,3077
326425,3142
327398,3341
327413,3575
328569,3861
329959,2902
330120,2948
330627,4046
330778,3818
331093,3629
331243,3771
331307,2920
331463,3182
331498,3043
331526,3245
331554,3283
331582,3308
331608,3747
332234,3762
332629,2967
334105,3084
334858,2882
335419,2784
335851,3010
336633,3746
337098,2933
337320,2872
337463,2968
337601,3649
337755,3241
337913,3589
338072,3530
338201,3193
338387,3104
338406,3455
339090,3783
339237,3138
339741,3183
340065,3229
340225,3743
340517,2923
340642,3099
340678,3341
343104,3501
343431,3363
343786,2909
344040,2885
344057,3034
344605,2840
344626,2919
344768,2892
345197,3109
345228,4268
345433,3272
345457,3158
345579,4182
345628,3318
345845,3508
346021,3734
346141,3865
347807,2791
347960,3010
347996,3174
348158,3475
348319,3453
348476,3706
348622,3837
348762,3759
348904,3730
349041,3538
349178,3505
349332,3437
349508,3874
349803,4167
349835,3591
349991,4057
350146,3512
350655,3581
350804,3545
352238,4135
352356,3139
352523,3436
352751,3336
352808,3844
352976,3736
352995,4595
353120,3691
353797,3172
353823,3243
354073,3099
354265,3071
354495,3265
355979,3542
356152,3179
356903,3608
357839,3245
358003,3139
358150,3042
358313,2927
358460,2955
358614,2921
358758,2973
358899,3077
359020,3101
359157,3146
359358,2999
359548,2931
359703,2768
360599,3035
360738,3006
364113,4103
364317,4193
364476,3800
365474,3325
366920,2913
367070,3167
367211,3223
367361,3241
367494,3248
367637,3300
367781,3266
367902,4463
368049,4415
368625,4364
368798,4260
368942,4165
371408,3098
374390,3099
374552,2994
374696,3148
374838,3058
374976,2974
375114,3415
375251,3910
375327,3647
375477,3627
375708,4356
375848,5331
375983,5731
376116,5399
376250,5722
376401,3721
376536,3870
376670,4320
376810,4617
376948,3761
377088,4545
377192,4387
377319,3331
377677,3270
378080,3693
378230,3339
378364,3883
378781,3694
379200,3514
379341,4632
379384,7497
379856,2972
380171,2788
380501,4500
382128,2993
383761,3521
384066,3268
384195,3408
384373,3042
384535,2981
384676,3103
384835,3016
385055,2849
385252,5654
386690,4271
388035,2870
388252,2969
388380,3671
388636,2919
389721,4049
389924,3906
390703,3225
391019,2861
391168,2961
391722,2961
391888,3134
392136,2957
392303,2924
392444,3194
392674,3349
392984,3494
393129,3675
393379,3477
393566,5021
393963,4698
395463,3679
395730,3363
395894,3145
396052,3139
396198,3287
396314,3114
396569,3030
396908,2850
397048,3300
397193,3368
397366,3291
397512,3097
397650,3740
398860,2805
399215,2924
401846,3596
402247,4928
402328,3162
402482,2901
402619,3323
402759,3380
402893,3997
403025,3666
403160,3474
403619,3322
403871,3468
404187,2904
404326,2821
404420,2987
404473,2995
405127,2940
405355,3106
405486,3133
405627,3113
405773,3309
405971,3225
406163,3609
406719,2868
408783,3564
409037,3256
409234,3015
409365,3111
409808,3199
409982,2772
410122,3053
410256,3199
410326,3077
410474,2905
410723,2832
410741,2909
410882,2955
411023,2868
411161,3015
412033,3504
412631,2957
414254,4393
414655,5179
414678,3011
414824,3130
414874,3358
415027,3332
415350,3154
415594,3357
415721,3333
415882,3270
416004,3307
416213,3347
416237,3414
416428,3640
416565,3607
416686,3478
416839,3419
417127,3568
417295,3721
417451,3619
417588,3604
417718,4097
417865,4043
418005,3959
418156,3974
418326,4412
418477,4570
418679,4190
418782,4691
418822,4848
418862,6077
418976,4283
419529,4090
419867,4798
419903,4869
420139,4717
420295,5132
420442,5056
420736,4254
421572,3679
421640,3940
421869,4089
422004,3477
422235,3463
423087,2831
425977,2862
426152,2834
426359,3054
426375,4008
426619,3708
426772,3667
426894,3595
427012,3526
427591,2998
427737,2901
427880,2806
428024,2773
428169,3450
428436,2778
428586,3084
429049,3536
429365,3028
431777,2827
431933,2881
432094,3167
432240,3277
432422,2928
432632,2800
432856,2840
432994,3005
433115,3112
434936,3083
435092,3215
435392,3284
435833,3298
435887,3344
436032,3468
436299,3328
436649,3979
437300,2922
437668,3242
437852,2901
438056,3090
438240,3092
438364,3034
438592,4161
438885,4053
438978,3631
439750,3706
443593,4064
443766,2992
443783,3790
443943,3488
444008,3489
444433,3345
444889,2819
445043,2785
445182,2864
445365,3323
445508,3251
445650,3177
445857,3033
446082,3020
446796,4184
448079,4707
448932,3827
449542,3294
449711,3198
449885,3177
450019,3105
450152,3507
450802,3040
451062,3107
451204,3412
451402,3812
451472,4599
451541,4580
451617,4637
451941,4078
453379,3342
453891,3207
453966,3278
454132,3205
454183,3309
454396,3542
454449,4053
454525,4096
454633,3920
454640,4041
454754,4321
454767,3964
454865,4098
454942,4071
457049,3096
457321,2877
457482,4462
457842,4253
457988,3540
458158,3516
458521,3624
458800,3420
459261,3583
459306,3374
459495,2769
460342,2816
460521,3099
460646,3172
460777,3289
460901,3114
460997,3105
463159,3221
463208,3278
463439,3610
463652,3447
463849,3345
463886,3152
464585,2807
465010,3237
465179,3141
465370,2831
465533,3109
465589,3184
465707,3096
465878,3227
466037,3330
466155,3300
466196,3356
466585,3654
466882,3520
467470,3037
467494,3130
467674,2887
467869,2821
467926,3219
468081,3303
468307,3394
468459,3466
468477,4193
468611,3979
469475,3018
469636,3093
469660,3236
469777,3178
470666,3129
470812,3304
471019,5185
471150,3091
471210,3353
471365,3247
471550,3194
472320,3090
472768,2790
473045,2803
473196,3248
473445,3539
473545,3541
473827,3311
474986,3657
475038,2928
475184,3205
475632,3943
476519,2876
476673,3296
476828,3349
478007,3208
479475,3900
479636,3953
479804,3623
480606,3168
481222,4427
481446,2796
481632,2870
481794,2794
481964,2770
482177,6313
482473,6072
482604,5990
482821,5821
482995,5859
483134,6273
483451,5888
483615,5856
483797,5114
483956,3447
484077,3270
485411,4121
485698,3950
485855,3733
485977,4166
486138,4058
487527,2943
488675,4366
488953,4152
489167,4314
489847,3402
489969,3566
492339,3086
492584,3358
492913,3454
493343,2880
494358,2923
494373,3350
495231,3722
496848,3385
497035,3006
497758,3208
497906,3113
498150,2927
498347,2893
498493,2845
498648,2828
498794,2800
498933,2785
499079,2833
499218,3510
499469,3507
499740,3291
499871,3349
500069,3585
500319,3451
500469,4227
500596,3607
500732,4040
502391,3544
502559,3449
502806,3362
503058,3339
503858,2799
504038,2823
504820,3045
505121,3125
505408,3243
505588,3338
507445,4412
507475,3177
507679,4753
508710,3529
509011,3357
509222,4177
509388,2791
510369,2957
510691,5193
510828,5312
510931,5011
510990,2773
511156,3230
514532,3622
514692,2873
515200,3571
515972,3068
516171,3251
516411,2781
516552,2879
516777,4426
516924,2803
517187,4090
517349,3803
517493,3600
517596,3733
517728,3978
517769,3641
517810,3947
518339,3467
518590,3425
518811,3104
520051,2803
520586,2932
520806,3430
521061,3109
521261,3568
521534,3124
521982,3472
522046,3038
522206,2992
522226,4166
522337,2809
523659,2920
523850,2941
524116,2813
526403,2813
526623,3769
526835,2796
527021,4217
527143,4364
527307,3453
527483,4340
527690,3227
527727,4146
527789,4333
527809,3842
529324,2895
529473,3205
529767,2876
529907,2829
530350,3663
530462,2887
530492,2905
530647,3012
530953,3926
530984,3159
531062,3616
531360,3203
531634,3166
531663,3228
531897,3943
533195,2970
533385,3006
533526,3221
533672,3203
533810,3131
533978,3371
534312,3294
534508,3524
534713,3433
534906,4491
535240,4404
535439,4154
535675,4225
535880,3967
536006,3687
537137,2811
537204,3379
537334,2911
537469,3430
537521,2991
537708,3367
537867,3211
537893,3459
538079,3559
538214,3456
539049,2813
539421,3339
541932,3443
542085,3439
542300,3386
542456,3281
542598,3241
542793,2992
542934,2956
543120,2818
543266,2879
543460,2802
543677,3144
543822,3221
543962,3188
544105,3173
544253,3091
544630,3049
545968,2841
546372,3514
546525,3816
546860,3729
549102,4375
549153,4496
549251,4346
549687,3806
549919,3630
550178,3673
550373,3328
550628,3121
550774,3028
550973,2927
551096,2852
551367,2785
551493,4022
551656,3658
551807,2910
551948,3439
557034,6173
557633,5147
558063,4931
558512,4873
558562,3154
558742,3034
558908,2922
558983,4616
559067,7192
559228,5591
559401,3062
559409,4357
559728,6390
559798,4182
559959,6551
560194,5208
560335,6350
560493,3651
560877,3471
561264,3564
562508,4127
562679,3905
562827,3966
562963,3919
563101,3836
563253,3786
563416,3571
563559,3530
563696,3441
563839,3395
563972,3213
564103,3192
564242,3394
564306,3039
564438,2954
564569,2955
564854,2870
564996,2826
565150,2863
565358,2852
565539,2977
568319,3101
568571,4835
568718,3956
568855,4195
568987,3562
569135,4934
570683,2808
570916,2882
570959,3162
571057,3636
571070,3526
571100,3639
575792,2907
576080,2853
576256,3468
576442,2819
576457,3217
576645,2923
576804,2820
577056,2787
577681,2784
579511,2859
579691,2899
579851,3032
580003,3044
580045,3621
580196,6596
580310,3712
580460,3680
580597,3593
580732,3531
580865,3526
581010,3325
581145,3295
581288,3201
581424,3158
581564,3321
581700,3354
581834,3210
581968,3188
582109,3252
582249,4252
582330,3021
582470,3089
582618,3177
582756,3441
582894,3446
583846,3589
584087,3355
584233,3303
586029,3336
586364,3084
586563,3058
586622,3479
586898,2941
587750,3077
587898,3291
587922,3273
588077,3046
588107,3503
588255,3090
588476,2982
588617,2947
588910,2852
588931,3129
589161,2916
589516,3487
589650,3546
589798,3574
589937,3631
590143,3690
590331,4253
590542,4094
590886,3799
592181,3422
592332,3021
592481,3187
592691,3151
592837,3283
593030,3141
593226,3540
593399,3468
593602,3399
593865,3250
594004,3164
594135,3142
594284,3210
594422,3021
598071,2821
598289,3966
598443,3928
598592,5021
598751,4285
599359,2786
599513,3433
599653,5572
599790,5584
600835,4506
601093,4540
601340,4391
601503,4033
602363,4055
602451,3388
602625,3311
602780,3255
603122,3243
603437,3954
603695,3800
603865,4100
604018,4771
604185,4503
604428,4456
604595,4499
604748,4251
604902,4273
605054,4209
606505,3911
606762,3862
606910,3769
607046,3735
607186,4383
607643,3772
607798,4103
608050,4214
608211,4616
611025,3456
611466,3353
611931,3144
612100,3104
612498,2891
612654,2886
612866,2802
613013,2872
613155,3387
613345,3503
613483,3537
613622,3502
613748,3220
613884,3189
614023,3743
614156,3661
614315,4078
614505,3939
614653,3840
614846,3218
616339,3011
616598,3058
617155,2920
617856,2789
618151,2775
619899,2938
620116,2894
621027,3967
621202,4478
621314,3784
621905,3261
622649,2980
623219,3130
623457,3103
624221,3473
624378,3816
624532,3214
625927,4205
626128,4296
626251,3657
626672,3561
626906,3440
627068,3227
627230,3336
627541,3169
628013,2926
628909,3181
628927,3630
629153,3456
629322,3599
629447,3530
629560,3613
629683,3807
629818,3931
629965,4666
631689,3156
632364,2981
632642,2845
633008,3004
633204,3878
633581,3778
633883,3524
633925,3937
634081,3226
634241,3268
634439,3020
636305,2835
636451,3036
636665,2876
636886,3928
637121,3763
637235,3048
637410,3172
637535,4070
637695,3471
637713,4212
637857,3495
637899,3639
638081,4359
638357,4312
639598,2874
639778,2759
639903,2812
640077,2966
640230,3658
641003,2946
641216,2840
641374,2815
641481,3308
642015,3012
642587,2840
642867,2945
643035,2940
643085,3279
645311,3990
645474,4493
645499,3210
645633,3671
645671,3706
645706,4341
646149,3346
646642,3214
646753,3804
646902,3231
647738,2905
647760,3015
647915,2958
647953,3036
648100,3317
648144,3697
648221,3434
648298,3748
648449,4217
648586,4331
648722,4350
648860,4346
648995,3981
649130,4217
649174,4313
649996,3423
650277,3287
651011,2971
651033,3056
651225,3641
651242,3659
651428,4056
651550,3969
651681,3892
651699,4176
651878,4466
651899,4209
652181,4495
652701,4140
653794,3599
653819,3696
653930,3814
654034,5011
654197,4547
654220,4294
654323,6242
654629,5988
654649,6235
654852,6373
655047,6520
655066,7157
655471,6868
657203,5194
657365,5411
657695,5141
657848,4860
658039,4510
658572,4314
658757,4182
658890,4098
659126,3916
659262,4425
659499,3860
659644,4723
660149,4001
660393,4025
660653,3843
662097,4244
662582,3904
663178,3676
663389,3532
663529,3580
663726,3434
663860,3537
663994,3352
664181,3615
664912,2939
665110,2793
665245,3655
665668,3098
665875,2974
666193,3048
668973,3625
669343,3675
669508,3458
669652,3422
669786,3337
669926,3273
670077,3573
670199,3504
670360,3408
670497,3372
670692,3245
671539,3072
672734,3371
674657,2878
674905,2806
675180,2976
675386,3609
675585,2988
675785,3299
675938,4087
676129,3012
676277,3975
676421,2880
676612,4449
676754,3738
676888,3721
677031,3172
677167,3729
677586,4521
677791,3655
677987,3017
678230,4601
678399,3272
678599,3408
678818,3339
679165,3749
680325,4315
680411,4148
680620,2911
681708,3134
681851,3042
683645,2876
684320,3169
684673,2799
684976,2771
685175,4171
685310,3142
685746,3348
685914,3643
686058,3553
686223,3774
686370,4118
686545,3118
686671,3781
686715,4010
686743,4266
688165,2886
688369,3020
688568,4610
688761,3976
688889,4346
689130,4320
689378,4049
689795,3964
690012,3884
690258,3693
690541,3474
690763,3849
691046,3023
691199,2973
691385,2779
691905,2930
692035,2850
692150,3012
692521,2802
692839,3001
693013,3034
693486,2831
694845,3103
697028,2824
697251,3244
697706,2986
697851,3068
698024,3406
698148,3413
698319,3498
698465,3933
698634,4067
701194,5614
701638,4391
701892,4051
702054,4026
702179,2929
702209,3920
703132,2813
703466,3060
703645,2983
703802,2882
703967,2771
704122,2967
704301,3595
704467,4422
704633,4485
704797,4423
704962,4401
705123,4416
705303,4454
705462,3709
705615,3265
705769,3059
707979,2972
708139,3983
708381,3810
708935,3466
709394,3412
709593,2999
710904,2868
711106,3010
711381,2847
711561,3008
711698,2927
711812,3031
711950,3192
712224,3288
712429,3142
712640,3166
712839,3422
713315,3128
713482,3154
714365,3821
714522,3496
714680,3791
714703,3484
714846,3627
714973,3589
714998,3671
715134,3628
715295,3588
715474,3532
715611,5379
715772,3395
716016,3334
716090,3411
716871,2935
717031,3119
717052,4404
717184,3287
717213,3446
717323,3253
717545,3615
717702,3521
717852,3514
719005,3519
719190,3550
719351,3496
719494,3404
719632,3366
719772,3342
719945,3290
720078,3404
720234,3448
720313,3460
720347,3528
720376,3743
720951,3549
721205,3290
722555,2792
724564,3010
724805,2821
724970,3528
725373,3375
726326,3172
727108,3274
727148,3225
727692,2813
728524,3137
728738,2976
728968,3543
729211,3359
729336,4022
729389,4271
729492,3570
729765,3361
729908,3650
730266,3343
732327,3409
732729,2955
732925,3153
733391,2774
733689,2889
733831,2938
733977,2863
734166,2819
734341,3612
734466,3697
734604,4334
734739,4298
734884,4105
735023,4330
735142,4195
735452,4717
735621,4421
737050,3488
737185,3221
737485,3205
737641,3235
737783,3264
737988,3148
738188,3586
738337,2881
738475,3055
738615,2974
738742,2965
739110,2788
740203,2940
742229,2966
742552,3259
742687,2945
742976,2988
743166,2849
743316,5026
743386,2776
743560,2810
743696,3075
743762,2873
743935,2856
744089,2773
744240,3393
744499,3188
744758,3869
745033,3441
745220,3482
745688,3065
749340,3450
749700,3447
749875,3469
750057,3545
750180,3653
750323,3223
750465,3728
750637,3727
750783,3573
750922,3490
751061,3082
751203,3103
751400,3171
751543,3080
752137,2817
752297,2911
752465,3371
752618,3577
752828,3563
752973,4025
753177,3890
753377,4758
753666,3685
753867,4362
754017,3587
756624,2931
756837,3092
757427,3502
757934,2812
758914,2842
758935,2918
759088,2877
759230,3128
759266,3641
759369,3483
759963,3404
760124,3327
760365,3339
762482,3399
762680,4069
763531,3088
763745,3200
763878,2841
764052,3134
764591,2785
764722,2780
765041,2771
765198,3557
765655,2839
765963,2911
766005,3494
766295,3148
766973,3330
768991,3102
769531,3003
769810,3539
770044,2998
770089,3705
770108,3790
770220,3286
770439,3142
770464,3261
770612,4253
770894,3403
771042,3308
771189,3917
771323,3306
771466,3433
771608,3549
772688,3726
772736,2843
772865,3265
772970,3281
773094,3532
773414,4357
773907,4099
773939,3256
774107,3710
774384,4127
774468,3472
774939,3118
775056,3676
775533,3291
775967,2838
776461,2891
777265,3889
777470,3064
778325,3075
780163,3359
780178,3455
780357,3075
780568,2918
780614,3180
780812,3093
780889,3185
781048,3462
781923,2782
782170,3662
782356,4018
782374,3307
782522,3631
782544,3188
782718,3913
782873,3044
783040,3897
783200,3385
783681,3105
784064,3012
784299,3942
784345,2850
784538,2912
784689,3401
784972,3171
785083,3620
785203,4291
785508,3297
785867,3270
786181,3236
786207,3135
786403,3095
786696,2970
787747,3642
787982,3659
788357,3402
788392,3651
788553,3917
788650,3297
790060,3128
790221,2983
790291,3069
790445,3081
790871,2837
791001,2883
791144,2959
791316,2984
792198,4553
792423,3156
792565,3564
792687,3961
792832,4297
793019,4354
793214,3051
795341,2862
795618,2934
796801,3140
797175,4168
797402,2777
797542,3089
797675,3721
797911,3842
799036,3121
799201,3008
799342,3304
799387,3718
799537,3159
799657,3375
800451,2856
800662,2883
801213,3806
801434,3110
801584,3385
801784,3283
801990,3478
802300,3462
802316,3209
802478,3177
802729,3007
802851,3070
804118,2852
804713,3379
805979,3649
806070,3266
806143,3779
806316,3658
806458,3849
806578,3455
806707,3540
806845,3913
807006,3516
807139,3430
807304,3795
807548,2922
809221,3257
809747,2927
810073,3011
810340,3668
810595,3059
810798,2974
810940,3588
811168,3828
811206,3886
811318,3155
811499,3078
811770,3276
813829,2798
814152,3022
814290,3729
814894,2844
816192,3713
816215,5671
816430,7315
816466,5911
816666,5591
816822,5501
817007,6536
817674,6986
818881,2945
819634,5803
819772,4576
819986,6539
820169,6417
820350,6434
822077,4960
822415,4570
823374,3524
823432,5298
824694,3003
826037,3064
826616,3124
827056,2846
827221,3283
827317,2777
827469,3714
830068,2853
830225,3385
831209,2819
831369,3024
831493,2968
832323,3754
832476,3741
832599,3759
832737,3675
832867,2838
833201,3786
833330,3086
833455,3418
833638,3296
833904,3437
834048,2996
834216,2902
837417,2985
837455,2910
837756,2786
838072,3006
838429,2792
838548,3268
838593,2936
838705,4521
838732,3353
838863,3847
838894,4670
839047,4951
839198,4651
839290,4756
839411,4489
839526,3988
839665,3796
839711,4237
840787,4377
840936,4642
841094,4299
841253,3991
841311,4060
841608,4080
841746,3994
841927,3877
842113,3768
842565,3474
842711,3497
842843,3646
842983,3711
843113,3649
843250,3747
843300,3588
843693,3356
844072,4156
844212,4134
844257,4348
846987,2955
847145,2901
847220,4363
847531,3103
847662,3276
847845,3509
847995,3750
848114,3703
848239,3583
848477,3293
849070,2945
849250,2856
849343,2984
849597,3012
849848,3472
850196,3231
850390,3094
850549,3019
850746,3082
850781,3238
851035,3459
851229,3597
851415,3159
851455,3437
851976,3040
852361,3190
852679,2967
852848,3219
852876,3222
853015,3202
853401,2961
853638,3100
853803,3677
854127,2981
854181,2939
854649,3160
854654,3158
854866,3484
855026,3628
855150,3455
855158,3558
855354,3631
855620,4100
855725,3946
856629,3155
856895,3017
857153,2935
857283,2960
857894,3099
858034,3309
858385,4339
860308,3269
860460,3312
860604,3497
861097,3332
861246,3990
861377,3381
861517,3668
862548,2848
862864,2913
863107,3422
863408,3465
863610,3327
863799,3338
863941,3639
864127,3789
864264,3849
864456,3707
864600,4038
864795,3566
864962,4693
866204,3277
866969,3199
867169,3424
867612,3050
867949,2840
868225,5264
868386,3614
868664,3385
868822,3277
868956,3247
869087,3830
869223,4850
869493,4701
870902,3459
871069,3650
871232,3669
871344,3429
871479,3538
871629,3436
871842,3793
872236,3625
872404,3335
872526,3985
872709,4090
872769,4807
873864,3135
876623,2816
877146,3027
877388,3291
877609,3393
877792,3319
877979,3562
878114,3233
878230,3503
878434,3398
878555,3579
878685,3096
878924,3426
879142,3718
879892,3897
880016,3501
880256,3678
880307,3791
880518,3627
880712,3337
880844,3532
881373,3101
881613,3095
881855,3351
882161,2980
882376,3003
884752,5335
884902,7383
885505,12670
885683,9740
885884,13845
886023,13886
886172,11508
886299,14306
886366,13985
886397,8032
886842,7915
887093,7555
887244,13238
887297,7241
888258,12282
889412,9121
890177,12367
890532,4550
890699,4169
890861,4113
891016,4173
891177,11735
891639,3969
891803,3907
891959,3848
892110,3798
892418,3728
892570,3728
892748,3717
892905,3691
893037,3803
893213,3802
893338,5511
893397,6148
893448,6585
893506,6662
893558,7177
893614,7248
893675,7313
893726,7389
893776,7627
893830,7731
893888,7783
893939,7833
893990,7995
894045,10161
894095,8711
894152,10213
902093,3210
902263,3919
902632,2784
903566,2860
903720,3268
903885,3454
904039,3277
904491,3101
904660,3196
904817,3390
905496,3335
905691,3372
905866,3361
906016,3453
906214,3399
906304,3214
906445,3119
906698,3139
906847,3223
907025,3225
907171,3213
907388,3528
907530,4236
907647,4168
907960,4235
908654,3720
908795,3351
909902,3081
910947,3182
911166,2896
911543,3374
911851,3261
911989,3213
913045,2789
913334,3224
913485,3026
913680,2885
913865,2982
914036,2931
914198,3393
914297,2941
914432,3068
914609,3348
914754,3255
914948,3111
915760,2884
915897,2885
916044,2992
916298,2901
916595,2990
916680,3529
916758,3234
916885,3362
917028,3378
917047,3505
917220,4368
917752,3334
917783,3392
917930,3333
918122,3752
918409,3504
919028,2953
919194,2860
919339,3021
919418,3048
919628,3176
919847,3585
920036,4326
920088,4276
920260,3670
920745,4006
920791,3959
920958,3469
921103,3876
921236,3957
921328,4875
921439,4690
921709,5676
921726,4184
923047,4202
923421,4180
923590,3913
923747,3805
925223,2906
925387,4096
925959,3618
926363,3536
926584,3411
926797,3151
926937,3248
927071,3163
927205,3142
928746,2802
929307,3423
929732,2837
930024,5554
930378,5282
930521,6207
930641,5819
930781,5582
930920,3583
931061,3779
931234,3954
931592,3306
931714,3239
931848,3283
932810,3603
932957,3870
933102,3843
933246,4323
933393,4226
933534,3170
933667,5713
933755,5754
933787,5782
933815,5633
933872,5757
935726,4084
935918,3772
937132,3062
937674,2800
937816,2765
937954,2842
938103,2898
938252,4806
938312,2935
939983,3728
941592,3102
941738,3006
941908,2992
942051,3066
943352,3424
943527,3450
943797,3279
943922,3853
944076,3801
944197,3631
944293,3827
944413,4208
945164,2907
945423,2784
945570,3100
945705,3771
946168,2871
946396,3136
946612,2997
946814,2975
947114,2773
947636,2864
947914,2882
948232,4011
948341,3815
948463,4642
948695,4459
948906,4353
948944,4389
950989,2999
951979,2882
952315,2810
952462,3132
952634,3833
952893,3626
953366,3201
953519,3095
953724,2938
955724,2816
956294,2888
957497,3229
957518,2916
957711,2820
957856,2777
958031,4006
958152,5508
958598,3562
958749,4191
958886,4831
959022,5224
959211,3808
959422,4613
959558,4589
959688,4404
960805,2967
960960,3816
961002,6374
961040,6907
961092,6336
961124,6488
961228,6622
961259,6806
961449,3383
962249,3273
962444,2997
962693,2951
963064,2855
963846,4053
964457,3343
966697,3875
966956,3684
967149,2984
967467,3301
967639,3179
968139,7432
968178,4852
968245,5630
969210,5521
969339,5111
969495,5293
969649,5317
970984,4812
971149,3525
971339,5456
971371,5853
971421,6186
971467,6521
971516,7647
971570,6571
971612,7085
971744,7185
973077,3397
973961,3140
974476,2890
974994,2828
975608,3728
975823,3734
976160,3557
976314,3839
976408,3533
976521,3183
978420,2802
978642,4029
978706,3041
978857,2975
979025,2953
979170,3729
979298,3103
979476,2976
979780,2963
979982,2983
980133,2967
980314,2857
980461,2801
980601,2785
980872,4108
984103,2937
984378,2847
984596,2839
984775,2804
985047,3420
985322,3259
985493,3861
985689,3876
986015,4398
986212,3880
986833,4168
987687,3004
987723,4244
987852,4054
987990,3853
988133,4568
988298,3336
988610,4076
989388,3365
989597,3252
989741,3060
989885,3116
990190,3187
990493,3043
990712,3079
990845,3090
991089,3084
991248,3400
991323,3517
991361,4194
993992,3436
994472,2793
994691,2911
994885,2906
995056,2811
995611,2795
995808,2803
995955,2769
996159,3181
996370,4633
996494,4363
996627,4321
996777,4442
996925,4418
997088,4306
997216,4244
998929,2807
999103,3268
999409,3160
999577,3458
999615,3637
999737,3920
999790,3719
999890,3999
1000055,4460
1000217,3990
1000532,4036
1000688,3972
1001889,3035
1002066,3007
1002240,3101
1002429,2959
1002578,2984
1002611,3529
1002777,3283
1002801,3999
1002962,3489
1003102,4151
1003718,5124
1003739,3625
1003878,3621
1004012,3585
1004151,3540
1004350,3439
1005436,3414
1005644,3258
1005819,3261
1005966,3212
1006172,2958
1006331,3539
1006379,3360
1006414,4122
1006474,3544
1006538,2943
1007604,3147
1010879,3334
1011036,3673
1011240,3676
1011690,3423
1011880,3448
1012116,3685
1012371,3599
1012516,3344
1012655,3263
1012802,3221
1012956,3117
1013336,2785
1013527,3297
1013656,3224
1013778,3171
1013909,3091
1014052,2997
1014251,3179
1014326,2923
1014543,3694
1014746,3414
1014945,3397
1015146,3359
1015352,3099
1016174,2796
1017628,3004
1018588,4317
1019118,2979
1019526,3596
1019724,3456
1019968,3615
1020199,3328
1020349,4399
1020429,5059
1020462,5125
1020480,6854
1020518,7424
1020556,7485
1020589,7924
1020719,3348
1021731,2966
1022531,2966
1022937,4147
1023337,4656
1023734,4497
1023887,5154
1024220,4796
1025654,3510
1025909,3353
1026063,3741
1026184,3861
1026778,3140
1026907,3257
1027154,2959
1027361,3017
1027500,2966
1027642,3020
1027779,2940
1028071,2820
1028340,2875
1029313,3286
1029545,3106
1031380,2856
1032741,2816
1032895,2883
1032981,2909
1033067,2946
1033206,2862
1033390,3109
1033548,3070
1033697,3682
1033821,3687
1033937,3267
1036139,2971
1036318,3282
1036665,2918
1037202,5897
1037219,3082
1040385,3836
1040467,3241
1040701,3097
1040886,3132
1040982,3835
1041240,2972
1041359,3335
1041401,3941
1041555,2870
1041733,2837
1042087,2849
1042223,3246
1042359,2801
1042708,2880
1046348,4068
1046553,4539
1046825,3795
1047060,4282
1047417,4231
1047578,3970
1047963,3181
1048121,3479
1048362,3477
1048534,3688
1049014,3058
1049162,3017
1049339,3421
1049504,2890
1050159,2947
1050451,2790
1050901,2818
1051175,3556
1051381,3363
1051678,2886
1051909,2917
1052103,3533
1052246,3665
1052533,3427
1052587,3274
1054487,3186
1054885,2961
1055350,2971
1055517,3159
1055686,3019
1056015,2819
1056158,3592
1056307,2813
1056545,2867
1056686,2921
1056882,3033
1057025,3231
1057191,5398
1057299,3515
1057365,2985
1058096,2993
1059143,3622
1059326,3685
1059487,3632
1059632,3436
1059775,3393
1059922,3293
1060071,3193
1060316,3755
1060399,3146
1060561,3815
1060662,3682
1060854,3382
1060946,3182
1061314,3451
1061468,4188
1062011,2795
1062651,2782
1062857,3134
1063046,3129
1063169,3316
1063697,3121
1063894,3070
1064588,2973
1064803,3628
1064964,3637
1065123,3637
1065277,3581
1065411,3400
1065538,3486
1065687,3224
1065843,4340
1065880,4581
1065923,4211
1066196,3885
1066339,4046
1067666,2829
1068313,3212
1068351,2893
1068411,3460
1068496,3226
1068632,4125
1068763,4173
1069001,4103
1069093,3807
1070194,3368
1070540,3079
1070562,3395
1070698,4442
1070840,4081
1070888,3114
1071058,3346
1071097,3257
1071262,3884
1071341,4512
1071730,3618
1071924,4415
1072068,4002
1072205,4467
1072459,3395
1072725,3240
1072931,3204
1073095,3163
1073238,3196
1073398,3296
1073784,3239
1074485,3050
1075494,2922
1078752,2958
1078925,2845
1079053,2851
1079208,2821
1079340,2774
1079491,2808
1079676,2866
1079799,2955
1079915,2892
1080031,2826
1080175,3428
1080496,3232
1080832,3287
1080971,4652
1081090,4636
1081227,3177
1083414,3843
1083520,3684
1084199,5299
1084479,3402
1084659,8514
1084817,8778
1084980,4619
1085140,3671
1085146,6017
1086345,10569
1086523,3359
1086670,3580
1086726,8301
1086771,7074
1086814,10169
1086865,6192
1086909,6469
1086953,4844
1086996,6491
1087043,7588
1087088,7694
1089703,9712
1089858,5571
1090106,7455
1090373,3354
1090549,3414
1090725,3353
1091245,3898
1091426,4573
1091590,4540
1091882,4360
1092056,4982
1092231,3511
1092335,5128
1092400,6960
1092447,5808
1092468,4293
1092493,6001
1092543,6452
1092589,7344
1092654,7345
1092719,7329
1092772,7324
1099123,2974
1099561,3022
1100363,3255
1100545,3275
1100686,3328
1100828,3389
1100946,3785
1101094,3710
1101419,4130
1101713,3549
1102975,3459
1103129,3673
1103298,3702
1103447,3501
1103651,3422
1103854,3271
1104047,3127
1104250,3245
1104559,3073
1104843,2965
1105036,2999
1105609,3452
1105809,3588
1106022,4061
1106240,5001
1106546,3589
1108092,3365
1108665,2843
1109093,2973
1109239,4547
1109424,2926
1110252,3642
1110551,3408
1110603,3236
1110713,3660
1110833,3620
1112472,3463
1112676,3210
1112840,3152
1112979,3137
1113121,3532
1113262,3508
1113322,3520
1113516,3398
1113556,3620
1114194,3032
1114982,3182
1115319,2893
1115454,3272
1115692,2983
1116141,2829
1119205,4564
1119321,3263
1119470,3328
1119608,3243
1119742,3445
1119928,3415
1119982,3484
1120008,3583
1120766,2926
1120941,2931
1121460,3183
1121597,3000
1121737,3123
1122337,2862
1122632,2940
1122874,2990
1123019,3105
1124373,3016
1124674,3075
1124896,2903
1125075,3669
1125339,3459
1125577,3064
1125699,3084
1125899,3568
1126176,3553
1126540,3041
1126682,2949
1126825,2857
1127157,2997
1127430,2946
1127586,2877
1127891,2834
1127909,3093
1128076,3068
1128226,3486
1128340,3023
1129627,3193
1130908,3163
1131043,3140
1131207,4149
1131332,3726
1131470,3950
1131610,4450
1131805,4088
1131829,3162
1131948,4065
1132087,3877
1132109,3794
1132309,3859
1132496,3641
1132616,4501
1132635,3744
1132727,3762
1132929,3715
1133162,3862
1133311,4192
1133675,3549
1134156,3305
1134241,4903
1134395,3663
1134538,3570
1134677,3926
1134813,3884
1134945,3920
1135062,4679
1135238,4105
1135369,4024
1135483,4482
1135704,4174
1136522,4132
1136832,4507
1136860,3971
1137582,4157
1137764,3924
1137900,3936
1137927,3704
1138101,3891
1138235,3552
1138294,3648
1139010,3668
1139183,3610
1139424,3417
1139581,3521
1139999,3265
1140125,3448
1140240,3542
1140333,3352
1140747,3576
1140875,3567
1141388,3173
1142018,2898
1142158,4234
1145039,3056
1145188,4683
1145316,3061
1145477,3084
1145615,3050
1145753,3606
1145891,4422
1146041,5889
1146159,6299
1146485,5776
1146688,5858
1146882,6100
1147044,5733
1147189,5469
1147511,5376
1147767,5324
1149277,7411
1149490,3816
1149700,3722
1149950,3594
1150123,3533
1150386,3385
1150554,3316
1150706,3651
1150868,3604
1151021,5164
1151177,5948
1151340,6002
1151613,3795
1151766,5467
1152098,3403
1154551,3848
1154717,3463
1154874,3633
1154931,3803
1154976,3973
1155019,4663
1155063,5841
1155123,6180
1155178,5952
1155227,5990
1157750,4150
1157807,5888
1157851,6056
1157895,6120
1157946,5853
1157994,6117
1158037,6185
1159562,5393
1159881,4808
1160036,4739
1160110,5235
1160155,4701
1161976,4716
1162138,4738
1162319,4730
1162481,4647
1162632,4589
1162791,4902
1162852,4769
1162944,3183
1163100,3693
1163150,3818
1163194,4604
1165455,3127
1165471,5723
1165634,5192
1165806,4923
1165965,4661
1166220,4885
1166352,4560
1166527,4470
1168340,3043
1168505,4051
1168662,4269
1168818,4191
1168968,4140
1169127,4125
1169296,4073
1169449,3706
1169603,3601
1169754,3305
1169904,3415
1170058,3405
1170214,3201
1170334,3175
1171818,7262
1174358,2846
1174516,3070
1174660,3241
1174806,4015
1174941,3981
1175086,3946
1175227,6136
1175452,3667
1175611,3590
1175751,3690
1175890,3707
1176026,3501
1176156,4417
1176361,4279
1176500,4190
1176637,4254
1176776,4383
1176907,4185
1177048,4159
1177418,3996
1177996,3466
1178170,3341
1178353,3205
1178509,3097
1178658,5100
1182708,3556
1182869,3692
1183053,4296
1183203,3008
1183310,3176
1183332,5461
1183795,4016
1183936,3607
1184076,3788
1184209,3728
1184353,3657
1184485,3687
1184625,3616
1184759,3566
1184890,3541
1185020,3647
1185151,3709
1185313,3636
1185375,3124
1185511,3218
1185897,3181
1186320,2834
1186591,3162
1186999,3232
1187036,3569
1190636,4535
1191100,4219
1191307,4371
1191473,4366
1191668,3930
1191790,3633
1191949,3811
1192093,3923
1192237,3280
1192362,3557
1192567,5294
1193383,5001
1193648,5044
1193662,4841
1193823,4972
1193975,4724
1194127,4620
1194541,4302
1194698,3855
1194847,3806
1195006,3598
1199755,4824
1199958,6094
1200141,4231
1200327,4318
1200472,5643
1200608,5581
1200751,2882
1200893,5359
1201040,5375
1201191,3916
1201348,3819
1201492,3052
1201633,3008
1201782,3135
1201925,3103
1202065,3063
1202205,4161
1202354,3635
1202395,4068
1202431,4380
1202466,4089
1202513,6037
1202554,5391
1202588,5448
1202636,5498
1202672,5816
1202706,5888
1202737,6049
1202779,6817
1203730,3111
1203935,3747
1204092,4284
1207079,2818
1207573,3910
1208647,3854
1209925,3203
1210084,2997
1210247,4611
1210712,2833
1210862,3810
1211129,5032
1211313,4929
1211510,4833
1212181,4548
1212333,4338
1213301,3140
1213466,3028
1213602,3311
1213759,3205
1213886,3165
1214030,3893
1214176,4787
1214356,3760
1214507,3870
1214699,3551
1214890,3763
1215041,3760
1215177,3958
1215638,3334
1215781,3239
1215922,2996
1216079,3053
1216227,3000
1216390,3044
1216513,2972
1216868,3012
1217008,2952
1217090,2994
1217235,4245
1217261,3884
1217321,3876
1217363,3534
1217950,3649
1220132,2812
1220313,4169
1220460,3516
1220513,3842
1220680,3972
1220697,4093
1220839,4356
1220983,4776
1221039,3662
1221233,3518
1222403,3241
1222583,3007
1222782,2910
1223338,2928
1226236,5146
1226693,3160
1226851,3163
1227002,4158
1227154,3934
1227437,3774
1227577,3860
1227721,3778
1227860,3694
1228002,3258
1228244,5346
1228315,3289
1228458,3195
1228596,3110
1228737,3018
1228883,2920
1229022,2833
1229161,2777
1229308,3659
1229614,4303
1230064,3799
1230220,3804
1230507,3232
1230660,3029
1230813,3095
1232182,4282
1232329,3892
1232469,3229
1232709,3138
1232780,3633
1232812,3744
1235048,6799
1235212,6762
1235525,6558
1235923,6334
1236060,6299
1237650,3977
1238422,4136
1238596,4063
1238760,3997
1238943,5129
1238950,3906
1239126,3853
1239404,3696
1239599,3605
1239754,3840
1239914,3790
1240047,2944
1240069,3747
1240223,4863
1240356,3590
1240501,3583
1240655,3537
1240809,3333
1240962,3279
1241130,3224
1241299,3111
1241460,3000
1241631,2878
1245733,4135
1246345,3425
1246521,3358
1246549,4586
1246696,3309
1246855,3250
1247013,3210
1247173,4846
1247331,3041
1247491,3737
1247646,3823
1247803,3900
1247961,3912
1248124,3848
1248302,4284
1248397,3405
1248561,3362
1248746,3321
1248914,3203
1249075,3091
1249257,3432
1249349,3151
1253806,7245
1254017,4929
1254174,7210
1254292,7191
1254411,7182
1254639,6529
1254785,7022
1254931,6981
1255053,6970
1255188,6094
1255349,6786
1255489,6744
1255623,6821
1255755,6589
1255891,6724
1256021,6536
1256153,5546
1256665,5777
1257394,5272
1257602,5177
1257767,5063
1257930,4948
1258089,4838
1258262,4714
1258331,5623
1258445,4599
1258610,4483
1258768,4476
1259049,4098
1259205,3992
1259374,4266
1259535,4025
1259690,3999
1259851,3932
1260025,3890
1260204,5052
1260367,3667
1260543,3542
1260714,3618
1260879,3541
1266353,4703
1266377,5231
1266534,4094
1266698,4233
1266867,4381
1267023,4128
1267182,3629
1267372,4740
1267560,3638
1267721,3383
1267879,3128
1268328,5517
1268449,6479
1268563,6571
1268681,6878
1268804,7361
1268923,8217
1269038,8155
1269120,4059
1274616,3127
1274790,4085
1274965,3099
1275169,3061
1275370,2989
1275588,2841
1275726,2794
1275859,2770
1276004,2880
1276265,3205
1276500,4214
1276622,2909
1276834,2770
1276977,2936
1277232,3531
1277384,3279
1277508,4044
1277826,3058
1280038,2993
1280207,3826
1280299,3092
1280488,2970
1280811,2772
1280955,2770
1281389,2798
1282391,3730
1282812,3572
1283876,3764
1284353,2909
1284505,3060
1284715,3010
1285375,2808
1285532,3083
1285698,2978
1285821,3675
1285956,3904
1286152,4598
1286416,4539
1286658,4474
1286829,4683
1287037,4360
1287071,3816
1287796,3357
1287963,3514
1288116,3537
1288297,3407
1288423,3736
1288553,3558
1288672,3712
1288700,4443
1288720,4275
1288736,3475
1288874,3710
1289012,3520
1289190,4163
1289326,3736
1289540,3652
1289693,3550
1289934,3532
1290101,3678
1293892,2807
1294300,2786
1294659,2848
1295030,2971
1295164,3479
1295491,3346
1295640,3315
1295781,3478
1295937,2807
1296157,2844
1296337,3025
1297209,3580
1297336,3226
1297492,3122
1297661,3119
1297714,3140
1297836,3545
1297869,3237
1297989,3554
1298045,4420
1298331,4248
1298481,4049
1298676,3956
1299061,3673
1299315,3370
1299470,3312
1299980,2831
1300661,3160
1301174,3157
1301196,2893
1301482,3068
1301676,3333
1301982,4397
1302232,3268
1302847,3699
1302869,4380
1303014,3249
1303075,4763
1303236,5120
1303313,3535
1303461,3552
1303599,3312
1303739,3224
1303874,3211
1304022,3171
1304179,3389
1304335,3903
1304514,4605
1304648,3829
1305023,4478
1305157,3931
1305181,3702
1305816,3776
1306713,3143
1307580,3288
1308671,2989
1308916,2914
1309121,2860
1309353,2895
1309531,3043
1309657,2974
1309696,3035
1309726,5380
1309766,3763
1313351,3842
1313557,3691
1313685,3650
1313820,3566
1313955,3634
1314090,3555
1314232,3955
1314504,3239
1314652,3043
1314773,3167
1314939,3192
1315486,3378
1315722,3379
1315967,3242
1316098,3456
1316217,3403
1316364,3305
1317414,2840
1317770,2824
1317968,3439
1318222,3142
1318427,3034
1318696,2813
1318926,2861
1320769,3135
1320947,3292
1321072,4044
1321827,3611
1322494,2921
1322640,2923
1322791,3545
1322977,3735
1323099,3891
1323214,3298
1323495,3638
1323732,3173
1323934,3150
1324078,3370
1324340,3199
1324470,3119
1324674,2968
1324813,2878
1324931,2807
1329147,2836
1329415,8969
1329559,5929
1329707,7889
1329876,9122
1329999,8766
1330136,8972
1330320,8892
1330466,8981
1330620,8722
1330768,9243
1330887,8904
1331025,8642
1331163,7340
1331315,7304
1331526,8598
1331747,7818
1331784,8111
1331826,10909
1331888,11751
1333517,9512
1333671,6789
1333851,6493
1334036,6648
1334210,6713
1334395,6414
1334567,6467
1334777,6369
1334947,6312
1335116,6274
1335296,6206
1335579,6149
1335751,5866
1335923,5923
1336094,5869
1336265,5934
1336475,5594
1336647,5691
1336814,5658
1336984,5594
1337164,6050
1337403,5449
1337697,5646
1337877,5110
1338050,5045
1338228,5232
1344350,2822
1344524,4579
1344689,5558
1344852,5771
1345013,5706
1345167,2968
1345408,5828
1345565,5983
1345724,6240
1345877,5574
1346032,5622
1346199,5665
1346327,5027
1346479,4651
1346685,4335
1346837,3694
1346995,3076
1347675,5113
1347965,3784
1348235,4867
1348764,3369
1348933,3284
1349203,4847
1349431,3400
1349597,3597
1349733,3631
1349758,4343
1349921,3848
1350361,3976
1352494,3154
1352666,3512
1354133,3358
1355682,2938
1355836,3672
1355980,4151
1356209,3729
1356515,3836
1357527,3220
1357766,3974
1357930,4802
1358076,3964
1358214,4465
1358359,3972
1358466,3923
1358658,3488
1358797,3180
1358931,2989
1359067,3182
1359205,3396
1359540,3240
1359664,3183
1359780,3169
1359969,3105
1360169,3057
1360382,2989
1360779,3730
1360942,3919
1361109,4769
1364893,2824
1365039,2965
1365176,3401
1365319,3093
1366573,3032
1366780,2877
1366988,3090
1367135,2995
1367332,2848
1367479,3058
1367627,3069
1367782,3023
1367927,3035
1368060,3098
1368218,3998
1368578,3372
1368731,3784
1368866,3864
1368994,3059
1368997,3799
1369115,3734
1369691,3206
1369782,3183
1370362,3699
1370459,3178
1371350,3249
1371582,3396
1371749,4051
1371905,3616
1372081,4623
1372412,4106
1373236,4019
1373333,3523
1373743,3062
1373895,3014
1374112,2885
1374343,3149
1374481,3066
1374620,2975
1374783,3005
1374941,3044
1375117,3236
1375258,3463
1375328,3582
1375362,4061
1375392,4887
1379002,2867
1379137,2786
1379358,4000
1379939,3359
1380305,3694
1380476,3608
1380596,3539
1380746,3438
1380867,3492
1381033,3436
1381221,3428
1381821,3193
1381971,3096
1381994,3195
1382148,3487
1382171,3667
1382424,3330
1382448,3491
1382600,3912
1382622,3773
1382764,3802
1382790,3893
1382934,4163
1382953,4175
1383086,3992
1383128,4216
1383317,4089
1384263,3893
1384313,3588
1384578,4243
1384715,4095
1384846,3847
1384916,4246
1385064,4159
1385233,7580
1385249,3832
1385523,4151
1386787,3416
1386854,8224
1386919,3699
1387185,7618
1387210,3761
1387384,5497
1387636,3743
1387798,7435
1388240,3516
1388480,3627
1390323,3714
1390491,4688
1390646,4658
1390790,7308
1391109,4772
1391149,4862
1391182,6822
1391215,4940
1391249,5278
1391342,4060
1391504,3850
1391670,3345
1391824,4876
1391862,5064
1391896,5084
1391936,5259
1391969,5275
1391997,5771
1392027,5789
1392062,5803
1392092,5625
1396402,3094
1396758,3732
1397017,3083
1397575,3857
1400182,4112
1400595,3273
1400741,3179
1400973,3192
1402423,3660
1402619,3522
1402764,3428
1402911,3669
1403051,3644
1403197,3165
1403365,3281
1403565,3211
1403705,3121
1403949,2924
1404203,3021
1404324,2770
1404544,3038
1404690,3004
1404879,2865
1405001,2818
1405123,3030
1408380,3128
1408519,3347
1408747,2967
1409346,2837
1409983,3123
1410288,2839
1410425,2774
1410565,3130
1410750,2997
1410913,2880
1411049,4190
1411331,3394
1411536,3936
1411700,4171
1411895,4075
1412037,4029
1412126,3892
1412307,3614
1412453,3146
1412703,3557
1414065,3072
1414227,3619
1414403,3201
1414554,3103
1415295,2826
1415704,2774
1416096,3106
1416306,3089
1416453,2994
1416672,2839
1416925,2812
1417471,3759
1418184,2968
1420066,3315
1420258,3823
1420318,3166
1420464,3220
1420602,3172
1420740,3083
1420884,2993
1421024,3324
1421329,4188
1421641,3985
1421856,3545
1422206,4453
1422592,3998
1422789,4109
1422914,3841
1423053,3950
1423202,3918
1423515,3700
1425089,8807
1425725,5349
1425887,7544
1425910,5271
1426072,4876
1426421,12220
1426910,7341
1427391,7660
1427811,6846
1428241,9850
1428342,3263
1428526,6500
1428596,7604
1428695,6930
1428751,6503
1428803,6558
1428847,8382
1428892,11798
1428936,12245
1428984,12504
1429033,15142
1429079,15784
1429108,6496
1429128,15598
1429172,12787
1429216,12416
1429265,9606
1429452,3800
1429635,7316
1429711,9987
1429814,10351
1429984,10418
1430157,4975
1430197,10934
1430390,10569
1430577,10232
1430753,9756
1430842,10169
1431383,9696
1431951,4860
1432487,4884
1433074,9639
1435447,7398
1435735,7831
1435895,9095
1436044,5504
1436213,5890
1436332,5480
1436593,6889
1436774,5475
1437052,6045
1437499,6346
1437704,6003
1437871,6511
1438056,5969
1439010,5386
1439366,5078
1439571,4923
1439813,7453
1444936,3531
1446477,5078
1446707,3043
1446853,2783
1446996,5605
1447136,5242
1447287,4376
1447422,4905
1447555,3384
1447589,3151
1447648,3389
1447678,8065
1447754,5303
1451135,2824
1451362,3393
1452403,3677
1453780,3009
1453843,3111
1454005,3522
1454042,3719
1454139,3606
1454259,4083
1454301,3269
1454456,4171
1454815,3248
1454968,3968
1455119,4142
1455137,3752
1455570,3624
1455772,4100
1455919,4221
1456107,4096
1456245,4524
1456302,4309
1456441,4393
1456669,3992
1457304,3580
1457599,3389
1457805,3337
1458000,3247
1458167,3172
1458440,3392
1458591,3310
1458730,3195
1458904,3456
1459038,3651
1459206,3257
1459355,3498
1459675,3507
1459707,3542
1462327,3866
1462522,3661
1462690,3622
1462897,3552
1462924,3141
1463022,3515
1463171,3416
1463315,3324
1464074,2971
1464493,2873
1464674,2931
1464816,3462
1464836,3198
1464993,3535
1465151,3387
1465330,3602
1465494,3386
1465636,3536
1465687,3752
1465733,3653
1467190,4196
1467227,4255
1467406,3139
1467452,3519
1467591,3744
1467738,3696
1468062,3838
1468111,3724
1468359,3618
1468369,4606
1469221,3209
1469289,3634
1469451,3170
1469597,3513
1469628,3316
1470086,3220
1470104,3314
1470242,3854
1470341,3705
1470369,3417
1470446,3406
1470706,3719
1470965,5151
1471124,4561
1471149,4015
1471630,4331
1471703,4464
1472248,4305
1472352,4140
1472531,4074
1472762,3980
1473712,3272
1473886,2982
1474120,2811
1474556,2794
1475101,3551
1475734,4026
1476193,3484
1478443,3386
1480414,2797
1480551,2882
1480680,3391
1480799,4152
1480917,4223
1481060,4529
1481310,4216
1481438,3753
1481624,4152
1482515,3475
1482772,3372
1482922,3275
1483044,3929
1483237,3053
1483445,3221
1483610,3139
1483753,3358
1483887,3310
1484097,3453
1484246,3354
1484396,3288
1484528,3253
1484658,3208
1484796,3169
1484978,3091
1485224,2951
1485322,3146
1485356,3670
1485809,3164
1489569,5145
1490521,4251
1491171,2922
1491592,3376
1491984,3041
1492126,3077
1492276,2983
1492424,2930
1493066,2891
1493192,3430
1493301,4461
1493329,5002
1493375,4321
1493589,4419
1493669,4511
1493756,2918
1493908,3116
1494128,3418
1494414,3908
1495519,3310
1496009,3014
1497052,3108
1497290,2921
1497573,3324
1497799,3214
1498204,3526
1498340,3009
1498485,3194
1498670,3490
1498861,3349
1499083,3424
1499235,3826
1499415,3151
1499537,3850
1499652,3808
1499768,4039
1501760,3004
1501995,3027
1502235,2945
1502326,3932
1502591,3603
1502908,3591
1503085,4687
1503232,4733
1505330,3695
1505500,3054
1505650,3065
1505684,3494
1505715,4108
1505751,4126
1506526,3593
1506688,3859
1507557,4091
1507665,4361
1508081,2783
1508367,2977
1508581,3552
1508844,3093
1509252,2978
1509398,3263
1509517,3093
1511654,2935
1513322,3488
1513635,2885
1513782,2970
1513974,3059
1514149,2934
1514308,5175
1514432,4687
1514683,4689
1514827,4603
1514889,5633
1514919,5484
1514951,5625
1514978,5490
1514996,5683
1517234,4530
1517385,4447
1517525,4544
1517662,4478
1517792,2991
1517926,3280
1517969,4391
1517999,4555
1518029,3949
1518047,4579
1518083,4676
1518398,3231
1520028,2919
1520261,3669
1520829,2837
1521234,4285
1524459,2859
1524630,5999
1524803,5648
1524926,5407
1525051,5488
1525130,5843
1525149,6195
1525532,5532
1525666,5227
1525841,4970
1525998,5220
1526150,4564
1526291,5311
1526437,5117
1526595,4908
1526740,4713
1527954,3764
1528120,3692
1528149,7393
1528353,3677
1528512,3469
1528663,3556
1528815,3584
1528963,3591
1529121,3569
1529665,3935
1529825,4900
1529983,4943
1530132,4712
1532773,5421
1533421,6915
1533677,6752
1533911,7485
1534069,6562
1534229,6609
1534401,6751
1534561,6371
1535359,5375
1536348,6729
1536521,4725
1536689,4873
1536844,4668
1536987,4768
1537139,3396
1537568,4489
1537725,4178
1537876,4077
1538027,4079
1538314,4051
1538480,3837
1538633,3627
1538782,3631
1538939,3634
1539091,3433
1539241,3428
1539423,3198
1539594,3178
1539754,3171
1539914,3113
1540083,3293
1544175,3810
1544335,3115
1544429,3197
1544479,3245
1544530,4055
1544576,4499
1544628,4589
1545230,3200
1545369,2975
1545709,3273
1545798,3549
1545892,3207
1546062,3341
1546241,3274
1546327,4247
1546410,3343
1546494,3793
1546583,3413
1546646,3445
1546838,3379
1547015,3323
1547276,3349
1547525,3272
1547799,3375
1547814,3520
1547972,3523
1548355,3477
1548496,3471
1548770,3766
1549715,4052
1549943,3751
1550134,3711
1550425,3833
1550593,3978
1550729,4047
1550858,4271
1550986,3534
1551023,3657
1551928,3313
1552340,3052
1552462,3208
1552584,3213
1552778,4351
1552904,3935
1553054,3161
1553314,4040
1553333,3532
1553531,3348
1553900,3579
1554056,3742
1554222,3736
1554370,3634
1554393,3646
1554821,3334
1554972,3363
1555555,3840
1555705,3482
1556196,4627
1556525,4434
1556572,5257
1556619,5522
1556648,5735
1558636,3696
1559515,2970
1560224,3886
1561032,3132
1561343,2871
1561531,3048
1561668,2977
1561842,2847
1561982,2986
1563379,2859
1563933,2834
1564119,3014
1565867,3022
1565895,2894
1566045,2914
1566263,2797
1566379,3187
1566458,2805
1566604,2932
1566779,2914
1566935,2956
1567075,4162
1567184,3812
1567422,3931
1567566,3487
1567698,3603
1567842,3664
1567973,3485
1570034,3716
1570186,3391
1570598,3246
1570805,2875
1571913,3202
1572118,3306
1572357,3209
1572509,4107
1572626,4076
1573959,3758
1574132,3734
1574290,3526
1574438,3565
1574571,3383
1574690,3408
1574820,3231
1574957,3260
1575247,3074
1576232,4171
1576748,3404
1576975,3483
1577345,4413
1577553,4291
1579062,3026
1579642,4438
1579969,4172
1580183,4019
1580486,3286
1580872,5385
1580922,5669
1581116,2831
1581896,3579
1582121,4032
1582303,4237
1582659,4059
1582793,4121
1582928,4414
1583076,3887
1583195,3445
1583300,3462
1583343,3734
1583384,4161
1584737,3603
1584911,4385
1585032,4681
1585146,4448
1585312,4345
1585508,3848
1585657,4219
1585796,3964
1585935,3992
1587376,2974
1587648,2840
1587799,4204
1588062,3505
1588367,3017
1588667,3380
1591003,3597
1591165,6627
1591409,7042
1591620,7133
1591743,6903
1591859,6048
1592085,6147
1592217,5800
1592317,5810
1592424,5097
1592443,6518
1592461,6401
1593890,5612
1594727,4355
1594893,4779
1594948,5155
1595049,4731
1595210,7145
1595370,4608
1595534,4642
1595686,4397
1595845,4379
1596001,4386
1596154,4299
1596251,4916
1596329,4248
1596492,4134
1596655,4020
1596813,3870
1596960,2923
1597012,4764
1597103,3272
1602794,2812
1603601,4079
1603711,4894
1603780,16345
1604355,2970
1604578,3622
1604636,3818
1604689,4081
1604732,4253
1604787,5048
1604833,5119
1604883,5637
1604926,15599
1604970,14828
1605090,4592
1606440,13249
1606498,13406
1606542,13474
1606585,12985
1606637,9177
1606681,11054
1606725,13519
1606768,16340
1606812,5938
1606822,16388
1606865,16155
1606912,14071
1606961,14722
1607006,14934
1607052,15432
1610191,12267
1610355,6019
1610621,3491
1610808,3568
1610991,3613
1611164,4396
1611342,4773
1611526,5538
1611702,11045
1611908,10934
1612080,10851
1612258,11001
1613193,3440
1613331,4007
1613490,8294
1613750,4604
1615670,6448
1615922,2876
1616190,5234
1616466,7933
1616709,4068
1616824,4321
1616881,3990
1617147,3963
1617548,4313
1617815,4223
1617995,5709
1618242,8736
1618488,5270
1618549,8222
1625339,3241
1627679,5315
1627848,5450
1628001,5111
1628149,5025
1628603,3828
1628750,3739
1628888,3657
1629033,3567
1629171,5775
1629316,3341
1629459,3470
1629595,3277
1629727,3323
1629860,3368
1629992,3357
1630130,3266
1630278,3164
1630419,3070
1630552,3067
1630686,3017
1630814,3153
1630946,3107
1631083,3089
1631228,3500
1631325,4187
1631971,2834
1635381,4578
1635630,3008
1635775,2931
1635910,2890
1636048,3062
1637392,3143
1637428,3684
1637575,3530
1637596,3546
1637739,3221
1637747,3995
1637956,3101
1638938,3612
1639144,3347
1639314,4082
1639438,4291
1639974,3809
1640182,3724
1640426,3532
1640692,3312
1640833,4043
1641145,3563
1641256,4745
1641317,4217
1641746,3083
1642039,3419
1642305,3327
1642702,2987
1642838,3100
1642975,3184
1643166,3643
1643420,3365
1645169,5566
1645360,5473
1645491,5481
1645533,5779
1645590,3256
1645761,3445
1645783,5595
1645973,5049
1646045,3750
1647334,3747
1647511,3709
1647670,3502
1647832,3512
1647997,3567
1648154,3515
1648338,3446
1648362,3993
1648507,3486
1648689,3717
1648860,3749
1649061,3753
1649216,5533
1649357,3506
1649527,4022
1649549,4064
1649713,4373
1649869,4271
1650024,4164
1650179,4183
1650332,4148
1650360,4054
1650560,4310
1652434,3023
1652638,3035
1652780,3571
1652901,3327
1653129,3417
1653334,3578
1653519,3867
1653662,3848
1653794,3904
1653878,3815
1655073,3189
1655136,3905
1655331,3660
1655361,3945
1655703,3863
1655738,3765
1655909,3699
1656054,3788
1656211,3448
1656386,3520
1657525,2885
1657721,2920
1657972,2837
1658109,2829
1658239,3911
1658805,3729
1661049,3468
1661220,3585
1661372,3289
1661499,3213
1661726,3254
1661862,3070
1661998,3059
1662249,8234
1662547,4088
1662696,8183
1662935,8705
1663096,5975
1663248,5708
1663309,5500
1663457,5723
1663639,6074
1663773,6184
1663893,5595
1664007,5587
1664124,4392
1665927,5226
1666805,3422
1666975,3406
1667136,3461
1667323,3661
1667481,4968
1667632,5043
1667683,5360
1667736,6145
1667785,6199
1667829,6386
1667873,7389
1667928,7466
1667972,7711
1668016,7745
1668068,8540
1668121,8536
1668166,7908
1668208,9003
1668218,8341
1668322,3452
1668614,5106
1673384,4696
1673441,4775
1673487,5114
1673531,5272
1673581,5271
1674856,3269
1675074,3642
1676228,5639
1676391,2902
1676757,3007
1676897,3786
1677047,4433
1677167,4373
1679356,3561
1679596,3009
1680164,2937
1680432,5111
1680578,4913
1680716,2795
1680878,2891
1681045,2849
1681307,3214
1681568,3337
1681927,3822
1682062,4196
1682203,3868
1682676,3023
1682699,3674
1682716,3790
1684197,3319
1684354,3294
1684559,3416
1684747,3291
1685575,2846
1685962,2963
1686546,4490
1686692,4322
1686827,4269
1686955,4195
1687095,3702
1689172,4371
1689341,3757
1689470,2929
1689585,4008
1689608,3317
1689641,3407
1689691,3747
1691320,4262
1691371,4317
1692000,4251
1692357,4120
1692443,4219
1692682,3928
1694125,3626
1694302,2938
1694497,4095
1695011,3741
1695149,2922
1695324,2799
1695713,2780
1696089,3278
1696301,3892
1696448,5274
1696702,3633
1696823,5028
1696953,5679
1697117,3469
1697290,4245
1697435,2815
1697597,2939
1698898,3028
1699083,3373
1699224,3683
1699391,2871
1699539,3919
1699616,5859
1699654,6015
1699971,5885
1700001,6004
1700613,2796
1700788,2803
1700959,2845
1701105,2821
1701548,3711
1704230,2942
1704346,3279
1704385,3557
1704549,2840
1704957,3085
1705097,3253
1705310,3146
1705507,3029
1705717,2949
1707030,3193
1707204,2962
1707646,3167
1707750,3313
1708094,3172
1709850,3868
1710493,3415
1710753,3350
1710900,3253
1711104,3097
1711307,2943
1711455,3076
1712008,3057
1712183,3496
1712410,2825
1712600,2834
1712726,3036
1712765,3215
1713114,2980
1713250,3995
1713468,3895
1713746,4705
1713944,4598
1714716,4062
1714899,2843
1716366,3109
1716510,3292
1716640,4195
1716664,5706
1717088,4925
1717410,2826
1717812,4469
1718611,4368
1718805,4664
1718962,3753
1719097,4162
1719293,5168
1720897,3203
1721484,3649
1721691,3339
1721767,4778
1721830,4873
1721880,5009
1722462,3658
1723022,3732
1723328,3722
1723378,3988
1723480,3578
1723629,3610
1725841,2848
1726184,3442
1726378,3371
1726579,3824
1726780,3820
1727083,3704
1727315,3424
1727433,3551
1727473,4539
1727692,3342
1727952,3272
1728115,3223
1728250,3970
1729802,2951
1730431,3430
1730810,2990
1731061,3102
1731250,3309
1731365,2849
1731614,3199
1731655,4124
1731830,4342
1731869,5057
1732450,2784
1732618,3258
1732765,2798
1736231,3616
1736366,3323
1736597,3392
1736747,3029
1736878,3600
1737125,2912
1737146,3313
1737575,3291
1737724,3060
1738107,3296
1738595,4998
1738795,4271
1739139,3474
1739161,3425
1740195,3450
1740619,3358
1740816,3351
1741017,3463
1741185,4536
1741339,3192
1741476,3194
1741617,3392
1741751,3210
1741897,2976
1742035,3021
1742264,3262
1742420,3353
1742685,3121
1742822,3284
1742956,3270
1743111,3220
1743336,3061
1743475,3203
1743671,3058
1743817,3055
1744005,2894
1744193,3169
1744321,3328
1747328,3431
1747612,3743
1747695,2931
1747860,3181
1748020,4619
1748194,4871
1748210,3721
1748459,5243
1748586,4697
1748729,4829
1748749,3771
1748878,4785
1749014,4702
1749152,4669
1749356,4409
1749415,4513
1749574,4288
1749643,4232
1749973,4333
1750053,4479
1750231,4858
1750315,4878
1750375,4667
1750480,4723
1750640,4625
1750850,4499
1751120,4839
1751346,4832
1751458,4808
1751613,5357
1751761,5340
1751782,6033
1751938,5853
1752096,5821
1752247,5950
1752345,5312
1752435,6137
1752592,5508
1752750,5399
1752902,4966
1753112,5574
1753391,5862
1754683,4887
1754852,4598
1754897,4446
1754991,4800
1755265,4673
1755318,4320
1755409,4666
1755436,4405
1755564,4326
1756726,3842
1756997,4504
1757134,4504
1757549,4161
1757940,3883
1758403,3470
1763139,2875
1763329,3883
1763482,3678
1763624,3636
1763791,3617
1763949,3523
1764086,3437
1764226,5437
1764309,3269
1764442,3184
1764600,3112
1764742,3166
1764877,3143
1765038,3080
1765187,3035
1765333,4231
1765721,2780
1765887,4158
1766220,4028
1766366,3629
1766502,3296
1766628,3215
1766872,3827
1767001,3789
1770879,6420
1771205,5972
1771358,6053
1771501,6008
1771735,6056
1771856,5842
1771986,5619
1772583,7618
1773453,4431
1773628,4368
1773785,4316
1773948,4282
1774102,4252
1774252,4197
1774437,4113
1774594,4055
1774762,3990
1774771,4728
1774912,4006
1775066,3968
1775220,3924
1775377,3878
1775524,4049
1775680,3941
1775831,3838
1775979,3745
1776139,3634
1776314,3555
1776480,3341
1776636,3280
1776804,3192
1776962,3082
1782422,3811
1782600,3794
1782742,3700
1782887,3933
1783058,3870
1783198,5430
1783326,3207
1783448,3749
1783564,4319
1783712,4966
1783867,4943
1784001,4909
1784133,4933
1784280,5171
1784415,4971
1784547,4790
1784683,4480
1784822,4292
1784955,4254
1785081,3075
1785745,3270
1785902,4575
1786064,4536
1786181,8896
1786651,4202
1787029,3622
1787604,3768
1787987,3753
1788443,3418
1789519,3403
1789665,3372
1789799,3289
1789940,3250
1790076,3452
1790208,3560
1790313,3544
1793920,3748
1794090,4501
1794260,4969
1794318,4514
1794464,4505
1794599,4455
1794732,4401
1794855,3065
1794996,4186
1795038,4508
1795072,4574
1795090,5307
1795109,6319
1795933,3664
1796369,3449
1796523,3486
1796672,3290
1796818,3469
1796981,4180
1797461,3069
1797695,2952
1797944,2816
1801033,3023
1801518,2826
1801916,3649
1802138,3674
1802295,3325
1802418,3251
1802587,3129
1802723,3041
1802974,2886
1803632,5543
1803681,3097
1803930,3146
1804139,3060
1804390,4972
1804513,5051
1804669,5211
1804790,4940
1811106,2856
1811291,2864
1811444,2906
1811583,6041
1811722,5991
1811865,6114
1812008,5885
1812146,5920
1812288,6437
1812428,6394
1812568,6335
1812706,6276
1812838,5310
1812970,4204
1813110,5118
1813250,9574
1813318,6250
1813451,5915
1813592,5883
1813726,5461
1813865,8864
1813993,5077
1814182,5613
1814384,7668
1814519,7455
1814648,5036
1814757,5289
1814889,5348
1815029,7298
1815168,7071
1815305,4842
1815443,6999
1815579,6567
1815707,4808
1815838,4596
1815967,5932
1816102,5718
1816236,5511
1816375,5302
1816510,5019
1816650,4730
1816780,4677
1816904,4701
1817335,5318
1824351,2882
1824517,2823
1824654,2773
1826410,2816
1827584,3375
1827807,2846
1827954,2817
1828090,2799
1828225,8601
1828362,2806
1828651,3208
1828913,4986
1829170,4509
1829328,3239
1829487,3416
1829630,3453
1829768,3854
1830072,3141
1830215,3732
1830907,3524
1831036,3520
1831179,3730
1831309,3477
1831452,3219
1831578,3620
1831627,4359
1831658,5063
1831689,5086
1831719,5207
1831756,5122
1831789,5363
1831819,5384
1831849,5141
1831893,5360
1832050,3105
1832558,3557
1833127,3665
1836235,4132
1836823,3513
1837931,3052
1838020,3409
1838347,2805
1838501,2844
1838535,3078
1838696,4848
1838931,3176
1839540,3379
1839581,3534
1839743,3667
1839888,3618
1840030,3984
1840169,3548
1840396,3567
1840541,3878
1840704,3999
1840835,3818
1841799,3665
1841966,3800
1842165,2807
1842614,2981
1842775,3290
1842948,3673
1843155,3696
1843549,3471
1843801,3306
1844452,3111
1844753,3032
1845060,2975
1845258,4775
1845296,3088
1845476,4373
1845608,2830
1845797,3610
1846096,4039
1846309,3883
1846453,4053
1848401,2932
1848523,3762
1848546,3006
1848667,3521
1848696,3947
1848825,3920
1848971,3725
1849113,3680
1849241,3618
1850675,2782
1850822,2771
1850958,2765
1851092,2864
1851246,3241
1851647,2916
1851838,2908
1852028,3229
1852972,5197
1853652,3824
1853811,3722
1853957,3632
1854092,5865
1854217,5994
1854257,6201
1854354,3286
1854515,3177
1854674,3066
1854823,2965
1854965,4869
1855102,4984
1855142,5437
1855171,5768
1855205,5493
1855234,5585
1858527,2884
1858854,2925
1859130,2951
1859456,3245
1859521,3275
1859597,3231
1859784,3670
1860020,3416
1860159,3399
1860303,3356
1860455,3154
1860593,3114
1860723,3031
1860858,3066
1860998,3032
1861204,2920
1861372,2859
1861918,2778
1862142,2767
1862451,3670
1863106,3551
1865574,5187
1865730,5132
1865940,5023
1866150,4467
1866334,4716
1866475,4734
1866724,4406
1866865,4645
1867019,4577
1867153,4682
1867443,4505
1868067,5124
1868380,3727
1868540,3682
1868695,3658
1868849,3660
1869002,3606
1869158,3679
1869328,4065
1869494,5478
1869578,4272
1869649,5500
1869800,5439
1869947,5112
1870113,5311
1871881,3982
1873487,5627
1873617,5550
1873742,5507
1873864,5582
1873977,5522
1874089,5515
1874199,6359
1874361,5896
1874422,5306
1874540,5482
1874657,5315
1874841,5407
1877518,3174
1877667,3177
1877804,3404
1877982,3521
1878132,3471
1878266,4116
1878301,3253
1878421,3611
1878556,3878
1878950,3924
1879284,4203
1879616,4072
1879740,4321
1879858,4104
1880049,3963
1880285,3628
1882070,2934
1882476,3033
1882613,3063
1885326,2938
1885506,3323
1885643,3132
1885803,3076
1886018,2910
1886335,2794
1886489,2910
1886633,2823
1886805,2972
1886981,2954
1887123,2868
1887277,2768
1887419,3026
1887885,2793
1888054,4433
1888361,4418
1888554,4174
1889888,4346
1890082,3212
1890246,2932
1890504,2875
1890690,2823
1891252,3405
1891485,3825
1891626,3737
1891745,3667
1891879,4094
1892035,4140
1892247,3980
1892551,4489
1893962,2985
1894462,3007
1895105,2996
1895442,3502
1895808,3727
1896008,3642
1896279,3426
1896445,3364
1896529,3232
1896613,3245
1897813,4050
1898116,3115
1898178,3782
1898976,3062
1899156,2943
1899220,4601
1900265,3804
1900320,3697
1900574,3172
1900692,3113
1900736,3611
1900774,4363
1900981,3307
1901305,3296
1901454,3360
1901701,3820
1903472,3137
1903837,2949
1904099,2935
1904377,3489
1904641,3433
1904852,3434
1905169,3576
1905331,3165
1905547,3147
1905688,3247
1905853,3131
1907182,4083
1907329,3258
1907524,3532
1907666,3131
1907901,3809
1908109,3758
1908327,3443
1908536,3482
1908772,3311
1909059,3357
1909217,2962
1909861,2817
1910398,3092
1910624,3284
1910831,3293
1913727,3230
1913953,3201
1914177,3193
1914337,3266
1914503,2816
1915395,2985
1915526,3645
1915774,4219
1916019,4230
1916198,3486
1916453,3282
1916655,3388
1916788,3547
1916985,3400
1917187,3381
1917394,3376
1918499,3278
1918990,2859
1919205,4408
1919474,4164
1919770,3918
1920081,3798
1920408,3902
1920609,3774
1920799,3419
1921044,3387
1921226,4339
1921885,2941
1922097,2930
1922516,3520
1922738,3614
1923050,3180
1923431,3383
1923716,3308
1923908,3066
1926069,4754
1926262,5696
1926378,5679
1926651,5598
1926853,5290
1927072,5796
1927241,5109
1927354,5237
1927526,5455
1927644,5067
1929237,4392
1929505,3892
1929680,3812
1929842,3352
1929987,3640
1930151,3576
1930347,3754
1930508,3442
1930659,3623
1930909,4437
1931070,4328
1931167,4972
1931225,4671
1931360,4088
1931552,4036
1931717,4108
1934926,2803
1936862,4023
1937026,3807
1937170,6946
1937646,2991
1937988,2960
1938132,2871
1938297,2799
1938440,2980
1938587,3006
1938725,2922
1938864,2847
1939002,2855
1939139,2786
1939301,2891
1939462,3343
1939616,3134
1939764,3146
1939900,3001
1940031,3359
1940171,2987
1940316,3028
1940462,3392
1941218,3005
1941869,3140
1942007,3009
1942451,2902
1942582,4274
1942987,3597
1943625,3281
1944331,2858
1945421,2835
1945686,2967
1946620,3861
1946937,3221
1947113,3549
1947253,3813
1947415,3884
1947552,3809
1948252,3653
1948321,3129
1948343,3190
1948496,3187
1948576,3400
1948727,3312
1948746,3439
1948892,3785
1948913,3581
1949049,3723
1949068,3847
1949208,3791
1949229,4974
1949550,3545
1949568,3868
1949716,3935
1949760,4338
1949900,4250
1950034,4010
1950210,3832
1950515,3738
1951544,3750
1951727,3798
1951750,3334
1951893,3994
1952029,4042
1952168,4070
1952462,4176
1952683,3883
1954604,2987
1954760,3678
1954920,3028
1955160,4469
1955327,4215
1955350,3538
1955561,4796
1955777,4753
1956021,4455
1956169,3655
1956325,3770
1956476,3951
1956668,3913
1956831,3207
1957046,2937
1957627,3007
1957775,2907
1957933,2801
1958055,2774
1958189,5535
1958574,2836
1958719,4951
1962344,3357
1962510,3530
1962636,3352
1962781,3464
1963106,3269
1963233,4798
1963762,2787
1964331,2805
1964742,2882
1964884,2791
1965017,3290
1965319,2901
1965522,2904
1965731,2866
1966081,4995
1967737,3397
1967894,3948
1968767,3638
1968785,3116
1968936,3916
1969083,4081
1969219,4915
1969330,3929
1969463,3926
1969596,3842
1969741,3745
1969884,3649
1970043,2927
1970166,3044
1970319,3428
1970364,4559
1970394,4618
1970425,5131
1970464,4896
1971257,5441
1971367,5116
1974510,5744
1974747,5648
1975042,5554
1975188,5723
1975390,5636
1975587,5107
1975745,5052
1975892,4606
1976013,5131
1977529,4043
1977973,3290
1978158,3486
1978326,3450
1978496,3383
1978657,3311
1978814,3533
1978962,3477
1979120,4476
1979243,4237
1979307,4437
1979462,4233
1979614,4177
1979772,4180
1979928,3926
1980081,3823
1982526,3106
1982724,2961
1982891,3116
1983050,3051
1983224,3801
1983368,2849
1984157,3320
1985153,4419
1985312,3103
1986846,2873
1987079,2807
1987288,2972
1987570,4001
1987764,3750
1987923,3848
1988045,3783
1988199,4711
1988443,3436
1988590,3391
1988727,3303
1988860,3784
1988994,4103
1989135,3687
1990042,3162
1990614,2829
1991159,2989
1991341,3732
1991602,3907
1992061,3838
1992236,3858
1992350,3277
1992481,3367
1992657,3646
1994244,3692
1994886,4339
1995201,3966
1995675,3809
1995931,3576
1996131,3572
1996361,3392
1996485,3317
1996643,3355
1997456,3369
1997617,3364
1997779,3687
1997905,4038
1998489,3554
1998849,2970
1999319,3461
1999539,3635
1999835,3606
2000026,3612
2000165,3061
2000389,2993
2000537,3977
2000685,3885
2002485,3288
2002643,3202
2002810,3155
2003000,3067
2003472,3039
2003679,2883
2003835,2780
2003980,2866
2004128,2821
2004247,4514
2005152,3889
2007115,2840
2008019,2853
2008174,2841
2008321,2840
2008460,2783
2008599,2902
2008835,2775
2009112,3617
2009332,3999
2009523,3423
2009666,3720
2009802,4056
2009979,3527
2010101,3841
2010231,3321
2011670,2788
2012140,2947
2012351,3263
2012554,3191
2012773,3022
2013014,2829
2013160,2851
2013592,2816
2013740,2757
2013984,3583
2014150,3365
2014330,3493
2014485,3388
2014655,3268
2014851,3262
2015223,3147
2016657,2924
2017341,2826
2017655,3811
2017951,3586
2018398,3636
2018862,3620
2019108,4844
2020295,4039
2020471,4062
2020639,3375
2020765,3718
2020838,4092
2020888,4546
2020932,4602
2020963,4755
2020981,4857
2021017,5474
2021053,6063
2021125,2947
2021570,3165
2021853,3282
2022526,3058
2023735,2888
2024109,3040
2024561,2941
2024763,3121
2024964,3365
2025160,3088
2027427,3417
2027704,3264
2027753,3507
2027936,3295
2028092,3011
2028372,2963
2028512,2878
2028648,2790
2028792,2898
2028927,2862
2029105,3874
2029266,4097
2030163,3018
2032536,3322
2032750,3310
2033014,3597
2033220,3672
2033397,3885
2033536,4997
2033757,5379
2034005,4892
2034075,3724
2034319,4889
2034889,4753
2035039,4018
2035354,4575
2035552,4021
2035694,3727
2035895,3833
2036135,3917
2036647,3490
2036925,3054
2037056,4332
2040998,4023
2041208,3125
2041578,3261
2042226,3408
2042353,2826
2042518,2933
2042852,4323
2043060,4168
2043185,4203
2043296,4236
2043624,3815
2043765,3910
2043986,3519
2044114,3660
2044149,3838
2044181,3544
2045986,2993
2046623,3055
2047810,2802
2049121,2819
2049322,2861
2049510,3877
2049661,3670
2050732,3158
2050916,2919
2051129,2810
2051255,5368
2051292,2934
2051413,3109
2051530,3044
2051669,3475
2051974,3408
2052216,4649
2052409,3404
2052553,4232
2052672,4304
2052825,5241
2053180,4771
2053482,4197
2053826,3885
2053968,4100
2054047,3957
2054131,4332
2054325,4199
2054617,4007
2054746,4140
2054815,4264
2054860,4238
2054973,4208
2055178,5465
2055221,5477
2055419,4733
2055543,4795
2055566,4643
2055699,4399
2055849,4415
2055977,4789
2055983,4339
2056117,4255
2056254,4306
2056411,4345
2057056,4178
2057501,3850
2061478,2895
2062250,5819
2062472,4577
2062649,3954
2062870,5289
2062985,5211
2063149,5729
2063414,5838
2063556,5511
2063699,5049
2063818,5379
2063951,4801
2064070,5058
2064221,4717
2064355,3734
2064388,4427
2064522,3688
2064664,3672
2064692,4312
2064830,3857
2064924,4469
2064953,4000
2065062,4279
2065788,3456
2065960,3452
2066118,3377
2066320,3669
2066412,4136
2066447,3778
2066717,4231
2066883,4014
2067141,3997
2067327,4135
2067500,4162
2067665,4048
2067819,4290
2068235,4205
2069699,3162
2069871,3679
2071317,2879
2071492,2859
2071571,6275
2071730,7734
2071764,3911
2071856,7884
2071885,3051
2071959,5398
2071995,5638
2072023,5510
2075017,3147
2075187,5178
2075359,3375
2075515,3478
2075762,3333
2075931,2955
2076100,3201
2076159,3227
2076211,3453
2076256,5006
2076309,3490
2076361,3556
2076406,5204
2078499,3048
2080446,3383
2080617,3405
2080775,4181
2080943,5214
2081097,3716
2082366,4044
2082515,3842
2082917,3551
2083197,3024
2083357,3164
2083515,3102
2083661,3046
2083858,3016
2084048,2938
2084190,3751
2084231,3749
2084260,3933
2084314,3924
2084351,4504
2084381,4996
2084409,4746
2084444,5003
2084470,4442
2084503,4723
2087254,3684
2088424,2944
2088652,3834
2088710,4299
2090548,3873
2090767,3173
2091559,2808
2092006,2955
2092146,2992
2092316,2934
2092547,3034
2092670,2962
2092809,2872
2093060,2824
2093257,3005
2093300,4081
2093348,4106
2093368,4063
2093405,4244
2093456,4243
2093611,2928
2094620,4161
2094781,3001
2094973,3099
2096362,3255
2096677,3411
2096707,3415
2096856,3332
2096992,3429
2097135,3379
2099460,3542
2099629,3564
2099780,3746
2099946,4190
2100983,4048
2101169,2916
2101652,3467
2101797,3372
2101956,3264
2102114,3174
2102257,3081
2102437,2950
2102656,3086
2102831,3019
2103030,3109
2103221,4317
2103359,2871
2103555,2783
2103729,3094
2103854,3742
2103938,2940
2104159,3799
2104855,3057
2106606,3099
2106938,2868
2107065,4682
2107203,4418
2107596,4893
2108816,3447
2108837,3243
2109852,3185
2110003,3103
2110150,3197
2110291,3625
2110336,3141
2110482,3097
2110639,3018
2110773,2991
2110912,2809
2111314,2836
2111445,3093
2111780,2817
2111919,2761
2112155,2848
2112535,3052
2113971,2881
2114206,3037
2114628,3062
2115042,2919
2115194,3236
2115812,3394
2115862,3806
2116309,2940
2116876,3079
2117009,2984
2117368,3186
2117411,4694
2117796,3917
2118021,3320
2118068,3396
2118614,3177
2120253,3044
2120871,2989
2121059,3527
2121177,3465
2121245,3286
2121921,3034
2122138,2872
2122315,2769
2122468,2939
2122587,2879
2122740,2775
2122877,3549
2122995,3706
2123160,3842
2123309,3878
2123429,3964
2123561,3883
2123702,4504
2123908,4247
2124173,2965
2124686,3925
2126478,3822
2126831,4056
2127214,3815
2127477,3463
2127651,3587
2127871,3511
2127998,3596
2130052,2952
2130413,3164
2130719,2968
2131070,2875
2131324,4256
2131409,3180
2131646,3993
2131908,4203
2132027,3807
2132192,4117
2132474,4743
2132637,4182
2132820,3183
2132835,3092
2134037,2911
2134619,3030
2134832,2944
2134995,2830
2135132,2873
2135295,3166
2135423,3169
2135671,3061
2135952,2903
2136138,2845
2136381,2957
2136525,3516
2136664,3779
2136831,3665
2136961,3802
2137062,3896
2140077,2834
2140590,3332
2140794,3572
2140989,3557
2141086,3339
2141243,3460
2141457,3144
2141581,3070
2141899,2983
2143108,2809
2143335,2836
2143964,2958
2144094,3062
2144220,3225
2144233,3419
2144658,3166
2145007,3189
2145101,2919
2145316,2807
2145882,3007
2145989,3739
2146207,2847
2146276,3735
2146398,3270
2146520,3266
2146754,3190
2148526,3182
2148688,3216
2148875,4314
2148911,4326
2149095,3440
2149266,3864
2149452,3285
2150143,4766
2150326,3525
2150611,4130
2150822,4173
2151528,3309
2151739,3326
2151934,3201
2155869,4048
2156158,4083
2156382,3702
2156524,3444
2156655,3370
2156803,3050
2156923,3269
2157214,2915
2157238,3145
2157655,2797
2157815,3056
2157943,3118
2158397,3447
2159095,4584
2159213,3191
2160553,3000
2160712,2901
2160899,2831
2161117,3582
2161238,3737
2161313,3442
2161514,3992
2161617,3942
2161880,3870
2162036,2985
2162155,3007
2163185,4594
2163364,4481
2163802,4212
2163937,4140
2164134,4064
2164493,3757
2164794,3632
2165051,3439
2165193,3631
2165588,3364
2165784,2939
2165927,3222
2166108,2984
2166243,2956
2166408,2838
2166529,2943
2167201,3163
2170183,2909
2170392,2813
2170566,2772
2170707,2773
2170843,3168
2171003,2894
2171147,3028
2171635,4642
2171782,4601
2171947,6976
2172106,6921
2172242,7011
2172314,6829
2172438,6948
2172598,6856
2175418,4161
2175616,3009
2175622,4202
2175783,3936
2175946,3975
2176101,3282
2176455,3091
2176627,3061
2176783,3017
2176935,2963
2177087,2926
2177243,3505
2177408,3978
2177565,4377
2177722,4273
2177881,4162
2178035,4107
2178199,3991
2178336,4104
2178589,3504
2178750,3486
2180144,3055
2180323,3162
2180495,3101
2180842,3402
2181009,3038
2181174,4057
2181766,3255
2183020,2977
2183039,2982
2183201,3533
2183337,3368
2183515,3580
2183657,3697
2183676,3426
2183811,3737
2183839,3732
2183951,3797
2184084,4247
2184102,4010
2184240,3925
2184282,4823
2184531,4017
2184550,4063
2184693,4403
2184833,4412
2185353,4066
2185374,4019
2186125,3651
2186363,3575
2186523,3815
2186557,3512
2186770,3408
2187134,3685
2187152,4243
2187383,3858
2187412,4290
2187587,4048
2187777,4311
2187802,4581
2187984,4475
2188137,4658
2188362,4260
2188383,5287
2190020,4021
2190779,3877
2190926,3755
2193059,3505
2193332,4688
2193505,4414
2193670,4441
2193833,4737
2194002,4378
2194154,4314
2194314,3891
2194474,3823
2195385,3111
2195591,3143
2195766,3079
2195927,3451
2196090,4723
2196248,4619
2196387,4626
2196545,4565
2196713,4609
2196881,4372
2197037,4122
2197194,4013
2197355,3707
2197513,3452
2197665,3250
2199473,3052
2199647,2942
2199810,2894
2199979,3046
2200149,3360
2201660,2796
2202387,3697
2203076,3132
2203503,2908
2203552,3188
2204129,2989
2204561,2811
2204758,3235
2205325,2926
2205486,3116
2205706,3053
2205919,2774
2206238,3689
2207520,3346
2207687,3296
2207831,3348
2208054,3246
2209059,2863
2209209,3435
2209328,2809
2209450,2773
2209567,2770
2209711,2880
2210246,3433
2210392,3102
2210690,3195
2211016,3143
2211326,3176
2211526,3460
2211559,2982
2211693,3367
2213436,2912
2213715,2898
2213914,3611
2214188,3714
2214551,3027
2214876,3214
2215768,3455
2215920,3414
2216111,3292
2216259,3518
2216361,3678
2216639,2922
2216797,2915
2217060,2890
2217588,2784
2217735,3022
2217929,2921
2218138,2854
2218701,2873
2218849,2886
2218989,2878
2220538,3096
2221130,2793
2221404,3328
2221608,2956
2221906,3567
2222092,3252
2222256,3202
2222675,3545
2222801,3155
2222946,3443
2223163,3005
2223463,3751
2224218,3455
2224345,3208
2224606,2840
2224780,2998
2224833,3645
2224855,3451
2224890,4485
2225619,2914
2225998,3865
2226247,3408
2227037,3010
2228743,3004
2229172,3630
2229688,4245
2230183,3645
2230480,4070
2230628,4119
2230849,3134
2231020,2864
2231209,3588
2231799,3462
2232137,3440
2232310,3696
2232439,3407
2232630,3582
2232850,3486
2233008,3475
2233143,3531
2233277,3524
2233699,3417
2234046,2806
2234364,2874
2234583,3151
2234828,3045
2234970,3574
2235153,3860
2235655,3559
2236037,3533
2236241,3428
2236510,3391
2238612,2923
2238819,2994
2239043,2973
2239246,2934
2239719,3382
2239929,3240
2240077,3637
2240292,3757
2242319,3023
2242458,4854
2242573,3371
2242733,3161
2242917,4477
2242939,4508
2242973,4631
2244166,3389
2244393,3774
2244396,3957
2245211,3769
2245377,3145
2245602,3016
2245738,3125
2245976,3055
2246119,2960
2246466,3012
2246940,2834
2247090,3122
2247630,3189
2247782,3129
2247921,3198
2248043,3429
2248180,3405
2250348,3328
2250510,3224
2250657,3133
2250952,2924
2251158,2813
2251615,3750
2251790,6992
2251933,9266
2252345,8134
2252529,8313
2253113,3733
2253308,3431
2253442,3506
2254185,3219
2254663,4828
2255489,4432
2255638,4201
2255688,5695
2255740,7511
2255791,6722
2255846,7769
2255897,7851
2255942,8013
2255986,8070
2256008,5028
2256037,10393
2256089,7749
2256136,9299
2256187,13361
2256236,7915
2256292,8078
2256340,9010
2256395,9340
2256441,9093
2256496,9330
2256554,9085
2261469,8313
2261652,8034
2261811,8078
2262039,7980
2262192,7242
2262344,7790
2262597,7750
2262762,7481
2262926,4537
2264912,5755
2265909,4630
2266095,4563
2266254,4654
2266504,4280
2266663,4369
2266816,4341
2266987,5914
2267001,4457
2267158,4196
2267561,4012
2267734,3975
2267893,3929
2268048,3899
2268203,4885
2268373,3686
2268531,3653
2268704,3838
2268860,3813
2269064,3739
2269250,3686
2273374,4791
2273816,3214
2274874,2887
2275032,2910
2275180,3034
2275539,3009
2275684,2855
2275819,2889
2275952,2820
2276096,3271
2276238,4844
2276315,3204
2276458,3164
2276600,3072
2276734,3025
2276867,2944
2277007,2856
2277148,2951
2277291,2894
2277436,3440
2277590,3147
2277775,3020
2279900,3114
2281128,3248
2281792,3406
2282125,3533
2282323,3385
2282562,3200
2282842,2969
2283056,2855
2283223,3218
2283627,2793
2284064,2776
2284206,3711
2284441,3125
2284590,3919
2284794,3874
2284875,3689
2285016,3602
2285344,3373
2285489,3285
2286076,2792
2287394,3016
2287589,3131
2287803,3363
2288244,4159
2288380,4236
2288813,2845
2289701,3041
2290522,4321
2290691,4076
2290715,4412
2290733,6375
2290769,5977
2291266,5363
2292058,3356
2293087,4246
2293475,3214
2294116,2940
2294586,2992
2294927,2785
2295168,3510
2295317,3307
2295446,3282
2295727,3049
2295767,4717
2295978,3060
2296144,3093
2296773,3766
2297137,3592
2297651,2966
2298257,3140
2298320,2839
2298804,3644
2298816,3414
2299073,3291
2299406,2938
2299584,3571
2300335,3426
2301816,3041
2302046,2984
2302465,3331
2302555,3035
2302682,3005
2302805,4061
2303219,3711
2303376,3617
2303595,3450
2303616,3286
2303774,2960
2303990,3020
2304019,3075
2304555,3017
2304686,3262
2304884,3213
2305041,3194
2305192,3231
2305225,3743
2305379,3187
2305738,3057
2305863,2985
2306313,3796
2306663,3552
2308894,3830
2309097,3871
2309240,3887
2309309,3606
2309449,3568
2309595,3484
2309801,3567
2309948,3278
2310899,2909
2311077,2899
2312083,3168
2312541,3660
2312749,3688
2314032,3187
2314046,2995
2314192,3001
2314323,3048
2314390,3066
2314615,3133
2314736,3364
2314758,3058
2314906,3157
2314933,3328
2315089,3554
2315496,3880
2315883,3660
2316036,3749
2316233,3889
2316469,3366
2316605,3309
2316747,3286
2317565,3947
2317589,3296
2317736,3835
2317932,5450
2318207,3287
2318313,3332
2318475,3329
2318493,3398
2318624,3583
2318752,4696
2318941,3600
2321323,3615
2321646,3416
2321792,3383
2321929,3623
2322070,3742
2322215,4160
2322322,3800
2322461,3865
2322608,3463
2322727,4711
2322758,3154
2323995,3819
2324158,3174
2324445,3304
2324611,3305
2324775,3202
2325201,3200
2325381,3260
2325643,3143
2325943,3630
2326155,4288
2326422,2807
2327006,3859
2327138,4429
2328989,2919
2330244,2856
2330476,3514
2330627,3476
2330954,3587
2331188,3957
2331382,3363
2331597,3346
2331741,3615
2332010,3397
2332133,3466
2332264,3528
2332391,3450
2333144,2993
2333812,3191
2334145,2916
2334366,2851
2334574,2985
2334776,3161
2334980,3059
2335185,3413
2335436,3330
2335631,3246
2335895,3095
2336024,3320
2336169,2877
2336343,2795
2336506,3529
2336676,3570
2336773,3688
2338959,3463
2340069,3509
2340717,2915
2340893,2788
2341059,3526
2341206,3429
2341384,2838
2341633,3548
2341794,3747
2343749,2911
2343942,2956
2344101,3890
2344292,3204
2344422,4138
2344714,3226
2344857,3490
2344982,3072
2345022,4203
2345055,3968
2345084,5005
2345552,3224
2345708,3263
2345970,3439
2346444,2918
2346699,2825
2347589,3272
2347739,3319
2348119,3396
2348385,3460
2348604,3292
2348806,3248
2349053,3333
2349580,3121
2350114,2840
2350441,3004
2350690,3231
2350896,3076
2351083,3796
2351232,4423
2351349,3342
2351548,5045
2353527,3000
2353702,3073
2354019,2913
2354167,3275
2354190,4428
2354224,4532
2354253,4552
2354913,3941
2355197,3795
2355341,3774
2355381,3989
2355439,4285
2357870,3082
2359554,3078
2361250,3647
2361571,3546
2361789,3380
2362052,3166
2362196,4711
2362681,2770
2362822,2770
2362964,2925
2363084,2867
2363216,3996
2363312,3240
2363495,3462
2363631,3947
2363831,3175
2363957,3679
2364011,3870
2364029,4110
2364117,3570
2364326,3611
2364704,3634
2365382,3192
2365702,3763
2367038,3686
2367398,3017
2367718,3065
2367975,3136
2368163,3099
2368407,3555
2368587,3134
2368709,3144
2368815,3196
2368837,3740
2368930,3407
2368950,3787
2368998,3789
2369963,2991
2370105,3107
2370149,3847
2370183,4011
2372254,3102
2373244,5732
2373335,6498
2373391,6320
2373797,4175
2374032,3820
2374208,4872
2374331,4861
2376175,6416
2376407,3941
2376590,3855
2376752,3869
2376902,4049
2377058,5399
2377221,3304
2377330,3513
2377405,3803
2377480,5211
2377525,5249
2377554,4107
2377575,5456
2377619,5327
2377662,5204
2380200,3142
2380708,5069
2381038,4363
2381316,4659
2381486,4342
2381639,4238
2381795,4130
2381945,4078
2382101,3973
2383435,2982
2383604,6409
2383761,4348
2386590,2899
2387067,2767
2387220,3205
2387374,3187
2387521,3251
2387660,3547
2387806,3195
2387946,3693
2388142,3701
2388290,3604
2388437,3956
2388595,3633
2389019,3681
2389163,3419
2389316,3322
2389543,3218
2389686,3575
2389846,3255
2390075,3333
2390599,3190
2390823,3296
2391035,4180
2391242,4784
2391667,4116
2391922,3723
2392053,3806
2392095,3499
2392926,3754
2393526,3540
2395249,4135
2396490,3675
2396741,3483
2396903,3862
2397104,3855
2397228,3829
2397393,3617
2397533,3928
2397691,3778
2398604,2807
2399216,4254
2399461,4183
2399741,3332
2399982,3271
2400256,3437
2400796,2968
2401087,2826
2401236,4276
2401497,2882
2401641,2849
2401801,2917
2402008,4464
2402049,4360
2402083,3672
2402123,4233
2402187,2781
2402496,4204
2402775,3761
2402826,4233
2405041,3521
2406829,3124
2407096,2793
2407309,2794
2407478,3526
2407630,3323
2407751,7019
2408016,6998
2408158,3847
2408355,7256
2408596,6929
2408778,4893
2408943,6420
2410177,4653
2410551,5171
2410779,5060
2411063,4831
2411216,5814
2411293,3834
2411423,3649
2411469,4474
2411499,4539
2411529,5407
2411567,5830
2411602,5894
2411636,6572
2411726,7455
2411772,7082
2412170,6091
2412849,3142
2413708,3387
2414042,4679
2416476,3653
2416694,2942
2417027,3885
2417204,3015
2418232,3415
2418452,4463
2419005,2948
2419334,3507
2419483,4588
2419677,3448
2419957,4214
2420155,3966
2420304,4344
2420464,4234
2420684,3288
2420798,3225
2422108,3363
2422264,3508
2422384,3438
2422662,3365
2422955,4002
2423168,3352
2423799,3727
2424240,3552
2424485,3113
2424724,3018
2424863,3286
2425562,2977
2425857,2882
2426059,3004
2426200,3318
2426337,3191
2428783,3743
2429208,4474
2429302,3322
2429555,3119
2429761,3076
2429902,3115
2430038,3066
2430176,3064
2430304,3097
2430420,3118
2430535,3096
2430795,3005
2430938,3019
2431108,2898
2431230,3565
2431430,3159
2431575,3354
2431864,3245
2432021,3400
2432149,3388
2432348,5360
2435551,2857
2437325,2798
2437820,3264
2438002,9071
2438184,3733
2438344,4326
2438397,4325
2441199,6841
2441387,5743
2441532,5349
2441679,6240
2441824,8863
2441946,4881
2442094,5930
2442232,7788
2442750,4428
2442901,4163
2443041,4186
2443182,6569
2443377,4770
2443529,6441
2443652,4446
2443827,4390
2443974,4364
2444122,4453
2444277,3458
2444403,3572
2444441,3959
2444484,5205
2444515,4639
2444543,3718
2444580,3919
2444611,3881
2444650,4065
2444681,4396
2444711,4308
2444732,4680
2446602,3541
2446896,3356
2449213,2811
2450853,3022
2451246,3173
2451705,2841
2451891,7636
2452135,3689
2452309,3072
2452498,2935
2453188,5170
2453373,5080
2453537,4693
2453683,5195
2454006,6805
2454166,6552
2455921,3191
2456102,3251
2456594,3208
2456770,2938
2456931,5642
2456985,4613
2457008,4752
2457051,4920
2457094,5388
2457146,5616
2457199,5614
2457244,5622
2457345,2808
2457517,4542
2457684,4714
2457858,4768
2458027,4648
2460678,2842
2461063,2815
2461429,3092
2461710,2990
2461889,3304
2462165,3665
2462356,3725
2462880,3904
2462905,4031
2462943,4317
2463374,3072
2464073,3309
2464343,2852
2464427,3031
2464565,3166
2464705,3092
2464837,3139
2464882,3141
2465032,3040
2465206,3843
2465213,3882
2465335,3584
2465471,3501
2465666,3547
2465916,3437
2465938,3476
2466082,3424
2466225,3486
2466958,3210
2467116,3424
2467280,3313
2467801,3287
2467963,3077
2468101,3256
2468131,3284
2468265,3368
2468350,3335
2468467,3889
2469400,3229
2469744,4184
2469770,3173
2469897,3144
2470302,2929
2470312,3788
2470548,3735
2470721,3735
2470885,3798
2471509,3616
2471719,3185
2471756,2878
2471887,2926
2471888,3947
2472214,3837
2472259,3694
2472369,3521
2472529,3083
2473422,3071
2473459,4035
2473864,3803
2475149,2835
2475359,3230
2475692,3999
2475741,3872
2476046,2935
2477318,2768
2477691,2850
2477833,3530
2480154,3226
2480183,3164
2480604,3483
2480793,3549
2480959,3609
2481079,3066
2481195,3430
2481375,3702
2481433,3401
2481581,3302
2481823,3525
2482918,2932
2483068,2865
2483400,3079
2483777,3909
2483905,4111
2483958,4110
2484378,3738
2484915,3911
2486656,3098
2486849,2958
2486987,3014
2487122,2930
2487239,3774
2487289,3507
2487404,3667
2487530,3532
2487758,3410
2488168,2795
2488355,3169
2488495,3215
2488663,2984
2489833,5655
2492111,4254
2492265,6111
2492310,4170
2492453,3973
2492591,4047
2492724,3146
2492869,3925
2492907,3992
2492940,4045
2492980,4153
2493013,4085
2493058,5457
2493105,5791
2493180,6411
2493351,3338
2493548,3303
2495115,3027
2495539,2914
2495898,2761
2496169,3024
2497252,3392
2497349,2771
2497568,2819
2498769,3123
2499624,3879
2500161,3074
2501011,2793
2501106,3636
2501508,2988
2501639,3153
2501809,3070
2501995,2975
2502133,3062
2502486,3553
2502564,3666
2503654,2982
2504523,3169
2504996,2769
2505290,2815
2505470,2859
2505605,2808
2509509,2822
2509727,3170
2509873,3220
2510011,3362
2510129,3301
2510244,3855
2510341,3510
2510458,3591
2510985,3184
2511151,3065
2511341,3176
2511523,3208
2511703,2980
2511887,2911
2512027,3103
2512146,3047
2512442,5049
2512600,3647
2512734,3621
2512931,3614
2513120,4100
2513324,4099
2513556,3996
2513693,4175
2513887,4167
2515347,2882
2516026,2881
2516382,3510
2516613,3098
2516780,3039
2517036,3795
2517586,2837
2517892,2774
2519294,3345
2519541,3476
2519657,3089
2520224,5937
2521158,3272
2521179,3952
2521343,3186
2521479,4270
2521520,4279
2521639,3441
2521794,3686
2522096,3848
2523474,2882
2523676,3212
2523847,3651
2524034,3583
2524138,3940
2524338,3427
2524588,3426
2524923,3298
2525313,3029
2525586,3045
2525980,3404
2526118,3871
2526492,3548
2526704,3384
2526915,3287
2527049,3204
2527210,3389
2527341,3379
2528786,3050
2528952,3147
2529116,3286
2529260,3803
2529531,3665
2529698,4058
2529832,3416
2530768,3113
2531352,2819
2531672,2772
2531931,4569
2534237,4801
2534315,4888
2534475,3788
2534646,4182
2534872,4380
2535017,4586
2535161,4260
2535307,4066
2535445,3878
2535580,3354
2535764,3889
2535926,3558
2536119,3581
2536255,3492
2536309,3486
2536627,3215
2536762,3128
2536915,3024
2537072,2916
2537191,3507
2537354,3114
2537489,3123
2538091,3528
2538589,3314
2542697,7915
2542859,4901
2543024,7648
2543163,6296
2543313,7121
2543433,6154
2543566,6986
2543683,6021
2543819,6906
2543990,3892
2544126,3858
2544244,4106
2544298,3815
2545648,4726
2545836,5025
2545857,8514
2545992,4954
2546147,4996
2546396,5138
2546551,5036
2546711,4971
2546871,4858
2547022,3468
2547164,4028
2547220,4415
2547279,4497
2547327,4496
2547371,4744
2547421,4788
2547466,5581
2547515,5619
2547565,5673
2553340,2894
2553497,3905
2553640,7096
2553793,9938
2553950,9902
2554092,10069
2554225,9840
2554324,10751
2554333,9631
2554340,10493
2554436,10742
2554586,9900
2554731,9873
2554878,9846
2555037,9903
2555183,9189
2557487,14173
2557515,9851
2557663,10448
2557829,4512
2557881,4627
2557926,8386
2557977,15258
2558027,15378
2558076,8340
2558120,8807
2558165,9036
2558216,11079
2558261,8348
2558493,8208
2558668,3417
2558811,19394
2558862,12438
2558909,9951
2558960,11764
2559006,8846
2559059,7446
2559116,7698
2559168,11692
2559217,11758
2559266,11853
2562884,10645
2562953,12525
2563001,15840
2567003,4426
2567316,4213
2567499,4280
2567668,4232
2567924,4104
2568192,19422
2568336,3810
2568511,9889
2568677,3764
2568932,3757
2569103,3722
2569504,3579
2569686,2878
2569860,7793
2569916,7852
2569969,7929
2570020,7984
2570071,10031
2570120,8380
2570174,14214
2570238,11162
2570355,3421
2575026,5047
2575636,5997
2575693,6761
2575749,8407
2575793,13619
2575851,8175
2575897,8441
2575942,14032
2575999,14376
2576052,9677
2576098,9891
2576148,10112
2576191,10389
2576238,10446
2576357,12316
2576540,12735
2576710,12641
2576833,4925
2576886,12320
2577056,11552
2579917,6176
2580200,3709
2580333,6925
2580393,8336
2580447,9093
2580497,9296
2580541,10540
2580585,11282
2580637,11290
2580692,10511
2580750,10889
2580806,11361
2580863,11516
2580923,11291
2580973,11128
2584552,4356
2584710,9210
2584758,9712
2584810,7965
2584870,8085
2584921,8119
2584977,8238
2585030,8775
2585084,8597
2585139,8203
2585189,8306
2585253,8331
2585356,6623
2585537,6269
2594576,3179
2595388,3484
2595669,3350
2596613,4104
2596768,4144
2597432,3234
2597588,3511
2597826,3464
2597979,3500
2598114,3415
2598249,4268
2598360,3478
2598499,3390
2598618,4095
2599294,3695
2599439,4710
2599577,3460
2599748,3475
2599906,2881
2600042,2898
2600234,3896
2600368,4497
2600503,4289
2600751,4411
2600939,4568
2601125,4255
2601319,4134
2601673,4012
2601915,3840
2602053,3873
2602549,3451
2602821,3810
2603064,3408
2603486,3338
2604171,2933
2604364,3364
2608190,3311
2608333,3292
2608555,3284
2608697,3452
2608901,3088
2609053,3287
2609200,3259
2609356,3300
2609600,3223
2609768,3244
2609906,3272
2610022,3283
2610346,3076
2610488,3866
2610651,4207
2610788,7690
2610907,7726
2611045,7693
2614091,5874
2614518,4494
2614689,4427
2614932,4285
2615095,4264
2615251,6454
2615425,4044
2615612,3961
2615772,4037
2615942,3961
2616169,5437
2616227,6282
2616479,3521
2616654,3449
2616866,3339
2617042,3879
2617208,4597
2617383,4762
2617550,5004
2617720,4476
2617896,4637
2618078,4288
2618262,4154
2620698,2883
2621016,2772
2621177,4107
2621307,2781
2624506,2867
2624766,2771
2625037,2877
2625349,2762
2625494,2759
2625632,2910
2625817,2780
2625938,2789
2626080,3239
2626349,3037
2626565,2992
2627228,4912
2628204,3997
2628490,3683
2628831,3818
2628939,3962
2629099,4253
2629120,4326
2629235,4924
2629314,4142
2629538,4321
2629671,4236
2629803,4549
2629831,4512
2629990,4594
2630127,4539
2630244,4368
2630921,4168
2630951,4228
2631055,4957
2631105,4964
2631211,5374
2631455,8686
2631563,12237
2631765,9700
2632009,11946
2632028,11230
2632259,11645
2632757,11295
2632931,11072
2632963,10719
2633089,11012
2633237,10617
2633295,10803
2633678,11413
2633697,10565
2633810,10966
2633932,10411
2633961,11425
2634051,10740
2634198,10709
2634260,10764
2635073,10631
2635186,10228
2635373,10657
2635494,10787
2636422,10211
2636442,10141
2636615,10068
2636764,10174
2636903,10132
2637131,9759
2637157,9237
2637266,9818
2637299,9833
2637338,9378
2637487,9645
2637566,9273
2637707,9475
2637844,9851
2637973,9792
2638157,9659
2638395,9410
2638542,10432
2638867,9391
2638885,9741
2639019,9660
2639378,11020
2639540,10460
2639696,10478
2639973,12895
2640696,9113
2641573,7668
2641627,8801
2641748,7943
2641910,7849
2642078,8166
2642237,8464
2642342,8313
2642397,8356
2642456,8478
2642508,8620
2642560,8621
2642614,10068
2642673,9958
2642724,9140
2646350,6666
2646716,6349
2650498,6145
2650783,5910
2650967,3908
2651214,3983
2651393,4072
2651558,4009
2651705,4443
2651895,3865
2652028,4169
2652158,3652
2652311,4146
2652434,4789
2654244,3288
2654329,3153
2654568,3432
2654714,3666
2654904,3911
2655042,4110
2655235,4066
2655596,4497
2655857,4329
2655993,4783
2656244,4794
2656296,4531
2656484,4412
2656719,4268
2656853,4348
2659376,3175
2659542,3235
2659711,3140
2659873,3123
2662339,2953
2662610,3099
2665239,4188
2665879,3894
2666035,5913
2666172,7661
2666329,6396
2666477,6364
2666640,7985
2666795,8005
2666936,8688
2667070,8934
2667203,7243
2667498,8339
2667643,8527
2667783,8798
2667916,7533
2668058,5091
2668190,5917
2668440,9334
2668464,9890
2669562,3054
2669740,8250
2670141,6630
2670344,3744
2670490,6566
2670530,3916
2670842,6379
2671233,8031
2671458,3045
2671521,5921
2671629,2922
2671779,2829
2671868,5740
2672055,3537
2672232,3195
2672267,5889
2672373,3000
2675669,2967
2675826,2955
2675969,2894
2676112,3055
2676255,3421
2676490,3263
2676637,3216
2676776,3028
2676909,2991
2677049,2899
2677184,4176
2677333,2805
2677477,2872
2677617,2954
2677753,2931
2677865,3260
2678007,2867
2678142,2971
2678296,2932
2680938,3655
2681254,6467
2682642,4121
2682876,3516
2683053,3458
2683220,3804
2683368,3374
2683529,3604
2684680,3202
2684868,3332
2685033,10919
2685062,4289
2685190,8036
2685326,11138
2685487,11198
2685649,6123
2685807,3211
2685943,8667
2685992,8733
2686060,9633
2686146,9111
2686193,8640
2688131,6393
2688312,7577
2688478,6484
2688619,5686
2688676,9644
2690134,5891
2691374,8488
2691436,8674
2691570,4223
2691848,6133
2691868,6675
2692022,8629
2692072,8797
2692124,11918
2692169,14976
2692214,15437
2692259,3779
2692509,3629
2692681,3512
2692856,3399
2693033,3362
2693384,3235
2693560,3180
2693732,3136
2693901,3152
2694083,3525
2694387,3521
2698652,7189
2699408,2985
2699634,2826
2699921,4519
2700169,3990
2700461,6248
2700680,5268
2700906,5699
2701091,4635
2701245,6146
2701859,5640
2702010,5540
2702173,8225
2702487,4555
2702645,3836
2702799,4983
2702839,4994
2702869,5077
2702903,4979
2702934,5162
2702963,5723
2702999,5423
2703029,5447
2703054,5539
2709412,3830
2709570,3599
2709593,5353
2709749,5904
2709912,5896
2710066,5643
2710229,4555
2712343,3415
2712514,3347
2712664,3297
2712809,3205
2712941,3370
2713071,3421
2713300,3349
2713442,3158
2713575,3196
2713710,3172
2713850,3224
2713985,3142
2714118,3129
2714253,3434
2714501,3467
2714583,3841
2714617,3476
2714660,4924
2714691,3654
2715789,3326
2717780,3927
2718692,3118
2719691,3048
2719860,2932
2720018,2822
2720178,5099
2720323,3720
2720506,4572
2720661,4512
2720813,4312
2720971,4372
2721132,4089
2721345,3682
2721510,3410
2722247,6369
2723123,3356
2723314,3437
2723461,3381
2723599,4280
2723885,4046
2724071,3908
2724219,3810
2724360,3766
2724499,3675
2724633,3589
2724763,3314
2725828,5084
2726004,4961
2726167,4966
2726313,4923
2727070,2859
2729129,3588
2729329,3603
2729479,3656
2729616,3571
2729763,3906
2729900,3820
2730035,3733
2730179,3639
2730320,3545
2730455,3458
2730589,3373
2730747,3263
2732016,3408
2732210,4455
2732444,4169
2732756,4725
2732961,4459
2733218,4151
2733377,4155
2733511,3202
2734215,3848
2735497,2909
2735669,2897
2735807,3299
2735963,3752
2736102,3826
2736230,3806
2737687,4176
2738683,2777
2739146,2885
2739542,3216
2739757,3138
2740067,2972
2740222,3591
2740559,2876
2740919,2825
2741065,2807
2741302,3739
2741473,3233
2741586,3289
2741699,3561
2743147,3418
2743325,3500
2743368,4171
2743449,4137
2743852,2874
2744470,3564
2744548,3813
2744950,3135
2745460,3531
2745551,3637
2745653,3691
2746886,2921
2747398,3261
2747597,3126
2747848,2925
2748115,2815
2748408,3215
2748550,3125
2748689,3036
2749024,2821
2749843,2771
2749983,2751
2750820,4226
2750955,3759
2751126,3819
2751295,3713
2751453,3615
2753093,3606
2753129,3003
2753770,3621
2753901,4214
2754118,4412
2754415,3112
2754572,3703
2754612,3722
2756210,3342
2756331,2879
2756475,3027
2757166,3485
2757558,3631
2757731,3507
2757951,3600
2758148,3482
2758367,3795
2758579,3103
2758701,3662
2759696,3268
2759838,3175
2760000,3111
2760481,2852
2760699,2822
2761022,2820
2761315,4452
2761751,2777
2761893,2756
2762010,2755
2762195,2773
2762389,2908
2762542,3031
2762676,3863
2762806,3784
2765656,3033
2765805,2985
2766367,2814
2766804,3786
2766951,4734
2767083,4666
2767318,3778
2767464,3681
2767513,4288
2769300,3699
2769473,3476
2769612,3575
2769748,3490
2769861,3487
2769996,3475
2770148,3445
2770318,3204
2770436,3205
2771171,2839
2771868,2982
2772037,3929
2772160,4914
2772504,4028
2772648,4376
2772792,4791
2773027,4148
2775094,2908
2776011,2905
2776615,3758
2776860,3753
2777218,3837
2777306,3358
2777428,3423
2777611,3638
2777843,3788
2778037,2967
2778143,3056
2778165,3508
2778213,3368
2779311,3550
2779816,3353
2779977,3244
2780190,3238
2780409,3128
2780690,3091
2780886,3188
2781081,3406
2781419,3134
2781754,3088
2781803,3380
2781867,2766
2782140,2993
2782437,3336
2782571,2891
2782695,3138
2782735,3608
2785890,2972
2786150,3026
2786370,2891
2786520,2810
2786642,2798
2787476,3876
2787658,3746
2787882,3768
2788894,3266
2789610,3469
2789757,3692
2789932,3097
2790313,3466
2790514,3315
2791138,2785
2791680,2778
2791836,2818
2792001,2776
2792184,4184
2792430,4338
2792594,3062
2792737,2971
2792870,2939
2793108,3807
2793288,3256
2793483,3110
2793620,3161
2795093,3983
2795240,3113
2795856,3184
2795872,3148
2797061,3521
2797078,2938
2797237,5394
2797390,5066
2797528,4633
2797646,4460
2797773,4740
2797978,4713
2798101,5913
2798136,5960
2798166,4403
2798380,4862
2798773,5635
2799156,2890
2800636,3519
2800791,3990
2800963,4770
2801084,4376
2801187,4892
2801220,5030
2801850,3009
2802187,4668
2802744,3162
2803552,2822
2803910,3671
2804235,3656
2807197,3584
2807811,3157
2807994,3052
2808151,2962
2808360,2801
2808513,2833
2808636,2835
2808770,2800
2808913,3208
2809052,5087
2809187,3500
2809385,5301
2809528,4025
2809755,2985
2809874,3505
2810093,3968
2810238,4499
2811734,3190
2811930,3237
2812192,3418
2813408,3087
2813613,3045
2813754,2953
2813897,3014
2814238,2810
2814479,3051
2814764,2886
2814998,2838
2815206,3599
2815320,3433
2815434,4273
2815474,3857
2815492,3974
2815797,3120
2818163,3209
2818990,3151
2819395,3098
2819859,2765
2820153,2820
2820504,2902
2820649,3296
2820790,3212
2820965,3088
2821124,2982
2821430,3134
2821554,3199
2821684,3312
2821835,3272
2821978,3252
2823033,3089
2823189,3038
2823543,3802
2823679,3735
2824095,2999
2824188,3277
2824369,3148
2824588,3061
2825458,3088
2828164,2966
2828496,2955
2828675,2831
2828842,2805
2829035,2835
2829194,5354
2829362,4985
2829519,4882
2829673,4779
2829832,4763
2829993,4650
2830238,4262
2830572,3040
2830738,3034
2830903,3054
2831157,3009
2832061,2823
2832217,3006
2832403,3071
2832550,3213
2832698,3277
2832837,3263
2832979,3252
2833110,3501
2833258,3891
2833596,3596
2833743,3501
2833874,3118
2834015,3126
2834709,2924
2834944,2936
2835119,3225
2835304,3135
2835661,3689
2836938,3022
2837394,3129
2837550,3100
2837645,3058
2837749,3325
2837907,3586
2837938,3592
2838028,3803
2838119,3953
2838411,3611
2838623,3764
2838807,3162
2839029,3582
2839165,3639
2839630,3225
2839835,3501
2840013,3373
2840188,3244
2840316,3165
2841157,2834
2841357,3089
2841561,3212
2841703,3156
2841847,3170
2842422,3292
2842642,3526
2842881,3829
2845091,3004
2845258,4314
2845408,3314
2845556,4153
2845760,2885
2846199,4895
2846526,4386
2846743,4279
2846885,4636
2847497,3473
2847745,3032
2848215,3261
2850220,4719
2851125,3570
2851560,3843
2851704,3897
2851838,3833
2852114,4267
2852813,3700
2853001,3728
2853142,3749
2853434,3359
2853693,3448
2853862,3342
2854022,3331
2854199,3512
2854293,3121
2854423,3042
2854537,3260
2854731,3173
2854966,3046
2855102,3002
2855233,2970
2855438,3059
2856095,2869
2856216,3132
2856974,3734
2860528,3361
2860803,3271
2860951,3486
2861099,3539
2861309,3540
2861434,3605
2861579,4265
2861700,3388
2861848,4174
2861989,4496
2862107,4473
2862703,4131
2862880,2841
2863018,2764
2863164,2907
2863329,3456
2863452,3617
2863595,3425
2863728,3691
2863916,3753
2864471,3266
2864664,3147
2864876,3209
2865116,2901
2865259,3452
2866158,2900
2866608,2989
2866858,3188
2867104,3971
2867251,3529
2869869,4502
2870103,4755
2870471,5381
2870621,6439
2870813,6573
2870955,6542
2871177,4802
2871322,5966
2872525,4965
2872546,3550
2872726,3481
2872888,4663
2873051,5079
2873219,4453
2873342,4912
2874141,3044
2874541,4165
2874696,3889
2874952,3868
2875080,4502
2875123,3747
2875281,3220
2875428,3710
2875483,4224
2875529,4277
2875572,4387
2875616,4295
2875665,5007
2880308,2887
2880506,2835
2880709,3830
2881096,3742
2881370,3976
2881536,3499
2881671,3415
2881829,3466
2881973,3422
2882108,3532
2882252,3750
2882507,3447
2882906,3145
2883418,2780
2883560,2776
2883732,2846
2884188,2935
2884351,3257
2884616,3044
2884872,2875
2885112,2863
2885477,2764
2885668,2942
2885802,2861
2889896,4716
2890052,4382
2890190,4192
2890317,4661
2890351,4382
2890988,4040
2891357,3857
2891592,3671
2891731,3730
2892378,3135
2892566,2999
2892707,2953
2892843,2913
2892981,2872
2893118,2833
2893247,2801
2893372,3223
2893488,3158
2893599,3101
2893709,3089
2893819,3346
2894470,3502
2894812,3327
2895052,3194
2895298,2792
2898545,3287
2898696,3188
2898835,3238
2898969,3290
2899211,3962
2899450,3356
2899574,3547
2899902,4126
2900050,3928
2900520,3044
2900665,2991
2900799,3277
2901359,2891
2901654,2840
2901911,3518
2902099,3452
2902308,4683
2902641,4325
2902866,4730
2904367,4076
2904530,3355
2904677,3403
2904840,3422
2905044,3288
2905185,3354
2905602,3057
2905740,2968
2905878,2935
2906012,2887
2906130,2816
2907028,2780
2907252,4287
2907425,3036
2907726,3115
2907919,5126
2908104,5005
2910550,2893
2911572,3015
2911822,2855
2912032,2797
2912204,3320
2912408,4844
2912454,4748
2912482,4927
2912626,3072
2912787,3872
2913260,3743
2913474,3993
2913831,3691
2914975,2935
2915123,3518
2915537,3601
2916040,3191
2916202,3520
2916354,3419
2916495,3325
2916768,3100
2917039,2898
2917343,4057
2917562,2881
2917730,2907
2917937,2840
2918096,2968
2918241,3623
2918360,3250
2918676,3137
2918826,3287
2921920,3140
2922144,3408
2922276,4400
2922317,4414
2922969,3352
2922989,4628
2923181,4679
2923316,3469
2923525,4537
2924880,3637
2925125,3140
2925383,3290
2925583,3292
2925748,3232
2925896,3190
2926093,3042
2926241,5836
2926304,3126
2926436,3078
2926550,5428
2929537,3255
2929870,3374
2930730,2989
2931046,2889
2931317,3054
2931461,3401
2931661,3730
2931782,4016
2932104,3629
2932323,3842
2932486,3742
2932629,4630
2932819,4244
2932953,4388
2933087,4583
2933318,2973
2933442,2964
2933557,2905
2934403,3367
2934893,3210
2935137,3416
2935430,3176
2935562,3325
2935603,4174
2935635,4977
2935859,2796
2936513,2904
2936667,2942
2936931,3408
2937074,3317
2937376,3430
2937796,3060
2937944,3139
2938131,3775
2940024,4366
2940171,4837
2940424,6296
2940645,6359
2940920,6305
2941113,6202
2941261,6162
2941623,5848
2941748,5771
2942072,5301
2943821,3625
2944512,3171
2944704,3142
2944866,3047
2945105,2980
2945315,3916
2945474,4294
2945632,4374
2945802,4324
2945958,3566
2946120,3528
2947030,2856
2949040,2965
2949315,2804
2949497,2873
2949714,2874
2949974,2856
2950122,2986
2950263,3370
2950428,3314
2950576,3250
2950717,3160
2950858,3119
2950996,3480
2951139,3326
2951337,3146
2951480,2776
2951623,2762
2951825,2792
2952217,3042
2952654,2949
2954900,3823
2955637,3251
2956067,2903
2956237,2928
2956334,3525
2956381,3746
2956657,3690
2956913,3491
2957049,3408
2957184,3539
2957340,3590
2957406,3574
2957634,3979
2957806,3380
2957943,3723
2958064,3842
2958215,3641
2958439,3637
2958561,3879
2959362,3292
2959559,3209
2959726,3149
2959954,3102
2960170,2986
2960536,3841
2960762,3667
2961006,3472
2961221,3449
2961692,2834
2962102,3280
2962246,3407
2965230,5715
2966696,4724
2966868,3371
2967189,6165
2967344,8161
2967425,4099
2967591,3233
2967749,3299
2967909,3726
2968076,3654
2968232,7323
2968593,3271
2968758,3193
2968911,3137
2969061,3085
2969216,6213
2969335,3220
2969496,3314
2969653,3248
2969801,2904
2969962,3493
2970025,4028
2970070,5282
2972690,2941
2973518,3539
2973556,8262
2973733,8392
2973896,8165
2974193,4126
2976605,5133
2976768,5482
2976914,5278
2977756,4186
2977917,4500
2978058,4410
2978195,7162
2978314,4053
2978460,3423
2978600,3917
2978737,3828
2978874,3743
2979019,3646
2979157,3565
2979314,3532
2979456,3311
2979607,3387
2979649,4116
2979686,3798
2979717,3819
2979752,4209
2979781,4332
2979813,4350
2979848,4391
2979878,4876
2979906,4930
2979935,5084
2979966,5202
2983106,4354
2984436,3504
2984749,3288
2985439,3132
2985571,3255
2985774,3674
2986278,4758
2989716,4282
2989875,4242
2990020,4047
2990159,3717
2990312,3636
2990529,5525
2990726,3438
2990896,5791
2991086,4388
2991246,4857
2991730,3815
2991895,3714
2992050,3862
2992202,4583
2992339,3666
2992732,3112
2993204,2946
2993361,2999
2993515,3222
2994311,4133
2994488,3427
2994645,3449
2994785,3593
2994903,4117
2995033,3923
2995187,3496
2996512,3728
2996907,3836
2997228,3695
2997374,5173
2997426,4002
2997456,4448
2997586,4435
2997608,5104
2999066,3370
2999072,3372
2999635,3394
3000072,3055
3000520,3201
3000676,4893
3003958,3566
3004117,3784
3004259,5121
3004394,3745
3004536,4101
3004702,4012
3004822,4608
3005408,4101
3005876,3385
3006032,3606
3006178,3990
3006322,3388
3006490,3337
3006645,3134
3006770,3197
3006891,3163
3007025,3094
3007732,3070
3007967,4032
3008197,4379
3008746,3305
3008891,3709
3009042,4308
3010623,3795
3010881,3739
3011038,3731
3011188,4411
3011343,4506
3011485,4313
3011622,3783
3011762,3083
3012115,3784
3012679,3322
3012822,3228
3012975,3205
3013112,3367
3013444,3093
3014447,3230
3014929,3526
3015186,3330
3015430,3279
3015625,3419
3017766,2907
3017928,2953
3018095,3167
3018318,3168
3018546,3032
3018741,2944
3018884,2879
3019129,2795
3019327,2845
3019452,3567
3019609,4074
3019729,3902
3019898,3881
3020020,3711
3020161,3096
3020473,3450
3020710,3160
3020942,3071
3021099,3025
3024428,3775
3025021,3608
3025204,4253
3025606,3132
3025752,3597
3025930,4469
3026129,5525
3026321,5794
3026459,5741
3026592,5426
3026729,5643
3026862,5675
3027002,5460
3027139,4790
3027394,5357
3027522,5315
3027666,5379
3027791,4851
3027922,4999
3029329,7636
3029555,3702
3029728,3687
3029884,3645
3030061,3592
3030228,3549
3030506,4836
3030688,5657
3030838,7829
3030991,8442
3031148,8636
3031332,8762
3031490,8395
3031745,8248
3034590,3291
3034763,3226
3034920,8189
3036444,4880
3037231,3628
3037303,4128
3037369,5168
3037422,6991
3037474,7107
3037519,7135
3037562,7699
3037625,7251
3037678,7270
3040471,5000
3040570,5061
3040665,3165
3040948,4463
3041123,4232
3042360,3310
3042620,3189
3042785,3225
3042939,3283
3043108,3894
3043195,4811
3043648,4925
3043923,4212
3044072,4174
3044130,4229
3044181,4436
3044227,4636
3044686,3824
3046574,3921
3046904,3539
3047207,3832
3047418,3159
3047561,3066
3047703,3447
3047848,3082
3049156,5888
3052140,3024
3052290,2868
3052466,4996
3052630,5492
3052784,5798
3052946,7899
3053099,10519
3053251,13672
3053455,13599
3053615,13501
3053773,13473
3053927,13254
3054078,12914
3054238,13598
3054558,10846
3054711,6245
3054869,4189
3056449,8340
3057403,5515
3057553,10106
3057749,9973
3057931,9856
3058218,11505
3058389,4173
3058685,3576
3058871,3806
3059155,7273
3059556,3468
3059846,3289
3060017,3227
3060183,4688
3060343,3119
3060508,3222
3060678,3289
3061052,3392
3061224,9034
3061399,4972
3061480,5286
3061533,6410
3061590,6630
3061643,6692
3061703,6374
3061756,6416
3061807,8816
3061859,6169
3061915,6210
3061968,6381
3062021,7317
3062085,7499
3068919,2878
3069662,6220
3070736,4043
3070922,3754
3071452,3422
3071710,5780
3072736,5211
3073007,5752
3073180,5315
3073335,5748
3073503,3787
3073593,5286
3073762,4839
3073950,4179
3074101,3933
3074260,3334
3074342,3348
3075665,3538
3075842,3534
3076025,3480
3076262,6606
3076321,5451
3076598,10347
3076756,12388
3076915,10092
3077078,12131
3077241,9832
3077351,6291
3077776,9357
3079971,6579
3081452,5188
3081876,8167
3082052,7400
3082216,7448
3082485,7113
3082649,7079
3082954,6833
3083112,6738
3083472,6551
3083733,6177
3083892,6079
3084046,3644
3084223,3523
3084232,7206
3084394,3409
3084554,4980
3084729,5966
3084786,6125
3084833,6299
3084879,9715
3084932,8475
3084989,8735
3085047,8920
3085097,8925
3085148,8762
3085206,9340
3085257,6517
3085493,8869
3085677,8748
3085864,8671
3086041,6991
3086376,3831
3087180,2960
3089172,5571
3090408,3051
3090491,3002
3090725,2924
3090940,2890
3091168,4518
3091388,2949
3091547,2934
3091711,3200
3091878,3118
3092038,3168
3092192,3126
3094050,2994
3096003,2828
3096450,3054
3097391,2988
3097605,2825
3097797,3352
3097958,3404
3098121,3703
3098336,3152
3098351,3234
3098496,3809
3099111,3580
3099846,4113
3100023,3806
3100308,3244
3100463,3604
3100494,4068
3100639,3612
3100776,4314
3100795,4239
3100978,4163
3100998,4392
3101182,4162
3101204,4247
3101389,4350
3101534,4294
3101669,4246
3101687,4331
3101862,4241
3101876,4314
3102001,4346
3102018,4473
3102139,4439
3102362,4324
3103016,3901
3103040,3954
3103202,3876
3103223,3955
3103320,4085
3103390,3938
3103668,3856
3103996,4012
3104174,5830
3104323,3782
3104635,3583
3104910,5603
3107236,6234
3108629,3464
3108664,3000
3108829,4194
3109397,4019
3109528,3940
3109670,4027
3109808,3941
3110097,3700
3112527,3639
3113213,3763
3113529,3561
3113828,2803
3113967,3073
3114520,2802
3114725,2770
3114891,2793
3115081,4690
3115262,4971
3115344,4821
3115737,5494
3116000,4730
3117917,3519
3118074,3951
3118213,4940
3118323,3766
3118462,3694
3118596,3627
3118747,4194
3118882,3901
3119016,3883
3119147,4064
3119324,4835
3119499,4851
3119611,4605
3119995,4510
3120554,4051
3121661,3330
3121867,3725
3121919,5344
3122318,3156
3122597,3156
3122966,2958
3123495,3128
3123678,3198
3123833,3240
3123981,3401
3125996,2854
3126151,3194
3126317,3081
3126461,3005
3126709,2959
3126904,3467
3127101,3326
3127395,3080
3127545,3380
3127699,3320
3127860,3331
3127980,3122
3128120,3204
3128238,3235
3130079,6264
3130774,5313
3131297,5359
3131763,5194
3131924,4038
3132102,3913
3132183,6595
3132471,3592
3132541,4913
3132633,3477
3132778,6289
3132869,4373
3132923,4108
3132956,4707
3132970,4771
3133016,5861
3133065,4734
3133435,4533
3133851,4710
3134329,4811
3134752,4719
3135420,3121
3136845,5375
3137067,6093
3137827,4539
3137970,5264
3138113,5237
3138253,4957
3138396,4713
3138570,3846
3138715,5190
3138905,5099
3139095,4427
3139300,5174
3139440,4775
3139574,4014
3139706,4249
3139854,3439
3140005,4161
3140143,3270
3140530,3870
3140682,3430
3140821,3444
3140962,3100
3141104,3560
3141141,3695
3141171,3614
3141202,3951
3141239,4026
3142054,3479
3142498,3297
3142655,3279
3143720,5412
3147402,4432
3147411,6575
3147578,2992
3147739,5090
3147796,4785
3147850,5895
3147895,6140
3147947,6182
3147991,6185
3148034,6192
3148084,6543
3148128,7539
3148172,7667
3148216,9427
3148265,5795
3148773,5026
3148943,4074
3149222,3547
3149378,3695
3150820,3571
3151003,3365
3151303,3153
3151521,3030
3155929,3648
3156118,3649
3156259,5171
3156302,5181
3156367,3500
3156526,3291
3156672,3243
3156821,3143
3156968,3061
3157153,4053
3161539,3334
3161691,3234
3161836,3700
3161980,4770
3162117,4663
3162251,3655
3162395,3566
3162535,3581
3162670,3391
3162804,3207
3162940,3226
3163075,3139
3163214,3078
3163312,3031
3163354,3107
3163389,3179
3163416,3299
3163473,3356
3164396,3023
3164561,3131
3164704,3040
3165918,3155
3167174,3388
3167432,3318
3168804,12841
3168959,14214
3169109,16214
3169244,7445
3169402,12100
3169643,7294
3169850,7198
3170000,6827
3170140,14280
3170391,6768
3170585,6678
3171137,6866
3171930,6759
3173400,4486
3173585,4572
3173745,4908
3173918,4847
3174074,4807
3174236,5358
3174332,6778
3174677,5001
3174834,4348
3174990,4383
3175143,4337
3175314,4466
3175477,4600
3175632,4579
3175788,4694
3175948,4676
3176106,4851
3176267,4086
3178449,2902
3178988,6847
3179886,5842
3180762,2927
3181101,3125
3181779,4369
3181979,3967
3182161,3888
3182351,7996
3182427,3854
3182620,3793
3182807,3720
3182985,3641
3183495,3345
3183845,3405
3184038,3521
3184555,3365
3184744,3052
3184931,3040
3185127,2920
3185443,4169
3187239,4853
3188408,3809
3188569,4470
3188724,5211
3188863,5123
3189013,5030
3189164,3685
3189318,4893
3189439,4820
3190985,3107
3191145,3172
3191327,3328
3191471,3381
3191614,3492
3191761,3399
3191911,3592
3192051,3575
3192244,3431
3192877,2906
3193073,2866
3193222,3701
3193345,2846
3193490,2774
3193628,2819
3193766,3006
3194377,2877
3194685,3300
3196474,3917
3198393,3205
3198530,3405
3199127,3181
3199330,3507
3199507,2852
3199648,2860
3200100,2836
3200243,3306
3200429,2793
3200572,2865
3200805,3214
3200945,2981
3201087,3030
3201233,2963
3201431,3016
3201628,2870
3201771,2776
3201966,2924
3202118,3478
3202389,3392
3202538,3294
3202673,3235
3203659,2785
3204999,3886
3205155,3528
3205293,3832
3205430,3805
3205640,3538
3206316,3926
3206538,2915
3206710,4027
3207775,3145
3207988,3113
3208715,3095
3208938,3408
3209265,3806
3209484,3528
3210073,3203
3210348,3425
3211440,3529
3211638,3642
3212377,3024
3212645,2966
3212848,2960
3213105,3292
3213329,3281
3213468,3484
3213611,3596
3213799,3279
3213950,3536
3214072,3284
3214216,5119
3214355,4509
3214579,3503
3214703,3523
3214744,3945
3215977,3715
3216586,3254
3216750,3300
3216895,3208
3217038,3963
3217175,3916
3217465,4325
3217629,4212
3217767,4123
3217901,4038
3218037,3949
3219145,2889
3219322,3033
3219485,2929
3219627,2865
3219870,2792
3220196,3031
3220373,2980
3221134,3435
3221453,3536
3221580,3461
3223773,3572
3224310,3205
3224636,3173
3224826,3045
3225067,2853
3225202,3422
3225313,2792
3225793,4559
3225965,3740
3226137,3978
3226290,3773
3226577,3825
3226732,3861
3227133,3509
3228180,3775
3228316,3882
3228435,4065
3228688,4012
3228827,3924
3228960,3188
3229100,3863
3229135,3665
3229333,3513
3230149,2953
3230429,2877
3230668,2957
3230817,2992
3230960,3058
3231082,3098
3231517,2980
3231982,2850
3232291,3226
3232536,3354
3234594,3075
3234896,2885
3235057,2835
3235193,3269
3235356,3050
3235567,2969
3235728,6995
3235920,6329
3236064,6817
3236182,6362
3236333,6463
3236977,3318
3239006,6628
3239177,7448
3239240,6541
3239776,3301
3239938,3188
3240087,3086
3240235,6487
3240308,2950
3240460,2947
3240614,2936
3240763,2912
3240911,3226
3241059,4253
3241213,5463
3241307,3065
3241456,3988
3241601,3793
3244194,3717
3244427,3151
3244570,3391
3245469,2885
3245661,4498
3245913,4196
3246191,3866
3246434,3822
3246806,3402
3246830,3689
3246929,3639
3249313,3444
3249567,3605
3249868,3199
3250305,2912
3250733,4256
3250913,4442
3251162,3878
3251351,4202
3251540,3866
3251683,4169
3251827,3776
3251958,3845
3252094,3821
3252468,3608
3252597,4614
3253349,4236
3253496,4392
3253615,4202
3253754,3882
3253889,4194
3254022,4136
3254150,4071
3254290,4050
3254422,3970
3254558,3894
3254695,3882
3254831,3838
3255067,3650
3255198,3565
3255638,3370
3256104,3006
3256630,2902
3257238,2797
3257420,3173
3260781,4753
3260936,4944
3261090,4872
3261211,4830
3261433,4945
3261607,4606
3261729,4395
3261843,3870
3262148,5415
3262176,3623
3262327,4176
3262449,4155
3263593,3865
3263764,3954
3263926,6521
3264118,6551
3264230,6349
3264497,6361
3264662,6134
3264814,5920
3264965,5954
3265118,5457
3265264,3670
3265324,5648
3267541,3535
3267800,3637
3267960,3526
3268113,3445
3268464,3324
3268621,3117
3268780,3120
3268945,3829
3269098,3162
3269243,3251
3269300,3242
3269353,3297
3269397,3648
3269444,3772
3269493,4183
3273435,3270
3274441,3396
3274652,3236
3274807,3543
3274947,3648
3275077,3468
3275774,3197
3276017,3638
3276183,3171
3276334,3558
3276534,3408
3276816,2932
3277196,2987
3277365,3141
3277536,3076
3277675,3025
3277914,3013
3278050,2927
3278181,2865
3278383,3022
3278683,3751
3278814,3332
3279006,3822
3279142,3771
3279382,3804
3279503,3736
3279772,3189
3280012,3450
3282171,3335
3282488,2888
3283016,2851
3283489,3699
3283658,4096
3284014,3112
3286026,2819
3286846,3064
3287346,3412
3287534,3566
3287785,3365
3287925,3829
3288089,3940
3288487,3494
3288611,3875
3288728,3203
3288858,3677
3288973,3781
3289569,2864
3289713,3412
3289943,3504
3290093,3548
3290230,3361
3290394,3450
3290596,3310
3291178,3313
3291534,3248
3291788,3905
3292055,3437
3292189,3757
3292594,3403
3292788,3819
3292967,3713
3293151,3858
3293291,3769
3293472,3260
3294992,3406
3295189,3578
3295313,3403
3295529,3287
3295784,3079
3296431,4155
3296847,5699
3297139,3387
3299065,3432
3299197,17409
3299523,3303
3299666,3629
3299801,3642
3299938,3558
3300263,3092
3301103,3618
3301227,3426
3301379,3393
3301511,3355
3301645,3364
3301786,3129
3301926,3036
3302060,3093
3302193,3028
3302322,3893
3302364,4015
3302646,3848
3302959,3468
3303082,3547
3305251,3318
3305495,3913
3305643,4309
3305808,3777
3305932,4215
3306044,4154
3307018,3328
3307193,3592
3307440,3156
3307593,3243
3307814,3129
3307936,3279
3308147,3118
3308398,2960
3309214,3734
3309638,3994
3309984,3354
3310224,3987
3310438,3901
3310623,3861
3310978,4620
3312172,3478
3312576,3309
3312751,3643
3312975,3551
3313133,3566
3313351,3450
3313477,3388
3314237,4249
3314529,3061
3314736,3619
3315055,4109
3315214,3669
3315430,4000
3315677,3698
3315920,3701
3316066,3924
3316180,3628
3318253,3408
3318551,3161
3318998,3014
3319193,4225
3319458,2920
3319649,2874
3319834,3654
3320025,3805
3320244,4536
3320481,4057
3320605,3830
3320736,3995
3320875,4139
3321088,2888
3321219,3144
3321253,3232
3323165,3450
3323532,3031
3323856,4777
3324003,3061
3324143,4794
3324567,3326
3324806,3880
3325048,4055
3325261,4113
3325390,3934
3325568,4046
3325739,3825
3325889,3773
3326011,3745
3326126,3582
3326314,3627
3327535,3995
3327723,4174
3328719,3463
3329134,3316
3329402,3134
3329782,2804
3329968,3520
3330105,3978
3330301,3834
3330649,3581
3330772,3570
3330887,3504
3331023,4342
3332727,4467
3332876,3814
3333016,4243
3333152,4677
3333321,4019
3333514,3614
3333650,3809
3333780,3986
3333910,3745
3334263,3689
3335456,2998
3335739,2923
3336030,3541
3336156,4458
3336193,4895
3336234,5054
3336723,3840
3339122,2992
3339279,2964
3339600,3573
3339739,3933
3340389,3337
3340697,3511
3340886,3482
3341119,3116
3341315,2768
3341489,2933
3341949,2849
3342148,4952
3342345,4161
3342483,4174
3342617,3991
3342747,3811
3342877,3826
3343014,3974
3343186,3963
3344955,4198
3345100,4615
3345242,4328
3345711,3907
3345829,3838
3345943,3577
3346090,3814
3346233,3904
3346341,3612
3346729,3507
3347175,3921
3347348,3000
3348156,2804
3348487,2976
3348699,2964
3348850,3254
3348991,3519
3349168,3293
3349344,4458
3349741,4937
3349976,3884
3351748,2921
3351936,2897
3352138,2927
3352297,3054
3352545,3977
3352698,3462
3352833,4026
3352872,4074
3352901,4693
3352933,5027
3352990,3222
3353138,4013
3353215,4623
3354015,3428
3354172,3711
3355104,3066
3359183,3077
3359342,2865
3359526,2951
3359764,2922
3359908,2879
3360027,2860
3360175,4799
3360307,3016
3360388,4175
3360469,4104
3360503,4151
3360541,4681
3360669,2770
3360798,2760
3360944,2890
3361080,2839
3361945,4071
3362882,3790
3363637,3906
3370366,2846
3370534,2857
3370678,7991
3370819,6789
3370963,6704
3371125,6598
3371289,6489
3371451,6383
3371590,6298
3371742,6254
3371861,6081
3372015,6089
3372134,5916
3372266,5891
3372664,5600
3372803,5806
3372923,5631
3373089,8337
3373225,8308
3373404,4808
3373545,7298
3373596,8084
3373633,8161
3373663,9511
3377295,3659
3381910,2953
3382083,2831
3382243,3560
3382334,2776
3382499,2763
3382654,2778
3382809,3052
3383042,3384
3383507,3052
3385567,2884
3385952,4325
3386101,3615
3386244,3414
3386457,3317
3386597,3427
3386735,3472
3386879,3942
3387016,4043
3387186,3520
3387676,3332
3387794,2969
3388113,3147
3388251,3547
3388327,3406
3388583,3389
3388771,2914
3388916,3727
3388952,3899
3388984,3988
3389023,4603
3389162,2970
3389355,3158
3389745,3731
3391096,2962
3393747,3035
3394023,4160
3394220,4254
3395065,4192
3395318,3884
3395468,3680
3395645,3799
3395789,3858
3395927,3769
3396064,3682
3396212,4646
3396314,3481
3396454,3394
3396608,3343
3396818,3084
3396964,3050
3397098,2962
3397240,3266
3397330,2789
3397484,2779
3397720,3088
3397990,3128
3398293,3615
3401424,2804
3401973,3458
3402121,3543
3402345,3215
3402497,3008
3402620,2990
3402843,3039
3402987,3093
3403158,3165
3403322,3243
3403483,3169
3403660,3224
3403781,4009
3403898,4140
3404238,3849
3404500,3635
3405706,3004
3405911,3244
3406108,3356
3406376,3369
3406682,3187
3406969,3000
3407350,2808
3407595,3023
3407858,3054
3408255,3287
3408480,2835
3408911,2799
3409173,3189
