381,3259
1058,4034
1409,3542
2151,3989
2169,4782
2782,3483
3815,3419
4258,3446
4455,3662
5366,3697
5444,3803
6127,3835
7216,5507
7385,5191
7741,4894
7907,6038
9280,3676
10267,4388
10390,3829
10801,5017
10855,4350
10995,4744
11256,4804
11656,5889
11886,4966
12001,4930
12872,4133
14225,4848
15232,4047
16413,3634
16668,4964
17072,4052
17426,4815
17613,5372
17691,3750
17834,5268
19812,3867
20036,3775
20301,3904
20410,4396
20486,4368
21812,4087
21878,4558
24268,6258
24407,4121
24547,5153
24691,5337
25349,5079
25730,4095
26333,3747
27332,3742
27954,3307
28468,7252
28678,4028
28868,4866
29413,5324
29448,4579
31611,3525
31777,3302
31964,3869
32355,4643
32946,4108
34697,4819
35469,4102
35915,4109
36387,3457
36535,4793
36994,5007
37135,4833
37167,7098
37544,5723
37717,5025
38227,6368
38259,5096
39461,7089
40066,6254
40326,5131
40413,7161
40560,7095
40609,5487
42073,6269
42271,5066
42283,6206
42981,6220
43413,5481
43668,7188
43879,7055
44689,4953
45653,5107
45813,5505
46781,4658
46957,3960
48692,5114
49008,4071
49618,7728
50047,4410
51054,3635
52530,3783
53235,6238
53263,3905
53307,5457
55061,6777
55477,6062
55697,5944
55764,4149
56220,3592
56356,3971
56801,5761
57720,6353
57904,5696
58060,4276
58268,6622
58575,7714
58820,6875
59204,7241
59479,7769
60185,6059
60374,5481
61052,7245
61686,6399
61908,6653
62391,6757
62717,5419
62763,5752
63713,4054
64388,4436
66728,3849
66856,4471
66956,4359
67064,5374
69322,3648
69331,4717
69560,4751
70348,3971
70902,4379
70968,4650
71173,4819
72320,4612
72691,4773
73166,5111
73375,4142
74679,4272
75004,3782
75335,3673
76070,5520
76264,5167
76414,4639
76850,4279
77604,4192
77778,3803
78346,4766
78550,3727
78700,5108
79054,5177
79357,4299
79398,4556
82594,5250
82759,3718
84095,6550
84719,5015
84778,4303
84946,5247
85070,5508
85184,7952
85480,4896
86982,4749
87126,6401
87233,4822
87486,6123
87691,5623
87892,8130
88160,8724
88460,5241
88738,6920
88921,6929
89116,7425
89623,7137
89870,12387
90079,8040
90428,12061
90854,11166
91139,12659
92288,8185
94027,8967
94288,10504
94514,9840
94824,7398
94995,16285
95464,10127
95493,20739
95553,12532
96664,7451
97820,7400
97965,8354
98053,11275
98458,14153
98540,16331
99006,6834
99467,14494
100625,13923
100668,13306
100828,24564
101076,19740
101354,13365
101436,12838
101696,19357
102431,17375
102495,15985
102550,15988
103202,19360
103260,21594
103290,13884
103346,20756
103451,15902
103500,15128
104844,12797
105508,14672
106597,13504
106704,13712
107354,9224
107437,11872
107898,9481
108175,11848
109009,11898
109207,11759
109251,12215
109690,13791
109903,12862
109971,15462
110018,13660
111159,14084
111512,9342
112000,12455
112402,13727
112550,11959
112740,13443
112829,12657
113096,12484
113456,12777
115816,10946
116280,8842
116968,8567
118643,9266
119035,9065
119579,11514
119849,9841
120223,9698
120466,11270
122448,8827
122545,9661
122937,9097
123508,7507
125614,5015
126269,4031
129056,8645
129078,7029
129283,9954
129446,6602
129721,6652
129976,7374
130326,5564
130747,5013
131333,5695
131787,5372
131896,6790
132083,7028
132296,7473
132352,6960
132911,5862
133065,6547
133209,7935
133264,7146
133398,7170
133822,6820
140274,3803
140653,4153
140971,4485
141269,3746
141765,8322
142002,6570
142233,3390
142735,7033
142962,6554
143112,6119
143178,7741
143762,5575
144880,3605
145302,11078
145704,6027
145751,5363
145911,7837
146026,6692
146120,7495
146432,7474
146533,6220
146685,8987
146796,10770
146972,9234
147161,6662
147311,9465
147582,9079
147693,5848
147785,5144
148095,5871
148252,8346
150593,7446
150971,6102
151264,6421
154344,6303
154572,4684
154721,4466
155076,5213
155152,10780
155322,8837
155727,5213
155832,12000
155938,9881
156096,13222
157771,10732
157908,8927
158086,9053
158257,9378
158449,11202
158648,10524
159011,10806
159296,9033
159685,10248
162254,10168
162704,15976
162985,8162
163080,10098
163167,8840
163252,14509
163411,9624
163474,9790
163655,11003
164095,5949
164277,11000
164626,8464
164701,11016
164919,5941
165100,12292
165178,9840
165301,5209
165561,12213
165703,13981
166049,6817
166232,7863
166462,9382
166639,11088
171584,5269
171725,6238
171904,7717
174527,11983
175175,5568
175450,5947
175891,8252
176144,9801
176253,7120
176449,11013
176545,6746
176926,11508
177046,11773
177460,10065
178007,7671
178326,6746
178984,7183
179301,7940
179407,7906
180048,7827
181967,7297
182133,6494
182231,6463
182526,8068
182664,8360
182886,8497
183181,7766
183604,7816
183701,7402
183811,9216
183998,8724
184274,8277
186917,11340
187576,5666
187928,4872
188488,12090
188754,10353
188949,10070
189314,11275
189423,6279
189611,6167
190046,11639
190482,11135
190766,9761
191544,6257
193116,7178
193571,7209
193662,6899
193969,10071
194098,6354
194267,8724
194325,8735
194530,7588
196594,6687
196756,5529
196871,5327
197640,10620
197975,6208
198486,6841
199439,7085
200903,7710
201012,5169
201160,5290
201281,5896
201945,12007
202659,6625
202862,6038
202927,6237
203107,10501
203386,7575
203903,7025
204225,6388
204341,4736
204416,4130
204569,7285
204679,8856
204765,6775
209329,4097
209419,3563
209908,4337
210066,4454
210308,7207
210800,7697
210990,7293
211097,10255
211205,5939
211613,5220
211762,5670
212620,5586
213681,5866
214090,4031
214602,5828
214793,4911
214955,5550
215117,5153
217687,4848
217878,4354
217950,8352
218533,5553
218711,7855
218826,5836
218929,7037
219084,5081
219278,6880
220169,4915
221102,5129
221202,4783
222001,4920
222244,5498
222280,4926
222592,5251
223125,5428
223731,5145
224786,5420
225134,7815
225262,5001
225703,5565
225798,6074
226346,5992
226627,4576
226979,6035
227356,6206
227582,7550
228422,7035
228643,6278
229216,5371
231771,4338
232186,3999
232390,4655
232665,5289
233063,4406
233334,4990
234088,8148
234292,8404
234633,3841
235001,4990
235256,4772
235597,4521
235709,5713
236237,5336
236451,5620
236493,4611
236908,4048
240130,4612
240466,4902
240613,3835
241183,4737
241413,5690
241615,5057
241804,5431
241862,5115
241952,5922
242916,5397
243210,4439
243303,4856
243394,5761
245046,4056
245402,3575
245977,4424
246327,3764
246853,5580
247408,5419
247815,5532
248170,5519
248481,5057
248574,5256
249417,5335
249460,6771
249508,7352
250124,4059
250977,4757
251340,7553
251805,5065
252065,7511
252224,5801
254554,4628
254786,5308
255416,5875
255570,5234
255766,4515
255916,4582
256072,5361
256261,7929
256412,6569
256466,8177
256519,9093
257615,9325
257759,5370
258167,5677
258507,5151
261221,4332
261616,5576
261698,6752
261857,5399
262005,6315
262390,6729
262550,7370
262670,5408
263012,5982
264243,5729
265021,4884
265051,7184
265071,5146
265107,6640
265329,7941
266520,8294
266559,8381
267317,6984
267530,6490
270414,4598
270614,4827
270841,4229
271263,4802
271436,4090
271568,6195
271783,5111
271927,5166
272064,4601
272274,6398
272460,3818
273097,4050
273349,3846
273676,4296
273713,3974
274819,5798
278954,5862
279477,10951
279653,4192
279815,8038
279983,5259
280147,5146
280299,5675
280499,5582
280695,6323
282110,4330
282260,8345
282411,7176
282555,6327
282704,7835
282839,10792
282970,8718
283108,10473
283240,10287
283393,11617
283495,13960
283599,19071
283710,13954
284264,16022
284643,17848
284851,14954
285320,17067
285489,15514
289610,12830
289783,12329
289959,11982
290113,11769
290670,11074
290855,10574
291030,10212
291196,9663
291423,9325
291714,8873
291857,8224
292063,7104
292455,5472
292662,6997
294075,8890
294833,6855
296451,6827
296616,6676
304700,4907
305202,5123
305638,4891
305663,11174
305847,4384
306023,5363
306154,5622
306315,5141
306706,7801
307211,13922
307324,6188
307488,7097
307756,5221
307945,10167
308078,6782
308339,6595
308455,11866
308840,6187
309204,12352
309435,11146
309702,11264
309869,7389
310440,7547
310615,10484
310843,10193
311033,9206
311242,26597
311597,10378
311888,15149
312019,14964
312254,25479
312468,15024
312686,7949
312831,9325
313177,8588
313368,11917
313565,8745
313761,8826
313943,9079
314275,7559
314636,6252
315190,22751
315622,21270
315714,22440
315872,16012
315973,15661
316206,11109
316846,10397
317091,19540
319091,13232
319340,12153
319406,11986
319734,9391
319965,11219
320405,10867
320680,10099
321268,7534
321617,10389
322016,6273
322437,7310
322614,9134
322890,25871
323067,25923
323298,26571
323538,25335
323821,25378
323907,25605
326438,22658
326541,22757
326690,22723
327068,23856
327532,23728
328908,9476
329220,23217
329417,23404
329577,21883
329820,22342
329984,21716
330161,22533
330322,19297
330856,7422
331016,20101
333718,18353
333896,18058
334053,18238
334219,18342
334436,19541
334626,18692
334781,18162
334932,15141
335083,14893
335239,14930
335406,14965
335563,16020
335720,16110
335870,11473
335976,18119
336138,17333
336295,16774
336463,17127
336722,17003
336999,16850
337181,16009
337350,12913
337557,16654
338579,20857
338748,21042
341076,18579
341256,18663
341636,22597
341819,22011
341977,21980
342153,22820
342347,24789
342776,11613
342945,16314
343106,11424
343279,15658
343459,15590
343620,15542
343788,15747
344022,10621
344262,24611
344475,23380
344661,23502
344828,23227
344986,22623
345151,23118
345313,19028
345467,23052
345637,23051
345804,21949
346100,23125
346268,24137
346635,23043
346842,23415
347008,22439
347173,23135
347470,22572
347641,21475
347807,21996
347975,22179
348135,21793
348308,19647
348426,21128
348592,20378
355580,24587
355808,24465
355967,23592
356143,23659
356332,14488
356416,23269
356572,23336
356723,14193
356875,14091
357034,13981
357277,9582
357462,13239
357619,12982
357773,12779
357932,12720
358085,12416
358236,21827
358612,31526
358770,31680
361493,29063
361670,29233
361829,29170
361984,29112
362136,29054
362287,29039
362444,29022
362607,31182
362760,31148
362959,31081
363124,31039
363286,30375
364051,27673
364449,27426
364638,19888
364809,21195
365065,22486
365231,24025
365456,24880
365626,24619
365800,28735
365969,28683
366152,25445
366325,19564
366566,19051
366698,21455
366967,23017
367249,22630
367440,26979
372288,19713
372485,19973
372641,19496
372793,19782
374349,32197
374430,18261
374595,18587
374749,15908
374903,15867
375058,19225
375217,31748
375409,32142
375573,31866
375727,31431
375880,31182
376126,31151
376286,26469
376656,25889
376842,25799
377013,26222
377175,25272
377333,25541
377522,17426
377696,17553
377857,21678
378019,23501
378179,23254
378346,14463
378421,22835
378585,22574
378755,14296
378936,13991
379103,14194
379272,13005
380431,14347
382517,24163
382692,32464
382861,29751
383014,29650
383167,29549
383321,33114
383482,30619
383661,32080
383831,26879
384004,26811
384178,26875
384350,26560
384746,32114
384921,32209
385087,32184
385254,17710
385444,21411
385717,31864
386099,31771
386264,31520
386425,31814
386594,31476
386763,29067
386937,31654
387193,31316
387385,31041
387657,30499
387829,30499
387988,29984
388261,32057
388548,32711
388727,32290
388900,32021
389075,25249
395069,30069
397255,27749
397423,29292
397561,29210
397696,29195
397829,32111
397971,28251
398127,19370
398269,19120
398411,35664
398543,35723
398676,35895
398814,35927
398953,36063
399088,36036
399228,35990
399372,36375
399564,35747
399700,36254
399839,36205
399979,36148
400114,36658
400254,36936
400515,36488
400657,35005
400791,36271
400927,34636
403056,35660
403313,37681
403466,34252
403636,22696
403792,22786
403958,22706
404145,22695
404336,22655
405118,21823
405286,22343
405423,22260
405590,22284
405752,34426
405913,34315
406072,19002
406285,34729
407904,23191
408072,25882
408238,36008
408614,37456
408820,31236
408976,30658
409422,31018
409585,30906
409736,30882
409888,30780
410056,30759
410208,30888
410371,29460
410542,31321
411154,31042
411466,30825
411657,31070
411842,30983
413033,25578
413186,26001
413329,26390
413474,26106
413609,26274
413747,23567
413831,23430
413867,23722
415279,22386
415427,23590
415590,22830
415919,22854
416080,23009
416250,22226
416525,23478
416695,23582
416960,32093
419090,30241
419258,30224
419436,28267
419599,28055
420145,27620
420428,27390
420590,27470
420755,26316
421090,26125
421341,24986
421429,25886
421587,25870
421840,24998
421992,24176
422146,24234
422305,24481
422423,24150
422953,24067
423117,24393
423269,24670
423450,24660
423618,24595
423772,24770
423937,21061
425342,19871
425767,19288
425951,19158
428350,17027
428635,19810
429138,22587
429351,21550
429388,22387
429512,22148
429635,22322
429773,21486
429981,21171
430241,20513
430392,20131
430568,18614
430762,18228
430899,17788
431240,20210
438408,12721
452015,4987
452330,6190
452949,6314
453067,6753
453549,6219
454119,5316
454269,3739
454461,4299
454604,5495
454730,11419
454862,11179
455003,4098
455141,10122
455277,9514
455412,6049
455560,7330
460646,7836
461584,4836
461770,8114
461930,6295
462092,7638
462245,4273
462412,6115
462567,5802
462721,7582
462965,7813
463130,4982
463293,6535
463424,7458
463583,7419
463737,6969
463892,11707
464055,11492
464211,10987
464463,8810
464619,9035
464889,7153
465057,9612
467097,6056
467267,4828
467433,4710
467591,5446
467749,10347
467909,10238
469914,9302
470049,7534
471143,8478
471315,8439
471426,8378
471567,8284
471788,7243
472188,10283
472326,7348
472434,10106
472571,10020
472697,9109
474329,10428
474506,10447
475025,10122
475240,10094
475387,9311
475686,9803
475853,9689
476026,5259
476159,6091
476277,5921
477352,12899
477694,12659
477930,12499
478187,9437
478329,9346
478476,11514
478595,11342
478738,11310
478873,11607
479055,11545
479261,11042
479393,8618
480785,18841
481112,15994
481320,15439
481636,15067
482038,14904
482298,14529
482626,14250
482836,7953
482968,7560
483487,13505
483928,13114
484107,7398
484227,7218
484526,12631
484788,21024
484988,20622
485173,20537
485586,20274
485752,20207
485878,20032
486052,19957
486899,19159
487160,18946
487428,18334
488201,17955
488440,16108
488591,16695
488745,16106
488881,16072
489022,16054
489169,15488
489353,15405
489773,14935
490086,15419
490626,14930
490837,13769
491729,13931
491986,18993
492271,18592
492778,18666
492961,18585
493138,20339
493418,20294
493578,21047
494747,19239
494912,19390
495064,19431
495231,19506
495410,10795
495572,16260
495731,18162
495887,18182
496050,18135
496217,17582
497221,16364
497776,12812
498024,19694
498328,31464
498499,30818
498641,30910
498775,30964
499003,26012
499143,26368
499288,26009
499396,25813
500901,24210
501054,24335
501189,24271
501329,24284
501480,24280
501619,24193
501760,24928
501894,24340
502028,25897
502210,24264
502426,18220
502579,18168
502720,17829
502864,17978
502998,15456
503119,21474
507742,20050
507902,20275
508042,20534
508188,20483
508329,32386
508409,20312
508553,20616
508692,22065
508827,22176
508959,20018
509101,20130
509243,21053
509396,22276
509531,12139
509666,17950
509873,30471
510013,30292
510146,30141
511642,29144
511911,29769
512081,30188
512239,29977
512410,30552
512566,30952
512977,31066
513140,24986
513300,26354
515434,24398
515610,24274
515771,24261
515926,26392
516077,26335
516227,20341
516415,21761
516592,21634
516745,21330
516903,9628
517061,24885
517224,25240
517389,26586
517550,26546
518262,26524
518555,17641
518731,17516
518900,17562
519061,17453
519227,16587
519809,16057
519992,28569
520184,15569
520378,15540
521176,14956
521338,20659
521416,16231
522516,46108
522705,45820
522875,47063
523050,36425
523223,36092
523431,36156
523603,36175
523770,36527
523934,35945
524100,36461
524260,35964
524428,35651
524837,36919
526815,34524
526982,34242
527272,34162
527646,25005
528011,24913
528406,25813
528773,25776
529003,30667
531187,34096
531343,34180
531899,34693
532185,34855
532343,34429
532550,34686
532694,34900
532840,34847
533227,32502
533374,36446
533539,22244
534097,21776
534345,22740
534455,21710
534697,22499
535126,20942
535284,21689
535535,21852
535952,21341
536278,21429
536595,21237
536736,22138
536906,21714
537042,18626
537185,33807
537303,34184
537458,34593
537725,34780
538475,34583
541233,31700
541426,32018
541716,32024
542034,32090
542474,31784
542627,32000
542769,32304
543023,32385
543165,32726
543397,33293
543589,33349
545245,32267
545415,32545
545569,33017
545724,33167
545861,33364
545977,33340
546169,19249
546336,34124
548986,29481
549151,30647
549300,30295
549448,31069
549590,31217
549724,31149
549861,31343
549999,31718
550146,22468
550330,23317
550488,23859
550640,24533
550790,24466
550937,19814
551075,19083
551208,43953
551344,39497
551400,37607
551542,37869
551678,39243
551810,36261
551946,36436
552081,38229
552752,41826
553003,42425
553170,43277
553344,33665
553697,33514
553868,33602
554033,33486
554655,33165
554829,33041
555004,32565
555169,31891
555519,31790
556244,30866
556641,31327
556809,24718
557915,28681
558110,28596
558281,28261
558437,28213
558706,28201
558951,27857
559110,27649
560734,26223
561005,25853
561837,25584
562011,25609
562168,25504
562332,24828
562502,24758
562663,24703
563184,29988
563341,24897
563841,29470
564018,31196
564184,31357
564356,25373
564442,24418
564604,24541
564758,24891
564911,26466
565826,24962
565994,24970
566166,28898
566417,28591
566867,28883
567333,28693
567418,29098
568016,20001
568189,19582
568352,19567
568793,18929
568954,17524
571435,24921
571640,24561
572229,26589
573922,22514
574860,21628
575729,20928
576304,20695
576829,17690
577721,19331
578575,18527
583584,16022
584418,16601
586753,18694
586937,18240
587114,17285
587262,17029
588394,15473
588567,15356
588690,14872
588850,14187
588972,13727
589113,15618
589431,13528
590040,12622
590165,12054
590297,11636
591418,10299
591574,10030
591847,10457
592011,9491
592103,9597
592454,8707
592865,7922
593448,10884
593876,10228
603152,4023
604077,3977
604646,4544
604665,4021
604825,4155
604974,4748
605120,5552
605243,5201
612694,3422
612945,7661
613028,5069
613231,4938
613330,9694
613930,6733
613974,4395
614168,4371
614431,4675
614607,6539
614654,4223
614673,6568
614735,9353
615023,3779
616776,5118
617248,3818
620730,7712
620838,7690
620908,7414
621527,6418
621696,6525
621757,5679
621941,6102
622128,5998
622408,6336
623546,9449
623717,9184
623852,9262
623998,7316
624140,7463
624314,8901
625499,6552
625675,5822
625860,6100
626033,6207
626191,12773
626354,18657
626443,12640
626615,11675
626775,5732
626927,12813
627079,12248
627238,16066
627426,15052
627614,21170
629499,21309
629672,10761
629837,10748
629991,11711
630146,11053
630305,14655
630715,9377
630786,9994
630843,11000
630897,18136
630950,11737
631000,13909
631059,11988
634613,14594
634806,11637
634981,14836
635167,12999
635323,13009
635441,14786
635594,15260
635755,14004
635906,14037
636065,11310
636225,11202
636386,11090
636547,11159
636710,10941
636859,9982
637008,12980
637159,11956
637316,13412
637481,15391
637636,14671
637792,13978
637964,14388
638125,14252
638442,13764
638612,13543
638791,13145
643493,8168
644573,8703
644619,8093
645050,8380
645245,7721
645412,8550
645609,5992
646885,8062
656433,3670
656461,6288
656677,6462
656831,6950
656973,6220
657106,6873
657250,6631
657401,6629
657539,6392
657671,6039
657801,6277
659455,4886
660056,5739
661110,4336
661504,5889
664975,10492
665611,9456
665867,3905
666025,4511
666173,4423
666313,7166
666472,7400
666612,7179
666746,6847
666882,7357
667024,6681
667155,7288
667290,7033
667457,9598
667604,13242
668853,7934
668899,6979
668941,15639
669082,18156
669551,11891
669808,8509
670633,14688
670805,12904
670963,12677
671120,13769
671280,13691
671437,11677
671691,9443
672035,8512
672206,11452
672400,7658
672892,14555
672945,9819
673212,13360
673585,13163
674422,11701
674564,11011
674696,13055
674840,12806
676062,11965
678476,9726
678897,8848
679023,8270
679139,7724
679877,9390
680121,8001
680246,8012
680385,8038
680893,7563
681171,9274
681694,8394
681941,7991
689228,3531
689351,5582
689588,4972
690054,3751
690548,4761
690682,6261
691112,5421
691945,8088
692167,3413
692328,4703
693021,6199
693047,4603
693181,5077
693313,5627
693599,5536
693937,6571
694524,4472
695531,3993
695822,3999
696669,5528
696924,5376
697440,5640
697604,5237
697767,4063
698090,4303
701094,4360
701295,6286
701492,5731
704016,4583
704687,7299
704714,5961
704862,5567
705512,5760
705556,7536
705740,7051
705765,8323
705940,5528
705976,6752
706445,6026
706614,5590
707287,7552
707432,6757
707563,6434
707602,7467
707724,5226
707847,5946
708470,7068
709552,5865
709975,9349
710520,3966
711511,4182
711820,6447
712027,7451
715743,3681
715903,9553
716066,9610
716315,8864
716433,9355
716556,8739
716577,8977
716741,6215
716950,8976
718509,6321
718731,6332
719194,5761
719518,16202
719673,15574
720423,13893
720575,20794
720721,28802
720856,28118
721005,28674
721143,27914
721261,18985
721448,20507
721487,27323
721566,21057
721569,22357
721617,24064
721663,33629
721750,24030
721834,24018
722560,22345
722712,23016
722760,26884
722773,20412
723042,19256
723233,24244
723425,19491
723551,20593
723601,20866
723650,24170
723696,24797
723750,18071
723797,17920
723958,21609
724131,19503
724310,19468
724445,17729
724503,17565
727499,23637
727924,23672
728088,23619
728238,28390
728422,23428
728581,29970
728733,23423
728897,23211
729546,22659
729709,22595
729866,22536
730019,27212
730182,23725
730351,27680
730558,25896
732878,23714
733055,23949
733223,24143
733413,27157
733654,26209
733821,24798
733986,26946
734148,25175
734581,21316
734749,21531
734922,23405
735081,22764
735352,26131
735548,24188
735831,22099
736008,19994
736178,26245
736369,25372
736530,22761
736709,22836
736877,22354
737037,22942
737202,23953
737949,25834
738128,26038
738315,27753
738508,22292
738681,22177
738847,22505
739007,22542
739165,23836
739337,23875
739419,23536
740443,21801
740615,21990
740788,21515
740956,21586
744627,23129
744841,20510
745037,18969
745635,19659
745904,18390
745944,19650
747508,16949
748043,18510
748523,18854
749766,16395
749853,17855
760499,10173
760602,8565
760995,9152
761587,9372
761798,8792
763047,11080
763387,7360
764337,7089
767500,5985
771077,5269
771261,8056
771524,9373
771667,5775
771786,10854
771887,10799
772008,4177
772219,4316
772399,8776
772580,9133
772715,5397
772844,5065
773500,9321
773546,8964
773629,8956
773677,8468
773753,8634
773785,8676
773803,8967
778499,11523
778723,11049
778893,6198
779054,10851
779214,5420
785087,6558
785253,4724
785489,7954
785631,8261
785761,8053
785894,8184
786026,8150
786168,7506
786315,8717
786522,6229
786709,6382
786848,10053
786985,6185
787117,5836
787252,9919
787464,9533
787617,10825
787756,11372
787897,11332
788040,12772
788175,9011
788325,10364
788467,8877
788601,9675
788734,13593
788866,12091
789586,12094
790006,7861
791035,7756
791691,9653
792582,7427
792622,7294
793665,6825
794674,5763
795879,3933
795909,4525
796713,5852
797011,6253
797477,11992
797689,7486
797825,11999
797947,11057
798058,10392
798413,9748
798723,7744
798893,9662
799031,11516
799247,6307
803243,5017
803442,5780
803726,8010
803802,7882
804142,4504
804169,7287
804258,7560
806238,5797
806693,7841
806863,7767
807034,12844
807195,12784
807461,12616
807635,12489
807801,12372
807962,11862
808770,9565
808988,9471
809586,8972
809737,8916
809900,10128
810045,17693
810516,17165
810677,17156
810837,17099
810994,17045
811155,19501
811312,15128
811517,15517
812413,14858
812610,14537
812749,13469
812896,13422
813035,7191
813420,6509
813586,10049
813745,12784
813897,12843
814048,12882
814200,12440
814367,20687
815446,21648
815616,21612
815782,23958
815937,20448
816099,19365
816251,18993
816770,19480
816941,18986
817104,18696
817283,20066
817424,13830
817586,8520
817762,22910
817931,22263
818106,8728
820899,25731
821070,25893
821208,25647
821346,25717
821498,25253
821643,25626
821781,25598
821917,25810
822053,25781
822198,24966
822334,15966
822430,15477
822559,15614
823454,15196
823736,15143
823900,15085
824075,15293
824242,14855
824600,15700
824766,15795
824926,15850
825078,16187
825250,15190
825426,15468
825603,15526
825769,15243
825929,11866
828301,19276
828440,24496
828619,26842
828789,26346
830761,24496
830931,24812
831089,24589
831346,16593
831535,16518
831693,16456
831852,16392
832013,29644
832174,30051
832326,30002
832487,29282
832643,29805
832796,20496
832955,20484
833113,20433
833278,21676
833457,22105
833516,22507
833569,22559
833627,22601
833680,22754
833731,26355
833790,26385
833852,26674
833906,28630
833961,19216
834012,19057
834068,27928
834241,19541
835582,20747
836031,18677
836492,29557
836883,18956
842149,39869
842625,36372
842803,35540
842969,36233
843126,36158
843283,34133
843416,35669
843578,36046
843734,35979
843897,24301
844052,24273
844209,24590
844390,25246
844561,25502
844719,25598
844877,26214
845033,26193
845197,26140
845374,26398
845880,25582
846050,25616
846219,25342
846458,13101
849457,35783
849654,35782
849827,35783
849990,35536
850144,35566
850300,34737
850697,35410
850857,36954
851010,27890
851172,28605
851328,23156
851509,23151
851671,24087
851843,23995
852000,23930
852166,24339
852327,22637
852436,22720
852494,22571
852561,22700
852616,22988
852669,23049
852723,23651
856611,28538
857006,27410
857180,58663
857337,53517
857501,54112
857672,54549
857832,51118
857991,54102
858432,54274
858588,54461
858754,46700
859159,46345
859389,46206
859594,48485
859735,44317
859866,44131
860630,44003
860791,43893
860970,42525
861125,42476
861284,39727
861435,38945
861498,40666
863696,38651
863883,38574
864040,33426
864194,20741
864384,28007
864543,28536
864696,28022
864847,28037
865000,28730
865164,31052
865337,29237
865527,29266
865705,28358
865870,30080
866177,29633
866345,20415
866437,15450
867044,15552
867189,15317
868433,14253
868618,14167
868909,15380
869091,23105
869285,28020
869461,28460
869732,28537
869899,28278
870149,26723
870426,28349
870595,28072
870761,36726
870922,26804
872329,28986
872418,25413
872584,31613
872740,31836
872893,31870
873052,31761
873217,32020
873381,31908
873565,31837
873718,31621
873875,29057
874026,29114
874183,28609
874748,27825
876592,27117
876760,27343
876915,22120
877089,24120
877243,25002
877518,22533
877678,22599
877839,23259
877992,22893
878141,19052
880430,29206
880608,29548
880766,27266
880924,27270
881075,28171
881227,28513
881345,28345
881503,28594
881657,32377
881979,32152
882118,32151
882276,32836
883013,30140
883188,32085
883545,31640
883799,31894
883957,26639
884123,26526
884603,26403
884770,27882
885781,32299
885942,32187
886473,31780
886836,30277
886999,30270
887168,30156
887291,30127
887428,30049
887590,30041
887965,30063
888129,14561
895060,16129
897435,11514
898432,12017
899480,8795
901448,17241
901616,16878
901771,16777
901933,16705
903467,16037
904545,12239
906953,20267
907142,19715
907295,14710
907525,16490
908303,15497
908986,14929
909391,16137
909836,11920
910260,8885
910685,10882
911035,9997
911536,10207
911677,9552
911922,8870
922334,9628
922567,28874
922784,7655
923166,5143
923731,5522
923899,4951
924436,11012
924736,17738
924796,16746
924908,6534
925326,6245
925630,6814
925749,10483
926057,15823
926281,13804
926353,15130
926459,13979
926512,40413
926567,49266
926622,40410
926646,13886
926676,49852
926722,22855
926775,49169
926811,52661
926861,49736
927021,13834
928622,21451
928799,21324
929003,19605
929160,29412
929324,32108
929497,31574
929695,29554
929858,29716
930012,30489
930176,31043
931551,18660
931749,18199
931907,20372
932063,20267
932214,19807
932527,25722
932688,26224
932818,38875
932978,39061
933138,40718
933336,28511
936271,28587
936441,28605
936593,29875
936730,29501
936863,30892
936995,30321
937137,20609
937270,23386
937541,14637
937705,24359
937846,24324
937980,24317
938113,24367
938246,24601
938453,24753
938597,13633
939741,24649
939921,24243
940116,23207
940255,24320
940417,24288
940554,24864
940692,23785
940913,23409
941100,21657
941969,24783
942345,24841
942702,24256
943190,24804
943335,24910
943495,25131
943613,25417
943901,25021
944256,25181
944415,25168
944616,25342
944737,25319
944880,25555
945021,25591
945267,25560
945497,25555
946395,24745
946576,31494
946747,31991
946907,31975
947070,33009
947236,24857
947406,24871
947565,25699
947741,25516
947923,24597
948086,24736
948246,24426
948436,24281
949443,23475
949657,23418
950715,22475
950864,22451
951008,22788
951154,25000
951297,24919
951449,24841
951587,14388
951725,26951
951859,26807
953010,25792
953178,25894
953520,25602
953696,25530
953843,25486
954135,25331
954449,26336
954704,29128
954874,22270
955032,22307
955180,22225
955418,22189
955566,22092
955749,21959
956097,21866
956266,21916
956442,21868
958433,21259
960439,24238
961437,22399
962448,21236
963452,20137
965430,17922
966723,16182
967419,15250
968346,17083
968411,16456
968460,14671
969643,16471
973458,12584
973629,11851
973986,11064
974142,12033
974316,11214
975016,10252
984029,3282
984175,4297
987265,3264
991744,6764
992143,7794
992317,7426
992486,7144
993283,6756
993337,30906
993393,28088
993641,8574
994129,20942
994283,20714
994454,20422
994488,15486
994697,20473
994940,15087
995077,15067
995233,12262
995659,8792
995806,18644
995936,26498
996050,24433
996457,30410
996581,16701
997434,17484
997602,19689
997762,20713
997926,8773
998085,9414
998243,10197
998686,8602
998851,9267
999022,9146
999182,10219
999339,7121
999461,5846
1001427,22874
1001595,25051
1001749,24823
1001907,24833
1002068,24721
1002477,18738
1003105,18709
1003251,18673
1003405,18623
1003544,18964
1003680,19038
1003829,19259
1003967,19497
1004108,19413
1004244,19328
1004830,18792
1004982,18690
1005126,18678
1005264,18592
1005408,18496
1005547,18482
1005687,18413
1005832,20855
1005975,10788
1006114,10603
1007806,15917
1008522,26404
1008674,24746
1009222,24451
1009457,24780
1009625,23300
1009749,23439
1010682,21744
1010830,21682
1010995,21843
1011114,21880
1011229,21913
1011429,20538
1011730,19959
1011925,19990
1012054,19130
1012171,19325
1012330,19213
1012449,14898
1012594,19000
1013183,19152
1013528,17850
1013745,21892
1013907,22018
1014268,20957
1014549,20980
1014711,20972
1015234,19796
1015950,19173
1016140,18939
1016262,18284
1016572,18135
1016962,17694
1017127,17061
1017420,16719
1017564,16895
1017953,15875
1018123,15414
1018290,15494
1018479,13802
1020699,15859
1020884,15731
1021044,15738
1021321,12766
1021644,14979
1022127,14024
1022293,13956
1022773,13016
1025144,12073
1025330,14371
1025648,13520
1025790,13430
1025926,13606
1026056,13527
1026187,13119
1026404,13251
1032426,9817
1035412,8758
1037043,5376
1037250,4478
1037650,5973
1037838,6149
1037983,5270
1038120,5618
1038252,7531
1038393,7313
1038532,7791
1038667,6624
1038797,6386
1038999,7124
1039829,3628
1041312,3500
1047116,4322
1047465,3348
1047577,6230
1047650,7364
1047801,4373
1047956,6095
1048037,6068
1048120,5604
1048188,6972
1048263,6697
1048464,7102
1048545,6990
1048618,8769
1048670,6957
1048730,7917
1052220,5544
1052451,4270
1052593,5407
1054139,4250
1054524,4623
1055918,4568
1056107,4545
1056188,4144
1058042,3934
1058310,4612
1058832,3470
1059007,6038
1059283,4792
1059515,5605
1059690,4932
1060892,4552
1062424,3457
1062611,4213
1062776,4334
1063007,4832
1063202,4993
1063609,4811
1064160,4414
1065301,4578
1065824,7499
1065976,5097
1066125,4358
1066303,6041
1066414,6814
1067914,6371
1068226,5673
1068605,4844
1069106,4895
1069251,5200
1069440,8347
1069581,8429
1069723,5372
1069906,7832
1070106,4917
1070245,5293
1070540,7097
1070663,6313
1072048,5641
1075640,3176
1076065,5511
1076317,3690
1076991,3618
1077148,4025
1077469,3981
1077844,4194
1078022,3961
1079250,5667
1079353,3830
1079435,4364
1080443,4236
1080515,4552
1080681,4295
1081668,5540
1081722,8333
1082634,4843
1084793,4184
1085005,4028
1085143,5604
1085402,5284
1085857,5636
1086065,5765
1086355,6829
1086542,5008
1086580,6552
1086622,6956
1088324,15480
1088475,5289
1089065,4820
1089208,4886
1089353,14649
1089517,12572
1089673,11431
1090067,13847
1090300,15155
1090390,13714
1091331,6163
1091638,9754
1092289,6186
1092703,5881
1092965,4638
1093222,12379
1093440,12685
1093605,13872
1094987,9531
1095140,9530
1095317,8934
1095526,8812
1095685,9839
1095884,9779
1096030,9711
1096391,8346
1096555,11986
1096706,16201
1096861,16253
1097012,14859
1097164,14529
1097318,14608
1098668,9994
1098832,8273
1099561,13906
1099733,9183
1099893,9373
1100053,11462
1100212,7000
1100557,6750
1100777,9309
1100939,11037
1101204,12208
1101919,10145
1102193,11718
1102383,12264
1102916,12242
1103284,10269
1103452,10763
1103620,9562
1107832,5106
1107891,6416
1109433,5272
1109513,5088
1109896,6406
1110442,7244
1110612,4297
1110981,3871
1112618,5201
1116493,5793
1116675,7454
1116830,6188
1116992,6337
1117154,5597
1117312,7789
1117481,9630
1117517,6786
1118468,7405
1118634,6931
1118786,10423
1118945,9486
1119146,9483
1119300,7398
1119680,5626
1119931,11698
1119985,11818
1120033,11240
1120677,9755
1120955,8508
1121148,11726
1121345,9584
1121554,8928
1122714,11843
1123566,9131
1123746,7135
1125616,7988
1126320,7472
1126748,5893
1127147,5269
1127464,5850
1128463,8019
1128669,7914
1128814,6474
1128978,7656
1129119,5257
1129256,6180
1129510,8057
1129542,8159
1129609,7515
1129837,6953
1129979,6702
1135118,4359
1135621,3671
1135784,3411
1136251,4289
1138431,3647
1138681,6767
1138826,4294
1139469,4621
1139625,4308
1139672,5828
1139948,5694
1140415,7442
1140461,5794
1140573,4975
1140899,4696
1141559,4131
1141821,4521
1146662,3668
1147716,3062
1148557,7548
1148718,4801
1148854,7121
1148997,6265
1149114,8318
1149247,7949
1149440,7705
1149585,13103
1149722,12630
1149889,12695
1150602,17474
1150829,17458
1151160,15129
1151303,14262
1151471,11857
1151612,11825
1151964,10922
1152167,10822
1152366,10720
1152528,10260
1152678,6488
1153181,14575
1153340,31190
1153555,8928
1153680,9519
1153831,32204
1153948,14236
1154082,22622
1154215,30416
1154347,21741
1154529,10449
1154736,20560
1155103,12773
1155295,12694
1155443,21575
1155613,21617
1155777,21136
1155915,20896
1156263,18765
1156753,26823
1156894,23315
1157478,25873
1157629,22377
1157746,22916
1158025,22755
1158633,18999
1158819,30256
1158961,22449
1159205,21661
1159468,22065
1159756,20546
1160880,20627
1161209,18024
1161341,17998
1161528,17917
1161689,17856
1161862,23745
1162026,26320
1162186,16207
1163668,23077
1164346,24909
1164638,22909
1164800,34768
1165064,26171
1165222,33595
1165405,27664
1165660,27075
1165822,27156
1165973,28963
1166131,25803
1166400,25825
1166449,26244
1166566,29025
1166733,23142
1166893,28880
1167052,22287
1167212,22248
1167393,24277
1167442,31616
1167569,22152
1168494,23367
1169485,28098
1169633,25444
1169831,30672
1169995,26058
1170159,32646
1170312,34197
1170445,28465
1170472,36035
1170600,34535
1170646,29570
1170692,29630
1170746,29983
1170791,36801
1170841,38016
1170888,36276
1170933,35141
1170983,33237
1171027,33921
1171077,37415
1171149,38801
1171468,45887
1171522,39078
1171568,45867
1171614,48996
1171660,48178
1171710,51939
1171766,50018
1171810,47182
1171860,46765
1171911,46898
1171957,47825
1172295,47654
1172342,47236
1172414,52192
1172446,48015
1172711,52148
1173437,51622
1173485,31240
1173665,30476
1175126,33665
1175404,30318
1175585,33048
1175754,42139
1175921,35853
1176173,33424
1176345,33390
1176540,33250
1178490,42171
1178652,42475
1178806,42273
1178955,42028
1179107,42118
1179636,41732
1179797,41918
1181762,40431
1181917,40338
1182088,40249
1182243,40198
1182402,37577
1182564,37462
1182721,37386
1182880,37398
1183034,41878
1183188,36315
1185265,35244
1185718,39597
1185877,37087
1186113,36904
1186271,36887
1187637,43463
1187698,49410
1187753,49212
1187802,51176
1187850,51434
1188077,49081
1188126,44944
1188172,49140
1188217,49572
1190444,46808
1190634,42070
1191045,46401
1191325,45009
1192354,43833
1192448,35111
1192491,45236
1192556,44265
1192599,38651
1192633,45320
1192673,43115
1193990,41922
1194263,41423
1194445,41293
1194613,39486
1194766,38727
1195237,40297
1195427,39358
1195843,39024
1196142,37285
1196371,36563
1197722,35262
1199551,31144
1199642,32857
1201081,31059
1201252,25006
1201425,31877
1201582,29191
1202211,30435
1202386,18524
1212384,27216
1212523,27015
1212942,26236
1214425,26258
1214712,25636
1214859,27737
1215013,27320
1215148,25680
1215301,22876
1215428,22918
1215565,23044
1215701,23295
1215841,22280
1215973,23821
1216104,23261
1216220,22659
1216446,23366
1217136,24793
1218349,21391
1221503,10943
1229887,10615
1231609,9552
1231851,10307
1232345,8902
1232739,8141
1233634,7400
1234136,8705
1234642,7899
1234801,8423
1234964,7929
1248247,3491
1253520,5942
1253696,4649
1253779,4304
1254006,4321
1254032,8412
1254283,4877
1254698,6096
1254911,6053
1254984,8327
1255147,6705
1255486,6201
1255549,6605
1255871,7920
1255950,5119
1258394,5476
1258823,5342
1259691,4876
1259725,4745
1260600,4793
1261331,6850
1261993,4100
1262285,4381
1262696,3875
1263643,4082
1265645,4067
1266201,4827
1266204,4936
1266792,4288
1267117,5971
1268032,5298
1268152,4157
1268328,5699
1268436,5658
1268512,6014
1270083,5791
1270314,8859
1270400,6248
1270503,5433
1270652,6328
1270837,6209
1271547,5601
1272488,4282
1273390,3767
1273766,6383
1273931,6729
1274711,6060
1274768,6376
1276170,5079
1276330,5375
1276438,4980
1277404,5513
1277533,5221
1277769,5192
1279478,5547
1279802,4419
1279976,5962
1280163,6258
1280301,4679
1281804,4544
1282024,3408
1283212,3972
1283542,5072
1283742,4948
1283910,4949
1284059,5683
1284255,5649
1284457,6708
1284613,6624
1284744,5238
1287466,4263
1287504,4793
1287614,4771
1287781,5171
1288095,3209
1290091,3706
1290117,4055
1290336,4134
1292017,5565
1292166,7945
1292429,5000
1292754,4932
1293226,3891
1294417,3407
1294971,4459
1295269,4953
1295513,4924
1295649,3238
1296132,5206
1296399,4664
1296604,6151
1297779,5409
1297905,4530
1298126,5787
1298260,4845
1298305,6130
1298842,4862
1299603,4670
1299926,6245
1300632,5932
1301269,3896
1303977,4693
1304676,4456
1304742,6007
1305196,3690
1305542,4697
1306104,5109
1306271,5028
1306295,5833
1306495,5485
1306661,5244
1306839,4643
1307159,4196
1308421,5264
1309254,4234
1309828,7155
1309845,3902
1312499,3598
1312701,6096
1312882,5699
1313026,5408
1314482,5285
1314712,4334
1314960,4330
1315136,4221
1315395,6572
1316160,3897
1316295,5231
1316416,7469
1316453,6799
1316515,10503
1316847,7508
1316891,9465
1316926,10152
1317244,6525
1317389,6074
1317906,9129
1318222,9980
1318615,7964
1318885,6796
1319124,5295
1322022,5860
1322242,4269
1322844,5587
1323348,7881
1323498,9083
1323808,8670
1323965,8081
1324084,8547
1324199,8331
1324986,10664
1325214,9500
1325536,13674
1325915,8425
1326189,8471
1326714,9273
1327111,7782
1327590,8117
1327748,7195
1327919,5545
1330324,6565
1330617,8536
1331338,6951
1331439,7472
1331624,8810
1331880,7198
1333208,5567
1333540,5436
1333795,5231
1336597,4578
1336756,4838
1336926,4041
1337073,10091
1337204,10323
1337346,6380
1337553,9735
1337686,10385
1337816,10519
1337985,9647
1338126,9832
1338316,9458
1341721,5225
1341867,4742
1342084,5638
1342401,10454
1342694,5167
1342859,6478
1343495,6574
1343813,9295
1344141,5840
1344199,5367
1344254,5469
1344298,11860
1344349,4899
1344614,5616
1344675,11535
1344721,11107
1344765,11471
1349947,8164
1350151,7781
1350405,8564
1350586,15041
1350631,8807
1351107,35375
1351574,16781
1351616,35159
1351781,11989
1351934,28056
1352092,36169
1352195,31848
1352255,28221
1352465,24994
1352646,34021
1352832,33332
1353757,29140
1354381,31906
1354840,25722
1355132,30982
1357518,28508
1357672,12926
1357811,14253
1357955,25616
1359167,20987
1359317,15454
1359412,19659
1359707,21033
1359882,10611
1360001,17156
1360281,12282
1360409,13282
1360546,13390
1360680,13359
1360822,10483
1360963,17942
1361098,11223
1361233,11508
1361404,8558
1361522,9344
1361633,9965
1361778,8607
1361912,25656
1362048,36195
1362177,36800
1362312,26895
1362438,25426
1362555,25425
1363045,25332
1364180,24522
1364271,25703
1364546,25306
1364713,24154
1364848,24068
1365017,21950
1365148,21751
1365295,20355
1365464,23634
1366170,23889
1366258,31386
1366517,20704
1366692,20478
1366861,20411
1367028,20605
1367187,20525
1367348,22459
1367437,19884
1367604,22103
1367769,28143
1367931,28621
1368553,19928
1368729,21027
1368962,19471
1369123,23303
1369275,20677
1369407,16514
1369894,16446
1370186,17628
1370489,24951
1370698,24092
1371696,23455
1371860,24125
1372161,21707
1372231,16077
1372434,26769
1378928,22877
1379640,23579
1380826,13289
1382831,21309
1382996,23568
1383155,18934
1383294,19741
1383546,20745
1383685,17464
1383828,18309
1383978,18803
1384133,17598
1384278,17563
1384490,17289
1384923,16418
1385071,16932
1385327,16254
1387222,13829
1391098,11982
1392065,10876
1392676,13663
1392826,16002
1393108,13403
1393235,9956
1393511,7953
1393637,16167
1403463,5077
1403604,5595
1403778,5209
1403968,4969
1404268,10864
1405149,6035
1405193,6147
1405230,4772
1405274,7381
1405342,7401
1405385,7454
1405421,10675
1405461,10116
1405496,10220
1405527,8118
1405563,8880
1405599,10361
1409631,9091
1409835,9285
1410127,8926
1410268,6183
1410523,9039
1410563,9691
1410602,7994
1411768,9203
1412197,7887
1412532,10944
1414500,5519
1414649,6553
1414789,7651
1415245,7300
1420492,4154
1421033,5660
1421190,5638
1421338,7544
1421410,6476
1421562,7402
1421807,10472
1421924,4671
1422339,8263
1422497,10064
1422642,6457
1422798,5799
1422967,7300
1423222,10066
1423453,9787
1423598,9499
1423741,8875
1424199,8611
1424325,6789
1424457,7740
1424606,6306
1424803,7956
1424934,7167
1425061,7020
1425194,6444
1428222,5402
1428313,5521
1434485,5084
1434511,5338
1434677,5120
1434827,6061
1434965,5030
1435525,8417
1435717,8388
1436150,6663
1436173,16311
1436281,5560
1436500,6263
1436630,7600
1437144,8837
1437222,10795
1437406,9610
1437555,12517
1437697,14082
1437911,9841
1438175,12140
1438328,11861
1438419,11451
1438689,8430
1438892,11723
1439397,14087
1439633,8972
1440997,9717
1441207,11337
1441679,7391
1442645,9699
1442903,9391
1443072,9330
1443328,7444
1443506,8373
1444323,5979
1444451,7379
1444530,31585
1444578,20911
1444630,20970
1444711,23349
1444766,31418
1447194,18722
1447464,30599
1447828,30122
1448121,16833
1448300,15165
1448511,15441
1448682,15926
1448848,16971
1449156,34472
1449328,16381
1449431,13665
1449601,14895
1453144,38647
1453395,24103
1453559,21720
1453692,38200
1453823,37858
1453955,29167
1454092,23749
1454228,17994
1454398,17930
1454535,23081
1454667,23060
1454797,20612
1454928,20715
1455064,13804
1455177,26782
1455307,16763
1455407,16544
1455608,27227
1456148,19607
1456738,26677
1456889,28227
1457044,24743
1457177,32433
1457314,24363
1457676,25009
1457816,25183
1457945,20258
1458060,24410
1458187,23101
1458794,29229
1460542,25203
1460713,25462
1460973,31029
1461411,28049
1461586,22275
1461748,24285
1461926,22153
1461988,22870
1462048,23120
1462099,23202
1462161,32132
1462214,23465
1462265,16889
1462317,25884
1462520,21685
1462657,26911
1462715,18297
1464129,24479
1465559,29075
1466225,30734
1466278,44806
1466328,42983
1467438,29124
1468169,26755
1468453,36790
1468460,29211
1468681,28893
1468959,28344
1469144,28382
1469325,28153
1469503,27507
1469677,27062
1469852,27771
1470100,27329
1470280,26974
1470445,26907
1470458,32026
1470665,24460
1470846,26060
1471017,24563
1471204,26000
1471215,43639
1471389,39349
1471633,39157
1472579,39707
1474610,36545
1475856,33023
1475939,37612
1476283,32881
1476636,33825
1478165,28532
1478336,29293
1478526,28625
1478683,28569
1479075,28863
1479245,28446
1479421,29341
1479706,34620
1479869,27472
1480030,26983
1480188,28030
1480355,27429
1480522,27363
1480678,33216
1480845,34057
1481116,34681
1481412,35074
1481763,32020
1482157,30934
1482222,30917
1486416,22026
1486995,21033
1487438,28300
1487616,28394
1488303,21213
1488821,28083
1489009,19420
1489185,19084
1489351,20364
1493395,15546
1493629,15485
1493854,15742
1493990,16955
1494136,16759
1494329,17218
1494409,16797
1494557,17257
1494959,16707
1495152,18577
1495286,17405
1495415,17175
1495616,16103
1495753,17091
1495884,16755
1496015,16166
1496152,18533
1496286,18279
1496537,17000
1497038,9815
1506784,7971
1509851,8799
1509955,9169
1510193,7120
1510568,8339
1515884,4450
1516187,4064
1516410,8740
1517548,10918
1518077,12313
1518648,12990
1519301,14987
1519480,14758
1519661,11114
1519804,18212
1519949,13538
1520073,14336
1520444,10273
1520605,13346
1520752,13251
1520869,13185
1521041,13144
1521163,8030
1521313,24063
1521616,24041
1521819,23888
1521975,19474
1522109,47964
1522249,19262
1522450,26001
1522588,21325
1522722,23095
1522859,28637
1522992,23565
1523125,18346
1523256,13240
1523432,15017
1523553,10785
1523686,14037
1523804,21460
1526543,48621
1526726,53061
1526889,49077
1527045,49090
1527198,50430
1527353,50438
1527544,52506
1527712,63009
1527870,50333
1528022,51226
1528216,43874
1528391,21602
1528562,21587
1528715,21387
1528873,21221
1529027,8456
1531212,10706
1531376,37711
1531406,39205
1531547,39264
1531680,39520
1531822,36999
1532079,44648
1532211,37571
1532350,44753
1532511,39793
1532642,37804
1532774,12832
1532912,12591
1533046,12272
1533778,46223
1534938,47137
1535490,47962
1535743,48354
1535870,52995
1536315,50041
1536613,48309
1536760,50725
1536990,50445
1537132,51990
1537281,47809
1537558,50038
1537735,51336
1537859,59761
1538282,49415
1538634,45596
1538808,49203
1539150,48495
1539414,49397
1539607,55244
1539743,49276
1539882,58142
1540001,47834
1540127,10030
1542557,13272
1542717,13246
1542853,13214
1542989,13234
1543134,21790
1543272,24317
1543435,24264
1543577,24215
1543715,24165
1543850,24117
1543993,12332
1544134,12309
1544272,12279
1544426,12213
1544569,12157
1544705,12107
1544840,12057
1544972,12604
1545103,19638
1546879,31689
1547091,33920
1547269,35544
1547419,37905
1547604,43134
1547769,42212
1547915,40967
1548051,23258
1548281,33466
1548499,23481
1548652,30772
1548830,41705
1548964,39663
1549194,39978
1549584,23400
1549722,23361
1550570,22932
1550714,22985
1551100,28981
1551995,22439
1552186,22466
1552355,22497
1552570,21979
1552744,22011
1552909,24979
1553079,35831
1553252,34708
1553434,32494
1554453,31605
1554648,31459
1554812,31358
1554981,31432
1555158,31633
1555343,28419
1555699,27874
1557793,24018
1558442,22664
1558614,22696
1558785,14997
1558956,22762
1559421,28115
1559589,20746
1559753,23921
1559922,24023
1560084,23775
1560253,24524
1560542,25439
1560721,20868
1565173,29977
1565380,21986
1570963,25152
1571397,24173
1571584,24437
1572688,22650
1574106,28590
1575297,26862
1576323,22281
1576546,23105
1576908,23231
1577272,24562
1578285,34193
1579613,23135
1580520,22654
1582182,21763
1582449,15351
1582702,17197
1582962,20775
1583123,20254
1583853,17594
1589987,10348
1592799,8783
1593134,8830
1593281,7850
1593484,7836
1593622,6080
1598087,12688
1598243,6408
1598438,9123
1598670,12297
1598833,12194
1598969,11937
1599086,11758
1599200,10280
1599315,11441
1599426,8734
1599734,11618
1599980,12120
1600174,11130
1600351,12271
1600493,12263
1600613,12370
1600741,11016
1600874,12339
1601013,11466
1601161,12674
1601416,10782
1601617,10718
1601997,13252
1602201,13259
1602775,10696
1603204,12350
1603407,10480
1603575,10385
1603770,10978
1603981,10554
1604103,10347
1604332,10654
1604434,12018
1604494,12025
1604787,10551
1604964,10444
1605401,11561
1605766,10279
1606031,9875
1606177,10431
1606343,7931
1606475,9976
1606621,7076
1618252,5233
1618444,4402
1618666,5156
1618829,4797
1618993,5293
1619146,7449
1619303,6586
1619542,4994
1621171,4620
1622165,7707
1622221,7592
1622399,7446
1622441,6609
1622671,4472
1622882,7094
1623453,7122
1623658,6998
1623859,6943
1623997,6525
1624129,6967
1624335,6516
1624463,6829
1624570,6572
1624718,6474
1625014,6230
1625186,6358
1633094,4531
1633276,3470
1633832,6756
1633936,5090
1634046,8387
1634134,3589
1634141,7591
1634570,4986
1634646,7160
1634658,3720
1634700,6304
1637275,7372
1637725,5318
1637912,4790
1638089,8584
1639214,6336
1639698,6788
1639851,7967
1640033,6356
1640191,7457
1640273,7459
1640625,3824
1641098,7177
1641151,7607
1641298,10758
1641509,10622
1641628,4500
1643531,4925
1644054,6769
1644176,7328
1644281,4470
1645165,7346
1645504,6772
1645774,6569
1645936,9353
1646598,9272
1646774,9047
1647283,7675
1647452,6635
1648863,6508
1649001,6547
1649297,6363
1650105,7699
1650511,7204
1650757,7258
1651067,12242
1651432,7733
1652546,15165
1652756,9209
1652950,7536
1653099,5772
1653331,5491
1653923,12892
1654143,7594
1654313,17708
1654660,7355
1654785,12086
1654996,10707
1655131,10898
1656079,21390
1656227,14495
1656343,17229
1657037,17462
1657318,14128
1657833,18722
1658050,18452
1658208,18238
1658345,12289
1658392,14081
1658605,13928
1659440,15002
1659688,11814
1659827,12144
1659990,24391
1660127,24377
1660243,16325
1660355,15908
1661014,15605
1661167,15293
1661285,15057
1661407,14552
1661524,13946
1661802,10116
1662231,28321
1662400,31065
1662721,12696
1663055,11858
1663330,11831
1663496,11365
1663616,11661
1663733,11480
1663935,10870
1665771,19390
1667390,27997
1667545,27988
1667682,28003
1667816,27980
1667957,28006
1668104,28373
1668245,28325
1668383,20245
1668525,38010
1668659,42793
1668791,30871
1668929,30941
1669068,31375
1669207,45047
1669343,25871
1669473,42087
1669610,37398
1669751,37545
1669882,37613
1670012,37769
1670147,38825
1670284,24749
1672427,24490
1672598,26216
1672734,43043
1672878,25764
1673022,27797
1673164,27343
1673299,13702
1673439,14151
1673575,14348
1673711,14465
1673849,13986
1673984,14603
1674122,20171
1674241,27227
1674995,44654
1677706,42171
1677862,42638
1678029,41918
1678150,41664
1678275,40509
1678432,41313
1678577,38924
1679174,23953
1679494,36219
1679668,28913
1679811,38900
1680148,38703
1680295,30153
1680433,24664
1680469,25398
1680499,35972
1680530,33259
1680560,37242
1680590,35112
1680629,37241
1680659,34580
1680696,36861
1680720,33806
1681461,19701
1681676,19757
1681848,19974
1682018,20049
1682183,20416
1682348,20484
1682993,22358
1683153,20336
1683339,20342
1683546,20482
1683723,20513
1683897,20668
1684069,20833
1686144,32171
1686286,29205
1686426,31060
1686509,31555
1686610,32745
1687418,32529
1687669,31407
1688003,26933
1688256,23583
1688445,23988
1688532,24225
1689769,23195
1689919,23349
1690052,20185
1690190,20543
1690324,33468
1690489,20468
1690623,20523
1690777,20643
1690898,32508
1691963,32085
1692128,30166
1692287,30220
1692468,30835
1692628,28873
1692785,28988
1692942,31189
1693114,26153
1693300,28849
1693425,28642
1693649,29133
1693819,29091
1694104,25463
1694479,27474
1694650,27545
1696072,25094
1696241,24409
1696653,23578
1697002,23773
1697175,24833
1697608,22847
1697785,23442
1697950,23330
1698120,23214
1698297,13968
1701557,24779
1707773,18689
1708756,9744
1710557,11021
1716011,12651
1724575,3826
1724631,3705
1725116,5400
1725196,5991
1725255,7179
1725398,4774
1725419,5071
1726479,6669
1726607,6881
1726674,6034
1726725,4704
1727517,11057
1727657,4848
1728441,10257
1728487,7859
1728580,6853
1728918,7830
1728967,5270
1729137,7339
1731058,11120
1731269,10848
1731440,10448
1731446,9473
1731602,9070
1731724,10629
1731863,9778
1731999,6667
1732166,8604
1732304,11087
1732441,10187
1732562,10124
1732677,10463
1732791,9774
1732929,8895
1733048,9463
1733178,9272
1733320,8254
1733464,8773
1733598,7555
1733727,9473
1733865,7576
1738962,5597
1738977,4595
1739147,5989
1739287,4907
1739426,4979
1739602,5903
1746469,3385
1750453,7802
1750827,3357
1750886,9461
1751586,8597
1751994,7039
1752444,7794
1752727,3723
1754917,7939
1755003,7114
1755183,10325
1755585,17876
1755605,5120
1755759,7317
1755906,19532
1756044,21413
1756205,22572
1756326,21220
1756422,22293
1756690,25311
1756832,26187
1757066,25478
1757254,13285
1757546,14943
1757694,18839
1757848,24054
1757999,21443
1758145,27137
1758286,24185
1758437,26022
1758601,21577
1758722,31059
1758864,31566
1759005,46451
1759155,25792
1759325,27824
1759476,28972
1759621,29162
1759762,29339
1759881,46850
1760001,46817
1760133,46771
1760249,46387
1760413,30351
1760560,33543
1760907,31539
1761664,29211
1761813,12651
1762356,15197
1762524,15219
1762665,15473
1762804,15387
1762969,15320
1763117,15221
1763250,15202
1763723,12501
1764069,13273
1764221,12093
1764367,13097
1764394,11227
1764672,11123
1764943,10966
1765468,10652
1765640,10370
1765811,24263
1765971,38665
1766213,35085
1768432,33077
1768610,33093
1768772,33264
1768933,33443
1769114,33889
1769278,34295
1769459,34283
1769618,34433
1769786,34562
1769945,34634
1770107,34889
1770266,34968
1770446,35256
1770615,29324
1770784,29323
1770945,33282
1771113,29644
1771293,32651
1771637,31115
1771798,30658
1771963,30343
1772125,30037
1772288,28271
1772472,27969
1772642,26319
1772809,24745
1772968,25867
1773134,23728
1773301,23006
1773566,21961
1773786,26873
1773920,20837
1774460,33767
1774627,33543
1774787,33916
1774944,33388
1775103,34076
1775276,31792
1775435,35577
1779082,24398
1779297,25649
1779587,27409
1779731,27929
1779868,29010
1780004,28275
1780150,30061
1780288,31826
1780398,32207
1780596,32502
1780732,29921
1780865,30094
1780998,28701
1781136,28113
1781269,27362
1782082,27304
1782233,24251
1782403,23676
1782542,23294
1782675,25643
1784020,23915
1784256,23496
1784474,23224
1784608,22714
1784782,22252
1784979,21621
1785119,24635
1785267,23582
1785415,23341
1785597,23105
1785765,22344
1785962,24944
1786327,24171
1786562,26385
1786724,26117
1786913,25406
1787129,25653
1787254,25165
1787405,24791
1787525,24302
1787642,24059
1788008,23507
1788136,23145
1788259,20934
1788584,21002
1788918,20765
1789261,21687
1789885,21106
1790220,20013
1790575,19418
1790900,21997
1791105,14908
1806733,9147
1811595,4807
1814027,4612
1814176,5904
1814317,5585
1816478,3722
1819017,5384
1820964,5157
1821126,3723
1821269,6803
1821408,18084
1821446,10004
1821476,15921
1821513,13955
1821543,17290
1821572,17353
1821606,18640
1821635,15813
1821665,16843
1821695,14753
1821724,20227
1821756,15583
1821791,18756
1821826,18664
1821860,12196
1822056,16396
1822107,17443
1822142,21347
1822226,26249
1822300,25999
1822390,4343
1822548,6881
1825393,18976
1825724,19963
1826164,22416
1826825,12181
1826997,12212
1827180,11977
1827317,10202
1827813,11445
1828209,11145
1828398,10909
1830395,19037
1830412,29558
1830732,17796
1830934,17794
1831083,16270
1831462,20414
1831661,22812
1831854,13763
1832035,13860
1832213,13632
1832407,16224
1832591,14469
1832773,14118
1832954,14159
1833140,14069
1833319,31388
1833429,29055
1833494,13769
1833683,13640
1833870,13577
1834060,13514
1834240,13497
1834650,14029
1834839,52645
1835027,26492
1835205,42764
1835433,39230
1835623,33447
1835810,28582
1835987,27480
1836171,23275
1836356,21177
1836425,21232
1836610,19073
1836863,21839
1840496,42121
1840660,48454
1840800,26734
1840931,23572
1841067,23752
1841207,23803
1841342,24565
1841408,23514
1841630,42678
1841787,52283
1841916,51807
1842055,48956
1842194,45242
1842325,45275
1842416,43095
1842551,45400
1842681,45126
1844004,43705
1844409,43352
1844586,43321
1844726,38839
1844867,39108
1845194,38834
1845406,39148
1845653,39014
1845989,39328
1846115,36694
1846230,36856
1846648,37024
1846923,40865
1847979,39690
1848843,38765
1849488,38241
1849733,38115
1849939,38822
1850165,37924
1850428,37119
1851629,36279
1851915,32959
1852061,32237
1852200,32885
1852334,37488
1852552,37636
1852728,37929
1852980,38480
1853168,40605
1853341,38836
1853560,40325
1853690,40134
1853847,39703
1854132,46774
1854307,18339
1854431,22043
1854575,16884
1854695,23122
1854819,23384
1855058,23712
1855198,23890
1855348,28621
1855635,27954
1855771,28585
1855889,33514
1856273,9703
1856603,23030
1856748,24860
1856883,23387
1858104,24972
1858304,22496
1858462,25784
1858708,21754
1858907,21961
1859042,23066
1859175,24160
1859313,17614
1859464,17639
1859606,17801
1859740,17891
1859984,21940
1860436,18240
1861170,24047
1861332,31612
1861461,16446
1861624,16520
1861795,16504
1861965,16926
1862141,29545
1862312,25232
1862766,25090
1862951,31702
1863121,30860
1863630,29832
1863818,24278
1863987,24014
1865097,22951
1865266,28546
1866317,21175
1866458,22047
1866620,22291
1866776,24696
1866937,23641
1867102,17876
1867336,20321
1867689,25100
1879186,19925
1879737,20900
1879894,19422
1880399,19407
1880536,18981
1881414,18730
1881639,18623
1881843,18649
1882074,17681
1896623,4192
1901946,4356
1902233,4482
1902434,5208
1902632,6623
1902858,5167
1902994,5998
1903121,6282
1904966,4209
1905174,3941
1905629,5090
1905787,5443
1906380,4759
1906833,4345
1906984,5456
1907280,6772
1908076,5741
1908096,5801
1909228,7416
1909390,8166
1909434,8665
1909550,7187
1909664,6650
1909778,6102
1909839,6873
1910034,10023
1912782,8365
1912953,6897
1913181,6378
1913611,8228
1913740,7771
1913862,8451
1913970,7669
1914602,11487
1914819,10757
1914967,9517
1915600,8962
1915766,9746
1916793,8882
1916951,8773
1917119,8340
1917921,7705
1918128,12723
1918250,6841
1918615,15708
1918781,15812
1918925,15567
1919090,13064
1919228,12261
1919345,18086
1919941,15523
1920701,9180
1921328,6779
1921669,12900
1922298,12346
1922494,13370
1923148,11189
1923301,11711
1923938,10831
1924177,21273
1924655,11813
1924833,11395
1927008,11050
1927259,11429
1927506,15252
1927664,15639
1927894,14248
1927935,15504
1927983,17527
1928152,14952
1928377,14428
1929058,12536
1929501,12309
1929666,16244
1929828,16031
1930436,15533
1930760,14810
1930929,15090
1931126,8193
1931326,7754
1931464,9554
1932649,14852
1932858,10930
1933043,14399
1933165,22678
1933337,35121
1933633,17337
1933795,25546
1933933,20883
1934166,25564
1934816,14017
1935291,10321
1936902,25077
1940191,24038
1940475,23189
1940669,20936
1940816,21669
1940971,37499
1941118,40489
1941252,21518
1941411,21891
1941634,23820
1942252,25772
1942504,29642
1942676,30336
1942946,34527
1943142,39329
1943340,33593
1943621,40231
1943987,30774
1944115,26849
1944610,32396
1944775,36762
1945391,20220
1946746,30253
1946901,24794
1947041,31171
1947178,44780
1947323,31597
1947422,31029
1947466,42219
1947499,29143
1947527,47818
1947563,47095
1947594,31945
1947621,19612
1948299,27443
1949754,28372
1949902,26866
1950036,27016
1950216,21332
1950368,25068
1950504,22361
1950640,25947
1950765,27539
1951017,16107
1951406,16170
1951550,38695
1951682,16049
1952005,37609
1953841,13486
1953900,27119
1953923,32941
1953956,26888
1956435,20667
1956602,21468
1956762,27349
1956909,24493
1957027,37829
1957139,33949
1958974,28741
1959150,28302
1959538,29527
1959857,35748
1959891,31577
1960087,29971
1960267,29864
1961752,25832
1961772,29223
1962250,24369
1962909,29034
1963430,26419
1963606,28907
1963890,22882
1964013,24896
1964955,26905
1965038,25776
1965713,37209
1965943,25549
1966009,22839
1966148,35320
1966328,28429
1966542,25230
1966728,23643
1966947,23251
1968737,26678
1968929,23509
1969069,21362
1969230,21060
1969474,22182
1969616,21115
1969865,22232
1969932,40552
1969984,36188
1970032,21500
1970038,36842
1970091,30238
1970146,20508
1970303,29014
1970422,17233
1970569,15168
1970848,18088
1971875,27673
1972467,26268
1972960,29503
1973107,37988
1973258,37171
1973862,34615
1974004,36540
1974140,32543
1974280,32809
1974446,33229
1974486,32977
1974538,30290
1974629,35967
1974674,33308
1974703,33747
1975030,29981
1975180,29943
1978466,30968
1982941,26697
1983125,27659
1983394,26953
1983946,23351
1984467,24344
1984747,21629
1984916,23350
1995316,13427
1995488,13539
1995542,13430
1995702,13642
1995988,13513
1996110,13101
1996223,13743
1997412,12503
1997543,14889
1997693,12401
1997840,12809
1997986,11876
1998144,11546
1998307,13318
1998389,15611
1998532,16623
1998675,15298
1998876,13195
1999004,12663
1999325,14879
1999893,12792
2000024,8096
2014450,3142
2015604,3708
2015768,5722
2015890,14232
2016028,10025
2016181,5357
2016341,5096
2017149,17404
2017309,4662
2017477,4322
2017525,15762
2017735,15709
2017981,15995
2018119,16300
2018253,15970
2018411,16366
2018560,15120
2018695,16773
2018839,16056
2018985,15120
2019146,24572
2019383,17512
2019421,17691
2019548,14015
2019770,21922
2019901,16902
2020061,11429
2020203,6183
2020320,5858
2020646,5634
2023736,21939
2023922,16735
2024087,22744
2024249,22489
2024437,21023
2024598,18168
2024768,17856
2024922,23390
2025086,11925
2025238,17633
2025406,11244
2025567,17253
2025727,16797
2025885,16572
2027418,25094
2027593,25148
2027751,17817
2027911,17712
2028072,17444
2028224,19986
2028388,19371
2028553,19606
2028705,23475
2028857,18847
2029022,21763
2029176,23104
2029326,23019
2029486,22056
2029641,20939
2029792,20207
2029951,20489
2030110,21140
2030612,18741
2030783,20143
2030943,18788
2031286,21411
2031356,19213
2035015,13772
2035198,12451
2035473,18415
2035869,17771
2036059,16793
2036223,15730
2036478,17054
2037421,16273
2037582,12112
2037744,19171
2037902,18846
2038059,18945
2038288,18984
2040690,14500
2040951,14355
2041094,15588
2041236,13766
2041384,14354
2041520,17309
2041652,17014
2041791,12291
2041935,13543
2042071,16186
2042204,16312
2042949,15117
2043092,14918
2043260,14886
2043449,15118
2044557,13194
2044716,13182
2044853,12323
2044999,13327
2045137,12397
2045262,8218
2053014,6957
2059338,4550
2063443,7360
2065587,5654
2065782,7143
2065934,8049
2066430,6567
2066612,5505
2066771,5880
2067338,5920
2067507,4415
2068620,5475
2068688,8784
2068697,6136
2068744,7116
2068812,9629
2068860,8844
2068911,10572
2068959,9233
2069219,4212
2069287,4663
2069338,6655
2071278,6299
2074986,4117
2076427,7029
2076578,8939
2076641,8789
2076819,7223
2076955,6987
2077088,8116
2077227,11219
2077403,12905
2077539,8273
2077669,8194
2077805,11645
2077935,10273
2078066,12329
2078200,10059
2078565,9823
2079309,8757
2079429,8366
2079575,8438
2079707,7471
2079840,7392
2079972,4867
2080111,4961
2080740,9294
2080775,7359
2080803,7132
2080892,8374
2080942,7377
2086602,5492
2086627,7325
2086799,6318
2087457,4979
2088481,5357
2088516,5836
2090928,5753
2091070,4817
2091221,3579
2091347,4755
2092558,4755
2092597,4468
2092697,4139
2092762,4696
2094856,3740
2095005,3627
2095169,5601
2095306,5829
2095915,5519
2096221,4831
2098130,3722
2098261,3747
2098750,4270
2098877,6065
2099016,5680
2099209,5224
2099353,4968
2099423,5423
2099661,5518
2099798,5464
2101959,4207
2103511,5389
2106348,3723
2106851,7102
2106935,4706
2106993,3928
2107226,4219
2108099,4780
2108300,3637
2108353,3644
2109443,3528
2109622,3422
2110134,3641
2110746,5083
2112109,4938
2112918,3849
2113915,4215
2114101,3632
2114281,3245
2114699,4137
2114961,3700
2115142,9617
2115218,4772
2115543,8021
2115637,7874
2117573,3986
2117977,6664
2118235,5013
2118294,5006
2118434,6036
2118698,4792
2118877,5949
2119397,5301
2119871,4302
2120173,5381
2120447,5709
2120558,5631
2120664,5391
2121011,4914
2121383,6354
2121594,5588
2121875,6981
2122065,6901
2122376,6471
2126999,5323
2127086,5558
2127214,4440
2127228,5251
2127969,5358
2128001,4963
2128154,5988
2128436,7340
2129804,4430
2130057,6413
2130141,3914
2130183,4479
2130789,4816
2130948,4532
2131118,5649
2131546,5244
2132025,4560
2133078,3803
2133114,5076
2137231,3733
2137725,4966
2137876,3764
2138561,7246
2138626,7797
2138869,4388
2139057,3959
2140050,6732
2140533,5946
2141089,4559
2141426,5231
2141702,5223
2141894,8450
2141951,6167
2142188,5387
2142441,5664
2142476,5074
2143154,7030
2143300,7997
2143924,7118
2144011,7077
2144182,7268
2144691,6555
2144962,6205
2145282,8170
2145501,7101
2146205,6605
2146530,6352
2148513,7114
2148592,7280
2148752,4569
2152274,4460
2152640,4311
2152978,4591
2153114,3931
2153356,4573
2153664,4051
2154171,3939
2154321,7702
2154426,7101
2154438,6413
2155016,5617
2155443,10998
2156973,4909
2158457,6681
2158669,4439
2160093,4664
2160816,6998
2160966,6944
2161238,7397
2161398,4580
2162001,6228
2162093,5938
2162126,8263
2162146,7800
2163740,6460
2163963,5897
2164146,6328
2164313,8164
2164451,6004
2164594,8336
2164770,9496
2164945,8354
2165131,7966
2165267,6302
2165395,6229
2165533,5721
2165666,5409
2165816,7431
2165990,6771
2171868,4399
2173274,4896
2173417,4602
2173579,4523
2174085,4501
2175439,3532
2175479,4428
2176121,6761
2176372,5355
2176521,4604
2176602,6995
2177804,5734
2178232,4346
2179010,4648
2179233,7039
2179343,9120
2179389,7871
2180964,9249
2181217,7631
2181547,7698
2181740,8586
2181901,10089
2182022,6309
2182156,9733
2182286,8666
2182416,7856
2182612,11965
2182747,11942
2182923,11057
2183086,10743
2183206,10333
2183330,8505
2184467,12718
2184633,11115
2184806,10115
2184958,10257
2185102,11642
2185221,10429
2185525,10271
2185676,10028
2185793,11438
2186575,9621
2187078,4674
2188155,4753
2188372,9337
2188522,6274
2188655,7455
2190720,10857
2192068,11430
2192271,14170
2192436,8880
2192738,9228
2192920,7596
2197795,8664
2198006,8446
2198146,5265
2198281,5853
2198542,4808
2198698,5339
2198848,7327
2199957,5136
2200179,4967
2200344,4390
2201613,4680
2201794,4451
2202024,4915
2202476,4962
2202635,5467
2202776,5672
2202917,5719
2203127,5060
2207097,5354
2207324,6884
2207543,7078
2207802,5010
2209013,4908
2209039,6949
2209206,4593
2209632,4180
2209765,5545
2210142,7122
2210428,6273
2210597,4050
2210788,7014
2210936,6381
2211093,4294
2211222,7303
2211403,5722
2211561,7234
2212268,5778
2212482,7379
2212879,10681
2213642,10034
2215964,7519
2216214,9270
2216753,8381
2217089,10173
2217343,10964
2217632,13304
2217840,12160
2217889,7147
2218238,10152
2218481,9511
2218635,9431
2218851,9056
2218975,8669
2219089,8495
2221241,6252
2221578,6115
2221725,7362
2221874,8970
2222022,8309
2222188,8543
2222308,7595
2222381,9022
2222517,8787
2222647,8493
2222779,7679
2222983,7526
2223100,7988
2223286,5908
2227395,8144
2228428,4890
2229238,4603
2231378,5163
2232036,3421
2232110,5642
2232478,3303
2232641,3573
2233671,4399
2234047,6175
2234967,5661
2235612,8286
2235901,4644
2236049,4684
2236315,7331
2236418,11376
2236562,8707
2236909,4705
2238318,12960
2238580,8889
2238755,10924
2238919,10990
2239071,6500
2239228,11383
2239416,18640
2239578,10590
2239738,10693
2239895,10862
2240057,10955
2241439,9527
2241615,11367
2241770,11469
2241921,12283
2242078,12356
2242230,9057
2242397,8665
2242550,14527
2242708,16262
2242860,16939
2243010,14636
2243160,16757
2243318,12178
2243453,16410
2243720,14535
2243969,9640
2245815,11565
2245967,13058
2246101,6561
2246276,8885
2246428,11467
2246469,14649
2246509,13703
2246541,13686
2246566,14200
2249143,9921
2249297,13774
2249602,11663
2250322,13971
2250431,12290
2250464,14112
2251432,9063
2251702,9510
2252290,8577
2252946,6390
2253686,8216
2254450,7692
2254636,8258
2261959,5294
2262563,4462
2263276,4727
2263579,3211
2263969,3654
2264259,4673
2264908,4227
2265035,3667
2265328,4299
2265742,4475
2270432,3700
2271532,5881
2271817,6748
2272031,5897
2272268,4808
2272461,4228
2273329,12120
2273380,5085
2273424,9325
2273891,4625
2274125,5409
2274721,10719
2274747,12746
2274862,10763
2275046,11194
2275230,10364
2275354,14130
2275433,10303
2275551,10975
2275722,11267
2275886,12200
2276020,14035
2276246,13645
2276539,10090
2276779,10291
2277037,8127
2277133,11405
2277305,11709
2277488,12201
2279532,5368
2280042,4965
2281410,9463
2281660,9516
2281806,9380
2281951,8594
2282082,9704
2283119,10671
2283309,10564
2283338,8916
2283447,8571
2283582,12297
2283736,11011
2283988,12026
2284506,9352
2285166,6485
2288747,6508
2292124,4774
2292384,4844
2292486,5188
2292965,5062
2293046,4464
2294021,3834
2294916,5211
2295698,3847
2295892,5281
2298438,3842
2298477,3632
2298655,4881
2299072,4452
2299123,4218
2300197,7621
2300758,6358
2301407,4547
2301596,3598
2302281,8118
2302397,6899
2302418,8089
2302569,10382
2302597,6473
2302758,5549
2303011,6119
2303574,5507
2304956,6738
2305246,5529
2305427,4796
2306146,6757
2306205,8654
2306730,11896
2306781,10955
2306801,10592
2306869,11688
2306908,11781
2306938,10150
2306957,8966
2306975,11767
2307555,7210
2307799,6055
2307847,6442
2308014,6980
2308150,6069
2315119,5745
2315178,6264
2315406,5814
2315451,5688
2315664,7119
2316071,6340
2316488,6242
2316618,6621
2316715,5180
2319207,4681
2319239,5585
2319910,4364
2319964,5357
2320229,5604
2320509,6564
2320900,5634
2321507,5422
2321592,5536
2321735,5441
2323076,4705
2325612,4588
2327058,7823
2327653,4187
2327765,5247
2327885,4107
2328025,7120
2328122,5769
2328236,5973
2328343,6649
2330043,5846
2330501,4137
2330653,4536
2330797,4825
2330974,4965
2331250,5339
2331310,9006
2332413,4517
2332565,4750
2332684,4363
2333028,3967
2333890,4053
2334044,3854
2335200,5569
2335651,12379
2335968,11488
2336112,9282
2336184,8139
2339017,8783
2339230,8070
2339354,10140
2339477,8614
2339624,9472
2339744,9287
2339945,9211
2340173,10138
2340442,8992
2340606,8610
2341746,14249
2341801,13828
2341874,7679
2341879,14561
2342822,8016
2343000,7443
2343166,9676
2343334,12828
2343437,8307
2343611,8376
2343784,6721
2344735,8768
2344920,7545
2345142,7554
2345863,4387
2346503,6690
2346679,6930
2346848,10254
2347022,10602
2347188,9954
2350310,6388
2350657,5195
2351433,4871
2354205,3672
2354484,6857
2357832,4228
2358336,10119
2358574,6123
2358727,9885
2358875,9665
2359067,12048
2359210,9542
2359216,11701
2359345,12011
2359415,9647
2359561,7214
2359704,8977
2359842,11334
2359977,12100
2360113,12496
2360250,11822
2360560,11425
2360668,12049
2360811,11746
2361003,12508
2361007,12451
2361478,11291
2361640,12692
2361951,11264
2362053,12980
2362099,8383
2364493,9953
2364759,10067
2364812,10408
2364974,8982
2365202,8990
2366290,7460
2366478,7002
2366548,6371
2368836,5045
2369735,5651
2371428,3270
2372125,5906
2372148,5485
2376437,3671
2376486,5551
2376674,4992
2376760,4178
2378452,5179
2379068,6948
2379544,6656
2379726,5095
2379906,5057
2380405,5787
2380571,5712
2380739,7616
2380892,6937
2381047,6838
2381198,6853
2381356,6269
2381533,8883
2382064,5332
2382486,5636
2382663,6213
2382802,6344
2382931,6245
2383058,6128
2383721,5072
2385778,4391
2386314,5627
2386550,5116
2387152,6316
2388403,4298
2388557,4151
2389405,3667
2389525,3912
2390144,3873
2390251,5385
2390548,5211
2390647,3953
2391932,4589
2394679,4790
2394760,7623
2394801,7430
2394940,4372
2395413,3746
2396928,3917
2397115,4028
2397276,3700
2397473,4997
2398478,5797
2398771,6089
2399662,4687
2400292,4861
2400688,5272
2401471,7074
2401895,4163
2402058,4493
2402343,3872
2402501,5578
2403073,5951
2403119,5951
2403649,4189
2404639,4188
2405455,4006
2405785,6918
2406202,4362
2406462,5798
2406881,4909
2406919,5843
2407065,4687
2409880,3680
2410234,4806
2410808,4081
2411270,5289
2411959,3865
2412330,5360
2413992,5443
2414021,4900
2414254,5234
2414631,4351
2415133,9989
2415234,9049
2415272,5159
2415425,4540
2415997,4241
2416145,4509
2417064,6486
2417502,6414
2418588,4115
2419212,7632
2419272,5616
2419489,9621
2420399,7086
2420445,8294
2420475,6712
2421481,6244
2421963,5482
2422126,5165
2422340,6098
2422539,8299
2422742,10045
2422884,6726
2423042,9378
2423416,9306
2423551,9185
2423819,6512
2423900,7381
2424774,5789
2427943,5063
2428108,6523
2428216,7184
2428352,6283
2428473,5992
2428617,5471
2428839,6149
2429334,7052
2430601,6278
2430780,9676
2431005,13853
2431187,9451
2431251,12192
2431343,8078
2431502,13114
2435855,3780
2435931,11050
2436105,24481
2436683,21528
2437040,21466
2437196,15522
2437747,27771
2438474,27849
2438545,27041
2438643,27158
2438797,25278
2438953,21807
2439112,23170
2439266,21829
2439433,21792
2439584,16439
2439742,19725
2439893,23036
2440049,23007
2440199,22681
2441264,18072
2441438,17733
2441600,18246
2441754,18412
2441914,16245
2442051,16508
2442109,17108
2442200,15765
2442354,11490
2442759,17267
2442911,18062
2443060,16000
2443217,17809
2443387,13619
2443543,18668
2443692,17881
2443857,12263
2444019,11990
2444179,12230
2444338,12016
2444520,12075
2444683,13006
2445607,11067
2445786,11303
2445891,8796
2446173,11655
2451036,11646
2451513,17195
2451906,11626
2452405,11366
2452866,6635
2453431,9005
2454016,10005
2454421,11224
2454747,8731
2455173,9254
2455570,9598
2456454,11472
2457142,10502
2457727,10312
2458455,9646
2458622,8925
2459588,8957
2466445,4248
2466648,4238
2469046,3724
2471312,3973
2471577,4111
2471726,5400
2471876,6172
2472254,4490
2472812,5300
2473494,3746
2473654,6246
2473880,6379
2474037,6528
2474190,8825
2474326,5873
2474625,5518
2474718,5599
2474861,6456
2475015,7106
2475191,6031
2475602,7466
2477122,6418
2477750,5792
2477965,8056
2478162,7603
2478321,7883
2478421,8678
2478564,7912
2478771,9025
2478887,8042
2479052,8649
2479188,8277
2479355,7436
2479962,6472
2480350,7235
2484503,4380
2484692,9214
2484876,5690
2485519,7913
2488673,4978
2489727,6296
2490013,4319
2490291,7898
2490749,8600
2490834,8568
2491000,5973
2491072,7704
2491330,8558
2491440,7787
2492131,5626
2492809,6818
2492953,8734
2493066,6662
2493389,6958
2493530,7982
2493779,7502
2494005,7124
2494231,6658
2494344,6432
2494534,6266
2494836,5300
2494956,5215
2495079,6096
2498924,5307
2502178,3992
2502446,9018
2502651,5440
2502768,8122
2503101,8365
2503511,7576
2503710,5777
2504399,4388
2504553,5593
2505143,6431
2505389,8941
2505816,8853
2506009,6057
2506236,5742
2506952,5816
2507092,5951
2507231,6705
2507415,8614
2507539,12549
2507670,9495
2507807,13643
2507940,10543
2508073,12097
2508288,15017
2508605,14139
2508865,15105
2508905,14639
2509513,17167
2509671,16846
2509862,19569
2510255,19041
2512525,13140
2512845,15602
2513075,11653
2513456,12635
2514012,12715
2514180,8718
2514625,14861
2514830,20326
2515202,7792
2515254,12411
2515289,11752
2515318,11978
2516216,10948
2517394,9951
2517578,10186
2517765,9123
2517928,16311
2518154,9075
2518564,11585
2518836,8100
2518969,7354
2519537,6700
2520357,8332
2521417,8543
2521564,11782
2521712,14385
2521832,11830
2521972,8227
2526000,21095
2526355,7934
2526722,7618
2527067,18514
2528227,19581
2528489,21762
2529331,21799
2529609,20968
2529987,19789
2530222,6813
2530368,6485
2530440,7949
2531258,14693
2531417,18774
2531596,19749
2531738,13868
2532238,14551
2532505,14394
2532684,14276
2532885,14134
2533042,9830
2533184,10518
2533475,16070
2533706,15333
2533851,15552
2533969,14918
2534081,8474
2534903,17397
2535184,17931
2535349,15877
2535521,16411
2535685,12777
2535803,14997
2535940,16051
2536139,15731
2536260,12582
2536544,15946
2536688,14597
2537347,15537
2537553,13435
2537696,10032
2537719,12985
2537814,13617
2538721,8117
2538865,7680
2539027,7385
2539233,7036
2539662,6469
2539785,6207
2540108,9743
2540255,9056
2542438,5847
2542616,5207
2553587,4739
2553895,4855
2554174,3469
2554308,6119
2554421,6221
2554557,4497
2554691,6192
2554903,5855
2555022,4922
2555152,6186
2555287,5983
2555563,5997
2555767,5692
2556000,4165
2561755,5050
2562169,6423
2562339,11401
2562460,5286
2562559,8290
2562723,4818
2562964,6266
2563305,4966
2563539,7645
2563717,7183
2563775,6680
2563885,7096
2564018,7615
2564065,6587
2564238,5597
2565621,8272
2566546,7418
2566817,7206
2566982,8478
2567176,11578
2567335,13963
2567865,13556
2568018,12247
2568174,10311
2568332,13017
2568510,12714
2568666,14057
2568824,15001
2568982,16562
2569145,13036
2569309,11560
2569494,11536
2569661,12079
2569827,10960
2571868,11748
2572320,12194
2572398,11924
2572488,15122
2572579,11550
2572677,11358
2572828,11230
2573109,13467
2573426,9432
2573559,7610
2575443,10352
2577166,9147
2577225,8040
2577521,8976
2577581,9607
2577600,12826
2577669,9058
2581469,9464
2581626,8848
2581774,9030
2582233,6714
2582473,6206
2582929,8220
2584491,6522
2587162,3423
2588582,4157
2588635,4338
2589166,5101
2589282,6256
2591298,7634
2591422,6016
2591585,5617
2591835,6366
2592002,6001
2592141,6324
2592299,7376
2592457,6222
2592608,8803
2592745,8945
2592882,7864
2593032,7682
2593152,6165
2593620,7993
2596130,5642
2596196,4359
2596427,5515
2596674,6637
2596799,6502
2597380,3687
2598900,4859
2599065,5835
2599395,5186
2601024,4120
2601980,5697
2602069,5706
2602321,5913
2602425,5435
2602592,6907
2605308,7505
2605398,6571
2605535,8447
2605967,5770
2606135,14981
2606225,9417
2606427,5471
2607547,12325
2607737,13086
2607915,12019
2607928,9301
2608090,15665
2608245,16603
2608412,16572
2608564,14556
2608731,13765
2608890,12842
2609041,11915
2609194,17192
2609344,14275
2609562,12322
2609575,14640
2609730,15263
2609883,14934
2610035,10571
2610353,14774
2610450,19851
2610510,15391
2610657,17407
2610798,19399
2611007,19005
2611181,19842
2612325,9158
2612498,8054
2612641,8594
2612777,8520
2612916,11701
2613069,14659
2613201,15257
2613523,15217
2614176,16264
2614396,8831
2614521,8541
2614673,14539
2617099,10388
2617172,11872
2617227,14650
2617262,12987
2618171,13865
2619708,10029
2619859,9359
2620311,9344
2623883,9500
2624114,9344
2627038,7902
2628841,5612
2630471,4655
2633106,4012
2633355,4293
2633808,4838
2633967,4362
2635072,3474
2635345,4405
2635570,6466
2635622,5048
2635809,5088
2636467,5724
2636806,4087
2637517,4937
2637922,4199
2638421,5304
2638840,3607
2639451,4987
2639731,6808
2639885,5377
2640203,7435
2641229,6254
2641324,7856
2641500,9171
2641756,9618
2642245,6489
2642474,7762
2642612,5736
2642894,8075
2643228,7346
2643254,6213
2643295,8404
2643333,8996
2644198,9690
2644341,9445
2645649,6959
2645797,5480
2646553,4691
2646849,6069
2646991,5567
2647291,6995
2647703,6136
2648586,7983
2648736,7136
2652778,7997
2652939,4705
2653153,8761
2653389,5628
2654348,7429
2654425,11036
2654556,9933
2654733,7887
2654786,7939
2654900,11337
2655050,7148
2655168,6907
2655281,9712
2657918,7849
2658033,5384
2658317,9179
2658397,10063
2658446,10389
2658549,8054
2658960,8944
2659135,7480
2659314,7004
2659491,7683
2659654,8920
2660009,9032
2660067,9470
2660119,11680
2660163,9807
2660213,10627
2660258,10261
2660307,8620
2660352,7533
2660472,6861
2666406,4937
2668644,7619
2668766,7549
2669498,5925
2669568,7457
2669693,6058
2669771,7459
2672130,5988
2672314,8688
2672485,4086
2672645,7339
2673027,4661
2673328,6428
2673658,4399
2673683,5496
2673874,5745
2674478,6351
2674768,5546
2678278,3882
2678401,6130
2678419,3381
2678972,4718
2681082,3538
2681239,3743
2681323,5242
2681872,3471
2682245,3750
2682748,4011
2682943,4546
2683169,4530
2683650,5278
2683719,4428
2683752,7001
2683833,5146
2686175,4630
2686643,4254
2686699,5762
2686919,6301
2687094,5835
2687520,5315
2688480,7784
2688860,4581
2689162,6992
2689630,3891
2690558,6496
2690991,4055
2691140,6596
2691384,5347
2691528,10578
2691753,9187
2692178,10192
2693589,5699
2693756,4685
2693898,4813
2694019,6507
2694274,5207
2694456,9040
2694604,9414
2694762,6820
2694900,7148
2695038,7901
2695197,7117
2695369,7088
2695394,9738
2695408,9424
2696824,8870
2696964,8790
2697875,5208
2698532,5659
2698803,5677
2699120,5832
2703515,6253
2704578,5377
2705186,5130
2705288,4426
2705815,5763
2705953,6929
2706059,5325
2706421,5541
2706683,4635
2706929,4844
2707055,4810
2707208,4839
2708504,4707
2708505,5725
2709019,4815
2709160,4889
2709964,6758
2710383,3905
2710432,4064
2714640,7061
2714688,4949
2714808,4191
2715053,7427
2715155,4975
2715228,4777
2715491,3887
2715769,8300
2716614,7621
2716763,7212
2716878,6230
2716923,6285
2716977,7555
2717079,7077
2717574,8350
2717952,7310
2717997,6649
2720238,9814
2720413,8631
2720576,7245
2720747,8410
2720911,7438
2721081,6974
2721242,8533
2722280,6594
2725558,6538
2726189,5254
2726680,5466
2727163,9888
2727251,5137
2727412,5391
2727560,5178
2728110,8708
2728237,6999
2728992,5814
2729245,5423
2730311,6372
2730468,6094
2730683,6952
2730836,8252
2730972,6233
2731111,7923
2731256,7241
2731398,7125
2731532,7065
2731662,6956
2731801,9838
2731936,9879
2732172,11268
2732316,5506
2732528,8756
2732833,9116
2733338,7880
2733844,5433
2734073,5970
2738433,5855
2738996,4837
2739329,7445
2739444,5536
2739654,4310
2739864,9045
2740202,8260
2740257,7126
2740513,7258
2740847,7567
2741033,7146
2741101,7441
2741723,6663
2744534,4320
2744862,4578
2745218,4421
2746757,5336
2746838,3925
2747203,6363
2747292,6873
2747873,7320
2749979,4863
2750336,3986
2751228,6251
2751302,5043
2752090,5770
2752195,4954
2752448,4624
2752621,5152
2753188,6322
2754805,4038
2755018,3585
2755880,5691
2755937,5282
2756416,6451
2757276,3709
2757919,3796
2758938,5609
2759166,4582
2759501,4946
2759542,5895
2759666,6342
2759926,4061
2761262,4637
2761861,4279
2761917,3732
2762665,3467
2762689,4308
2763068,4699
2763250,4994
2763325,4703
2763599,4875
2765949,4488
2766176,4084
2766778,3858
2766942,4266
2767229,6459
2767301,6285
2768402,5237
2769442,4400
2771646,4011
2772018,3997
2772155,3952
2772640,4617
2772795,4744
2772914,6426
2773026,6468
2773153,7028
2773289,7317
2773461,8064
2773810,4400
2774163,5797
2774802,7886
2774937,4367
2775863,4240
2776418,4284
2777337,3903
2777504,5268
2779062,4542
2779245,4728
2779782,5538
2779832,6912
2780261,6929
2780499,4638
2780910,6042
2782492,6192
2782804,4284
2782848,4143
2783016,7444
2783117,5900
2783238,5369
2783436,5723
2784492,6462
2784614,4193
2786419,4211
2787013,6579
2787425,6834
2787580,7145
2787830,6109
2788429,8678
2788440,5456
2788756,5438
2789048,7096
2789213,5416
2789438,8055
2791826,6914
2791909,7434
2792066,6157
2792329,7983
2792557,5748
2792786,7841
2793104,7164
2793507,6868
2793630,6156
2794938,6625
2794995,9021
2795259,7051
2795662,3936
2796409,6100
2796556,7520
2796703,4465
2797146,4863
2798379,5183
2799686,3585
2800406,4615
2800712,4074
2801467,4881
2801512,7739
2801565,8307
2801645,3794
2801824,4879
2802046,5101
2802987,5305
2803621,7288
2807676,4167
2807852,4764
2808046,8727
2808190,9026
2808309,5134
2808400,9570
2808681,8457
2808769,5836
2809121,8604
2809230,8202
2809267,9317
2809307,8224
2809958,7416
2810008,8502
2813792,8170
2814113,7025
2814276,7707
2814562,7755
2814669,8874
2814727,8580
2815233,6435
2815723,7892
2815774,8069
2815822,8794
2815876,9060
2815988,5129
2816164,5980
2817231,4928
2818942,4525
2822488,4908
2822551,6175
2822927,4925
2823894,6504
2823979,5837
2825436,4493
2826017,4649
2826092,5717
2826354,7161
2826456,7511
2826831,7623
2826881,8719
2826901,11533
2826944,13543
2827053,11450
2827283,5518
2828228,8457
2828593,10001
2828730,12136
2828949,16138
2829248,12558
2829779,9908
2830001,22507
2830244,15527
2830477,14357
2830560,16200
2830634,17143
2831027,18625
2831326,18747
2831757,15268
2832006,20451
2832248,20279
2833428,15277
2833608,19005
2833784,14667
2833954,14819
2834398,18049
2834547,18010
2834764,14054
2835485,15766
2835716,34025
2835858,23112
2835990,22366
2836123,29370
2836258,13762
2836424,33745
2836570,53295
2836860,30301
2837005,54429
2837316,24420
2837451,20242
2839425,18534
2839922,25638
2840077,16247
2840213,32474
2840721,32509
2841405,31839
2841637,31846
2841851,31567
2842022,42148
2842156,30104
2842328,29874
2842385,27143
2843367,30300
2843580,29966
2843892,29717
2843932,29795
2844281,29552
2844615,31696
2845119,28653
2845339,29265
2846299,23157
2846505,19436
2846816,20181
2847231,19850
2847383,24197
2848058,21537
2848873,20950
2849253,11497
2849688,17448
2850641,17174
2850807,16908
2850983,22144
2851535,23412
2851696,33832
2851834,33760
2851986,31266
2852105,25379
2852220,14719
2852634,29564
2853177,26324
2853349,26939
2853775,27211
2853921,34530
2854205,34756
2854553,27147
2854731,29076
2854870,26308
2854997,50431
2855111,38838
2859539,36033
2859701,41404
2859840,39236
2859987,41239
2860150,43289
2860313,39748
2860456,43147
2860595,41061
2860727,43988
2861147,45270
2861469,46517
2861848,48341
2862027,47814
2862418,48668
2862558,41760
2862743,42807
2863039,41005
2863077,20228
2864984,26071
2865133,46109
2865303,37340
2865458,34287
2865723,43467
2866077,48482
2866219,37323
2866581,27755
2866726,23393
2869628,41684
2869909,41387
2870893,19569
2871098,36040
2871257,40450
2871920,38877
2872395,47629
2872578,39398
2872756,47590
2876128,43397
2876696,36589
2876865,35291
2877003,34609
2877145,26136
2877274,25362
2877428,26014
2877682,26067
2877859,37223
2878012,25955
2878591,24275
2878757,21980
2878910,22077
2879029,18236
2879164,22058
2879283,21203
2879528,26460
2879667,29010
2879814,22432
2879960,23229
2880102,22997
2880244,25977
2880459,26236
2880819,39633
2881014,38296
2881370,32471
2881499,34570
2882391,36254
2882521,34619
2883448,32080
2883743,20701
2883922,20875
2884197,21597
2884347,26371
2884627,21930
2884751,22094
2884912,24209
2886086,22984
2886167,24974
2886288,35867
2887042,35563
2887066,33481
2887084,35445
2887101,35775
2887214,35546
2887234,33271
2887457,21561
2887780,21421
2888576,35182
2888761,35453
2889068,34510
2889495,37606
2889680,33013
2890696,32118
2890869,27664
2891841,26741
2892027,28926
2892205,32685
2892443,32513
2892626,32393
2892884,25748
2893042,27593
2893218,21909
2893494,27208
2893631,27133
2893762,27263
2894096,23992
2894743,11375
2898292,32914
2905583,12893
2915909,11654
2916311,9760
2916491,12645
2916644,15676
2916791,10494
2916982,9232
2917133,10005
2917279,14968
2917480,12009
2917704,10883
2917863,8581
2921578,10773
2921625,14521
2921657,10414
2921693,9883
2921774,15538
2921943,8758
2922214,8630
2922419,8042
2922584,13406
2922735,6704
2923623,9050
2923795,7282
2923966,9264
2924693,5606
2925956,9387
2925997,11427
2926031,9196
2926518,10414
2926589,10534
2926715,10917
2926789,9790
2927201,8348
2931725,5476
2931899,6158
2932135,6112
2940592,3288
2940806,5917
2940868,6485
2941345,5378
2941589,5286
2943235,4114
2943575,5418
2943929,4502
2943976,5639
2944787,7471
2944862,7029
2944958,6643
2945119,7456
2945267,4638
2945430,6533
2945583,7531
2945639,7786
2945752,8279
2945852,4429
2946069,8146
2947050,7158
2947265,6337
2947422,6810
2947497,8431
2947647,7788
2948419,6816
2949443,4499
2949654,4824
2950892,4582
2950918,4412
2952974,7513
2956081,4354
2957742,4089
2958143,4871
2958306,6956
2958630,3390
2959140,9207
2959199,6798
2959530,9474
2959581,6237
2959753,6395
2959973,8788
2960337,7323
2961899,6719
2962068,7725
2962193,6938
2962291,7063
2962343,6715
2962456,9043
2962500,7097
2962821,7096
2963058,5471
2963226,6336
2963349,6196
2963609,6439
2963764,6568
2964035,6437
2964179,5973
2964304,6861
2964383,7112
2964732,6182
2964919,5426
2971690,3198
2971950,3631
2972608,3239
2973123,3854
2973634,4262
2974690,3360
2976076,5683
2976132,5965
2976342,4927
2976736,3884
2976912,5621
2977633,4094
2977970,4636
2978115,4570
2978243,5917
2978356,5119
2978681,4930
2979301,5743
2979693,6213
2979737,5514
2979836,4237
2980014,5492
2980573,4774
2981890,4110
2983800,4908
2984131,5205
2984281,4905
2984353,5025
2985183,4658
2985629,4164
2986981,3666
2987129,4738
2987305,5004
2987655,6696
2987854,5962
2990099,7802
2990190,4282
2990350,12018
2990389,4460
2990510,5674
2990652,5481
2991090,10480
2991278,10602
2991329,7694
2992531,9086
2993222,12251
2993626,12368
2993933,5255
2994186,5801
2994385,10182
2995447,6495
2995656,5875
2995946,6353
2996215,8974
2996356,6452
2997534,5846
2997764,5376
2997915,8562
2998056,8747
2998174,8847
2998263,8906
2998308,7846
2998337,6608
2998437,9218
3000179,8299
3000236,8535
3000268,7325
3000298,8128
3000337,7894
3000422,7648
3000597,6693
3000736,7691
3004869,4651
3005043,6158
3005548,3791
3009110,3180
3009410,3915
3009535,4218
3010295,4318
3010620,6678
3011903,8544
3011982,8536
3012064,5591
3014925,7898
3015080,6238
3015203,7383
3015299,8018
3015879,7420
3015999,8350
3016151,8151
3016306,8079
3016437,7795
3016543,7764
3016702,4678
3017368,4601
3018020,6354
3018198,4961
3018901,7238
3018967,9052
3019015,6690
3019035,6936
3019476,5268
3020095,4772
3022691,4453
3024610,5251
3025576,5038
3025944,4082
3026355,4991
3026712,4261
3027211,3727
3027624,3463
3028268,3388
3028836,3444
3030445,7248
3031003,7653
3031127,6692
3031516,6243
3031888,5756
3032985,4871
3033177,5411
3033386,8267
3033535,6414
3033656,7567
3033787,8275
3033903,7370
3034043,9432
3034181,7258
3034401,5666
3034903,5362
3035030,5937
3035428,6435
3037022,5680
3039041,4314
3039540,4675
3039561,6144
3040531,5116
3040683,5385
3040921,6676
3041063,5334
3044339,4871
3044939,10156
3045189,10011
3045400,9580
3045717,5567
3045891,8964
3046095,12345
3046229,14627
3046429,9021
3046573,10992
3046691,6943
3046875,11662
3046996,8472
3047109,8199
3047223,10245
3048065,7746
3048478,7219
3048669,11591
3048822,11616
3049012,10956
3050457,16352
3050523,16435
3050578,16972
3050625,16878
3050670,17136
3050767,8765
3050952,8689
3051421,8732
3051597,8449
3051779,8075
3052047,13012
3052109,15074
3052164,16884
3052771,13433
3052948,12548
3053118,12938
3053285,12985
3053418,11074
3053645,11067
3053819,11133
3053999,9228
3054175,8895
3054345,13700
3054546,13361
3057231,14609
3057419,15148
3057585,14504
3057744,13883
3057903,15157
3058069,14360
3058232,14922
3058397,18377
3058555,17928
3058706,16481
3058856,15906
3059014,16819
3059173,15904
3059336,15041
3059441,17526
3064063,15475
3064236,15428
3064530,14235
3064772,13671
3065091,12438
3065532,11970
3065722,12466
3065960,12527
3066238,11607
3066491,9679
3066837,10842
3066983,10580
3067272,9970
3073583,5469
3073634,8949
3073848,7789
3073998,6192
3077622,7928
3077989,6024
3078439,9410
3078872,7778
3079001,8000
3081158,4699
3081208,5209
3081238,4856
3081998,5942
3082663,8303
3082837,7051
3082991,11863
3083128,13219
3083290,13712
3083480,12678
3083645,14604
3083721,12446
3083968,14474
3084444,12884
3084617,13809
3084721,13305
3084777,10668
3085058,12151
3085235,10771
3085403,9953
3085753,11120
3087467,10409
3087515,10999
3087633,9810
3087683,8382
3087814,12857
3088245,9398
3088333,9863
3088811,10624
3088888,9781
3089177,9318
3089327,9315
3090494,10996
3090653,11008
3090964,11496
3091239,12623
3091599,12329
3091873,9816
3092466,9107
3092712,8479
3093021,8444
3093073,8249
3093251,11770
3093370,12241
3101786,6360
3101943,7630
3102081,6235
3102214,6946
3102346,5502
3102397,4752
3102610,7229
3102764,7817
3102904,8059
3103036,7839
3103165,7524
3103300,7663
3103444,7299
3103578,6665
3104509,5742
3107767,5707
3108412,3536
3111597,3464
3112229,3654
3112399,5297
3112643,3901
3112902,5113
3112992,11729
3113032,7039
3113654,7022
3113979,6145
3114197,5709
3115154,19867
3115195,14126
3115636,7938
3115952,6495
3116096,9789
3116267,6086
3116387,6204
3116571,18473
3116710,12730
3116857,13827
3117025,13716
3118050,8291
3118222,7754
3118688,6992
3119334,7280
3119393,9541
3120268,12898
3120454,8244
3120709,7596
3120874,11332
3121017,12935
3121192,12585
3121338,14233
3121491,11533
3121616,11637
3121763,11813
3121908,10966
3122185,15569
3122965,15488
3123116,15930
3123367,12261
3124456,14844
3125164,10495
3125414,12582
3125714,8752
3126095,8118
3126912,8822
3127265,10158
3127387,9509
3127548,10398
3128090,10403
3128318,7160
3128727,6566
3129240,7373
3129465,5728
3134178,8473
3134752,8545
3135002,8244
3135663,6897
3136643,8940
3136963,4584
3137203,10147
3137787,8275
3138148,6385
3140858,6652
3140915,5305
3141420,8788
3141597,6391
3141764,6837
3141865,6626
3142026,5762
3142388,5506
3144379,4435
3144676,5650
3144868,8947
3145055,6420
3145226,10562
3145402,17063
3145679,11022
3145842,10961
3146638,11153
3146803,9787
3146954,9417
3147112,7932
3147262,9215
3148707,15911
3148879,11677
3149047,13448
3149204,11470
3149373,11124
3149528,11995
3149686,12757
3149846,15991
3150006,12568
3150666,20252
3150834,11971
3150985,16819
3151142,16085
3151293,13906
3151445,10641
3151771,17799
3153424,15038
3153610,15046
3153644,14882
3153922,15557
3154104,15615
3154398,16350
3154570,15296
3154735,15706
3155129,12040
3155313,15753
3155441,15848
3155498,15999
3155558,18417
3157491,12949
3157643,13338
3157800,14176
3157939,17266
3158074,9980
3158239,13017
3158390,16535
3158511,16218
3159387,15042
3159956,15838
3160099,15017
3160237,14253
3160385,12893
3160564,13618
3160716,13355
3160855,13169
3160989,12572
3161126,14410
3161274,13733
3161533,13004
3161682,12151
3161824,11683
3163374,9852
3163566,12905
3163689,8051
3164109,10480
3164255,9121
3164439,8633
3164588,9156
3164724,8971
3164872,7315
3165009,7826
3165233,9406
3176883,4982
3176905,4008
3179455,4180
3179641,4937
3179795,7016
3179964,7229
3180134,6769
3180279,4891
3180440,5434
3180578,4877
3180748,8494
3180942,9604
3181082,10788
3181214,4533
3181355,8575
3181708,8977
3181771,5707
3181837,6712
3182390,13337
3185044,9639
3185228,12724
3185417,9557
3185581,5217
3186035,8201
3187013,12847
3187277,7555
3187805,14353
3187967,9122
3188122,12698
3188281,12064
3188448,13378
3188615,10147
3188959,10745
3189120,9532
3189431,15773
3189599,15653
3190452,15462
3191580,15214
3192076,16837
3192218,15305
3192246,13996
3192426,13158
3192862,12803
3193021,10095
3193183,6408
3193345,11804
3193481,7831
3193936,14707
3194091,8394
3194320,8692
3195190,12280
3195347,10760
3195407,8559
3196935,10467
3197153,7877
3200047,9683
3200213,9374
3200353,10223
3200530,9792
3200676,9098
3200817,8619
3201183,11699
3201219,11919
3201255,10907
3201286,11320
3201315,9745
3201431,8895
3201759,11047
3201929,10314
3202222,9913
3202259,9597
3202289,8594
3202319,10647
3202411,9624
3202574,9405
3202713,9826
3213555,5875
3213653,4968
3214219,6446
3214411,6361
3214578,6702
3214755,6428
3214916,6076
3215038,5838
3215171,5917
3216928,11637
3217462,8029
3217647,7487
3217811,7537
3217969,7279
3218127,13523
3218284,12992
3218449,13149
3218712,12615
3218882,12864
3219048,15418
3219199,11977
3219355,12235
3219543,7690
3219695,10556
3219852,11373
3220001,14150
3220150,14601
3220305,13836
3220473,21722
3221686,11806
3222243,12842
3222625,12941
3222792,11552
3222958,10761
3223109,22234
3223266,9498
3223416,9665
3223740,10544
3223899,8611
3224108,8510
3224268,8760
3224454,15006
3224969,18573
3227541,14030
3227693,11401
3228164,9445
3228453,11793
3228605,9450
3228951,7652
3229100,13817
3229350,14884
3229560,15794
3229708,15465
3229839,14329
3230565,14580
3230719,11801
3230862,13127
3231008,5530
3238089,4979
3238225,5334
3238307,5982
3241517,8201
3241725,9624
3241891,6313
3241999,5997
3245523,6216
3245801,3992
3246135,5370
3246314,5017
3246784,5329
3247606,4228
3248328,4064
3248634,4068
3248861,3783
3249036,4504
3249153,4635
3250217,5264
3250581,3666
3250759,4908
3250868,8793
3252787,4687
3252951,4925
3253083,4633
3253320,5887
3254105,5340
3254257,6221
3254452,6112
3254463,5327
3254593,5577
3254646,4418
3254887,10555
3255330,15378
3255705,5259
3255933,4815
3256082,9828
3256471,12579
3257157,9907
3257216,9234
3257249,9522
3257295,8690
3258286,8513
3258607,7688
3262012,10211
3262400,4896
3263106,5348
3263153,9121
3263212,8896
3263252,8682
3263271,8360
3263303,8310
3263349,4803
3263418,5222
3264421,8643
3264851,7635
3264906,7153
3265473,11144
3265608,8529
3265745,8444
3266298,7374
3266413,8407
3269552,8323
3269619,7095
3269732,12410
3269770,8680
3270535,8833
3271434,9096
3274635,7562
3274891,6488
3275038,9107
3275179,8327
3275569,7997
3275853,6700
3276687,10708
3276820,7271
3277042,5266
3277319,11512
3277367,9428
3277405,16790
3277440,12783
3277476,13022
3277512,13500
3277956,6610
3278117,5903
3278268,7641
3278411,7041
3278544,7599
3278700,6084
3279790,9030
3279948,11328
3280195,10654
3280356,9960
3281573,9758
3282302,7012
3283414,6682
3283700,7056
3284661,7067
3288678,7097
3288894,9326
3289031,3786
3292642,4654
3292903,3904
3293053,4423
3293205,4425
3293740,4319
3293889,6968
3294027,9210
3294203,5638
3294352,5931
3294540,5528
3294582,5845
3294944,6307
3298322,4593
3298461,4360
3298885,6459
3299008,7452
3299147,12112
3299293,7841
3299411,6789
3299608,6490
3299957,6311
3300340,5975
3300560,5856
3300885,7280
3301022,5977
3301604,6297
3301752,6869
3302431,11748
3302580,7216
3303412,8058
3303585,6266
3303594,5342
3303805,4222
3303929,11714
3308958,5479
3309007,8455
3309133,9169
3309391,9458
3309601,4824
3309853,11277
3309960,11219
3310020,10543
3310132,7861
3310256,9220
3310327,10704
3310570,9333
3310683,9210
3310785,5746
3310932,8513
3311023,9460
3311107,5998
3311195,9830
3311289,6954
3311411,6757
3311509,3406
3311668,4615
3318976,3899
3320123,4710
3320703,5175
3320855,5961
3321211,4193
3321774,4726
3322178,4277
3322410,3787
3322907,3969
3323263,3719
3323326,4119
3323385,5537
3323418,5289
3323472,6522
3323520,6614
3323685,4781
3324103,5044
3325032,6221
3325106,6599
3325193,6668
3325448,6858
3325707,5379
3329353,3812
3330632,4065
3330799,4915
3331440,4663
3331466,7840
3331979,7033
3332433,4859
3333450,5782
3333635,4025
3334282,4603
3334764,4035
3334945,3623
3335687,3962
3336158,4149
3336406,4686
3336616,3885
3336845,5551
3337753,4528
3339655,4106
3340770,5259
3341123,6906
3341270,7429
3341447,5108
3341650,6608
3341851,4940
3342068,4882
3342665,6311
3343437,4455
3344355,6533
3344844,6372
3344970,6665
3345149,6121
3345814,5608
3345866,5449
3346081,5734
3346335,7581
3346502,5621
3348004,5523
3348728,3715
3349794,4013
3349950,4712
3350404,4461
3350652,6190
3351216,7646
3351939,4842
3352407,6420
3352926,4576
3355125,8123
3355400,8776
3355600,4440
3355801,5678
3356006,8848
3356173,8760
3356335,8675
3356520,5446
3357627,4609
3357869,4836
3358022,4986
3358160,4401
3358298,7501
3359321,7984
3360158,5085
3360416,4754
3360568,3726
3361053,5577
3361168,4822
3361292,4869
3361570,4581
3363424,4820
3365287,3481
3366954,3867
3367347,3992
3367405,3677
3369162,3464
3369515,3393
3369672,4187
3371836,3763
3372112,4949
3372516,9475
3372945,4359
3373423,4149
3373922,5489
3373975,5792
3374103,6501
3374226,6437
3374391,5642
3374540,7160
3374662,7484
3374799,5046
3374939,5306
3375425,5925
3375456,6013
3375525,6122
3375804,6514
3376610,7818
3377792,6180
3377845,4492
3378217,4131
3378401,4884
3378592,5608
3378716,4513
3383907,4802
3384032,4629
3384339,4502
3384783,4475
3385044,4364
3386310,4216
3386423,3912
3386966,4832
3387223,5538
3387413,4447
3387694,4295
3389192,4637
3389560,4012
3389937,6333
3390637,3372
3390806,5036
3390908,6536
3391049,3781
3392153,8358
3392231,8839
3392446,9697
3392623,5158
3392772,5311
3392901,5176
3393029,8300
3393150,7307
3393546,7167
3395707,6197
3396005,5036
3396328,5896
3396562,5761
3396811,9506
3396961,8714
3397516,7220
3398980,8977
3399264,8822
3400544,7135
3400833,6788
3401163,7059
3401492,6793
3401973,4565
3403352,4798
3403768,4694
3403984,6727
3404280,6158
3404553,8617
3404593,8259
3404632,8704
3405130,10655
3405848,8221
3406040,7621
3406321,7116
3406391,8655
3406590,6526
3406852,8854
3407149,7788
3407437,8409
3408821,5652
3411092,5558
3411139,4496
3411321,5080
3411875,4112
3412416,4555
3412628,4608
3413523,4902
3413582,6220
3413844,3279
3414968,4696
3417304,6768
3418278,4538
3418660,4941
3419436,3701
3420826,5687
3420848,4999
3421004,6165
3421141,6151
3421305,6348
3421400,7892
3421543,4533
3421680,7076
3421875,7100
3422570,5597
3423482,4635
3423919,6037
3424085,4956
3424136,5095
3424384,5560
3424541,9489
3424720,9112
3424865,9185
3425263,6462
3425456,8271
3425682,8362
3425888,11257
3426107,10866
3426252,10971
3426514,9244
3426736,10109
3429543,6753
3429782,7242
3429985,6926
3430124,7360
3430275,6743
3431878,6817
3432084,6688
3432207,6617
3432386,6368
3434703,6296
3435571,9468
3436329,4831
3437067,6263
3437213,7053
3437367,9186
3437442,10531
3437516,6859
3437671,6289
3438064,6255
3438557,7157
3441159,4284
3441446,6663
3441611,8951
3442061,7485
3442166,5841
3442319,8005
3442563,9464
3442711,6907
3442848,10921
3442979,8549
3443100,9742
3443224,9695
3443342,5729
3443380,9604
3443754,7458
3445473,5000
3448295,4902
3449494,4946
3449950,5982
3450102,6024
3450507,6110
3450652,8452
3451217,8604
3451917,6763
3451957,9591
3452000,10758
3452034,7145
3452216,7045
3452284,9033
3452664,8775
3454870,6626
3456656,4742
3456835,6842
3456996,6475
3457114,7142
3457252,6959
3457393,6943
3457558,7263
3457679,6493
3457815,7183
3457950,6522
3458096,8565
3459619,7822
3459926,6867
3460405,4894
3461439,5232
3461627,6316
3465292,6987
3465424,3554
3465587,7706
3465696,5234
3465817,7595
3465930,5521
3466046,7375
3466148,5451
3467319,6030
3469056,3782
3469232,3753
3469466,4392
3470040,5773
3470197,4233
3470513,4919
3472324,3744
3472623,3517
3473576,4748
3473623,7693
3473788,5092
3473998,5855
3474264,5358
3476328,7803
3476425,4823
3476826,10380
3476875,7153
3476987,7304
3477037,10407
3477198,11138
3477211,8893
3477312,7846
3477449,9097
3477467,10066
3477739,8268
3477905,10377
3478020,8774
3478255,8020
3478542,6072
3478763,5840
3478922,4291
3479315,5546
3479740,5929
3479887,6516
3484625,4529
3485252,8996
3485592,4311
3485752,5118
3486317,6562
3486854,5558
3487606,5928
3487977,5641
3488229,5617
3488445,5252
3488664,5112
3489811,4111
3490165,5907
3490290,5535
3490507,3067
3490820,5730
3491131,4184
3492115,4126
3492277,7170
3493083,3588
3494000,4854
3494022,6485
3494166,6452
3494566,5034
3497272,5182
3497458,3792
3497617,4448
3497938,4945
3498010,4510
3498158,4588
3498390,5434
3498489,5777
3498700,5390
3499531,4947
3501688,3793
3501977,5197
3504210,4248
3504669,4613
3505318,8343
3505767,6148
3505997,8630
3506305,9159
3506431,5174
3506633,4695
3506855,5904
3507013,6895
3507244,8678
3507329,6862
3507524,9934
3507620,7910
3507828,5807
3508132,10206
3508262,9571
3508335,8100
3508815,7887
3509299,9167
3509546,9750
3509680,9346
3509797,7508
3510340,8788
3510824,5714
3514666,4316
3515703,6835
3515792,7092
3515968,6898
3516024,6012
3516093,6213
3519523,3457
3519781,5987
3519931,6332
3520091,5734
3520128,4086
3520713,5619
3523423,4184
3523446,3633
3524070,6087
3524113,5050
3524227,4907
3524436,4844
3525981,4782
3526034,5098
3526232,4650
3526680,3828
3526748,4922
3527518,6097
3527704,6217
3527774,5893
3527833,5717
3527902,6224
3528068,5802
3528150,6412
3528421,7170
3531522,7319
3531636,4344
3531827,4822
3532028,7802
3532173,6466
3532585,5602
3532964,6497
3534849,4789
3535279,5390
3535617,3894
3537223,5234
3537472,4329
3537646,7660
3537784,7946
3538570,5554
3538714,4908
3539630,7411
3539832,5297
3539879,6542
3540156,4451
3540231,6038
3540765,5048
3543057,4610
3543096,8174
3543804,5892
3543908,5878
3544172,6326
3544475,6480
3545278,4694
3545647,7109
3546513,6143
3546623,4839
3546896,5636
3547083,5395
3547433,4942
3548316,4886
3548499,5959
3548643,5938
3550104,6009
3550292,5813
3550418,6164
3550585,5835
3550659,4816
3550924,5581
3552270,4911
3552797,4777
3553542,3663
3554580,4358
3554622,3683
3555035,6205
3557948,5084
3558331,4539
3558522,7399
3558571,7745
3558607,8022
3558806,10351
3559245,7183
3559276,7825
3559423,7216
3559583,5510
3559628,5380
3559800,6314
3560415,5326
3563047,6550
3563074,5662
3564536,8832
3565146,9487
3565508,6652
3565743,7946
3565953,5978
3566152,5726
3566354,8775
3566462,7927
3566667,9881
3566918,9479
3567054,7221
3567197,7901
3567333,7119
3567477,11422
3567609,7459
3567832,12398
3567872,12432
3568235,9067
3568486,11164
3571185,9205
3571474,8666
3571706,8020
3571959,5152
3572260,8509
3572887,8520
3573056,10035
3573177,6919
3573298,6694
3574781,5267
3575149,5375
3575572,11968
3575616,15596
3575774,12123
3576444,7071
3576613,10862
3576725,6724
3577280,8000
3577596,10002
3578282,9020
3581644,6372
3582674,5496
3582924,4810
3583272,4794
3583323,9745
3583546,6185
3583942,4595
3585598,4478
3585898,5885
3586081,4666
3586285,4765
3588658,8012
3590589,4178
3591147,3862
3592037,4400
3592075,7540
3592151,4690
3592295,5621
3593161,7312
3593303,4512
3593600,3630
3594017,6505
3594052,5977
3594318,7861
3594554,6204
3595215,5356
3595592,3845
3595951,7212
3595998,4932
3596113,7313
3597506,5328
3597753,7109
3597862,6143
3598224,4948
3599463,5674
3599644,4694
3601656,4549
3601721,4626
3602899,4338
3603634,8355
3603681,9667
3604091,5629
3604449,10928
3604527,8070
3604695,7930
3604991,6069
3605532,5441
3605593,6320
3605957,5200
3606561,6336
3608418,4016
3608471,6709
3608699,5828
3609157,5596
3609288,6798
3609457,5974
3609497,5849
3609900,5733
3610031,8021
3610210,8729
3610388,8380
3610522,8174
3611119,7038
3611268,7594
3611748,7720
3616441,5149
3616898,3344
3617445,4427
3618279,7558
3619061,6177
3619216,6128
3619353,6236
3619507,4761
3619606,5891
3620060,6190
3620516,4527
3620543,5955
3620686,5556
3620946,5783
3621731,4152
3622322,7539
3622356,5483
3623568,4656
3623601,6177
3623722,6800
3627645,3629
3628001,3697
3628554,3906
3629458,5719
3629813,3390
3630351,5159
3630570,4659
3630977,9284
3631003,9198
3631071,14944
3631090,12347
3631230,5509
3631321,6964
3631636,8080
3631733,6425
3633959,6812
3634086,8670
3634199,6519
3634340,7903
3634584,7132
3635008,6985
3635218,8052
3635578,11353
3636327,9899
3636504,7713
3637056,7529
3637105,16246
3637145,13445
3637177,12916
3638173,9265
3638231,7718
3638577,7778
3638630,9829
3638913,12407
3641023,14674
3641086,12488
3641123,11654
3641753,10251
3641999,10476
3642273,12634
3642808,10819
3643289,12700
3643692,9486
3643934,10601
3644059,12083
3644412,11173
3644663,11631
3646632,7371
3646795,10825
3646919,9842
3647456,10276
3648001,6163
3648447,7428
3648481,8284
3648519,8564
3648565,8293
3648585,8696
3652273,7753
3652439,7340
3653118,5314
3655043,8848
3655100,7844
3655275,8426
3655419,7803
3655931,7569
3656058,8072
3656439,6937
3656916,5894
3657951,5652
3660627,3433
3661081,3369
3661845,4888
3661974,3677
3663774,5745
3663966,4961
3664308,6655
3664351,5399
3664664,6537
3664727,5159
3664770,6324
3664835,6141
3665316,5977
3665691,5379
3666672,4547
3668230,3750
3669467,8755
3671498,6777
3671770,7071
3671891,9215
3672010,6767
3672103,8851
3672244,5361
3672357,6937
3672482,5254
3672600,8560
3672757,7099
3673418,8197
3673568,7462
3673704,7421
3673836,7634
3673961,7739
3674101,5155
3675325,5428
3676660,6624
3677352,6103
3677896,8715
3677954,9083
3678886,8544
3679087,8230
3679292,6266
3679690,5755
3679897,4492
3681790,5748
3683677,4479
3683822,4136
3684018,4411
3684138,4914
3684761,4783
3684819,5084
3684950,5341
3687800,5123
3688220,4971
3688418,4666
3689265,5553
3689772,4910
3690468,5461
3690628,5900
3690742,5047
3690908,5193
3691217,4732
3691416,5050
3691480,4977
3691955,5065
3693457,3799
3693658,6243
3693708,5587
3694339,4975
3694846,5267
3695636,6247
3697868,4852
3697947,5952
3698074,6905
3698218,5510
3698551,9513
3698597,4552
3699120,5148
3699335,9149
3699413,6372
3699581,6135
3700147,3847
3700296,6713
3700882,7387
3700924,7248
3704658,8735
3704811,11931
3705841,5153
3706004,5138
3706153,13779
3706294,9956
3706581,6764
3706746,8210
3706864,13670
3706997,9711
3707141,11704
3707347,11273
3707430,13407
3707676,13759
3707834,12341
3708230,11833
3708461,7651
3708751,6893
3708948,8299
3709117,11273
3709249,10237
3709545,9757
3711328,8670
3711529,8161
3712429,8069
3712604,8014
3712980,7742
3713188,11583
3713241,11444
3713501,10309
3713685,8850
3713862,9648
3714036,8114
3714356,8560
3714727,10957
3714910,8273
3715085,6701
3715538,6389
3715942,9520
3719012,6706
3723781,9091
3724102,7734
3724248,8675
3724415,8408
3724949,7246
3725478,7497
3725732,7034
3726266,7668
3726317,8154
3726483,7032
3726704,7730
3727497,5820
3728492,5160
3729078,5447
3729657,5520
3729823,9342
3729985,11229
3730031,6618
3730262,10741
3730504,4752
3730796,10387
3730981,5088
3731155,9163
3731249,5479
3731432,8045
3731614,8177
3732631,6583
3734699,6109
3734828,6288
3735001,7247
3737232,7015
3737272,4812
3738106,5106
3738381,4733
3741196,6055
3742345,7161
3742491,7514
3743113,4627
3743411,5459
3743574,8306
3743737,5959
3743804,6107
3743874,8230
3744107,5366
3745015,6080
3745078,5255
3745174,7373
3745288,5214
3745642,5357
3745795,5535
3745798,5989
3746029,5923
3747549,7235
3747824,4295
3748612,6018
3748924,5080
3749097,5901
3749557,4620
3750347,4697
3753043,4192
3754162,3836
3755125,4064
3755714,6310
3755839,5644
3755949,4327
3756008,5321
3756298,4757
3756755,5525
3758508,3392
3759108,3926
3759217,6438
3759456,6542
3759676,5431
3759933,5774
3760051,3769
3760555,5042
3762069,4680
3762442,5649
3762723,4375
3762840,5855
3762977,4012
3763775,5077
3763961,6476
3763994,6184
3764181,5688
3764432,6170
3765220,6259
3765560,5298
3765991,3695
3766470,4522
3767454,4293
3767667,5553
3767937,4732
3768285,5582
3771417,5901
3771889,5706
3772511,5319
3772874,7082
3772934,6744
3773443,5362
3774997,5274
3775067,8475
3775389,8124
3775444,6324
3775689,7307
3775903,7766
3776149,7456
3776172,5992
3776559,7166
3776774,5214
3777043,8294
3777419,8189
3777543,9514
3778012,8935
3778054,7472
3778089,8733
3778513,8229
3781770,6867
3781974,6038
3782250,6032
3782445,7942
3782610,4591
3782741,5420
3782838,5122
3783059,7405
3783223,5663
3784052,5064
3787300,3841
3787704,6387
3789479,4843
3789667,6843
3789851,8861
3789973,4292
3790220,5627
3791087,6665
3791261,4873
3791508,7669
3791694,5503
3791992,5264
3792509,5299
3793624,8555
3793684,10945
3793707,9817
3793739,11604
3793774,10404
3793809,8636
3794503,8119
3794570,6736
3794836,6824
3795053,6793
3795451,4999
3795973,7865
3796927,8507
3798057,6830
3798226,5212
3799659,6356
3800051,5082
3800209,8269
3800419,7372
3801191,6736
3801738,7258
3801882,3816
3802534,6028
3802665,6045
3802817,4787
3806093,3977
3806237,3614
3806781,5345
3806971,5134
3807237,5102
3807347,7348
3807651,6398
3808246,4787
3810290,5261
3810436,4984
3810496,3932
3812732,4255
3813195,4719
3813199,4840
3813420,4254
3815249,4296
3815643,4077
3815661,3950
3815827,5159
3816054,6016
3816248,5289
3816288,5537
3816587,7126
3816736,7020
3817128,5472
3817251,7015
3818071,7010
3818746,4583
3820654,4389
3820682,4427
3820850,6271
3821309,6001
3821538,6221
3821668,7012
3821858,5975
3822448,4495
3823980,7095
3824099,5156
3824198,5870
3824272,6353
3824309,5900
3824338,8647
3824376,7452
3824419,8888
3824438,10287
3828752,4389
3828939,5475
3829152,4886
3829387,5109
3829647,5276
3830861,8313
3831511,8546
3831560,7697
3831646,8810
3831935,5718
3832099,5397
3832289,7179
3832570,7831
3835330,4975
3836289,6867
3836402,7094
3836449,6995
3836577,4414
3836740,7267
3837680,6088
3838929,5645
3839560,9386
3839744,9686
3839897,9824
3840150,10920
3840338,9316
3840468,9458
3840609,8424
3842062,6922
3842215,8987
3842356,10560
3842423,10022
3842578,10193
3842804,10247
3842988,12993
3843523,10678
3843843,11113
3844043,10990
3844367,12650
3844601,7427
3844759,9308
3844936,12558
3845094,9773
3845246,8497
3845422,9156
3845559,8373
3845811,6120
3845954,16604
3846629,13111
3846778,11137
3847287,11395
3847427,11609
3847812,8333
3848128,7965
3848643,13198
3848691,9036
3848742,9047
3850162,7678
3855274,4670
3855456,5889
3855641,7088
3855784,8295
3855932,9092
3856223,10268
3856419,14292
3856682,15032
3859759,8923
3859987,7883
3860134,8333
3860296,7951
3860432,7631
3860554,11348
3860687,15908
3860822,17079
3860981,16737
3861178,15002
3861839,16219
3862003,13016
3862208,13509
3862450,12755
3862742,12605
3863774,12123
3863917,12349
3864155,7026
3864423,13812
3865259,11172
3865387,12170
3865434,10565
3866168,21050
3866701,21835
3866867,10156
3867022,15567
3867155,16719
3867294,10688
3867381,11830
3867516,11987
3867699,11768
3867897,11409
3868096,10087
3868287,11939
3868401,17508
3868525,16232
3869700,16772
3869970,13529
3870729,14126
3870869,14214
3871019,17460
3871233,13603
3871411,13997
3871555,12347
3872087,18142
3872252,14923
3872531,14773
3872685,9848
3872836,14518
3873590,11976
3873741,9548
3876808,13301
3880191,6233
3881270,8358
3881518,7711
3881760,8114
3882044,6609
3882264,8463
3885759,11021
3885955,10736
3886080,5613
3886223,10969
3886502,10036
3886802,10221
3886942,9978
3888217,8066
3888734,7297
3888946,8540
3889071,17417
3889266,13985
3889464,13051
3889687,11858
3889911,15547
3890058,9876
3890563,10508
3890762,10259
3890885,10027
3891027,9943
3891512,9760
3893155,19293
3893681,14133
3893844,13472
3894009,12890
3894168,12459
3894327,10440
3894420,12146
3894643,17961
3894803,13396
3895189,7861
3895349,5772
3895679,11892
3895823,11342
3902653,6603
3902873,6781
3903174,11975
3903332,11913
3903685,6410
3903836,10126
3903990,8130
3904128,8864
3904409,7615
3904566,5434
3904701,5632
3905163,10225
3905302,10673
3906464,7879
3906612,8121
3906755,6881
3906891,7127
3907006,7593
3907224,6556
3907387,6116
3907725,9959
3908614,10829
3908732,12942
3908840,9935
3908993,11993
3909105,11328
3909220,13776
3909327,13895
3909452,9406
3910431,8658
3910594,10846
3910746,10461
3910885,9847
3911025,9331
3911163,11095
3911297,10904
3911433,10092
3911729,9918
3912133,9690
3919339,4503
3919414,3733
3919649,7988
3919764,8403
3920063,8080
3920551,6216
3920768,7202
3920892,4929
3924886,6348
3926439,5086
3926625,4958
3926943,5624
3927195,5018
3928008,4490
3928122,5858
3928303,5163
3928588,4074
3929029,5192
3929066,6860
3929101,6043
3929132,6080
3931575,7382
3931926,5968
3932574,5756
3934453,4258
3935475,4473
3935592,5199
3935750,5954
3935976,3789
3936123,5124
3936244,5437
3936726,4667
3938640,6348
3939065,5510
3939139,5055
3940021,5140
3940330,6927
3940716,5063
3941742,6740
3941809,7518
3941847,7884
3941895,9747
3941949,12529
3942029,4951
3942227,4673
3942653,4729
3942793,4922
3943048,4962
3943329,7938
3944341,4300
3946423,5709
3946673,5217
3947062,5793
3947410,6093
3947556,5999
3947748,4091
3948080,5812
3949978,3626
3950271,4753
3950561,4758
3950586,5602
3950978,4920
3951124,6326
3952279,5410
3952564,5645
3953062,4505
3956114,5690
3956573,4725
3956791,5433
3956834,4918
3957073,4817
3957241,8192
3958265,5541
3958444,6113
3959255,7637
3959421,7371
3959558,10058
3959725,11783
3959878,9438
3959999,9080
3960004,11180
3960171,9587
3960485,11105
3960714,10214
3960748,10401
3960860,9451
3961120,12455
3961396,10662
3961573,11876
3962256,9559
3962429,9235
3962583,10631
3962722,8623
3963053,10070
3963226,10167
3963474,9570
3963660,10430
3964182,10054
3964353,7953
3964499,9135
3964669,8127
3964803,7672
3965581,7932
3965726,6724
3965875,6098
3969256,4003
3974603,3281
3975557,3914
3975832,8872
3976001,7193
3976139,6185
3976316,4886
3977657,6808
3977830,9073
3977985,8239
3978136,11555
3978295,8405
3978462,10148
3978633,8371
3978784,10730
3978933,9628
3979095,9444
3979250,9239
3979406,7299
3979579,10880
3979733,8164
3981140,8426
3981652,9094
3981824,8786
3981985,9247
3982135,8550
3982288,5789
3983474,8434
3983655,6655
3984136,7976
3984309,10104
3984575,6400
3985433,7270
3985500,9469
3985554,8497
3985619,9091
3985678,9490
3985728,9577
3985774,8883
3985835,6566
3992541,4520
3992719,4454
3993315,4529
3993448,4063
3993669,4407
3994234,4914
3994490,4489
3996510,4570
3996676,3955
3997245,3246
3997554,3757
3998416,3992
3998593,4567
3999218,3529
3999233,4029
3999978,4270
4000755,6027
4001053,6008
4001176,7270
4001391,7385
4001562,8633
4002028,7863
4002081,7067
4002195,7462
4002397,8350
4002498,7843
4003068,5971
4003224,5396
4003409,5933
4003462,7657
4003552,5309
4003726,6756
4004646,7383
4005022,9314
4005303,11333
4005417,10784
4006202,7857
4006338,10016
4006593,9221
4006976,7908
4011402,5339
4011533,5159
4011814,4928
4012991,5031
4013405,3932
4013847,4150
4014113,6562
4014395,6227
4014451,6062
4014494,6554
4014517,6209
4014535,6035
4018768,6661
4018921,4142
4019024,4270
4019522,6895
4019570,7311
4019720,5267
4019834,7247
4020062,6567
4020183,6310
4020441,8077
4021619,6101
4021948,9522
4022022,9889
4022928,4895
4023644,8256
4023826,5161
4023912,7650
4023964,6773
4024275,8979
4026341,7159
4026937,6489
4027187,4790
4027861,5777
4028020,5300
4028231,5034
4028432,5215
4029302,6429
4029329,9065
4029375,11611
4029508,5367
4030170,10379
4030480,6002
4030907,9375
4031119,10746
4031797,9827
4032083,9511
4034288,7739
4034451,7073
4034531,7924
4034869,5087
4037660,7721
4037725,5158
4037978,4653
4038649,5466
4039101,7170
4039150,7060
4039156,7168
4039320,9825
4039568,6574
4041157,5369
4041344,5521
4042944,7779
4043336,4617
4044225,5235
4044777,5101
4047139,4878
4047626,5005
4048291,4418
4048355,8888
4048431,4054
4048593,3967
4049455,3899
4049504,4624
4049540,5997
4049597,7847
4049661,9477
4049680,9796
4049720,9816
4049739,8794
4049771,9148
4049810,9225
4050769,6208
4051624,6833
4051857,7733
4052159,6970
4055694,3927
4055901,8361
4056078,5578
4056213,6098
4056564,5924
4056708,5729
4056799,5138
4057077,7693
4057272,5454
4059775,6690
4060226,6368
4060319,6695
4060472,6777
4060861,5581
4060918,6411
4062054,5126
4062732,6164
4063579,3902
4065314,4819
4065435,4544
4065578,4253
4066181,4415
4067641,3603
4067820,6571
4068143,4407
4068432,5969
4068831,3509
4069305,6071
4069341,5762
4069443,4995
4071004,4044
4071543,4392
4071632,6232
4071727,3968
4071895,5254
4072170,5285
4072597,4090
4072802,3440
4073426,4187
4074499,3842
4075006,4806
4075046,6059
4075117,6190
4075161,7217
4075534,3483
4079695,4905
4080242,4815
4080771,4216
4081027,4563
4081553,3570
4082058,3480
4082474,4947
4082626,4657
4082731,3887
4083458,5392
4083601,5115
4083948,6294
4085855,4615
4085966,4295
4086429,6212
4086582,6010
4086719,5973
4086864,4785
4087127,5388
4087447,4897
4087475,4230
4088350,5509
4088543,5375
4088754,6014
4089027,5788
4090499,4531
4090842,4073
4091345,4350
4092004,5379
4092464,5871
4092649,4061
4093150,5307
4093465,5525
4096597,3663
4096644,4416
4096789,4036
4097102,4235
4097238,4328
4098143,4236
4098189,8132
4098320,13108
4098411,8295
4098642,4105
4098676,13057
4099067,12487
4099410,10838
4099981,5057
4102853,8813
4103025,8789
4103178,11039
4103332,7179
4103465,10297
4104229,7905
4104547,7696
4105287,12291
4105342,10079
4105524,6463
4105708,6214
4106020,9143
4106081,11030
4106188,8322
4106699,7806
4106881,6298
4106916,9324
4107070,5753
4107240,5719
4108026,5911
4108129,10516
4108312,8711
4108502,9028
4108676,8792
4108853,8548
4108960,7093
4116495,4745
4116650,3974
4117296,5684
4117569,3723
4118094,5672
4118547,4993
4118562,6527
4118944,5146
4119737,4576
4120405,4740
4120623,4573
4121416,6021
4121625,5954
4121798,5715
4121940,5502
4122078,4011
4122270,6189
4122459,7983
4122620,7189
4123791,6278
4124130,4474
4124883,5196
4126441,5400
4126809,3206
4127716,4742
4127901,7062
4128444,5996
4129040,7179
4129090,6943
4129671,6414
4130189,8265
4130336,7541
4130392,10156
4130585,7340
4130864,7111
4131694,8773
4131891,5838
4132031,5795
4132167,6017
4132313,11579
4132449,8903
4132472,9193
4132507,8792
4132548,7944
4132584,8358
4133124,8598
4134390,14341
4134533,12926
4134677,11861
4134879,8397
4135342,10574
4135524,9443
4135668,12872
4136138,12455
4136283,10360
4136541,12305
4136677,12222
4136810,8458
4137292,8050
4137551,9568
4138010,9505
4138260,8953
4142607,6660
4143111,5569
4143309,7564
4143432,6703
4143583,8267
4144200,8621
4144412,8505
4144879,7763
4145033,10937
4145412,7357
4146118,5864
4146471,7526
4146675,7031
4146924,9122
4147267,8513
4147603,8522
4147778,8106
4148190,6358
4152057,4345
4152253,4014
4153454,3955
4154780,5905
4155015,8387
4155105,6859
4155252,8870
4155315,10153
4157702,20837
4157760,3740
4157894,3659
4158031,5023
4158151,6387
4158292,10286
4158435,8405
4158575,9844
4158733,8161
4158876,13912
4159008,18983
4159152,23661
4159293,23718
4159439,23280
4159577,23337
4159707,22739
4160366,22852
4160521,22588
4160825,17296
4161071,22679
4162175,16153
4162544,29975
4162743,15484
4162891,9113
4163111,19502
4163254,19797
4163638,24892
4163719,41367
4163763,20088
4163827,19729
4164089,19226
4164222,45658
4164350,19307
4164890,19069
4165043,18998
4165193,40061
4165819,40499
4165993,43555
4166186,43621
4166353,40320
4166414,39541
4166572,44299
4167341,29782
4167671,25820
4167855,28858
4168069,29770
4168236,29217
4168695,29839
4168871,30060
4169122,29639
4169300,28777
4169438,29701
4169670,30998
4169852,30450
4170029,37300
4170518,37381
4170674,30469
4170792,28703
4171493,35722
4171660,34052
4171737,29018
4171828,35938
4172112,33458
4172278,34806
4172461,27621
4172624,32921
4174194,28371
4174371,32899
4174554,32596
4174714,35575
4174873,35584
4175039,27927
4175198,32293
4175354,32224
4175537,32421
4175698,33888
4175862,34096
4176020,33718
4176184,30829
4176343,33761
4176534,25822
4176693,27778
4176856,27302
4177016,33857
4177173,30872
4177332,28562
4177511,32717
4177669,27575
4177825,28326
4179451,28725
4179625,30888
4179787,29494
4179947,21061
4180104,27591
4180272,21861
4180444,27382
4180612,27027
4180772,24214
4180939,26458
4181096,28558
4181252,20288
4181425,32429
4181602,31502
4181762,32871
4181920,32434
4182076,32822
4182239,32942
4185109,32581
4185302,25834
4185425,25942
4185489,26422
4185545,26721
4185613,26909
4185659,24825
4185709,27940
4185757,25433
4185801,26636
4185846,26647
4185893,29991
4185938,31633
4185983,31512
4186029,31608
4186074,28066
4186119,28311
4186172,28464
4186223,28636
4186280,28660
4186333,29121
4186396,29153
4186464,29311
4186530,31265
4189354,26871
4192709,23643
4196438,16109
4198917,23219
4201429,18641
4202470,16778
4202947,23132
4204055,18469
4210565,13067
4211467,11468
4216750,7547
4217150,8032
4217310,6106
4217908,6734
4218220,7484
4218380,7473
4219715,5031
4219851,5077
4220451,5166
4222992,4019
4223679,3554
4224791,6466
4226008,5382
4226147,3395
4226185,4352
4226421,4315
4232692,5568
4232941,3968
4232983,5136
4233431,5128
4233599,4909
4233755,4004
4234427,5290
4234632,4086
4235944,5204
4236060,4500
4236797,4962
4236978,4093
4237278,6463
4238085,4453
4238293,5603
4238634,5188
4239414,7076
4239435,7507
4239587,5601
4239848,5027
4239996,7125
4240185,9556
4242707,7032
4243093,4625
4243253,4233
4243988,6319
4244136,6940
4244370,5598
4244610,6510
4245138,5606
4245682,4495
4247908,3856
4248342,3900
4250608,3666
4251928,4517
4252388,6148
4252558,4404
4252628,6018
4253060,6863
4253285,6153
4253475,7104
4253654,6379
4253981,5061
4254466,8375
4254642,12128
4255231,10989
4255410,7589
4255556,7823
4255694,9830
4255846,5777
4256137,6335
4257039,5653
4257206,10496
4257335,10105
4257481,4634
4257837,7950
4258232,6852
4258687,8516
4259107,5444
4259505,9009
4260721,7899
4260742,7707
4261728,13344
4261786,5518
4261947,4751
4262507,6777
4262714,7865
4262866,6678
4263275,4456
4263403,4486
4263680,6613
4266048,7564
4266216,8324
4266386,9100
4266535,6081
4266725,5610
4266865,13385
4270036,5145
4271934,5815
4272107,10033
4272271,9460
4272434,9788
4272586,9458
4272776,11692
4272950,8356
4273144,8933
4273270,16631
4273872,13285
4274027,12687
4274175,10451
4274331,11827
4274513,12595
4274673,10554
4274908,9630
4275434,8276
4275596,12744
4275758,10933
4276337,9823
4276452,10605
4276956,11247
4277111,8357
4277266,7906
4277557,9232
4277838,7096
4278132,8103
4278285,10654
4278530,9128
4282390,7047
4282604,6733
4282756,7087
4283098,8970
4283141,9819
4284254,8945
4284432,9372
4284663,8716
4285279,6537
4285698,7337
4285850,5817
4288972,5109
4290115,5524
4290603,3790
4290994,4300
4291193,6312
4292400,6661
4292911,6221
4293041,6412
4293212,6338
4293545,7275
4293580,7169
4296072,3527
4296338,7559
4296438,6414
4296838,3661
4297003,3591
4297155,3640
4297401,3782
4298132,6440
4299288,6065
4299749,4386
4300289,6580
4300886,4986
4301066,6124
4301465,3816
4301668,6459
4301718,4576
4302123,5447
4302246,4864
4302653,6081
4304540,4441
4305540,7082
4306792,4709
4307512,8338
4308061,3942
4308270,8183
4308416,7939
4309163,3848
4309212,7262
4309251,7286
4309297,9472
4309317,7521
4309374,9342
4309405,9530
4311598,6258
4311969,9595
4312286,6595
4312843,6190
4313319,7925
4313473,8531
4313666,8409
4313754,7866
4313840,11528
4313969,8208
4314080,10364
4314135,10716
4314465,3759
4314720,4955
4315580,5913
4319238,5265
4319464,6030
4319716,5831
4319765,6482
4320019,6162
4320163,4918
4322589,4310
4323540,3926
4323886,3235
4324581,3761
4325576,3813
4325829,5317
4327887,3653
4328435,9174
4328529,3384
4328769,5212
4329392,7629
4329431,7458
4329553,7601
4329663,7049
4330302,6154
4330590,12246
4330632,4453
4330978,12486
4331041,14587
4331126,15006
4331146,14482
4331192,13540
4331283,14996
4331857,9863
4332085,10117
4332221,8667
4332477,12109
4332899,13782
4333166,11944
4333328,12389
4333385,11402
4333564,11372
4333946,11391
4334092,11080
4334791,9553
4335088,10993
4335418,8379
4335500,10272
4335615,10329
4335776,8692
4336001,11334
4336274,9279
4337331,9797
4337397,10132
4337699,9897
4337877,8951
4338020,10325
4339424,8025
4340294,9102
4342718,7012
4349090,3763
4349710,4133
4349913,5123
4350058,4743
4350243,5235
4350408,4402
4350526,3907
4350683,3931
4351722,4321
4351860,3485
4351979,3854
4352729,3505
4353207,3389
4353504,3464
4353993,5263
4354033,6990
4356928,4691
4357030,7314
4357523,5133
4357670,8649
4358003,7856
4358155,5603
4358662,5766
4358817,5620
4358964,7999
4359101,5751
4359423,8310
4359673,6174
4359900,7339
4360029,7630
4360442,7566
4360626,8010
4361181,9759
4361343,9802
4364784,7870
4364917,4212
4365472,6721
4366016,7168
4366163,6336
4366301,6974
4366718,6566
4367465,5427
4367620,9520
4368049,6112
4368208,8354
4368401,5119
4368687,10404
4368752,9761
4369234,7633
4369260,7665
4369345,8947
4369389,10795
4369441,10050
4371483,7360
4372659,6790
4373688,4417
4373713,6313
4374191,6379
4374366,5876
4374555,4880
4374934,6033
4375085,7798
4375117,7838
4375184,7677
4375224,7233
4375259,7876
4380749,4823
4380912,3722
4381814,3994
4382220,4705
4383092,4531
4383453,3964
4383596,6295
4384397,5259
4384542,3400
4385099,6166
4385137,4505
4385610,4950
4385648,5788
4385902,7791
4387805,4972
4387850,7541
4388002,4161
4388237,5203
4388340,6586
4389022,5552
4389241,5877
4389497,6715
4389764,4425
4390431,5217
4390668,4554
4390787,3986
4391039,6240
4391175,5896
4391424,5269
4391643,5878
4391874,5433
4398637,8333
4398872,8463
4399151,7738
4399778,8497
4399976,7841
4400035,6684
4400335,13537
4400374,9101
4400554,6263
4401189,7285
4401304,10121
4401595,6388
4401785,6566
4401954,6570
4402137,7302
4402334,10754
4402438,9536
4402681,5949
4403112,9019
4403348,10421
4403571,10119
4403643,11159
4403754,12304
4404794,8704
4405078,9316
4405122,9792
4405443,11120
4405658,8997
4405838,8257
4406035,7921
4407184,7634
4412066,3515
4412232,4066
4412334,3668
4414836,4605
4415541,6887
4416071,5922
4416240,6560
4416698,4949
4416876,7300
4417051,5979
4417149,7165
4417174,6941
4417503,5868
4417672,5765
4419372,5267
4419509,5461
4419648,7910
4419782,7719
4419902,8172
4420033,7548
4420626,7090
4420832,6794
4420977,8218
4421113,11341
4421454,9980
4421627,10022
4421784,10498
4421938,9856
4422709,9294
4424586,5128
4425756,5259
4425841,4616
4426301,5466
4426651,3881
4428204,3853
4428905,3766
4429088,4390
4429369,3957
4430721,4158
4432614,7800
4432712,4504
4433537,6054
4433632,4816
4433824,4763
4433956,4366
4434275,4469
4434648,4567
4435057,4892
4435406,4283
4435678,5245
4436394,5221
4437433,4732
4440107,4478
4440293,4541
4440893,3885
4441142,4874
4441433,5023
4441677,4260
4441920,5899
4442930,4833
4443182,3943
4443394,3680
4444394,3773
4444820,5729
4444870,7441
4445029,7358
4445453,6604
4445546,5550
4445732,6806
4446117,4665
4448411,5029
4448450,4329
4448670,4256
4449163,4737
4449292,6898
4449388,5523
4449456,5968
4449522,4735
4449899,5233
4450534,6811
4450713,5857
4450917,7288
4451523,5108
4452964,7106
4453125,4156
4453267,5066
4454438,4160
4454980,4176
4455226,4898
4455547,5191
4458693,4025
4458829,4510
4458973,4373
4459601,3997
4459839,5064
4460158,3799
4460672,4062
4461042,4143
4461387,4419
4461520,4073
4461666,7558
4462033,7293
4462189,6924
4462573,6864
4462960,6712
4463118,6415
4465627,4153
4466593,13881
4466912,5734
4467050,13630
4467230,13310
4467628,12008
4467799,8991
4467953,12027
4468102,6782
4468259,5599
4468425,5381
4468581,9796
4468744,7814
4468903,7773
4470580,10041
4470771,9145
4471565,8445
4471771,8292
4471937,8289
4472092,7699
4472251,7897
4472861,13918
4473021,13705
4473180,13891
4473339,9197
4473453,9137
4474530,12487
4474966,7912
4475129,8998
4475285,11653
4475591,9024
4475897,9095
4476343,6299
4477564,7149
4478514,9672
4478675,10001
4478836,11772
4479005,11652
4479162,11547
4479322,10973
4479446,11058
4479500,10593
4479553,13313
4479599,13450
4480919,14061
4481031,12729
4481099,11424
4481176,11873
4481290,8788
4483626,10507
4484029,9258
4484510,8460
4485164,9436
4485453,7764
4486035,8249
4486436,6865
4487856,10254
4488020,10258
4488225,9937
4488537,9345
4488711,8279
4488858,8187
4490128,7927
4494559,3872
4495103,6060
4495148,5693
4495334,11266
4495387,10348
4495389,5966
4495536,3780
4495771,5510
4496128,10625
4496290,5679
4496552,5786
4498833,7760
4499346,7912
4499408,7409
4499604,7271
4499783,6901
4499931,7513
4501795,6154
4501980,6593
4502098,9216
4502403,8624
4503164,5932
4503215,9434
4503251,10383
4503290,10432
4503326,10730
4503544,4508
4504903,3599
4505267,6201
4505725,3466
4506912,7654
4507245,5959
4507420,6425
4507855,4528
4510519,4738
4510548,3993
4510703,5769
4511291,4110
4511622,4584
4511930,5729
4512206,8365
4512471,5993
4512676,12145
4512868,10578
4513092,11494
4513274,11078
4513521,11170
4513813,12907
4514099,16502
4516326,7251
4517568,5806
4517702,5968
4517834,5304
4517965,9132
4518098,14361
4518199,7242
4518487,8554
4518673,15551
4520457,9093
4520673,10877
4520833,7878
4520984,18053
4521144,8149
4521312,7487
4521624,11125
4521781,16139
4521951,14819
4522109,13819
4522269,16053
4522473,15949
4522540,17988
4522609,18099
4522670,17600
4522730,19755
4522789,19164
4522842,18222
4522917,17986
4525559,15765
4525728,17066
4525882,14473
4526002,16629
4526151,16564
4526310,15965
4527237,15269
4527846,14968
4528001,13177
4528134,13097
4528268,12700
4528404,13155
4528541,13656
4530537,22188
4530704,9736
4530860,20959
4531014,22692
4531167,22827
4531333,20125
4534259,18059
4535018,18256
4535165,13306
4535302,13158
4535891,11996
4536040,20677
4536174,14472
4536317,17226
4536485,10648
4536644,15248
4536947,16145
4536998,15951
4537029,19051
4537062,18780
4537100,18915
4537132,19383
4537168,14872
4537203,15460
4537280,15554
4537831,15994
4537997,17936
4538145,15338
4543575,14856
4544625,9485
4544813,11490
4544950,9103
4545062,14459
4545470,11098
4545960,13834
4547828,8809
4547963,12320
4548841,8305
4549029,8314
4549220,7976
4549674,6681
4550220,7957
4550300,9891
4550381,10629
4557973,6031
4558138,5588
4558292,5760
4558443,4505
4558582,5909
4558718,5480
4561263,4039
4561296,5234
4561977,4687
4562267,4344
4563079,4186
4563256,4375
4564007,5651
4564178,7347
4564342,6411
4564523,7241
4564565,5506
4564816,6260
4565065,4795
4565180,5190
4565334,13005
4566425,7085
4566919,7996
4566945,7403
4566990,7210
4567009,9344
4567058,12409
4567077,11191
4567551,8605
4567739,6133
4567825,9763
4567835,7918
4567947,6776
4568180,10233
4572154,5941
4574416,3874
4576593,4157
4576813,4348
4577563,5004
4577920,4843
4578416,4211
4579007,5089
4579032,6293
4579057,7398
4579076,6906
4579205,5259
4579342,4558
4579442,7148
4579487,7353
4579559,8467
4579585,9923
4579633,8379
4579894,6350
4581779,5652
4583768,5922
4584618,5729
4584837,9440
4584992,5504
4585163,8528
4585547,8832
4585691,8106
4585824,8198
4586082,5661
4586274,7311
4586700,7418
4586825,7059
4587158,8718
4591163,18313
4591453,6039
4591633,4848
4591910,16734
4592015,21523
4592070,10869
4592236,14517
4592421,18616
4592585,20086
4592738,14953
4592891,17089
4593040,17766
4593218,10880
4593329,19574
4594878,22152
4595044,20058
4595195,17606
4595355,17653
4595415,17691
4595446,20516
4595677,25543
4595963,14964
4596198,9300
4598228,12257
4599906,16003
4600039,14563
4600203,14520
4600594,10900
4601145,10008
4601303,21285
4601640,17689
4601847,14010
4601997,12651
4602150,13812
4602422,18395
4603426,8183
4603588,8324
4603743,8004
4603909,8169
4604065,11737
4604217,11793
4604446,10499
4604607,16118
4604773,15301
4604936,15429
4605349,15457
4605584,14047
4606025,14006
4606194,18624
4606352,14141
4606602,15061
4607442,12258
4607614,12567
4607791,10304
4608001,16761
4608164,10158
4608323,10383
4608497,9512
4608658,10651
4608827,12380
4609063,10683
4610346,9599
4612422,10301
4612593,10080
4612751,10803
4612906,9070
4613056,8745
4613206,9808
4623078,5564
4623211,6336
4623326,6827
4623370,4280
4624833,4789
4625281,6057
4625349,5646
4625482,5688
4625587,6129
4625643,9306
4626237,7782
4626509,6811
4626617,7469
4626758,6038
4626887,5516
4627021,4627
4627153,5811
4627284,7542
4627405,6315
4627696,6301
4627791,6144
4627928,5254
4629242,5514
4635437,4832
4635917,3832
4635939,8690
4636082,6565
4636174,3462
4636253,6572
4637333,5631
4637643,6567
4637764,6347
4637842,6416
4637894,10263
4637950,6593
4638289,5872
4638625,5433
4640049,4258
4640549,4721
4640721,5772
4640856,5778
4641183,9844
4641356,9810
4641613,9312
4642031,9082
4642706,7151
4645673,10751
4645843,10498
4646000,4195
4646152,12361
4646463,6615
4648257,10330
4648424,3643
4648579,7979
4648739,7907
4648890,10794
4649057,7724
4649217,12531
4649535,16260
4649692,10093
4649934,8705
4650099,7753
4652153,13546
4652299,11832
4652449,11986
4652592,12706
4652725,13022
4652862,20852
4653037,11210
4653177,12474
4653308,12651
4653489,11997
4653622,16795
4653753,11785
4653885,11702
4654021,11615
4654154,10934
4654284,13606
4654474,17201
4654614,13890
4654747,19400
4654884,18623
4655015,16611
4655146,16425
4655330,18023
4655488,17968
4655665,14291
4655797,17171
4655923,17892
4657281,16485
4657480,14245
4657628,10813
4657879,13897
4658015,13811
4658155,13772
4658284,11034
4661453,13340
4662217,11976
4662300,10486
4662615,13653
4662755,11488
4666679,9399
4666846,8493
4667397,7775
4671404,4736
4673541,7136
4674414,4812
4676578,6100
4676743,5795
4676884,8874
4677099,5226
4677154,10387
4677217,11966
4677463,12339
4677498,5233
4677994,11718
4678514,11744
4678693,9845
4679056,9246
4679198,9006
4679338,8762
4679429,10363
4679575,10302
4679918,9401
4680122,8302
4681109,7858
4681282,7571
4681424,7698
4681582,7629
4681733,8449
4681982,7448
4683908,7612
4684154,7458
4684321,8393
4684495,15026
4684663,4819
4685427,9916
4685597,6982
4685848,13097
4686005,12374
4686167,11045
4686321,11914
4686498,11366
4686657,12798
4686914,11785
4687790,10066
4690621,5061
4691081,4902
4692186,6710
4692837,4886
4693284,4168
4693367,3940
4696157,5565
4696401,5872
4696783,5412
4697555,5983
4697908,5176
4699231,4844
4699522,5295
4699848,7281
4699885,4989
4700049,6962
4700090,4099
4700175,7178
4700288,5141
4700941,5503
4701221,5600
4701940,4255
4702408,4880
4703829,3900
4704692,4548
4704946,4321
4707939,6526
4707972,4264
4708132,4185
4708326,5473
4709439,4563
4709566,4963
4709642,4608
4710055,5141
4710419,6666
4710557,6454
4710806,5807
4711047,5881
4711112,9485
4711371,4401
4711592,8527
4711811,5044
4712336,3953
4713310,6027
4714493,5004
4715594,4334
4716793,4444
4717147,6010
4717255,5418
4717392,5422
4717395,5090
4717536,5948
4718054,7944
4718229,6232
4718737,6453
4718894,7705
4719208,8581
4719693,10758
4720060,8435
4720138,9012
4720450,8159
4723042,6306
4723219,9800
4723499,7410
4723645,5764
4723768,7812
4724039,7472
4724179,6347
4724497,6484
4725771,5916
4726397,5224
4727010,6611
4727177,4953
4727519,8594
4728009,8944
4728154,9004
4728324,10128
4728535,10383
4728695,9881
4729185,8455
4729444,8765
4729584,7711
4729719,8226
4729857,8803
4730029,6687
4730147,9066
4730348,8124
4730678,5547
4730737,7363
