372,4229
1173,3724
1333,4248
2097,3100
2655,3722
2916,4244
3074,4005
3561,4712
3807,4252
4229,4674
4857,3623
5877,3922
5921,4294
6450,4556
6845,4437
7689,4282
8162,4928
8849,4755
9104,4375
9131,5479
9393,4964
9969,4183
10649,3843
11449,4431
11850,3541
12216,3764
13689,4065
14754,3460
14938,3913
15452,5693
15850,3358
16311,3768
16484,3968
16910,4290
16995,5449
17311,4942
17921,4267
19047,4092
19204,4028
19555,3821
20400,4653
20756,5068
21464,4306
21904,4691
22352,5547
22586,7340
22710,6186
23451,4233
24019,6181
24037,4606
25577,3953
25977,4158
26189,4350
27028,3704
27826,4240
28393,3835
29395,3379
30030,4255
30100,4355
30408,3705
31068,4880
31500,4143
31956,6069
32409,4504
32740,4567
32873,4599
33264,5875
35035,5844
35342,4350
35913,4053
36604,4665
37808,3617
37958,3986
38108,4845
38579,3834
39117,5486
39401,4896
39846,5553
40106,5294
40978,5331
41893,5539
42098,5071
42442,6211
42695,4637
43101,5509
44760,3978
45024,4383
45942,3956
45955,3860
46580,3781
47415,3604
47662,3845
47823,4096
48929,4523
49099,3878
49250,5421
49577,4589
50093,3974
50508,5199
51094,6403
51914,4676
52092,3823
52449,3690
53589,3592
54496,5249
54931,3681
55006,4107
55098,3650
56138,4990
56304,6782
56849,3854
57018,5343
57328,4702
57794,4364
59102,3847
59304,4465
59596,5687
60148,4325
60860,3795
61319,4478
62749,5399
62771,5076
62899,4216
63157,6188
63416,6197
63925,4478
65072,4401
65202,6088
66334,3957
66492,3987
67356,3394
67990,3477
68474,5156
68740,3382
69771,3513
70590,4283
70764,4508
71565,4754
72198,3400
72841,4037
72984,4366
73123,6228
73438,5188
73721,6480
73726,4532
75156,3842
75779,3588
75844,4201
76609,3514
77488,4753
77715,4980
78352,4818
78723,4764
80571,3660
80592,3636
81203,3822
81504,4457
81598,5776
81736,4519
82605,4153
83492,3722
83989,3901
84135,4050
85145,6566
85180,5980
85666,4512
86273,5638
87020,4592
87454,3491
88244,4110
88303,5664
89104,3982
89277,5336
90315,4017
91487,4691
91519,4673
91930,5643
92075,6832
92316,5027
92600,4108
93760,5277
94204,5378
94694,4834
94897,4418
96676,4528
96903,3497
97749,4063
97894,5532
98040,4717
99623,4383
100289,4626
100945,4919
101016,5745
101105,4543
101213,4961
101372,6104
101977,4308
103328,4348
103996,4038
104274,3490
105090,3194
105953,3179
106366,5073
106679,4444
106842,4646
107034,4731
109455,3261
109479,4207
109597,4541
110064,3517
110617,4483
110626,3569
112079,3308
112432,5478
112727,4233
112917,5275
113952,5120
114224,5166
114425,4479
114756,4034
114939,4293
116269,3581
116456,3609
117146,3519
118101,4556
119390,4081
120366,3378
121109,3457
121129,4461
121303,3612
121736,5845
121878,4200
122012,4367
122163,4755
123322,3553
123576,3282
124135,3322
124866,3491
125267,3694
125834,6102
126211,4663
127011,4568
128653,3888
129206,3920
130075,3960
130116,5351
130164,4891
130287,5431
130438,4163
131534,5192
132044,4885
132181,4273
132717,4776
133466,3412
134148,3600
134930,3266
135479,3313
135979,4369
136089,5649
136660,4300
138739,3535
138815,5027
138989,4277
139069,4294
139434,3559
139962,3656
140011,4148
140545,3393
141357,3374
141988,3795
142703,4971
144167,4128
144837,4140
145068,4194
145161,4849
145314,4976
145494,5197
145878,5069
146170,4941
146833,5845
147906,3547
148504,3469
149165,3822
149363,3595
150345,4317
151607,3778
152083,3823
152354,3741
153442,4013
153558,4788
153580,3735
153647,5100
153673,5732
153819,4927
154909,4443
155702,3418
156436,3967
156624,3393
157723,4877
158130,3558
158587,4610
159964,3877
160240,5699
160722,3322
161068,5262
161148,6180
161258,4606
161334,3834
161881,3535
162829,4012
163417,4230
164201,4104
164375,5319
165476,4106
165822,4767
167099,4971
167149,4573
167993,5504
168638,5925
168683,4108
168871,4183
169024,4288
169856,4978
170016,4104
170741,5957
171894,3654
172203,3785
173302,4988
173951,5548
174251,4445
174509,6103
174658,5467
174995,5324
175161,5900
175715,4988
176150,4114
177199,5959
178465,3500
179002,3591
179697,3991
181418,5420
181445,3673
181695,3729
182095,3846
182729,4308
182901,4375
182990,4139
182997,4577
183249,4617
184496,3289
185329,3674
185921,3909
186244,3874
187836,4232
188562,5053
188574,3593
189305,3638
189355,3889
189388,4009
189451,4541
190624,3658
190794,4110
191014,3595
192321,4426
192486,5364
193893,5122
193982,4632
194855,4063
195274,3853
195979,5277
196194,4280
196297,5558
196331,4227
196944,5275
198043,4105
198997,4147
199689,4235
199736,3579
199873,4938
200906,3487
201271,4433
201816,4437
202413,6086
202497,4868
202503,4387
203690,5148
203749,4307
204899,3701
205071,4956
205608,3823
206125,3559
206665,3950
207132,4272
207510,4577
208316,4585
209828,4484
210172,4437
210460,7324
210758,4527
210998,6947
211559,4014
211574,4556
211897,4998
212336,6310
213056,5019
214452,4303
214836,6619
215765,4363
215828,3345
216481,4515
217066,4554
217888,3940
218913,4899
219058,4854
219221,4164
219411,4672
220265,4873
220305,4050
221425,4784
221981,3852
222145,4255
222363,3948
223586,3660
224508,4493
224585,4614
224729,4074
225320,4128
225682,5010
226741,4654
227030,5152
227376,3650
227419,3775
227837,4435
229245,3738
229958,4297
230177,5290
230621,4450
230849,4049
231932,4247
231964,4460
232586,5488
232670,4367
232830,4466
233084,4293
234394,4704
235288,4361
235649,4688
235933,4169
236710,4337
236874,5101
237618,4587
238011,4992
238293,4257
238389,3967
239668,5241
239752,4077
240441,4340
240723,4204
241372,3663
242382,4344
242869,3751
243143,4654
243580,4321
243926,4760
244455,5199
245771,3327
245784,4061
246039,4425
246281,4466
246874,4520
247043,5050
248212,4263
248232,4717
249479,4699
249498,3875
249956,3664
250659,4971
250955,3888
251177,3842
251894,3486
252821,3294
253281,4475
253813,3527
253994,5240
254671,4069
255159,4248
255642,4800
256326,3551
256730,4119
256927,4409
257706,4053
257879,3232
258363,4325
259030,3795
259506,4284
259848,3539
260819,3566
261413,3206
261903,5069
262036,3879
262052,4167
262276,5089
263832,3669
264206,3996
264591,3357
265300,3791
265386,4307
265530,4761
266399,3678
266618,4995
267826,4438
268068,4023
268661,3904
268971,4221
269696,3785
270508,4272
270911,4107
271026,3900
271172,4247
271836,4279
272810,4822
273087,3938
273657,3657
274084,3657
274267,3733
275627,7068
275751,4513
276066,4235
276233,5355
276407,4848
277448,4705
277842,5597
278183,5317
278384,5978
278671,5865
280364,5227
280540,3595
281492,5619
281760,4500
282284,3640
283013,4152
284102,3875
284141,3555
284946,3753
285102,4095
285475,4241
286417,4171
286441,4613
286781,5252
287284,3861
288373,4420
288474,4970
288726,4311
288964,5139
289288,3762
290242,5348
290775,4367
291310,4821
291483,4739
292254,3627
293627,4990
293802,3786
293946,3965
294743,6262
294954,4484
295484,4786
295960,4683
296424,5177
296613,4547
296768,5468
297727,4412
298237,5126
299264,4636
299574,5063
300374,4922
300788,4468
301244,4538
301834,4354
301854,4838
302691,3944
302890,3966
303733,3745
304029,3861
304734,3248
305618,3959
305749,4266
306980,4623
307050,3823
308203,3628
308600,3684
308727,5367
309009,4287
309258,3921
309758,3947
310582,4024
311074,5275
311242,4436
311872,5971
312221,4980
312438,3839
313347,3959
314182,4244
314311,4553
314398,5287
314929,4387
315954,3809
316854,3630
317195,4998
317467,3712
317776,4059
318710,3922
318876,4931
319961,3640
320893,4468
321182,3890
321361,5276
321574,4352
321596,4398
322012,4883
322657,4928
323408,4512
324292,4153
324344,4038
325291,4459
325485,3623
326306,3743
326763,5039
327111,4598
327371,5069
327722,4530
328194,4634
329239,3477
329425,5833
329589,5420
329884,3941
330191,4487
332062,3928
333026,5435
333061,5391
333430,4282
333450,4452
333581,3770
334028,3872
335417,3806
335445,4552
336245,3948
336362,4504
337550,4140
339181,3444
339449,5039
339665,3747
339833,4279
340033,4240
340486,6592
340612,5234
340833,4018
341115,3605
341963,3295
343086,4201
343589,3861
344956,3510
344980,4201
345812,4978
346032,3824
346318,5010
346622,3860
347842,4421
347984,4910
348149,4846
348570,4883
348614,5600
349328,4406
350227,3856
350814,5487
351167,4696
351510,5242
352404,4066
353177,5233
353377,5512
353614,5381
353928,5773
354301,4740
354412,5318
356927,4581
357056,4595
357207,4529
357353,4204
358718,4221
359083,4177
359794,3668
360122,4118
360870,3494
361027,3816
361959,4648
362135,4941
362287,4132
362435,3516
363110,4528
363797,4849
363960,4329
364925,4610
365191,4438
365385,3487
366092,4594
366728,4672
367224,3923
367524,4099
368080,4794
368505,4483
369177,4434
369352,4317
369784,4863
369956,5417
370846,5528
371792,4045
372136,3968
372414,5595
373177,4821
373260,4316
373847,4554
374074,4572
374850,3772
376437,3813
376772,3258
377196,3826
377582,3624
378732,3664
379423,3878
379594,4193
380369,3667
381372,3470
381596,3970
381814,3976
381958,4174
382091,5335
382220,4223
382538,3346
383420,3483
384138,3371
384344,4096
384980,4174
385651,4318
386723,4044
386746,5243
387065,3547
387808,3768
388126,4628
388656,3816
389330,4075
389851,4287
389994,4714
390214,4201
390878,3975
391077,5010
391786,3800
392126,4282
393051,4755
393236,4229
393674,5210
394909,3934
395068,4949
395785,4723
396047,4773
396227,4971
396815,5486
396836,6865
397636,4103
397948,3866
399016,3566
399187,3867
400151,3649
400986,5643
401388,4007
401610,4281
401968,4158
402127,5029
402440,4996
402721,4174
403186,4410
404681,3287
404697,4522
405656,3660
406436,5812
406713,3993
407627,3758
408238,3851
408412,3382
408579,4217
409476,4930
409615,4297
410044,3942
410161,4646
411192,4773
411647,3577
412452,5908
412767,4026
413108,4113
413129,3926
414658,5409
414791,5482
415070,4557
415307,4575
415550,3770
416880,4366
417219,5418
417590,5641
418068,3675
418567,3607
419582,3663
420261,3936
420482,4572
420819,4524
421005,5482
421352,4752
422491,4131
422833,4174
423199,5553
424005,4160
424171,4657
424571,4805
425221,3865
425640,3837
426674,3383
427423,4053
427674,4023
428127,4060
428642,5047
429808,3958
430642,3880
430664,4282
430837,5486
430881,4952
430962,6519
432035,5011
432113,4767
432665,4380
434350,3419
434706,4149
434755,3939
435237,3670
436088,3368
437659,4190
438187,3593
438839,3910
439006,3894
439866,4576
440000,4831
440201,4500
440615,4183
440753,4932
440907,4881
442369,4609
442582,3792
442990,5256
443190,4964
444887,4118
445183,5039
445365,5969
445526,5204
445943,6381
446099,6832
446707,5246
447276,5832
448469,5757
448653,5358
449609,3379
450346,3759
451118,4639
451447,4919
452136,4416
452692,4790
453606,4107
453798,4352
453989,5742
454433,4851
454536,5582
454936,4894
456127,4261
456771,3974
457297,6463
457813,4598
458251,5608
458271,4608
460254,5455
460347,5993
460762,5244
460941,4489
461175,5403
461615,4575
463436,4308
463594,5703
464053,3918
464655,3619
466005,4341
466870,4208
466990,4702
467075,5835
467810,5728
468668,3712
468733,4372
468869,4900
469388,4209
470435,3958
470871,3493
471298,3420
471871,4063
472673,5276
473765,3365
474902,3881
475064,4544
475077,4073
475252,4457
476170,4311
476690,5828
476851,5080
477022,4611
477463,3871
478151,3946
478958,4707
479816,4820
479857,4398
480044,4686
480978,3772
481806,3991
482090,4585
482313,5095
482680,4634
482833,4177
483903,4431
485095,3995
485269,5606
485452,4146
485540,4279
486379,4230
486802,4176
487972,3752
488249,3913
488458,5006
488954,3769
489664,4316
490014,4268
490111,4350
491155,3832
491856,4816
491969,4184
492038,4156
493252,4366
493300,3994
493629,3726
494852,3683
494869,4851
495056,3963
495624,3622
496352,4043
496859,3731
498124,4277
498182,3677
498606,4360
499074,4779
499501,5203
499577,5615
499826,5769
499868,4847
500829,4580
501554,3618
502012,4252
502759,3926
503281,3795
504048,3591
505791,3956
506296,4027
506725,3141
507234,3682
507297,4270
507502,4898
508216,3959
508350,3623
509093,3783
509111,3273
510133,4075
510178,4086
510817,3936
511027,4089
511800,3765
513077,4735
513223,3866
513432,5406
513596,5997
514032,5649
514442,5188
514612,4509
515299,4718
515458,5457
515795,3149
517224,4163
517912,3566
519204,4220
519370,5736
520082,4675
520324,5597
520473,6427
520602,4991
520748,3643
522118,6349
522221,4123
522354,4469
523781,3802
524572,3300
524885,3681
525233,5200
525766,3630
526232,3934
526725,4190
527688,3462
528062,4781
528181,4258
528278,5151
528810,4895
528861,4309
529581,4798
530427,4681
531311,4125
531359,4238
531604,4303
532625,4191
532988,4848
533265,4826
533589,4962
533793,4434
534472,3573
535884,5590
536181,3851
536321,3911
536565,3825
537217,3523
538766,4310
538966,5164
539136,4218
539300,5269
539464,5004
540364,4775
541001,4609
541982,4874
542255,4422
542286,5062
543267,4391
543661,4128
544284,3826
544727,5195
544900,4154
545764,5540
545977,5017
546868,3928
547963,3873
548613,3772
548705,4411
549462,4144
549481,4256
549741,5159
550064,4568
551034,4223
552711,3872
552724,3862
552899,4213
553582,4023
553873,5140
554349,4766
554426,5214
555578,4106
555778,4844
555829,4324
557216,4535
557601,3917
557747,5252
558481,3415
559303,4396
559477,4974
559908,4108
560276,5097
560624,3689
561452,4508
562095,3952
562636,3901
562871,3954
563186,4128
564271,3365
564542,3471
565069,3783
565157,3517
566035,3560
566776,3214
567218,3815
567426,4339
568882,3867
569210,4085
569937,4328
570348,3539
570716,4335
571038,3713
571311,4154
571527,4050
571812,4631
572308,4017
573178,4242
573430,4135
574353,4545
574584,6331
574854,5898
575693,5631
575848,5969
576116,6736
576859,5322
577729,5212
577906,4665
578984,4112
579204,4045
581074,4529
581096,3759
581470,3794
582579,4548
583228,4879
583356,5523
583710,3325
584306,7581
584468,7834
584986,4266
585396,5087
585534,5330
585737,5804
587280,5597
587450,5745
588243,5892
589017,4775
589381,4309
590697,3827
591002,4471
591676,4323
592246,4382
592705,4420
593011,4709
594218,4075
594617,3356
594781,3816
595306,5469
595355,4665
595852,5135
596140,4026
596797,4019
598122,3986
598423,4081
598582,4701
598737,4342
598908,3951
600378,3728
600726,4224
601203,4567
601255,4510
602285,4426
602306,4325
603553,5126
603737,3746
604086,4039
604249,5149
604293,4559
605199,5297
606217,4373
606537,3899
607044,4235
607117,4751
607662,4448
608755,5554
609070,4704
609231,5591
609603,4351
610886,4466
611411,4041
611597,4238
612201,4653
612670,4718
612736,3859
614219,4653
614496,3623
615131,3448
616107,4552
616283,4478
616435,3898
616686,5439
617071,4394
617228,4994
617573,5624
618258,5102
619072,4024
619085,4606
620936,4191
621105,3829
621598,4281
621802,3928
622376,4086
622390,3555
623872,3283
624125,3535
624602,3621
624894,4018
625795,5198
626765,4059
627375,4253
627690,4037
627936,4510
628109,4138
629088,4513
629310,5720
629482,4727
629543,3716
631139,3992
631268,3862
632680,3448
632857,4848
633094,5214
633411,4636
633597,3798
633742,4241
634341,4257
635770,4832
635794,4410
635895,4211
636272,4121
638530,4668
638641,3774
638975,3872
639106,4571
639778,6021
639938,4613
640483,3937
640783,3505
641602,3601
641811,3677
642574,4464
643150,3987
643797,3682
644596,4572
644786,5021
644939,4531
645671,4778
645966,4670
646016,6061
646412,4539
647312,4119
647612,5433
647822,4119
649270,6835
649636,3957
649945,4012
650720,3814
651074,5506
651237,3581
651600,4199
652230,5051
652768,3700
654295,3690
654349,4054
655066,3966
655155,4105
655167,5264
656316,4416
657436,4173
657979,4183
658391,4219
658709,7035
659322,4222
659674,5693
659892,4879
659908,3529
660835,3300
660996,4220
661929,4764
662703,3500
662962,4046
663799,4156
663851,4241
664707,3659
665064,4909
666109,5287
666441,3962
666453,5646
666616,4159
667331,5056
667491,3734
668485,5506
668933,5177
669159,3719
670227,3482
670842,3864
671756,4055
672106,3763
673059,3990
673268,4156
673736,3864
674380,5240
674534,4851
674644,3903
675148,4987
675568,4741
675998,3890
676158,4545
677340,4025
677811,3845
678677,6556
678758,3893
679674,4139
679970,4843
680390,5446
680596,5389
680844,4500
680968,7517
682298,4148
682462,4112
682748,4088
684023,3972
684991,5594
685673,3442
686066,3940
686283,4125
686621,4412
687007,4136
687168,4237
687577,3872
688139,4156
688627,3484
689377,3391
690184,3934
691710,3526
692065,3735
692249,4547
692527,4174
692952,4486
693278,4981
693460,4425
693693,4361
693989,4533
694495,4875
695391,4801
695941,3902
696944,3879
697120,4502
697636,5060
698342,3627
699166,4004
699638,4302
699983,5108
700311,4051
700949,4340
701587,5489
701763,4795
701973,4276
702068,4177
702999,4884
703441,4527
704720,4069
704991,3949
705283,4356
705835,4125
706581,4031
706605,3723
707473,3465
708179,4003
708204,4031
709085,4360
709103,4954
709339,4661
709770,5204
711017,3286
711283,3778
711459,3520
711477,4624
712411,3752
712816,4900
713682,4771
714312,4467
714416,4963
714754,4482
716481,4772
716567,3488
716948,4662
717070,3887
717685,3731
718408,4862
718676,5801
719048,6080
719389,5892
719766,6364
720227,5791
721155,5927
721679,5905
722013,3673
722734,4418
723472,3923
724649,3643
725362,4380
725626,4588
725830,4942
726427,5351
727251,3709
728179,4196
728345,4597
728418,5459
728583,3884
728616,4160
729844,3564
730429,3885
731043,3805
731257,4103
731932,4161
733081,4568
733245,7928
733579,6411
733598,5571
733737,5024
733968,6298
734445,6037
735176,3940
735491,4475
736357,3460
737834,4382
738852,5116
739326,4953
739369,5815
740151,4844
740722,4744
741419,4260
741675,5032
741830,4194
742298,4310
742616,4422
744124,3571
744577,3753
745864,5016
745953,6333
746192,3579
747097,4817
747676,3693
747884,3387
748354,4448
749108,4630
749175,4593
749198,4882
749947,4668
750975,4056
751718,4187
752091,4621
752126,5791
753098,4388
753283,3716
754715,4369
754825,3992
755084,4123
755272,4784
755805,5181
756196,5163
756894,3944
757368,3859
758104,3254
758469,5486
759337,3866
759721,3898
759854,3861
760577,4750
761618,3245
761893,4819
762183,5704
762314,5274
762458,4701
763937,3774
764372,4389
764568,4475
765067,5272
765114,5225
766020,4387
766843,4255
767876,3929
768443,4097
768982,3347
769416,3908
769481,4850
769721,3836
770946,4917
771138,6157
771192,5231
771604,3588
772057,4884
772651,4300
773894,3552
774324,5739
774437,3707
774752,4216
775370,4348
776104,3887
776583,3279
777571,4925
777691,4420
777749,5967
778104,4169
778411,5201
779530,3680
780386,4009
780692,4199
780863,4218
781014,4448
782867,3456
783042,4014
783826,4102
783991,4513
784150,4995
784308,5062
785735,3961
785790,4371
785914,4769
786510,6549
786722,4241
787254,3950
788064,3829
789091,4823
789702,4684
789862,3728
790509,5587
791265,4673
791433,4868
791453,4141
791657,5259
792075,5323
793216,4699
793742,4849
794466,4352
794648,3932
795709,4478
796175,4317
796427,4460
796998,4218
797267,4311
797746,4965
798900,4004
799085,3316
799576,5648
799810,3469
800321,3639
800711,4274
801048,4407
801357,4419
801708,4718
802843,3859
803068,4556
803473,4107
803925,4125
804123,4359
805321,3896
805829,4289
805957,3990
807256,3528
807942,4362
808503,3332
808949,4187
809323,4548
810065,3307
810239,3789
811119,4179
811157,3607
811180,4642
811322,4309
812033,4127
812484,3871
813341,4032
813980,4389
814118,4342
814336,4333
815494,4105
816922,4158
816997,5800
817176,5417
817314,6435
817493,4340
817939,4610
818817,4398
819129,5127
819579,4254
820308,4398
821269,4578
821934,3303
822886,4091
823054,5207
823376,4465
823582,6012
823896,6331
824795,4349
824960,4801
825677,4788
825820,3630
826611,4349
827116,3991
827986,4354
828401,3730
829282,6426
829842,5206
829999,5855
830303,5863
830634,3756
830789,3817
831191,4888
831400,4057
832799,5358
833036,4190
834603,4074
835228,4814
835440,4500
835685,4701
836492,5546
836922,5539
836965,7287
836984,4725
837993,4760
839008,4592
839171,4034
840214,4845
840473,4019
841047,3541
841822,4849
842183,4573
843292,3794
843603,4267
844210,3702
845148,4117
845300,4926
845584,4034
845727,4066
846435,3973
847269,4415
848122,3999
848412,3338
848850,3582
848994,3556
849882,5497
850043,3543
850494,5158
850690,3724
851006,3850
852121,4516
852223,4125
853107,3916
853722,4623
853743,3885
853781,3601
855001,3960
855724,3927
855922,3194
856534,4326
856915,4529
857162,3993
858118,5668
858172,4704
859627,3708
860184,3595
860486,5430
860561,4038
860593,4998
861678,4501
862161,3313
862210,3691
863053,3829
864065,4261
864102,4650
864221,5609
864765,3951
866336,4127
866470,4039
866804,4433
867097,3981
867349,4643
867831,5413
868482,4506
868956,3989
869499,3899
870771,4459
870777,4618
871434,4478
871505,5546
871661,5934
872157,3923
873658,5152
873758,3652
873940,4680
874683,3864
875722,4774
875901,3852
876210,4053
876926,4411
877595,4443
877834,5361
878056,4794
879140,3867
879311,4379
879416,3702
880603,5569
880819,3935
880987,4454
881557,4189
882139,3843
883329,3493
883965,4402
884153,4316
884417,4243
884926,4064
886112,4113
886276,3837
886903,3992
887013,3632
887455,4117
887651,4961
888971,3494
889163,4651
889287,4432
889842,4437
890713,4850
891032,5600
891242,4651
891260,4880
891706,4541
893164,3760
893394,5012
894252,3695
894415,4856
894451,3971
895665,4983
896492,5656
897097,4774
897119,4245
897599,5563
897772,3577
898808,3795
899596,4661
899821,3853
899957,3497
900790,3659
901752,4113
902225,4272
902798,3783
903230,4352
903862,3858
904420,4351
904722,3689
904763,3687
905305,4496
905382,4932
906031,4201
906769,3815
906950,4423
907821,3653
908020,4838
908852,4608
909020,4625
909233,3837
910052,4322
910971,4468
911138,3893
911580,4113
912194,3726
912211,4341
913335,4714
913464,5251
914095,4159
914427,4692
914828,4823
915140,4627
916145,5733
916425,3809
916712,3708
917171,4048
918237,4354
918415,6021
918893,4430
919311,4631
919940,3399
920764,4789
920936,4320
921384,4314
922051,4131
922487,4484
922756,3856
923527,5546
923634,3792
924151,4736
924899,4303
925487,3994
925705,3641
926711,4096
927081,4268
927501,5216
927750,3856
927801,4333
929763,4013
929925,3784
930249,5910
930315,5176
930426,3919
930941,4657
931439,3564
932588,3695
932854,4210
933050,3860
934056,4541
934266,3918
935125,4368
935723,4231
936959,3915
937154,4868
937482,4151
937829,4560
939039,5690
939097,4196
939563,4747
939759,4140
940097,5741
940256,5729
941206,3858
942332,6298
942509,3777
943217,3478
943621,3636
944241,4556
944987,5194
945241,4807
945805,3805
946424,5669
947092,4147
947248,5133
947350,4680
947626,3963
948794,3856
948938,3768
950239,4828
950353,4561
950876,4200
952301,3519
953141,3298
953461,4005
953832,4020
953898,3769
954582,4572
954719,4714
955773,4843
955955,5166
956063,5190
956686,4333
957073,4986
957795,5136
958102,4055
958248,6007
959254,4340
959662,4034
960984,3703
961700,4821
961879,3818
962072,4118
962373,5218
962633,4427
963031,3871
964121,4521
964318,3923
964405,3760
965197,4618
965882,3515
966496,5595
967192,4617
967376,5107
967688,4800
967747,5114
968416,5219
968812,4872
970414,4364
970483,5883
970679,3406
972103,5618
972405,3901
973691,4200
974209,5204
974557,3734
975275,3868
975426,4007
976216,4931
976364,5461
976737,5022
976742,3757
978209,4511
978675,3956
978762,3400
979854,4607
979976,4117
980152,4494
980792,4167
981353,4031
982479,4558
982617,3391
983006,3840
983586,4197
983638,5476
984649,4669
984824,5095
985066,5206
985224,5573
985523,3427
986269,4447
987291,3671
987493,5248
988000,3500
989257,3783
989420,5344
989737,4321
990184,4815
990533,5195
991144,4935
991297,4984
991401,5486
992627,4924
993272,4572
993639,3561
994249,3727
994929,4139
995199,3768
996214,3708
996829,4306
997387,4584
998097,3411
998213,3455
998769,3272
999325,3800
999477,4941
999894,4819
999966,3776
1000924,3499
1001668,4528
1002337,4464
1002401,5075
1002918,4158
1003126,4806
1005077,4590
1005133,3558
1005509,4127
1005562,4611
1005916,3818
1006346,4666
1007436,4748
1007782,3820
1008375,4509
1008601,4367
1009174,5140
1010140,3201
1010315,4099
1010708,4477
1010781,4911
1011387,3972
1011830,4422
1012423,3983
1013444,4843
1013857,3893
1013950,3102
1014608,5754
1014751,3902
1015579,3717
1016123,3869
1016789,4441
1016903,4103
1016973,4199
1017574,4824
1018396,4811
1018432,5608
1018754,5517
1019509,3469
1020625,3823
1021480,4135
1021833,3635
1021897,4257
1022054,3982
1023386,5388
1023606,3634
1024104,5243
1024575,3579
1024962,4057
1025051,5299
1026205,3684
1026616,4535
1026879,3759
1027714,4025
1028015,3861
1028290,4473
1029118,5126
1029416,6490
1029481,3740
1030169,5852
1030820,5255
1030981,3937
1031446,4030
1032007,5691
1032590,5001
1032921,4156
1033353,3465
1034415,6023
1035012,5468
1035839,5469
1036585,3668
1038222,4570
1038268,5711
1038440,5133
1038615,4854
1038765,4043
1038943,5109
1040785,5356
1040824,4932
1040890,4124
1041448,4130
1042991,5026
1043111,4556
1044073,3908
1044177,4033
1044784,4725
1044806,4338
1045152,6088
1046107,4715
1046368,3696
1046728,4905
1047807,4906
1048152,4188
1048423,4642
1048616,5216
1049814,3639
1050346,3263
1050375,5255
1050980,3747
1051735,4083
1052025,4001
1052766,3944
1053605,3516
1053906,3954
1054199,4551
1054361,5572
1054551,4253
1054882,4333
1056389,3940
1056432,3841
1056567,4394
1057590,3165
1058076,3668
1058117,3524
1059144,4168
1059322,5433
1060107,4547
1060186,4368
1061844,3643
1061999,4203
1062840,4193
1063157,4109
1063431,3944
1063740,3282
1064371,3753
1065172,4090
1065263,4128
1065591,4706
1066220,4568
1066341,4821
1067447,4794
1067949,4879
1068411,4359
1068594,3355
1069219,4466
1069577,4098
1069591,4052
1070397,3564
1071155,4210
1071493,4530
1072316,3615
1073147,3785
1074087,3801
1074127,3797
1074523,5555
1074726,5031
1074961,3941
1075014,4968
1076275,4625
1076500,4296
1076896,5609
1077742,3793
1078111,4067
1078270,3608
1079053,3869
1080094,6010
1080453,5221
1080586,3819
1081154,4115
1081337,5190
1081684,4733
1082006,5575
1082297,4734
1083150,5109
1083275,5203
1084587,3423
1085448,5834
1085811,4000
1086248,4122
1086687,4177
1086850,5478
1087165,4609
1087997,3801
1088165,4025
1089071,3894
1089130,4302
1090067,3855
1090845,4212
1091048,4632
1092435,4710
1092597,8201
1092755,7200
1093054,5841
1093220,7470
1093535,4312
1093747,6067
1094064,4516
1095211,3778
1095774,4143
1097330,3422
1097988,3471
1098726,6097
1099145,7023
1099372,3426
1100155,5545
1100317,5205
1100471,5106
1100986,6350
1101147,5722
1101299,5305
1101599,3795
1102937,4450
1105069,3901
1106145,3907
1106846,4301
1106925,5815
1107026,5118
1107254,5082
1107340,3768
1107666,5580
1108491,4569
1108714,4681
1109124,4617
1110169,3480
1111361,3621
1111386,4275
1112727,3305
1113568,3618
1114023,3904
1114185,4995
1114356,4085
1114590,4321
1114604,4259
1114711,4105
1115928,3866
1116376,5050
1116403,3850
1117323,4726
1118064,4975
1119005,3943
1119665,3782
1120340,5381
1120615,3741
1120696,3850
1121225,4024
1121355,4885
1121755,3811
1122168,3782
1123251,4571
1123276,3691
1124182,3272
1124494,4432
1124879,3499
1125590,4977
1126189,3984
1126375,4042
1126811,6190
1127135,5970
1127623,5087
1127800,5787
1127977,4442
1128640,4714
1129062,4562
1130505,4113
1130845,3638
1131320,4066
1132835,4180
1133186,4878
1133434,4463
1133861,5838
1134016,5492
1134172,6976
1134323,6371
1134781,5438
1134799,4157
1135660,3352
1137154,3679
1138225,4318
1138356,7661
1139178,7920
1139344,3993
1139774,4118
1140282,3808
1140978,3986
1141247,4052
1141408,4923
1141653,4129
1142726,4469
1143480,3630
1144258,3907
1144397,5412
1145158,5681
1145477,3726
1146420,3422
1146595,4441
1147427,5289
1147591,4845
1147764,4012
1147918,4560
1148300,3726
1149359,3923
1150194,4281
1150231,4080
1150982,3918
1151481,3714
1152251,4214
1152423,5583
1153163,3939
1153376,4006
1153599,3991
1154212,3914
1154479,6493
1155165,6408
1155523,4537
1155826,3630
1156651,3804
1157736,3886
1158186,4595
1158247,4163
1159008,4373
1159171,4335
1160087,4061
1161130,5485
1161156,3644
1161873,3623
1161920,3238
1162506,3886
1162773,3393
1163576,3398
1163792,3641
1164114,4127
1164331,4094
1164985,5035
1165273,4520
1165677,4655
1166992,3598
1167224,3766
1167686,5107
1167842,4848
1168069,4397
1168909,4175
1169156,3676
1170218,3949
1170861,4421
1171117,3735
1171584,4430
1171733,3889
1173258,4661
1173433,3850
1173606,5606
1173753,4390
1173874,5699
1174447,4113
1175162,4454
1175627,4159
1176461,3620
1176484,4812
1177444,4936
1178237,3998
1178467,4952
1178941,4316
1180105,4026
1180388,5278
1180645,4531
1180788,3618
1181018,4837
1181597,4311
1182743,3402
1182877,3921
1183416,3726
1183960,4823
1184409,4226
1184752,4164
1185537,4042
1186294,5091
1186696,4199
1186863,3748
1187012,3990
1187901,3836
1188114,3913
1188874,3207
1189358,3433
1189840,3746
1189896,3695
1190950,4493
1191398,4098
1192637,3760
1193152,3811
1193651,4486
1193948,5514
1194214,3588
1194371,4161
1194552,4431
1194693,4151
1195708,4321
1196015,4444
1196970,4033
1197164,4392
1198130,3914
1198338,4662
1198660,5082
1199085,5018
1199295,5869
1199615,3715
1200174,4331
1200643,3693
1201143,3448
1201979,3665
1202495,4002
1203155,3577
1203470,4678
1203883,3701
1204686,4139
1204852,4121
1205255,4333
1205414,4883
1205736,4620
1205961,5242
1207733,3932
1207970,4989
1208213,4377
1208244,3907
1209122,3346
1209596,3483
1210041,3688
1210402,3707
1211120,4920
1211581,4165
1212161,4501
1213340,3830
1213796,4890
1214225,5042
1214390,3446
1214486,3583
1215603,3743
1215782,3256
1216301,3709
1216322,4864
1216985,3963
1217334,3861
1218373,3670
1218857,3234
1219431,4164
1219586,3523
1220126,4842
1220263,3621
1220289,4565
1221607,4346
1221701,4129
1221831,4545
1222683,3816
1222756,4118
1223392,3752
1224066,3360
1224358,4235
1225247,4358
1225285,4008
1226305,4201
1227459,7880
1227744,4037
1227917,4293
1228263,5222
1228634,5495
1228765,6006
1228860,3861
1229581,5491
1230174,6087
1230870,4302
1232083,4907
1232457,5765
1232901,3468
1233765,3979
1234257,4112
1235300,4244
1235677,3820
1235931,4193
1236844,4205
1237019,4428
1237180,4187
1237188,4306
1238629,5826
1238746,3564
1238914,4218
1239978,3419
1239992,4072
1240571,4491
1241201,4663
1241615,4065
1242605,3768
1243624,3453
1244137,4548
1244314,3454
1244661,4557
1244888,5120
1245150,5544
1245573,4705
1246534,5177
1246706,5661
1246857,3918
1247926,4068
1248095,4587
1248863,4000
1249478,3797
1250353,4047
1250922,6334
1251097,3572
1251909,5382
1252972,3432
1253523,4181
1253780,5477
1253788,5676
1253951,4776
1254003,5846
1254593,4875
1254804,4904
1256712,3320
1257382,3441
1258108,3876
1258156,3477
1258920,3668
1260436,4168
1261109,4054
1261537,4035
1262045,3760
1262094,4368
1262166,4295
1262392,5725
1263397,4268
1263465,4747
1264021,4002
1264769,3963
1265375,3653
1265965,3543
1266800,3618
1266833,4778
1266977,4612
1267834,6069
1268348,4933
1268590,6296
1268808,4170
1269750,4816
1270250,5990
1270581,4836
1270597,3629
1271739,4417
1272153,4939
1273387,4581
1274049,5246
1274374,4603
1274471,6644
1274704,5702
1275029,5340
1275506,5199
1276404,5727
1276828,6600
1277242,5267
1278098,5237
1279112,3724
1279434,4159
1280924,4785
1281087,3493
1281248,4110
1281914,4106
1282600,3899
1282998,4347
1283159,4604
1283958,4722
1284029,4224
1284137,4264
1284721,4350
1285846,4765
1286107,3860
1286276,4752
1286850,6197
1287450,4185
1288471,5145
1288759,3334
1289156,4687
1289371,4977
1289598,5280
1290274,4136
1291004,5602
1291823,4076
1291841,3320
1292267,3864
1293220,5230
1293957,3615
1294429,4621
1294815,4782
1295411,5962
1295568,4475
1295699,5231
1296638,4206
1296916,5588
1297630,3651
1297731,5155
1298849,3352
1299677,4318
1299796,4306
1300192,4107
1301028,3819
1301843,4628
1302392,4317
1302450,5152
1303425,6175
1303447,6605
1303579,5339
1304284,4928
1304458,5545
1304617,4740
1305002,5097
1306861,4789
1307239,3728
1307750,4123
1309106,5987
1309600,3800
1310450,6367
1310620,5018
1310695,6704
1310861,4580
1311308,4896
1311608,4870
1312722,3722
1313317,4885
1313657,4227
1315326,4282
1315782,4693
1315909,4520
1316399,5573
1317489,4117
1317630,5677
1317690,4354
1317979,4652
1318762,3524
1318955,4738
1319838,3168
1320595,4847
1321047,4170
1321721,4359
1322574,3367
1323098,3852
1323494,4870
1324044,3894
1324500,3294
1324890,4303
1324943,4373
1326234,4399
1326402,3542
1326610,7177
1326770,6911
1327093,3688
1328130,3995
1328524,4276
1328887,3648
1329723,4652
1329885,3341
1330501,6250
1331121,4026
1331362,4258
1332345,3346
1332636,3905
1332971,4001
1333375,3994
1333945,3789
1334464,3544
1334977,5407
1335320,3654
1336148,4023
1336923,3424
1338082,4377
1338304,3384
1338454,3450
1338990,4237
1339360,4328
1339403,3805
1340413,4268
1341143,4108
1341590,3818
1342547,4047
1342619,4985
1342885,4141
1343306,4376
1343679,4782
1344197,3695
1345036,4122
1345121,4383
1345959,5851
1346118,4243
1346731,3423
1347163,3732
1348121,3841
1348580,3689
1349110,3946
1349244,4443
1349486,3496
1350243,3992
1350478,4321
1350574,4435
1351298,4612
1352229,3791
1352866,3407
1353431,4889
1353603,4286
1353759,4825
1353977,3943
1354480,4069
1355795,4375
1356311,3788
1356778,4543
1356961,5361
1357016,4703
1359176,3722
1359362,4540
1359492,4590
1359680,3672
1360244,4671
1360670,4383
1361123,4087
1361565,3906
1362389,3689
1362593,5380
1363104,3678
1363477,4389
1364552,4187
1365463,4736
1365720,4216
1365759,5260
1366270,5001
1366937,5158
1367578,4885
1367718,4135
1368097,4169
1368889,4275
1369324,3954
1370277,3494
1370809,4084
1371361,4395
1372739,3305
1373173,5100
1373419,3291
1373793,3564
1374069,3765
1374260,4337
1374981,4796
1375251,4300
1375404,3859
1376272,4580
1377043,4710
1377125,5644
1377478,3507
1378015,5207
1378470,3985
1378856,4163
1380094,3319
1380236,4418
1380498,3673
1381447,4382
1381909,4016
1382317,3945
1383405,3683
1383753,3943
1384184,5546
1384849,3817
1385031,4170
1385193,3582
1385365,5050
1386590,5245
1386610,3627
1387014,4275
1388009,4452
1388070,3796
1389001,5073
1389260,4326
1389818,3887
1390404,4271
1390814,4497
1391389,4081
1392162,4446
1392191,4648
1392566,4671
1393337,3929
1394185,4002
1394366,4568
1394758,4276
1395287,4727
1395822,3787
1396216,4065
1397410,4623
1397506,4637
1397591,4639
1397608,5392
1398364,3333
1399408,4037
1399845,4362
1400441,4143
1400566,3955
1400710,5201
1401806,4583
1402729,4205
1402786,4427
1402801,5946
1403225,5154
1404041,5093
1404966,3271
1405338,3909
1405643,3712
1406580,4033
1407460,4135
1407653,4502
1408044,3714
1409313,3968
1409850,3885
1410503,4306
1410659,4839
1410779,6274
1410785,4506
1411260,5322
1411850,4094
1412838,3761
1412991,4114
1413997,3213
1414180,4259
1414941,3675
1415573,3908
1416116,3738
1416302,4940
1416762,4103
1416934,4746
1417391,5056
1417560,4701
1417735,4618
1418780,4212
1418866,3742
1419816,3998
1419996,3330
1420997,3718
1421800,3961
1422344,3885
1422871,3566
1423294,3730
1423644,5959
1424077,4916
1424236,4266
1424396,3946
1424832,5027
1425044,3683
1425892,4099
1426700,4019
1426720,3450
1427428,3801
1428842,4367
1429017,3756
1429820,3976
1430051,4778
1430447,6554
1431049,4533
1431297,3983
1431886,4653
1432043,4598
1432349,3511
1433388,5418
1433403,3870
1434023,4934
1434980,4708
1435420,3924
1435689,4806
1435991,5106
1436870,5966
1437076,4384
1437385,4978
1437871,4182
1439161,5186
1439602,4047
1439984,4199
1440148,5059
1441191,4178
1441877,4797
1442196,4095
1442594,6981
1442671,4744
1442976,4066
1444021,3614
1444437,4853
1444901,3885
1445373,5098
1445657,4730
1446446,5684
1446953,4367
1447790,5053
1447925,4691
1448101,4949
1448962,5779
1449465,4486
1449795,4685
1450809,4099
1451121,3935
1451458,3998
1452253,3535
1453114,4240
1453457,4913
1453580,3631
1454059,4283
1455225,4723
1455573,3459
1455739,3724
1456484,5089
1456567,3539
1456711,4134
1457500,4580
1457733,4246
1458764,3667
1458772,3779
1459643,4855
1459666,5216
1460696,4242
1460814,4464
1461104,3734
1462789,3711
1462854,4305
1463303,4728
1463418,4347
1463447,3777
1465404,3678
1465587,4889
1465667,3588
1466175,4917
1466340,3578
1466747,4015
1467409,4338
1468037,3652
1468652,4144
1468841,5031
1469576,4203
1470028,4362
1470967,4736
1471141,4006
1471951,4272
1472205,3763
1472583,4130
1473112,4877
1473460,3566
1474058,4383
1474225,3632
1474548,4223
1475332,4538
1476232,4168
1476307,5309
1476532,4050
1476861,4934
1477655,4673
1477990,5648
1478205,4733
1478944,4314
1479304,4686
1480015,3897
1480763,4733
1481040,3773
1481884,3754
1482105,4086
1482464,4668
1483075,4964
1483424,4804
1484295,4116
1484460,5046
1484949,4900
1485057,6338
1485802,5675
1485968,4861
1486333,5948
1487289,5044
1488387,4448
1489669,4214
1489948,5467
1490474,5544
1490536,4436
1491251,4670
1491845,4493
1492430,4621
1492749,4696
1492913,5480
1493402,3749
1494142,4066
1495070,3800
1495587,4324
1496326,3395
1496523,6233
1496871,3463
1497577,3848
1497978,4070
1498478,4931
1498687,3910
1499131,4017
1499297,4624
1499863,5157
1500532,5595
1500692,3846
1501707,3767
1502179,4641
1502873,5924
1503443,3980
1504177,4217
1504405,3648
1504446,4790
1505434,4841
1505595,4082
1506436,3955
1506497,4500
1507386,3484
1507574,5608
1508208,4202
1508583,4757
1508915,5040
1509773,4092
1510635,5825
1511291,6618
1511504,4085
1511542,3434
1511695,4003
1512594,3838
1513436,4582
1513643,3643
1514681,3610
1514691,4534
1515198,3956
1515887,4031
1515905,5474
1516740,4073
1516885,4346
1517438,6246
1518215,4893
1518453,4242
1518676,5348
1519376,4809
1519393,5020
1520379,4373
1521635,4193
1521716,4052
1521911,4228
1523051,4597
1523586,3401
1524357,7000
1524565,3941
1524860,4213
1525020,4822
1525171,5097
1526225,3937
1526641,4137
1527388,5044
1527801,4375
1527819,4745
1528856,4404
1529366,4422
1529992,4071
1530316,5409
1530972,4004
1531621,3992
1532293,4291
1532686,4313
1533090,4408
1533125,5336
1533407,5035
1534267,5656
1534344,5526
1535293,3949
1535769,5404
1536332,3442
1537099,4360
1537703,3443
1538155,3671
1538744,4701
1538956,5093
1539375,4395
1540495,3840
1540678,4261
1541276,6230
1541449,5405
1542274,3862
1542304,4478
1543016,3443
1543649,3466
1544630,4815
1544672,4419
1545446,4706
1545502,4277
1546799,4035
1547470,4487
1547911,3676
1547944,5629
1547963,4462
1548547,4793
1549335,5596
1549879,4054
1550071,5932
1551243,3910
1551419,4219
1551928,4034
1552783,3649
1552799,3375
1553761,5473
1554109,4293
1554117,4049
1555244,4024
1556710,3596
1557088,3647
1557114,4766
1557216,3757
1557445,4440
1557651,4759
1558425,4889
1559374,3773
1559492,4545
1559556,3825
1560474,3762
1561120,3201
1561329,4921
1562419,4860
1562723,4140
1563143,4034
1563984,4336
1564646,4100
1565142,3933
1565203,4129
1565253,3911
1565275,4135
1566352,4284
1567009,4955
1567337,4124
1567753,4476
1568407,4347
1569794,5636
1569818,4258
1569964,3718
1570141,4308
1570408,4631
1570780,4527
1572076,5275
1572409,4196
1573023,3159
1573359,4344
1574261,4191
1574345,3513
1575120,5171
1575306,4666
1575572,5029
1575763,3842
1576697,4539
1576933,5158
1577858,3827
1578364,4037
1578650,3837
1578690,3280
1579763,3679
1580111,4393
1580421,4734
1580748,4057
1581376,4786
1582728,3612
1583212,3738
1583270,4132
1583702,3353
1584297,3730
1584890,4328
1585141,4012
1585251,4575
1586184,4578
1586309,3629
1587224,4261
1587375,3994
1587673,3522
1588469,4179
1588610,4797
1590025,3866
1590141,3238
1590570,4335
1590703,4919
1591348,6767
1591994,4010
1592339,5583
1592796,3595
1593799,3171
1594406,4996
1594915,4324
1595071,4194
1595424,5124
1595751,4075
1596841,4053
1597500,3213
1598029,3563
1598336,3985
1598574,3461
1600274,4478
1600878,3406
1601492,3730
1602384,3392
1602487,4180
1603019,3437
1603239,3578
1603400,3912
1603922,4680
1604218,3565
1604659,3760
1605181,3975
1605798,5654
1606175,3994
1606654,3657
1606966,4744
1607133,4761
1607456,3722
1608595,4517
1608796,4395
1608959,3306
1609731,4079
1610400,4221
1610655,3743
1611821,3295
1612245,4181
1612769,3419
1613336,4934
1613568,4528
1613681,4160
1614123,3779
1615375,3643
1615433,3876
1615671,4168
1615777,3817
1616768,3844
1616872,3322
1618449,4005
1618591,4683
1619193,4275
1620349,4208
1620553,3595
1620863,4371
1621346,4825
1621429,5386
1621464,4609
1621587,4000
1622597,3729
1623708,5420
1623900,4952
1624657,3509
1624830,3503
1625389,4950
1625904,5078
1626902,4479
1627010,3829
1627191,4811
1627338,4061
1628850,4090
1629133,3578
1629223,3249
1629463,3703
1630470,3913
1631274,4422
1632381,3736
1632754,5462
1633222,3461
1633734,3991
1634599,4347
1634845,4213
1635097,4660
1635139,5039
1635803,3604
1637013,3466
1637047,5389
1637212,3925
1637960,4359
1638468,3578
1639394,3950
1639939,4196
1640126,4746
1640183,4906
1640672,4346
1641370,5813
1642168,4532
1642302,3670
1642816,3295
1643175,4224
1643494,3751
1644230,3680
1645372,4597
1645397,3478
1646046,3987
1646284,4326
1646414,4863
1647949,3819
1648412,4451
1648439,4703
1649035,5268
1649327,4286
1649748,4187
1650247,4240
1650607,4084
1651200,4049
1651452,5203
1652083,4033
1652968,4611
1653267,7076
1653770,4323
1654878,4042
1654991,7301
1655340,4004
1655610,5974
1655904,5057
1656467,5220
1656923,4163
1658158,4251
1658402,3472
1659042,4871
1659585,4751
1660485,4147
1661943,3681
1662133,5031
1662594,3655
1662816,3929
1663096,5199
1663180,4855
1663436,4745
1664305,4260
1664799,6213
1664983,4338
1665785,4673
1666509,5349
1666889,3933
1667764,4403
1668446,5728
1668882,5269
1669273,3789
1669748,3915
1669937,4257
1671103,5434
1671123,4683
1671352,3653
1672309,3827
1672370,5121
1673275,5435
1673889,4541
1674384,4767
1674412,3747
1674576,5407
1675629,4155
1675908,4834
1676662,4399
1676836,4974
1677691,4129
1678275,4445
1678804,3866
1679703,4024
1680076,3962
1680574,4007
1680883,4212
1681166,4245
1681378,4242
1681979,4852
1682204,4030
1682841,4736
1683412,3850
1683850,4440
1684177,4215
1684720,4641
1685919,3694
1686040,4223
1686597,4640
1686642,4578
1687611,4868
1687824,4124
1688049,4675
1688899,3895
1689274,3961
1689665,3324
1690477,3833
1690585,4078
1691431,4132
1691474,3752
1692090,4620
1693247,4523
1693418,4548
1693621,4539
1693786,5220
1693881,4541
1695680,3684
1695945,4259
1696011,5130
1696432,4983
1696935,3946
1698377,3959
1698849,4741
1699447,4473
1699509,4814
1699628,3968
1700373,4783
1700569,4128
1701484,5636
1702008,3824
1702173,4523
1702489,4142
1703812,4375
1704002,5810
1704200,4843
1704419,5338
1705112,6441
1705642,5631
1705978,4673
1706986,6053
1707789,3248
1707865,4515
1708334,4150
1709182,4274
1709984,4450
1710105,4303
1710802,4556
1711719,5189
1711851,5497
1711967,5241
1714017,4153
1714270,5572
1714723,4944
1714886,5422
1715058,4158
1715194,4884
1715497,4272
1717056,4506
1717723,4888
1717989,3480
1718305,4016
1719408,3817
1720382,3889
1720707,6333
1720981,5456
1721163,5693
1721288,4729
1722082,5238
1722163,5875
1722982,5136
1723092,5402
1723671,5342
1724443,4162
1726171,4448
1726942,4258
1727236,4863
1727572,4059
1727938,4843
1728689,4698
1728780,4102
1729469,4576
1729631,4082
1729882,5121
1730980,4402
1731350,4871
1731855,7497
1732232,3872
1733053,3595
1733219,4004
1733547,4040
1733852,4470
1734178,4967
1735190,3462
1735907,3837
1736488,3554
1736544,3931
1737104,4113
1737670,3795
1738052,3652
1738800,3575
1738867,3789
1740273,4221
1740697,3621
1740829,4272
1741871,4127
1742633,3538
1742830,3761
1743303,3678
1743587,3551
1743660,4608
1743987,4511
1745049,4339
1745290,5307
1745638,3446
1746284,5708
1746409,3921
1746776,4467
1747236,4250
1747439,5234
1748460,5777
1748815,4340
1749275,4404
1749704,4515
1750717,3750
1750855,3906
1751957,4403
1752339,4351
1752567,4069
1753361,3990
1753682,4173
1754842,3838
1755434,4652
1755596,4027
1755755,4501
1755900,3805
1756908,4900
1757446,4033
1758054,4240
1758877,4484
1758939,3442
1759098,3759
1760393,5093
1760401,3554
1760709,5399
1761115,4901
1763316,3878
1763386,4310
1764490,4642
1764551,4681
1764719,4303
1764927,3401
1765317,3830
1766469,4736
1766650,3702
1766673,3323
1767640,3182
1768093,5116
1768499,4384
1769708,4880
1769857,5252
1770185,3832
1770387,3547
1772057,5849
1772154,4636
1772318,6400
1772455,3232
1773028,4361
1773339,6346
1774210,3967
1774251,4925
1775337,4071
1775534,5199
1775924,4407
1777103,4481
1777567,4898
1778628,4195
1779129,4784
1779994,3842
1780063,4526
1780222,5602
1780638,3689
1781431,5251
1781812,3817
1782122,4065
1783088,4039
1783214,3295
1784172,5174
1784269,5143
1784720,3548
1785128,4764
1785771,3850
1786975,5357
1787042,4349
1787348,3783
1787781,4198
1787884,4544
1788803,4554
1789811,4780
1789982,4288
1790075,4906
1790200,4051
1791317,5332
1791746,3525
1792695,4247
1792890,4250
1793046,3742
1793689,5079
1794703,3892
1795296,4631
1795404,3880
1795577,4310
1795914,3760
1797333,4264
1797661,3815
1797710,3641
1797926,4237
1799011,4316
1799074,4520
1800142,3870
1800436,3666
1800952,4383
1800979,4309
1802281,4520
1802359,4135
1802577,4868
1803220,4689
1803689,3836
1804676,3570
1804733,4876
1804822,3896
1806021,3779
1806138,3790
1806995,3875
1807071,4038
1807956,4513
1808157,4680
1808622,3390
1809067,4123
1810120,3993
1810311,4694
1810335,7136
1810718,4764
1811283,4613
1811400,4994
1812166,4960
1813454,6399
1813619,4230
1813848,3897
1814374,4365
1815493,3822
1816116,4606
1816567,4305
1816682,3537
1817468,4977
1817800,6185
1818235,4683
1818296,6067
1819058,3760
1819704,6074
1820027,4437
1820432,4734
1821061,5178
1821609,4105
1822895,4101
1823307,4411
1823433,3936
1824102,4498
1824842,3625
1825114,4266
1825908,3804
1826331,4147
1826416,5849
1826744,5033
1827138,4622
1827955,3188
1828850,4214
1829449,4170
1829691,4222
1830556,5447
1830789,4438
1830828,3763
1831693,4480
1832099,6158
1832391,5953
1832535,3843
1833234,3759
1834048,5109
1834236,5494
1834748,5753
1835321,4679
1836461,3751
1837227,5374
1837750,4150
1838430,5355
1838695,4515
1838991,3779
1840203,3612
1840888,4337
1841087,4395
1841290,4747
1841325,4285
1842283,5873
1842855,5382
1843239,4693
1843391,4636
1844464,5009
1844499,5151
1845939,4435
1846124,4967
1846285,5773
1846478,5227
1849069,3756
1849252,6803
1849445,4846
1850495,5013
1850595,3993
1850705,4525
1851245,4337
1852059,4429
1852223,3840
1852242,4383
1853052,5702
1854436,3600
1854729,3746
1855395,4845
1855752,4756
1855774,4487
1857017,4386
1857424,6196
1858062,3811
1858242,4065
1859330,4499
1859466,5040
1859548,4456
1860612,4308
1860824,3275
1861097,4128
1861696,5410
1862143,5068
1862592,3828
1864344,3995
1864661,3788
1865272,3385
1865995,5244
1866611,5637
1866691,5174
1867327,8914
1867507,5757
1867763,4824
1867938,7351
1868902,5873
1869595,5372
1869760,5911
1871633,5629
1872046,6042
1872739,5665
1872756,5175
1873406,4862
1875425,4254
1875594,3520
1876158,3939
1876544,4071
1876719,3565
1877567,3558
1878539,4487
1878783,4403
1878951,4450
1879199,4504
1880751,3819
1881319,3827
1881395,3472
1881545,3816
1882300,4315
1882655,3592
1883885,3816
1883911,3943
1884104,5153
1884579,3684
1885505,4117
1885989,3945
1886858,3418
1886993,3394
1887644,3759
1887816,4373
1888603,3541
1888787,4227
1889378,3590
1890487,4332
1890830,4724
1891004,7592
1891157,8680
1891334,7164
1891821,3893
1893116,4110
1893289,3765
1893576,4161
1893746,4471
1894972,3794
1895807,5031
1896025,3905
1897315,3784
1897338,4250
1897973,4134
1899149,4712
1899168,4337
1899332,5370
1899536,4563
1900115,5557
1900275,5006
1901106,4493
1901670,4260
1901881,4699
1902197,4028
1903634,4682
1903985,4435
1904419,4762
1905204,4134
1906673,3483
1906937,4336
1907030,3571
1907210,3732
1907444,4249
1907605,4665
1908735,4563
1909127,4217
1909482,5536
1909575,3823
1910475,4528
1910793,5829
1911073,4190
1911402,4550
1911815,4381
1912427,4334
1913955,3550
1913990,3886
1914008,4244
1915526,3696
1915565,3709
1916299,4318
1916993,3550
1917690,3640
1918487,3559
1918700,3751
1919611,3653
1919839,4877
1919974,3300
1920168,4931
1920593,4011
1921714,4478
1922199,4930
1922396,4836
1922597,4376
1922884,6830
1923557,3885
1923650,4583
1925013,3887
1925214,3915
1925262,4763
1926418,3737
1927573,4098
1927862,4344
1928021,3984
1928968,4476
1929360,4014
1930451,4995
1930493,4086
1930904,4482
1930959,3418
1931302,3678
1932476,4499
1932498,3812
1932658,4111
1933943,4533
1934110,4210
1935129,6479
1935250,4960
1935304,4582
1935846,7059
1936002,3577
1937198,3975
1937445,4359
1937501,8115
1938686,3437
1938853,4122
1939766,4498
1940613,6107
1940815,3537
1941718,5230
1941959,5229
1942299,5320
1942379,4104
1943160,4074
1943326,3852
1944456,3587
1944735,5640
1945766,3899
1947721,6967
1948079,3656
1948317,3798
1948611,3480
1948829,3968
1949366,3992
1949412,5845
1949769,3630
1950379,3559
1950670,3897
1951903,4726
1952502,4330
1952572,4110
1953575,4204
1953706,4292
1953791,4751
1954509,3666
1955383,4256
1955431,3882
1955576,4187
1956847,4136
1957007,4332
1957214,4982
1958265,3649
1958596,4837
1958981,4140
1959440,4174
1960162,4034
1960334,5245
1960876,3853
1961144,3598
1961478,4315
1962046,4274
1962408,5002
1963274,3449
1963707,5019
1963926,4946
1964301,5361
1965014,4366
1965222,4253
1966406,4275
1966874,3741
1967437,4625
1967602,3827
1967793,3893
1968961,4692
1969212,3688
1969766,3493
1969936,4426
1970140,6018
1970823,3764
1970991,4301
1971934,4098
1972317,3409
1972814,4055
1973844,4064
1973857,4073
1974523,3941
1974754,4377
1975418,3313
1975476,4215
1976249,4508
1976959,3304
1977125,5016
1977769,3534
1978739,5138
1978908,3654
1979317,4434
1979484,4446
1979577,6407
1979847,4645
1980407,5067
1980934,3375
1981647,3936
1982286,4489
1982719,4194
1984099,3901
1984791,3635
1984805,4295
1984925,3986
1985055,4709
1986467,3565
1986489,4306
1987224,4132
1987472,4817
1987935,4771
1988796,4461
1988967,3655
1990291,4334
1990746,4207
1991132,4112
1991186,4405
1991409,4428
1991626,4737
1992449,5184
1992878,4441
1993032,4117
1993398,4685
1994756,6109
1995099,4590
1995667,7194
1996030,5947
1996201,5574
1996501,5644
1997465,5318
1997910,4504
1998577,4586
1998684,4032
1999828,3457
2001047,3195
2002116,4868
2003856,3750
2004184,3705
2004621,4086
2004787,5506
2004905,4981
2004948,4449
2005165,4762
2005198,5097
2005431,5153
2007151,3780
2007762,3535
2008029,3461
2008818,3554
2009534,4745
2011329,4384
2011878,3251
2011924,3715
2012578,4314
2012733,3643
2012892,3833
2013417,3931
2013616,4327
2013742,4944
2014700,4307
2015814,3694
2015988,4394
2016338,5597
2016556,6273
2016978,4504
2017184,6945
2017471,3674
2018783,4369
2019107,4479
2019326,4756
2019670,4314
2020676,4933
2021306,4408
2021695,3504
2022384,4065
2022978,3638
2023391,4598
2023991,4283
2024221,4451
2024396,4533
2024495,5132
2025908,5675
2026067,4980
2026230,5094
2026948,3211
2027606,3545
2028226,4809
2029012,4868
2029061,3850
2029775,5298
2029945,5949
2030323,3785
2031410,5255
2031571,5517
2031829,4119
2032002,4391
2033296,3457
2034284,5164
2034827,4664
2035497,3958
2035708,5774
2036259,5102
2036487,3956
2037280,4477
2037307,4254
2037458,5539
2038341,3933
2039806,3539
2040130,4249
2040168,4220
2040706,3803
2041733,5950
2041840,4348
2042045,4853
2042420,4554
2042632,4840
2043156,4284
2043501,3759
2044998,3309
2045219,4685
2045497,4476
2046340,3422
2047782,3906
2048829,3916
2048843,3918
2049493,4168
2050017,4236
2050275,3809
2050826,3872
2050981,3588
2051710,3518
2051802,4332
2052186,4152
2053027,5839
2053057,4085
2054251,3765
2055025,3819
2055123,4200
2055479,4952
2055585,4433
2055865,4095
2057087,4397
2057386,4310
2057502,3811
2058370,3732
2059286,4337
2059617,3571
2060301,3475
2060731,3531
2060933,4728
2061178,5031
2061673,5167
2061843,4996
2062040,4552
2062336,3615
2064040,4302
2064197,5766
2064489,3667
2065019,4007
2065819,3786
2067126,4714
2067341,3742
2067597,3846
2067879,4844
2068580,3305
2069171,4952
2069334,4368
2069434,5044
2069713,4349
2070434,4664
2072220,4270
2072276,4907
2072357,4440
2072545,4123
2073293,3968
2074071,4893
2074547,4891
2074980,4353
2075169,3903
2076025,3862
2077549,3453
2077752,4181
2077858,4410
2077988,4098
2078089,4455
2079405,4461
2080157,4133
2080188,4824
2080281,3888
2080405,4899
2081403,3775
2082204,3859
2082274,4984
2083029,3475
2083415,3403
2084446,4937
2084457,4011
2084700,4347
2085566,4738
2085650,4093
2085809,4413
2087180,4599
2087493,3834
2087593,5004
2087665,5073
2088585,4902
2089629,3474
2090125,4004
2090488,4708
2090785,5933
2090984,6494
2091801,4085
2092323,3720
2093080,5860
2093417,4338
2093853,4283
2094590,4470
2094803,5306
2095336,5489
2096135,4276
2096351,4774
2096885,4851
2097964,3464
2098337,3398
2099185,4790
2099241,3460
2099258,5059
2100498,4568
2102136,5573
2102255,4731
2102343,4328
2102459,4786
2102556,5525
2102695,4667
2104446,4413
2104629,3549
2104789,4509
2105238,3513
2107249,3934
2107347,4137
2108433,4544
2108726,7040
2109143,5081
2109227,4663
2110186,4908
2110329,5036
2110455,3976
2110499,5615
2111607,4647
2111833,5479
2113163,4288
2113982,4895
2114380,4570
2114605,4943
2116428,4208
2116781,3890
2117400,3976
2117722,3410
2118373,5100
2118490,4735
2118924,4925
2119690,5459
2119865,4365
2120032,4799
2120885,4107
2121776,3596
2122080,3834
2122221,4017
2123373,3512
2123633,3573
2124399,4218
2125102,3684
2125799,3578
2126452,4034
2127115,5734
2127255,4354
2127452,4399
2127480,4882
2127573,5184
2127791,5347
2129436,4801
2130193,4905
2130246,3406
2130870,3711
2131835,6275
2132006,5692
2132462,5582
2132948,3493
2133719,3998
2135161,3948
2135224,3607
2135418,4806
2135903,4222
2135944,5471
2136727,4890
2138319,4570
2138458,6529
2138755,5725
2138875,4359
2138984,4709
2139640,4596
2140397,4019
2140937,3507
2141802,4298
2141956,4631
2143035,3989
2143812,4598
2145066,4033
2145303,3543
2145973,3956
2146122,4784
2146254,4773
2146353,4784
2146638,4291
2147657,4741
2147909,4001
2148672,3454
2149298,5008
2149358,3925
2150115,3797
2151340,3893
2152223,5463
2152331,4794
2152574,4374
2152769,3904
2152944,3294
2153744,3894
2154593,4096
2154695,3876
2154823,4242
2155400,4789
2156479,4317
2156770,4107
2157202,4685
2157431,4717
2157810,5308
2157969,5045
2159407,4071
2159470,4608
2159669,3665
2160286,3823
2161380,3737
2161452,4231
2162628,3880
2163414,4178
2164208,3546
2164403,3941
2165156,3680
2165209,7410
2165331,5436
2165799,3371
2166281,3884
2166315,4505
2166850,3814
2167737,3646
2168241,4441
2168479,5274
2168968,4312
2169266,5159
2170446,5023
2171018,5077
2171187,4776
2171341,4471
2171592,4844
2172926,6376
2173049,5213
2173441,4163
2174280,3932
2174655,4604
2176177,3853
2176464,5252
2176620,4526
2176763,5721
2177032,4854
2177743,3755
2178646,3857
2179129,3907
2179914,3750
2180021,3922
2180350,3858
2181278,3817
2182613,4358
2182789,4376
2183150,4262
2183760,4084
2184659,4053
2184709,5427
2185135,4144
2185282,5075
2185414,4173
2185683,4208
2187498,3572
2187603,5314
2188319,4361
2188483,4541
2188876,4964
2189413,4749
2190594,3971
2190794,3602
2191577,3615
2191739,4139
2191878,3773
2193025,4574
2193151,4581
2193559,3986
2194556,3544
2195111,4307
2195679,4057
2196080,3998
2196264,4968
2196337,3558
2196949,3288
2198022,4532
2198190,3682
2198683,3408
2198690,3681
2200192,5376
2200336,4886
2200966,4138
2201084,3787
2202572,3888
2203088,4109
2203357,4787
2203595,3774
2203759,5400
2203893,4922
2205570,3936
2206016,4550
2206184,3951
2206696,6883
2206883,4517
2207730,5019
2208318,4846
2208490,3946
2209309,5717
2209429,4747
2209655,4375
2210277,5080
2210659,5901
2211732,4939
2212834,3928
2213308,3733
2213555,4332
2213767,4885
2214492,5290
2214663,4488
2215166,4471
2215499,5419
2217148,3246
2217640,3510
2217673,5393
2218084,3128
2218212,6562
2218881,4724
2219401,5493
2219826,4503
2221567,3928
2221702,4744
2222087,4466
2222309,5046
2222594,4128
2223305,4355
2224055,6547
2224464,4469
2224974,5183
2225191,3648
2226274,4729
2226809,4897
2226982,4333
2227191,5465
2227494,4121
2227840,4903
2229063,4294
2229403,5934
2230311,5456
2230773,6126
2231134,8005
2231474,7275
2231960,5769
2232116,6240
2232900,6458
2233058,5131
2233485,4505
2235473,3759
2236052,3458
2237189,4262
2237941,4759
2238963,5058
2239092,4473
2239587,4284
2239747,4581
2239961,4862
2240115,4510
2240644,5158
2240812,5089
2241797,3903
2242871,3754
2243812,4400
2244702,3964
2245291,3667
2245766,3962
2246701,3754
2246787,3435
2247177,4027
2247305,4296
2247896,4182
2248052,3704
2248354,6025
2248791,5456
2249049,3950
2249900,3789
2250446,5053
2251079,4829
2251343,4039
2252066,4843
2252656,4726
2253151,4498
2253359,3839
2253833,5110
2254486,4698
2254625,4128
2255839,4097
2256327,4038
2257120,7289
2257286,3983
2257710,3913
2258421,4998
2258614,3860
2259164,3743
2259661,6008
2259746,4054
2260704,5197
2261178,5010
2261409,4507
2262328,4134
2263110,4375
2263275,4834
2263655,4408
2263924,5681
2264725,3996
2266810,4391
2266836,3512
2266998,4721
2267152,5441
2267439,4931
2267749,3487
2269104,4295
2269111,4527
2269274,4141
2270245,3635
2270630,3629
2271490,5275
2271680,3255
2272021,4039
2272925,4096
2273910,4204
2274808,5383
2274969,3731
2275119,3901
2275284,4710
2275417,5997
2275663,4046
2276259,5421
2277134,4361
2277826,3953
2278385,4221
2279143,4076
2279249,3830
2280436,4541
2280450,4460
2280863,3497
2282270,4340
2282294,3436
2283394,3708
2283465,3696
2284009,4069
2284076,4367
2284156,4571
2284488,4698
2285678,4743
2285938,3684
2286002,4349
2286771,4048
2287405,3963
2287638,3594
2288543,3593
2289578,6082
2289657,5167
2289742,6011
2289988,4262
2292440,5020
2292651,3632
2292855,3989
2293197,4981
2293421,5437
2293483,3778
2294400,4469
2294916,4390
2295916,4681
2296103,3564
2296949,4931
2297127,4469
2297806,5059
2298140,3857
2299889,3847
2300135,4007
2300298,4122
2300628,3966
2300818,3420
2300888,5424
2301701,5071
2302081,4237
2302538,3997
2303442,4362
2303911,5505
2304675,4006
2304916,4429
2304931,4273
2305090,4598
2306622,4639
2306734,4278
2307006,4703
2307164,4027
2308167,4255
2308877,4721
2309784,3920
2310019,3580
2310816,4047
2310918,4175
2311475,4943
2312071,4093
2312217,4654
2312322,4743
2312962,3700
2313836,4293
2313965,6153
2314008,4348
2315458,4324
2315587,4134
2316315,3976
2317253,4990
2317478,3367
2317712,4597
2318210,4779
2318475,4881
2318490,5212
2320480,5132
2320491,3678
2320586,3438
2320854,4423
2321407,3767
2322420,3695
2322611,4495
2323743,4118
2324647,3314
2325127,4590
2325573,4271
2325646,4615
2326212,5223
2326368,4892
2326537,5137
2326771,3711
2327689,3654
2328049,3862
2328578,3723
2330096,3786
2330147,4458
2330882,4326
2332489,3676
2332650,6205
2332729,4248
2332880,3916
2332971,4280
2333056,4842
2333893,4142
2334033,5769
2335219,4785
2335815,4400
2336301,3623
2337299,4505
2338073,4378
2338238,3960
2338797,3563
2339407,5127
2339499,4567
2340150,4223
2340592,4908
2340776,5496
2340934,4465
2343255,3466
2343374,5847
2343617,3751
2344127,3828
2344922,3299
2345090,3732
2345239,5543
2345713,5285
2345881,3748
2346462,3634
2346891,3333
2347498,3811
2348095,4052
2348320,3450
2349214,3629
2349759,3517
2350565,3414
2351435,4473
2352438,3652
2353196,3993
2353413,3467
2353589,4359
2354062,5133
2354275,4555
2354508,4518
2354569,4680
2354695,4017
2356228,4543
2356251,4353
2356976,4007
2357324,4333
2358137,4432
2359329,3566
2359758,4030
2359955,4221
2359977,4985
2360008,5191
2361806,4699
2361939,4363
2362074,4658
2362561,3444
2363225,3983
2363389,4708
2363961,5701
2364318,4913
2365414,4768
2365723,4134
2366575,3395
2367161,4331
2367415,4935
2367731,4730
2367863,3871
2368626,3572
2369334,4752
2370228,3802
2370486,4526
2370635,3837
2371106,3672
2372008,4458
2372907,4682
2373081,4985
2373239,3648
2373396,4354
2374693,5041
2374913,4169
2375087,3829
2375938,3291
2376222,5465
2376711,3576
2377164,4311
2377896,3771
2378152,4594
2378744,3844
2379742,4768
2379930,3613
2380076,4846
2380499,3844
2380644,4431
2381770,4346
2382291,4087
2382458,5201
2382912,4350
2383068,3881
2383744,3624
2384701,3600
2385175,4444
2385441,3744
2385668,5056
2386421,5447
2387087,4751
2387411,5145
2387736,5849
2387998,4035
2388143,4931
2388429,6223
2389425,3808
2389717,5380
2390816,4204
2392117,3979
2392384,4232
2393049,4407
2393131,4291
2393681,4320
2393959,5038
2394612,4161
2394808,5258
2395322,3929
2395475,4590
2396765,4478
2396789,3720
2397632,3903
2397791,4326
2398270,3510
2399209,3858
2399801,5953
2399944,5257
2400325,4025
2401328,4152
2402198,4724
2402369,5359
2402464,4214
2402604,6753
2402861,4113
2403661,4350
2404581,5020
2405632,5124
2405901,4007
2406100,4624
2407598,5854
2407924,4288
2408210,4799
2408338,4556
2408360,5379
2409579,3852
2410313,4422
2411122,4501
2411153,4009
2411294,4580
2412429,4631
2413284,4600
2413567,5443
2413630,4515
2413798,4395
2414157,4166
2415032,4329
2415785,4555
2415935,4513
2416057,3837
2417259,3977
2418413,4717
2418581,5835
2418641,4379
2418711,5523
2419111,4670
2419457,5427
2420836,4612
2421027,5552
2421257,4601
2421663,3606
2423270,4735
2423487,3909
2424034,4856
2424620,3469
2425073,5029
2425990,4013
2426296,4255
2426959,5076
2427068,5861
2427098,3343
2428080,6340
2428569,4687
2428950,4501
2429279,3600
2430803,5272
2431004,3588
2431180,4741
2431367,3607
2432396,3775
2433682,3796
2434044,6060
2434186,4187
2434573,5747
2434777,3695
2435217,5079
2435593,4040
2436597,4079
2436976,4749
2437252,4235
2437792,3434
2438729,4569
2439276,3930
2439765,4039
2440719,3389
2441243,3743
2441339,4066
2442006,4450
2442146,4270
2442216,3742
2442274,5231
2443471,3543
2443642,4399
2444025,4089
2444430,4446
2445370,4123
2446240,3827
2446280,4303
2447284,4621
2447310,4518
2447691,4534
2448469,4989
2448482,7546
2448606,4749
2449184,5123
2450139,4904
2450346,4064
2450888,3846
2452127,3217
2452446,4082
2452930,3933
2453758,3748
2453920,4040
2455312,3803
2455595,3583
2455840,3800
2456351,4450
2456444,3937
2458283,3698
2458314,3913
2458722,3900
2459161,4028
2459991,3368
2460212,4028
2460604,4003
2460908,4034
2461122,4018
2461285,4090
2462140,3726
2462755,5124
2463445,4278
2463710,3466
2464164,3883
2464745,4254
2465473,4156
2465972,3764
2466112,4368
2466527,4943
2466617,4497
2467623,4293
2468367,4389
2468587,4563
2468740,4866
2469192,4774
2469956,3942
2470184,4656
2471010,4203
2471851,3356
2472303,3938
2472372,4532
2472936,3844
2473340,4050
2473791,3658
2474367,4339
2474675,4429
2475691,4119
2476274,3339
2477016,3675
2477825,4282
2477966,4020
2478703,4453
2478929,4069
2479865,3902
2480294,3763
2480727,3756
2481033,3905
2481133,4437
2481389,4558
2482324,3573
2482806,3974
2483287,4521
2483452,3746
2484181,4881
2484626,3747
2484828,5427
2485326,4239
2485712,4520
2486061,4661
2486418,5186
2486932,4907
2487659,4839
2488091,4565
2488749,3585
2489266,3534
2489709,3465
2490488,4421
2490507,3372
2490869,3961
2491860,5144
2492153,3604
2492982,3629
2493387,4068
2493917,4300
2494120,4512
2494273,5114
2494599,4512
2495536,5392
2495875,4732
2495901,4224
2496831,4013
2497591,3785
2497850,4048
2498371,4447
2498804,4790
2499639,3593
2499964,4637
2500995,3190
2501531,4189
2501842,4161
2501994,4361
2502475,4368
2502702,4662
2503708,4945
2504271,3560
2504441,3908
2504572,3688
2505262,4313
2505975,4210
2506137,3831
2506501,4058
2507045,4996
2507755,4257
2508839,4192
2509042,3682
2509171,4240
2509306,4281
2510658,4095
2510853,4563
2510948,4474
2511336,3738
2512226,4064
2512607,4645
2513274,3595
2513969,4413
2514011,4829
2514171,3766
2514898,3712
2515692,4547
2515793,3910
2516245,4583
2517014,4352
2517144,3780
2517670,3622
2518350,4245
2518885,3662
2519609,4072
2519884,4022
2519985,3733
2520672,4528
2521357,4931
2521461,4432
2521955,4640
2522102,4311
2522761,4061
2523455,3644
2524164,3818
2524455,4010
2524596,4199
2525444,4214
2526174,5699
2526744,4118
2527406,3862
2528033,4495
2528278,4130
2528510,4416
2528945,4262
2529202,4062
2529281,3786
2530488,4341
2530953,4387
2532031,4149
2533932,3472
2533957,3422
2534462,3844
2534595,3612
2534874,4280
2535016,5245
2535195,4448
2535653,4321
2536073,4321
2536820,4043
2537603,3777
2537802,3825
2538596,4086
2538730,4666
2539346,4144
2539851,4283
2540485,4282
2541087,3707
2542025,3874
2542205,4171
2542359,3867
2542613,4287
2542813,4745
2543692,4723
2543862,4451
2544411,4085
2545196,4541
2545214,4025
2546096,4553
2546985,4329
2547179,3822
2547760,4850
2547803,4231
2548799,4002
2549331,4713
2549521,4281
2549556,3907
2549886,3922
2550815,4031
2551131,4871
2551435,3642
2552171,4483
2553112,6606
2553289,4872
2553645,4552
2555109,4895
2555488,4343
2555666,3526
2556681,3604
2556857,3851
2557000,4238
2557289,3755
2558484,3403
2558609,3633
2559355,3532
2560082,4262
2560613,4743
2560931,4236
2561814,3662
2562562,4492
2562684,3895
2563276,4035
2563552,4672
2563616,4172
2563996,4192
2564664,4039
2565678,4317
2565810,3345
2566583,4113
2566765,4258
2567218,4388
2568304,5230
2568573,3638
2569297,4629
2569325,3751
2569347,4245
2570193,5441
2570443,4459
2570820,3781
2571181,5872
2571870,4737
2572348,3798
2573209,4715
2573685,3914
2574188,5053
2574576,4260
2574840,4646
2575094,4822
2576371,4092
2576848,4049
2577221,4667
2577413,4366
2577735,4701
2578017,4853
2579005,3481
2579919,3458
2580481,5109
2580676,3725
2581339,3668
2581750,3861
2582666,3205
2583369,3341
2583432,4498
2583696,4598
2583946,4318
2584023,4796
2585067,4568
2586713,4522
2587147,3984
2587239,4670
2587669,5005
2588654,5259
2589480,3452
2589671,3534
2589979,3978
2590144,5871
2590346,4123
2591454,4003
2591564,3897
2592088,3562
2593016,3767
2593412,4256
2593602,4291
2594161,4013
2594226,4201
2595003,4185
2596374,4220
2596637,3381
2596810,3783
2597066,4336
2597219,4007
2598615,4307
2598625,4490
2598789,4612
2598946,3648
2599356,4935
2600224,4597
2600883,3451
2600949,4828
2601667,4896
2601944,3647
2602737,3955
2603611,4392
2603986,4618
2604054,3967
2604705,4562
2605210,3500
2605941,3374
2606485,4233
2606642,3787
2606914,3564
2607384,3866
2608105,4501
2608271,3701
2609474,6839
2609732,3557
2609767,4438
2609988,5262
2611354,7068
2611629,4392
2611684,3495
2612313,5451
2612358,4089
2613379,4455
2614305,3864
2614381,4526
2615490,4794
2615579,3653
2616261,4076
2617054,4936
2617102,3500
2618321,4275
2618490,4643
2618570,4737
2619740,3519
2620978,4022
2621001,3874
2621199,4094
2621255,4849
2621439,4424
2622688,3584
2623460,3695
2623702,4016
2623798,3813
2624146,4152
2625287,4069
2625610,4231
2625741,4170
2626930,4438
2627014,4545
2627098,4074
2628373,3357
2628629,4766
2628671,3716
2628716,4229
2629650,4960
2630307,3378
2630614,3477
2631858,3388
2632050,5023
2632467,4022
2632588,4407
2633739,3893
2634970,3674
2635029,4770
2635597,3457
2635746,3863
2636181,4074
2636324,3536
2637652,3728
2637714,4077
2638232,4365
2638285,4114
2638873,4470
2639266,5401
2640391,4112
2640507,3868
2641713,4124
2641864,3741
2642025,4425
2642183,5622
2642684,5293
2642908,4506
2643476,4626
2644761,4204
2644920,3781
2645074,4238
2646087,5265
2646252,4616
2646554,3398
2647900,4384
2648505,3586
2648663,6509
2649322,3527
2649453,4207
2649955,3380
2650390,5688
2650604,5086
2651007,3346
2651673,5805
2652226,4725
2652427,6141
2653000,5675
2653576,5775
2653920,4916
2654485,3804
2655309,3583
2656248,3639
2656408,3493
2657171,3763
2657768,3520
2659591,4148
2659682,4380
2659741,4756
2660077,3795
2660703,4354
2661535,4116
2662249,4817
2662430,5032
2662453,3898
2662550,3511
2664220,3715
2664245,4709
2665133,4853
2665420,3492
2665860,3232
2666643,4418
2666705,3611
2666819,3784
2667582,4023
2668000,3663
2668303,3779
2669389,4590
2669471,5181
2669575,4795
2670972,4021
2672349,4109
2672589,5480
2672745,4586
2672779,4637
2672913,4493
2673055,4270
2674603,3259
2674959,3640
2675192,3717
2675445,3399
2676635,3891
2678798,4249
2678951,4077
2679179,4273
2679385,4245
2679620,4952
2679819,4485
2680100,5419
2680236,4611
2680362,4954
2680666,4560
2683369,5401
2683717,4120
2683739,4512
2683933,4976
2685442,5942
2686072,5891
2686131,3897
2686660,3954
2687297,5596
2687344,3710
2688341,4903
2688621,5121
2689590,6472
2689763,4975
2690170,4899
2690777,4486
2691174,5100
2691551,4280
2692540,4449
2693055,3787
2693973,4328
2694123,3808
2694851,4230
2695946,3853
2695999,3992
2696426,4355
2696755,4478
2697138,4049
2697400,4618
2697638,4647
2698506,4517
2698640,3987
2699320,3832
2700160,4089
2700217,3878
2700978,4166
2701726,4215
2701879,4515
2702492,3571
2702758,4314
2702861,5185
2703724,5111
2703814,4035
2704571,4670
2705349,6405
2705368,4896
2706701,3916
2706860,4368
2707303,4245
2708036,4003
2708608,5082
2708640,4091
2709351,3979
2709794,3828
2710643,4532
2710785,3799
2711490,4685
2712042,4160
2712232,3901
2712698,4398
2712860,4064
2713460,4342
2714286,3863
2714458,3806
2714790,3965
2715620,3517
2716393,4434
2716470,4120
2716485,4669
2717433,4732
2717770,5225
2717954,4093
2718586,4962
2719298,5127
2719351,4288
2719441,4575
2720903,3331
2721598,4783
2721775,4121
2722192,4591
2722649,4637
2723108,4733
2724488,4995
2725027,3584
2725417,4752
2725601,4986
2725735,6341
2726078,6615
2726469,4981
2726905,4981
2727405,5577
2727969,4466
2728836,4564
2729931,4739
2730360,4803
2730870,4123
2731608,3644
2732131,5659
2732787,3620
2733073,4045
2733634,4510
2733800,4800
2734155,4281
2734777,5171
2735319,3962
2735593,5215
2735771,4308
2736581,4437
2737340,5555
2737906,5374
2738741,3366
2739413,4720
2739602,5108
2740236,4336
2740396,5305
2740579,5083
2741598,3864
2741807,3913
2742708,4191
2743239,3606
2743413,4322
2744268,3931
2744827,4215
2744843,3537
2745910,7298
2746174,5216
2746394,4439
2746458,4524
2747168,3954
2747549,3374
2748345,5352
2748456,4188
2749128,3378
2749331,3483
2751767,3698
2751839,6617
2752008,5661
2752096,7099
2752160,5837
2752889,5336
2753046,4441
2753877,5472
2754044,4546
2754194,4596
2755742,3248
2757821,4472
2759294,3644
2759590,3638
2759882,3793
2760073,5652
2760125,5227
2760171,4813
2760266,4475
2761029,4019
2761047,3457
2762446,5162
2763139,3390
2763801,4616
2763855,4020
2765917,3572
2766130,4802
2766259,5118
2766589,4645
2766860,6095
2767086,4958
2767248,3228
2767840,4543
2768021,5670
2768658,5349
2769770,3295
2770727,3380
2771547,4091
2771683,3815
2772178,4190
2772555,4563
2772771,5882
2773157,4993
2773381,7053
2773831,6647
2774325,5354
2774491,3543
2775724,4417
2776083,4492
2776520,4879
2777229,4662
2778322,3927
2778770,3925
2778992,4787
2780091,4751
2780713,3891
2781324,4630
2781754,5080
2781893,6272
2781977,5966
2782372,4906
2782712,4457
2783039,5261
2784093,4442
2785292,3481
2785373,4337
2786103,3975
2787115,4122
2787822,4911
2788915,3273
2789333,4265
2789541,5768
2789674,5541
2789789,6402
2789920,5131
2790660,5229
2790785,4704
2791376,4365
2792365,5366
2792878,4739
2794387,4367
2796047,4264
2796689,4732
2796752,4370
2798654,3523
2798924,4242
2799053,3532
2799648,4652
2799791,4606
2799955,5803
2800231,5434
2800563,5110
2801806,4966
2801982,5567
2802326,5607
2802727,5418
2803305,5061
2804682,4469
2804896,4747
2806173,3423
2806217,3821
2806784,3830
2806934,3446
2807674,3609
2808489,3900
2808659,3986
2809387,4675
2809862,4093
2811257,3879
2811566,4192
2811621,3629
2812346,5155
2812490,6165
2812538,4618
2812767,4229
2812897,4377
2814072,4266
2814466,4923
2815577,3436
2815955,4128
2816170,5017
2817242,4204
2817583,6527
2817746,5098
2817985,5686
2818540,4385
2818789,3844
2819175,4201
2820268,4653
2820507,3758
2821375,4405
2822064,4361
2823261,5240
2823588,5847
2823652,5293
2824027,5010
2824524,4753
2824576,4573
2824826,5768
2825378,5019
2825886,5512
2826961,5499
2828752,4609
2829801,4024
2829843,4957
2829875,4419
2830534,4924
2831125,4685
2831364,4464
2831757,4701
2831933,4560
2832696,4221
2833628,3546
2834215,4822
2834483,4834
2835287,3802
2835627,4183
2837014,4182
2837205,4474
2837465,5207
2837579,3730
2837933,4186
2838066,4516
2839381,4055
2839546,4348
2839927,4692
2840168,4889
2841832,4514
2841856,4819
2842317,5332
2843156,4990
2843241,5130
2843318,5366
2843609,4866
2844046,5350
2844941,4799
2845433,5796
2846486,4652
2846812,4027
2847781,4678
2848277,5273
2848471,4633
2848765,4538
2848962,5752
2849574,5470
2849875,5617
2850973,7016
2851387,5344
2851586,3814
2852679,3903
2853269,5046
2853953,3943
2854738,8901
2855226,6914
2855681,7708
2856384,7712
2856726,6028
2856815,5974
2857013,4006
2858745,5006
2858863,4475
2858916,4139
2861164,3338
2862418,4470
2864260,3487
2864758,3628
2864964,4070
2865178,3697
2865322,5860
2865470,4491
2865603,5328
2865798,4341
2866166,4608
2867251,4067
2867911,4842
2869183,5665
2869255,4297
2869561,4542
2870288,4918
2871011,5629
2871188,5160
2871631,4444
2871791,5268
2872335,6257
2873147,4574
2873727,3547
2874245,4456
2874979,4815
2875295,4169
2876179,6569
2876492,5113
2876816,5788
2877644,4637
2877789,4293
2878131,4274
2879970,4452
2880139,4119
2880293,3852
2880986,3759
2881762,4111
2882918,4206
2883055,3834
2883223,3403
2883941,4113
2884706,3650
2885050,4060
2885231,4809
2885455,4597
2885461,3588
2886508,4336
2887589,4032
2887756,4361
2887893,4610
2888190,4525
2888507,4650
2889151,5589
2889678,5767
2890236,5673
2890397,4659
2890932,4925
2891925,3781
2893015,4196
2893308,3995
2893501,3510
2893735,4568
2894880,3202
2895396,3548
2896038,3847
2897236,3757
2897342,3977
2898758,3440
2899091,3886
2899249,4259
2899290,4439
2899322,4726
2900045,4657
2900690,3624
2901635,3449
2902237,3867
2902382,6726
2902682,4381
2903119,5760
2903704,5888
2904155,4204
2904205,3860
2905340,4361
2906054,3723
2906470,3771
2906497,3899
2907280,3452
2908192,3710
2908586,4500
2909234,3728
2910439,4857
2910688,5448
2911594,3870
2912101,4597
2912606,3852
2912767,6393
2912922,5021
2913098,6614
2913856,5443
2913995,4168
2915609,5122
2915703,5330
2916602,4842
2916832,5979
2916988,9222
2918373,3531
2918534,4594
2919432,5246
2920329,3665
2920861,4276
2921238,4353
2922258,6149
2922276,6901
2922944,6667
2923263,3986
2923543,4776
2924113,3906
2924902,5941
2925830,5849
2926013,4986
2926487,5990
2927375,5580
2928141,5963
2928636,6216
2928877,6589
2929329,4419
2929748,4511
2931080,4181
2931314,3844
2932177,4201
2933189,5040
2933247,5318
2933900,4523
2934195,6217
2934575,5070
2934990,4094
2935304,5020
2935954,5069
2936100,5079
2936875,4056
2938585,4600
2938908,3586
2939216,5814
2939603,6484
2939789,5575
2940612,3351
2940772,3360
2941256,6194
2941429,4596
2941662,7317
2942762,4567
2943373,3665
2944225,4555
2944483,5973
2945172,5949
2945458,3951
2946425,5308
2946611,6375
2947132,4817
2948033,4722
2948085,5403
2950076,3907
2950351,4608
2950370,3797
2950763,3598
2951460,4430
2952168,4977
2952464,4268
2953388,3928
2953597,4213
2953816,4650
2954696,4103
2954780,4326
2955332,4511
2955438,4312
2956082,3843
2957025,4253
2957621,4359
2958080,3988
2958261,5148
2958610,5258
2958924,5739
2959247,5212
2960061,6538
2960126,4957
2960300,4053
2961786,3635
2962095,3520
2962822,3379
2963689,3696
2964765,4366
2964923,3889
2965168,4161
2966255,4248
2966445,4980
2966563,3930
2966841,3412
2967585,4809
2967717,4516
2967761,3798
2969093,3669
2969677,3402
2969690,3773
2970633,4158
2970777,4842
2970864,5246
2971732,6279
2971866,4303
2972593,7052
2972856,5572
2973158,5188
2973364,4570
2973643,4828
2974923,4041
2975714,3449
2976463,5239
2976570,5201
2978176,4826
2979127,5164
2979388,5058
2979894,3951
2979983,3787
2980168,3961
2980358,4517
2980908,3748
2982016,3829
2982238,4210
2983206,5278
2984479,3737
2985439,3698
2985600,3828
2986033,3855
2986149,4545
2986237,4498
2986442,4341
2986973,4206
2987256,4297
2988478,3711
2988700,4153
2989710,3657
2990192,3941
2990265,4920
2991080,4844
2991597,4172
2991920,4957
2992354,4743
2992580,4827
2992744,7465
2993049,5610
2993658,4406
2994344,4685
2995572,4431
2996293,3946
2996334,4133
2997361,5594
2997414,5242
2997704,4239
2998246,5085
2998991,5354
2999159,3587
3000733,3150
3000907,4277
3001036,4435
3001180,5074
3002038,4120
3003272,4023
3003576,3507
3004061,4017
3004184,4303
3004249,5855
3004486,4908
3005298,4204
3005719,4522
3006897,3796
3007531,4972
3007599,4137
3007618,4402
3008231,4468
3008850,4192
3009861,3976
3009968,4198
3010859,3916
3011006,5130
3011090,4147
3012049,4542
3012697,4447
3012799,4036
3013365,3840
3014137,4535
3014423,5026
3014754,5082
3014991,3928
3015381,4551
3016276,4438
3017342,3873
3017615,4008
3017975,4249
3018411,5465
3018771,5765
3019092,4510
3019612,3862
3020099,5053
3020258,4597
3020848,4478
3021470,6029
3022309,3949
3022669,4317
3024006,3765
3024083,4506
3024543,4871
3025259,3721
3025542,4878
3025770,4013
3025905,4321
3026428,4346
3027695,3959
3027903,4161
3027919,4280
3028729,3837
3029176,3805
3029566,4851
3030679,4906
3030825,5192
3031185,7030
3031848,5901
3032004,6622
3032348,4924
3032506,5080
3032816,4040
3033117,4856
3034597,3526
3035724,3545
3036307,3450
3036984,3815
3037947,4069
3038687,3929
3039798,3461
3039836,3356
3039989,4462
3040449,3804
3040599,5140
3040905,3909
3041142,4091
3041156,4139
3042226,4031
3042867,3672
3043573,3829
3043645,3244
3044381,4398
3044762,4351
3045453,4164
3045947,6364
3046042,5213
3046413,5305
3047047,5375
3047667,5938
3047685,5340
3047830,4072
3048965,4399
3049290,4478
3050089,3371
3051383,3619
3052215,4067
3052386,3439
3053057,4859
3053579,4925
3054202,4707
3054592,6362
3054868,4245
3054913,5182
3055384,4289
3056583,3603
3056863,4254
3057234,4509
3058075,3783
3059052,4039
3059262,6085
3059445,7008
3059820,5964
3060375,5254
3060731,4355
3061571,5479
3061795,6705
3062039,4260
3062435,5299
3063235,3972
3065740,6063
3065938,6346
3065961,3859
3066124,4967
3066558,5232
3066755,5523
3067938,5272
3068098,4861
3068630,4430
3068759,4461
3070007,4251
3071270,4107
3072998,5193
3073283,4006
3073386,4580
3073608,5359
3074795,3637
3074826,3951
3075372,3984
3075523,4135
3076291,3991
3076310,4301
3077471,3331
3078381,3986
3078586,4768
3079671,3401
3080284,3934
3080939,3792
3080997,4274
3081182,4658
3081605,4378
3081752,3986
3081937,5042
3082607,4059
3083431,4185
3083911,4111
3084418,4182
3084932,4457
3085724,4062
3086464,3963
3086769,4226
3087057,3573
3088110,4115
3088150,4174
3088682,4378
3088873,3716
3089622,4069
3089753,3559
3090758,5477
3090823,3924
3091180,3761
3091348,4939
3092626,4670
3092892,4040
3093630,4156
3094373,3883
3094379,4652
3094573,4683
3095350,3957
3095699,3892
3096372,5091
3096935,3559
3097483,3681
3097554,5281
3097968,4075
3098446,4235
3099967,5338
3100191,4596
3100328,5252
3100333,4128
3100780,4968
3101263,4144
3101617,4600
3102388,3931
3103184,3313
3103375,4710
3104988,4349
3105096,4809
3105892,5133
3106054,5235
3107191,5405
3107251,5796
3107345,5613
3107504,4568
3107587,4448
3108721,3954
3109478,4417
3110139,3569
3111162,5318
3111416,4898
3112224,4553
3112383,5181
3114212,4550
3114246,3543
3114280,4565
3114556,4858
3115236,4811
3115323,4293
3116479,4958
3116669,3923
3117125,3823
3117752,4419
3118010,3658
3119019,3377
3119057,3755
3120050,4617
3120686,3681
3121028,4301
3121261,3876
3122146,6643
3122872,4204
3123001,4199
3123621,3860
3123821,4792
3124121,4018
3125427,4630
3125480,3680
3125577,4011
3126172,3795
3127438,3874
3127772,4088
3128321,5317
3129042,3697
3129395,4881
3129471,5352
3129843,3910
3130574,7001
3130811,4098
3131051,4336
3132076,3958
3132351,3829
3133044,4014
3133744,3637
3134507,6342
3134590,4825
3135276,6616
3135440,5339
3135960,6335
3136389,4793
3136882,4829
3137213,4761
3137546,4483
3137748,3859
3139607,5355
3141156,4175
3141347,5523
3142580,5337
3142730,3662
3143108,4518
3143209,3894
3143806,3257
3144065,3972
3144331,4649
3145356,4103
3145626,4047
3146568,4302
3147488,4624
3148407,3951
3148990,4447
3149669,4020
3149875,3515
3150387,3783
3150896,3398
3151498,3465
3151708,4713
3151780,3885
3152435,3420
3152683,3661
3154329,5467
3154491,3706
3155355,3757
3156101,4502
3156865,3439
3157112,3659
3157737,4841
3157890,4992
3158034,5737
3158597,5150
3158664,3565
3159628,3739
3160407,5651
3161008,3196
3161503,5800
3162059,3693
3162364,4699
3162715,4302
3163018,4685
3164370,4620
3164800,4455
3164888,5753
3165034,3554
3166304,4501
3166490,3691
3167478,6543
3167503,4535
3167789,4435
3168010,5126
3169043,3797
3169613,3880
3169970,4648
3170887,5658
3170950,3433
3171541,4426
3172424,4400
3172586,4397
3173335,4760
3173755,4256
3174675,4320
3175141,3228
3175302,4369
3175830,3577
3176286,4898
3176672,3701
3177041,4405
3177429,4166
3178627,4412
3179004,4372
3179145,4718
3179812,6069
3179989,3948
3180715,4515
3180738,3602
3181816,4260
3181945,4647
3182122,4555
3183209,3966
3183771,5735
3184798,3904
3185349,7645
3185392,4878
3185669,4447
3186060,4404
3186688,4334
3187282,5370
3187447,3944
3187990,4420
3188837,3465
3189695,4890
3190437,3791
3191112,4010
3191304,5225
3191592,4511
3191934,5609
3192791,4665
3193125,4653
3193684,5022
3193837,3215
3194455,5688
3194877,3933
3195602,4693
3196287,3535
3196671,3459
3197686,3663
3198050,4960
3198285,4279
3198747,3488
3199163,3600
3199574,3306
3200782,3503
3200968,4917
3201048,4245
3201102,4637
3201838,3851
3203259,4729
3203278,4557
3203438,3581
3203575,5098
3204064,4195
3204474,4320
3205731,4878
3206173,5185
3206413,4546
3206584,3886
3207321,3843
3208498,3367
3208577,4421
3209360,4302
3209679,4941
3209759,4222
3211736,3949
3212138,3396
3212296,4596
3212429,4163
3212692,4456
3212772,4647
3213705,6195
3214286,4357
3214889,3983
3215434,4699
3215680,4248
3216358,3226
3217112,3857
3217806,4231
3218007,4306
3218159,4200
3219059,4843
3219380,5274
3220304,4280
3221083,4165
3221386,4311
3221777,4352
3222771,4641
3223051,4234
3223306,4778
3223388,4512
3224140,3990
3224888,3763
3225161,3553
3226102,3707
3226491,4120
3226817,4679
3227424,3949
3228951,3167
3229242,4496
3229376,3583
3229557,5502
3229933,4431
3230110,3468
3230702,5851
3230915,3839
3231938,4193
3232279,3477
3232391,3600
3233102,3800
3233955,5305
3234181,3805
3234458,4010
3234889,4526
3235197,3964
3236329,4446
3236658,5837
3237129,3603
3237368,3647
3237504,4004
3238123,4989
3238767,4686
3239562,4335
3239751,4408
3239930,3627
3241207,5752
3241217,4219
3241260,3713
3242268,4495
3242755,3450
3243634,3920
3244251,5193
3244499,4165
3244569,4164
3244597,4773
3245160,3995
3245639,4585
3246366,3741
3247231,4394
3247284,4086
3247802,5136
3248826,7679
3248918,7054
3249413,6681
3250106,5875
3250795,4328
3250893,5249
3250996,4390
3251895,4150
3251942,4657
3253088,3688
3255590,4466
3255878,3815
3257595,3245
3257748,3938
3257780,4636
3257882,4184
3258053,5544
3258271,4558
3258370,3762
3259551,3436
3260034,5359
3260279,4087
3261056,4077
3261891,4590
3262338,4700
3263215,4385
3263625,4843
3263861,4409
3264165,4566
3264635,4466
3265027,3969
3265563,3852
3265605,3778
3266829,3305
3267374,5029
3267836,3876
3269532,6484
3269789,3926
3269862,4461
3270209,4711
3270480,5618
3270800,6082
3270981,5345
3271155,4622
3272568,4356
3272614,3944
3273867,3338
3274592,3789
3275108,3602
3276410,5500
3277292,3407
3277784,3806
3278958,3744
3278994,4159
3279161,4223
3279329,6735
3279371,5426
3279883,4597
3279967,5050
3280827,4767
3281742,4555
3282199,3882
3283629,4301
3283831,4385
3283971,4041
3284713,3555
3285274,3737
3285656,4920
3286164,4098
3286836,3788
3286975,4337
3287318,3543
3288669,3666
3288835,4561
3288864,4015
3289367,4260
3289895,3170
3290441,3848
3291186,4675
3291469,4162
3291566,5446
3291971,4487
3292505,4598
3293147,4121
3293921,3870
3294066,6539
3294748,3672
3294982,3895
3295985,4383
3296572,4182
3297966,3986
3298800,3875
3298894,5592
3299196,5450
3299222,3858
3299948,3868
3300075,4025
3301224,4494
3301389,4897
3301735,3846
3302088,3327
3302836,4452
3303211,3482
3303924,4079
3305035,4555
3305748,3429
3306111,3989
3307348,4439
3307358,3477
3307502,4287
3308158,3876
3308768,3600
3309068,3394
3309868,4189
3309920,5224
3309961,4025
3310635,4431
3311193,4715
3313060,4029
3313080,3993
3313230,4513
3313345,4305
3313461,4641
3314227,4405
3314487,4464
3315269,4926
3315458,4342
3316689,3520
3317673,3807
3318032,3521
3318816,4796
3319057,3815
3319477,4797
3320295,4426
3320676,4692
3321892,3647
3322160,4445
3322218,4226
3322355,4666
3323107,5665
3323223,4056
3324374,3827
3325035,3379
3325201,3689
3325864,3672
3325895,3712
3326596,5195
3327107,5156
3327451,4628
3328069,3745
3329070,4330
3329634,4551
3330584,3658
3330605,4099
3331010,4932
3331383,3820
3332173,3668
3332775,4452
3332888,4709
3333167,3978
3333664,5071
3334893,4011
3334906,4293
3335960,3902
3336312,5081
3336418,4459
3336561,4535
3337311,5110
3337913,5335
3338072,4639
3339394,3989
3339628,4062
3339957,4622
3340632,4044
3341611,3634
3341787,4621
3342558,4175
3342832,4374
3342992,5208
3343498,5465
3343958,4214
3344495,5520
3345101,3938
3345697,3840
3345830,4325
3346883,4740
3347380,3827
3347421,4372
3348560,5067
3349021,4817
3349700,3767
3350134,4662
3350666,3563
3351282,4669
3351438,4681
3351505,5540
3351882,4398
3352063,5094
3353624,4749
3353838,4853
3354039,3891
3354377,4397
3355495,3811
3356204,3954
3356829,4000
3356995,5147
3357371,5640
3357443,4135
3358129,4416
3358507,4904
3359888,5091
3359993,3800
3360444,3819
3360719,3749
3361325,3582
3361731,3839
3362278,4302
3363250,3799
3363633,3823
3364299,3846
3365873,3746
3365924,3950
3366050,5616
3366414,4676
3366554,4087
3366723,4580
3367671,3767
3367840,4338
3368221,5566
3368678,4903
3369807,3675
3370279,4423
3370792,3686
3371971,3932
3372464,3562
3372751,3827
3372771,4242
3373457,5078
3373695,3659
3373865,5836
3374793,3895
3374926,4313
3375113,3322
3376179,4016
3376359,4487
3376718,5310
3377109,5062
3377499,5618
3378841,5632
3379012,5640
3379162,4507
3379366,4599
3381187,5054
3381207,4679
3381581,3727
3382260,4995
3382477,4342
3383403,3796
3384233,4003
3384870,4103
3385307,4284
3385846,4959
3386105,6028
3386579,5048
3386900,4020
3386938,4153
3387971,4922
3388176,4084
3388858,4089
3389242,5538
3390076,4008
3391237,4505
3391412,6809
3391708,7059
3391884,6039
3392356,4966
3392418,4441
3393087,5458
3393240,4798
3394462,4764
3395084,3761
3396050,4558
3397038,3842
3397739,4413
3398974,4660
3399343,3316
3399663,3603
3399908,5452
3400020,4698
3400104,4355
3400193,4812
3401120,3937
3401974,3967
3402310,3888
3403011,4620
3403800,3917
3403865,4717
3405458,5836
3405476,4291
3405843,4258
3406006,4198
3406600,5750
3406640,4388
3407364,4495
3407814,5254
3408046,4354
3408732,5120
3409908,3715
3410365,3854
3410657,3651
3411468,5358
3411619,4118
3412073,4076
3412957,4869
3413113,6497
3413348,6038
3414647,3550
3414807,3658
3415384,5521
3415700,4944
3415946,4209
3416377,4056
3417415,3492
3417962,3779
3418448,3784
3418984,4351
3419686,4375
3420450,4133
3421704,3960
3421867,4047
3422068,5043
3422250,4080
3422446,4458
3422712,4794
3422847,5166
3424156,4136
3424779,3674
3425078,3518
3425860,3222
3426475,4777
3426594,3821
3427365,3784
3428094,4367
3429167,4083
3429774,4851
3429823,3947
3430072,4017
3430156,4040
3430265,5690
3431040,4299
3431924,4331
3432194,4789
3432672,3768
3433436,4191
3433947,4080
3434746,4412
3434807,3781
3435422,5951
3436237,3805
3436371,3812
3437204,3693
3437464,4389
3437710,4297
3438117,5112
3438294,4252
3438841,3838
3439444,3696
3440188,3615
3440673,3388
3440993,3368
3441610,3978
3442091,4178
3442360,3736
3442797,5535
3442977,5026
3443380,5125
3443604,5258
3443898,5716
3444198,6009
3444487,3930
3445761,4643
3446313,4694
3446699,6070
3448175,4159
3448686,4321
3448942,4684
3449332,4600
3449900,4346
3450621,4669
3451109,3399
3451490,4303
3451736,4151
3452477,3914
3452892,4684
3453264,4188
3454073,4536
3454237,4667
3454702,4205
3455076,4229
3455433,5687
3456046,5066
3456228,4163
3456570,4607
3457845,3940
3457991,3660
3459653,3370
3459819,5421
3459971,4876
3460114,4272
3461852,4378
3462191,5046
3462400,3536
3462668,4969
3463064,4935
3463544,4390
3463971,5934
3464499,3704
3465137,4079
3465411,4655
3466369,5492
3466768,3567
3467441,5883
3468755,3392
3469036,3841
3469104,4995
3469207,4647
3469794,4984
3470950,4982
3471038,4736
3471481,4176
3471960,4560
3472335,4531
3473024,4165
3474024,5764
3474242,5573
3474743,4450
3474900,4937
3475870,3900
3476289,4669
3476388,4474
3477652,4062
3477972,4597
3478134,3887
3479364,3874
3479970,4601
3480329,4055
3480465,6234
3480586,4625
3481199,4880
3481362,5137
3482756,4694
3482941,4534
3482979,3946
3483371,3922
3484709,3620
3485357,4282
3485464,3596
3486225,3937
3487503,3977
3487574,3585
3487964,4071
3488140,4030
3488610,4745
3488748,4454
3488886,4092
3489198,4737
3490264,4556
3490294,3747
3491300,3875
3491763,4513
3492659,4300
3492816,6215
3493598,4230
3493614,5483
3493771,4600
3494082,4464
3495186,4419
3495743,4675
3495989,4275
3496786,4142
3497252,3986
3498031,4565
3498648,6102
3498864,6013
3499185,8001
3499431,7336
3499747,4120
3500667,4755
3501054,4978
3501396,4997
3501576,4008
3502852,4360
3503979,3345
3505114,3824
3505168,4606
3506268,5845
3506467,4235
3506641,4297
3507410,4019
3507588,4218
3507883,4552
3508041,5307
3508674,3912
3509171,4455
3510028,4356
3511037,5235
3511104,5199
3511617,3594
3511944,4920
3512261,5419
3512628,4344
3512894,6955
3513852,4622
3514282,4156
3514488,3423
3515368,3527
3516647,4638
3516692,5195
3517189,6640
3517226,5766
3518090,4320
3518279,4240
3519559,5106
3519930,4476
3520137,4085
3520883,3933
3521467,3623
3522042,3729
3522837,5582
3522996,4622
3523201,3986
3524182,3672
3525473,4563
3525640,4059
3525870,4169
3526603,4562
3526616,6147
3526887,6583
3527457,4535
3528105,5730
3528271,4845
3528743,6206
3529853,5263
3530486,4214
3531052,5105
3531356,4758
3532163,3671
3532944,3695
3533788,10087
3533970,9795
3534121,7980
3534884,4241
3535465,7128
3535652,5533
3535996,5079
3536438,5165
3537616,4814
3537762,4234
3539231,3894
3541368,4236
3541670,4681
3542695,4151
3542934,4874
3543217,4317
3543380,5459
3543546,5172
3543767,5167
3544003,5715
3544158,3818
3545775,4201
3546500,3624
3547093,4283
3548051,4272
3548289,4190
3548462,5363
3549148,4295
3549318,5345
3549470,4623
3549953,4979
3550271,4903
3550401,5224
3551577,3707
3552545,4184
3552862,3427
3553805,5533
3554212,4279
3554760,6242
3555358,6601
3555578,7026
3555718,5888
3555887,5119
3556106,5641
3556431,4178
3556821,4840
3558641,3603
3559472,3527
3560815,4146
3561771,3807
3562701,3366
3563484,4685
3563551,3465
3563858,4043
3563996,4938
3564104,4290
3564177,3535
3564409,5715
3565139,5141
3565721,4094
3566199,4006
3567226,4027
3568175,4156
3568878,4506
3569118,3486
3570023,4299
3570878,4002
3570977,4837
3571585,3727
3572092,4977
3572318,4840
3572500,4480
3572620,4120
3573357,4121
3573909,4233
3574685,3550
3575047,5222
3575455,4681
3576056,3984
3576896,4300
3577356,4370
3577673,5295
3577843,5199
3577982,5119
3578409,4191
3578572,4293
3580231,3761
3580362,3711
3581026,4273
3581609,3985
3582104,4089
3583430,3563
3583820,4264
3584046,3633
3584259,6106
3584685,3686
3585635,3525
3585781,3148
3586433,4025
3586435,3608
3586606,4086
3587387,4232
3587960,5386
3588726,6003
3589373,3831
3589454,3617
3590127,3831
3590773,5544
3591075,5374
3591266,4320
3591586,5425
3591839,4839
3593930,4281
3594077,5053
3594203,4746
3594408,4435
3594831,4461
3595731,3711
3596604,3366
3596926,3949
3597106,4525
3597231,4105
3598369,3815
3599757,3462
3600111,4208
3600252,4177
3600374,5425
3600712,3988
3601836,4247
3602328,4584
3602510,3912
3602959,5718
3603652,4662
3603716,4007
3604946,4664
3604965,3802
3605191,4253
3606756,4692
3606813,5517
3607045,3783
3607863,3980
3607949,4882
3608589,4537
3608960,4816
3609015,4455
3610269,4967
3610488,3627
3611296,4561
3611578,3398
3612250,5955
3612523,3682
3613022,4697
3613365,4060
3614459,3904
3614930,4194
3615076,6242
3615590,4488
3615680,4056
3616144,4896
3616586,4207
3617895,5304
3618230,6100
3618609,3690
3618704,3990
3619307,4064
3620096,3872
3620301,3363
3621231,4600
3621329,4000
3621600,3660
3622471,4679
3623085,4510
3623802,4155
3623964,4431
3625022,4159
3625305,3817
3625449,3934
3626358,4662
3626452,4200
3626505,4698
3627318,4018
3627970,3860
3628579,4019
3628685,4389
3629611,4139
3629844,4264
3629906,3571
3630846,3774
3631710,4417
3631871,3699
3631964,4789
3632315,4752
3633058,4193
3633450,4462
3634269,4466
3634918,4503
3635101,4637
3635135,5084
3636221,3819
3636683,4292
3638006,4710
3638143,4204
3638178,4045
3638566,4883
3639076,4408
3640601,3758
3640716,5157
3640792,4855
3640846,3122
3641322,3842
3642707,3985
3642775,4532
3643217,4928
3644463,3999
3644643,3661
3644754,4242
3645435,4587
3645594,4030
3646089,4662
3646595,3414
3647045,4700
3647466,3737
3648669,4293
3648843,3897
3649003,5236
3649262,4921
3650916,4164
3651383,5499
3651467,4776
3651914,4061
3652139,4875
3652627,5617
3653192,3681
3653210,4921
3654583,5049
3654721,4584
3655341,3917
3656116,4355
3657146,4462
3657592,3756
3657606,4106
3657955,4018
3658957,4530
3659106,3914
3659770,4880
3659897,5004
3660118,3943
3660816,3963
3662330,6250
3662507,5150
3662574,4005
3662712,4606
3663153,4007
3664379,5839
3664744,4508
3664907,4844
3665137,5341
3665291,4618
3666824,4773
3667414,5341
3667809,3197
3668143,5037
3668740,3725
3669398,4665
3670029,4327
3670303,4529
3670665,6970
3670823,5565
3671145,4278
3671756,3853
3673100,4755
3673135,5850
3673312,3416
3674444,4971
3674665,4917
3674973,5754
3675698,4367
3675923,6187
3676554,4320
3676856,4145
3678240,3618
3678508,5937
3679079,3989
3679713,5681
3679886,4167
3680205,5712
3681117,3246
3681499,5916
3681936,3885
3682602,3809
3682749,3760
3683552,5110
3684295,3943
3684771,4642
3684824,4487
3685642,4153
3686062,4543
3686250,4571
3686666,4903
3686896,5121
3687661,5319
3688420,5548
3688858,4820
3689633,4204
3689685,4019
3690459,4201
3691283,4104
3691796,4441
3692135,3567
3692301,3687
3693111,3862
3694873,3549
3695458,3976
3695591,4306
3695615,4043
3697141,4261
3697368,3580
3697747,4346
3697899,4473
3698029,3548
3698145,3648
3699052,3742
3700028,4387
3700090,3962
3700111,5083
3701213,4538
3702720,4697
3702885,4472
3703053,3759
3703066,4314
3703881,5020
3704138,3717
3704432,4143
3705030,4944
3705297,4999
3705882,3935
3706946,4524
3707880,4275
3707910,5793
3708108,6984
3708632,5356
3708802,5941
3709116,3853
3710092,4187
3710595,4219
3711359,3820
3711619,4965
3712293,4084
3713179,4098
3713834,4753
3714934,3765
3715185,3788
3715692,4440
3715943,3955
3716335,3956
3716680,5649
3717443,5650
3717475,3557
3717783,4273
3719059,4432
3719342,5379
3719441,4460
3720140,5408
3720496,4673
3720605,4253
3721533,4233
3722701,4550
3722732,3875
3723331,4058
3724122,4016
3724251,4073
3725681,4260
3725960,5490
3726058,6326
3726261,4450
3726383,3710
3727086,5071
3728151,4545
3728409,3596
3728919,5855
3729328,3739
3730295,5007
3730494,3761
3730848,3780
3731636,4786
3732847,4346
3733145,4818
3733247,4239
3733408,4624
3733502,5529
3735019,4232
3735429,4287
3735594,3791
3735692,4123
3736606,3788
3737453,5338
3737670,4605
3738161,5905
3738259,4375
3740229,4028
3741039,4185
3741112,4930
3741116,5087
3741324,3932
3741380,4411
3743409,3656
3743495,3709
3743538,3935
3744349,4689
3744706,3892
3745621,4048
3745673,3788
3746606,4256
3746777,3611
3747304,3993
3747578,4821
3747917,4317
3747935,3857
3748918,5012
3749296,5105
3749614,3927
3750605,4533
3751016,4042
3751040,5292
3752224,3837
3752880,4450
3753055,4012
3753646,4067
3754144,4071
3754612,4205
3754845,4235
3755395,4487
3755720,3630
3756446,5043
3756937,4712
3757464,5592
3757611,4631
3757900,4560
3758405,3938
3759762,4045
3760029,3988
3760249,4663
3760863,3712
3761796,4824
3761815,4170
3762589,4432
3762749,5002
3762903,5011
3763191,4503
3763979,4388
3764247,6183
3765365,5330
3765376,3352
3766260,3739
3767224,4788
3767622,3695
3768571,4264
3768756,4933
3768817,5969
3768890,4571
3769165,3454
3770146,4054
3770716,3607
3771355,4020
3771449,4831
3772304,4153
3772787,3933
3773048,4126
3773626,5211
3774439,4575
3774961,5278
3775042,4698
3775645,5176
3775807,5108
3776424,5371
3776938,4560
3777389,4990
3777575,4588
3779157,4024
3779200,4843
3779844,4094
3780642,5014
3781079,4361
3781426,4255
3782742,3939
3783116,3732
3783467,4024
3783893,3853
3784122,5041
3784724,3635
3785076,3449
3785965,5076
3786081,3774
3786314,3701
3787133,5042
3787341,4012
3787864,4131
3788619,4515
3788753,3994
3788992,4409
3789302,4353
3790338,3663
3790596,3598
3791138,3305
3791721,3268
3792273,4764
3793033,4490
3794685,3618
3795112,4581
3795131,3709
3795369,4922
3796092,4639
3796270,4654
3796410,3822
3796545,5244
3797383,4189
3798131,5087
3798667,3624
3798986,3512
3799789,3309
3800502,6527
3800700,4736
3801209,3955
3801286,3997
3801898,6058
3803106,5471
3803357,5384
3803752,4942
3803770,4057
3803931,5741
3805308,4052
3805721,3884
3805783,3327
3807184,4512
3808153,4157
3808390,4761
3808783,4675
3809193,4397
3809442,5156
3809927,4839
3810071,4450
3810643,6276
3810706,6116
3812087,3593
3812409,4687
3813443,5144
3813645,4109
3813939,4565
3814894,4609
3815808,3612
3816108,3554
3816620,3386
3817180,6130
3817352,4628
3817590,3858
3817887,3807
3818751,4983
3818929,3949
3819586,4621
3819824,4230
3819986,4625
3820201,4736
3821556,3995
3822281,4060
3822325,3656
3822984,3509
3823631,4115
3824129,3987
3824693,3846
3824994,4057
3825438,4973
3825709,5360
3825915,3548
3827096,3836
3827250,3833
3827728,3833
3828664,4527
3828787,4480
3829231,4275
3829562,5365
3829950,4494
3831948,3741
3832318,3829
3832556,3744
3832596,4865
3833327,3607
3833969,4870
3834272,4815
3834308,5421
3835016,3201
3835783,4356
3835979,5045
3837335,4199
3837599,4666
3837606,4340
3837746,3720
3839099,3381
3839602,3561
3839961,4865
3840371,3715
3840646,3788
3841160,3662
3842111,3629
3842136,4594
3842988,4949
3843294,3799
3843816,4605
3843939,3547
3845488,3455
3846201,3995
3846243,5303
3846735,4332
3847718,3882
3848667,4217
3848777,3716
3849001,6727
3849695,3699
3849770,4514
3849936,4678
3850449,3412
3851167,4263
3852343,4410
3852491,3672
3853568,4121
3853681,3902
3854574,3778
3854867,4867
3855102,4236
3855265,5428
3855621,4736
3855836,6203
3856872,5700
3856894,4207
3857980,3884
3858145,3616
3858488,3812
3859763,3503
3860175,3860
3860608,4078
3861016,4161
3861485,3794
3862495,5110
3862630,3865
3862993,4141
3863650,4341
3864730,3992
3864956,3885
3865467,4534
3865634,3855
3865814,3881
3865821,3399
3866680,3633
3867502,3873
3867964,3257
3868148,5451
3869096,4050
3869902,4103
3870671,4038
3870711,5952
3871456,4898
3871598,4451
3871866,5597
3872422,4626
3873343,3816
3874339,4400
3874436,5178
3874468,4796
3874971,3411
3876340,4127
3877292,4986
3877718,5217
3877880,5974
3878048,6595
3878218,6628
3878550,4031
3878869,5478
3879821,4784
3881240,3802
3881273,3842
3882468,4160
3883045,4578
3883237,4454
3884353,3734
3885625,3740
3885673,3275
3886186,4656
3886208,4664
3886361,3806
3886394,4080
3886851,4509
3888159,3295
3888389,4221
3888652,4541
3889827,4434
3889992,3616
3890670,3977
3891320,4253
3891584,3514
3892070,4428
3892369,4282
3892420,5835
3893346,4336
3893685,3597
3894351,5085
3894803,4266
3894818,4661
3895241,5236
3895723,5210
3897004,4632
3897022,4932
3897599,4702
3897855,4587
3898578,4424
3899206,4961
3899792,4457
3900332,3969
3901160,4442
3901307,4250
3901882,6882
3902388,3519
3903073,3564
3903422,4185
3903924,3980
3904295,4736
3904855,3353
3905346,4645
3905728,4559
3905907,4187
3906105,4522
3907303,3695
3907706,4431
3908041,5083
3908303,4111
3908849,4332
3909166,3534
3910231,4033
3910417,4618
3911063,3733
3911164,4008
3911405,3844
3912237,4425
3913461,4534
3913802,4777
3913964,4869
3914092,4295
3914404,4593
3915717,3963
3915957,4277
3916769,4203
3916992,4146
3917208,3774
3918197,3936
3918667,3905
3919081,4656
3919238,4393
3919461,5450
3920378,4742
3920438,5298
3922420,3683
3922495,4438
3923024,4689
3923311,4136
3923471,3875
3923974,4206
3924131,5791
3925047,4483
3925262,3596
3926278,4924
3926306,4365
3927172,4981
3927786,4691
3928270,5081
3928370,4889
3928428,5504
3929119,5113
3929744,4962
3930796,4218
3930856,4358
3931481,3918
3932443,5168
3932629,3405
3933603,3527
3933771,5294
3934066,3916
3934371,4352
3934942,4599
3936022,3573
3936402,3623
3936629,3772
3937063,4131
3937487,3786
3937930,4385
3938507,3912
3939127,3749
3940185,4185
3940301,4421
3940428,4460
3940451,5760
3940834,4444
3941290,4309
3941606,4158
3942782,5737
3942842,4089
3943030,3568
3944567,4729
3944871,4265
3945034,4667
3946742,5218
3946835,3714
3947218,3969
3947480,3781
3947967,4031
3948282,4367
3948841,4025
3949362,6670
3949785,4203
3949930,4707
3950720,3524
3951419,6162
3951629,4557
3952177,4793
3952496,4004
3953030,4894
3953563,6234
3954119,5834
3954396,4495
3954723,4494
3956207,5596
3956318,6713
3956791,5187
3957106,4454
3958224,4033
3958396,4043
3959070,7109
3960165,4768
3960210,4763
3960299,4729
3961692,4063
3962783,4821
3963135,3957
3963604,3843
3963833,4416
3964054,4626
3965287,5142
3965314,3793
3965349,4559
3965904,5017
3966509,4929
3967272,4275
3967646,4028
3968610,4709
3968772,4267
3969299,3995
3969633,3995
3970171,4188
3970839,4524
3971759,4189
3971787,4191
3972058,3947
3972649,4328
3973402,3874
3973831,4297
3973996,3820
3974155,4637
3974490,3970
3975574,5342
3976331,4433
3976930,6831
3977133,3870
3977472,3745
3977959,4029
3978271,4525
3978568,6826
3978930,5533
3978948,8446
3981086,3411
3981452,4085
3981669,4277
3981827,4240
3982132,4964
3983028,3548
3983898,3360
3984667,3405
3984925,3579
3985548,4394
3986051,4182
3986214,4767
3986395,5456
3986709,4486
3988263,4010
3988959,3507
3989266,3664
3989477,4549
3989576,5165
3990174,5029
3990699,3605
3991354,4250
3993097,4593
3993141,3772
3993326,3875
3993723,4754
3994056,4612
3995436,4334
3995784,3410
3996274,5321
3996442,4232
3996824,4182
3997676,5088
3997785,4481
3998047,3905
3999176,4642
3999865,5010
3999912,3446
4000351,3857
4000831,4312
4001711,5162
4002094,3936
4002394,3742
4002589,5002
4002890,4291
4003925,4285
4004697,4239
4005082,4398
4005288,4561
4005418,5476
4006320,3909
4006449,4217
4007091,4399
4007276,3895
4007705,4108
4008694,3530
4009085,3544
4009848,3271
4010683,4363
4011802,3864
4012926,3329
4012942,4778
4013467,5464
4013731,3588
4013891,4160
4014050,5931
4014269,4469
4014405,3794
4015595,4214
4015978,3623
4016474,4056
4017459,3785
4017859,4764
4018288,4584
4018792,6519
4019035,5651
4019361,5528
4020071,4163
4020235,4878
4020450,7752
4021636,5351
4021773,4245
4022779,3605
4023211,3846
4024382,3888
4025267,4465
4025852,5759
4026020,5478
4026195,4098
4026719,4612
4026876,3853
4027385,4979
4027553,4239
4028915,3237
4029208,3543
4029923,3676
4030444,3766
4030874,4111
4032348,5228
4032703,6093
4033410,3427
4033637,3407
4034703,3639
4034832,7363
4035040,4662
4035161,4461
4035329,4045
4035499,3712
4037116,4473
4037219,3621
4037845,3556
4038567,5237
4038897,4240
4039661,4460
4039883,5675
4040175,5241
4041106,3927
4041147,6463
4041853,4536
4041977,7321
4042462,3878
4043382,3664
4044095,3109
4044571,3481
4045148,4527
4045658,4817
4045840,4586
4046581,5217
4046691,4373
4047877,3576
4048204,3691
4048583,4433
4048768,4206
4049464,4407
4049838,4729
4050710,4777
4050879,4234
4051230,5267
4051616,4443
4051952,4687
4052181,3648
4053203,3943
4053746,4350
4054191,3620
4054924,4826
4055316,4175
4056265,3716
4056659,3761
4057409,4270
4057424,4229
4057876,5317
4057957,4898
4058605,4771
4059364,4132
4060150,3526
4060310,4923
4060662,4471
4061279,4454
4062160,4536
4062287,4657
4064146,4813
4064173,3890
4064320,3318
4064578,5152
4064751,3850
4065492,5211
4065634,3611
4066338,4081
4067151,4353
4067502,4220
4067895,4077
4068264,3964
4068704,5491
4069450,4129
4069558,3822
4070022,4677
4070840,4291
4071206,3563
4072306,3840
4072394,3932
4072461,5162
4072764,4360
4073584,4883
4073793,5684
4074308,4513
4075807,5251
4075848,5408
4075991,4044
4076737,3688
4076858,3494
4077310,4423
4077772,3699
4078575,4046
4078907,3895
4079624,3615
4080572,3671
4081102,4127
4081557,3829
4082849,4028
4082882,3786
4083699,3934
4083814,5099
4084333,4429
4084363,3715
4084744,3933
4085950,4300
4086027,3331
4086134,4097
4087276,4133
4087303,3556
4088201,3894
4088612,3895
4089624,3325
4089747,3865
4091084,3764
4091250,4985
4091441,3654
4091592,4270
4092913,3971
4093787,5744
4093955,3768
4094083,4118
4094679,3507
4095149,4246
4095341,4848
4096127,4195
4096847,3984
4097024,5054
4097056,4303
4098495,4567
4098835,3841
4099365,5127
4099765,3925
4099930,3790
4101015,4458
4101179,4577
4101194,4712
4101450,4410
4102231,4112
4103175,3770
4103379,4909
4104091,3271
4104261,4592
4105004,4220
4105763,5063
4106172,3753
4106750,4616
4106910,5626
4107074,4682
4107228,4851
4108302,4075
4108433,5151
4109604,4492
4109627,4198
4110231,3997
4110975,3858
4111571,4838
4111906,4399
4112211,4796
4112618,4978
4112827,5101
4114473,3784
4115315,5834
4115670,3802
4115694,4236
4115744,5189
4116834,3568
4117327,5258
4117785,4046
4117853,4808
4118592,5044
4118786,3715
4119662,4834
4120204,4752
4120656,4990
4121237,4485
4121910,3683
4122123,5081
4122793,5812
4122951,5268
4123104,4258
4123917,3671
4124814,5550
4125131,3607
4126279,3884
4126632,3832
4127010,4051
4127751,3911
4127800,3854
4127850,4998
4129034,3838
4129711,3778
4129878,4860
4130822,3535
4131202,3643
4131924,3677
4132321,4185
4132343,4244
4132605,4230
4133160,5100
4133325,4111
4134172,5041
4134602,3342
4135007,4281
4135188,5161
4135701,3993
4137044,3577
4137163,5566
4137764,5656
4137771,3849
4138075,3966
4138390,3851
4139449,4972
4139787,5085
4140164,4103
4140736,4440
4140815,3897
4141757,3400
4142704,4282
4142766,4675
4143168,5273
4143876,4989
4145396,3660
4145887,3566
4146261,4945
4146283,3896
4146327,5670
4146436,5072
4147382,4556
4147842,5390
4148990,4895
4149200,4755
4149453,3969
4149607,4488
4150664,3581
4151332,4417
4152109,4910
4152503,4634
4153039,4584
4154677,3797
4154735,3852
4155098,5971
4155166,5520
4155343,5680
4155844,3852
4155906,4401
4157342,4343
4157709,3691
4158122,3797
4158967,3469
4159030,4427
4159868,4093
4161563,5079
4162188,3882
4162654,3577
4162803,5814
4163016,4226
4163142,5837
4163279,4571
4163774,4353
4163993,5090
4164235,4916
4166250,4445
4166395,4206
4167045,4093
4167659,5384
4168314,4566
4168944,4876
4169110,5817
4169585,5015
4169613,4762
4169756,3801
4170804,4508
4170972,4679
4171283,3613
4173192,3635
4173683,4561
4173939,5375
4175787,3419
4176154,4586
4176358,4022
4176431,6606
4176504,5330
4177006,4582
4177158,4050
4177214,6547
4178586,4081
4179598,3299
4179714,3710
4180727,5839
4180932,3824
4181392,4420
4182166,3234
4182581,3780
4183307,5433
4183869,3904
4184686,4267
4184706,3494
4185029,4143
4186035,3454
4186356,3814
4186971,3532
4187134,4606
4187222,3854
4188023,3731
4188338,5071
4189079,4317
4189926,4269
4190230,4079
4190608,3986
4191635,4068
4192328,3548
4192477,5378
4192680,3626
4193155,4474
4193887,3549
4194810,3942
4194942,3457
4195335,4853
4195461,4451
4196733,3532
4196785,4542
4197267,4074
4198108,4454
4198466,5062
4198561,4477
4198571,4347
4199142,4286
4200056,5144
4200619,3802
4201149,5326
4201502,4122
4201521,4406
4202853,3258
4203670,4498
4203763,3991
4203899,4466
4203980,4017
4205196,3538
4206116,3234
4206507,5943
4206773,5194
4206795,3908
4207016,4346
4208336,4025
4208504,5800
4209791,3398
4209946,3356
4210343,4253
4210768,4812
4211260,4422
4212578,4067
4212846,4016
4213315,4366
4213667,4553
4213838,3759
4214037,4416
4214936,4444
4215210,4711
4215788,3654
4216031,4081
4216786,4625
4217019,4783
4217854,4307
4218027,3987
4218322,5459
4218650,3615
4219587,5180
4219756,4769
4220061,4255
4220269,3829
4222441,4439
4222552,5935
4222639,3775
4222815,3870
4222984,4639
4224640,3797
4225197,3572
4225704,3602
4225774,4322
4226132,4219
4226586,3630
4227479,4217
4227603,3533
4228884,4364
4229906,4165
4230562,4125
4230625,4036
4230763,4367
4231714,3633
4232175,3644
4232627,3575
4232662,4150
4232700,4644
4233451,4136
4234212,4154
4235147,4436
4235343,3829
4235760,5438
4235931,4144
4236348,4869
4236554,4072
4237773,3144
4237970,5402
4238359,3950
4238556,3683
4239320,4069
4239808,4948
4240355,4922
4241444,6104
4241495,6196
4241921,5244
4242080,4809
4242425,4414
4242708,4729
4243659,4390
4243671,5363
4244854,3508
4245818,3186
4247923,4275
4248568,3460
4249398,4309
4249839,3523
4250183,3937
4250244,3692
4250744,5788
4251152,3799
4251207,4087
4251340,4374
4252282,4340
4252503,3735
4254358,3832
4255057,4365
4255566,4080
4255789,3223
4256974,3380
4256994,3916
4257499,4334
4257641,4108
4258238,5538
4258309,3936
4258727,5033
4259351,4032
4260099,4286
4260284,4689
4260746,4855
4261103,4128
4262229,4010
4262708,4554
4263281,3419
4263960,3843
4264045,4353
4265254,4268
4265751,3212
4266552,3565
4267115,4329
4267387,3943
4267419,5489
4268122,3956
4268690,3642
4269250,3455
4270057,5331
4270247,3835
4270478,3392
4270904,3921
4271880,4397
4271995,4069
4272869,4877
4273143,4779
4273467,4499
4273475,5775
4274180,5138
4274402,5175
4275069,4807
4275582,4737
4276603,5017
4276627,3579
4278117,4068
4278364,4406
4278666,3921
4279807,4431
4280476,4016
4280788,4677
4281004,3855
4281454,4825
4282018,5160
4282591,4860
4283214,3770
4283717,4263
4284159,3985
4285269,3882
4285840,3975
4286209,3792
4286882,3832
4287689,3372
4288533,3202
4288852,3399
4289218,3553
4289242,5100
4290209,3764
4290478,4031
4291646,3730
4292016,3813
4292189,4398
4292501,4213
4293373,3814
4294038,3946
4294654,4131
4295773,3723
4296118,4302
4296275,4268
4297074,4105
4297241,3693
4298024,3929
4298254,3548
4298622,3375
4299272,3880
4299852,3452
4299917,3846
4300664,3738
4300682,3985
4302137,4290
4302226,3666
4302393,4279
4303015,4456
4303488,5104
4304089,4335
4304318,5254
4304839,4929
4305058,5108
4305191,3784
4306247,4426
4306682,4303
4307288,4231
4307775,3368
4308596,4452
4308963,4699
4309254,4443
4310118,4148
4311063,3857
4311763,3847
4311831,4646
4312084,4861
4312206,4812
4312309,4850
4313164,3947
4314318,4640
4314509,4289
4315123,4791
4315809,4212
4316439,3955
4317218,3812
4317645,4827
4317840,3911
4318262,4532
4318404,4551
4319045,6149
4319247,3966
4320341,4761
4320394,3335
4321123,3652
4321298,3805
4321989,4118
4323205,4471
4323447,4940
4323694,3607
4324112,3500
4324244,4572
4325558,3999
4325724,4002
4325863,4208
4325991,4252
4326233,4262
4327777,3261
4327994,4432
4328072,4856
4328631,3602
4328951,3784
4329835,4897
4330634,3415
4331180,5024
4331354,3710
4331455,4168
4331639,4228
4333093,3965
4333317,3438
4333698,3902
4333981,4106
4334355,4055
4335320,4263
4336139,4079
4336499,4084
4336953,4901
4337161,5251
4337432,4327
4337841,4533
4338450,5561
4339169,4130
4339318,5065
4339724,4051
4340752,4845
4341030,4978
4342024,5083
4342196,4123
4342581,5861
4342751,5356
4343435,4459
4344161,5265
4344170,4449
4345267,4358
4345742,4049
4346148,4915
4346470,3850
4347205,4652
4348020,4790
4348566,5349
4348828,4145
4348994,5753
4350488,4732
4350605,4515
4351331,5145
4351489,4569
4352338,4900
4353059,3753
4353419,4728
4353427,5577
4354176,5405
4354943,4173
4355402,3476
4356146,4501
4356347,5587
4356807,4967
4357008,4111
4357391,4438
4358289,3870
4359230,3192
4359859,4205
4360050,3383
4360826,4516
4360894,4699
4361245,4264
4362807,4048
4362992,4692
4363047,4319
4363567,4481
4363683,4329
4363949,4741
4364363,4631
4365909,4849
4365926,3553
4366155,3849
4367085,4157
4367597,5328
4368136,4974
4368602,4662
4369059,6736
4369609,5621
4369867,5722
4370292,5734
4371855,4238
4371980,4806
4372559,4488
4373394,3367
4373962,4468
4374119,5221
4375381,5518
4376173,5012
4376508,3931
4377495,5035
4377588,4476
4377955,3914
4378212,4328
4379671,3410
4379885,4310
4380131,3474
4380821,4033
4381273,4231
4382647,3988
4383773,3615
4384135,3969
4384308,3759
4384769,4252
4384873,4398
4385095,4779
4385336,5045
4385358,4743
4385681,4093
4387008,3941
4387556,3493
4388340,4264
4388433,3955
4389170,4490
4390207,3714
4391229,5986
4391445,3754
4391600,5228
4391672,4231
4391992,5315
4392624,4043
4392786,3509
4393955,3754
4394115,4119
4394347,3805
4395356,3408
4396012,4590
4397236,3947
4398442,3636
4398826,3917
4399068,4228
4399600,5574
4399888,4165
4400028,5453
4400310,4559
4400404,3946
4400719,3928
4401642,3676
4402233,4114
4403046,3873
4403592,4034
4404244,4223
4404967,4004
4405030,4243
4405593,4511
4405998,4380
4406082,5148
4406832,4206
4407083,5448
4407413,5627
4407907,3780
4408673,3800
4409145,3988
4409696,4683
4410253,4940
4410625,4394
4411167,4327
4411636,3947
4412629,3964
4412906,5676
4413670,3951
4413717,3828
4414286,3914
4414641,4603
4415468,4453
4415715,3707
4416022,4530
4416183,4743
4416686,5054
4417721,4346
4417904,4314
4418334,3592
4418820,4638
4419393,4459
4419877,4436
4420080,3658
4420871,3367
4421271,3664
4422372,4896
4422430,4931
4422956,3330
4423108,3975
4424438,3486
4424716,3777
4425365,5091
4425434,4493
4425506,4940
4425582,5262
4426423,3551
4427475,3463
4428007,3627
4428287,4461
4428444,5805
4429164,3674
4430030,3592
4431182,3858
4431486,5316
4431551,3918
4431741,4063
4432075,5677
4432162,4951
4433091,4217
4433259,3701
4434360,3840
4434524,3465
4435184,3265
4435769,3440
4435928,4350
4437049,4442
4437401,4502
4437827,4165
4438284,5345
4438443,4570
4438683,4803
4438888,4977
4439049,3814
4439349,4468
4440423,4893
4441752,3304
4442203,4415
4442367,3715
4443100,3873
4443313,4585
4443672,4529
4444062,5188
4444220,4628
4444426,4718
4445152,4663
4445409,5055
4446219,3928
4447112,3809
4447471,4068
4448031,3185
4448295,3670
4448978,3478
4449291,4083
4449626,3919
4449924,3863
4450252,4161
4450611,4435
4451051,5023
4451357,5789
4451823,3781
4452116,3863
4452583,4455
4453897,4551
4453977,4014
4454093,4237
4454936,4554
4455170,3994
4455741,3951
4456357,3708
4456785,3866
4457357,3680
4457552,3384
4458122,4173
4458428,4535
4458686,4214
4459692,3631
4459972,3838
4460611,4109
4460742,3837
4461477,4653
4461604,4434
4461664,3952
4462420,3436
4463148,3447
4463252,4698
4463948,4595
4463980,3469
4464735,3918
4464870,4107
4466329,4180
4466558,3684
4467030,4228
4467156,3858
4467175,5523
4468203,5473
4468360,4508
4469048,3348
4469222,3584
4469433,5365
4470345,5390
4470838,5208
4471163,4770
4471394,4076
4472590,5113
4473075,5552
4473229,5493
4473347,4103
4473770,3148
4474946,3484
4475700,4780
4476247,3350
4476583,3471
4476750,3637
4477061,5021
4478003,3355
4478164,3771
4479038,4399
4479095,3813
4479241,3574
4480222,4500
4480559,3801
4480677,5151
4480853,4189
4481506,3627
4482164,4280
4482382,4696
4483091,3760
4483250,4350
4483605,3782
4484494,8071
4484865,4150
4485301,3885
4485470,5368
4485970,4469
4486821,4278
4487378,3872
4487691,4583
4487866,4730
4488075,4747
4489135,3760
4489339,3610
4490575,4319
4490932,4127
4491400,3862
4491621,3951
4493307,4069
4493446,4723
4493731,4216
4493764,4190
4493885,4124
4494004,3699
4495339,3239
4495911,3370
4496399,3183
4496573,3165
4498801,3784
4499384,3677
4500088,4347
4500136,3208
4500555,3504
4500717,3691
4501417,4674
4501720,4987
4501759,3996
4502674,3731
4503261,5196
4503618,4241
4504188,6196
4504262,5387
4504575,4386
4504636,5432
4505892,3380
4506219,5029
4506679,6130
4506881,4213
4507945,4062
4508574,4022
4509104,4060
4509365,5402
4509743,5644
4510215,6007
4510557,4485
4511246,5020
4511385,4953
4512125,4674
4513182,4596
4513438,3612
4513545,3169
4514983,4087
4515627,4080
4515732,3639
4516877,5170
4516956,5534
4517126,4034
4517419,4795
4517595,5149
4517751,3986
4517967,4665
4519774,3315
4519799,4195
4520281,4124
4521269,5430
4521903,3586
4523071,4039
4523277,6045
4523404,4440
4523610,4345
4523770,5985
4524163,5910
4524551,5062
4525577,3347
4525651,3577
4526941,3170
4527414,4601
4528078,3382
4528254,3820
4529045,3952
4530185,3569
4530861,3607
4530882,4362
4531031,5149
4531508,3746
4531615,4354
4532389,4257
4532749,4581
4533213,3392
4533286,4974
4533856,3182
4534641,3230
4535336,4609
4535509,4230
4536707,3696
4537456,4032
4537765,3523
4538643,4305
4538785,5306
4538898,4204
4539182,5624
4539421,4457
4540085,4211
4540632,4577
4541545,3490
4541606,3844
4541890,4535
4543187,4805
4543352,4753
4545039,4507
4545285,3846
4545396,3892
4545648,4414
4546672,4663
4546842,5052
4546998,4225
4547139,3340
4548276,4355
4548407,4191
4549475,5338
4549621,3867
4550031,4018
4550758,4559
4550866,3473
4551688,4051
4552105,4184
4552884,3381
4552911,4481
4553058,3429
4553655,3638
4554478,4798
4554618,4328
4554954,4658
4555416,4763
4555902,5218
4556953,5789
4557128,5145
4557466,3986
4557781,4012
4557934,4198
4559093,4440
4559959,3821
4560320,3709
4560535,3694
4561268,4152
4561619,4438
4561885,4665
4562392,3974
4562579,5240
4562866,4297
4564031,3754
4564704,4585
4564868,4727
4565203,3609
4565785,3416
4566618,4114
4567256,3631
4568330,3424
4568419,4653
4568903,3621
4569589,3678
4570083,3589
4570259,3681
4570408,4290
4570575,4554
4570970,4446
4571216,4440
4571971,3671
4573052,3726
4573465,5753
4574063,3418
4574264,3852
4574613,3790
4576286,3877
4576306,4386
4576615,4609
4576662,4136
4577498,4252
4578000,4043
4578060,4437
4578650,3902
4578807,3961
4579708,4171
4580731,3989
4581134,4459
4581331,7316
4582168,3706
4583065,4737
4583093,4193
4583169,5672
4583230,4763
4583302,4334
4584047,5071
4585138,3726
4586108,4366
4586335,5013
4587568,4194
4588408,4802
4589200,3786
4589895,3820
4589947,3427
4590421,3967
4590758,4745
4591112,4232
4591832,4011
4592046,4059
4592373,3470
4593752,4291
4593866,3914
4594069,3978
4594226,4044
4594485,3932
4595438,5950
4595674,5824
4596118,4602
4596259,3748
4596751,3285
4598633,4916
4598663,4273
4598840,3705
4599199,5631
4599285,4359
4600469,5121
4600972,3460
4601633,4079
4601709,4082
4602307,3926
4602917,4168
4603316,4827
4603803,3791
4603976,4363
4604959,4672
4605094,4185
4606300,4338
4606432,3828
4606532,4879
4607166,3890
4607895,4938
4608003,5066
4608707,8091
4608871,5003
4609725,4031
4610014,4128
4610435,4222
4610970,3736
4611592,3522
4611686,3686
4612972,4714
4613199,4149
4614227,4496
4614780,4818
4615447,5128
4615691,3676
4615785,4487
4615985,4751
4616284,4642
4617081,4376
4617753,3508
4618374,3679
4618911,5074
4619585,3583
4619904,4244
4621264,4790
4621439,4245
4621846,6758
4622148,5859
4622488,6224
4622510,4658
4622814,3945
4623311,3383
4624154,4659
4624806,3297
4625973,3797
4626302,4558
4626969,4111
4627320,4011
4627461,4294
4628285,3939
4628771,3718
4629945,4046
4629968,3444
4630384,3302
4630676,4134
4631571,4740
4631949,3418
4632413,4312
4632786,4339
4632977,5404
4633142,3754
4634266,5098
4634438,4467
4634881,4202
4635575,4044
4636060,4021
4637256,3511
4637275,4052
4637793,3574
4638212,3469
4639056,4189
4639182,4676
4639569,5220
4639714,4764
4639916,4319
4640202,3340
4641151,4079
4641758,3948
4642200,4468
4642336,4431
4643553,3816
4643669,3931
4644563,4005
4645045,4696
4645305,4431
4646070,4241
4646495,4213
4646833,3212
4647764,3258
4647945,5169
4648015,3977
4648345,3991
4648832,4172
4650427,4880
4650723,3882
4651413,5086
4651727,5039
4651992,4318
4652058,4027
4653889,3899
4654249,5835
4654738,3860
4654807,4673
4654919,4240
4655532,4215
4656890,3895
4657038,5369
4657144,4462
4657467,5431
4657886,3852
4658763,3832
4659449,4641
4660106,3874
4660664,4720
4660687,5548
4660924,6570
4661703,4297
4662064,5016
4662684,4703
4663262,4662
4663377,4245
4664133,3831
4664801,3982
4665475,4238
4666126,3903
4666342,4611
4667219,4520
4667697,4682
4668077,4422
4668238,7606
4668493,4948
4668622,6007
4668971,3827
4669846,4931
4670400,3844
4671228,3684
4672037,3904
4672974,4080
4673038,4223
4673604,4371
4674053,4245
4674487,4480
4675057,4400
4675665,4369
4676075,5189
4676287,4621
4676535,3636
4677427,3934
4677587,3770
4678129,4931
4678613,3659
4679089,4873
4679601,4400
4680287,4865
4680709,4284
4681050,5926
4681603,5073
4681785,4431
4681933,5697
4682396,3663
4683194,3627
4684160,3956
4684323,4776
4685238,4960
4685471,4126
4686223,4862
4686975,6038
4687156,4838
4687203,5096
4687731,3950
4688596,4476
4688742,4718
4689248,3492
4690078,4196
4690384,7943
4691223,3422
4691825,3479
4692134,3941
4692436,3848
4693667,3131
4693802,3858
4693869,4193
4694805,4363
4695245,4781
4695491,4258
4695778,4346
4696870,3596
4697244,3645
4697505,3810
4698278,4315
4698495,3898
4699023,5240
4699320,4042
4700354,3551
4701107,4688
4701143,3446
4702164,5119
4702195,4257
4702266,6069
4702828,4204
4702985,5458
4704300,3737
4704960,3505
4705425,3581
4705618,3579
4706111,4168
4706624,3736
4707413,3981
4707703,4796
4708250,4146
4709325,3849
4709835,4175
4710187,4349
4710481,4512
4710574,4827
4710715,4576
4710805,4810
4712117,3551
4712788,4410
4712996,5088
4713310,4519
4714154,4861
4714677,3915
4716000,3443
4716435,5058
4716749,4474
4716989,3493
4717581,5235
4717798,5985
4718260,5365
4719099,5109
4719279,5506
4719628,4328
4719719,4594
4720785,5284
4721568,4260
4721785,3813
4722957,3511
4724380,4060
4725375,3795
4725891,3728
4726650,3320
4727102,3694
4727213,3714
4727395,3438
4727894,3466
4728048,3835
4728072,3863
4728813,3331
4729467,3940
4729879,4185
4730405,3717
4732130,3226
4732686,4764
4732748,4025
4732997,4126
4734208,4244
4734492,4241
4734729,3560
4735701,3596
4735884,3938
4736059,4148
4736222,4375
4736973,3923
4737423,4183
4738259,4726
4738583,3744
4739316,4110
4739505,4964
4739721,4569
4739968,4192
4740991,4013
4741196,5043
4741958,3380
4742277,4969
4743164,5393
4743208,4250
4743743,4398
4744711,4515
4745184,4865
4745269,4819
4745854,5879
4745867,5179
4746852,4686
4747721,3580
4748568,4603
4748646,5559
4748950,4839
4749418,3329
4750192,3931
4750678,3613
4751769,4443
4751919,4097
4752329,3660
4752362,4224
4753351,3740
4753637,4231
4754403,3558
4754676,4633
4754825,4266
4754904,4497
4756721,3276
4756883,4586
4757202,4091
4757369,5228
4757595,4197
4758493,4233
4758608,3325
4760111,4192
4760274,4531
4760344,5249
4760707,5003
4762109,5486
4762150,4834
4762367,4047
4762589,4211
4763693,4214
4763980,4704
4764502,4297
4765064,4780
4765829,3252
4765836,4536
4766798,3693
4767342,4199
4767380,3955
4767815,3682
4769210,4657
4769231,4107
4769485,4850
4769697,4080
4770318,5220
4771744,3546
4772151,4164
4772859,3543
4773284,4002
4773905,4973
4774272,4317
4774756,4300
4774796,4259
4774933,5727
4775502,6327
4775720,4085
4776938,3585
4777456,5601
4777472,3851
4778782,4110
4779882,4102
4780116,4687
4780257,5602
4780676,4953
4781022,4643
4781136,4146
4782083,4270
4782255,4343
4783186,4770
4783251,4870
4784125,3689
4784954,4178
4786051,3621
4786435,4542
4786827,3721
4787228,3652
4787391,4320
4788083,4343
4788600,3664
4789426,4318
4789570,3834
4789941,4464
4790092,4206
4791076,3842
4791181,4390
4791470,4150
4792485,3634
4792612,3608
4792653,4218
4793736,3646
4794722,5014
4794797,4509
4795146,3163
4796018,4112
4796484,4432
4797450,5186
4797568,3322
4798271,3510
4798544,4071
4798671,3586
4798919,4443
4799769,3934
4800402,4002
4800606,4572
4801318,4067
4801505,4494
4801967,5599
4802374,4061
4802852,4077
4803085,3694
4804052,4590
4804323,3693
4804894,4526
4805402,4375
4806144,4527
4806161,4399
4806550,4649
4807041,5014
4807241,4429
4807671,4700
4808151,4880
4809247,3687
4809613,4403
4810373,3894
4811041,4347
4811094,4901
4811521,5002
4811942,4321
4812458,4982
4814286,3882
4814578,4061
4815045,4413
4815307,4276
4816098,4308
4816809,3571
4817160,4004
4817334,4619
4817365,3955
4818023,4339
4818503,4099
4819077,3738
4819709,3692
4819730,3980
4820473,3855
4820694,4927
4821481,4852
4821724,3732
4823338,6463
4823369,5841
4823391,5729
4823954,4965
4824150,4123
4824283,5708
4825701,4192
4826010,4911
4826075,4381
4826597,3746
4828455,4769
4829617,3464
4830804,3455
4831019,3970
4831703,3724
4831783,5041
4831956,4260
4832008,4404
4832114,4221
4833046,4017
4833567,3955
4833593,3819
4834367,3694
4835200,3984
4835849,4024
4836310,4290
4837258,4164
4838136,3968
4838331,4261
4839020,4028
4839219,4812
4839384,4838
4839617,4811
4839999,3969
4840298,4486
4840735,5013
4841610,4182
4842227,3775
4843278,5091
4843449,3901
4844423,3420
4845267,3152
4845709,4217
4846168,3430
4846241,3843
4846427,4415
4846712,4950
4846756,4537
4847503,4084
4848474,4998
4848720,3879
4849234,3510
4850402,4714
4850597,4412
4850751,4436
4851859,3875
4852181,3283
4852871,4871
4852953,4875
4853023,5121
4853330,4887
4853771,3847
4855982,3451
4856397,3945
4856622,3461
4856773,3986
4857075,4299
4858673,5116
4858731,4573
4858861,5029
4859053,6319
4859230,5769
4859637,5844
4860174,5711
4860500,4114
4861627,3626
4861921,4501
4863451,3891
4863987,4597
4864196,5079
4865431,3878
4866447,3640
4866942,4653
4867120,4711
4867236,4132
4867634,3510
4867751,3647
4868863,4730
4869006,3919
4869596,4098
4870265,4936
4870665,3477
4872017,4196
4872065,4075
4872282,4506
4872441,4580
4872534,4670
4873199,4837
4873997,4451
4874310,4600
4874697,4086
4875787,3252
4876427,3637
4876445,4251
4877502,4701
4877607,4020
4877613,4087
4879011,3866
4879743,3760
4879840,3423
4879945,6294
4880122,6455
4880975,4292
4881139,4575
4881825,4281
4882035,4582
4883414,3922
4883697,4128
4884284,3797
4884455,4631
4885652,4084
4885859,3960
4887281,4039
4887809,4677
4888048,4451
4888447,4436
4889757,3851
4889923,3800
4890450,3909
4890497,5306
4890733,5549
4890743,4384
4891451,3971
4892714,3633
4893030,5807
4893294,4298
4893937,4361
4894627,4138
4895234,4243
4896199,4034
4896497,4272
4896843,4920
4896977,4018
4897071,4345
4897988,5010
4898740,4049
4899021,5121
4899281,4898
4899909,4224
4900654,3949
4901296,3754
4901816,3796
4902108,4619
4902155,3935
4903352,3793
4903624,4373
4905195,4891
4905312,3998
4905700,4056
4906850,3603
4907449,5288
4907553,3263
4907682,3599
4908227,4449
4908261,4358
4908272,4271
4909962,3984
4909988,4193
4910967,3720
4911640,3736
4911718,3887
4911814,4226
4913173,3598
4913355,3572
4913765,5345
4914396,4274
4914575,4097
4914877,4714
4916111,4649
4917086,4261
4917104,6800
4917419,4742
4917586,4145
4918044,3912
4919817,6208
4919832,4031
4919887,4496
4920038,4206
4920859,3628
4922019,5441
4922619,5061
4922797,3896
4922807,4339
4924790,3355
4924941,4273
4925290,4076
4925612,4364
4925894,4554
4926402,4396
4926819,4536
4927947,3917
4928452,4137
4928623,4371
4928825,4898
4929466,5783
4929721,4497
4930133,5524
4930618,3957
4931138,5038
4931492,5686
4932009,4281
4932712,6300
4933124,4656
4933820,4681
4934729,4895
4934822,5077
4935903,5118
4936206,4682
4936432,4839
4936821,5063
4937344,4972
4937994,4186
4938651,5902
4939301,5370
4939735,4067
4940041,5304
4941184,5247
4941361,4542
4941603,5904
4942634,3833
4943002,4020
4943053,4357
4944317,3430
4944993,4000
4945130,4083
4945497,4468
4946610,3469
4947397,3980
4947552,3384
4948363,4219
4948712,4547
4948772,5384
4948951,4750
4949382,3560
4949755,4936
4950586,4728
4951015,5125
4951237,3756
4951930,5112
4952773,4993
4953426,3692
4953960,5106
4954112,4259
4954433,4577
4955339,3919
4955597,5318
4955729,4582
4956463,5636
4957610,4195
4957951,5868
4958059,6340
4958639,3926
4959215,4870
4959384,3802
4959721,5301
4961083,5175
4961670,4676
4961925,4360
4962761,3824
4963293,4570
4963703,4250
4964731,3736
4964893,4596
4965212,3686
4965583,3798
4966449,5544
4966722,6822
4966934,5512
4967510,3859
4968122,4985
4968300,4752
4968717,3723
4969026,3822
4970218,3169
4970478,3854
4971497,4511
4973027,4179
4974446,3983
4974657,3294
4975002,4225
4975232,4016
4975389,3542
4976066,3748
4976450,3396
4976877,4376
4976966,4055
4977693,5045
4978115,4704
4979463,3572
4980141,3553
4980405,3892
4980797,5138
4981053,3920
4981192,5184
4981499,3703
4981595,4387
4983231,3802
4983483,5847
4983709,4175
4983952,5639
4984482,3687
4985462,4265
4985771,4158
4986862,3826
4987133,5339
4987586,4459
4987603,5001
4988021,4815
4988401,4344
4990109,3526
4990326,3685
4990759,4829
4990986,4132
4991157,3848
4992418,4638
4992817,3775
4993706,4247
4993776,4934
4994393,4813
4994409,5733
4994902,5367
4995596,5693
4996210,3863
4996239,3543
4997146,4852
4997435,4811
4998069,5040
4998975,4472
5000004,4481
5000333,5812
5000369,5411
5000620,4292
5000911,4325
5001620,4938
5002507,3749
5002695,3644
5003621,3575
5003719,3915
5004657,3410
5005059,3535
5005372,3589
5006663,4164
5006835,4337
5007481,5111
5007980,6839
5008147,3642
5008641,3637
5009332,3945
5009997,4010
5010236,3847
5010706,4477
5011335,4231
5011570,4217
5011936,4947
5012426,4767
5012685,4613
5013409,4607
5014241,4748
5014374,4163
5015695,4139
5015798,3543
5016316,3517
5016619,3928
5017561,3840
5017674,4527
5018241,3642
5018391,5057
5018958,4513
5019423,4946
5019680,4131
5020926,4404
5020958,5256
5021287,4691
5022346,3853
5022449,4403
5022550,4126
5023992,4099
5024474,3949
5024696,5096
5025249,3873
5026936,3669
5027332,4073
5027750,3935
5028322,5852
5028569,3557
5028757,5229
5029389,3880
5029579,5766
5029730,4323
5029973,5260
5030752,4258
5031571,4765
5031782,4127
5032284,5299
5033423,4627
5034290,4542
5034559,5085
5035012,4962
5035433,5853
5035698,4763
5036820,4404
5037272,4509
5037636,4717
5037853,4605
5038751,4460
5039108,3901
5039793,4419
5040768,3933
5040793,4231
5041670,3633
5042071,4334
5042694,4176
5043354,3804
5043677,3825
5043715,4422
5044226,4756
5044909,4703
5045046,4089
5045701,4476
5045977,3699
5047095,4117
5047272,4041
5048159,4035
5048243,3650
5048653,5096
5049119,3722
5049451,3945
5050280,4599
5050332,4378
5050710,4108
5051484,4901
5051674,4623
5052420,5238
5052598,4028
5052998,4733
5053585,3751
5054368,5646
5054951,4557
5055372,4755
5055704,5984
5056767,4219
5057198,4242
5057536,6136
5058045,4202
5058394,4443
5058747,3361
5059837,4265
5060374,5063
5060584,4330
5061281,4649
5061610,4572
5062072,4508
5062455,5162
5062973,4991
5063651,4640
5063824,5209
5064598,3955
5065390,4650
5065670,4949
5066722,4414
5066774,3554
5067379,4469
5067785,4176
5068274,4921
5069186,3854
5069251,4091
5069353,3994
5070169,3706
5070672,4308
5071078,4790
5071326,4252
5072320,4389
5072603,3744
5073840,3901
5073946,4039
5074354,4146
5074404,3850
5074747,3907
5075202,3786
5075941,3972
5076828,4264
5076878,4081
5077057,4656
5078349,5057
5078705,4073
5079276,4118
5079348,4356
5079361,4616
5079694,4165
5080466,3844
5081301,4102
5081872,4330
5081949,4347
5082958,4420
5084491,5655
5084617,3436
5084788,4327
5085006,4348
5085283,5684
5085690,4005
5086614,4564
5086783,5489
5086915,4271
5087600,3805
5088292,3863
5089493,5459
5089821,3798
5090324,3948
5090494,4476
5091336,3897
5092241,3921
5092415,4159
5092583,4611
5093021,4710
5093175,3833
5093751,4077
5094372,4285
5095594,4588
5095615,3505
5095990,4098
5096550,3688
5097311,3777
5097487,4932
5098036,4309
5098250,6409
5098953,4372
5099247,3754
5099690,4564
5100450,4669
5100487,5231
5100841,4091
5101231,3560
5102639,3997
5102792,4875
5103195,6082
5103539,4493
5105066,4073
5105916,3686
5106226,3999
5106642,4529
5106941,4678
5107097,4641
5107429,3891
5108629,4150
5108786,3418
5109730,4256
5110309,3821
5110507,3875
5111688,4954
5112069,3743
5112296,4412
5112604,3600
5112855,4520
5113018,4055
5113220,3764
5114715,3905
5114737,3742
5115344,5286
5115927,3556
5117065,3937
5117845,5168
5117971,4352
5118315,4168
5118618,4496
5119601,4614
5119675,4965
5119683,5146
5119724,4313
5121141,4232
5121198,4337
5122438,4688
5122684,5204
5123301,4875
5123567,5303
5124340,6406
5124376,5460
5124782,4824
5124982,4652
5125624,5215
5125825,4546
5127314,3832
5128250,3586
5128618,4404
5129005,3730
5130026,5887
5130262,4966
5130599,5409
5131487,5527
5131658,4931
5132062,3800
5132596,4736
5132896,4529
5133382,4573
5133793,5939
5135370,4124
5136225,4053
5136392,3833
5136771,4836
5137156,4798
5137532,4388
5137594,4801
5137751,4430
5138075,3428
5139863,3433
5140174,3184
