359,2860
717,2871
730,3017
1013,2920
1234,2967
1398,2955
1445,3037
1642,3141
1869,3258
1972,2991
3399,2986
3749,3005
4040,3053
4054,3182
4303,3309
4588,3176
4599,3352
5014,3029
5194,2998
5352,2987
6472,2788
6931,2999
7217,2817
7393,2921
7701,3024
8021,3004
8591,2827
8668,2838
8813,3115
8920,2770
9398,2830
10025,2789
10237,2788
10447,2852
10846,2896
11146,2784
11611,2901
11817,3001
11854,2915
12147,3002
12364,2956
13008,2969
13225,2851
13433,2953
13840,2808
14068,2805
14644,2844
14964,3136
15152,3167
15452,2945
15477,3106
16156,2903
16217,2939
16487,2934
16750,2939
17012,2955
17579,2786
18198,3053
18504,2864
18687,3004
18723,2931
19250,2933
19263,3014
19554,3065
19811,2982
20064,3038
20471,2928
21353,2970
21528,3073
21792,2784
21881,2891
22424,2885
22469,3137
22709,3157
22964,2844
23228,2956
23488,2847
24422,2961
24708,2794
24867,2898
24947,3086
25437,2789
25696,2871
26015,2825
26060,3007
26289,2877
26470,2851
27467,2788
27682,2931
27934,2843
28161,2949
28345,3026
28684,2886
28987,3009
29221,2942
29464,3015
29475,2961
30389,2890
30697,2837
30939,2800
31201,2791
31450,2898
31698,2938
32137,2968
32314,3083
32605,2774
32701,2891
33364,2869
33658,2805
33855,2890
34128,2954
34467,2783
34721,2782
35215,2978
35531,2784
35694,2882
35726,2994
36351,2829
36586,2906
36857,2873
37163,2843
37355,2867
37634,2812
38284,2792
38503,2930
38706,2884
38906,2782
39266,2949
39589,2864
39825,2900
40133,2825
40348,2840
40566,2847
41209,2882
41520,2922
41830,2847
41855,2916
42353,2820
42592,2897
42856,2835
43079,2873
43310,2869
43534,2942
44215,2885
44560,2941
44797,3074
45009,3065
45268,2902
45600,2904
45823,2978
46068,3015
46304,2883
46561,2941
47201,2791
47590,2793
48158,2799
48336,2929
48341,3082
48622,2946
49002,2867
49278,2825
49337,2916
49632,2846
50079,2931
50525,2804
51039,2895
51365,2948
51549,2923
51715,2950
51990,2973
52223,2957
52383,2947
52600,3043
53100,2915
53427,2778
54078,3085
54402,3020
54585,2897
54802,2952
55078,3012
55318,3046
55475,2841
55732,2918
56147,2809
56328,2854
57251,2888
57588,2890
57604,3130
57859,2878
58190,3064
58455,2916
58482,3079
58783,3019
59081,2995
59283,3098
60253,2891
60561,2957
61071,2946
61088,3184
61339,3126
61545,3040
61710,3072
62059,3055
62220,3166
62473,2899
63235,2799
63643,2797
64102,2778
64416,2885
64581,2980
64870,3212
64879,3061
65218,2974
65533,2960
65601,2985
66156,2863
66528,2793
67020,2784
67392,2877
67686,2888
68068,2906
68315,2960
68321,3266
68683,2861
68697,3028
69153,3035
69455,2835
69987,2799
70402,2884
70687,2777
71056,2898
71411,2947
71671,2810
71809,2926
72016,2953
72280,2848
72491,2845
72953,2794
73378,2799
73585,2777
74079,2782
74441,2790
74659,2797
74875,2973
75082,3020
75251,2894
75477,2963
75837,2891
76307,2788
76479,2834
76953,2787
77368,2830
77579,2774
77974,2832
78271,2819
78310,2917
78535,2864
78876,2939
79218,2828
79425,2841
79855,2793
80292,2805
80504,2777
80957,3070
81211,2957
81473,2865
81678,2870
81979,2793
82173,2912
82374,2866
82730,2798
83223,2786
83402,2777
84115,2876
84429,3001
84601,2948
84677,3036
84918,3165
85219,2991
85364,3022
85643,2888
86098,2870
86311,2816
87262,2784
87526,2889
87714,2898
87880,2975
88190,2987
88377,2959
88606,2895
88809,3003
89095,2924
89273,2890
90135,2806
90514,2807
90745,2847
91015,2983
91271,3095
91487,2989
91652,2972
92032,2901
92223,2836
92385,2854
93027,2783
93449,2854
93716,2785
94082,2852
94463,2838
94631,2774
94760,3084
95017,3020
95197,2935
95369,3035
95942,2788
96429,2936
96626,2843
97017,2795
97511,2876
97547,2961
97972,3012
98230,2931
98238,3038
98874,3041
99191,2914
99661,2875
99833,2854
100104,2977
100535,2801
100751,2922
101108,2972
101287,2904
101500,2843
102018,2822
102240,2791
102629,2800
102818,2818
103194,2863
103463,2901
103762,2919
104175,2873
104332,3073
104533,2772
104982,2800
105157,2837
105520,2870
105745,2947
106147,2918
106454,2927
106811,2989
107178,2846
107406,2836
107570,2885
107872,2923
108170,2948
108527,2781
108781,2869
109162,2899
109482,2784
109924,2813
110149,2812
110359,2840
110578,2878
110951,2839
111218,2853
111477,2808
111785,2904
112184,2851
112389,2944
112830,2864
113079,2963
113322,2999
113578,2880
113876,2931
114240,2784
114421,2817
114786,2888
115169,2842
115420,2774
115823,2838
116160,2827
116408,2852
116589,2879
116899,2858
117114,2853
117338,2776
117778,2893
118109,2864
118321,2811
118756,2891
119086,2828
119382,2806
119591,2865
119860,3001
120223,2937
120386,2777
120801,2938
121090,3036
121309,2912
121776,2875
122027,3047
122303,2872
122577,2768
122994,2911
123312,2774
123368,2883
123838,2958
124218,2786
124431,2899
124754,2941
125225,2889
125474,2775
125634,2876
126001,2954
126218,2860
126395,2959
126946,2791
127120,2875
127413,2802
127805,2799
128342,2825
128351,2937
128607,2775
129175,2828
129188,2905
129452,2866
129840,2962
130122,2849
130333,2771
130698,2873
131266,2829
131499,2774
131653,2794
132167,2832
132418,2838
132432,2972
133078,2792
133186,2849
133390,3137
133663,2820
134224,2886
134399,2823
134569,2764
135106,2962
135351,2819
135527,2782
136188,2802
136355,2849
136648,2821
136654,2964
137305,2786
137504,2871
137557,2919
138157,2883
138383,2961
138404,2883
139092,2855
139337,2968
139596,2869
139750,2812
140199,2889
140557,2784
140760,2796
141177,2833
141450,2775
141619,2837
142080,2897
142389,2970
142654,2828
142669,2943
143182,2955
143473,2799
143678,2801
144112,2852
144330,2836
144561,2846
145074,2787
145503,2801
145753,2863
145762,3192
146241,2897
146413,2854
146615,2942
147080,2862
147291,2826
147527,2842
148082,2896
148393,2895
148754,2791
149129,2945
149389,2988
149397,2925
149648,2831
150034,2848
150221,2898
150496,2799
151065,2895
151415,2851
151670,2815
152214,2909
152501,2891
152665,2893
152862,2943
153104,3062
153390,2872
153404,2923
154093,2902
154395,2822
154608,2807
155218,2784
155526,2812
155688,2925
155939,3012
156440,2883
156475,3118
156614,2840
157129,2948
157352,2837
157540,2769
158121,2876
158424,2831
158739,2792
159037,2828
159449,2815
159608,2769
159766,2962
160242,2816
160441,2830
160484,2878
161095,2884
161384,2863
161647,2888
161989,2784
162352,2914
162564,2791
162816,3006
163188,2895
163473,2834
163634,2963
164234,2786
164440,2827
164659,2846
164987,2779
165456,2845
165462,2934
165958,2845
166209,2906
166430,2980
166685,2826
167156,2877
167391,2830
167620,2862
167879,2942
168496,2782
168650,2885
168963,2997
169242,3036
169594,2954
169809,2889
170132,2945
170327,2878
170608,2946
170937,2879
171408,2842
171651,2770
172116,2815
172372,2794
172678,2929
173037,2915
173350,2929
173371,3225
173647,2905
173954,2963
174342,2829
174542,2958
175034,2861
175299,2780
175719,2881
176055,2917
176428,2842
176717,2833
176739,2963
177072,2930
177309,2818
177585,2877
177995,2853
178211,2877
178682,2820
179103,2888
179396,2972
179673,2794
179840,3112
180253,3003
180293,2938
180585,2807
181069,2807
181281,2878
181624,2784
182083,2785
182571,2819
182580,2931
183087,2963
183439,2892
183488,2922
183653,2998
184044,2940
184290,2842
184526,2841
184996,2783
185477,2800
185641,2932
186156,2934
186483,2822
186567,2891
186775,2915
187078,2886
187288,2826
187489,2909
187868,2840
188408,2777
188657,2786
189182,2939
189428,2914
189593,2985
189795,3002
190228,2822
190241,2959
190484,2898
190843,2829
191273,2867
191574,2774
192203,2877
192447,2849
192707,2815
193093,2844
193256,2848
193456,2871
193535,2964
193771,2876
194277,2785
194463,2910
195198,2822
195414,2839
195652,2820
196021,2824
196239,2917
196461,2950
196618,2885
196781,2983
197202,2825
197463,2797
198115,2875
198348,2850
198571,2850
198987,2880
199279,3045
199594,2997
199682,2883
199916,3049
200156,2854
200382,2834
201111,2963
201318,2862
201544,2801
201957,2847
202423,2872
202718,2789
202878,3067
203322,2785
203396,2862
203495,3191
204173,2907
204313,2881
204525,2822
204939,2819
205425,2802
205645,2797
206032,3080
206359,2780
206524,2924
206780,2929
207173,2855
207336,2855
207542,2917
207851,3101
208364,2797
208564,2814
209284,2820
209294,2961
209541,2868
209840,3007
210145,2860
210325,2926
210569,2781
211038,2871
211264,2863
211509,2895
212243,2841
212406,2806
212518,2821
213301,2790
213520,2772
213948,2909
214063,2957
214247,3180
214403,2922
214563,2988
215238,2790
215441,2839
215473,2902
216185,2851
216411,2773
217118,3081
217144,2963
217520,2854
217633,2774
217729,2941
218165,3175
218482,3144
218634,2943
219178,2907
219388,2994
220411,2818
220712,2778
221069,2899
221195,3065
221242,3289
221500,3024
221702,3092
221742,3451
222221,2900
222475,2994
223361,2840
223618,2776
224094,2931
224354,3046
224623,3000
224718,3133
225254,2827
225295,2935
225601,3115
225747,2797
226300,2824
226527,2830
227116,2946
227532,2823
227756,2826
227986,2943
228215,2868
228320,2930
228638,2855
228852,3018
229262,2814
229476,2831
230195,2880
230476,2836
230704,2919
231016,2950
231230,3046
231380,2888
231599,2824
231991,2874
232213,2886
232438,2956
233167,2867
233410,2877
233726,2898
234105,2971
234483,2827
234534,2864
234690,2971
235002,3041
235229,2853
235481,2805
236162,2843
236412,2909
236711,2791
237230,2888
237482,2961
237490,3050
237783,3030
238182,2919
238342,2906
238429,2997
239099,2896
239419,2807
239635,2811
240201,3007
240631,2975
240641,3066
241049,3022
241232,2992
241386,2944
241572,2925
242121,2907
242347,2995
242572,2869
243325,2786
243789,2900
243991,3054
244306,3004
244572,2854
244605,3089
244741,2986
245174,2941
245434,2850
245574,2869
246208,2786
246822,2884
247136,2819
247520,2957
247529,3034
247831,2915
247839,3319
248209,3103
248421,2988
248585,2886
249075,2858
249802,2846
250202,2816
250643,2785
250807,3185
250976,2878
251240,2952
251552,2858
251604,2984
251767,3191
252038,3070
252782,2893
253134,2833
253512,2806
254108,2846
254276,3049
254476,3128
254635,3075
254679,3135
255086,3123
255241,3116
255766,2904
256051,3001
256446,2883
257037,2784
257427,2826
257798,3140
257994,3161
258130,3122
258348,3192
258512,3132
258755,3085
259158,2980
259422,2860
259968,2788
260333,2848
261036,2880
261374,2922
261416,2990
261633,3051
261949,3007
261983,3151
262234,3178
262410,2962
262849,2898
263323,2790
264004,2790
264387,2835
264550,2857
264785,3006
265065,3122
265253,3043
265550,3102
265671,2991
265843,3205
266237,2903
266939,2783
267316,2807
267518,2901
267877,2839
268285,2827
268495,2884
268801,2979
268947,3000
269255,2799
269415,2920
269812,2798
270249,2783
270499,2913
270837,2970
271236,2901
271503,2798
271867,2882
272163,2840
272168,2927
272437,2977
272745,2893
273132,2837
273526,2800
273912,2877
274236,2797
274446,2881
274879,2945
275234,2989
275246,2933
275513,2903
275737,2985
276102,3048
276416,3048
277127,2865
277163,3083
277454,2770
278052,2909
278352,2786
278529,2887
278544,3169
278814,3264
279249,3139
279586,2965
280077,2881
280312,2772
280475,2865
281058,2803
281271,2974
281552,2810
281795,2838
282294,2911
282518,2817
282673,2802
283172,2839
283230,2877
283470,2935
283963,2819
284345,2815
284555,2808
284754,2832
285299,2872
285464,2804
285617,2766
286240,2823
286270,2895
286501,2782
286985,2862
287286,2795
287466,2896
287727,2901
288361,2784
288466,2791
288664,2811
289151,2853
289327,2786
289559,2834
290186,2894
290199,3009
290462,3014
290735,2862
291248,2890
291413,2825
291606,2851
292105,2788
292263,2850
292495,2768
293228,2873
293608,2787
293681,3009
293829,2878
294231,2979
294436,2827
294594,2949
295153,2858
295472,2852
295484,2996
296231,2973
296523,2917
296780,3248
296952,3001
297374,2776
297639,2915
297645,3062
298104,2992
298412,2958
298597,2771
299299,2861
299573,2773
300236,2825
300258,2966
300395,3089
300693,2986
300922,3092
301196,3093
301557,2987
301708,2929
302251,2881
302459,2767
303197,2789
303363,2945
303586,2933
303782,3034
304109,2856
304379,3007
304632,2851
304839,2785
305321,2831
305326,2945
306084,2893
306406,2984
306655,2848
306937,2834
307222,2913
307575,2827
307775,2809
308059,2950
308289,2878
308490,2825
309112,2831
309480,2814
309687,2815
309920,2870
310223,2842
310557,2786
310716,2845
311152,2838
311302,2988
311493,2846
312064,2924
312419,2804
312633,2932
312874,2917
313230,2833
313471,2879
313683,2833
314088,2909
314427,2779
314586,2851
315114,2846
315344,2875
315666,2887
316067,3002
316234,2930
316496,2775
316640,2995
317111,2867
317333,2818
317558,2811
318083,2863
318340,2916
318636,2789
319164,2848
319451,2825
319465,2947
319728,3009
320084,2845
320297,2827
320491,2796
321032,2948
321354,2788
321551,2794
322126,2953
322396,2800
322551,2894
322843,2997
323220,2903
323479,2849
323495,2928
324118,2888
324282,2835
324469,2773
325163,2891
325383,2782
325575,2862
325949,2808
326246,2913
326539,2772
326612,2816
327174,2804
327377,2834
327404,2952
328262,2836
328271,2941
328538,3007
328878,2825
329252,2884
329517,2815
329542,2930
330070,2959
330313,2855
330512,2815
331211,2879
331377,2997
331632,2855
331821,2943
332247,2942
332457,2836
332621,2779
333156,2851
333425,2814
333434,2885
334199,2795
334473,2780
334638,2845
334877,2824
335281,2844
335536,2813
335546,2896
336146,2904
336411,2940
336420,2887
337091,2941
337343,2856
337581,2883
337825,2857
338254,2893
338555,2770
338717,2821
339182,2850
339468,2824
339631,2824
340181,2790
340324,2862
340560,2847
340774,2849
341257,2783
341466,2784
341669,2792
342120,2847
342422,2779
342581,2838
343108,2841
343311,2812
343529,2825
343736,2842
344167,2922
344374,2820
344583,2825
345094,2868
345326,2811
345534,2833
346038,2820
346258,2821
346485,2815
346689,2837
347179,2878
347390,2796
347559,2758
348080,2891
348261,2832
348469,2898
349016,2782
349208,2943
349418,2950
349638,2818
350272,2779
350543,2879
350562,2959
351183,2830
351213,2888
351460,2939
352040,2827
352285,2902
352524,2812
352625,2926
353148,2848
353509,2781
353687,2817
354187,2836
354219,2903
354564,2785
355113,2884
355329,2941
355536,2830
355686,2950
356119,2939
356417,2942
356639,2822
357207,2872
357427,2956
357464,2867
358091,2935
358461,2828
358471,2966
358760,2833
359190,2824
359445,2785
359658,2800
360222,2831
360490,2810
360496,2950
361162,2934
361410,2948
361573,2938
361780,2937
362138,2872
362353,2890
362582,2963
363147,2970
363402,2827
363570,2928
364217,2950
364481,2894
364609,2983
364873,2932
365118,3026
365379,2836
365627,3054
366327,2831
366341,2935
366588,2787
367269,2821
367511,2791
367714,2832
367974,3092
368308,2855
368453,3049
368768,2862
369265,2846
369501,2832
369552,2918
370183,2860
370426,2834
370671,2878
371297,2985
371307,3242
371641,3099
371845,3160
372248,2911
372455,2801
372624,2928
373163,2828
373380,2931
373661,2819
374374,2814
374658,2945
374829,2885
375094,2898
375352,2884
375373,2951
375661,2869
376092,2893
376409,2809
376614,2824
377319,2790
377685,2805
377902,2810
378114,3116
378475,3037
378645,3065
378844,2969
379116,2842
379345,3052
379552,2854
380206,2830
380604,2843
380829,2922
381330,3002
381644,2807
381801,3311
382069,2951
382231,2897
382611,2945
382750,2925
383163,2851
383527,2894
383845,2850
384539,2831
384549,2908
385235,2947
385326,3134
385396,3021
385651,2995
385861,3294
386145,2915
386537,2909
386809,2869
387512,2793
387725,2789
388277,2972
388580,2890
388743,2974
388775,3077
389256,2966
389266,3153
389547,2981
389798,2876
390425,2822
390642,2775
391375,2822
391594,2978
391837,2957
392027,2960
392355,3020
392583,3106
392778,2797
392830,2959
393352,2826
393550,2856
394288,2790
394672,2946
394950,2785
395110,2767
395468,2936
395674,2848
395943,3008
396132,3107
396344,2872
396528,2847
397204,2790
397712,2905
398005,2818
398034,2947
398609,2831
398625,3038
399060,3006
399512,2823
399542,2940
399683,2966
400126,2817
400719,2926
401084,2779
401299,2866
401569,2819
401784,2823
402193,2956
402473,2949
402743,2913
402947,2878
403169,2936
403740,2844
404008,2936
404290,2820
404504,2830
404729,2836
405245,2845
405543,2954
405779,2923
405991,2890
406199,2880
406679,2894
407045,2784
407242,2937
407451,2833
407688,2879
408216,2789
408587,2964
408815,2971
409050,2904
409215,3041
409664,2957
409938,2985
410383,2874
410396,3167
410661,3004
411143,2835
411637,2980
411881,2993
412093,2944
412347,2887
412719,2819
413030,2951
413398,2849
413648,2822
413858,2956
414177,2819
414742,2963
415172,2929
415317,2896
415543,2777
415738,2946
416074,2989
416349,2983
416602,3029
416920,2831
417132,2822
417806,2877
418200,2915
418413,2784
418571,2892
418805,2910
419161,2796
419465,2832
419717,2941
420049,2819
420058,3074
420816,2852
421282,2876
421298,2966
421557,2875
421838,2850
422082,2945
422383,2829
422792,2902
423245,2837
423401,2772
423755,2799
424358,2812
424564,2840
424741,2832
424921,3071
425158,2930
425335,2858
425781,2808
426182,2806
426387,2890
426686,2809
427296,2931
427532,2817
427692,2920
428167,2926
428459,2849
428606,2986
428756,2958
429112,2884
429394,2833
429617,2899
430320,2794
430542,2787
430735,2841
431210,2914
431447,2917
431678,3007
432057,2928
432166,2974
432371,2926
432648,2980
433238,2839
433463,2836
433689,2829
434208,2978
434482,2847
434817,2986
435116,3089
435261,3054
435462,3012
435724,2921
436214,2868
436424,2828
436632,2908
437308,2800
437488,2775
437916,2794
438304,2967
438470,3066
438763,2911
438807,3112
439177,2964
439374,2853
439632,2924
440206,2791
440394,2775
440832,2943
441360,2831
441737,2880
441773,2930
442058,2943
442374,2847
442388,3051
442658,2960
443090,2847
443302,2836
443865,2835
444326,2799
444769,2891
445120,2957
445279,2942
445373,3033
445586,3122
445754,3245
446053,3007
446271,2922
446821,2842
447213,2839
447792,2790
448173,2884
448381,2897
448544,2952
448817,3022
449304,2892
449442,2922
449635,2877
449814,3110
450172,2851
450670,2857
451197,2795
451392,2831
451619,2908
452023,2823
452344,2821
452498,2825
452717,2825
453158,2926
453186,2886
453662,2839
454081,2879
454311,2879
454619,2901
454997,2983
455295,2909
455421,2949
455691,2959
456222,2800
456268,2957
456593,2798
457101,2960
457307,2898
457602,2845
458104,2906
458334,2936
458490,3094
458732,2997
459120,2932
459358,2846
459510,2992
460160,2804
460372,2787
460576,2801
461103,3013
461412,2902
461707,2842
461869,3173
462147,2974
462339,3048
462594,2798
463071,2876
463287,2818
463502,2844
464203,2849
464436,2829
464673,2954
465208,2900
465217,2985
465547,2936
465596,2879
466046,2925
466251,2871
466476,2776
467178,2808
467388,2919
467705,2782
468305,2935
468314,3018
468629,2833
468679,3046
469124,2930
469366,2944
469375,2929
470088,2894
470413,2788
470606,2840
471459,2885
471663,2772
471813,3151
472145,2877
472392,2919
472429,2897
472562,3063
473093,2986
473319,2846
473573,2874
474538,2829
474552,2926
475135,3007
475160,3078
475458,2890
475487,3097
475718,2958
476266,2835
476280,3053
476548,3074
477466,2785
477632,2776
478323,2923
478530,2826
478749,2872
478985,3006
479168,2995
479241,3090
479466,3024
479704,2962
480346,2790
480550,2781
481452,2824
481461,2910
481756,2960
482072,2966
482286,3242
482457,2977
482580,3050
482841,2968
483264,2994
483450,2851
484510,2894
484531,2967
484810,2961
485324,2946
485634,2945
485702,3401
485999,2848
486084,3312
486419,3161
486585,2904
487599,2866
487603,2975
487936,2976
488354,2935
488679,2887
489192,2918
489209,2992
489575,2894
489664,2868
489776,3013
490570,2857
490734,2815
491006,2800
491422,2923
491690,2770
492299,2998
492341,3052
492620,3043
492977,2886
493137,2817
493518,2794
493724,2817
494069,2800
494430,2814
494634,2804
495489,2821
495498,3074
495753,2958
495982,2830
496251,2785
496445,2867
496657,3004
497071,2885
497375,2797
497558,2835
498400,2782
498745,2837
499104,2985
499127,3061
499251,3008
499456,2926
499776,3101
500090,2949
500292,3055
500515,2838
501305,2781
501664,2791
502275,2847
502545,2920
502589,3136
502710,3011
502968,3161
503175,3061
503571,2875
503711,2977
504171,2880
504573,2794
505245,2882
505552,2952
505922,2997
505969,3208
506331,3019
506524,2916
506779,3030
506809,3165
507321,2925
507493,2861
508217,2787
508629,2822
509007,2823
509269,2858
509533,2956
509553,3077
510059,2993
510073,3072
510435,2942
510637,2948
511172,2852
511540,2854
512006,2835
512214,2817
512592,2790
512770,2912
513207,2883
513419,2781
513521,2944
513729,2885
514112,2837
514493,2816
515057,2782
515217,2881
515486,2838
515763,2787
516295,2995
516301,2961
516597,3036
516802,3324
517091,2947
517396,2827
517957,2869
518225,2833
518440,2854
518693,2823
519424,2880
519469,3099
519758,2942
520334,2858
520551,2773
520699,2919
520986,2873
521174,2917
521407,2977
521631,2849
522394,2786
522792,2850
522801,2931
523419,2887
523432,2971
523727,2859
523987,2995
524210,2992
524463,2881
524651,2979
525311,2818
525866,2867
525897,2931
526507,2825
526714,2964
526738,3222
527081,3024
527298,3019
527469,3169
527710,3202
528223,2793
528954,2823
528964,2911
529462,2916
529765,2788
530089,2887
530263,3024
530437,3008
530716,2845
531254,2847
531274,2918
531985,2793
532089,2941
532484,2790
532681,2810
533064,2894
533387,2903
533691,2832
533715,2945
534294,2849
534305,3102
534910,2830
535139,2856
535376,2843
535598,2846
536093,2900
536399,2999
536653,2943
536862,2968
537234,2877
537524,2884
537825,2924
538087,2890
538340,2912
538564,2900
539115,2797
539485,2850
539700,2862
539937,2866
540366,2806
540530,2879
540856,3128
541085,3062
541337,2923
541561,3051
542013,2788
542470,2865
542690,2847
542954,2884
543262,2872
543503,2854
544122,2925
544290,2878
544447,2824
544702,2863
545057,2809
545445,2808
545667,2923
545968,2983
546239,2856
546497,2860
547129,2867
547392,2958
547398,3217
547700,2912
548204,2798
548377,2902
548675,2942
549188,2848
549197,2939
549456,2996
550127,2943
550445,2896
550833,3121
550920,2819
551154,2973
551370,2982
551750,2827
552283,2792
552619,2803
552780,2813
553194,2872
553469,2892
553819,2969
554076,2935
554259,2969
554477,2923
554696,2973
555203,2882
555508,2802
555716,2811
556193,2790
556448,2790
557094,2986
557298,2965
557500,2982
557536,3077
557769,2995
558177,2925
558440,2884
558644,2890
559069,2884
559373,2780
560197,2792
560384,3008
560600,2974
560753,3042
560994,3041
561210,3042
561455,2897
561650,2855
562072,3021
562284,2784
563074,2787
563489,2832
563705,2833
563934,2851
564157,3073
564377,3176
564593,2836
564631,3020
565206,2837
565271,2862
566094,2894
566453,2835
566665,2875
566941,2820
567328,2953
567537,3047
567764,2786
567930,2974
568258,2894
568323,2986
569172,2872
569424,2835
569674,2806
570055,2892
570414,2851
570718,2941
570727,3301
570991,3134
571248,2938
571445,2988
572163,2820
572385,2822
572602,2835
573201,2788
573386,2778
573745,2822
574261,2790
574341,2845
574515,2989
574608,2940
575096,2950
575331,2837
575561,2950
576079,2802
576293,2922
576700,2821
577178,2793
577318,2981
577680,2825
577690,2969
578130,2998
578346,2787
578600,2776
579051,2814
579302,2931
579618,2918
580074,2898
580433,2931
580645,2831
580749,2986
581210,2906
581373,2902
581584,2840
582064,2850
582364,2782
582619,2812
583081,2784
583564,2821
583570,3072
583854,3056
584197,2908
584401,3012
584554,2882
585059,2815
585268,2845
585555,2787
586063,2786
586474,2782
586731,2798
587003,3099
587244,2965
587566,2978
587727,3072
588018,2959
588199,2876
588446,2911
589085,2899
589387,2866
589644,2828
590199,2895
590300,2893
590628,2840
590910,2920
591162,2880
591176,2971
591467,2911
592115,2997
592374,2897
592594,2799
593182,2800
593291,2990
593554,2853
594190,2793
594570,2802
594732,2795
594915,2855
595209,3007
595414,2782
595614,3065
596112,2861
596364,2924
596537,2801
597083,2831
597470,2814
597662,2844
597895,3048
598345,2782
598516,2833
598762,2922
599110,2948
599458,2782
599620,2897
600001,2832
600421,2808
600629,2820
601060,2804
601250,2808
601470,2935
601774,2904
602151,2941
602348,2832
602607,2960
603101,2857
603353,2843
603594,2827
604140,2930
604150,3015
604507,2915
604802,2844
605279,2790
605435,2852
605682,2839
606047,2899
606300,2843
606555,2811
607250,2842
607267,2919
607557,2829
607764,2896
608195,2851
608410,2837
608634,2836
609076,2789
609267,2818
609487,2817
610287,2800
610462,2935
610499,2933
610762,3096
611162,2819
611369,2846
611593,2937
611957,3040
612183,2914
612403,2860
613221,3039
613538,2833
613695,2786
613963,3012
614206,3004
614378,2974
614720,3071
615091,3089
615379,2767
615541,2964
616518,2793
616688,2900
616914,2793
617102,2925
617340,2852
617506,2840
617881,3199
618265,2924
618369,2909
618636,2787
619414,2787
619680,2784
619853,3000
620152,2916
620422,2969
620619,2793
621268,2880
621509,2822
621549,2915
621668,2946
622299,2884
622585,2771
623215,2923
623239,2999
623479,3188
623638,2915
624265,2978
624447,2953
624595,2946
624790,2895
625264,2861
625457,2842
626334,2852
626349,2929
626758,2939
626788,3175
627350,2971
627521,2972
627667,2921
627876,2993
628257,2922
628422,2863
629424,2929
629477,3176
629786,2986
630102,2939
630405,2909
630691,2882
630701,3164
631117,2903
631381,2916
631390,2949
632491,2782
632740,2840
632932,2845
633165,2867
633433,3001
633694,2856
634124,2914
634170,2976
634449,2870
634503,3024
635406,2841
635665,2895
635879,2890
636162,2950
636521,2850
636731,2933
637143,2900
637289,2865
637501,2982
637659,2824
638338,2887
638696,2788
638943,2790
639199,2825
639496,2783
639748,2786
640141,2848
640313,2883
640590,2776
640681,2945
641353,2849
641608,2840
641853,2898
642146,2859
642399,2856
642658,2813
643207,2972
643455,2888
643476,3007
643760,2810
644305,2867
644579,2934
644874,2848
645128,2856
645374,2845
645591,2779
646306,2923
646436,2912
646730,2834
647074,2876
647297,2879
647601,2903
647820,2895
648194,2885
648461,2877
648474,2972
649335,2887
649507,2832
649657,2947
650035,2903
650269,2895
650634,2837
650837,3010
651169,2938
651470,2851
651632,2844
652430,2826
652437,2907
652699,3109
653032,3044
653252,2889
653572,2860
653964,2963
654204,2971
654411,3040
654603,2878
655424,2885
655630,2924
656181,2885
656515,2851
656706,2969
656740,3223
657039,3016
657280,3033
657619,2935
657643,3050
658438,2835
658678,2773
659192,2821
659449,2940
659764,2787
660132,2870
660178,2918
660439,2927
660677,2927
660830,3043
661361,2821
661592,2826
662108,2900
662521,2780
662680,2837
663198,2910
663435,3017
663703,3042
663716,2991
663988,2995
664317,2881
664542,2817
665130,2890
665418,2841
665658,2822
666229,2879
666574,2876
666871,2830
667034,2987
667302,2885
667505,2815
667673,2830
668121,2869
668355,2838
668612,2801
669233,2875
669534,2924
669794,2884
670147,2872
670324,2959
670599,2860
670612,2971
671126,2845
671317,2967
671535,2800
672231,2881
672586,2900
672827,2902
673117,2968
673415,2850
673595,2819
673799,2877
674109,2911
674445,2785
674611,2855
675199,2797
675587,2856
675863,2832
676210,2879
676388,2796
676553,2910
676790,2940
677148,2962
677369,2853
677585,2946
678119,2844
678529,2888
678792,2789
679282,2896
679296,2980
679599,2848
679850,3108
680363,2835
680377,2966
680627,2880
681078,2883
681546,2813
681722,2777
682360,2810
682562,2815
682604,2907
683056,2954
683296,2982
683476,2943
683646,2941
684078,2916
684448,2820
684663,2833
685299,2896
685496,2797
685649,2858
686133,2957
686410,2942
686678,2889
686847,2945
687084,2960
687404,2838
687618,2939
688281,2869
688492,2779
688660,2805
689184,2837
689484,2807
689694,2823
689922,2822
690176,2909
690362,3006
690643,2845
691294,2856
691563,2838
691578,3112
692153,2911
692398,2966
692654,2830
692866,3083
693203,3147
693454,2783
693659,2968
694252,2966
694531,2798
694776,2822
695197,2813
695450,2820
695659,2912
696182,2797
696446,2856
696460,3136
696726,2835
697310,2792
697517,2811
697725,2835
698096,2956
698404,2935
698659,2942
699076,2946
699436,2847
699727,2837
699740,2968
700237,2838
700448,2849
700704,2814
701179,2796
701428,2787
701733,2818
702145,2856
702404,3004
702688,2837
702840,2936
703172,2872
703402,2879
703619,2984
704103,2886
704338,2877
704641,2808
705134,2806
705498,2809
705713,3141
705973,2784
706180,2923
706425,2912
706692,2971
707087,2887
707318,2868
707583,2831
708027,2796
708436,2809
708843,2991
709168,2985
709374,2988
709494,2964
709797,2982
710118,3003
710339,2878
710545,2827
710963,2816
711337,2808
711985,2876
712246,2971
712589,2874
712624,3104
712946,2946
713209,2877
713440,3145
713550,2931
713871,3010
714236,2934
714992,2889
715311,3002
715558,2919
715824,2947
716035,2876
716209,2850
716713,2860
716753,2949
717021,2943
717263,2793
718093,2898
718402,2813
718608,3007
718850,3103
719043,2901
719202,2884
719748,2801
720151,2879
720359,2821
720600,2831
721132,2820
721336,2777
721740,3010
722235,2867
722403,2874
722549,2880
722745,2907
723152,2820
723272,2901
723524,2956
724039,2801
724245,2895
724841,2880
725227,2878
725404,2917
725564,2921
725772,2969
726095,2897
726315,2986
726565,2833
726970,2789
727225,2779
727817,2792
728203,2921
728459,2781
728623,2851
728842,2976
729129,2907
729482,2818
729690,2872
729880,2901
730129,3463
730735,2796
731246,2886
731463,2821
731669,2909
732129,3038
732142,2962
732429,2870
732682,2984
732948,2872
733704,2849
733717,2963
734264,2822
734440,2869
734670,2798
735251,2784
735386,2774
735595,2908
735803,2859
736133,2918
736716,2781
736927,2942
737178,3057
737408,2928
737610,2826
738131,2832
738293,2876
738592,2870
738781,2880
739183,2854
739587,2807
740043,2925
740494,2888
740520,2974
740725,3099
741068,3019
741299,2911
741544,2895
741753,2859
742174,2892
742478,2848
743098,2815
743486,2852
743654,2953
743941,2917
744200,2897
744369,3008
744567,2904
744733,3001
745162,2887
745464,2907
746003,2785
746436,2784
746691,2893
747065,2788
747276,3003
747565,2883
747578,2946
747863,2992
748204,2826
748460,2862
748919,2808
749305,2794
749710,2870
749984,2778
750385,2869
750686,2785
750746,2998
751120,2893
751157,2965
751457,2812
751810,2886
752227,2810
752663,2816
752908,2778
753341,2870
753576,2842
753838,3137
754116,3026
754376,2904
754389,3114
754799,2951
755173,2809
755567,2858
755792,2929
756336,2799
756526,2776
757110,2972
757284,2891
757483,2767
757636,2849
757846,2894
758083,2980
758560,2946
758802,2976
759231,2847
759441,2802
760359,2977
760653,2913
760773,3097
761032,2862
761297,2937
761316,3093
761599,2989
761903,3226
762171,2955
762384,2886
763465,2924
763706,2917
764285,2784
764446,2906
764713,2856
764736,3134
764869,3169
765422,2956
765456,2902
765569,3008
766484,2866
766720,2780
767172,2839
767441,2883
767702,2805
768172,3023
768186,3116
768514,2950
768663,3031
768846,3024
769492,2803
769696,2897
770097,2894
770420,2824
770640,2821
771282,2917
771404,3057
771684,2885
771835,3007
772066,2985
772427,2852
772680,2834
773121,2973
773366,2827
773584,2952
774286,2944
774670,2829
774683,3114
774991,2836
775178,2976
775404,2932
775637,2958
776178,2890
776393,2971
776631,2830
777362,2952
777633,2935
777976,2868
778025,3058
778243,3119
778452,3005
778696,2930
779204,2937
779545,2785
779754,2804
780400,2904
780672,2905
781067,2799
781232,3076
781570,3012
781809,2822
781825,3205
782230,2986
782463,2852
782683,2962
783425,2874
783701,2918
784027,2892
784402,2938
784683,2854
784844,2981
785128,2930
785408,2966
785467,2923
785739,2947
786398,2888
786711,2830
787061,2782
787459,2794
787663,2906
787976,2798
788181,3014
788514,2843
788553,2957
788776,2839
789383,2884
789676,2930
789981,2804
790343,2919
790668,2860
790913,2837
791299,2950
791488,2879
791723,2772
791882,3114
792392,2923
792693,2839
793089,2874
793395,2855
793665,2845
793873,2858
794340,2870
794570,2929
794594,2880
795093,2939
795408,2837
795662,2770
796087,3018
796372,3011
796638,2867
796851,2777
797334,2856
797637,2873
797649,3124
798335,3180
798505,2913
798605,2984
799217,2895
799475,2880
799709,2883
799730,3000
800292,2880
800600,2800
800932,2787
801667,2827
801706,2888
801871,3089
802250,2983
802476,2929
802716,2981
802870,3166
803265,2924
803577,2886
803840,2834
804582,2877
804699,3030
805061,2787
805328,2901
805530,2860
805799,2874
806166,2808
806338,2847
806591,2815
806788,2952
807553,2788
807869,2895
808048,3028
808345,2914
808584,2850
808809,2893
809091,2885
809307,2953
809527,2874
809823,2834
810475,2785
810907,2850
811165,3194
811385,2811
811562,2924
811823,2841
812094,3160
812351,2923
812564,2831
812784,2868
813353,2787
813858,3260
814318,2891
814641,2900
814803,2993
815096,2976
815483,2870
815511,2945
815741,2900
815765,3234
816277,2830
817354,2833
817370,2958
817670,2928
818073,2786
818208,3056
818445,3124
818563,3315
818841,2992
819190,2982
819397,2779
820310,2790
820477,2830
820725,2863
820988,2813
821348,2880
821704,2949
822308,2779
822472,2777
822524,2886
822651,2847
823187,2859
823410,2890
823721,2803
823926,2897
824364,2814
824743,2817
825220,2933
825388,3078
825600,2769
825760,2919
826177,2857
826428,2812
826627,2839
826948,2932
827282,2837
827691,2848
828243,2859
828500,2915
828631,3208
828805,2930
829131,3091
829344,2877
829603,2849
830089,2863
830264,2797
830644,2838
831196,2883
831510,2985
831931,2795
832034,3065
832382,2809
832548,2788
832600,2869
833048,2914
833258,3009
833615,2775
834207,2785
834617,2837
834846,2843
835291,2846
835459,2771
835622,2882
835644,3063
836099,3049
836364,2886
836574,2774
837097,2937
837543,2872
837785,2783
838322,2880
838333,3030
838641,3013
838847,3105
839432,2831
839454,2973
839618,2961
840131,2827
840544,2812
840704,2770
841289,3077
841490,2965
841754,2875
842048,2998
842364,2928
842564,3021
842724,2972
843080,2947
843446,2863
843652,2957
844667,2831
844700,2895
844942,2933
845167,3013
845427,2904
845695,2895
845856,3025
846136,3033
846445,2835
846694,2856
847704,2855
847717,2931
848017,3149
848272,2878
848481,2934
848721,2831
848992,2846
849379,2887
849393,3029
849682,2841
850784,2837
850804,3165
851397,2851
851530,2900
851722,2908
851927,2849
852010,2979
852391,3024
852763,2849
852780,2946
853754,2895
854099,2950
854355,2930
854562,3065
854768,3029
855138,2982
855193,2942
855559,2884
855811,2913
855994,3047
856737,2795
857149,2853
857414,2893
857733,3269
857955,2910
858332,2845
858501,2925
858661,2984
858859,3109
859131,3009
859666,2806
860083,2961
860405,2923
860993,2867
861152,2930
861362,2954
861565,3039
861770,2979
862071,2894
862263,2976
862561,2885
863165,2803
863409,2777
863988,2818
864209,2958
864444,2873
864696,2893
865046,3049
865069,2939
865363,2832
865577,3079
866146,2855
866305,2854
866943,2885
867261,2797
867468,2974
867719,2822
868282,2829
868295,2907
868453,2850
868760,2956
869128,2833
869288,2965
870109,2881
870275,2924
870530,2823
870737,2919
871259,2795
871458,2944
871497,3146
871815,3306
872092,2870
872338,2798
873125,2872
873327,2890
873491,3029
873743,2885
874183,2884
874491,2850
874776,2864
875231,2822
875315,2893
875481,2830
876100,2927
876353,3143
876627,2776
876763,2952
877166,2933
877473,2887
877764,2817
878190,2791
878355,2894
878611,2783
879116,2925
879498,2836
879810,2787
879982,2837
880224,2860
880481,2853
880694,2795
881075,2840
881486,2841
881501,2925
882166,2880
882458,2900
882719,2845
883000,2837
883216,3062
883468,2797
883682,2929
884047,2861
884512,2850
884720,2772
885134,2875
885455,2844
885695,2871
886111,2874
886393,2903
886437,3134
886703,3016
887079,2788
887583,2856
887597,2941
888138,2890
888425,2864
888688,2821
889071,2894
889394,2787
889701,2877
889870,2981
890162,2813
890640,2825
890653,2903
891161,2865
891410,2837
891632,2836
892087,2984
892304,2775
892673,2805
893079,2886
893092,2924
893632,2872
893798,2893
894134,2851
894387,2813
894591,2828
895250,2882
895408,2848
895611,2771
896135,2831
896174,2933
896628,2789
896813,2921
897107,2823
897326,2826
897544,2836
898226,2877
898491,2843
898503,2966
899087,2833
899252,3024
899518,2877
899826,2833
900074,2859
900288,2814
900503,2842
901223,2919
901454,2803
901615,2848
902106,2810
902368,2791
902592,2797
902793,2987
903061,2914
903284,2792
903475,2844
904233,2876
904447,2777
904593,2880
905013,2897
905286,2836
905511,2852
905868,2944
906131,3004
906406,2999
906606,2779
907251,2841
907459,2813
907627,2925
908003,2870
908227,2860
908492,2772
908967,2779
909228,2876
909473,2802
909641,2848
910174,2911
910387,2982
910659,2889
911105,2888
911352,2821
911360,2945
911877,2884
912191,2833
912401,2924
912618,2809
913206,2787
913455,2856
913662,2947
914132,2860
914291,2828
914485,2786
914851,2886
915151,2819
915412,2860
915620,2867
916085,2955
916442,2784
916696,2778
917099,2884
917255,2987
917466,2770
917864,3086
918092,3111
918400,2859
918608,3031
919127,3032
919338,2858
919605,2777
920073,2940
920375,2782
920541,2781
921035,2883
921315,2817
921474,2970
921726,2823
922289,3066
922439,2812
922658,2801
923170,2851
923340,2791
923532,2770
924009,2944
924276,2789
924535,2783
924679,2949
925343,2842
925601,2815
925615,2938
926159,2877
926401,2783
926583,2799
927149,2880
927321,2952
927448,3090
927754,2833
928309,2962
928539,2836
928699,2784
929159,2884
929318,2840
929528,2957
930121,2959
930369,2933
930682,2850
930845,2929
931358,2860
931593,2847
931624,2950
932151,2872
932321,2820
932571,2830
933215,2817
933427,2828
933653,2835
934077,2872
934345,2978
934560,2863
934715,2810
935115,2936
935315,2830
935531,2894
936126,2858
936351,2853
936584,2810
937037,2789
937502,2782
937609,2939
937823,2985
938233,2864
938252,2962
938523,2954
939122,2927
939328,2837
939511,2913
939956,2850
940378,2835
940643,2784
940928,2943
941308,2827
941323,2900
941605,2854
942246,2842
942266,2912
942522,2923
942923,2795
943349,2826
943554,2774
944019,3080
944360,2857
944529,2832
944726,2866
945274,2823
945284,2905
945579,2947
945838,2905
946270,2817
946471,2910
947206,2841
947354,2938
947504,2936
947713,2884
948314,2884
948347,2948
948624,2964
948840,2951
949213,2878
949470,2879
950181,3009
950427,2883
950696,2869
950709,2955
951387,2862
951417,2945
951718,2858
951925,2866
952177,2847
952545,2818
953281,2785
953496,2919
953758,2911
953771,2901
954349,2900
954520,2932
954667,3017
954916,3210
955147,2879
955443,2970
956194,2884
956500,2930
956820,3102
956968,2785
957338,2900
957558,2949
957822,3102
958242,2992
958306,2815
958547,2852
959204,2881
959530,2936
959844,2936
960041,3227
960368,2863
960623,2920
961010,2894
961222,2985
961365,2799
961571,2912
962179,2797
962562,2881
963092,3025
963356,3171
963394,3010
963632,2944
964039,2930
964312,2842
964333,3084
964572,2946
965109,2844
965567,2790
966208,3034
966496,2839
966728,2954
966843,3285
967230,2993
967314,3214
967766,2934
967808,2994
968052,3035
968451,2937
969423,2924
969442,3003
969780,2913
970318,2851
970335,2919
970784,3053
970918,2811
971224,2828
971254,2884
971477,2801
972529,2784
972634,2797
972850,2856
973347,2834
973365,2923
974247,2784
974528,2778
974674,2844
974702,2912
974841,3004
975414,2847
975580,2903
975788,2858
976270,2787
976429,2895
977164,2854
977428,2961
977684,2881
977955,3056
977962,2827
978359,2994
978573,3079
978781,2824
979150,2879
979449,2793
980105,2857
980485,2844
980705,2804
980920,2830
981127,2882
981486,2903
981757,2950
981779,3096
982168,2806
982369,2870
983100,2896
983429,2809
983635,2840
983874,2859
984126,2837
984477,2896
985053,2973
985054,2941
985222,2963
985419,2924
986126,2848
986365,2831
986588,2868
986856,2846
987084,2841
987493,2812
988172,2816
988273,2838
988512,2868
988544,2941
989072,2990
989303,2869
989585,3013
989824,2892
990037,2776
990400,2826
991094,2777
991258,2952
991460,2900
991660,2800
992162,2975
992436,2780
992689,2985
992946,2818
993103,2940
993359,2971
993983,2882
994302,2917
994557,2832
994569,2952
995300,2827
995320,2921
995823,2983
996135,2832
996161,2914
996430,2959
996991,2979
997353,2841
997515,2838
997652,2989
998231,2785
998395,2778
998972,2794
999177,2862
999222,2967
999631,2816
1000057,3034
1000292,3096
1000484,2871
1000726,2999
1001122,3003
1001307,2777
1001910,2933
1002161,2800
1002282,3017
1002546,2857
1003218,2857
1003511,2899
1003528,2996
1003856,3093
1004245,2894
1004410,2945
1005124,2941
1005138,3201
1005494,2954
1005507,3086
1006174,2985
1006510,2945
1006671,2773
1007036,2976
1007236,2868
1007525,2870
1008160,2974
1008426,2811
1008595,2964
1008842,3015
1009288,2862
1009588,2835
1009637,2933
1010193,2862
1010214,2933
1010495,2764
1011336,2833
1011349,2926
1011695,2858
1012087,2857
1012313,2928
1012554,2842
1012726,2888
1013248,2792
1013415,2783
1013619,2831
1014272,2778
1014435,2828
1014675,2909
1015067,2987
1015335,2936
1015547,3023
1015743,2851
1016169,2913
1016291,3055
1016555,2770
1017137,2867
1017369,2875
1017674,2796
1018182,2898
1018408,2896
1018717,2811
1018880,2871
1019167,2881
1019491,2778
1019661,2821
1020130,2847
1020363,2832
1020594,2829
1021170,2860
1021406,2844
1021625,2876
1021877,2893
1022169,2923
1022400,2831
1022604,2990
1023068,2972
1023300,2893
1023515,2783
1024159,2841
1024397,2834
1024622,2914
1024870,2860
1025176,2877
1025423,2848
1025690,2792
1026171,2832
1026407,2804
1026453,2879
1027092,2878
1027321,2960
1027631,2846
1027867,2972
1028135,3010
1028394,2872
1028616,2924
1029094,2936
1029310,2813
1029468,2762
1030256,2874
1030468,2917
1030681,2923
1030955,2866
1031351,2814
1031372,3064
1031652,2884
1032123,2884
1032451,2837
1032468,2969
1033224,2880
1033522,2798
1033737,2809
1033993,3085
1034262,2975
1034635,2937
1034648,3020
1035159,2961
1035423,2853
1035565,2884
1036205,2833
1036452,2814
1036666,2832
1037207,2889
1037379,2990
1037664,2866
1037874,2903
1038216,2937
1038432,2866
1038595,2806
1039152,2844
1039404,2813
1039621,2812
1040187,2824
1040500,2780
1040671,2838
1040924,2920
1041289,2977
1041590,2944
1041603,2899
1042096,2876
1042350,2801
1042557,2818
1043138,2856
1043403,2835
1043631,2916
1044072,3047
1044362,2876
1044646,2864
1044693,3097
1045064,2920
1045270,2979
1045510,2859
1046080,2890
1046333,2879
1046630,2797
1047324,2841
1047343,2928
1047614,2802
1048043,2886
1048113,2959
1048343,2999
1048542,2906
1049058,2899
1049304,2848
1049531,2841
1050262,3185
1050505,2840
1050519,3080
1051161,2914
1051170,3207
1051441,2947
1051625,2915
1052090,2938
1052274,2931
1052494,2817
1053425,2838
1053716,2792
1053881,3076
1054210,3062
1054648,2881
1054803,2860
1054844,3262
1055201,3105
1055304,2777
1055609,2947
1056386,2848
1056631,2779
1057047,2970
1057362,2789
1057686,2857
1057925,3016
1058222,2886
1058393,2913
1058442,3006
1058649,3004
1059335,2794
1059544,2777
1060137,2820
1060301,2906
1060644,2783
1061028,3028
1061239,3074
1061433,3023
1061594,3036
1061779,2962
1062216,2909
1062427,2858
1063089,2864
1063345,2801
1063552,2831
1064158,2976
1064464,3043
1064722,2938
1064881,2952
1065114,2933
1065262,3005
1065456,2918
1066038,2888
1066253,2864
1066520,2816
1067225,2787
1067642,2855
1067805,2907
1068022,3198
1068349,2776
1068518,2981
1068524,2926
1069021,2821
1069245,2942
1069454,2834
1070094,2786
1070623,2859
1070832,3031
1071327,2882
1071691,2931
1071875,3278
1071922,3075
1072156,3152
1072387,3063
1072405,2999
1073018,2822
1073568,2806
1073988,2883
1074338,2789
1074702,2833
1075130,3023
1075284,3151
1075529,3000
1075772,2834
1075987,3143
1076096,2856
1076464,2791
1076986,2864
1077261,2781
1077619,2831
1078266,2843
1078692,2888
1078857,3253
1078944,2782
1079084,2932
1079362,3013
1079524,2946
1079973,2841
1080168,2924
1080550,2788
1081212,2787
1081667,2804
1081882,3052
1082205,2986
1082219,3265
1082589,2919
1082756,2985
1083008,3053
1083214,2894
1083470,2914
1084101,2872
1084576,2786
1085020,3018
1085313,3000
1085713,2849
1085860,2937
1086198,2830
1086261,3032
1086473,2968
1086627,2968
1087216,2863
1087486,2777
1088141,2990
1088400,2989
1088653,2881
1088900,2941
1089125,3106
1089424,2935
1089686,3078
1089694,2907
1090182,2896
1090388,2885
1091219,2797
1091519,2790
1091684,2890
1091952,2843
1092434,2888
1092599,2915
1092894,2922
1092960,3153
1093165,3038
1093363,2880
1094138,2890
1094432,2902
1094694,2828
1094965,2782
1095424,2775
1095600,2909
1095936,3036
1096323,2813
1096399,2830
1096561,2920
1097113,2931
1097440,2802
1097657,2822
1097877,2826
1098283,2889
1098606,2784
1099223,2834
1099313,3008
1099596,2839
1099756,2785
1100174,2825
1100363,2837
1100602,2868
1100801,2890
1101277,2853
1101497,2930
1102148,2802
1102428,2831
1102721,2783
1102880,3072
1103282,2910
1103312,3098
1103570,2972
1103797,2973
1104263,2795
1104520,2838
1105087,2905
1105384,2833
1105625,2828
1106068,2853
1106313,2982
1106528,3046
1106686,2868
1107068,2796
1107245,2889
1107478,2884
1108079,2897
1108328,2838
1108587,2811
1109012,2785
1109401,2930
1109702,2887
1109876,2931
1110027,3034
1110244,2952
1110494,2859
1111108,2832
1111292,2835
1111521,2822
1112049,2782
1112421,2923
1112688,2850
1112930,2951
1113278,2914
1113421,3002
1113497,3144
1114026,3017
1114270,2871
1114475,2794
1115063,2811
1115478,2798
1115662,2931
1116097,2891
1116308,2991
1116544,2874
1116761,2811
1117232,2803
1117498,2770
1117657,2928
1118004,2778
1118365,2884
1118697,2777
1119126,2813
1119383,2906
1119557,2887
1119722,2819
1120122,2896
1120371,2882
1120689,2831
1120936,2794
1121337,2861
1121571,2775
1122069,2889
1122375,2958
1122637,2847
1122650,2993
1123157,2839
1123381,2854
1123640,2817
1123849,2844
1124326,2782
1124488,2767
1125047,2791
1125466,2896
1125619,2866
1125835,2934
1126127,2924
1126357,2853
1126576,2871
1126811,2850
1127204,2812
1127411,2905
1128016,2786
1128454,2888
1128616,3021
1128858,2894
1129147,2944
1129364,2871
1129584,2793
1129785,2942
1130146,2812
1130401,2785
1131053,2784
1131472,2782
1131717,2803
1132066,3051
1132237,2863
1132471,2934
1132499,3224
1132827,3004
1133086,2994
1133312,2839
1133948,2797
1134346,2880
1134646,2776
1135231,3027
1135283,3067
1135550,3120
1135825,3134
1136166,2940
1136366,2894
1136428,3052
1136832,2944
1137328,2834
1137555,2827
1138448,2886
1138497,2951
1138806,3092
1139090,3028
1139243,3021
1139456,3037
1139610,3032
1140032,2928
1140286,2893
1140502,2843
1141472,2789
1141676,2926
1141985,2988
1142220,3024
1142402,3126
1142626,3059
1142731,3127
1143049,2984
1143268,2911
1143465,2914
1144385,2882
1144684,2844
1145096,2956
1145365,2813
1145618,2953
1145842,3354
1146109,2983
1146255,3017
1146455,3098
1146493,3214
1147361,2824
1147658,2783
1148140,2826
1148306,2769
1148658,2839
1149349,2904
1149371,2997
1149528,3157
1149686,2878
1149851,3025
1150288,2883
1150536,2846
1151063,2786
1151229,2774
1151585,2857
1152363,3043
1152523,2981
1152704,2921
1152948,3251
1153084,2862
1153367,2934
1153513,3057
1154182,2930
1154195,3065
1154575,2855
1155532,2831
1155725,2926
1155762,3042
1156041,3096
1156397,3036
1156410,3013
1156702,2978
1157253,2845
1157350,3008
1157599,2814
1158486,2975
1158778,2805
1158962,2876
1159260,3033
1159507,2908
1159583,3020
1159836,3114
1160186,2904
1160512,2778
1160677,2875
1161552,2788
1161761,2813
1162013,2783
1162383,2837
1162587,2889
1162757,2878
1163152,2908
1163369,2892
1163404,2947
1163649,2874
1164476,2819
1164703,2820
1164927,2828
1165341,2949
1165595,2970
1165769,2791
1166189,2986
1166458,2832
1166618,2767
1166667,3003
1167388,2873
1167631,2848
1167898,2799
1168391,2888
1168796,2849
1168813,2926
1169264,2944
1169476,2949
1169505,3111
1169804,2892
1170381,2819
1170605,2829
1170816,2845
1171366,2790
1171799,3061
1172018,2942
1172293,3132
1172529,3053
1172712,2979
1173054,2965
1173294,3045
1173540,2872
1173796,2894
1174272,2798
1175104,2845
1175113,3098
1175522,2901
1175790,2915
1175804,3193
1176170,3083
1176500,2868
1176521,2949
1176782,2989
1177193,2910
1178040,2786
1178322,2856
1178553,2879
1178826,2955
1179084,2857
1179456,2790
1179548,2918
1179758,2931
1180130,2810
1180347,2791
1180950,2887
1181280,2876
1181563,2908
1181871,2828
1182075,2950
1182374,2827
1182590,2829
1182815,2835
1183067,2802
1183258,2914
1184008,2862
1184250,2877
1184567,2859
1184793,2901
1185136,2900
1185334,2816
1185544,3006
1185773,2878
1186003,2793
1186258,2779
1187004,2842
1187258,2930
1187550,2864
1187819,2829
1188160,2899
1188380,2888
1188729,2805
1189034,2784
1189121,2866
1189333,2806
1189967,2884
1190327,2800
1190537,2865
1190772,2846
1191182,2835
1191388,2857
1191654,2986
1191960,2895
1192126,2904
1192351,2945
1193115,2842
1193321,2798
1193534,2846
1193738,2930
1194108,2928
1194337,2896
1194738,2947
1194998,2806
1195162,3023
1195397,2794
1196091,2828
1196305,2885
1196499,3006
1196789,2930
1197152,2824
1197345,2906
1197776,2910
1198012,3028
1198288,2824
1198453,2927
1199044,2956
1199304,2981
1199590,3055
1200019,2830
1200194,2832
1200400,2779
1200822,2932
1201209,2983
1201223,2966
1201469,2927
1202106,2863
1202378,2857
1202786,2887
1203105,2853
1203311,2964
1203474,2788
1203838,3022
1204338,2786
1204509,2829
1204669,2976
1205064,2979
1205368,2775
1205762,2852
1206104,2938
1206404,2932
1206571,2817
1207005,2863
1207245,2898
1207459,2849
1207734,2861
1208237,2826
1208250,2904
1208746,2795
1209163,2879
1209505,2817
1209552,2912
1209974,3061
1210251,2825
1210438,2919
1210718,2902
1211254,2785
1211423,2839
1211664,2819
1212165,2961
1212448,2810
1212596,2857
1213183,2887
1213278,3057
1213499,2833
1213743,3024
1214140,2922
1214368,2845
1214587,2814
1215225,2856
1215438,2930
1215556,2777
1216164,2890
1216438,2827
1216602,2955
1216855,2957
1217176,2912
1217346,2841
1217525,2843
1218201,2840
1218497,2864
1218510,3007
1219190,2882
1219388,2804
1219642,2875
1220005,2926
1220213,2989
1220458,2860
1220471,2999
1221140,2881
1221451,2787
1221651,2800
1222162,2811
1222349,2827
1222605,2795
1223034,2775
1223301,2858
1223569,2826
1223582,3108
1224156,2807
1224362,2825
1224575,2834
1225100,2994
1225304,2809
1225531,3035
1225933,2904
1226256,2946
1226527,2835
1226782,2938
1227059,2868
1227321,2892
1227533,2968
1228234,2796
1228399,2773
1228654,2912
1229032,2985
1229293,2868
1229495,2930
1229850,2900
1230085,2938
1230340,2795
1230587,2778
1231137,2840
1231347,2882
1231692,2784
1232147,2797
1232300,2910
1232532,2888
1232842,3008
1233207,2866
1233370,2807
1233496,3082
1234105,2908
1234352,2853
1234598,2825
1235033,2860
1235339,2804
1235542,2817
1236191,2803
1236359,2785
1236562,2839
1236723,2853
1237134,2819
1237330,2811
1237545,2957
1238023,2835
1238269,2827
1238481,2814
1239116,2864
1239287,2936
1239509,3022
1239716,2939
1240121,2909
1240336,2956
1240590,2818
1241068,2884
1241231,2983
1241417,2772
1242067,2975
1242367,2781
1242629,2869
1242791,2931
1243122,2830
1243382,2787
1243587,2809
1244230,2787
1244588,2830
1244605,2911
1245239,2922
1245249,3002
1245639,2930
1245842,3024
1246082,2988
1246285,2840
1246516,2770
1247139,2873
1247597,2788
1247810,2791
1248404,2843
1248421,2979
1248702,2947
1249451,2834
1249485,3063
1249671,2984
1249687,3132
1250105,2906
1250479,2985
1250701,2884
1251354,2797
1251533,2842
1251770,2830
1252376,2850
1252630,3034
1253105,2953
1253269,3060
1253293,3054
1253668,2923
1253689,3003
1254314,2810
1254510,2872
1254726,2943
1255344,2785
1255745,2874
1256158,2929
1256477,3015
1256649,2939
1256814,3185
1256992,3119
1257254,2960
1257500,2996
1257754,2887
1258226,2817
1258745,2793
1259211,2786
1259577,2795
1259791,2937
1260307,2826
1260314,3084
1260474,3016
1260757,2844
1261055,2896
1261216,2931
1261620,2849
1262091,2787
1262507,2883
1262814,2897
1263229,2881
1263664,2923
1263684,3012
1263868,3189
1264073,3001
1264269,3033
1264563,3068
1265055,2781
1265517,2851
1265796,2873
1266209,2837
1266690,2788
1266849,2975
1267149,2871
1267309,2818
1267464,3043
1267715,2900
1268066,2886
1268499,2806
1268755,2791
1269172,2923
1269602,2881
1269952,2913
1270149,2992
1270333,2936
1270691,2991
1270988,3003
1271166,2937
1271404,2863
1271680,2811
1272184,2819
1272580,2825
1272973,2797
1273364,2857
1273372,2971
1273810,2819
1274187,2815
1274392,2817
1274563,2937
1274720,2882
1275125,2841
1275492,2799
1275932,2788
1276435,2913
1276442,3011
1276723,2831
1277138,2891
1277330,2920
1277590,2965
1277747,3064
1278069,2916
1278420,2941
1278805,2797
1279538,2786
1279631,2949
1279838,2916
1280158,2912
1280371,2999
1280639,2832
1281086,2921
1281191,3090
1281499,2927
1281719,2818
1282408,2803
1282711,2793
1282991,2933
1283205,2903
1283609,2887
1283623,2975
1284110,2847
1284469,2817
1284712,2830
1284860,2861
1285336,2902
1285623,2788
1286007,2823
1286217,2781
1286586,2803
1286693,2921
1287065,2953
1287373,2861
1287672,2869
1287841,3107
1288323,2890
1288533,2969
1289103,2826
1289270,2847
1289535,2858
1289730,2910
1290107,2960
1290369,2807
1290648,2780
1291041,2827
1291338,2785
1291581,2775
1292206,2884
1292216,2990
1292489,2866
1292731,2847
1293266,2880
1293514,2810
1293536,2885
1293981,2888
1294225,3013
1294454,2773
1295198,2877
1295361,3037
1295525,3033
1295704,2963
1296233,2909
1296447,2847
1296651,2910
1297064,2891
1297366,2829
1297415,2929
1298173,2883
1298498,2965
1298765,2821
1298772,2938
1299279,2927
1299393,2975
1299675,2814
1300046,2960
1300291,2826
1300469,2960
1301182,2799
1301542,2859
1301833,3108
1301872,2947
1302302,2889
1302590,2946
1302597,2963
1303204,2847
1303220,3129
1303522,2852
1304072,2828
1304527,2790
1305186,2799
1305370,3031
1305394,3099
1305683,2898
1305841,3143
1306182,3190
1306555,2934
1306683,2907
1306992,2947
1307411,2789
1308116,2842
1308651,2824
1308662,3122
1308821,3077
1309203,2942
1309464,2898
1309723,2921
1309733,3059
1310076,3033
1310291,2969
1311065,2791
1311606,2785
1311876,2925
1312085,2933
1312263,2876
1312493,3004
1312764,3080
1312933,3078
1313235,2894
1313417,2984
1314022,2788
1314477,2790
1314997,2865
1315218,2775
1315385,2820
1315629,2908
1315939,3000
1316222,2979
1316231,3133
1316499,2800
1316967,2843
1317383,2825
1318081,2852
1318315,2885
1318468,2896
1318661,2858
1319193,2806
1319443,2771
1319498,2879
1319657,2933
1319930,3028
1320299,2791
1321069,2955
1321322,3013
1321481,3009
1321657,2977
1322097,2945
1322346,2902
1322508,2973
1322680,2947
1323096,2854
1323304,2827
1324111,2983
1324440,2877
1324613,3004
1324768,2859
1325128,2882
1325346,2949
1325570,3022
1325752,2941
1326073,2782
1326244,2851
1327234,2895
1327440,2925
1327776,2961
1327819,3022
1328191,2920
1328421,2949
1328771,2862
1328995,2858
1329158,2818
1329235,2920
1330222,2867
1330462,2772
1330834,3006
1331165,2926
1331242,2990
1331461,2952
1331761,3032
1332077,2893
1332236,2891
1332447,2994
1333216,2788
1333369,2795
1333948,2967
1334183,3069
1334359,3050
1334533,2972
1334874,3068
1335113,2916
1335279,3025
1335659,2830
1336135,2956
1336301,2773
1337019,2953
1337343,2889
1337586,2873
1337744,2944
1338119,2839
1338129,2972
1338406,2863
1338614,2998
1339206,2834
1339259,2892
1340078,3019
1340372,2825
1340578,2891
1340805,2964
1341082,3046
1341229,3046
1341443,2990
1341699,2948
1342135,2937
1342300,2775
1343182,2793
1343388,2799
1343598,2928
1344034,3003
1344260,3016
1344365,3055
1344674,2906
1344899,3101
1345217,2830
1345265,2949
1346105,2851
1346309,2873
1346606,2840
1347136,2955
1347379,2968
1347547,2939
1347703,3124
1348110,2952
1348405,2839
1348424,2964
1349043,2996
1349279,2905
1349576,2805
1350208,2953
1350480,2935
1350660,2879
1350959,2843
1351181,2883
1351373,2978
1351544,2824
1352155,2889
1352320,2991
1352521,2774
1353247,2960
1353634,2864
1353644,2995
1353942,2986
1354179,2935
1354565,2878
1354708,2835
1355137,2897
1355467,2777
1355635,2825
1356326,2985
1356632,2786
1356833,2963
1357051,3130
1357270,2969
1357536,2914
1357750,2896
1358167,2810
1358369,2829
1358583,2832
1359398,2782
1359519,2919
1360005,3082
1360286,3068
1360449,2949
1360544,3186
1360807,2963
1361102,3073
1361316,2964
1361537,2847
1362264,2787
1362546,2780
1363170,2885
1363511,2924
1363558,2987
1363865,3272
1363938,2882
1364257,2979
1364500,2875
1364513,2973
1365181,2879
1365449,2770
1366137,2807
1366533,2819
1366696,2849
1366962,2980
1367318,2865
1367567,2837
1367608,2934
1367740,2951
1368157,2865
1368370,2952
1369070,2790
1369439,2858
1369657,2939
1370038,2931
1370319,3000
1370527,3099
1370691,2957
1370920,2950
1371155,2914
1371413,2812
1371974,2799
1372431,2783
1372680,2792
1373263,2887
1373460,2906
1373785,2963
1374024,2898
1374338,2809
1374415,2886
1374500,3047
1374922,2840
1375303,2870
1375598,2814
1376235,2863
1376472,2784
1376845,2957
1377374,2837
1377473,2903
1377589,2962
1377670,3163
1377876,3160
1378290,3027
1378517,2879
1379305,2798
1379472,2907
1379921,2834
1380302,3057
1380632,2901
1380673,3163
1380976,3104
1381150,3078
1381487,2914
1381509,3178
1382207,2841
1382471,2869
1382856,2842
1383459,2791
1383671,2788
1383942,3124
1384174,3087
1384357,3004
1384523,2980
1384770,2949
1385170,2884
1385423,2858
1385833,2816
1386379,2803
1386581,2773
1387152,3016
1387359,3025
1387581,2964
1387821,3239
1388000,3090
1388263,2973
1388432,2911
1388734,2836
1389278,2940
1389482,2836
1390255,2956
1390473,2855
1390678,2920
1391178,2855
1391336,2899
1391513,2893
1391680,2904
1391876,3044
1392312,2888
1392524,2983
1393425,2822
1393434,2910
1393696,2914
1394125,2933
1394364,2990
1394528,3108
1394687,2994
1395016,3041
1395341,2868
1395595,2821
1396430,2825
1396441,3078
1396739,2827
1397187,2977
1397477,2918
1397795,2999
1398009,3395
1398191,2895
1398401,2936
1398553,2879
1399343,2890
1399619,2907
1399782,2838
1400251,2888
1400490,2817
1401152,2877
1401243,2903
1401553,2903
1401635,3083
1401711,2948
1402360,2930
1402704,2860
1402913,2889
1403263,2788
1403437,2789
1404127,2885
1404292,3040
1404545,2957
1404845,2884
1405070,2900
1405393,2824
1405687,2864
1406079,2882
1406242,2819
1406380,2843
1407103,2939
1407434,2915
1407632,2834
1407851,2875
1408096,2863
1408336,2883
1408640,2799
1409185,2801
1409338,2769
1409530,2816
1410181,2819
1410435,2789
1410648,2803
1410859,2815
1411093,2907
1411337,2951
1411558,2837
1412121,2888
1412329,2835
1412514,2797
1413112,2841
1413356,2809
1413575,2841
1413795,2882
1414120,2794
1414379,2908
1414591,2854
1415143,2861
1415307,2847
1415508,2780
1416047,2884
1416296,2838
1416547,2854
1416799,2849
1417253,2828
1417406,2950
1417626,2986
1418120,2876
1418289,2823
1418500,2921
1419072,2782
1419257,2864
1419524,2842
1419750,2829
1420177,2809
1420446,2786
1420704,2780
1421091,2888
1421257,2834
1421506,2803
1421960,2883
1422218,2865
1422502,2799
1422696,2818
1423159,2794
1423349,2845
1423609,2804
1424075,3092
1424289,2778
1424444,2895
1424984,2826
1425206,2865
1425427,2983
1425661,2846
1426042,2921
1426298,2855
1426515,2915
1427287,2787
1427446,2820
1427477,2936
1427948,2818
1428243,2901
1428600,2829
1428760,2884
1429090,2970
1429253,2900
1429525,2858
1430171,2909
1430392,2803
1430547,2907
1430918,2928
1431268,2836
1431518,2849
1431739,2845
1432157,2848
1432364,2936
1432530,2774
1433166,2798
1433373,2797
1433578,2849
1433944,2875
1434201,3016
1434506,2815
1434700,2903
1435135,2892
1435510,2848
1435520,2996
1436264,2854
1436283,2939
1436514,2802
1437047,2809
1437419,2852
1437433,2947
1437696,2775
1438133,2888
1438456,2795
1438642,2831
1439201,2842
1439426,2776
1439583,2933
1439986,3092
1440460,2926
1440674,2995
1440833,2955
1441155,2894
1441379,2947
1441571,2863
1442134,3223
1442369,3333
1442608,3369
1443208,2823
1443509,2858
1443755,2875
1444159,2925
1444165,3021
1444517,2834
1444533,3015
1445484,2884
1445788,2962
1446107,2922
1446147,3025
1446463,2886
1446759,2881
1447273,2890
1447488,2778
1447650,2902
1447679,2881
1448464,2785
1448872,2964
1449153,2949
1449309,3085
1449494,2935
1449740,2858
1450370,2945
1450388,3037
1450733,2786
1450926,2983
1451336,2790
1451957,2960
1452233,2994
1452548,3116
1452697,2883
1452738,3214
1453506,2883
1453722,2821
1453767,2977
1454008,3088
1454254,2940
1455234,2793
1455438,3036
1455742,2894
1455758,3045
1456069,2959
1456529,2923
1456728,3029
1456893,2964
1457186,2956
1457389,2900
1458148,2797
1458562,2990
1458779,2886
1459117,2917
1459133,3101
1459596,2892
1459844,2866
1460121,3037
1460279,3033
1460492,2780
1461036,2830
1461760,2930
1461774,3020
1462168,2789
1462351,2860
1462609,2833
1462833,2972
1463362,2837
1463470,2844
1463637,2937
1464032,2787
1464881,2795
1465092,2951
1465272,2888
1465428,2839
1465587,2988
1465912,2935
1466293,2790
1466454,2869
1466657,2890
1467045,2775
1467793,2868
1468181,2864
1468406,2940
1468673,2831
1468679,2987
1468995,2978
1469201,2921
1469440,2832
1469662,2942
1469993,2827
1470748,2804
1471183,2795
1471438,2944
1471651,2876
1471809,2999
1472097,2942
1472350,2917
1472367,3045
1472694,2876
1473050,3065
1473679,2812
1474102,2777
1474523,2847
1474731,2943
1474941,2855
1475160,2919
1475392,2922
1475771,2910
1475778,3008
1476202,2951
1476591,2791
1477085,2784
1477506,2809
1477760,2858
1477949,2868
1478184,2885
1478403,2784
1478776,2961
1478983,2942
1479254,2878
1479512,2803
1480034,2787
1480443,2815
1480707,2921
1481220,2837
1481422,2820
1481439,3022
1481836,2840
1482045,3049
1482248,2892
1482434,2861
1482975,2805
1483348,2812
1483762,2809
1484175,2796
1484363,2814
1484574,2848
1484816,3283
1485284,2784
1485382,2822
1485558,2955
1485872,2955
1486289,2817
1486654,2869
1487099,2836
1487303,2830
1487534,2836
1488280,3001
1488327,3053
1488441,3236
1488622,3051
1489203,2899
1489217,3128
1489651,2853
1490017,2973
1490245,2850
1490498,2871
1491477,2886
1491487,2975
1492045,2906
1492177,3048
1492253,2998
1492489,2948
1492687,3022
1493193,2909
1493202,2996
1493461,2842
1494556,2827
1494566,2914
1495045,3025
1495377,2903
1495546,2966
1495568,3079
1495800,2951
1496285,2800
1496489,2911
1496495,3038
1497576,2826
1497586,2925
1498165,2902
1498414,3057
1498632,2938
1498863,3099
1498942,2915
1499238,3020
1499514,2902
1499669,2951
1500593,2791
1500792,2997
1501187,2923
1501554,2815
1501764,2957
1502050,3053
1502066,3128
1502366,3113
1502543,3038
1502734,2958
1503510,2782
1503876,2838
1504202,2892
1504502,2879
1504805,2916
1505286,3035
1505302,3121
1505666,2879
1505770,3005
1505987,3032
1506381,2808
1506839,2919
1507210,2932
1507503,2875
1507841,2881
1508505,2948
1508716,2858
1508856,3110
1509126,3036
1509323,2945
1509483,2893
1509845,2961
1510235,2858
1510509,2889
1510810,2845
1511668,2950
1511683,3044
1512095,3041
1512292,2983
1512492,2938
1512644,3109
1512931,3145
1513183,2994
1513493,2886
1513750,2947
1514720,2805
1514912,2873
1515263,2943
1515431,2922
1515575,2938
1515943,2889
1516161,2967
1516361,3093
1516531,2835
1516783,2943
1517660,2850
1517933,2776
1518287,2889
1518493,2784
1518660,2846
1518958,2860
1519262,2849
1519555,2821
1519587,3077
1519859,2977
1520598,2843
1520820,2918
1521365,2903
1521375,2992
1521612,3024
1521983,3084
1522225,2963
1522497,2802
1522751,2862
1522992,2848
1523571,2782
1523826,2917
1524460,3148
1524470,2882
1524772,2817
1525152,2892
1525388,2880
1525563,2930
1525740,2917
1525971,2836
1526443,2855
1526874,2813
1527438,2868
1527754,2784
1527936,2834
1528169,2827
1528396,2946
1528628,3003
1528794,2934
1529134,2867
1529394,2846
1529811,2886
1530391,2865
1530628,2862
1530868,2850
1531122,2915
1531465,2945
1531715,2800
1531914,2869
1532140,2873
1532361,2953
1532787,2836
1533386,2817
1533615,2811
1533833,2879
1534128,2958
1534501,2783
1534711,2804
1534915,2927
1535155,2947
1535402,2975
1535750,2929
1536288,2872
1536548,2878
1536835,2826
1537204,2856
1537406,2825
1537631,2885
1537956,2787
1538199,2957
1538517,2944
1538774,2950
1539287,2865
1539551,2820
1539776,2818
1540145,2867
1540359,2885
1540640,2921
1540860,3131
1541291,2808
1541550,2829
1541854,2808
1542238,2855
1542467,2842
1542718,2808
1543131,2946
1543369,2835
1543647,2837
1544086,2808
1544305,2789
1544538,2838
1544787,2801
1545208,2817
1545432,2807
1545639,2830
1546163,2811
1546381,2844
1546604,2841
1547012,2818
1547216,2871
1547496,2823
1547710,2822
1548108,2876
1548343,2847
1548560,2812
1549102,2851
1549353,2816
1549559,2830
1550028,2792
1550243,2788
1550453,2793
1550655,2808
1551099,2946
1551319,3655
1551489,3582
1552035,2890
1552273,2981
1552487,3495
1553124,2908
1553311,3021
1553467,3139
1553623,3069
1554186,2833
1555074,2979
1556162,2996
1556247,3026
1556417,3044
1556433,3163
1556572,3212
1556813,3176
1556842,3179
1557117,3124
1557236,3187
1558159,2837
1559267,3039
1559431,3248
1559555,3235
1560048,3117
1560121,3315
1560353,3030
1560502,3125
1560517,3229
1560715,3138
1561116,2996
1562397,2784
1562776,2790
1562969,3077
1563259,3272
1563560,3233
1563839,3012
1564161,2852
1564340,2850
1564369,3160
1564488,2958
1565275,2789
1565693,2791
1566165,2865
1566621,2889
1566982,3319
1567735,2790
1568095,2853
1568353,2885
1568603,2906
1568755,2960
1568773,3092
1568944,3003
1569162,2910
1569598,2908
1570425,2815
1570649,2771
1571070,2882
1571328,2881
1571697,3041
1571855,3385
1572080,2965
1572340,3070
1572637,2885
1572796,2901
1573329,2830
1573553,2895
1574047,2889
1574335,2778
1574829,2925
1575160,2909
1575366,2835
1575619,2831
1575770,2983
1575823,2935
1576279,2794
1576534,2857
1577037,2808
1577239,2775
1577871,2820
1578161,2808
1578374,2889
1578591,2907
1578966,2903
1579112,3036
1579202,2927
1579495,3105
1580162,2808
1580365,2912
1580780,2896
1581114,2952
1581354,2863
1581594,2832
1581980,2860
1582272,2892
1582435,2828
1582680,2935
1583106,2844
1583360,2782
1583775,2795
1584198,2890
1584362,2840
1584549,2766
1584995,2881
1585341,2846
1585555,2824
1585740,2910
1586071,2877
1586254,2856
1586698,2805
1587176,2869
1587440,2838
1587453,2918
1588149,2886
1588316,2826
1588495,2921
1588765,2990
1589083,3042
1589287,2939
1589594,2948
1590168,2920
1590479,2767
1590642,2823
1591129,2819
1591333,2808
1591543,2884
1591841,2856
1592361,2822
1592372,3084
1592673,3034
1593175,2966
1593391,2822
1593594,2884
1594069,2790
1594254,2893
1594544,2874
1594812,2829
1595273,3131
1595546,2956
1595798,2981
1596293,2902
1596316,2985
1596569,2986
1597015,2941
1597306,2896
1597545,2882
1597758,2955
1598599,2882
1598605,2970
1598922,2796
1599384,2898
1599681,2894
1599840,3026
1600092,2875
1600322,2990
1600546,2969
1601024,2782
1601680,2791
1601937,2883
1601955,3117
1602408,2982
1602702,2914
1603082,2946
1603242,3001
1603461,2872
1603644,2987
1604133,2833
1604598,2878
1605037,2810
1605262,2993
1605513,2866
1605739,2829
1606117,2956
1606340,2952
1606559,3025
1606770,2920
1607081,2773
1607565,2851
1608091,2781
1608342,2938
1608573,2864
1608781,2907
1609205,2903
1609425,2898
1609773,2820
1609989,2829
1610149,2829
1610550,2873
1610993,2808
1611408,2797
1611562,2906
1611800,2824
1612243,2822
1612437,2875
1612715,2958
1613100,2835
1613110,3041
1613527,2844
1613927,2832
1614293,2851
1614605,2838
1614768,2858
1615157,2880
1615400,2935
1615759,2935
1616027,2959
1616282,2871
1616496,2945
1616845,3168
1617275,2850
1617536,2859
1617743,2911
1618172,2835
1618415,2847
1618819,2908
1619069,3077
1619279,2826
1619533,3038
1620221,2995
1620227,2876
1620528,2914
1620777,2947
1621351,2817
1621389,3041
1621814,2987
1622242,2783
1622405,3028
1622655,2821
1623202,2898
1623366,2855
1623576,2961
1623849,3004
1624257,2924
1624526,2914
1625097,2820
1625254,2937
1625569,2810
1625622,3027
1626235,2886
1626408,2815
1626681,2820
1627005,2794
1627269,2793
1627559,2778
1628038,2836
1628272,2921
1628483,3028
1628736,2828
1629214,2848
1629420,2930
1629631,2895
1629956,2816
1630185,2928
1630476,2811
1630972,2892
1631336,2924
1631679,2838
1631712,2950
1632181,2829
1632440,2824
1632649,2853
1632942,2846
1633206,2810
1633407,2823
1634035,2931
1634346,3029
1634615,2865
1634803,2928
1635094,2982
1635392,2885
1635625,2895
1635940,2799
1636137,2913
1636346,2847
1637091,2790
1637505,2888
1637709,2927
1637949,2909
1638194,2845
1638399,2925
1638648,2895
1638865,2856
1639134,2869
1639340,2829
1640028,2786
1640509,2850
1640757,2981
1641145,3240
1641162,2916
1641414,2965
1641646,2890
1641855,3063
1642129,2938
1642337,2998
1642918,2795
1643457,2784
1643827,2909
1644217,2973
1644564,2920
1644635,2958
1644844,3097
1645165,3034
1645179,3113
1645459,3107
1645800,3025
1646358,2793
1646823,2798
1647315,2785
1647734,2908
1647748,3491
1648031,3100
1648394,3024
1648408,3159
1648657,3292
1648986,3004
1649270,3139
1649745,2814
1650218,2784
1650735,2798
1651253,3056
1651392,3182
1651690,3137
1651724,3086
1652082,3209
1652237,2951
1652510,3000
1652720,2935
1653098,2898
1653665,2780
1654396,2789
1654662,2961
1655022,2939
1655042,3082
1655286,3187
1655488,3004
1655645,3033
1655852,3126
1656120,2963
1656527,3010
1657308,2783
1657706,2890
1658070,2923
1658294,3087
1658611,3078
1658774,3074
1658816,3154
1659201,3083
1659363,3027
1659619,2987
1660180,2922
1660685,2782
1661096,2785
1661473,2882
1661787,3001
1662055,3013
1662097,3089
1662385,3063
1662587,2889
1662755,3034
1663187,2922
1663586,2791
1664030,2783
1664477,2785
1664873,2978
1665279,3005
1665289,3082
1665620,2937
1665665,3113
1665941,3026
1666227,2941
1666492,2974
1666932,2831
1667352,2790
1667997,2784
1668434,2933
1668614,2980
1668874,3201
1668917,2919
1669274,2988
1669283,3135
1669601,3026
1669850,3118
1670273,2842
1670866,2892
1671456,2854
1671696,2878
1671948,3012
1672160,3148
1672373,3200
1672571,2996
1672753,3048
1673054,2905
1673242,2927
1673844,2857
1674409,2893
1674667,2779
1675087,2896
1675391,2972
1675728,3007
1675964,2904
1676005,3248
1676174,2916
1676380,2929
1676831,2930
1677422,2787
1677580,2778
1678076,2793
1678458,2805
1678837,3083
1679128,3065
1679184,2853
1679582,2944
1679596,3027
1679860,2867
1680304,2807
1680492,2987
1680983,2814
1681348,2843
1682017,2813
1682137,2984
1682386,2974
1682700,3271
1683081,3065
1683291,2994
1683313,2967
1683572,3097
1683911,2875
1684316,2936
1684944,2785
1685210,2893
1685461,2817
1686117,2860
1686398,2796
1686614,2798
1686768,2863
1687063,2923
1687102,3181
1687344,2897
1687858,2912
1688189,2942
1688394,2848
1689070,2847
1689324,2810
1689541,2819
1689755,2891
1690111,2878
1690400,2829
1690410,2969
1690856,2922
1691335,2882
1691342,2980
1692014,2855
1692262,2821
1692484,2919
1692768,2917
1693075,3025
1693335,2853
1693507,2951
1693939,2786
1694400,2781
1694602,2773
1695182,2886
1695258,2923
1695536,2856
1695810,2930
1696286,2856
1696296,2966
1696552,2982
1696823,2909
1697306,2827
1697491,2769
1698265,2850
1698544,2881
1698577,3004
1698832,3165
1699354,2874
1699364,3082
1699659,3086
1699855,2910
1700219,2799
1700382,3010
1701201,2886
1701528,2787
1701714,2819
1702084,2874
1702328,2980
1702583,2905
1703054,2876
1703144,2900
1703205,3009
1703476,2872
1704214,2823
1704439,2814
1704652,2834
1705085,2910
1705390,2825
1705594,2848
1706040,2915
1706179,3035
1706459,2880
1706506,2908
1707130,2940
1707363,3011
1707616,2811
1708122,2829
1708333,2833
1708555,2827
1709043,2784
1709443,2780
1709742,2866
1709752,3167
1710201,3040
1710538,2835
1710590,2909
1711042,2907
1711265,2986
1711505,2801
1712091,2868
1712338,2771
1712721,2795
1713076,2844
1713327,2851
1713618,2782
1713669,2971
1714076,2964
1714424,2914
1714585,2805
1715040,2815
1715248,2903
1715601,2805
1716108,2816
1716308,2834
1716525,2840
1716759,2825
1717163,2889
1717497,2817
1717545,2918
1717982,2783
1718236,2897
1718530,2778
1719011,2857
1719236,2930
1719499,2833
1719708,2839
1720175,2957
1720428,2838
1720604,2906
1720912,2882
1721248,2845
1721421,2955
1721996,2805
1722258,2858
1722479,2940
1722676,2837
1723222,2811
1723429,2798
1723634,2946
1723961,2792
1724207,2789
1724458,2783
1724939,2822
1725249,2882
1725591,2783
1725801,2905
1726173,2794
1726353,2892
1726664,2825
1726874,2849
1727120,2845
1727357,2815
1727876,2983
1728250,2838
1728492,2873
1728792,2942
1729162,2828
1729371,2883
1729605,2867
1729839,2905
1730080,3118
1730287,2785
1730957,2863
1731192,2902
1731461,2850
1731871,3090
1732121,3098
1732346,2966
1732572,3028
1732877,2934
1733289,2822
1733299,3136
1733952,2862
1734219,2915
1734433,2807
1735048,2906
1735429,2829
1735481,2918
1735689,3006
1736101,2847
1736269,2820
1736515,2839
1736958,2785
1737337,2819
1737351,3066
1738082,2991
1738380,2977
1738529,2979
1738796,2984
1739058,2918
1739297,2806
1739469,2856
1739827,3150
1740248,2879
1740549,2990
1741197,2970
1741484,2803
1741646,2955
1741912,2916
1742106,2976
1742212,3031
1742459,2864
1743099,2863
1743373,2779
1743628,2780
1744262,2790
1744472,2849
1744731,2819
1745054,2939
1745175,3343
1745473,2769
1745634,2821
1746090,2800
1746275,2942
1746507,2838
1747158,2887
1747427,2845
1747652,2838
1748087,2875
1748352,2833
1748605,2810
1748765,2875
1749016,3017
1749303,2836
1749511,2793
1750152,2844
1750404,2802
1750592,2837
1751053,3033
1751285,2859
1751503,2979
1751736,3038
1752128,2880
1752280,2963
1752476,2890
1753131,2803
1753329,2820
1753542,2827
1754265,2861
1754300,3088
1754609,2831
1754858,3130
1755197,2878
1755435,3224
1755631,2784
1756028,2840
1756282,2848
1756487,2768
1757213,2892
1757537,2778
1757697,2833
1758297,2847
1758544,2777
1758554,3053
1759107,2899
1759270,2903
1759468,3095
1759629,2836
1760245,2809
1760438,2813
1760646,2822
1761260,2776
1761436,2905
1761721,2787
1762272,2884
1762292,2959
1762555,2959
1762764,2892
1763152,2907
1763382,2839
1763582,2908
1764117,2885
1764437,2788
1764643,2824
1765331,2824
1765347,3070
1765651,2909
1765854,2843
1766310,2894
1766331,2967
1766585,2815
1767134,2849
1767346,2879
1767580,2830
1768246,2878
1768540,2906
1768702,2899
1768932,2789
1769414,2801
1769487,2835
1769646,2936
1770085,2869
1770325,2829
1770529,2845
1771219,2886
1771544,2937
1771820,2977
1771833,2836
1772413,2838
1772434,2955
1772708,2931
1773076,2843
1773267,2875
1773495,2825
1774195,2798
1774567,2919
1774786,3236
1775089,3050
1775376,2962
1775589,2902
1775761,2992
1776039,3116
1776261,2876
1776433,3005
1777114,2796
1777602,2786
1778114,2880
1778323,2929
1778435,3034
1778706,2910
1778961,3073
1779272,2873
1779530,2931
1779539,3015
1780006,2838
1780482,2831
1781124,2854
1781378,2975
1781586,2864
1781749,2968
1782133,2943
1782294,2962
1782676,2920
1782692,3070
1783041,2825
1783394,2882
1784070,2792
1784549,2823
1784556,2919
1784819,2966
1785175,2871
1785384,2942
1785680,2908
1785967,2838
1785984,2993
1786401,2837
1787092,2787
1787558,2873
1787762,2924
1788039,2908
1788251,2888
1788444,2927
1788709,2925
1788944,3015
1789098,2969
1789324,2909
1790000,2792
1790559,2837
1790806,2965
1791082,2883
1791293,2790
1791497,2996
1791752,2965
1792188,2836
1792348,2846
1792503,2783
1792987,2788
1793486,2788
1793859,2945
1794212,2783
1794376,2840
1794624,2809
1794833,2864
1795119,2916
1795363,3283
1795658,2892
1795948,2802
1796362,2859
1796912,2804
1797134,2931
1797341,2830
1797549,2913
1797812,2900
1798124,2826
1798643,2821
1799039,2913
1799052,2992
1799355,2776
1799797,2897
1800268,2886
1800281,2978
1800590,2831
1800833,2820
1801078,2984
1801583,2858
1802268,2827
1802287,2903
1802415,3085
1802821,2853
1803344,2801
1803559,3269
1803703,2942
1803812,2938
1804156,2805
1804524,2946
1805290,2840
1805307,2924
1805635,2776
1805802,2937
1806273,2822
1806825,2949
1807044,2822
1807151,3061
1807308,3067
1807599,2939
1808311,2824
1808523,2876
1808574,2976
1808868,2948
1809188,2948
1809953,2926
1809979,3052
1810341,2966
1810466,3100
1810717,2903
1811261,2944
1811523,2791
1811679,2910
1811959,2895
1812235,2845
1812994,2783
1813153,3012
1813400,2952
1813692,2887
1813732,2979
1814410,2894
1814425,2978
1814716,2863
1815174,2884
1815209,2960
1815875,2957
1816291,2785
1816478,3013
1816692,2950
1816848,2906
1817488,2878
1817677,2904
1817752,2966
1818158,2905
1818296,2903
1819168,2830
1819179,3079
1819587,2898
1819837,3529
1820142,2886
1820497,3039
1820704,2929
1820865,3116
1821181,2914
1821336,3029
1822088,2792
1822383,2858
1822606,2805
1823146,2879
1823447,2964
1823732,3028
1823752,3350
1824189,3027
1824199,2949
1824492,2813
1825019,2933
1825319,2976
1825541,2867
1826124,2843
1826537,2875
1826912,3057
1827327,2802
1827507,2928
1827662,3040
1827856,3356
1828131,3322
1828499,3278
1828508,3295
1829061,3267
1829497,3165
1830099,3455
1830247,3627
1830537,3896
1830817,4252
1831307,4185
1831575,4107
1832052,3941
1832226,3888
1832439,3775
1832775,3520
1833638,3113
1833996,2973
1834531,2794
1835204,2790
1835613,2786
1835802,3149
1836116,3019
1836423,2980
1836433,2995
1836589,3258
1836905,2890
1837101,3144
1837409,2798
1838092,2787
1838496,2786
1839229,2921
1839242,3061
1839528,3050
1839688,3178
1840037,2973
1840070,3075
1840350,2889
1840377,2985
1840974,2825
1841377,2795
1842247,2777
1842437,2960
1842706,2971
1843156,2890
1843324,2879
1843528,2826
1843600,3028
1843695,3070
1844045,2918
1844292,2821
1845118,2842
1845506,2800
1845764,2798
1846187,2842
1846311,2822
1846582,2922
1846757,3053
1847047,2952
1847263,3053
1847354,2802
1848082,2895
1848393,2881
1848678,2789
1849118,2914
1849230,2782
1849593,2887
1849966,2987
1850150,2935
1850283,2926
1850459,3022
1851107,2873
1851365,2838
1851568,2845
1852156,2798
1852325,2892
1852574,2912
1853040,2951
1853302,2991
1853311,2925
1853575,2991
1854078,2941
1854296,2867
1854515,2809
1855058,2989
1855317,2849
1855581,2879
1856122,2930
1856366,2967
1856399,2906
1856658,2846
1857149,2857
1857306,2809
1857503,2970
1858139,2791
1858298,2841
1858548,2865
1859139,3016
1859433,2836
1859598,2937
1859632,2893
1860109,2925
1860279,2914
1860558,2803
1861244,2838
1861252,2934
1861508,2927
1862359,2895
1862368,2985
1862749,2781
1862914,2955
1863170,2991
1863335,2928
1863493,3029
1864269,2791
1864561,2772
1864629,2857
1865437,2855
1865645,2940
1865755,3096
1866089,2976
1866353,2875
1866366,3237
1866647,2857
1867186,2967
1867457,2810
1867613,2880
1868413,2941
1868672,3322
1869172,3121
1869341,2949
1869383,3295
1869695,2921
1869704,3061
1870267,2904
1870477,2889
1870642,2934
1871440,2784
1872120,2993
1872440,3044
1872501,3094
1872875,3499
1872999,2869
1873089,3185
1873296,3237
1873508,3055
1873684,3180
1874310,2794
1875207,2792
1875588,2813
1875758,2838
1876000,2842
1876361,3025
1876696,2847
1876727,3126
1877136,2923
1877411,2859
1877422,2941
1878121,2928
1878485,2869
1878721,2847
1878973,2810
1879510,2843
1879680,2931
1879983,2894
1880181,2979
1880496,2973
1880549,2862
1881132,2886
1881484,2798
1881692,2843
1881958,2791
1882438,2785
1882706,2792
1882978,2856
1883305,2825
1883569,2831
1883586,3069
1884144,2922
1884413,2836
1884661,2823
1884866,2832
1885340,2876
1885614,2903
1885997,2880
1886224,2979
1886489,2877
1886779,2845
1887152,2910
1887364,2837
1887618,2824
1887814,2841
1888296,2877
1888608,2772
1889065,2950
1889334,2793
1889458,2952
1889739,2887
1890158,2824
1890330,2829
1890565,2820
1890786,2893
1891259,2845
1891478,2772
1892221,2858
1892234,2949
1892512,2848
1892753,2895
1893097,2793
1893292,2827
1893512,2829
1893762,2799
1894199,2793
1894403,2773
1895171,2917
1895281,2983
1895550,2870
1895774,2861
1896025,2849
1896244,2849
1896466,2910
1896677,2856
1897110,2841
1897288,2771
1898252,2844
1898357,3002
1898639,2908
1898856,2933
1899194,2908
1899204,3041
1899466,2992
1899667,2940
1900041,2835
1900244,2924
1901189,2825
1901486,2781
1901673,2845
1901946,2805
1902226,2965
1902437,2856
1902604,2989
1902812,3185
1903045,3114
1903256,2965
1904146,2847
1904388,2844
1904641,2840
1904873,2824
1905422,2825
1905448,2888
1905702,2785
1906146,2815
1906485,2798
1906628,2823
1907092,2864
1907316,2898
1907578,2852
1907833,2812
1908408,2781
1908573,2766
1908730,2887
1909054,2948
1909375,2786
1909583,2795
1910143,2857
1910349,2905
1910564,2838
1910772,2789
1911280,3293
1911457,3230
1911715,3114
1912097,3120
1912295,3114
1912504,3191
1913086,2844
1914312,2899
1914383,3100
1914445,3212
1914705,3287
1914807,3741
1915048,3412
1915369,2972
1915837,3874
1917012,3317
1917033,2993
1917357,3153
1917595,3017
1917793,3286
1918136,3100
1918502,2889
1918762,2852
1919040,2879
1919799,2896
1920155,2873
1920410,2914
1920704,2840
1920713,2923
1921221,2847
1921385,2892
1921520,2914
1921736,2942
1922035,2873
1922812,2862
1923153,2896
1923444,2908
1923747,2826
1923783,3005
1924176,2918
1924385,2950
1924574,2983
1924798,3044
1925023,2838
1925755,2793
1926185,2883
1926474,2815
1926695,2828
1926941,2872
1927216,2918
1927464,2904
1927669,2945
1927989,2843
1928042,2933
1928675,2787
1929155,2863
1929396,2841
1929650,2921
1929963,2803
1930223,2874
1930458,2877
1930706,2977
1931057,2817
1931106,2927
1931547,2909
1932152,2814
1932356,2872
1932658,2906
1932924,2895
1933234,2817
1933460,2881
1933802,2934
1934270,2854
1934568,2822
1934613,2923
1935084,2877
1935344,2874
1935684,2872
1935964,2907
1936174,2900
1936461,2781
1936819,2884
1937252,2941
1937506,2792
1937631,2875
1938119,2834
1938342,2917
1938644,2926
1939105,2887
1939392,2899
1939431,3118
1939821,2840
1940281,2866
1940486,2773
1940649,2879
1941034,2911
1941354,2876
1941701,2785
1942117,2831
1942380,2822
1942754,2854
1942763,2931
1943347,2901
1943363,2982
1943619,2828
1944073,2968
1944347,2914
1944607,2936
1945034,2874
1945332,2775
1945827,3011
1945839,2897
1946480,2786
1946758,2948
1946768,3031
1947166,3005
1947376,2908
1947628,2865
1948039,2811
1948230,2958
1948946,2785
1949156,2959
1949392,2839
1949942,3010
1949963,3081
1950267,3043
1950472,2863
1950637,2993
1950981,2933
1951284,2849
1951863,2863
1952198,2918
1952412,2786
1953141,2912
1953147,3003
1953460,2981
1953498,3207
1953722,3125
1954043,2927
1954254,2893
1954811,2926
1955295,2886
1955306,2965
1956244,2877
1956250,3166
1956539,3130
1956828,3031
1957063,2977
1957234,2963
1957286,3133
1957846,2841
1958355,2847
1958392,2977
1959252,2784
1959500,2805
1959800,2897
1960370,2790
1960518,2967
1960630,3400
1960743,3394
1960970,2900
1961307,2865
1961495,2797
1962121,3017
1962428,2927
1962781,2801
1963261,2886
1963586,2784
1964417,2786
1964672,2856
1964692,3140
1964824,2978
1964839,3142
1965260,2871
1965478,3069
1965705,2930
1966238,2916
1966462,2839
1967300,2877
1967661,2963
1968033,2998
1968248,2967
1968317,3034
1968411,3089
1968783,3049
1968808,3021
1969285,2859
1969444,2902
1970266,2782
1970721,2860
1971157,2965
1971336,3162
1971487,3121
1971662,3174
1972038,3140
1972240,3075
1972446,3029
1972479,3009
1973175,2879
1973702,2791
1974211,2788
1974596,2900
1974775,2933
1975009,3127
1975303,2949
1975711,2955
1975728,3263
1975853,3244
1976160,2924
1976580,2806
1977129,2858
1977581,2867
1977798,2937
1978346,2824
1978353,3120
1978811,3029
1979339,2785
1979423,2862
1979567,2875
1979792,2976
1980138,2860
1980570,2847
1980818,2904
1981308,2829
1981553,2834
1981957,3004
1982227,2993
1982407,2962
1982547,3006
1982964,3401
1983140,2845
1983555,2916
1983842,3011
1984224,3034
1984513,2801
1985086,2956
1985347,2983
1985492,2990
1985681,3101
1986075,2893
1986459,2790
1986561,2912
1987087,2896
1987497,2813
1987637,2845
1988166,2980
1988445,2970
1988595,2978
1988934,2862
1989117,2909
1989378,2822
1989577,2970
1990082,2901
1990397,2831
1990617,2832
1991246,2976
1991541,2916
1991689,3006
1992108,3008
1992340,2996
1992358,2864
1992643,2786
1993080,3019
1993360,2928
1993572,3008
1994313,2881
1994573,2841
1994819,2928
1995370,2781
1995688,2806
1995928,2790
1996004,2975
1996228,3043
1996415,3140
1996664,2851
1997330,2805
1997533,2910
1997829,2808
1998276,2877
1998579,2874
1998814,2874
1999084,2950
1999383,2846
1999652,2795
1999817,2840
2000219,2884
2000543,2815
2000763,2817
2001233,2879
2001586,2876
2001805,2881
2002160,2798
2002351,2819
2002571,2818
2002779,2824
2003233,2844
2003474,2840
2003695,2839
2004230,2888
2004552,2889
2004779,2893
2005054,2855
2005271,2848
2005492,2847
2005735,2812
2006168,2872
2006400,2859
2006625,2851
2007216,2875
2007578,2870
2007793,2826
2008039,2800
2008239,2822
2008463,2892
2008669,2899
2009141,2841
2009386,2835
2009593,2844
2010213,2886
2010535,2800
2010741,2824
2011143,2882
2011159,2965
2011447,2833
2011664,2844
2012121,2989
2012338,2814
2012553,2894
2013183,2883
2013431,2866
2013663,2850
2014123,2884
2014288,3032
2014454,3017
2014656,2980
2015276,2826
2015318,2907
2015545,2863
2016188,2822
2016422,2830
2016629,2852
2017093,2894
2017413,2925
2017620,2972
2017769,2909
2018207,2925
2018351,3047
2018555,2852
2019099,2899
2019357,2843
2019603,2817
2020112,2884
2020457,2918
2020794,2963
2020850,3016
2021228,2929
2021543,2833
2021707,2952
2022123,2851
2022323,2819
2022535,2829
2023083,2793
2023469,2781
2023855,2795
2024037,2838
2024282,2901
2024494,2845
2024739,2899
2025069,2797
2025279,2818
2025492,2819
2026116,2861
2026366,2777
2026740,2865
2027007,3019
2027284,2839
2027468,2964
2027752,2896
2027978,3021
2028219,2894
2028430,2784
2029060,2800
2029276,2905
2029735,2809
2030145,2804
2030359,2789
2030562,2828
2030764,2850
2031125,2957
2031325,2818
2031362,3058
2032013,2806
2032265,2862
2032638,2783
2033076,2789
2033270,2835
2033513,2834
2033734,2879
2034241,2840
2034258,2925
2034548,2811
2034946,2920
2035249,2898
2035549,2837
2035960,2876
2036200,2892
2036449,2918
2036739,2846
2037171,2933
2037279,2945
2037528,2810
2038098,2793
2038271,2834
2038505,2838
2039070,2798
2039244,2844
2039466,2961
2039678,2901
2040213,2814
2040405,2923
2040564,2764
2040981,2861
2041206,2859
2041444,2850
2042201,3099
2042231,2974
2042563,2828
2042742,2909
2043157,3003
2043464,2802
2043523,2963
2044006,2824
2044185,2829
2044416,2822
2045377,2881
2045590,2775
2045777,2890
2045787,2991
2046252,3067
2046445,2772
2046613,2945
2046937,2887
2047142,2940
2047372,2805
2048460,2986
2048475,3067
2048760,3061
2048929,3012
2049325,2902
2049459,2992
2049660,3015
2050012,2910
2050311,2806
2050453,2966
2051649,2887
2051663,2983
2051944,3109
2052161,2944
2052356,2838
2052579,2888
2052794,2966
2053043,2969
2053240,3045
2053501,2937
2054725,2798
2055213,2880
2055275,3071
2055376,3117
2055592,3136
2055625,3452
2055860,3182
2056141,3231
2056408,3059
2056564,2987
2057641,2786
2058220,2934
2058474,2912
2058584,3162
2058849,3340
2059203,3081
2059348,3072
2059573,3282
2059732,3005
2059921,2958
2060534,2825
2061244,2859
2061519,2913
2061862,2980
2062563,2970
2062578,3046
2062716,3387
2063074,2856
2063244,3139
2063457,2832
2063608,2837
2064211,2883
2064514,3124
2064986,2970
2065718,2906
2065727,2988
2066072,3109
2066270,3009
2066536,2926
2066582,3112
2066697,2921
2067187,2911
2067736,2865
2068050,2989
2068807,2830
2068816,2924
2069341,2990
2069501,2945
2069728,2822
2070251,3330
2070283,2822
2070300,2964
2070724,2967
2071153,2837
2071751,2789
2071949,3028
2072429,2952
2072682,2816
2072719,2996
2073206,2955
2073412,3216
2073689,2842
2073831,3094
2074172,3035
2074628,2838
2075095,2781
2075512,2885
2075814,2892
2075824,3054
2076250,3016
2076707,2861
2076728,3137
2077013,2824
2077294,2888
2077561,2872
2078113,2808
2078490,2881
2078798,2979
2079098,2942
2079353,2949
2079691,2878
2080007,2954
2080024,3103
2080266,2953
2080563,3089
2081035,2786
2081491,2784
2081874,2832
2082135,2820
2082431,2915
2082694,2887
2083106,2858
2083325,2942
2083486,2770
2083743,2823
2083971,2867
2084378,2787
2084836,2841
2085074,2777
2085434,2863
2085677,2773
2086097,2878
2086404,2911
2086573,2925
2086740,2935
2087002,2971
2087257,2849
2087783,2859
2087983,3020
2088413,2783
2088589,2827
2089095,2883
2089397,2944
2089616,2833
2089808,3055
2090199,2961
2090404,3057
2090727,2991
2091131,2964
2091311,2868
2091538,2776
2092065,2791
2092544,2822
2092551,2977
2092990,2785
2093290,2786
2093552,2793
2093851,2858
2094266,2828
2094474,2769
2094636,2897
2095092,2867
2095457,2793
2095648,2907
2095881,2916
2096177,2882
2096431,2952
2096801,2832
2097195,2858
2097379,2868
2097649,2841
2098079,2914
2098335,2882
2098650,2894
2098956,2832
2099214,2802
2099465,2845
2099768,2793
2100139,2859
2100370,2834
2100615,2808
2101122,2835
2101332,2876
2101624,2921
2102014,2784
2102225,2839
2102435,2850
2102685,2835
2103118,2969
2103329,2810
2103535,2892
2104077,2905
2104324,2882
2104662,2875
2104950,2835
2105191,2827
2105427,2825
2105641,2843
2106253,2789
2106311,2842
2106519,2787
2107088,2886
2107323,2884
2107618,2932
2107880,2873
2108150,2841
2108379,2879
2108604,2831
2109134,2877
2109383,2777
2109584,2822
2110186,2793
2110328,2907
2110673,2800
2110876,2937
2111119,2986
2111345,2905
2111551,2861
2112115,2864
2112290,2831
2112523,2789
2113066,2889
2113358,2846
2113588,2887
2113936,3012
2114241,2910
2114375,2924
2114587,2867
2115084,2999
2115288,2810
2115464,2770
2116077,2982
2116319,2901
2116588,2801
2117074,2983
2117288,2924
2117389,2994
2117650,2890
2118329,2839
2118335,2955
2118493,2861
2119157,2910
2119478,2829
2119485,2930
2120155,2965
2120370,2864
2120530,2874
2120645,2901
2121369,2788
2121588,2772
2121784,3030
2122202,2912
2122492,2804
2122693,2834
2123220,2933
2123381,2883
2123541,2903
2123740,2881
2124243,2855
2124466,2925
2124966,3007
2125226,2959
2125419,3067
2125644,2861
2126290,2784
2126456,2824
2126716,2838
2126723,2981
2127227,2836
2127477,2863
2128068,2940
2128324,2911
2128631,2836
2128678,2880
2129166,2852
2129380,3023
2129681,2823
2129854,2924
2130161,2923
2130463,2843
2131125,2852
2131357,2936
2131675,2786
2131829,2913
2132138,2829
2132491,2785
2132706,2808
2132926,2917
2133212,2816
2133429,2767
2134066,2892
2134400,2794
2134606,2855
2134871,2833
2135089,2922
2135398,2838
2135631,2886
2136028,3066
2136287,2823
2136301,2987
2137084,3006
2137318,2871
2137576,2895
2137821,2919
2138133,2851
2138358,2928
2138631,2816
2139232,2783
2139400,2766
2139444,2893
2140179,2908
2140401,2784
2140596,2913
2140857,2967
2141070,3040
2141386,3027
2141573,2847
2142107,2891
2142320,2781
2142466,2899
2143300,2914
2143330,2974
2143603,2982
2143944,3044
2144251,3023
2144518,2854
2144676,2818
2145193,2800
2145494,2776
2145637,2925
2146412,2825
2146442,2895
2146703,2889
2147108,2886
2147453,2810
2147666,2901
2147822,2896
2148126,2871
2148396,2820
2148645,2808
2149426,2823
2149453,2898
2149680,2935
2150089,2923
2150400,2843
2150655,2803
2150863,2856
2151127,2836
2151341,2845
2151569,2832
2152442,2791
2152723,2785
2152881,2864
2153133,3000
2153365,2877
2153580,2881
2153836,2888
2154085,2882
2154305,2886
2154516,2971
2155357,2871
2155624,2840
2155861,2887
2156225,2889
2156446,2972
2156597,2917
2156826,2858
2157103,3057
2157325,3066
2157567,3146
2158328,3012
2158594,2863
2158866,3088
2159254,2883
2159601,2805
2159814,3341
2160014,3546
2160259,3495
2160489,3361
2160834,3118
2161431,2920
2161636,2888
2162052,2806
2162262,2860
2162528,2830
2163246,2787
2163682,2973
2163944,3037
2164137,3016
2164179,3213
2164486,2890
2164643,2885
2164956,3199
2165222,2992
2165492,2975
2166153,2793
2166740,2793
2167101,2895
2167700,2880
2167867,3340
2167952,3012
2168017,3082
2168287,3016
2168315,3354
2168562,3394
2169044,2835
2169659,2833
2170114,2806
2170705,2881
2171081,3128
2171202,3125
2171501,2978
2171749,3080
2172096,2856
2172164,3102
2172324,3062
2172604,2937
2173022,2983
2173676,2780
2174311,2820
2174487,2892
2174580,2957
2174951,3299
2175227,2920
2175618,3115
2175637,3072
2175774,3038
2176135,2901
2176545,2791
2177229,2953
2177501,2793
2177655,2770
2178338,2782
2178566,3081
2179172,2923
2179315,2889
2179446,2859
2179558,2907
2179606,3133
2180280,2867
2180497,2910
2180525,2870
2181255,2786
2181734,2800
2182199,2907
2182412,3015
2182563,3132
2182579,3099
2182828,3133
2183242,2887
2183479,2941
2183555,3029
2184167,2821
2184637,2805
2185211,2877
2185518,2994
2185832,3250
2185878,2909
2186128,3107
2186351,3092
2186553,3209
2186706,3156
2187172,3000
2187531,2911
2188188,2906
2188643,2870
2189071,2903
2189229,3085
2189383,3185
2189597,3092
2189865,3095
2190011,2931
2190273,2993
2190575,3049
2191181,2819
2191612,2783
2192093,2888
2192397,2844
2192760,2909
2193022,2924
2193091,3059
2193253,3068
2193460,3008
2193712,2937
2194098,2868
2194527,2833
2195104,2905
2195325,2796
2195768,2983
2196128,3017
2196291,3028
2196412,3078
2196638,3003
2196822,3252
2197092,2984
2197448,2851
2198100,2825
2198263,2785
2198874,2929
2199235,2955
2199440,3150
2199635,3203
2199835,3266
2200250,3123
2200380,2818
2200605,2855
2201007,3156
2201204,2823
2201913,2784
2202314,2779
2202670,2825
2203198,2872
2203277,3091
2203576,2904
2203738,3098
2203880,3201
2204165,2976
2204365,2829
2204784,2886
2205219,2809
2205576,2806
2206204,2853
2206452,2866
2206668,2993
2206962,2998
2207296,2983
2207332,2901
2207455,2998
2207805,2907
2208110,2999
2208500,2789
2209150,2838
2209442,2951
2209749,2913
2210114,2846
2210355,2840
2210536,2936
2210593,3028
2210821,3118
2211379,2828
2211389,2986
2212113,2938
2212484,2935
2212786,2904
2213085,2971
2213311,2976
2213591,2983
2213746,2946
2214099,2939
2214306,2887
2214489,2818
2215140,2811
2215543,2856
2215814,2830
2216178,2940
2216407,2924
2216695,2858
2216803,2967
2217132,2895
2217405,2813
2217557,2876
2218077,2779
2218488,2879
2218743,2793
2219221,2829
2219434,2837
2219683,2830
2219993,3089
2220157,2929
2220338,2866
2220549,2924
2220952,2856
2221512,2832
2221671,2781
2222176,2851
2222387,2845
2222630,2819
2223301,2815
2223318,2914
2223484,2860
2223657,3074
2224066,2791
2224536,2800
2224745,2789
2225114,2859
2225334,2839
2225540,2952
2226220,2807
2226410,2848
2226567,2852
2226819,2877
2227119,2922
2227424,2903
2227671,2862
2228100,2898
2228321,2888
2228577,2851
2229119,2964
2229351,2841
2229542,2862
2229813,3007
2230168,2873
2230420,2856
2230662,2824
2231141,2807
2231362,2785
2231540,2824
2232239,2890
2232497,2877
2232653,3008
2232937,2864
2233174,2908
2233400,2882
2233606,2778
2234035,2985
2234282,2853
2234491,2906
2235254,2933
2235497,2959
2235749,2820
2235990,2846
2236209,2892
2236477,2932
2236490,2904
2237229,2830
2237240,2910
2237488,2774
2238286,2783
2238553,2780
2238717,2846
2239003,2848
2239236,2880
2239530,2801
2239700,2846
2240340,2786
2240526,2771
2240666,2934
2241200,2852
2241450,2828
2241680,2848
2241951,2890
2242215,3038
2242461,2907
2242674,2873
2243217,2810
2243424,2876
2243688,2833
2244154,2864
2244377,2871
2244625,2890
2245043,2799
2245362,2805
2245641,2844
2245654,3128
2246160,2858
2246422,2856
2246640,2918
2247143,2831
2247364,2870
2247629,2884
2247993,2961
2248266,2876
2248617,2782
2248869,2927
2249211,2884
2249399,2911
2249643,2861
2250070,3011
2250359,2870
2250627,2845
2251066,2797
2251265,2846
2251520,2808
2251952,2852
2252223,2995
2252442,2873
2252638,2781
2253177,2802
2253397,2959
2253594,2861
2253961,2873
2254214,2919
2254436,2838
2254939,2810
2255315,2868
2255519,2990
2255557,2868
2256188,2888
2256531,2810
2256735,2834
2257109,2861
2257268,2792
2257472,2874
2257840,2861
2258320,2845
2258624,2870
2258635,3116
2259167,2853
2259464,2818
2259686,2828
2260178,2790
2260235,2843
2260478,2891
2260809,2973
2261269,2917
2261584,2782
2261838,2921
2262124,2891
2262375,2945
2262613,2848
2263072,2775
2263231,2868
2263506,2815
2263870,2824
2264323,2787
2264492,2886
2264860,2884
2265148,2828
2265401,2784
2265581,2821
2265952,2868
2266190,2863
2266416,2836
2266795,2813
2267206,2787
2267464,2771
2267837,3093
2268194,2963
2268355,2948
2268519,3071
2269013,3069
2269232,2822
2269390,3121
2269701,2910
2270090,2915
2270359,2938
2271013,2969
2271257,2968
2271428,2883
2271675,2838
2272187,2799
2272346,2845
2272599,2869
2272766,2901
2273127,2846
2273381,2777
2274103,3037
2274404,2852
2274586,2770
2274653,3009
2275117,2828
2275308,2902
2275556,2887
2275780,2938
2276112,2857
2276274,2952
2277223,2990
2277490,2869
2277748,2983
2277927,2946
2278098,3034
2278315,3101
2278551,3168
2278852,2980
2279053,2889
2279357,2805
2280339,2786
2280451,2791
2280818,2849
2281228,2835
2281235,3006
2281515,3434
2281938,2873
2282025,3350
2282244,2875
2282274,3010
2283230,2814
2283394,2822
2283767,2806
2284172,2790
2284356,2772
2285022,3028
2285235,2797
2285454,2788
2285659,2866
2285814,2968
2286128,2925
2286357,3038
2286671,2842
2287055,2859
2287264,2912
2288184,2801
2288340,2895
2288361,3021
2288617,3083
2288877,3113
2289226,2868
2289479,2897
2289636,2866
2290006,2802
2290269,2864
2291084,2968
2291329,2932
2291531,2887
2291806,2902
2292210,2950
2292240,3016
2292481,2872
2292638,2950
2292966,3025
2293230,2910
2294147,2934
2294356,2839
2294542,2948
2294832,2905
2295341,2880
2295586,2871
2295745,2935
2295971,2888
2296130,3060
2296437,2847
2297289,2893
2297302,2976
2297592,2860
2297868,2963
2298337,2862
2298572,2993
2298797,2867
2299019,3006
2299387,2860
2299411,2915
2300371,2802
2300619,2837
2300633,2965
2300972,2924
2301283,2843
2301751,2932
2301761,3024
2302155,3050
2302446,2870
2302612,2881
2303306,2963
2303580,2818
2303793,2860
2304041,2837
2304246,2916
2304860,2954
2305032,3249
2305311,2878
2305475,3072
2305586,2956
2306356,2871
2306525,3009
2306746,2889
2307000,2959
2307250,2853
2308086,2914
2308372,2869
2308379,3162
2308697,2861
2308863,2926
2309361,2806
2309619,2787
2309833,2925
2310082,2999
2310246,2936
2311086,2977
2311374,2914
2311691,2845
2311851,2979
2312084,3022
2312293,2868
2312537,2890
2312845,2922
2313172,2799
2313381,2847
2314190,2808
2314403,2983
2314660,2995
2314933,2889
2315242,2948
2315275,3173
2315522,3017
2316062,2893
2316114,2991
2316339,2913
2317101,2821
2317484,2817
2317751,2800
2317973,3098
2318278,2900
2318660,2795
2318826,3026
2319090,2895
2319327,2851
2319542,2957
2320080,2896
2320389,2901
2320646,2942
2321167,2920
2321339,2870
2321556,2804
2321953,2863
2322165,2866
2322335,3006
2322586,3021
2323070,2964
2323419,2905
2323677,2895
2324188,2854
2324459,2811
2324466,2948
2325124,2849
2325138,2966
2325445,2825
2325732,2852
2326153,2869
2326405,2778
2326705,2783
2327123,2959
2327366,2825
2327538,2762
2328364,2908
2328383,3044
2328544,3036
2328690,2907
2329149,3231
2329312,2892
2329610,2867
2330210,2930
2330442,2811
2330449,2926
2331409,2904
2331688,2924
2331933,3518
2332188,2881
2332323,2861
2332577,2880
2332734,3031
2333409,2824
2333489,2909
2333614,2881
2334442,2783
2334695,2776
2335169,2948
2335344,3091
2335602,2992
2335760,2953
2336012,2978
2336326,2925
2336578,2981
2336776,2875
2337315,2880
2337579,2840
2338214,2885
2338528,2945
2338815,2911
2338828,3012
2339121,3013
2339373,2994
2339704,2882
2340050,3256
2340320,2814
2340539,2865
2341184,2909
2341559,2962
2341942,2891
2341967,3039
2342228,2907
2342466,2939
2342717,2936
2343255,2804
2343522,2766
2343678,2820
2344180,2808
2344617,2881
2344951,2956
2345222,2941
2345265,3050
2345557,3035
2345780,2903
2346148,2859
2346389,2847
2346603,2849
2347119,2813
2347600,2785
2348144,2820
2348416,2918
2348427,3047
2348685,2907
2348902,2941
2349139,2958
2349365,2922
2349567,3013
2350020,2819
2350511,2780
2351107,2886
2351462,2851
2351677,2895
2351714,3071
2351980,3031
2352195,3092
2352419,2849
2352660,2871
2352970,2886
2353372,2832
2354092,2889
2354443,2883
2354692,2815
2355116,2874
2355472,2830
2355688,2889
2355751,2879
2355987,3094
2356186,2899
2356341,3076
2357108,2982
2357420,2836
2357607,2787
2358086,2894
2358394,2954
2358711,3042
2358740,3110
2359237,2788
2359506,2895
2359516,2982
2360218,2880
2360386,2815
2360541,2927
2361066,2789
2361475,2820
2362020,2782
2362110,2893
2362233,3099
2362598,3023
2362609,2960
2363288,2841
2363309,2914
2363561,2791
2364016,2785
2364379,2850
2364949,2785
2365135,2844
2365460,2830
2365730,2836
2365740,3125
2366346,2811
2366531,2793
2366725,2829
2366948,2832
2367353,2846
2367817,2874
2368267,2801
2368407,3003
2368668,2900
2369129,2880
2369296,2922
2369448,3062
2369684,2937
2369922,2858
2370322,2803
2370779,2796
2371193,2876
2371494,2838
2371681,2845
2372140,2817
2372346,2925
2372614,2838
2372872,3103
2372881,2914
2373261,2835
2373699,2800
2374156,2867
2374459,2779
2374645,2814
2375044,2897
2375373,2910
2375582,3008
2375929,2868
2376195,3107
2376205,2816
2376609,2996
2377144,2956
2377342,2866
2377559,2816
2378080,2951
2378420,2786
2378677,2871
2378916,2883
2379153,2965
2379436,2906
2379693,2879
2380203,2839
2380363,2778
2380518,2774
2381147,2814
2381331,2873
2381670,2874
2381951,2906
2382234,2930
2382471,2859
2382697,2789
2383132,2888
2383390,2797
2383567,2928
2384109,2848
2384334,2862
2384634,2927
2385087,2903
2385303,2912
2385466,2902
2385681,2970
2386155,2875
2386327,2811
2386581,2830
2387052,2896
2387294,2800
2387692,2808
2388112,2901
2388330,2943
2388490,3067
2388738,2852
2389128,2869
2389342,2793
2389535,2798
2390074,2782
2390229,2773
2390594,2788
2391120,2959
2391398,2908
2391694,2829
2391865,2991
2392221,2830
2392392,2763
2392484,2927
2393209,2923
2393222,3022
2393474,2861
2394206,2816
2394426,2813
2394642,2879
2394997,2978
2395245,2876
2395262,3014
2395539,2825
2396236,2810
2396460,2780
2396513,2899
2397145,2830
2397353,2890
2397642,2832
2398100,2904
2398258,2854
2398496,2884
2398513,3017
2399138,2933
2399372,2825
2399546,2764
2400073,2908
2400366,2840
2400609,2824
2401099,2780
2401207,2982
2401479,2998
2401659,2847
2402222,2833
2402450,2817
2402461,2900
2403111,2842
2403328,2834
2403559,2817
2404088,2907
2404306,2913
2404622,2814
2404666,2904
2405186,2894
2405470,2775
2405629,2835
2406040,2840
2406250,2980
2406473,2809
2407098,2883
2407347,2893
2407557,2851
2407714,2991
2408174,2806
2408385,2818
2408587,2798
2409054,2900
2409392,2837
2409408,2963
2410080,3009
2410332,2988
2410537,2909
2410801,2945
2411118,2924
2411325,2886
2411503,2809
2412070,2965
2412352,2799
2412508,2772
2413190,2948
2413468,2784
2413685,2838
2413862,3106
2414175,2900
2414424,2868
2414434,3082
2415142,2855
2415357,2771
2415529,2822
2416241,2776
2416410,2832
2416622,2838
2417054,2910
2417262,2901
2417503,2889
2417667,2828
2418125,2925
2418330,2866
2418511,2851
2419112,2857
2419371,2809
2419573,2839
2420219,2783
2420309,2904
2420632,2837
2420660,2950
2421178,2905
2421335,2860
2421536,2860
2422056,2925
2422287,2869
2422538,2953
2423089,2866
2423335,2999
2423591,2851
2423806,2959
2424177,2844
2424337,2943
2424538,2862
2425107,2886
2425322,2785
2425612,2857
2426053,2819
2426431,2920
2426601,3016
2426851,2993
2427112,3023
2427497,2947
2427507,2975
2428198,2942
2428209,3021
2428595,2778
2429063,2785
2429445,2821
2429709,2934
2430109,2923
2430267,2945
2430579,2936
2430741,2795
2431383,2787
2431514,2808
2431698,2889
2431993,2815
2432355,2829
2432740,2849
2433142,2884
2433348,2902
2433679,2830
2433729,2920
2434303,2789
2434455,2858
2434673,2870
2434911,2849
2435308,2791
2435678,2806
2436122,2857
2436376,2988
2436631,2827
2436803,2948
2437200,2848
2437414,2857
2437660,2846
2437859,2986
2438206,2818
2438568,2807
2439072,2792
2439464,2851
2439681,2778
2439875,2896
2440169,2842
2440396,2837
2440630,2950
2441092,2802
2441295,2802
2441500,2826
2442029,2791
2442449,2843
2442652,2848
2442931,2804
2443130,2927
2443346,2902
2443666,2916
2444038,2790
2444216,2847
2444441,2803
2445007,2793
2445423,2804
2445621,2837
2445855,2842
2446173,2873
2446362,2885
2446704,2871
2446976,3085
2447176,2874
2447358,2825
2447941,2796
2448317,2882
2448585,2849
2448822,2880
2449132,2855
2449360,2883
2449667,2798
2450266,2826
2450296,2931
2450458,2999
2450840,2853
2451334,2824
2451562,2862
2451817,2935
2452104,2870
2452363,2843
2452589,2833
2453196,3176
2453355,3220
2453557,2928
2453878,3045
2454266,2925
2454530,2906
2454838,2925
2455096,2991
2455328,2893
2455543,2766
2456466,2875
2456733,2914
2456740,3053
2457027,3083
2457482,2810
2457571,3018
2457861,2895
2458168,3053
2458422,2915
2458582,2851
2459475,2987
2459769,3014
2459954,3003
2460203,2901
2460422,2908
2460673,2949
2460872,3085
2461313,2942
2461548,2824
2461605,2910
2462556,2889
2462877,2939
2463082,2922
2463245,2946
2463457,3033
2463709,3080
2464086,2962
2464346,2987
2464542,2774
2464741,2892
2465536,2785
2466017,2989
2466181,3120
2466325,2915
2466615,2961
2466873,2965
2467164,2865
2467459,2923
2467498,3040
2467719,2990
2468451,2783
2469135,2844
2469385,2828
2469402,2961
2469667,2867
2470106,2934
2470124,3177
2470472,3021
2470662,2942
2470824,3049
2471320,2836
2472072,2961
2472309,2993
2472498,3093
2472696,2992
2473132,2830
2473426,2969
2473696,2949
2473705,2950
2473987,2891
2474285,3053
2475152,2964
2475429,2895
2475673,2821
2475911,2854
2476095,2984
2476476,2961
2476798,3254
2477050,2798
2477126,2840
2477429,2996
2478218,2937
2478429,2836
2478628,2959
2478902,2849
2479163,2820
2479560,2802
2480001,2783
2480206,2843
2480235,2907
2480563,2950
2481285,2790
2481491,2928
2481711,2927
2482019,2830
2482112,2980
2482446,2819
2482935,2930
2483259,2876
2483351,2931
2483636,2803
2484201,2880
2484502,2884
2484730,2863
2484981,3012
2485225,2865
2485382,2985
2486044,2909
2486268,3089
2486380,2916
2486640,2820
2487167,2882
2487522,2786
2487712,2814
2488078,2838
2488285,2931
2488489,2832
2489186,2921
2489468,2895
2489637,2886
2489831,2948
2490174,2856
2490433,2823
2490640,2834
2491042,2821
2491301,2778
2491505,2841
2492194,2795
2492494,2815
2492659,2909
2492866,3114
2493155,2993
2493364,2880
2493599,2962
2494060,2863
2494231,2850
2494485,2868
2495089,2996
2495396,2853
2495700,2779
2496085,2974
2496394,2914
2496434,2960
2496656,3018
2497183,2878
2497196,2968
2497444,2971
2498182,2893
2498388,2819
2498602,2840
2499180,2849
2499508,2883
2499549,2952
2499768,2847
2500248,2989
2500537,2774
2500696,2889
2501157,2809
2501358,2840
2501574,2841
2502111,2953
2502495,2842
2502641,3186
2502771,2958
2503405,2884
2503426,3023
2503672,2939
2504094,2876
2504320,2880
2504538,2885
2505183,2868
2505459,2777
2505811,3247
2506070,2890
2506409,2878
2506733,2974
2506927,3040
2507097,3060
2507305,2993
2507522,2931
2508153,2806
2508366,2775
2509257,2784
2509433,2980
2509440,3139
2509800,2929
2510126,2957
2510289,2996
2510447,3152
2510653,2877
2511052,2924
2511260,2870
2512190,2886
2512517,2931
2512708,2835
2512868,2958
2513170,3040
2513376,2984
2513635,2861
2513807,3050
2514105,3036
2514322,2795
2515161,2798
2515632,2911
2515648,3002
2515982,2881
2516328,2886
2516490,2920
2516685,2961
2516973,2906
2517208,2843
2517372,2841
2518183,2796
2518636,2976
2518812,3068
2519086,2948
2519363,2932
2519539,2863
2519771,2978
2520026,2957
2520299,2985
2520466,2782
2521067,2787
2521712,2807
2522124,2836
2522249,3010
2522475,2773
2522651,2831
2522880,3124
2523118,2978
2523341,2876
2523505,2799
2523964,2858
2524607,2785
2525091,2886
2525391,2808
2525555,2946
2525722,2797
2526155,2890
2526404,2830
2526436,2941
2526562,3119
2527064,2893
2527484,2805
2528104,2906
2528340,2891
2528651,2790
2528820,2886
2529137,2921
2529356,2945
2529518,2936
2529770,2871
2530073,2912
2530379,2867
2531141,2809
2531355,2825
2531587,2842
2531821,2896
2532148,2998
2532401,2990
2532596,2881
2532756,3037
2533073,2916
2533374,2876
2534033,2870
2534275,2871
2534554,2884
2534831,2821
2535268,2941
2535613,2906
2535628,3193
2536079,3001
2536136,3004
2536359,2955
2537029,2825
2537273,2882
2537556,2839
2537765,2846
2538298,2885
2538653,2783
2538959,2885
2539259,2793
2539423,2843
2539467,2966
2540063,2849
2540280,2830
2540493,2854
2540730,2847
2541307,2848
2541560,2771
2541987,2778
2542190,2908
2542415,2978
2542567,2800
2543115,2886
2543324,2905
2543493,3037
2543695,2844
2544247,2834
2544459,2938
2544858,2900
2545230,2875
2545530,2812
2545546,2941
2546129,2908
2546368,2890
2546733,2789
2546869,2909
2547232,2785
2547482,2862
2547937,2844
2548188,3021
2548437,2885
2548627,2791
2549123,2884
2549357,2883
2549612,2877
2549876,2880
2550146,2850
2550445,2793
2550876,2832
2551316,2791
2551530,2769
2551689,2822
2552092,2880
2552329,2883
2552585,2895
2552846,2894
2553135,2916
2553361,2828
2553792,2823
2554202,2827
2554413,2894
2554637,2792
2555112,2823
2555335,2911
2555596,2860
2555861,2833
2556177,2928
2556398,2873
2556741,2787
2557133,2933
2557393,2933
2557599,2861
2558020,2951
2558343,2845
2558580,2841
2558809,2881
2559225,2807
2559397,2855
2559647,2837
2560151,2821
2560448,2781
2560689,2774
2561091,2867
2561311,2845
2561537,2870
2561803,2886
2562158,2870
2562375,2829
2562605,2830
2563091,2857
2563345,2829
2563588,2808
2564058,2860
2564292,2839
2564532,2909
2564804,2882
2565117,2852
2565331,2843
2565565,2825
2566031,2915
2566266,2847
2566492,2922
2567061,2892
2567264,2946
2567525,2881
2567778,2888
2568104,2831
2568298,2869
2568514,2838
2569061,2975
2569229,2889
2569539,2993
2570039,3025
2570340,2787
2570519,2872
2570781,3062
2571066,2909
2571281,2855
2571491,2879
2572148,2873
2572313,2938
2573047,2820
2573427,2895
2573584,2957
2574172,2820
2575084,2796
2575161,2997
2576055,3065
2576981,2803
2577145,3061
2577972,3020
2577996,2921
2578212,2977
2578260,3055
2579223,3545
2579236,2942
2579971,2889
2580021,2944
2580149,2921
2580344,3084
2581086,3863
2581959,3032
2581981,3195
2582127,4163
2582318,2992
2583128,2841
2583186,2936
2583512,3220
2583676,3220
2584043,3003
2585393,2814
2585622,2897
2585965,4110
2586137,3829
2586189,4052
2586218,2921
2586552,3032
2587278,2958
2587409,2979
2587980,2974
2588349,2932
2588957,2799
2589280,2966
2589720,2794
2590061,2898
2590379,2916
2590535,2879
2590581,3375
2590742,3475
2591108,2811
2591696,2855
2591904,2969
2592506,2797
2592646,2816
2593110,2799
2593498,2854
2593724,2900
2594100,2775
2594276,2829
2594473,2900
2594691,3084
2595160,3021
2595428,2857
2595589,2801
2595997,3132
2596489,2855
2596743,2865
2597024,2807
2597222,2879
2597490,2831
2597904,2803
2598274,2820
2598532,2820
2598539,2956
2599266,2811
2599469,2858
2599707,2852
2600006,2816
2600220,2838
2600436,2847
2600798,2801
2601222,2935
2601475,2805
2601631,2763
2602166,2894
2602432,2860
2602658,2902
2602945,2843
2603193,2837
2603403,2909
2603721,2814
2604249,2868
2604501,2820
2604511,2949
2605197,2816
2605421,2861
2605678,2852
2605924,2826
2606146,2891
2606427,2867
2606657,2803
2607244,2889
2607443,2791
2607598,2867
2608126,2875
2608416,2830
2608647,2821
2608865,2975
2609179,2961
2609389,2961
2609587,2922
2610231,2854
2610448,2779
2610592,2908
2611100,2885
2611342,2852
2611564,2852
2612002,2963
2612334,2817
2612604,2816
2612613,3094
2613328,2819
2613343,2922
2613625,2783
2614109,2976
2614325,2812
2614533,2889
2615080,2781
2615268,2980
2615544,2811
2615794,3029
2616357,2792
2616605,2831
2616618,2959
2617254,2818
2617299,3040
2617513,2942
2617969,2790
2618334,2807
2618542,2866
2618983,2886
2619274,2994
2619571,2823
2619749,2948
2620167,2893
2620429,2858
2620619,2892
2620858,2964
2621240,2789
2621496,2807
2621983,2791
2622373,2860
2622535,2808
2622782,2826
2623219,2794
2623438,2921
2623650,2997
2624019,3047
2624231,2814
2624434,2875
2624910,2833
2625322,2789
2625537,2822
2625734,2860
2626139,2881
2626443,2949
2626752,2987
2627211,2919
2627465,2928
2627671,2841
2627862,2999
2628238,2933
2628459,2851
2628697,2941
2629108,2820
2629514,2894
2629863,2929
2630214,2997
2630540,2831
2630739,2889
2631004,2853
2631262,2885
2631474,2963
2631744,2963
2632192,2885
2632490,2810
2633034,2791
2633349,2782
2633468,2948
2633732,2958
2633999,2975
2634274,2880
2634525,2898
2634873,2933
2635203,2806
2635418,2820
2636125,2822
2636337,2795
2636538,2821
2636812,2955
2637092,2883
2637297,2852
2637531,2881
2637919,2854
2638133,2839
2638358,2873
2639070,2787
2639247,2828
2639474,2833
2639861,3011
2640230,2892
2640269,2996
2640497,2873
2641063,2901
2641097,2975
2641324,3006
2641983,2843
2642214,2804
2642425,2837
2643017,3014
2643248,2890
2643478,2938
2643530,2891
2644159,2826
2644447,2820
2644607,2893
2644927,2888
2645113,3035
2645357,2772
2646234,2878
2646247,2958
2646579,2926
2646745,2938
2647093,2848
2647361,2882
2647593,2884
2647971,2880
2648264,2775
2648426,2941
2649309,2829
2649323,2914
2649601,2906
2649804,2917
2650074,2902
2650331,2874
2650575,2817
2651194,2797
2651460,2844
2651470,3131
2652337,2831
2652350,2916
2652626,2933
2652868,2898
2653105,3068
2653324,2838
2653517,3133
2654081,2952
2654431,2910
2654681,2920
2655360,2858
2655378,2931
2655646,2939
2655856,3025
2656312,2824
2656484,2840
2656733,2812
2657170,2811
2657429,2803
2657726,2785
2658367,2839
2658571,2924
2658722,3031
2659008,2957
2659232,2826
2659443,2928
2659670,2877
2660063,2898
2660358,3019
2660627,2847
2661332,2785
2661584,2782
2661880,2885
2662168,2910
2662214,3218
2662462,2877
2662660,2827
2663208,2935
2663461,2794
2663608,2839
2664220,2875
2664495,2901
2664845,2910
2665173,2995
2665564,2904
2665634,2820
2665796,2885
2666235,2856
2666429,2955
2666594,2871
2667226,2784
2667481,2819
2667879,2942
2668291,2920
2668587,2815
2668740,2818
2668974,3083
2669212,2921
2669522,2786
2669617,2933
2670129,2854
2670432,2781
2671072,2836
2671374,2903
2671543,2827
2671692,2963
2672226,2942
2672390,2888
2672456,2934
2672655,2823
2673086,2916
2673345,2960
2673991,2788
2674475,2823
2674488,2912
2674784,2821
2675261,2928
2675565,2826
2675606,2858
2675723,3062
2676136,3121
2676390,2777
2676935,2839
2677385,2886
2677503,2894
2677765,2934
2678296,2892
2678487,2901
2678736,2893
2679087,2794
2679347,2777
2679505,2832
2679862,2907
2680373,2875
2680534,2825
2680787,2844
2681280,2837
2681517,2828
2681748,2865
2682029,2815
2682249,2830
2682460,2799
2682925,2786
2683340,2792
2683546,2815
2683762,2814
2684205,2864
2684442,2896
2684706,2874
2685044,2942
2685208,2965
2685422,2897
2685806,2793
2686260,2814
2686475,2835
2686700,2827
2687191,2863
2687459,2838
2687697,2817
2688151,2811
2688266,2817
2688540,2804
2688758,2847
2689177,2849
2689437,2810
2689650,2825
2690144,2879
2690396,2847
2690612,2849
2691201,2864
2691360,2899
2691486,2972
2691700,2909
2692154,2887
2692370,2823
2692598,2827
2693138,2826
2693369,2834
2693598,2823
2694152,2966
2694379,3013
2694589,3086
2694759,2947
2695135,2883
2695342,2830
2695556,2840
2696058,2907
2696304,2845
2696518,2918
2697241,2967
2697515,2910
2697821,2836
2697955,2998
2698262,2982
2698444,2788
2698549,2871
2699085,2893
2699269,2817
2699520,2839
2700301,2855
2700514,2867
2700787,2847
2701078,2958
2701361,2796
2701531,2768
2701687,2914
2702067,2805
2702291,2805
2702481,2837
2703272,2838
2703499,2851
2703757,2812
2704176,2981
2704433,3027
2704467,2936
2704695,2927
2705003,2839
2705224,2918
2705435,3012
2706195,2881
2706444,2847
2706666,2853
2707294,2823
2707674,2914
2707725,2986
2708032,3104
2708279,2923
2708309,3279
2708552,2841
2709201,2880
2709425,2820
2709645,2820
2710204,2791
2710694,2782
2710856,2848
2711300,3079
2711494,2771
2711656,2871
2711758,2984
2712173,2836
2712385,2845
2712596,2887
2713118,2856
2713564,2860
2713801,2790
2714360,2820
2714520,2879
2714723,2980
2715049,2905
2715142,3085
2715344,2913
2715614,2915
2716068,2983
2716557,2791
2716731,2834
2717277,2931
2717532,2879
2717782,3013
2718055,3012
2718363,2920
2718409,3015
2718621,2906
2719175,2892
2719475,2818
2719690,2819
2720296,2848
2720524,2919
2720941,2860
2721189,3030
2721404,2969
2721641,2840
2721690,3058
2722159,2861
2722389,2866
2722605,2815
2723280,2784
2723527,2803
2723994,2885
2724314,2979
2724576,2975
2724586,2942
2724874,2988
2725142,3007
2725382,2874
2725559,2967
2726155,2869
2726459,2772
2727013,2789
2727379,2871
2727678,2875
2727727,2983
2727984,2970
2728351,2895
2728365,2911
2728621,2876
2729121,2903
2729369,2775
2729928,2784
2730331,2884
2730650,2785
2730835,2832
2731069,2969
2731472,2859
2731599,2840
2731738,2900
2732113,2813
2732315,2821
2732806,2900
2733340,2812
2733533,2868
2733807,2921
2734157,2925
2734419,2855
2734623,2947
2734788,2901
2735042,2875
2735257,2798
2735794,2797
2736283,2834
2736514,2912
2736812,2984
2737205,2959
2737398,2878
2737655,2927
2737873,2906
2738053,2904
2738269,2841
2738718,2814
2739202,2888
2739520,2782
2739957,3001
2740258,2809
2740409,2887
2740709,2926
2741106,2958
2741267,2850
2741462,2793
2741656,2864
2742211,2827
2742419,2773
2743067,2892
2743228,2835
2743420,2913
2743720,2898
2744276,2917
2744351,2934
2744487,2927
2744687,2803
2745124,3113
2745326,2950
2746052,2784
2746255,2828
2746465,2867
2746743,2809
2747453,2786
2747767,2873
2748107,2857
2748159,3112
2748380,2850
2748541,2976
2749018,2810
2749217,2839
2749469,2861
2749675,2879
2750362,2785
2750727,2896
2751094,2954
2751352,2871
2751392,2951
2751605,2943
2752109,2896
2752200,3107
2752444,2966
2752661,2909
2753250,2784
2753714,2794
2754175,2875
2754354,2968
2754638,2948
2754648,3027
2755139,2923
2755402,2887
2755537,2908
2755748,2854
2756127,2833
2756631,2782
2757146,2843
2757441,2895
2757780,2779
2757966,2818
2758183,2977
2758418,2919
2758608,2890
2758827,2882
2759090,2860
2759504,2856
2760118,2897
2760420,2912
2760654,2865
2760877,2858
2761262,2886
2761461,2908
2761646,2961
2761863,3088
2762079,2932
2762480,2813
2763103,2892
2763449,2786
2763639,2825
2763851,2827
2764237,2854
2764464,2969
2764748,2917
2765127,2916
2765193,2969
2765412,2845
2766124,2845
2766352,2991
2766578,2859
2766795,2905
2767216,2876
2767519,2900
2767762,2824
2768143,2853
2768379,2771
2768538,2840
2769212,2885
2769530,2871
2769541,3153
2769795,2994
2770199,3181
2770551,2791
2770719,2842
2771088,2893
2771277,2871
2771502,2765
2772184,2880
2772519,2896
2772772,2893
2773205,2869
2773487,2787
2773649,2863
2773688,2986
2774154,2902
2774357,2835
2774389,3042
2775198,2880
2775496,2797
2775787,2792
2776159,2852
2776385,2960
2776635,2879
2776802,2943
2777192,3240
2777394,2783
2777565,2961
2778210,2834
2778411,2884
2778694,2819
2779127,2877
2779430,2827
2779632,2832
2779869,2816
2780263,2875
2780646,2773
2780812,2891
2781168,2888
2781409,2841
2781640,2833
2782086,2874
2782389,2791
2782583,2836
2782799,2842
2783264,2865
2783542,2908
2783827,2938
2784183,2799
2784366,2946
2784618,2810
2785087,2973
2785304,2871
2785535,2987
2785778,3063
2786220,3159
2786542,3058
2786864,3227
2787135,3187
2787402,3239
2787607,3167
2788197,3445
2788342,3497
2788634,3621
2788962,3772
2789497,3890
2789716,4052
2790211,3791
2790441,3706
2790760,3519
2790895,3569
2791733,3060
2791978,2979
2792351,2902
2792821,2821
2793485,2788
2793860,3088
2794110,3148
2794278,3288
2794409,3120
2794609,3258
2794914,3125
2795094,3097
2795366,3099
2795729,2998
2796407,2792
2797037,2902
2797403,2882
2797686,2850
2797705,3101
2797983,3193
2798288,2986
2798298,3048
2798557,3091
2798849,3136
2799329,2828
2800063,2900
2800370,2894
2800637,2867
2801134,3045
2801429,2900
2801468,2986
2801610,3110
2801778,3137
2802076,2990
2802285,2994
2803216,2786
2803389,2832
2803603,2835
2804277,2970
2804546,3009
2804561,3105
2804820,3210
2805043,2998
2805194,3157
2805382,3063
2806091,2867
2806324,2843
2806540,2950
2807392,2880
2807641,2790
2807848,3020
2808183,2975
2808224,3052
2808438,2996
2808653,2964
2809089,2969
2809295,2851
2809577,2853
2810374,2785
2810560,2773
2810985,2972
2811255,3047
2811412,3043
2811561,3005
2811759,2907
2812231,2884
2812259,3162
2812556,2832
2813250,2809
2813463,2778
2814083,2881
2814388,2990
2814646,2878
2814742,2948
2815085,2965
2815258,3112
2815554,2912
2815567,3203
2816151,2888
2816382,2849
2817062,2779
2817483,2853
2817654,2824
2817791,3129
2818169,2930
2818544,2822
2818754,2883
2818950,2999
2819185,2878
2819353,2980
2819964,2780
2820416,2786
2820621,2779
2821191,2891
2821198,2993
2821497,2964
2821760,2961
2822159,2834
2822172,3120
2822457,2848
2822825,2794
2823328,2792
2823517,2893
2824292,2828
2824322,2905
2824559,2944
2824822,2987
2825125,2920
2825472,2876
2825633,2860
2825744,2919
2826239,2833
2826496,2829
2827216,2791
2827381,2839
2827636,2971
2827979,2781
2828168,2978
2828437,2949
2828648,2829
2828790,2940
2829165,2845
2829448,2793
2830130,2827
2830334,2777
2830691,2837
2831105,2857
2831286,3006
2831561,2948
2831581,3015
2831852,2978
2832133,3059
2832356,2945
2833043,2794
2833254,2777
2833659,2780
2834139,2869
2834423,2966
2834647,2905
2834995,2970
2835018,3048
2835285,3009
2835486,2851
2835970,2870
2836148,2905
2836524,2781
2837105,2848
2837494,2802
2837685,2784
2838148,2946
2838407,2777
2838565,3028
2838596,3351
2839021,2832
2839229,2949
2839439,2832
2840076,3017
2840383,2821
2840604,2835
2841280,2820
2841290,3066
2841725,2866
2842032,2964
2842049,3042
2842420,3086
2842579,2835
2843196,2893
2843367,2829
2843573,2772
2844185,2794
2844479,2845
2844708,2835
2845223,2885
2845233,2983
2845623,2811
2845674,2935
2846181,2884
2846442,2819
2846456,2939
2847152,2895
2847424,2837
2847636,2844
2848205,2880
2848370,2958
2848552,2868
2848727,2983
2849193,2895
2849380,2806
2849541,2957
2850175,2813
2850379,2817
2850595,2820
2851206,3031
2851525,2862
2851548,2963
2851800,2967
2852265,2857
2852286,2965
2852605,2816
2853083,2930
2853292,2839
2853505,2845
2854336,2950
2854599,2941
2854609,2913
2854930,3061
2855256,2933
2855421,2919
2855578,2855
2856109,2903
2856291,2849
2856496,2788
2857372,2872
2857675,2775
2857847,2847
2858110,2998
2858311,2918
2858543,3062
2858704,2845
2859106,2910
2859271,2903
2859425,3052
2860330,2861
2860579,2835
2860824,2953
2861236,2977
2861399,3060
2861707,2894
2861728,3151
2862145,2963
2862318,2961
2862605,2973
2863274,2856
2863507,2780
2863934,2783
2864298,2963
2864553,2823
2864730,2892
2865086,2862
2865251,2911
2865413,2848
2865662,2897
2866255,2823
2866431,2825
2866796,2836
2867397,2893
2867604,2834
2867808,2882
2868086,2950
2868361,2892
2868371,2965
2868831,2927
2869161,2931
2869362,2790
2869756,2856
2870407,2789
2870574,2841
2870805,2894
2871128,2943
2871443,2920
2871603,2884
2871931,2884
2872235,2836
2872253,2911
2872700,2880
2873290,2846
2873545,2896
2873822,2937
2874193,2857
2874448,2875
2874652,3017
2874968,2923
2875274,2840
2875318,2963
2875706,2837
2876217,2887
2876537,2959
2876856,2922
2877141,2882
2877500,2789
2877754,2922
2877994,2960
2878251,2909
2878396,3079
2878646,2838
2879207,2800
2879602,2881
2879858,2868
2880210,2800
2880401,2821
2880777,2878
2881083,3001
2881306,2889
2881620,2863
2881785,2903
2882093,2907
2882574,2881
2882928,2794
2883133,2829
2883346,2836
2883743,2836
2884287,2855
2884301,2932
2884582,2840
2884815,2904
2885128,2932
2885573,2863
2885842,2841
2886083,2954
2886305,2817
2886702,2790
2887300,2844
2887542,2862
2887551,2998
2887823,3035
2888153,2883
2888532,2868
2888819,2810
2889210,2821
2889373,2840
2889613,2772
2890270,2950
2890527,3006
2890676,3116
2891059,2897
2891256,2916
2891530,2863
2891748,2857
2892302,2798
2892541,2815
2892559,2940
2893312,2883
2893621,2834
2893944,2916
2894110,2938
2894284,2967
2894510,2893
2894726,2865
2895222,2970
2895481,2830
2895675,2968
2896287,2837
2896582,2782
2897131,2948
2897361,2926
2897658,2845
2897781,2809
2897923,3141
2898297,2879
2898467,2920
2898730,2821
2899263,2827
2899480,2778
2900199,2806
2900404,3005
2900691,2975
2900733,2925
2901157,2886
2901367,3023
2901534,2975
2901691,3071
2902175,2914
2902386,3002
2903101,2808
2903496,2881
2903875,3548
2904097,3065
2904178,3081
2904481,3130
2904682,3083
2904950,3107
2905224,2975
2905473,2991
2906004,2818
2906503,2783
2907245,2832
2907397,3062
2907597,3055
2907750,3051
2907987,3150
2908296,2991
2908309,3126
2908590,3045
2908994,2857
2909384,2790
2910174,2863
2910586,2875
2910777,2923
2910965,3064
2911262,3037
2911379,3073
2911630,3136
2911833,2967
2912054,3132
2912274,2838
2913134,2992
2913544,2890
2913797,2891
2914159,2969
2914427,3068
2914544,3058
2914930,2978
2914965,3090
2915241,2970
2915335,3092
2916214,2889
2916562,2879
2916831,2974
2917214,2894
2917592,2784
2917754,3043
2918042,3010
2918144,3172
2918420,2943
2918581,3197
2919220,2902
2919522,2863
2919938,2849
2920241,3001
2920501,3064
2920903,3092
2921149,3300
2921458,3255
2921616,3070
2921863,3396
2922215,3259
2922507,3134
2922916,3438
2923326,3340
2923663,3426
2924125,3736
2924567,3829
2924811,3909
2925060,4047
2925381,3828
2925583,3898
2925750,3819
2926441,3058
2926796,2932
2927212,3005
2928113,2840
2928492,2888
2928816,2920
2929296,3085
2929312,3158
2929871,2914
2929929,3213
2930060,3182
2930338,2892
2930389,2961
2931048,2863
2931512,2883
2931861,2956
2932567,2876
2932733,3299
2932971,3173
2933552,2960
2933676,3102
2933720,3053
2933870,3083
2934106,3131
2934484,2904
2934936,2823
2935570,2787
2936152,2885
2936363,2913
2936607,3112
2937029,2793
2937156,3291
2937289,2891
2937476,2984
2937639,3073
2937879,2920
2938439,2918
2939164,2859
2939398,2774
2939872,3135
2940277,2985
2940287,3062
2940538,3042
2940667,3167
2941016,3151
2941031,3176
2941479,3010
2942109,2873
2942310,2779
2943141,2933
2943439,3016
2943635,3122
2943667,3077
2943997,3088
2944320,2972
2944372,3069
2944576,3079
2945173,2864
2945189,3008
2946170,2915
2946585,2885
2946892,2953
2946959,3013
2947166,3183
2947390,3110
2947591,3017
2947772,3004
2948156,2912
2948418,2903
2949175,2801
2949558,2827
2949969,2814
2950130,2871
2950472,2999
2950828,3309
2950860,2834
2950995,2989
2951258,3042
2951448,2953
2952099,2796
2952503,2786
2952863,2921
2953199,2911
2953602,2865
2953814,3027
2954109,3069
2954254,3232
2954516,2933
2954525,3052
2954998,2789
2955383,2875
2955938,2937
2956196,2818
2956561,2801
2956954,2879
2957319,2945
2957647,3085
2957691,2868
2957906,2925
2958075,3111
2958382,2912
2958997,2793
2959144,2964
2959462,2905
2960114,2881
2960389,2845
2960645,2985
2960950,3062
2961021,3082
2961273,3111
2961470,2909
2961936,2807
2962197,2887
2962489,2804
2963120,2838
2963358,2776
2963714,2825
2964200,2860
2964214,3109
2964566,3023
2964722,2988
2964909,2893
2965211,2903
2965411,2839
2966053,2805
2966262,2960
2966680,2788
2967148,2798
2967419,2791
2967677,2925
2967945,2797
2968066,2975
2968331,2801
2968487,2921
2969050,2783
2969309,2889
2969564,2854
2970078,2905
2970326,2777
2970741,2817
2970963,3016
2971242,2859
2971252,3046
2971502,2943
2972075,2868
2972333,2821
2972543,2843
2973074,2793
2973281,2774
2973688,2899
2974069,2938
2974278,2842
2974426,2963
2974616,2872
2975046,2917
2975290,2812
2975510,2843
2976283,2878
2976426,2847
2976676,2810
2977211,2936
2977220,3184
2977579,2936
2977588,3065
2978065,2974
2978281,2887
2978486,2936
2979252,2884
2979465,2778
2979629,2867
2980235,2975
2980487,2843
2980737,2958
2980800,3184
2981255,3042
2981277,2971
2981514,2921
2982328,2829
2982344,2915
2982588,2925
2983425,2930
2983432,3051
2983786,2860
2984131,2939
2984374,2865
2984517,2870
2984724,2875
2985343,2789
2985631,2772
2985788,2833
2986569,2806
2986768,2894
2986950,2970
2987205,3087
2987366,3018
2987498,3163
2987772,2897
2988249,2914
2988536,2812
2988744,2862
2989493,2786
2989744,2910
2990015,2791
2990483,2847
2990493,3093
2990750,2783
2990940,3059
2991256,3182
2991463,3221
2991703,3086
2992372,3054
2992784,3158
2993057,3051
2993418,3166
2993653,3465
2993793,3543
2994137,3667
2994528,3613
2994775,3778
2994997,3972
2995528,3760
2996064,3464
2996230,3548
2996677,3373
2997216,2923
2997456,2931
2997918,2888
2998273,2779
2998676,2783
2999222,2785
2999432,2829
2999653,2995
2999955,3016
3000219,2928
3000298,2976
3000499,2933
3000967,2811
3001174,2829
3001544,2823
3002141,2938
3002378,2802
3002730,2892
3003071,2998
3003267,2958
3003441,2938
3003646,2897
3003920,2916
3004144,2932
3004490,2808
3005262,2789
3005464,2878
3005738,2822
3006156,2877
3006364,2922
3006476,2960
3006732,2877
3006992,2889
3007204,2913
3007424,2984
3008172,2895
3008460,2820
3008675,2828
3009152,2947
3009409,2997
3009571,3104
3009763,3030
3010023,3087
3010241,2991
3010493,2903
3011158,2849
3011381,2845
3011628,2870
3012183,2885
3012506,2785
3012923,3070
3013042,3003
3013435,2900
3013455,2890
3013659,3006
3014136,2931
3014353,2871
3014614,2883
3015183,2836
3015412,2777
3016152,3050
3016164,3135
3016490,2990
3016527,3083
3016765,2972
3017320,2908
3017330,3016
3017591,3073
3018142,2815
3018320,2836
3019284,3074
3019423,3026
3019671,2906
3019851,2831
3019956,3242
3020336,2973
3020499,2992
3020763,3001
3021089,2909
3021281,2924
3022709,2838
3022723,2914
3023013,3055
3023033,3128
3023297,3039
3023581,3006
3023598,3322
3023866,3162
3024123,3062
3024328,3032
3025736,2933
3025742,3083
3026374,2886
3026405,3115
3026674,3023
3026719,3151
3027055,3106
3027247,3024
3027421,2965
3027577,3111
3028757,2800
3028963,2778
3029351,2793
3029651,2892
3029831,2970
3030079,3147
3030351,3066
3030518,3014
3030534,3186
3030789,3018
3031677,2838
3031857,2928
3032268,2786
3032631,2846
3032944,2779
3033352,3116
3033538,3058
3033954,2996
3034066,2952
3034237,2886
3034615,2808
3034864,2962
3035203,2860
3035578,2888
3035824,2812
3036560,2883
3036725,3063
3037060,2888
3037166,2962
3037395,2896
3037656,2943
3038112,2827
3038207,3004
3038556,2955
3038769,2862
3039565,2874
3039874,2934
3040114,2952
3040274,2826
3040427,3033
3040697,3055
3041038,2865
3041341,2847
3041594,2814
3041804,2817
3042533,2783
3043154,3003
3043265,2995
3043318,3121
3043548,3087
3043842,2948
3044068,3054
3044312,2922
3044526,2856
3044742,2906
3045440,2784
3046270,2806
3046415,2986
3046621,2989
3046771,3056
3047030,3019
3047236,3027
3047465,3013
3047481,3131
3047744,3015
3048324,2786
3049176,2882
3049539,2833
3049729,2817
3049971,2798
3050167,2846
3050383,3018
3050593,2950
3050755,2951
3050999,3033
3051241,2889
3052146,2888
3052470,2798
3052678,2839
3052927,2833
3053130,2859
3053481,2924
3053691,3015
3053854,2966
3054339,2777
3054545,2787
3055158,2829
3055389,2844
3055616,2858
3055862,2993
3056074,2902
3056532,2865
3056786,2864
3056992,2999
3057250,2858
3057453,2809
3058075,2891
3058329,2865
3058565,2803
3059122,2931
3059151,2996
3059484,2928
3059786,3179
3060109,3001
3060347,2927
3060368,2870
3061105,2921
3061326,2812
3061482,2945
3062244,2825
3062254,2948
3062535,2774
3063320,2836
3063345,2939
3063581,2859
3063606,2938
3064304,2859
3064320,3137
3064569,2923
3065211,2995
3065320,2780
3065617,2784
3066261,2937
3066523,2821
3066625,2825
3066828,3162
3067291,2926
3067606,2809
3067648,2857
