221,2903
843,2926
1070,2804
1225,2816
1370,2963
1379,3092
1720,3055
1923,3047
2311,2857
2390,2986
2663,3018
2874,3207
3589,2797
3684,3049
3943,3115
4083,3246
4475,3125
4808,3239
4914,2889
4996,3638
5242,3326
5514,3173
5548,3310
5773,3385
6224,3330
6420,3583
6613,2895
6767,3029
6796,3271
6935,3267
7372,3034
7433,3073
7875,2888
8075,3644
8187,3585
8233,3589
8305,3079
8981,3195
9084,3208
9279,3115
9419,3177
9813,3139
9840,3236
10346,2917
10945,3189
10965,3096
11128,3399
11158,3769
11414,3567
11685,3231
12027,3485
12447,3276
12597,3336
12986,3063
13113,3106
13273,3038
13444,3074
13493,3507
13644,3046
13811,3053
13831,3098
14947,2787
15017,3018
15173,3334
15194,3211
15352,3262
15371,3432
15755,3366
16271,3241
17192,3245
17472,3192
17695,3293
17753,3478
17786,3110
18953,2789
19155,2922
19226,3762
19356,3227
19746,3146
19762,3180
19908,3226
19957,3992
20151,3148
20301,3443
20456,3401
20699,3741
20723,3646
21287,3209
21350,3286
21501,3303
21592,3609
21727,3197
21912,3252
22140,3204
22196,3420
22339,3600
22766,4094
23385,3022
23587,3145
23757,3867
23988,3232
24142,3358
24307,3130
24513,4230
25257,3686
25412,3583
25587,3457
25657,3454
26063,3368
26237,3702
26280,3390
26498,3469
26514,3250
27268,3279
27294,3484
27448,3709
27603,3608
27688,3612
27748,3601
27832,3626
27872,4344
28005,4263
28171,4192
28332,4188
28573,4029
28777,4026
29558,3317
29777,3420
29798,3505
29981,4233
29985,3282
30030,3746
30276,4001
30317,3829
30860,3886
30900,3953
31000,3917
31026,3976
31159,4094
31297,4002
31599,3915
31768,4395
32739,3512
32916,3433
33035,3743
33137,3740
33326,3634
33370,3682
33450,3714
33590,3819
33640,3977
33828,4288
34001,4446
34226,4150
35063,4022
35122,3677
35387,3941
35418,3513
35584,3597
35790,3605
36202,3311
36367,3406
37240,2897
37296,2967
37424,3075
37564,3048
37768,3180
37978,3861
38124,3614
38257,3533
38411,3820
38475,3913
38524,3642
39140,3384
39305,3314
40466,2833
40636,2876
40782,3031
40983,3082
41158,3184
41357,3535
41394,3392
41531,3999
41585,3403
41781,3616
42055,3689
42722,3257
43000,3439
43353,3119
43364,3253
43517,3859
44088,3162
44109,3177
44252,3447
44393,3612
44415,3658
44822,3574
44982,3485
45088,3744
45101,3666
45237,3655
45268,3935
45387,4023
46185,3644
46272,3686
46316,3582
46645,3436
46815,3483
46957,3785
47143,3898
47403,3793
47452,3640
48502,3542
48595,3686
48697,3778
48841,3687
48980,4277
49043,3973
49245,4105
49310,4051
49463,3847
49637,4042
49659,4116
49731,4109
49960,4065
50117,3954
50727,3736
50880,3632
50930,3926
51077,3831
51218,3755
51375,3682
51392,4085
51866,3927
52118,4297
52307,4160
52657,4127
54136,3492
54174,3592
54305,3656
54321,3797
54494,4251
54589,4440
54638,4273
54764,4695
54898,4669
55033,4783
55171,4739
55315,4661
55341,4753
55531,4788
55620,4837
55740,4927
55806,5467
56016,5456
56216,5297
57192,4573
57213,4237
57591,3850
57702,4174
57799,4016
57954,4102
57996,4264
58194,4563
58320,4508
58571,5048
58605,5162
58779,4928
58922,4976
58968,4849
59647,4958
59743,4997
59934,4967
60022,4979
60144,4939
60290,4856
60897,4451
61062,4453
61093,4941
61238,4523
61301,4606
61521,4564
61787,4201
61911,4652
62144,4479
63152,4197
63174,4307
63336,4226
63597,4050
63734,4104
63937,3952
64136,3962
64283,4341
65143,3862
65323,3592
65531,4433
65609,4287
65799,4312
65858,4051
66032,3983
66174,3889
66227,4276
66357,4480
66449,4244
66686,4430
66878,4341
67002,4166
67168,4411
67312,4375
67480,4261
67625,4153
67744,4128
67932,4040
68720,3347
69133,3788
69384,3592
69933,3262
70083,3219
70223,3345
70378,3931
70552,3979
70786,3835
70911,3943
72279,3212
72415,3196
72445,3736
72568,4555
72589,3308
72653,3391
72718,3455
72776,4084
73050,3863
73067,4008
73393,3851
73455,3874
73620,4005
73773,4083
73796,4442
73989,4299
74018,4384
74134,4498
74156,4810
75204,3953
76264,3362
76324,3717
76429,3557
76839,3623
77065,3595
77162,3833
77294,4076
77440,4024
77461,3768
77578,3717
77721,4302
77905,4451
77935,4660
78080,4966
78275,4367
78501,4511
78609,4083
78796,5408
78993,5358
79247,4633
81018,3974
81077,3954
81233,4019
81377,4082
81577,3558
81606,3628
81706,3973
81755,4031
81834,4019
81892,4344
82028,4221
82146,4565
82167,4826
82333,4937
82452,4883
82596,4815
82736,4716
82788,4602
82856,4687
82931,4674
83097,4603
83230,4568
83359,4550
83497,4772
84081,4082
84230,4238
85073,3543
85294,4173
85496,3514
85525,3580
85849,3672
85988,3790
86288,3846
86650,4227
86791,4173
88715,2952
89081,3562
89191,3631
89219,4559
89338,4938
89340,4059
89466,3675
89775,3863
89969,3560
90020,4860
90195,4450
90272,3804
90350,4070
90398,3767
90523,4138
90523,4239
90559,3722
90583,4346
90758,4572
91496,3783
91628,3350
91815,3647
92006,3386
92018,3458
92284,3654
92319,3639
92503,4024
92932,3745
93227,4418
93878,4021
93950,4559
94432,4077
94797,4479
94950,4428
95110,4376
95212,4492
95612,4115
95685,4125
95788,4255
96152,4093
96230,4149
96290,4181
96363,4223
96883,3793
96976,3845
97018,3885
97141,3825
97176,4043
97296,3977
97299,4036
97444,3938
97692,3823
97950,3967
97955,4101
98077,4024
98189,3962
98344,4868
98580,4683
98719,4592
98837,4528
98970,4946
101014,3861
101034,3919
101201,3997
101466,3999
101605,3912
101770,4469
101914,4378
102055,4331
102215,4687
102316,4642
102385,4610
102408,4663
102629,4606
102752,4565
102922,4787
103029,4603
103049,4756
103468,4390
103626,4283
103759,4203
103933,4113
104784,3627
104958,3504
105024,3778
105119,3619
105277,3725
105298,3914
105454,4032
105613,4053
105729,3989
105840,3927
105977,4459
105996,4500
106996,4622
107043,5120
108205,3514
108237,3613
108340,3686
108505,3962
108523,4764
108630,5599
108729,5489
108764,5548
108806,6465
108826,4305
108837,3796
108862,6463
108899,7334
108934,7143
109307,3625
109903,3943
110024,3926
110168,4187
111355,4218
111590,4042
111872,3810
112012,3720
112196,3819
112452,3828
112591,4115
112656,4098
112749,4064
112776,4106
112902,4090
112985,4679
112986,4904
113123,4635
113300,4734
113300,4649
113947,4558
114007,4622
114090,4615
114228,4558
114394,4480
114428,4561
114611,4541
115378,4597
115402,4886
116004,4337
116298,4190
116439,4453
116467,4462
116634,4399
116815,4455
116934,4405
117063,4365
117243,4750
118800,3296
118929,3702
118960,3421
119105,4014
119280,3820
119401,3584
119406,3973
119505,3769
119729,3737
119968,3547
120624,4158
121512,3781
121644,3410
121826,3784
121982,3493
122678,2852
122820,3311
124210,3965
124425,3499
124597,3282
124625,3603
125089,3189
125151,3283
125306,3174
125442,4567
125596,3414
125740,3401
125884,3340
126017,3269
126151,3418
126272,3789
126390,3721
127048,3379
127070,3665
127266,3654
127411,3820
127994,3307
128035,3332
128165,3256
128299,3834
128446,3860
128519,4312
128575,3780
128592,4184
128843,4442
129259,4507
129418,4401
129593,4277
129630,4586
129695,4307
129939,4324
130978,4018
131057,3842
131356,3441
131553,3338
131709,3409
131755,3688
131793,3583
131987,3506
132089,3679
132146,3731
132252,3709
132464,3607
132794,3648
132935,3830
132959,3907
133105,3867
133121,3950
133591,3924
133621,4236
134074,4000
134246,4007
135055,4242
135207,4229
135248,4121
135413,4448
135888,3992
136074,3921
136118,4480
136248,4362
136438,4453
137670,3750
138430,3821
138565,3228
138671,3324
138908,3439
139079,3421
140100,3322
140269,3207
140414,3197
140456,3349
140642,3479
140718,3493
140838,3592
140952,3728
141028,4204
141164,4594
141482,4224
141631,3658
141830,3840
141870,3945
142083,4125
142776,3422
142927,4131
142988,4363
143043,4469
143105,3192
143242,3567
143478,3735
143817,4062
143981,4099
144131,4009
144279,3940
144481,4019
144516,4050
144769,3717
145059,4086
145267,3956
145417,4018
145547,3912
145971,3689
146004,3769
146367,3746
146513,3546
146896,3686
147610,3251
147756,3206
147894,3502
148231,3460
148554,3191
148643,3157
148741,3325
148804,3364
149593,3697
149721,4098
149836,4139
149854,4054
150003,4175
150174,4090
150207,3905
150332,3946
150359,3956
150585,3806
151022,3582
151228,3507
152013,3106
152106,3052
152249,3252
152419,3052
152630,4131
152641,3474
152859,3650
153016,3718
153135,3682
153317,3716
153450,3891
153829,3758
154011,3794
154859,3339
154947,3750
154998,3599
155241,3429
155450,3413
155584,3226
155770,3192
155800,3259
155957,3223
156148,3601
156272,3923
156386,3703
156965,3220
157158,3387
157204,3775
157324,3711
157450,3956
157610,3743
157640,3860
157749,4117
159200,3137
159250,3401
159381,3328
159418,3345
159588,3239
159784,3254
159930,3392
160026,3373
160211,3278
160347,3867
160479,4145
160604,3787
160752,3772
160982,3853
161101,4054
161119,4148
161189,4142
161323,4178
161455,4368
162991,3246
163596,3546
163623,3466
163864,3636
164033,3674
164182,3652
164337,4645
164491,4724
164613,4292
164659,3612
165581,3766
165641,3580
165784,3279
165895,3385
165944,4020
166065,4068
166129,3869
166278,3509
166306,4195
166411,3830
166531,3761
166658,4064
166783,3920
166904,3852
167168,4114
167261,3927
168054,3426
168317,3305
168598,3166
168738,3088
169030,3500
169250,3463
169400,4213
169526,3993
169816,3649
170163,3550
170336,3566
170367,3600
170502,3582
171742,3391
171884,3170
172039,3107
172196,3064
172333,3052
172454,3031
172561,3115
172594,3272
172861,3070
172903,3144
173031,3164
173670,3261
174408,3102
174802,3282
174943,4058
175229,3952
175612,3629
175840,4304
176063,3234
176408,2892
176756,2869
176846,3504
177154,3092
177348,3662
177647,3205
177822,3122
177910,3162
177986,3431
178158,5215
178217,4429
178263,5410
178317,4420
178361,4595
178408,4666
178453,4711
180381,3388
180413,3654
180586,4069
180730,3978
180864,3996
180993,3917
181142,3619
181277,4045
181408,4011
181439,4424
181560,3811
181752,3715
182075,3486
182406,3938
182463,3755
182627,3696
182774,3639
183358,3434
183442,4496
183493,3479
183612,3668
183769,3870
183808,3576
184104,4213
184257,4376
184283,4462
184516,4329
184900,4233
184999,4235
185155,4146
185505,4431
185591,4370
185871,4113
186907,3454
187633,3222
187795,3316
187813,3123
187957,3178
187998,3286
188131,3488
188280,3422
188399,3353
189192,4484
189384,4520
189407,3541
189634,3595
189795,3527
189989,4234
190159,3515
190199,4131
190389,3886
190434,4079
190671,3729
190809,3842
192034,2817
192199,4035
192241,3435
192403,3601
192421,3706
192628,3657
192786,3642
193047,3513
193463,3501
193840,3405
194001,3376
194136,3353
194272,3467
194530,3439
194936,3749
195032,3196
195211,3436
195370,3493
195517,3515
196035,3330
196180,3344
196330,3345
196464,4639
196583,4686
196704,3555
196738,3606
196767,3878
196803,4476
196835,4385
197568,3916
198056,3705
198240,3602
198395,3543
198719,3617
198903,3553
199187,3517
199502,3328
199913,2981
200138,3281
200177,3190
200358,3452
200418,3909
200639,3751
200843,3942
201036,3719
201292,3618
201445,3628
201581,3834
201809,3657
202851,2923
202937,3237
203030,4328
203174,3711
203200,3735
203504,3575
203576,3661
203940,4074
204079,3906
204218,3714
204351,3463
204467,3611
205244,2894
205281,2966
205453,3471
205577,4600
205596,3105
205664,4502
205868,3066
206062,3206
206185,3416
206333,3811
206478,4142
207118,4495
207267,4402
207397,4341
208865,3219
208974,3275
209004,3447
209257,3436
209407,3529
209462,3752
209641,3667
209671,3944
209789,4052
209982,4024
210202,4037
210406,4280
210545,4267
212264,3501
212373,3467
212463,3595
212579,3561
212730,3839
212759,3942
212909,4033
213053,3977
213115,4448
213279,4056
213398,4855
213446,4856
213679,4939
213847,4659
213885,4973
214036,4739
214055,4854
214214,4848
214352,4792
214468,4750
214790,4830
214824,4889
214940,4873
215118,4949
215512,5114
215577,4594
215681,5088
215802,4957
216511,4754
216625,4538
216866,4458
217021,4362
217167,4525
217172,4304
217375,4767
217402,4850
217565,4645
217810,5382
217935,5310
218098,5432
218337,5259
218355,5463
218747,5124
219758,4602
219899,4693
219909,4859
220250,4721
220501,4522
220582,4491
221606,4264
221739,4378
221972,4175
222023,4147
222168,4251
222309,4089
222327,4155
222456,4371
222654,4536
222823,4139
223012,4060
223293,3966
223338,4578
223459,4372
223586,5187
223610,4955
224361,3872
224423,4364
224589,4294
224688,4038
224816,4005
224894,4348
225040,4635
225179,4548
225397,4548
225593,4445
225784,4355
225957,4319
225983,4364
227396,3461
227746,3365
227973,3654
227995,5193
228109,4080
228160,5083
228345,4997
228469,3746
228622,4671
228943,4493
229083,4477
229627,3946
229781,3850
231318,2943
231527,3359
231707,3369
231731,3624
231864,3746
232016,3913
232042,3959
232237,3821
232960,3391
233170,3522
233372,4022
233587,3055
233734,3019
233899,3077
234077,3430
234291,3474
234467,4545
234826,3856
234952,3784
235099,3907
235119,3817
235266,4059
235387,4018
235404,4077
236384,4281
236417,3328
236502,3581
236613,4765
236656,5524
236712,5690
236746,5710
236801,3930
236908,3844
237049,3991
237112,4012
237239,4087
237353,4311
237597,4632
237844,5095
238040,4916
238227,4913
238394,4797
239769,3533
239792,3614
239909,3588
240163,3656
240186,3699
240293,3876
240345,3739
240508,4337
240567,4780
240763,4722
240821,4834
241002,4884
241141,4799
241162,4883
241448,4587
242186,4027
242350,4016
242479,3988
243799,3135
244001,3281
244146,3041
244182,3153
244291,3183
244468,4038
244472,3153
244586,3169
244721,3550
244872,3752
244945,3768
245096,4156
245269,4242
246239,3594
246421,3712
246684,3741
246806,4158
246954,4106
246997,4005
248373,3572
248796,2967
248971,3296
249065,3559
249631,3352
251062,2788
251221,3266
251242,2957
251409,3409
251426,3384
251590,3355
251666,3509
251791,3438
251806,3568
251961,3642
252106,4130
252140,3901
252292,3804
252410,3734
252614,3609
252767,3816
252793,3666
253064,3601
253441,3521
254001,3422
254079,3252
254260,3214
254480,3608
254639,3112
254981,3782
255012,3922
255173,3643
255866,3771
256248,3432
256299,3675
256492,3982
256691,3368
256828,4023
257231,3441
257728,3778
257807,3633
257926,3902
257932,3635
258103,3952
258360,3845
259299,3711
259449,3247
259802,3365
260066,3570
260194,3569
260195,3798
260308,3507
260357,3690
260531,3699
260679,3789
260761,3861
260868,4644
260987,5013
261154,4780
261328,4716
261471,4473
262212,4236
262249,3733
262361,4117
262729,3660
262748,3888
262893,3815
263020,3811
263336,3609
263945,3569
264086,3670
264245,3576
264302,3477
264361,3794
264582,3507
264711,3528
265086,3609
265192,3623
265330,3868
265461,3750
265612,4000
266035,4867
266202,4643
266321,4469
267222,3740
267391,3631
267861,3224
268069,3110
268836,3342
268891,3508
269042,3412
269092,4132
269210,3759
269244,4125
269389,3972
269454,4055
269829,3974
269960,3936
270209,3769
270464,3614
270526,3638
270793,3834
271013,3448
271128,3465
271374,3478
271888,3347
271930,3505
272062,3790
272201,4058
272229,3917
272345,4174
272486,4110
272542,4076
272697,4304
273053,4034
274226,3564
274240,3601
274403,3802
274496,3872
274679,4095
274731,3898
274871,3841
275004,4102
275042,4479
275529,4073
275732,3955
275949,3798
276102,4094
276352,3791
277118,3155
277349,3025
277691,3071
277834,3624
277890,3735
277921,3802
278046,4169
278067,3986
278208,4393
278581,4380
278722,4614
278815,4349
278860,4527
280354,3327
280418,3195
280517,3539
281268,3706
281307,3644
281455,3548
281765,4230
281799,3964
281916,4159
282056,4294
282126,4031
282279,3928
282324,4249
282574,4309
282647,4137
283277,3653
283416,3602
283557,3684
284378,3085
284394,3231
284603,3270
284780,3137
284806,3233
285009,3346
285161,4608
285186,3975
285364,4598
285416,4115
285795,4316
285851,3992
286586,3463
286731,3508
287970,2795
288122,2951
288167,3041
288271,3538
288395,3009
288437,3932
288597,3722
288711,3402
288899,3661
289343,3406
289449,3898
289873,3643
290074,3529
290217,3458
291239,3177
291277,3366
291417,3642
291420,3465
291602,3440
291923,3460
292160,3439
292301,3394
292498,3861
292619,3605
292785,4118
292840,4119
292934,4130
292971,4044
293184,4074
293201,4320
293356,4111
294049,3667
294090,3968
294219,3900
294232,3763
294588,3894
294727,3869
295082,3647
295102,3791
295252,3892
295459,3929
295484,4044
295662,3847
295860,3752
295877,3868
296035,4617
296886,3832
297086,3832
297296,3762
297729,3762
297959,3697
298103,3623
298240,3575
298413,4014
298588,3912
298709,3900
298892,3903
298907,3780
300024,2858
300047,3048
300160,3098
300279,2964
300392,3294
300567,3352
300869,3509
300962,3352
301099,3960
301301,4138
301563,4218
301768,3652
301855,3864
301923,4205
303187,3190
303395,3452
303418,3585
303576,3585
303701,3513
303726,3713
303852,3670
304044,4030
304082,3693
304101,3812
304294,3919
304417,3890
304464,4191
304615,4470
304768,4444
304908,4354
305051,4351
305156,4657
305169,4917
305282,5097
305450,4684
305911,4275
306317,4213
306528,4484
308087,3415
308258,3429
308349,3407
308447,4449
308509,4492
308714,3464
308863,3426
309004,3964
309189,4015
309376,3880
309452,4472
309884,4164
310078,4020
310219,4116
310605,3921
310805,4027
312766,3522
313023,5433
313069,4534
313227,4287
313370,4682
313401,7092
313491,5865
313642,5425
313881,6947
314092,6299
314175,5552
314366,5461
314400,6224
314582,6094
314674,5664
314903,6084
315057,5880
315208,5067
315328,5710
315462,5862
315505,5800
315568,5533
315576,5659
315654,7167
315692,5461
315704,6970
315811,5676
316016,6758
316271,6794
316343,6530
316467,6456
316646,6494
316721,6420
316897,6310
317179,7622
317350,7702
317728,7503
317775,7367
317890,7462
317957,7450
318127,7330
318164,7459
318292,7334
318367,7492
318601,7829
318607,7319
318743,7770
318921,8505
319177,8397
319190,8775
319341,8392
319501,8395
319606,8744
319664,8384
319824,8275
319984,8186
319999,8638
320140,8374
320175,8532
320753,8377
321340,7885
321763,7315
322261,8389
322441,8040
322601,8136
322843,7944
323390,7448
323564,7325
323702,7236
323818,7151
323944,6936
323972,7118
324143,6896
324167,6911
324237,7023
324386,7018
324606,8147
324905,7998
325451,7499
325682,7324
325751,7500
325890,7989
326036,7839
326062,7401
326198,7400
326842,6723
327037,6953
327299,7512
327471,7437
327609,7530
327794,7397
328051,7190
328190,7099
328208,7142
328351,8095
328388,7232
328906,6765
329414,6543
329436,6979
329793,7256
329884,7266
330331,7003
330476,7310
330623,7327
331300,6527
331506,6380
331828,6458
331933,6266
332050,6289
332076,6725
332288,6829
332301,6921
332724,6928
332872,7260
333087,6701
333280,6456
333670,6570
333698,6499
334015,5975
334592,6413
334770,6392
334950,6142
334990,6234
335178,6107
335318,6106
335415,6066
335671,6363
335741,6228
335904,6400
336041,6313
336175,6077
336363,6384
337174,5965
337466,5677
337921,5371
338127,5272
338580,5242
338640,5115
338831,5154
339277,5396
339333,5596
339487,5386
340693,6072
340857,5964
341145,5712
341324,4912
341426,4706
341865,5120
342077,4637
342132,4741
342282,4641
342422,4554
342565,4740
342853,5590
342980,4987
343359,4660
343519,4308
343559,4704
343764,4633
344112,4204
344121,5252
344264,5223
344308,4989
344391,4559
344471,5508
344582,5369
344598,4820
344686,5355
345658,4668
345835,4794
346005,4575
346328,4401
347468,4061
347584,4210
347799,4838
348051,4906
348096,5142
348271,4892
348420,5480
348620,4858
348788,4570
349101,4253
349120,4300
349297,4439
349517,4440
349762,3910
349902,4105
350046,4010
350161,4249
350339,4102
350424,4084
350519,4337
350625,4017
350822,4087
351088,3941
351660,3848
353413,3542
353787,3222
353963,4066
354119,4506
354623,3464
354808,3720
355233,3528
355293,3402
355404,3418
355576,3362
355629,3354
355774,3259
355911,3270
356049,3286
356189,3307
356323,4441
356446,4202
356487,4212
356515,3972
356787,3006
356907,2998
357109,2910
357280,3009
357287,3072
358221,3527
358409,3386
358762,3714
359012,3654
359181,3789
360487,3056
360689,3097
360826,3148
360829,3411
360962,3068
361027,3811
361117,3318
361136,3755
361179,3546
361260,3898
361329,3343
361489,3473
361628,3431
361853,3425
361994,3368
362114,3363
362777,3422
363052,3198
363222,3077
363396,3807
364030,2856
365426,3275
365927,3473
366298,3043
366352,3650
366377,2860
366563,3177
366805,3023
367030,3193
367058,3389
367222,4696
367306,3471
367329,3546
367368,4414
367400,4432
367440,4970
367468,3415
367666,4063
367696,3933
367864,4205
368006,4223
368128,4480
368249,4445
368366,4386
369860,3308
369886,3501
370038,3600
370183,3619
370284,3884
370366,3518
370488,4648
370514,4419
370634,4555
370785,4524
370986,5182
371165,5105
371523,5460
371666,5149
371893,5021
372035,5005
372120,5303
373520,4005
373580,4127
373722,4041
373863,3951
374003,3861
374035,4627
374187,4058
374210,4449
374353,4013
374376,4350
374532,4077
374583,4067
374719,4180
374762,4259
374862,4311
374952,4442
374993,4332
375166,4345
375286,4375
375453,4468
376048,4921
377238,4742
379205,3327
379653,3203
379745,3194
379837,3232
379992,3130
380016,3204
380171,3271
380195,3274
380343,3778
380371,3903
380512,4200
380592,3493
380740,3653
381092,3499
381274,3375
381462,3674
381675,3410
381864,3546
382024,3504
382047,3882
382210,3527
382292,3690
382341,3697
383109,3369
383270,3385
383294,3413
383565,4343
383646,4024
383798,4035
383917,3966
384113,3820
384366,4202
384422,4331
384822,4063
384914,4158
386121,2963
386623,2877
386735,3420
386789,3038
386865,3238
387115,3672
387298,3876
387525,3744
387615,3437
387769,3655
387969,3716
388033,3610
388245,3584
388902,3491
388956,3870
389096,3029
389242,2974
389396,3659
389655,3458
389708,3472
389835,3672
389873,4158
389949,4122
390075,3906
390245,3970
390423,3954
390688,4367
390951,4001
391089,4122
392081,3255
392235,3375
392278,3297
392410,3260
392455,3249
392613,3314
392908,3815
392920,3715
393097,3831
393217,3761
393347,3681
393370,3883
393650,4324
393776,4655
393812,4931
393910,4979
394095,5133
395987,3582
396214,3515
396398,3846
396495,3807
396602,4055
396708,3776
396924,4494
397087,4086
397143,4158
397293,4059
397445,4880
397592,5065
397594,4559
397706,5004
397797,5006
397820,4666
397940,4884
398017,4742
398230,4644
398577,4461
398728,4343
398916,4261
399068,4225
399261,4119
399380,4335
399623,4258
400518,3602
400692,3231
400861,3232
401003,3212
401136,4209
401213,4863
401402,4484
401467,4033
401939,4183
402164,4715
402355,3969
402633,3877
404177,2928
404334,3178
404479,4566
405034,3013
405430,3998
406008,3951
406175,3885
406347,3663
406384,3762
406591,3622
406748,3535
406911,3741
406930,3674
407040,3678
407142,3921
407202,4245
408345,3289
408505,3790
408611,3550
408874,3737
409087,3902
409248,3794
409480,3789
409530,4101
409797,4620
409900,4817
410050,4791
410235,4934
410375,4863
410506,4903
410661,4998
410778,4820
410895,5009
410930,4866
411047,4813
411183,4913
411318,4875
412158,3988
412321,4603
412452,4880
412657,4647
412685,4421
412809,4247
412815,4805
413163,5123
413289,4945
413305,5045
413434,5039
413438,5068
413631,4973
413669,5090
413754,5275
413815,5056
413880,5307
415349,5165
415558,5090
415711,5083
415903,5055
416070,5072
416276,5300
416331,4950
416382,4982
416458,5339
416525,5207
416717,5073
416858,5190
417067,5141
417364,4791
417499,4974
417514,5106
417648,4626
418033,4996
418049,5260
418280,5232
418592,4929
418755,4871
418880,5077
419148,4889
419229,5880
419311,5592
419588,5368
419596,5640
421447,4457
421483,4955
421629,4817
421901,4590
422144,4370
422291,4434
422460,4515
422530,5087
422572,4929
422709,4651
422876,5123
423005,4842
423143,4762
423187,5042
423326,4849
423344,4975
423578,4807
423685,4930
423799,4883
423809,4862
424197,4637
424322,4622
424325,4845
424613,5056
424746,4865
424934,4977
425504,4912
425688,4391
425730,4470
426041,4962
426190,5015
427697,4976
427833,4894
427946,4830
428335,5074
428438,5005
428476,5013
429004,5120
429237,4920
429405,4470
429429,4643
429513,4535
429752,4501
429904,4311
430042,4315
430114,4282
430257,4209
430309,4302
430431,4240
430451,4291
430646,4242
430792,4503
430834,4779
430959,4961
431049,4800
431124,4901
431268,4951
431288,5747
431479,5179
431626,5085
431846,4955
431965,4924
435100,3644
435165,3685
435361,4700
435457,4501
435533,4637
435626,4998
435739,4948
435867,4577
435957,6858
436055,4931
436392,6542
436430,6526
436574,6448
436617,6528
436696,6574
436745,6339
437249,6073
437277,4019
437420,3993
437618,4013
437637,4526
437781,5427
437854,4156
438035,4133
438202,4428
438324,4403
438620,4751
439020,4932
440253,3418
440788,4884
440806,5102
440965,5235
441076,4769
441126,5146
441292,5047
441473,4660
441485,5670
441606,5394
441688,4373
441701,5402
441751,5504
441804,5401
441849,5513
441901,5584
444516,3574
444621,2991
444811,3121
444983,3337
445156,3952
445322,4818
445473,4794
445641,4786
446739,3612
446890,3587
446959,4003
448123,2937
448166,3931
448618,2814
448976,3337
449189,3046
449353,3038
449509,3268
449735,3377
449912,3400
450073,3880
450231,3929
450955,3665
451107,3718
451265,3491
451306,4593
451496,3421
451750,3851
451844,3921
452374,3625
452504,3949
452608,3484
452813,3698
452952,3665
453065,3929
453152,3925
453232,3945
453351,3906
453358,4053
453483,4302
453573,4077
453793,4137
454259,3997
454415,3948
454577,4359
454756,4258
454927,4793
455024,4282
455085,4573
455242,4731
455415,4606
455423,4659
455596,4580
455697,4572
456240,4843
456659,4029
457440,3685
457459,3683
457579,4398
457625,4303
457763,3497
457959,4016
458058,4114
458095,4143
458244,4203
458391,4128
458430,4403
458564,4450
458824,4824
459138,4470
459336,4361
459801,3996
460516,3773
460815,3659
460862,3697
460899,3754
461524,3361
461576,4241
461765,3319
461779,3398
462009,3853
462170,3641
462280,3619
462787,3898
462916,3834
463064,3824
463207,4443
463353,4438
463731,4438
463979,4222
464123,3952
464242,4172
465935,3148
465974,2877
465990,3022
466133,3110
466282,3106
466423,3768
466473,3819
466579,3764
466816,4007
466966,4108
467090,4660
467149,4597
467288,4625
467468,4468
469386,3193
469421,4042
469873,3276
470027,3673
470061,3931
470256,3782
470403,3757
470464,4154
470604,4004
470605,4189
470741,4105
470872,3943
471030,4122
471193,4041
471358,3983
471579,3932
471776,3940
471970,3846
472012,3890
472146,4026
472263,3856
472770,3452
472927,3787
472959,4180
473094,3773
473246,3675
473377,3595
473509,3509
473690,3383
473852,3730
474369,3661
474412,3796
474631,3645
475381,5067
475532,4905
475602,5406
475738,5011
475858,5560
475946,5116
476001,5368
476147,5690
476285,5133
476305,5467
476419,5730
479165,3120
479425,3785
479742,3101
479900,3107
480050,3149
480265,3851
480402,3600
480831,3642
480899,3704
481049,3654
481171,3660
481303,3785
481473,3565
481892,3547
481978,3510
482180,3556
482440,3768
482476,3866
482580,4062
482669,4036
483598,3514
484087,3533
484312,3410
484845,3300
484868,3498
485020,3769
485179,3664
485280,4023
485328,3865
485511,3743
485576,4273
485711,4172
485848,4170
485988,4090
486174,3955
486319,3863
486434,3818
487083,3355
487274,3217
487468,3430
487700,2878
487863,2979
487879,3141
488446,5313
488475,4274
488620,5340
489001,4192
489019,4300
489044,3820
489342,4518
489366,5503
489629,5548
489923,5309
490064,5217
490273,5143
490804,4776
491005,4840
491462,7521
491616,4662
491710,4661
491906,4590
492063,4985
492238,4692
492239,4533
492383,5235
492400,4715
492470,5440
492517,5488
492580,4659
492634,5676
492688,5745
492739,5958
492819,6269
492898,4731
493224,4985
493385,5954
494048,5400
494181,5509
494188,6261
494345,6164
494507,6007
494618,5763
494624,5987
494786,5932
495102,5840
495382,5916
495655,5916
495877,5785
496177,6121
496599,5769
496804,5810
496935,5778
497423,5242
497842,5445
498031,5438
498512,4888
498617,4913
498788,4919
498795,4850
498950,5312
499139,5124
499151,5299
499317,5018
499591,5163
499763,5121
499929,5046
500088,4948
500580,4502
501069,4582
501118,5424
501496,4218
501654,4120
501820,4459
501985,4236
502132,4642
502165,4397
502397,4227
502421,4729
502588,4682
502743,4364
503368,4519
503522,4483
503887,4305
504064,4274
504324,4033
505471,4523
505929,2795
505984,3352
506143,3246
506291,4656
506299,3214
506896,3738
507187,3499
507301,3432
507327,3928
507472,3621
507584,3413
508526,3219
508549,3797
509040,2858
509075,3203
509214,3449
509268,5609
509502,3596
509796,4103
510073,4179
510323,4014
510525,4475
510762,4291
511092,3094
511139,3800
511294,3516
512212,3165
512371,3193
512451,3158
512638,3110
512676,3187
512839,3304
513133,3697
513152,2912
514141,3309
514327,3551
514519,3337
514570,3413
514737,3506
514887,3446
515056,3392
515196,3423
516232,2974
516247,3099
516396,3038
516459,3086
516862,3224
516902,3066
516994,3440
517016,4043
517064,4174
517126,3745
517742,3715
518290,3535
518432,3852
518616,3736
518656,3556
518743,3670
518862,3641
519788,3015
519808,3164
519980,3274
520158,3308
520234,3381
520281,3402
520365,3430
520446,3868
520532,3983
520746,3902
520922,3854
521067,3932
521271,4419
521294,4715
522032,4022
522035,4069
522336,4077
522583,3822
522629,3882
522724,3894
523825,2943
523860,3703
523971,3659
523977,4202
524029,4202
524169,4675
524326,4872
524643,4285
524796,4181
524821,4233
524939,4385
525036,4334
525280,4695
526796,3356
526819,3577
526991,3488
527056,3573
527200,3792
527351,3712
527374,3786
527496,3772
527670,3672
527700,3959
527835,3988
527876,4877
527955,4122
528158,4442
528310,4492
528658,4847
528787,4777
528931,4520
529015,4751
529068,4952
529223,4866
529415,4732
529625,4627
531367,3323
531587,3429
531622,3312
531785,3449
531905,3583
531911,3641
532192,3696
532426,5735
532443,3998
532590,4663
532612,4542
533012,4209
533262,4011
533312,4457
533461,4372
533579,4379
534601,3348
534765,3291
534790,3382
535002,3528
535191,3322
535338,3515
535394,3569
535566,3564
535613,4005
535684,3592
535796,5250
535887,3530
536038,5168
536090,5419
536138,5472
536218,3885
536525,3854
536612,3589
536873,3570
539731,3249
539910,3473
540028,3574
540162,3663
540292,3954
540419,3879
540565,4097
540623,4055
540782,4147
540839,4457
540906,4323
541747,4432
542250,3713
542293,3625
542469,3596
542517,4627
542862,3409
543023,3906
543057,4028
543213,3923
543281,3918
543419,4178
543454,4157
543654,4032
543717,4037
543841,4597
543955,4894
544090,4696
544127,4604
544261,4521
544437,4900
544693,4759
545012,4515
545196,4462
545382,4343
546667,3419
546834,3398
546980,3243
547358,3200
547440,3175
547767,3645
547804,3872
547891,4031
548009,4142
548122,4235
548275,4133
548316,3835
548465,4344
548680,4456
548919,4167
551028,3411
551057,4740
551200,4604
551241,4727
551282,4868
551337,5450
551405,5599
551474,5406
551497,6146
551689,4167
551740,3734
551986,4065
552193,4168
552504,5105
552665,5030
552689,5106
552854,4997
552930,4914
553052,4855
553234,4659
553977,4190
554220,4036
554364,4396
554587,4230
554766,4108
554924,4081
555102,5027
555270,4920
555311,4753
555434,4927
555617,4395
555630,4457
556166,4943
556446,4739
556605,5136
556626,5023
556781,5000
556937,4922
557092,4858
557246,4788
557394,4832
558493,4324
558817,4117
558974,4022
559119,3948
559225,4242
559282,4530
559388,4781
559400,4837
559599,4899
559720,5357
559851,5096
559923,4727
560101,4907
560245,4947
560314,4815
562030,3479
562075,3533
562271,3443
562294,4027
562421,4407
562638,4279
562657,3755
562812,4190
563049,3640
563081,3870
563256,4079
563383,4035
563478,4188
563647,3980
563850,4099
564036,4767
564203,4723
564340,4636
564361,5275
564742,5067
565953,3534
566110,4103
566510,3643
566566,3486
566705,3399
567774,3073
567980,3110
567998,3145
568134,3081
568183,3084
568319,3503
568510,3609
569016,3914
569018,3774
569192,3802
569430,3610
569632,3713
569695,3613
569843,3817
569870,3897
570063,3783
570207,3735
570260,3802
571240,3072
571307,3363
571457,3159
571481,3758
571593,3126
571748,3228
571931,3709
571961,4046
572109,3828
572174,4395
572321,4566
572443,4276
572628,4418
572900,4395
573115,4249
574334,3128
574609,3017
574782,3187
574805,3298
574958,3096
575118,3513
575271,3721
575383,3812
575451,3858
575506,3740
575741,4516
575999,4183
576053,4221
576141,4251
576192,4698
576324,4661
577786,3267
577929,3277
578169,3571
578335,3315
578413,3494
578484,3448
578593,3706
578630,3942
578731,3660
578894,3734
579035,3706
579082,3894
579228,3887
579407,4535
579459,3980
579640,4059
579766,4276
579881,4106
580009,4144
581508,3829
581604,3052
582016,2804
582331,3166
582597,3284
582764,3330
584936,2805
585595,3165
585635,3364
585820,3232
585987,3119
586199,3393
586362,3334
586505,3485
586642,3224
587169,3194
587522,3231
587873,3037
587905,3070
588059,3194
588098,3729
588239,3470
588387,3566
588519,3937
588597,3426
588812,3554
588936,3824
589097,3695
589215,3686
589348,3836
589380,3953
589522,4132
589579,3897
590046,3746
590660,3843
590682,3479
590864,3801
591056,4107
591212,3984
591356,3987
591655,3679
591959,3717
592128,3675
592332,3533
592469,3497
592598,3448
593056,3977
593096,3832
593548,3543
593727,3415
593877,3736
594239,3493
594336,3679
594374,3592
594493,3603
594578,3563
594778,4798
597194,3030
597350,2849
598389,2870
598406,3179
598636,3302
598684,3402
598814,3808
599732,2958
599862,2995
601060,3323
601141,3499
601374,4276
601402,4481
601515,4537
601567,4253
601627,4322
601748,4634
601779,4523
603184,4164
603211,4070
603356,4114
603379,4138
603518,4399
603593,4427
603736,4234
603764,4319
603915,4497
603944,4568
604079,4549
604102,4740
604232,4953
604261,5539
604403,5346
604452,5273
604494,5498
604642,5283
604677,5443
604846,5555
605150,5501
605443,5436
605472,5622
605597,5678
605735,5592
605940,5890
606089,5607
606167,6258
606703,6093
606832,6046
607138,5759
607397,5666
607586,5548
607736,5842
607883,5751
608042,5639
608224,5509
609014,5600
609579,4776
609894,4674
610024,4681
610164,4505
610310,4717
610467,4851
610557,6367
610727,5251
610875,5202
611047,5117
611111,5868
611166,5205
611470,4801
611660,5370
611876,5205
612070,5062
612598,4582
613210,4442
613229,5262
613379,5060
613409,4587
613578,4615
613723,4892
613869,4897
613892,4925
614073,4956
614210,5800
614836,5407
614850,4954
615120,4762
615641,4545
615773,4610
615907,4557
616075,4532
616235,4428
616471,4427
616846,4149
617076,4140
617238,4030
617579,4342
617738,4274
617821,4465
617891,4394
618025,4471
618161,4455
618279,4407
618591,4451
618653,4661
619278,4175
619315,4167
619606,4428
619617,4297
620805,3413
620926,3443
621057,3776
621087,3822
621229,3899
621323,3673
621509,3972
621577,3873
621720,3884
622094,3733
622376,4036
622605,3872
622746,3869
622886,3956
623988,3073
624209,3523
624386,3426
624408,3661
625224,4074
625589,4418
625703,3745
625852,3498
625891,4167
626045,4063
626133,3837
626165,3753
627175,2997
627333,2905
627510,3195
627578,3126
627769,3267
627905,3284
627951,3865
628094,3587
628160,3402
628197,3664
628307,3853
628444,4294
628473,3612
628562,4066
630836,3354
631211,3145
631403,3092
631789,3595
631924,3680
631938,3888
632103,3776
632218,4131
632260,4122
632342,4177
632398,4210
632530,4154
632668,4118
632810,4074
632932,4166
633059,4003
633178,4133
633201,4507
634456,4256
634600,3161
634773,3469
634898,3420
635001,3801
635048,3979
635166,3961
635209,4105
635414,4727
635634,4597
635755,4749
635900,5154
636048,4516
636184,4570
637252,5008
637446,4070
637580,4622
637713,4384
637811,4381
637836,4631
637993,4757
638464,4475
638628,4365
638789,4210
638910,4243
638929,4312
639102,4238
639164,4270
639338,4224
639479,4161
640109,4133
640257,4188
640284,3992
640433,3895
640590,3788
640609,4197
640768,3830
640900,4343
641090,4220
641127,4712
641185,4547
641349,4478
641399,4670
641529,5018
643683,3733
643905,3698
644096,3784
644404,3810
644635,3634
644657,3665
644862,3904
645046,4867
645073,4145
645226,4089
645352,6593
645426,4319
645566,4108
645612,7285
645812,4050
646755,3343
646811,5806
646938,3509
647098,3902
647228,3672
647247,5778
647383,3972
647462,5303
647625,3982
647843,3979
647918,5234
648052,4408
648077,5143
648869,4255
649041,4265
649392,3923
650012,4257
650196,4137
650278,3628
650378,4005
650741,3713
650779,3621
650974,3529
651141,3464
651294,4708
651452,4053
651624,4486
651655,4260
651778,4392
651944,3916
652040,4258
652123,3925
652223,4022
652303,3934
652393,4177
653661,3186
654454,3626
654734,3296
655259,3266
655283,3363
655426,3251
655911,3247
656078,3304
656360,3305
656459,3574
656614,3167
656816,3289
656886,3776
656993,3249
657131,3318
657150,3815
657285,3627
657314,3719
657456,3687
657476,3739
657664,3723
657971,3448
658485,3515
659193,2905
659216,2951
659420,3469
659439,3484
659859,3662
660206,3615
660416,3738
660715,3663
660733,3854
661695,3326
661789,3089
662112,2979
662206,3357
662286,3560
662379,3469
662685,3491
663001,3310
663149,3366
663307,3736
663530,4265
663624,3705
663752,3502
663976,4107
664127,3789
664217,3817
664280,3876
665077,3173
665311,3461
665388,3223
665558,3695
665682,3964
665688,3695
665876,3983
666033,4025
666153,4378
666273,4201
666469,3996
666598,4081
666737,3993
666882,3896
667136,3952
667281,4021
668398,3040
668563,2945
668709,2982
668851,3780
668925,3822
668972,3869
669059,4453
669086,4434
669213,4362
669308,4393
670223,3821
670242,3901
670369,3865
671489,2919
671617,3012
671735,3098
671785,3102
671910,3343
672065,3239
672129,4327
672188,3332
672224,4286
672246,4424
672347,4779
672485,4561
672674,3958
672778,4150
672975,4202
673261,4158
674443,3426
674473,3743
674657,3310
674876,3243
675090,3303
675132,3289
675356,3399
675666,4002
675780,3054
675922,3832
676154,3982
676229,4013
676298,4105
676446,4196
676803,4070
676828,4114
676881,4202
678104,3346
678228,3579
678457,4073
678480,4628
678591,4158
678600,4081
678747,4415
678933,4284
679055,4218
679337,4166
679506,4422
679650,4330
679779,4257
679800,4305
679912,4244
681014,3343
681142,3292
681281,3377
681284,3350
681434,3261
681508,3320
681582,3493
681603,3362
681760,3444
681868,3389
681986,4512
682056,4781
682125,4571
682254,4514
682286,5011
685389,2965
685441,3165
685709,3147
685711,3573
686055,3836
686105,3672
686260,3568
686398,3715
686515,3849
687122,3295
687212,3928
687440,3751
687822,3270
687895,3191
688072,3841
688120,3741
688283,3717
688399,3634
688414,3916
688677,3822
689023,3580
689052,3648
689121,3742
689341,3657
689471,3634
689524,3640
689636,3756
689771,3672
689932,4143
689964,4263
690142,4495
690164,4581
690862,4302
690932,4321
691121,4191
691255,4161
691451,4056
691510,4246
692940,3315
693197,3326
693216,3531
693344,3286
693466,3293
693543,3764
693713,3670
693855,3881
693907,3679
694039,3858
694177,3606
694298,3536
694970,3389
695843,3063
696064,2921
696340,3739
696974,3052
697588,3492
697772,3755
697924,3266
697962,3520
698150,3605
698319,3569
699128,3162
699281,3130
699327,3287
699440,3275
699517,3482
699749,3065
699788,3113
699910,3336
700048,3410
700120,3337
700265,3343
700321,3393
700442,4130
700574,4056
700588,4108
700722,4193
700892,4368
700922,4430
701159,4297
701318,4291
701611,4116
701755,4385
702866,3471
703045,3515
703071,3723
703212,3896
703289,4054
703493,3915
703651,4035
703781,3998
703788,4073
703926,4077
704081,4416
704239,4463
704358,4579
704443,4472
704699,4294
705761,3704
705973,3823
706152,3709
706413,3443
706597,3605
706625,3765
706860,3745
707012,3664
707159,3839
708089,3167
708143,3162
708307,3520
708348,4112
708475,3581
708762,4017
709129,3660
709263,3580
709377,4335
709520,4267
709618,4214
709899,3939
709981,3902
710190,3765
710968,3093
711156,3068
711319,2954
711462,3937
711527,3266
711659,3194
711681,3273
711907,3594
712026,3651
712162,3747
712298,3663
712322,3871
712506,4063
712579,4210
714478,3787
715033,2951
715214,3150
715451,3594
715581,3400
715746,3369
715819,3441
715964,3467
716035,3484
716225,3389
716256,3507
716383,3988
716594,3727
716614,3809
716705,3519
716832,3641
716867,3692
717151,3618
717177,3667
717361,3756
717496,3796
717999,3347
718320,3597
718405,3363
718507,3740
718613,3471
719829,3435
719977,4097
720469,3855
720685,3498
720816,3536
720955,3783
720991,3645
721167,3894
721251,3930
721391,3915
722414,3207
722484,3460
722650,3056
722804,3239
723089,2907
723306,3190
723500,3152
723580,3218
723714,3284
723851,3611
724357,3545
724419,3702
724581,3606
724766,3909
724902,3932
725018,4004
725780,3635
725872,3628
726036,3623
726180,3545
726323,3663
726361,3890
726504,3673
726509,3812
726598,4035
726774,4346
726835,4454
726973,4199
727081,4093
727224,3999
727365,4713
727520,5093
727524,5306
727565,4624
727578,4793
727781,5096
727849,5941
729766,4093
729919,4020
730089,4711
730233,4471
730365,4294
730398,4557
730575,4715
730678,4536
730849,4530
730962,4821
730988,4582
731203,5595
731371,5332
731411,5634
731503,6147
731576,5521
731721,5891
731946,5723
732414,5476
732626,5342
732801,5455
732913,5278
733099,5925
733226,5748
733517,5774
733578,5509
733773,5422
733968,5320
733985,5432
734780,5624
734849,6228
735004,5772
735048,5646
735131,6000
735353,5927
735391,5994
735509,5723
735623,5561
735659,5965
735800,5823
735881,5552
735952,5774
736078,5757
736435,6391
736603,6625
736878,6538
737164,6137
737274,6207
737414,6274
737433,6285
737977,5905
738025,6190
738286,5834
738430,5832
739068,5661
739326,5457
739488,5486
739905,5228
740424,5244
740503,5257
740686,5192
740809,5324
740845,5516
740924,5968
740971,6216
741119,6132
741247,6065
741762,5613
741894,5636
743531,4777
743752,4647
743896,4601
744071,4542
744328,4345
744515,4552
744587,4609
744811,4470
744848,4556
744990,4498
745146,4472
745194,4479
745468,4785
745512,4431
745718,4804
745911,4698
745939,4759
746069,5230
746213,5238
746357,5150
746498,5447
746584,5646
746628,4729
746957,5165
747159,5218
747648,4638
747876,4547
749777,3563
749805,3561
749966,3555
750087,3968
750282,3854
750303,5152
750441,4081
750658,5127
750744,4316
750869,4635
751011,4950
751138,4831
751642,4375
751860,4914
751891,4820
752243,4627
752387,5058
752460,4501
752533,5216
753672,3973
753721,3779
753857,3796
753863,3965
754020,3864
754154,3834
754285,4003
754405,3863
754417,4165
754601,4039
754750,4063
754888,4055
755051,4003
755085,4128
755194,4326
755311,4806
755446,4762
756093,4286
756125,4930
756287,4836
758349,3314
758444,3614
758927,4117
759057,4065
759088,4010
759243,4575
759361,4674
759365,4602
759530,5241
759670,4727
759822,4669
759889,5088
760009,4605
760179,5010
760222,4559
760334,4913
760428,4670
760604,4710
760767,4737
760891,5045
760907,5006
761052,4956
761170,4948
761324,5022
761474,4863
761695,4912
761762,5017
762085,4992
762278,4672
762302,5102
762739,4992
762873,5188
763157,4805
763228,4910
763340,5063
763383,5232
763493,6233
763919,4692
764071,5500
764225,5003
764794,4585
766309,3656
766605,3483
766623,3645
767145,4128
767447,3383
767499,3826
767590,4443
767614,3864
767762,3952
768082,3687
768342,3765
768443,3643
768648,3632
768770,3655
768976,3793
769037,3931
770063,3426
770221,3403
770317,3353
770471,4687
770500,3737
770672,4438
771099,3823
771145,4178
771290,4094
771409,4034
771860,4494
771946,4859
772121,3939
772232,3869
772319,4201
772467,4133
772487,4434
772599,4138
772751,4093
772805,4190
774061,3202
774273,3075
774590,3127
775253,3839
775426,3493
775815,3419
776631,3447
776832,3397
777025,3581
777071,3581
777163,4452
777343,3766
777593,3767
777638,3884
777788,3945
777895,3929
777909,4485
778880,3220
778961,3226
779112,3209
779136,3316
779353,3159
779376,3480
779481,3549
779612,3218
779760,3213
779892,3238
780043,3887
780107,5201
780243,3868
780285,4064
780401,5355
780475,4849
780633,4910
783677,3728
783766,3309
783936,3314
784459,4287
784682,3125
784845,3091
785005,2977
785530,3154
786459,3554
786528,3892
787421,4190
787523,3938
787774,4137
787923,4188
788131,3827
788242,3914
788301,4578
788375,5371
788454,5284
788531,5116
788694,5006
788786,5024
788885,4994
788971,5664
789007,5263
789095,5658
789121,5557
789232,5588
789268,5719
789352,5764
789423,5759
789568,5730
789593,5900
790206,6112
790254,6181
790414,5956
790448,6157
790606,5910
790781,5874
790879,5999
790929,6044
791052,5974
791183,7144
791206,7028
791337,6980
791399,6970
791620,6859
791829,7218
791982,6677
792159,7710
792220,6667
792297,7163
792345,7392
792587,7342
792740,7253
793412,7297
793458,7203
793573,7192
793772,7117
794048,6904
794289,7170
794512,6682
794763,6574
795002,6806
795970,6842
795991,6919
796154,7047
796259,7042
796424,6936
796597,7135
796718,6936
796799,6674
796933,6875
797193,6777
798354,6535
798509,6597
798575,6537
798704,6676
798958,6327
799100,6247
799240,6370
799289,6375
799442,6443
799550,6229
799579,6719
799688,6449
799749,6599
800204,6294
800592,6983
800751,6954
800944,6687
800990,6756
801186,6624
801333,6610
801383,6632
801471,6649
801522,6707
801635,6646
801820,6578
802361,6265
803029,6694
803233,6608
803445,6518
803686,6382
804061,6742
804172,6167
804325,6101
804340,7768
804444,6065
804558,6113
805397,7332
805421,6313
805611,6363
805901,5984
806229,5960
806366,6107
806462,6269
806595,6316
806821,6184
806858,6058
806988,6983
807017,6702
807150,6661
807392,6936
808094,6264
808287,6145
808411,6275
808524,6266
808784,6541
808851,6205
809018,6087
809186,6329
809276,6012
809482,6021
809845,5854
810171,5676
810982,6093
811049,5613
811222,5766
811268,6124
811385,5947
811439,6061
811784,5937
811943,5853
812095,5982
812290,6194
812305,6792
812512,6258
812532,6488
813212,6266
813377,5999
813598,6518
814073,5250
814444,5619
814504,5636
814805,5395
815124,5489
815150,5619
815357,5362
815509,5159
815578,5687
815728,5457
815772,5564
815916,5482
816035,5425
816163,5444
816309,5351
816465,6232
816618,5997
816802,6718
817035,6573
817245,6425
818018,5374
818175,5272
818218,5513
818799,5681
819178,5445
819329,5378
819530,5390
820817,4562
820986,4523
821070,4526
821284,4404
821412,4535
821513,4675
821700,4816
821743,4415
821902,5453
821949,4951
822163,4788
822299,4875
822353,5027
822454,4973
822480,5327
822708,5366
823025,5709
823057,5549
823191,5468
823222,5502
823349,5435
823573,5281
823716,5304
823996,5077
824175,4947
825560,4293
825747,4184
825777,4416
825886,4355
825981,4342
826022,4607
826218,4635
826246,4757
826360,4688
826594,5286
826736,5274
827016,5138
827173,5602
827188,5030
827432,5306
827484,4926
828060,4900
828088,4505
828249,4465
828392,4471
829920,3847
829994,4002
830087,3982
830337,3956
830411,3989
830515,5303
830588,3890
830668,5440
830711,4406
830827,4458
832804,3067
833099,2905
833464,3510
833614,3648
833803,3657
833828,3790
834115,3911
834143,4160
834306,3917
834453,5795
834716,3745
835252,3576
835399,3542
835784,3355
836159,3984
836354,3844
836553,3744
836605,3741
836628,3930
836783,3701
836929,3502
837095,3690
837144,3814
837185,4000
837206,4419
837383,3524
837697,3141
839577,3057
839910,3042
840587,3301
840613,3206
840839,3318
840998,3752
841145,3416
841222,3679
841266,4102
841311,3805
841342,3825
842361,2922
842530,3358
842647,2943
842775,3253
842981,3100
843028,3308
843135,3267
843150,3175
843318,3566
843361,3541
843469,3504
843483,3751
843651,3416
843867,3561
843988,4038
844012,5717
844425,5360
844566,5494
844590,5746
844796,6186
844959,6125
845473,5603
845628,6279
845671,6228
845711,6259
845968,6563
846104,6511
846120,6474
846263,6384
846577,6227
847269,5901
848694,4342
848860,4819
849019,4802
849174,4709
849957,3811
850218,3651
850388,3538
850415,3758
850808,3540
850827,3678
850984,3608
851122,3657
851156,3560
851277,3625
851434,4617
851568,4697
851711,4496
851890,4426
852037,4110
852152,4479
852184,4550
852996,3954
853311,4312
854599,3617
854982,4290
855121,3900
855175,4224
855210,3967
855333,3570
855774,3185
855928,3199
856750,2913
856786,3210
856892,3027
857030,2914
857263,3385
857354,2965
857391,3199
857512,3269
857594,3875
857635,4077
857698,3597
857839,4215
858036,3948
858214,4110
858584,3944
859743,3100
859950,3081
860131,3237
860162,3492
860286,3422
860417,3554
860506,4125
860564,3802
860741,3743
860902,3781
861021,3786
861147,3727
861177,3780
861306,3955
861641,3982
861780,3911
861822,3788
862801,3038
862885,3317
863034,3472
863103,3512
863420,3590
863747,3474
863921,3391
864064,3586
864962,3084
865294,3327
865313,3300
865455,4057
865802,3813
865973,3507
866041,4480
866128,4384
866231,3747
866317,4143
866519,3784
866787,3902
866962,3443
867155,3480
867234,3796
867264,3505
867303,3909
868398,3255
868425,3326
868965,3976
868997,3056
869161,3777
869319,3671
869511,4267
869917,3946
870063,3928
870096,3970
870098,3799
871258,2937
871373,3107
871472,3121
871583,3099
871741,3252
871916,3465
872041,3353
872102,3327
872217,3853
872308,3697
872453,4176
872583,4482
872624,3887
872780,4661
873040,4349
873057,4154
874766,3298
874892,3244
875058,3550
875061,3741
875199,3821
875230,3737
875448,3619
875579,3734
875717,4181
875813,4509
876065,4080
876101,4289
876274,4163
876352,4163
876392,4413
876503,4734
876674,4253
876905,4231
877273,4082
878176,3691
878372,3562
878852,3290
879123,3146
879147,3201
879351,3450
879600,3249
879798,3860
879941,3770
879964,3907
880075,4195
880235,4477
880483,4039
881382,3220
881532,3213
881699,3252
881928,3967
881976,3796
882112,3904
882257,3919
882400,4420
882418,3812
882512,4475
882844,4085
882894,3973
883122,4184
883241,4577
883605,4292
885072,3842
885118,3309
885174,3428
885255,3560
885341,3666
885448,3860
885528,4798
885618,4607
885744,4533
885979,4594
886048,4346
886291,4196
886463,4448
886483,4598
886719,4493
886858,4406
887122,4238
887143,4278
887337,4296
887485,5292
887629,4256
888020,4059
888122,4172
889131,3759
889152,3958
889317,3853
889321,4113
889509,4456
889590,4833
889678,4679
889879,4561
890345,4442
890528,4426
890753,4268
890771,4327
890917,4322
891049,4367
891860,4155
891939,4204
892089,4551
892116,4351
892266,4252
892333,4515
892425,4503
892583,4709
892826,4515
892958,4861
893231,4293
893494,4566
893524,4482
893789,4459
893999,4602
894168,4882
895344,3550
895456,3646
895509,4729
895597,3569
895723,4029
895804,3884
895969,4914
896108,4836
896306,4502
896872,4369
896972,4363
897122,4325
897261,4263
897397,4234
897627,5592
897645,4401
898704,3592
898729,4787
898885,4719
898952,4439
899099,4348
899212,4490
899239,3913
899356,4398
899478,4541
899493,4688
899790,4941
899967,6753
900108,6702
900337,4735
900464,6354
900611,6265
901861,3761
902031,3595
902177,3988
902202,4740
902224,4720
902257,5163
902295,5365
902351,4640
902500,4386
902957,4267
903096,4821
903246,4435
903379,4485
903495,4728
903664,5389
903859,4479
904018,5393
904414,4016
904465,4893
905381,4145
905638,3831
905662,3634
905798,3795
905985,5291
906125,5323
906195,3891
906243,5102
906350,4127
906395,5003
908025,3471
908507,4345
908593,3265
908649,3507
908758,3158
908874,3431
908927,3522
909601,3613
909800,3506
909941,3462
910118,3699
910142,3490
910284,3438
910307,3604
910419,3538
910989,3186
911092,3353
911247,3490
911388,3458
911925,3212
912122,3208
912844,3359
913592,3399
913796,3244
913941,3686
913997,4653
914090,4260
914222,4765
914245,4195
914521,4586
915315,3780
915438,4082
915927,3294
916058,3200
916168,3155
916304,3094
916338,3260
916471,3382
916628,3276
916689,3656
916828,3787
916848,3767
916977,3794
917074,3875
917112,4057
917248,3852
917280,4171
917887,4158
918033,4065
918160,3992
918697,3785
918913,4249
919666,3688
919710,4131
919898,3804
920020,4149
920161,4660
920336,3881
920464,3825
920676,4196
920825,4096
920992,3983
921164,3896
921290,3889
921345,4011
921467,4029
921496,4109
921639,4078
921781,4316
921881,4099
921969,4199
922201,4101
922287,4274
922375,4240
922597,4069
922719,4570
923947,3533
924321,3552
924624,3655
924912,3692
926075,3168
926336,3413
926371,3686
926518,3952
926577,3361
926700,4114
926714,3317
926743,3675
926922,4202
927123,3810
927588,4451
927642,4304
927715,4566
927831,4313
927999,4350
928337,4526
928364,3968
928513,4431
928641,3742
928759,4239
928890,4208
929023,4024
929882,3331
930083,3100
930224,3452
930251,3547
930410,3393
930565,4342
930702,4115
930972,3982
930994,4115
931140,4020
931403,4473
931596,4390
931750,4343
931981,4457
932180,4616
932378,4545
933853,3271
933873,3362
934028,3668
934160,3474
934173,4820
934328,3428
934524,4529
934583,3899
934745,3796
934889,3705
935025,3618
935141,3723
935816,3382
936253,4124
936528,3123
936638,3807
936808,3693
937004,3670
937851,3015
938024,3496
938174,3336
938320,3742
938352,3781
938372,3835
938394,4018
939180,3764
939226,3414
939446,3586
939975,3428
940017,3453
940146,3522
940180,3480
940301,3626
940469,3511
940896,3181
940941,3186
941109,3309
941269,3694
941275,4180
941428,3612
941582,3935
941858,3534
942165,3444
942305,3544
942465,3518
942592,3696
942691,3643
942773,3932
943729,3407
943747,3687
943895,3743
944034,4123
944319,3892
944507,4466
944864,3979
945189,3709
945219,3953
945485,3918
945586,3755
945648,3628
945884,3705
946886,3120
947122,3377
947186,3415
947257,3498
947395,3499
948020,2972
948174,3978
948369,3990
948896,3316
949241,3020
949399,2917
949436,3651
949577,3485
949717,3418
949845,3471
949900,3284
950043,3686
950062,3883
951240,3338
951391,3242
952002,2977
952099,3094
952386,2985
952408,3092
952515,3679
952890,3534
953016,3763
953151,3570
953244,3527
953555,3784
953637,3767
953767,3701
953778,4128
953920,4054
953993,4398
954122,4372
954158,4468
955956,4640
956145,4296
956237,4606
956399,4535
956475,4908
956527,4299
956565,4429
956842,4290
957063,4993
957090,5311
957185,4776
957270,5312
957412,5106
957518,4642
957612,4636
957750,4584
957923,4527
958055,4538
958799,3921
959148,4196
959370,3521
959531,4641
959628,3345
959636,3494
959790,3986
959815,3827
959958,4017
959974,3930
960117,3975
960155,3872
960305,3939
960455,3845
960659,4210
960675,5193
961215,5043
961589,5578
961620,6114
961753,6091
961786,6110
961949,6319
962115,6238
962341,6372
962852,6004
962992,5939
963121,5684
965582,3907
965602,3960
965802,3812
965955,3972
966089,3914
966344,3938
966435,3911
966628,3996
966642,4116
966773,3937
966805,4057
966984,4406
967002,4928
967255,4735
967413,5003
967463,4846
967698,4920
968317,4745
968417,4914
968489,4624
968523,4838
968601,4697
968733,4772
968923,4674
969041,4626
969881,4577
970039,4605
970096,4959
970396,4404
970524,4632
970700,4507
970860,4394
970996,4464
971016,4496
971131,4482
971225,4842
971470,4812
972048,4291
972061,4562
972231,4566
973151,3923
973801,3352
973833,3397
973985,3816
974030,3607
974206,3762
974420,3768
974642,3659
974800,3591
974980,4078
975091,4291
975255,4075
975295,4350
975877,4106
976051,4426
976098,5050
976218,4311
976336,4407
976462,4439
977663,3362
977809,3262
978189,3061
978388,3639
978439,2967
978506,2977
978643,3003
978759,3159
978920,3313
979093,3282
979309,3125
979419,3329
979437,3398
979756,3368
979881,3368
980039,3279
980188,3692
980299,6377
980330,4502
981397,5380
981688,3793
982045,4580
982176,4246
982274,4298
982433,4076
982586,4140
983964,2925
984138,2774
984321,2945
984475,3519
984603,3024
984640,3039
984819,4040
985315,3195
985617,3108
985842,3283
986003,3481
986182,3568
986986,3463
987022,3375
987046,3020
987225,3100
987400,3298
987419,3406
987713,3200
988013,3226
988141,3368
988282,3715
988349,3730
988461,3684
988662,4003
988837,4019
988960,3949
989470,3537
989555,3635
990221,3416
990502,3642
990693,3504
990819,3427
990958,3651
991118,3720
991257,3681
991332,3941
991464,3901
991521,4440
991650,3820
991818,5034
991911,4074
992331,3994
992395,5082
992485,4013
992729,4080
992844,4115
992984,4075
993515,4348
993776,4067
993917,4036
994085,3909
994222,4206
994653,4115
994666,4203
994840,4131
995004,3916
995109,3981
995614,3753
995622,3844
995790,3850
995812,3951
996063,4045
996229,4271
996388,4295
996429,4469
996929,4488
997110,4336
997122,4399
997281,4591
997308,4886
998101,4205
998268,4092
998423,4249
998603,4204
999733,3277
999895,3167
999927,3728
1000023,3554
1000168,3596
1000234,3921
1000268,3996
1000514,4085
1000687,3998
1000733,4030
1000781,4107
1000914,4051
1001099,4119
1001242,4232
1001282,4721
1001458,4409
1001573,4502
1001901,4292
1002653,4158
1002818,4153
1002857,3890
1003002,4024
1003119,4026
1003247,4137
1003412,4023
1003704,3788
1003872,3995
1004403,4129
1004420,4290
1004585,4248
1005011,4081
1005047,4102
1005189,4028
1005325,4099
1005467,4121
1005522,4386
1005774,3889
1006053,3780
1006949,3654
1007127,3555
1007213,3606
1007299,3794
1007436,3603
1007587,3655
1007739,3883
1007998,3449
1008167,3548
1008364,3763
1008684,3527
1009728,2855
1009954,3075
1010143,2796
1010594,3700
1010727,3686
1010868,4005
1011011,3705
1011179,3892
1011279,3897
1011322,3926
1011458,3891
1011619,3804
1012508,3614
1013026,2968
1013071,3138
1013227,3030
1013339,2982
1013375,3056
1013500,3936
1013520,3242
1013808,2870
1013991,3535
1014130,3624
1014162,3724
1014661,3506
1014916,3489
1014942,3529
1015055,3657
1016836,3299
1016987,3028
1017010,3340
1017159,3291
1017322,3316
1017477,3214
1018026,3062
1018222,3232
1018246,3233
1018402,3340
1018588,4031
1018616,4152
1018761,4356
1018825,3784
1018949,3719
1018963,4090
1019103,4370
1019189,4220
1019226,4399
1019385,5129
1019699,4260
1021270,3558
1021297,3628
1021489,3966
1021525,4000
1021748,4009
1021860,4769
1022020,4666
1022039,5254
1022139,5090
1022178,5253
1022310,5176
1022324,5432
1022442,5289
1022449,5377
1022589,5431
1022631,5583
1022749,6258
1022819,5319
1022961,5945
1023134,5820
1023256,6006
1023387,5813
1023643,5667
1023779,5668
1023796,5735
1025268,4385
1025291,4425
1025438,4880
1025593,4217
1025793,4437
1025934,4592
1025972,4641
1026175,5106
1026347,5000
1026465,4962
1026525,5268
1026565,4897
1026695,5674
1026826,5636
1026955,6143
1027138,5873
1027270,6076
1028276,5163
1028419,5275
1028462,5911
1028606,6241
1028778,6425
1028926,6026
1029070,6032
1030051,5365
1030274,5019
1030355,5418
1030401,5111
1030642,5008
1030820,5120
1031080,5264
1031105,7460
1031246,7387
1032032,5177
1032204,4653
1032597,6099
1032638,4860
1032764,6175
1032812,4797
1032982,4687
1033159,5830
1033167,4552
1033321,4450
1033499,5309
1033512,5180
1033905,4848
1033951,5252
1034072,5051
1034196,5088
1034239,5875
1034772,5517
1035598,4961
1035767,5067
1035870,4738
1036038,5874
1036099,6042
1036168,6028
1036177,5289
1036216,6028
1036268,8034
1036317,5977
1036390,5374
1036406,5943
1036452,6076
1036496,6254
1036580,6244
1036591,6638
1036627,7064
1036672,7094
1036723,7114
1038408,5606
1038567,6104
1038725,5896
1038866,5819
1039008,5738
1039152,6001
1039314,5601
1039454,5566
1039598,5372
1039651,5440
1039682,5647
1040338,5614
1040564,5455
1041625,4528
1041962,4516
1042240,4418
1042433,4373
1043006,5595
1043072,4758
1043216,4720
1043242,5492
1043378,4999
1043379,5416
1043527,5125
1043581,4926
1043855,5140
1043992,5131
1044109,5098
1044143,5131
1044407,5025
1044733,4878
1045562,4250
1045650,4258
1045719,4605
1045786,4415
1046300,3958
1046886,3642
1047065,3981
1047240,3646
1047422,3560
1047622,3780
1047647,3858
1047789,4291
1047954,4178
1048117,4065
1048743,3969
1049580,3347
1050006,3666
1050116,3756
1050289,3572
1050432,3536
1051102,3696
1051125,3071
1051204,4705
1051365,4448
1051465,3883
1051803,3639
1051962,3997
1052117,3919
1052255,4225
1052403,3946
1052486,4368
1052529,3719
1052584,3502
1052720,3860
1052750,3549
1052941,3964
1053078,3629
1054016,2992
1054109,3005
1054377,2870
1054410,4428
1054510,3314
1055075,4660
1055182,3311
1055493,4587
1056354,3876
1057935,2811
1058029,2860
1058137,3072
1058266,3236
1058302,3696
1058363,3360
1058509,3372
1058658,4259
1058715,3615
1058840,3822
1058852,4120
1059003,4369
1059041,4373
1059130,4175
1059211,4152
1059271,4326
1059376,4359
1059438,4400
1059575,4512
1059588,4459
1060494,3953
1061013,3592
1061295,3988
1062149,3701
1062286,3647
1062344,4030
1062464,4270
1062471,4568
1062694,4458
1062962,4070
1063025,4058
1063147,4060
1063184,4102
1063845,4369
1063919,4171
1064146,4002
1064339,3936
1064497,3837
1064628,3872
1064644,3985
1064752,4000
1064883,3992
1064984,5120
1065121,4690
1065343,4542
1067504,3503
1067558,3363
1067841,3888
1067888,4319
1068049,4083
1068334,4353
1068465,4328
1068573,4341
1068714,4252
1068791,4452
1068933,4370
1068992,4241
1069099,4578
1069115,4781
1069229,4751
1069268,4461
1069341,4701
1069388,4871
1069607,4887
1069861,4713
1070083,4751
1070249,4497
1070821,4123
1071056,3939
1071333,4992
1071816,4044
1071977,3935
1072123,3838
1072267,3968
1072280,4540
1072893,4791
1073008,4802
1073066,4955
1073204,4713
1073342,4630
1073375,4774
1073462,4722
1073583,4908
1073907,4697
1074097,5174
1074247,5123
1074402,5019
1074561,4939
1074607,5019
1075465,4329
1075636,4542
1075654,4681
1075803,4684
1076000,4573
1076625,4014
1077151,3583
1077452,3572
1077841,3955
1077988,3946
1078060,3971
1078191,4057
1078330,4953
1078352,4458
1078585,4315
1078654,5222
1078780,5006
1078915,5084
1079071,4781
1079209,4537
1079309,4744
1079522,4405
1080371,3723
1080569,3635
1080694,3656
1080817,3618
1080823,3679
1080941,3720
1081122,3925
1081252,3738
1081381,5490
1081520,5191
1081582,4489
1082342,4686
1082613,4189
1082640,4438
1082782,4071
1082962,4382
1082968,4842
1083120,4955
1083406,4988
1083573,5026
1083614,5052
1085452,3826
1085900,3548
1086159,3500
1086323,3613
1086616,3415
1087395,3473
1087425,3246
1087634,3315
1087669,3348
1087895,3689
1087913,3963
1088049,3796
1088114,3814
1088219,3983
1088359,3897
1088581,3802
1088700,4398
1088859,4404
1089088,4242
1089158,4902
1089347,4106
1089475,4383
1089900,3902
1089981,4218
1090121,4141
1090278,3833
1090406,4035
1090511,4275
1090608,3784
1090752,4080
1091309,4048
1091461,3946
1091639,4182
1091661,4096
1091889,3983
1092040,4319
1092055,4410
1092193,4641
1093086,3797
1093131,3803
1093287,3757
1093490,4404
1093889,3641
1093907,4356
1094589,3474
1094635,3632
1094764,3809
1094897,3730
1095210,4068
1095452,4393
1095563,4077
1095715,4231
1095913,4029
1097173,3181
1097232,3357
1097864,2930
1097950,3050
1098095,3826
1098095,4082
1098293,3834
1098327,3655
1098448,3837
1098603,3804
1098656,3960
1098762,4445
1098811,4561
1098887,4374
1099759,3549
1100096,3697
1100199,3621
1100437,3468
1100934,3085
1101037,3273
1101080,3336
1101225,5054
1101244,3591
1101349,4101
1101409,4382
1101446,4742
1101490,4761
1101514,4971
1101531,4591
1101847,4134
1102436,4175
1103175,4103
1103444,3974
1103604,3860
1103616,3716
1103867,3979
1104142,3581
1104492,3450
1104513,3980
1104679,3795
1104727,5574
1104755,3602
1104887,3954
1105053,3910
1105188,5256
1105274,4162
1105463,3909
1105627,4545
1106027,4203
1106152,4133
1106950,3540
1107222,3850
1107512,3736
1107583,3753
1107729,3766
1107769,3819
1107873,3907
1108024,3919
1108149,3780
1108207,3849
1109155,3910
1109333,3502
1109462,3654
1109497,3807
1110124,3912
1110401,3605
1110704,3439
1110774,3621
1110831,3519
1111008,3904
1112249,3278
1112427,4640
1112604,5315
1112956,6771
1113159,6663
1113190,6738
1113341,7532
1113470,7530
1113503,7999
1113760,7535
1113892,7774
1114064,8201
1114101,8022
1114233,8118
1114880,7525
1115033,7419
1115059,7448
1115166,7452
1115226,7500
1115325,7507
1115371,7737
1115602,7557
1115739,7582
1115856,7520
1115994,7625
1116139,7317
1116153,7398
1116301,7213
1116881,7822
1116919,7774
1117067,7611
1117201,7660
1117339,7581
1117477,7504
1117610,7627
1117613,7418
1118011,7272
1118020,7347
1118191,7323
1118209,7407
1118556,7242
1118560,7361
1118698,7251
1118721,7350
1118873,7701
1119014,7881
1119158,7455
1119253,7375
1119526,8928
1119584,8528
1119735,9108
1120184,8201
1120379,8127
1120389,8383
1120962,7954
1121247,7736
1121440,7610
1121949,9111
1122137,9049
1122529,8731
1122751,8898
1122902,8555
1124145,7530
1124305,9165
1124485,9792
1124734,8869
1124895,8799
1125079,8761
1125284,9093
1126121,8540
1126208,7954
1126246,8765
1126356,7983
1126373,8733
1126508,8168
1126644,8135
1126732,8478
1126884,8427
1127076,8083
1127244,8017
1127502,7859
1128182,9915
1128204,8430
1128328,8997
1128602,10072
1128875,9863
1129178,9755
1129223,8007
1129355,7787
1129377,9586
1129503,9112
1129508,7920
1129722,9122
1129853,8010
1129975,9021
1130002,8528
1130141,8269
1130517,7956
1130648,7624
1130846,8347
1130913,8219
1131315,7929
1131436,7948
1132014,7477
1132037,7578
1132221,7551
1132380,7518
1132515,7534
1132530,7551
1132750,7511
1132791,7542
1132875,7581
1132940,7676
1133779,7139
1133943,7088
1133972,7166
1134115,7136
1134447,6925
1134900,6577
1135282,6357
1135493,6253
1135707,6157
1135863,6114
1136017,6597
1136171,6021
1136306,9010
1136347,9965
1136407,10154
1136439,10911
1136459,11057
1136952,7512
1137476,9950
1137880,7733
1138077,8659
1138312,8893
1143191,4443
1143231,4498
1143496,5428
1143599,4427
1143774,4390
1143933,4806
1144104,4720
1145143,3942
1145184,3977
1145321,3930
1145465,3909
1145486,3981
1145778,4233
1145918,4229
1145939,4149
1146088,4662
1146142,4802
1146337,4717
1146378,4828
1146456,4864
1146576,4838
1146611,5010
1146774,5243
1147093,5729
1147423,5257
1147949,4757
1148238,4550
1148392,4567
1148636,4404
1149783,3378
1149804,3962
1149995,3498
1150199,3501
1150347,3720
1150366,4252
1150581,4215
1150619,4044
1150746,4099
1151373,4088
1151521,4156
1151607,3790
1151837,3778
1151851,3875
1152043,4096
1153142,3505
1153326,3473
1153594,3407
1153758,3713
1153869,3359
1153998,3647
1154105,3594
1154136,3897
1154388,3737
1154649,4004
1154828,3912
1154991,4103
1155126,4024
1155264,3938
1155425,3918
1155584,3995
1155722,3891
1155765,3911
1155872,3867
1155976,3833
1156154,3885
1156568,4954
1156826,3262
1157402,3501
1157861,3472
1158054,3935
1158163,3653
1158194,3847
1158329,3761
1159808,3652
1159868,3619
1160000,3849
1160133,3550
1160167,3224
1160277,3832
1160419,3640
1160482,4478
1160737,3467
1160954,3202
1161001,4478
1161162,3638
1161363,3536
1161819,3549
1162096,3321
1162381,3255
1163013,3630
1163185,3517
1163881,3766
1163905,3694
1164061,3594
1164200,3507
1164366,3765
1164410,3721
1164583,3913
1164732,4049
1164871,3954
1165939,3049
1166113,3295
1166166,3610
1166326,3581
1166378,3988
1166450,3954
1166526,3969
1166679,3973
1166741,4374
1166797,4560
1166912,4497
1166986,4531
1167236,4394
1167384,4377
1168302,4281
1168576,3753
1168586,4387
1168927,4156
1169075,4128
1169119,3872
1169194,4075
1169269,3869
1169414,4210
1169438,4524
1169466,4283
1169605,4316
1169804,4533
1169935,4687
1170134,4758
1170464,4799
1170533,4599
1170781,4459
1170953,4496
1171127,4748
1171292,4670
1171411,4660
1171618,4549
1172461,4372
1172639,4281
1172782,4246
1173038,4103
1173193,4005
1173338,4258
1173386,4132
1173430,4380
1173648,4260
1173799,4393
1173956,4914
1174664,4650
1174723,4646
1174952,4282
1175002,4421
1175146,4415
1175285,4427
1175306,4694
1175472,4837
1175570,4789
1176472,4164
1177263,3776
1177283,3948
1177378,3714
1177574,3783
1177649,4532
1177843,4006
1177984,3971
1178022,3980
1178204,4314
1178424,4262
1178608,4131
1178655,4198
1178922,4003
1179073,4058
1179142,4064
1179972,3724
1180123,3624
1180289,3651
1180436,4417
1180454,3476
1180648,4305
1180811,4276
1180931,4424
1181060,4383
1181266,4302
1181427,4422
1181711,4047
1181980,5437
1182014,4446
1183166,3982
1183366,4158
1183417,5219
1183498,4283
1183623,8946
1183759,7206
1183983,8107
1184611,4569
1184618,6655
1185165,6174
1185666,5956
1185893,3919
1185953,6473
1186067,6055
1186113,3823
1186273,3986
1186297,5357
1186426,5774
1186610,4663
1186632,4791
1186771,4581
1186804,5233
1186923,4789
1186965,4833
1187076,5251
1187235,5069
1187616,4895
1187898,4756
1188062,4389
1188229,4563
1188403,5195
1188762,4869
1188933,4762
1189008,4774
1189093,4847
1189267,4936
1189304,4990
1189429,4935
1189898,4861
1190069,4617
1190092,5124
1190227,4865
1190390,4758
1190590,5022
1190637,5076
1190764,5891
1190801,5932
1190925,6095
1191094,5996
1191101,6202
1191786,6040
1191905,5500
1193132,4846
1193310,4972
1193455,4844
1193764,4358
1194229,4118
1194421,4010
1194899,4299
1194948,4437
1195140,3932
1195267,4166
1195274,4004
1195315,4608
1195368,4983
1195433,4137
1195565,4123
1195727,4095
1195887,3986
1196163,4116
1196255,4381
1196433,4022
1196773,3916
1197267,4250
1197801,3583
1198151,3841
1198305,3636
1198409,3646
1198548,4351
1198707,4015
1200276,3246
1200444,3024
1200519,3362
1200599,3334
1200799,3495
1200828,3917
1200961,4028
1201141,4174
1201630,3733
1201780,3644
1201897,3614
1202086,3969
1202116,3926
1202136,3650
1202286,3917
1203063,3427
1203221,3645
1203261,3631
1203407,3782
1203573,3715
1203697,4306
1203874,3754
1203995,4062
1204012,4157
1204134,4322
1204151,4467
1204358,4452
1204482,4374
1204577,4365
1204759,4559
1204810,4497
1205035,4355
1205193,4424
1206286,3598
1206454,3383
1206884,3287
1207000,3340
1207021,3256
1207139,3767
1207311,3647
1207434,3577
1207568,3506
1207813,3380
1208001,3330
1208379,4246
1208498,5480
1208618,4537
1209709,5948
1209767,4371
1209899,4292
1209973,4356
1210017,4369
1210125,4777
1210336,4613
1210424,4852
1210596,4498
1210744,4754
1210770,4559
1210904,4475
1211037,4527
1212105,3606
1212306,3676
1212463,3564
1212709,3951
1212794,3365
1212845,4367
1212904,5881
1212978,3643
1212995,4421
1213051,5376
1213098,4227
1213158,4317
1213212,5421
1213358,3910
1215715,3365
1216244,3179
1216414,3078
1216790,3250
1217141,2952
1217426,3020
1217572,3455
1217893,3326
1218183,3977
1219505,3441
1219882,3020
1220014,3252
1220155,3240
1220228,3885
1220286,3760
1220384,3791
1220556,3744
1220705,3689
1220905,3696
1221089,4362
1221130,3630
1221274,3763
1221280,3823
1221406,3763
1221583,3713
1221733,3649
1221793,3910
1221851,3789
1221967,3941
1222358,3599
1222402,3625
1222752,3610
1222948,3782
1223097,3691
1223133,4011
1223164,4794
1223442,4231
1223586,4034
1223724,4023
1223854,4055
1224746,4273
1224873,4107
1224973,4101
1225485,4498
1225644,3848
1225742,3876
1225882,4035
1226065,4034
1226898,4180
1226921,4111
1227093,3990
1227262,4511
1227559,4046
1227701,3996
1227776,3879
1227915,3793
1229442,3537
1229577,3524
1229723,3742
1229745,3845
1229890,4075
1230093,3590
1230151,3871
1230302,4140
1230365,4237
1230561,4337
1230595,4718
1230777,4180
1230914,4104
1231159,4200
1231192,4555
1231344,4612
1231366,4516
1231461,4511
1231501,4610
1231770,4233
1232597,4283
1232753,4185
1233083,3941
1233144,3854
1233297,3823
1233579,3836
1233779,3689
1233799,3727
1234003,3615
1234098,3762
1234722,3679
1234754,4260
1234914,4153
1235057,4059
1235192,4570
1235562,4107
1235783,4491
1236009,4063
1236153,4230
1236354,3977
1236449,4111
1236675,3928
1237842,2876
1237910,3334
1238015,2927
1238171,3476
1238195,3319
1238451,3351
1238571,3394
1238626,3214
1238767,4012
1238909,3499
1239392,3639
1239565,3381
1239702,3797
1240104,3507
1240759,2946
1240806,3170
1240972,3107
1241095,4235
1241294,3899
1242124,3501
1242762,3366
1242931,3750
1243127,3439
1243137,3795
1243312,3630
1243837,3147
1244029,3240
1244211,3244
1244381,5035
1244528,4416
1244636,3176
1244651,2997
1244796,3073
1244844,3996
1244894,5248
1244937,4428
1244958,3159
1244990,5233
1245040,5083
1245085,5002
1245118,3258
1245285,3144
1245654,3813
1246228,3956
1246387,3888
1247223,3730
1247379,3634
1247576,3542
1247661,3416
1247781,3286
1247931,3848
1248086,3924
1248174,3752
1248219,3907
1248361,3879
1248993,3993
1249041,4114
1249133,4124
1249167,4148
1249308,4402
1251230,3124
1251274,3235
1251409,3395
1251414,3749
1251951,3611
1252154,3686
1252290,3539
1252424,3351
1252782,3473
1253292,3134
1253368,3210
1253453,3532
1253495,3427
1253656,3389
1253758,3431
1253924,3730
1253949,4078
1254169,3990
1254367,3857
1254854,3460
1255001,3402
1255119,3741
1255315,4092
1255319,3693
1255483,3712
1255595,3632
1255632,3961
1255957,3690
1256214,3482
1256383,3274
1256642,3712
1256766,4005
1256836,3773
1257028,3675
1257132,3998
1257282,3951
1257311,3998
1257437,3954
1257522,3961
1259216,3753
1259724,3205
1259893,3227
1260049,3134
1260187,3304
1260345,3834
1260466,3661
1261595,2932
1261786,2977
1261941,2857
1262090,2826
1262203,2814
1262318,2974
1262615,3166
1262767,3306
1262959,3165
1263758,3225
1263915,3278
1263941,5043
1264107,4753
1264255,4782
1265289,3318
1265419,3668
1265468,3402
1265592,3614
1265619,3535
1265767,3529
1265880,3579
1265953,3741
1266104,3539
1266196,3547
1266215,3609
1266354,3691
1266398,3851
1266518,4469
1266597,3916
1266747,4051
1266886,4146
1267653,3960
1267792,4471
1267817,4327
1267921,4071
1268043,4153
1268207,4194
1268371,4392
1268656,4343
1269417,3536
1269489,3805
1269626,4175
1269664,4326
1269701,5306
1269732,5677
1269764,5710
1269834,5793
1269871,5809
1269902,5992
1270058,4741
1270327,4405
1270547,4527
1271067,4901
1271108,4905
1271523,5572
1272819,4363
1272834,4392
1272982,4191
1273110,4459
1273130,4575
1273322,5163
1273337,4614
1273487,4634
1273580,4551
1273992,4935
1274066,4466
1274250,4687
1274278,4441
1274544,5068
1274566,5115
1274723,5116
1274840,5120
1275370,4963
1275717,4754
1275845,4682
1275999,4795
1276044,4832
1276183,4759
1276210,5178
1276358,5290
1276398,4734
1276790,4965
1277767,4063
1277811,4066
1277960,4129
1278151,3988
1278286,3976
1278419,4561
1278616,4524
1278781,4528
1278908,5117
1279038,4908
1279282,4898
1280617,3610
1280706,3708
1280834,3807
1281433,3685
1281474,3694
1281605,3653
1281802,3765
1281920,3825
1281946,3739
1282090,3818
1282184,3905
1282330,4162
1282347,4045
1282481,4177
1283381,3260
1283410,3356
1283637,3238
1283782,3311
1283974,3415
1284138,3362
1284259,3348
1284264,3532
1284407,3468
1284834,3507
1285351,3687
1285382,3705
1285600,3588
1287662,3753
1287813,3757
1287987,3840
1288151,3884
1288171,3445
1288337,3551
1288397,3365
1288463,3666
1288561,3569
1288677,3715
1288885,3558
1289024,3542
1289169,3551
1289201,3621
1289306,3608
1289348,3668
1289448,5922
1289494,3609
1289560,4575
1289640,5052
1289679,6040
1291107,3232
1291637,4167
1293113,2897
1293146,3014
1293304,3059
1293324,3139
1293469,3136
1293587,3096
1293674,3339
1293720,3227
1293851,3222
1294004,3522
1294140,4007
1294215,3570
1294397,3909
1294472,3747
1294891,3733
1295085,3594
1295342,3400
1295445,3369
1295651,3629
1295825,3509
1295845,3524
1296752,3391
1296777,3386
1296918,3330
1297061,3506
1297113,3526
1297163,3603
1297365,3453
1297394,3545
1297532,3910
1297594,4083
1297723,4193
1298380,3865
1298398,3947
1298512,4080
1299246,3796
1299378,3711
1299383,3799
1299524,4034
1299600,3838
1299614,3852
1301259,2937
1301289,3078
1301437,3136
1301582,4181
1301652,3150
1301715,3937
1301887,3320
1302071,3695
1302091,3972
1302229,3730
1302364,3697
1302489,4260
1302890,3952
1304984,3504
1305298,3265
1305471,3508
1307025,3078
1307076,3156
1307215,3202
1307233,3396
1307380,3522
1307524,4883
1307628,3683
1307778,3722
1307932,4278
1308072,4263
1308095,4365
1308192,4271
1308326,4187
1308371,4259
1308505,4492
1308641,4446
1308656,4660
1308766,5013
1308908,4891
1309060,4815
1309203,4717
1309362,4609
1309515,5398
1309651,4462
1309800,4456
1309923,5134
1310254,4878
1310294,5109
1310445,4949
1310600,4780
1310723,5291
1310877,5231
1310964,5511
1310996,5415
1311134,5426
1311344,5330
1311390,5222
1311869,5339
1312041,5346
1313121,4401
1313142,4518
1313285,4544
1313439,5087
1313467,5153
1313624,5406
1313653,5561
1313803,5444
1314032,5288
1314304,5349
1315018,4771
1315651,4212
1316217,4513
1316258,4449
1316404,4368
1316567,4569
1316717,4360
1316850,4439
1316859,4432
1317036,4427
1317058,4821
1317196,4758
1317833,4215
1317980,4156
1318005,4294
1318068,4550
1318190,4807
1318351,4774
1318381,4833
1318523,4868
1318603,4737
1318819,4660
1319035,4768
1319977,4019
1320131,3945
1320209,3969
1320406,4058
1320572,4712
1320610,4879
1320653,5372
1320808,4562
1320973,4598
1321117,4507
1321367,4735
1322329,4191
1322491,4158
1322668,4035
1322863,3966
1323053,3878
1323821,3537
1323918,3725
1324152,3602
1324482,4502
1324586,3332
1324597,3424
1324827,3906
1325023,3774
1325152,4078
1325439,4167
1325604,4085
1325658,4127
1325848,4016
1327033,4157
1327191,4053
1327232,3974
1327371,3924
1327382,3697
1327490,4352
1327504,3652
1327615,4094
1327755,3897
1327791,3848
1327997,4142
1328129,4077
1328336,4106
1328510,4499
1328699,4639
1328847,4614
1328982,4589
1329069,4584
1330363,3916
1330742,3936
1331020,3725
1331367,3587
1331713,3678
1331778,3821
1331853,3879
1331969,3871
1331972,3807
1332136,3754
1332278,4014
1332320,3760
1332447,4156
1332506,4804
1332619,4892
1332661,4869
1332895,4583
1333163,4937
1333310,4734
1333669,4489
1333944,4215
1334108,4294
1334267,4661
1334397,4602
1334516,4534
1334681,4417
1334861,4286
1335638,3696
1335821,3802
1335932,4580
1335941,3736
1336088,4510
1336094,4085
1336234,4424
1336422,4483
1336650,4554
1336846,4493
1337014,4373
1337043,4406
1337155,4455
1337314,4440
1337340,4623
1338769,3442
1338946,3202
1339109,3364
1339272,4257
1339438,4192
1339629,4085
1339849,4198
1340050,4044
1340341,3421
1340368,3459
1340520,3807
1340722,3840
1340841,3870
1341975,3072
1342245,2881
1342265,2968
1342462,3011
1342515,3726
1342562,3630
1342652,3023
1342679,3488
1343032,3482
1343712,3480
1343882,3526
1343901,3149
1344097,3541
1344242,4167
1344363,3958
1344367,3633
1345931,2799
1346201,2888
1346349,2957
1346373,3075
1346531,3665
1346736,3332
1346891,3244
1347029,3286
1347227,3835
1347249,3749
1347576,3372
1347684,3477
1347837,3377
1348026,3237
1348182,3568
1348340,3461
1348493,3709
1348675,3786
1348862,3800
1350271,2997
1350424,3868
1350484,3605
1350861,3328
1351154,4857
1351290,4608
1351319,3772
1351413,4234
1351528,3843
1351752,3986
1351839,4298
1351861,4225
1351894,4320
1351926,4378
1351973,4008
1352100,4629
1353530,3864
1353668,3041
1353856,3159
1353877,3235
1354394,2926
1354642,3153
1354810,3455
1354965,3791
1355156,4073
1355162,4197
1355323,4760
1355473,4417
1355629,4175
1355809,4542
1357221,3451
1357427,3495
1357451,3718
1357594,3665
1357628,4482
1357766,3970
1357953,3961
1358142,3887
1358420,3971
1358499,3825
1358593,3934
1358630,4164
1358766,4021
1358906,4371
1359064,4284
1359392,4009
1359567,4153
1359590,4016
1359732,3927
1359922,4019
1360149,4016
1360179,4256
1360274,4389
1360388,4265
1360458,4305
1360512,4451
1360987,4416
1361016,4441
1361221,4590
1361390,4476
1361396,4401
1361508,4416
1362103,4346
1362248,4493
1362371,4422
1363405,4237
1363597,4772
1363774,4385
1363807,4333
1364001,4348
1364194,4431
1364381,4569
1365595,4156
1366025,3910
1366164,3728
1366254,3668
1366312,3639
1366568,3712
1366748,4166
1366934,3759
1366955,4075
1367102,3864
1367126,3806
1367270,4217
1367291,4356
1367400,4386
1367435,4397
1367495,4451
1367718,4300
1367859,4480
1367979,4463
1368169,4640
1368508,4150
1369040,3961
1369123,4000
1369236,3815
1369378,3789
1369583,4846
1369765,4595
1370081,4211
1370155,4010
1370292,5168
1370408,5002
1370523,5007
1371024,4707
1371193,4430
1371313,4362
1372033,3819
1372145,3846
1372702,3686
1372829,3696
1372943,3680
1373112,3764
1373321,3529
1374258,2841
1374394,2944
1374881,3169
1375012,3088
1375235,2915
1375611,3505
1375860,3265
1375866,3302
1375995,3420
1376118,3680
1377029,3112
1377163,2974
1377262,2972
1377350,3052
1377705,3097
1377885,3152
1378014,3555
1378131,3625
1378221,3611
1378357,3798
1378394,3962
1378490,4307
1378575,4178
1378611,3762
1378808,3838
1378955,3889
1379224,3783
1379248,4091
1380435,2986
1380462,3661
1380628,3698
1380645,3793
1380788,3703
1380847,3795
1381201,3756
1381381,3627
1381519,3701
1381673,3597
1381844,3883
1381954,3913
1382021,4319
1382162,4465
1383130,3971
1383158,3604
1383307,3505
1383470,3633
1383509,3801
1383603,3784
1383837,4098
1384020,3966
1384210,3827
1384422,3857
1384632,3756
1384780,3798
1384804,3903
1384952,3843
1385058,3839
1385117,4382
1386009,3890
1386032,3544
1386182,3745
1386208,3630
1386426,3833
1386788,3530
1386934,4747
1387138,4617
1387262,3922
1387413,3969
1387437,4378
1387820,4059
1388918,3100
1389072,3018
1389199,3078
1389365,3627
1389492,3735
1389598,3448
1389662,3447
1389810,3863
1389941,3824
1389994,4437
1390094,4290
1390169,4568
1390383,4405
1390506,4626
1390583,4254
1390701,4379
1392524,3412
1392767,3430
1392919,3373
1393068,3304
1393195,3823
1393381,3615
1393584,3417
1393807,3275
1393915,3243
1394042,3686
1394158,3960
1394275,3894
1394473,3821
1394607,3626
1394853,3989
1394921,3857
1395076,3971
1395169,3787
1395252,3962
1395390,3980
1395406,4198
1396516,3490
1396591,3269
1397052,3263
1397256,3627
1397401,3533
1397599,4271
1397761,4214
1397927,4689
1398048,4714
1398234,4629
1398354,5060
1398414,4753
1398488,4749
1398616,4626
1398739,4789
1399817,3900
1399939,3872
1400108,3785
1400149,3950
1400236,3909
1400345,3980
1400349,3847
1400466,3909
1400516,3973
1400658,3948
1400714,4255
1400780,4072
1400891,4011
1400974,4109
1401019,4053
1401121,4048
1401146,4167
1401689,4918
1402067,4862
1402246,4737
1402416,4777
1402549,4761
1402725,6048
1402970,6796
1403973,6009
1404140,5938
1404346,5887
1404467,5909
1404656,5950
1404918,5782
1405390,5402
1405406,5469
1405596,5378
1405718,5341
1405859,5315
1406033,5244
1406155,5224
1406261,5157
1406561,5020
1406708,5271
1406831,4889
1407025,4830
1407115,4849
1407237,4907
1407379,4878
1407425,4824
1407569,4849
1407933,5002
1408274,4453
1408422,4431
1408571,4488
1408595,4422
1408682,4518
1408821,4503
1408839,4615
1408969,4633
1409274,6529
1409447,7388
1409611,7859
1409628,7598
1409688,8372
1409749,8526
1409848,8377
1409981,8343
1410008,7994
1410096,7266
1414739,3925
1414918,3721
1415063,3549
1415079,3625
1415263,3521
1415270,3609
1415434,4011
1415606,3666
1415632,3745
1415781,3734
1415962,3671
1416140,3592
1416319,3624
1416334,3775
1416483,3756
1416710,3631
1417044,3478
1417061,5132
1417516,4848
1417787,4215
1417989,4148
1418166,4079
1419017,3941
1419404,3825
1419845,3537
1420597,3253
1420755,3290
1420832,3196
1420980,3117
1420999,3440
1421188,3205
1421206,3236
1421355,3352
1421390,3382
1421512,3652
1421676,3763
1422306,3309
1422451,3544
1423102,3124
1423210,3459
1423420,3297
1423862,3205
1424072,3095
1424272,3205
1424497,3630
1424530,3752
1424704,4396
1424805,4071
1424823,4126
1424980,4065
1424994,3933
1425799,3826
1425820,3796
1426028,3689
1426383,3579
1426477,3652
1426602,3888
1427224,3847
1427268,3505
1427290,3608
1427520,3857
1427585,4482
1427703,4435
1427717,4297
1427842,4504
1427965,4986
1427987,4634
1428125,4564
1428310,4429
1428499,4762
1428567,4429
1429452,4036
1429649,4447
1429800,4005
1429898,4086
1429974,3948
1430093,4763
1430237,4406
1430353,4556
1430530,4365
1430598,4393
1430856,4215
1431097,4365
1431526,4167
1431588,4035
1431839,3968
1431978,3975
1432184,4032
1432403,3973
1433388,3419
1433607,3324
1433678,3956
1433831,3857
1433980,3944
1434151,4137
1434292,4049
1434461,3935
1434656,4417
1434997,4331
1435575,4111
1436764,3509
1436928,3824
1437051,3795
1437127,3824
1437300,3750
1437441,3568
1437622,3517
1437747,3536
1437842,3577
1437965,3863
1437975,4087
1438093,4078
1438142,3969
1438278,4070
1438416,4556
1438527,4610
1438598,4014
1438736,4130
1438757,4811
1438908,4539
1439033,4597
1439156,4522
1439965,4075
1440112,4135
1440307,4315
1440448,4199
1440880,3796
1441053,3674
1441294,3823
1441766,4079
1441870,3974
1441915,4029
1442073,4272
1442255,4146
1442392,4026
1442423,4169
1442960,3735
1443166,3580
1443310,4120
1443486,4745
1443602,4551
1444441,3763
1444724,3532
1444827,3510
1444850,3602
1444963,4057
1444983,4412
1445171,3902
1445315,3806
1446595,3040
1446770,2981
1446795,3105
1446868,3128
1446990,3450
1447141,3307
1447182,3484
1447263,3451
1447302,3479
1447483,3812
1447787,3575
1448291,3423
1448495,3700
1448523,3400
1449005,2961
1449222,3054
1449450,3616
1449606,3723
1449769,3503
1450257,3404
1450343,3503
1450532,3430
1450766,3274
1451772,3167
1452019,3292
1452061,3303
1452242,4004
1452320,3384
1452473,3996
1452504,4286
1452747,3881
1452897,3647
1452909,3996
1453030,3820
1454150,2896
1454365,2812
1454636,3008
1454767,3076
1454814,3476
1454980,3208
1455175,3637
1455410,3734
1455587,3612
1455731,3669
1455861,4484
1456076,4095
1456302,3953
1457229,3184
1457418,3186
1457452,3501
1457579,3420
1457875,3200
1457917,3270
1458040,3273
1458135,3295
1458244,3241
1458385,3409
1458518,3599
1458588,3626
1458874,3522
1458967,3759
1459176,3627
1459238,3668
1459426,3697
1459617,3645
1459759,3615
1460004,3571
1460219,4232
1461439,3413
1461605,3128
1461612,3120
1461785,3245
1461955,3166
1462012,3438
1462211,3386
1462294,3604
1462914,3386
1464239,3799
1465282,3864
1465389,2993
1465569,3199
1465641,3811
1465700,3334
1465833,3363
1466003,3403
1466049,3618
1466174,3852
1466401,3771
1466492,3729
1466586,3972
1466719,3784
1466777,3892
1466877,3733
1466919,3850
1467062,3807
1467108,4160
1467264,4141
1467420,3987
1467465,3991
1467567,4240
1467833,4080
1468007,4022
1468351,4385
1468864,3746
1468913,3730
1469072,3766
1469192,4604
1469241,4734
1469337,4664
1469513,4573
1469699,4517
1470331,4636
1470834,4281
1470932,4310
1471136,4160
1471641,4094
1471963,4055
1472215,3862
1472389,3900
1472427,3951
1472622,3842
1472680,3960
1472842,4315
1472902,3891
1473053,4462
1473301,4301
1474195,3190
1474310,3343
1474346,3495
1474447,3714
1474487,3767
1474578,3792
1474753,4279
1475061,4103
1475173,3754
1475301,3782
1475345,4181
1475467,3997
1476114,4006
1476266,4003
1476404,4231
1476819,4398
1476970,3808
1477133,3971
1477168,4100
1477416,4233
1477562,4144
1478440,3527
1478728,3274
1479109,3501
1479288,3389
1479501,3263
1479582,3230
1479637,3545
1479727,3453
1479858,3487
1480367,3395
1480606,3520
1480791,3528
1480972,3534
1481019,3202
1481493,3477
1481801,3263
1481839,3189
1482006,3793
1482191,3302
1482334,3523
1482361,3643
1482484,3619
1482690,3513
1483587,3664
1483591,3384
1483792,3130
1483945,4280
1483983,4304
1484015,4813
1484056,3566
1484886,3206
1485092,3646
1485243,3620
1486403,2864
1486581,4328
1486629,3813
1486725,3219
1486764,3285
1486864,3665
1486979,3814
1487111,4199
1487188,3658
1487330,3647
1487362,3898
1487663,3531
1487899,4165
1488140,3821
1488376,3691
1488398,3870
1488607,4403
1489357,3419
1490102,3173
1490259,3069
1490563,3394
1490671,3843
1490940,3770
1491026,3565
1491179,3643
1491316,3726
1491337,3816
1491476,4423
1491498,3980
1491586,4091
1491654,4194
1491682,3969
1491815,4122
1493050,3192
1493139,3296
1493246,3252
1493428,3229
1494081,3213
1494116,3375
1494284,3444
1494378,3642
1494578,3527
1494734,3684
1494858,4085
1495528,3322
1496096,3130
1496597,3212
1496754,3108
1496776,3615
1496994,3480
1497024,3320
1497180,3815
1497321,3793
1497351,3853
1497561,3746
1497575,3829
1497718,3929
1497758,4052
1497858,4048
1499000,3301
1499023,3380
1499204,3254
1499332,3599
1499631,3531
1499658,3551
1499816,3444
1499936,4164
1500091,4061
1500210,3992
1500505,4401
1500520,3982
1500591,4227
1500829,4109
1501950,3148
1501961,3268
1502115,3187
1502146,3252
1502285,3709
1502368,3685
1502521,3862
1502618,3861
1502772,3898
1502960,4582
1502980,4159
1503123,4496
1503284,4540
1503571,4078
1503599,4347
1503868,4144
1505422,3501
1505644,3288
1505800,3358
1505990,3354
1506133,3664
1506217,3827
1506285,3631
1506564,3549
1506752,4075
1506923,4166
1507201,3691
1507341,3799
1507479,4212
1507656,3918
1507698,3978
1508963,3500
1509017,3494
1509123,3483
1509287,3704
1509406,3685
1510207,3239
1510392,4102
1510424,3995
1510516,4601
1510558,4364
1510609,4417
1510758,4542
1510923,4600
1510949,4555
1511104,4492
1511223,4824
1511233,4578
1511257,4532
1511382,4754
1511484,4695
1512641,4378
1512686,4826
1512824,4350
1512931,4329
1513058,4331
1513145,4323
1513282,4956
1513314,5058
1513450,5038
1513458,5109
1513658,5654
1513798,5608
1514018,5619
1514073,4955
1514286,4887
1515073,4195
1515183,5127
1515343,5182
1515362,5519
1515628,5035
1515649,5392
1515845,5091
1515888,5128
1516003,5028
1516059,5086
1516187,5054
1516308,5029
1516443,4996
1516616,5022
1517068,4960
1517418,4852
1519133,3190
1519434,2940
1519672,3159
1519823,3175
1519972,3638
1520117,4258
1520370,4063
1520526,4458
1520595,4443
1521811,3528
1522101,3655
1522130,3683
1522288,3577
1522410,3560
1522442,3472
1522654,3593
1522660,3633
1522830,3677
1523072,3538
1523350,3400
1523399,3460
1523599,4048
1523765,3933
1523931,3815
1524097,4211
1524138,4101
1524266,4094
1524408,4003
1524470,4049
1524524,4302
1524673,4240
1526132,3488
1526289,3393
1526336,3751
1526482,3554
1526604,3783
1526871,3465
1527018,4298
1527221,3762
1527302,4597
1527364,4898
1527617,4744
1527784,4627
1527905,4204
1528022,4504
1528300,4328
1528473,4449
1530160,3252
1530279,3629
1530443,3478
1530529,3781
1530586,3737
1530703,3744
1530772,3611
1530815,4105
1531036,4707
1531095,4513
1531163,4849
1531249,4546
1531402,5648
1531439,5578
1531588,4361
1531722,5259
1532011,5106
1532139,5008
1532269,4909
1533414,3852
1533585,4482
1533617,4079
1533814,4261
1533969,4073
1534019,3901
1534150,4295
1534362,4848
1534509,4930
1534572,4410
1534581,4335
1534748,4757
1534833,4777
1534933,4828
1534954,4901
1535053,5873
1535276,5719
1535426,5706
1535579,5612
1535721,5775
1537740,4364
1537932,4500
1538098,4426
1538149,4490
1538221,5227
1538330,5048
1538485,4972
1538571,5507
1538636,4873
1538717,5616
1538760,4957
1538848,4974
1538963,5317
1539096,5287
1539230,5246
1539580,4990
1539690,4917
1539829,4835
1539898,5204
1539995,5008
1540032,5364
1540144,5167
1540207,5129
1540292,5175
1540943,4937
1541197,5024
1541205,4898
1541338,4818
1541391,5019
1541785,4671
1541931,4802
1542070,4818
1542665,6126
1542892,6146
1543057,5924
1543212,5500
1544296,4792
1544799,4337
1545136,4281
1545391,4133
1545509,4615
1545916,4144
1545972,4162
1546149,4488
1546299,4400
1546514,4056
1546549,4278
1546633,4140
1546778,4215
1546923,4181
1546954,4217
1547102,4399
1547610,4385
1547797,4490
1547899,4312
1548090,4243
1548260,4123
1548416,4545
1548832,4858
1549031,4712
1549151,5076
1549271,4978
1549334,5338
1549377,5491
1549404,5573
1551082,4143
1551209,4439
1551214,4154
1551330,4475
1551424,4554
1551574,4515
1551615,4414
1551701,4620
1551767,4620
1551816,4661
1551931,5189
1552038,5134
1552056,5329
1552200,5638
1552360,5572
1552490,5502
1552617,5361
1552636,5460
1552842,5411
1552885,6201
1553014,5855
1554448,4634
1554620,4530
1554774,4444
1554940,4769
1555045,5026
1555214,4985
1555415,5039
1555636,4751
1555719,4804
1555876,4890
1556023,4892
1556161,4847
1556186,4922
1556337,4861
1556506,5578
1556680,4612
1556859,5025
1557093,4903
1557264,4905
1557316,4957
1557473,4895
1557821,4639
1558039,4617
1558167,4536
1558602,4487
1558771,4520
1558908,4429
1558966,4648
1559198,5237
1559399,5102
1559790,5153
1560001,5448
1560700,5073
1560862,5444
1565931,2880
1565954,5004
1566115,3798
1566138,3814
1566280,5539
1566427,4935
1566458,4060
1566607,5093
1566753,4998
1566787,4474
1566932,4240
1566957,4534
1567081,4417
1567229,4326
1567370,4061
1567404,4243
1567515,3841
1567649,4153
1567706,3916
1567826,4417
1567874,4275
1568421,3869
1569159,3620
1569370,3475
1569529,6300
1569626,3295
1569784,4720
1570042,4544
1570078,4166
1570197,4450
1570262,4179
1570355,4425
1570418,4277
1570631,4511
1570637,4370
1570791,4432
1570816,4453
1570972,4785
1571130,5261
1571747,4630
1572192,4298
1572382,4605
1572445,4221
1572515,4401
1573072,3781
1573103,3863
1575978,4032
1577390,2839
1577641,4065
1577648,3769
1577867,3894
1577884,3629
1578031,3620
1578157,3573
1578521,3089
1580426,4411
1580610,3466
1580870,3517
1581035,3637
1581188,3558
1582070,3434
1582247,3360
1582463,3459
1582611,3539
1582771,4179
1582989,3592
1583097,3534
1583145,3737
1583285,3535
1583425,3507
1583455,4287
1583564,3677
1583596,4267
1583642,4337
1583679,4584
1583725,4240
1583891,4156
1584289,4361
1584416,4285
1584591,4660
1584717,4458
1584845,4513
1584975,4720
1585100,4541
1585447,4526
1585650,4470
1585897,4376
1586271,4366
1586419,4368
1586643,4241
1586785,4185
1586929,4285
1587300,4418
1587454,4300
1587741,4184
1588851,3434
1588890,3720
1589059,3677
1589181,3606
1589313,3525
1589430,3523
1589459,3846
1590004,3565
1590111,3527
1590292,3570
1590479,3884
1590521,3919
1590994,3499
1591196,3847
1591321,3772
1591478,3805
1592153,3640
1592188,3908
1592324,3715
1592485,3723
1592809,3491
1592984,3881
1593149,3912
1593293,3715
1593371,4007
1594004,4216
1594183,3970
1594199,4064
1594397,3881
1594544,3985
1594577,3972
1594732,3934
1594881,4012
1594915,3990
1595062,3912
1595118,3996
1596339,3230
1596501,3533
1596607,3149
1596815,4206
1596915,4229
1597069,3914
1597101,3423
1597202,3716
1597251,3910
1597387,4509
1597413,4528
1597445,4732
1598026,3780
1598332,3780
1598656,3582
1598732,4072
1599845,3376
1600046,3227
1600195,3450
1600331,3887
1600358,3611
1600435,3638
1600746,3674
1602027,3039
1602190,3504
1602294,3376
1602313,3838
1602449,3934
1602595,3764
1602598,4027
1602931,3749
1603081,3648
1603231,3546
1603340,3501
1603468,3681
1603473,3813
1603599,3603
1603684,4140
1604450,3300
1604629,3174
1605010,3048
1605109,3001
1605151,3067
1605267,3518
1605412,3583
1605509,3878
1606211,3655
1607445,3371
1607466,3200
1607561,3408
1607591,3477
1607909,3872
1607961,3176
1608121,3202
1608362,3236
1608438,4194
1608589,3880
1608635,4041
1608673,3742
1608750,3768
1609195,3679
1609444,3875
1609484,3430
1609557,3716
1609622,3629
1609656,3809
1610082,3721
1610120,3770
1610362,3759
1610703,3550
1610887,3539
1611378,3442
1611397,3731
1611607,3428
1611662,3562
1611787,3538
1611918,3930
1612108,4005
1612379,3857
1612947,3818
1612987,3941
1613092,3966
1613133,4189
1613286,4434
1613422,4353
1613751,4254
1614599,3548
1614633,3601
1614867,3625
1615286,3397
1615478,3971
1615596,3339
1615755,3354
1615893,3267
1616026,3356
1617152,3173
1617233,3244
1617387,3143
1617419,3501
1617813,3303
1617861,3384
1617989,3377
1618107,3835
1618737,4048
1618780,3848
1618949,3814
1618954,3888
1619252,3765
1619420,3723
1619573,3746
1620427,3226
1620573,3380
1620619,3489
1620639,3405
1620818,4367
1620961,4390
1621123,3905
1621158,4213
1621298,3876
1621424,3812
1621561,4164
1621587,4053
1621745,4244
1621780,4375
1621975,4355
1622142,4340
1622469,4098
1623403,3654
1623459,3489
1623591,3591
1623665,3547
1623792,3507
1624145,3603
1624377,4282
1624511,4521
1624567,3935
1624765,3843
1624885,3982
1625015,3974
1625203,3912
1625380,4039
1625412,4484
1626636,3381
1627002,3232
1627225,3106
1627360,3530
1627495,3744
1627661,3628
1627805,3383
1627935,3883
1628073,3797
1628198,3971
1628357,3886
1628479,3891
1629617,3085
1629816,3110
1629966,3030
1630097,3149
1630237,3113
1630415,3248
1630734,3722
1631023,3495
1631069,3565
1631258,3746
1631375,4128
1631387,3843
1631499,4192
1631501,4120
1631595,3842
1631928,4480
1632473,3973
1633701,3113
1633868,3093
1634041,3247
1634090,3308
1634174,3296
1634275,3539
1634288,3477
1634400,3478
1634948,4167
1635098,4130
1635226,4068
1635258,4430
1635347,4007
1635482,4164
1635721,4023
1635926,4065
1636096,3945
1636278,3992
1636459,4027
1636592,4050
1637866,3024
1637934,3230
1637999,3355
1638103,3349
1638198,3295
1638229,3379
1638321,3694
1638420,3295
1638802,4031
1638827,4212
1638955,4690
1638957,4181
1639394,3964
1639794,4030
1639828,4044
1639937,4181
1640081,4103
1640325,3949
1641315,3475
1641514,3423
1641739,3248
1641816,3336
1641864,3425
1642100,3385
1642142,3896
1642225,3651
1642321,3530
1642451,3748
1642581,3834
1643296,3605
1643448,3956
1643480,3883
1643604,3896
1643643,3994
1643675,4381
1643912,4056
1644956,3453
1645123,3553
1645322,3327
1645379,3438
1645596,3273
1645722,3292
1645887,3840
1646078,3845
1646097,4004
1646229,4107
1646252,4016
1646446,5241
1646463,4512
1647048,6801
1647240,7521
1647432,7918
1647565,7681
1647711,4265
1648985,6423
1649082,3883
1649159,5950
1649221,3906
1649343,6123
1649398,5881
1649521,5618
1649584,6050
1649746,5942
1649792,6093
1649940,6152
1649967,6042
1650113,6105
1650152,6228
1650322,6285
1650500,6406
1651081,6769
1651225,6759
1651376,6534
1651641,6396
1651780,6676
1651813,6440
1651960,6599
1652038,6274
1652127,6916
1652282,7337
1652344,7343
1652444,7296
1652500,7397
1652607,7339
1652626,7386
1652795,7439
1652802,7506
1652964,7390
1653123,7280
1653280,7366
1653304,7513
1653431,7308
1653461,7578
1653672,7660
1653932,7578
1653981,7647
1654149,7597
1654173,7878
1654325,7649
1654341,7825
1654492,8548
1654900,8045
1654934,8282
1655920,7077
1656521,6632
1656560,6498
1657146,5957
1657269,6020
1657346,5990
1657500,6278
1657676,6184
1657822,6155
1657951,6215
1658099,6252
1658245,6225
1658529,6001
1658727,5952
1658746,6013
1658872,6033
1659072,5920
1659519,10272
1659632,9182
1659899,9139
1660046,8899
1660067,6963
1660472,7142
1661462,6943
1662197,7986
1662243,7375
1662333,7764
1662449,7544
1662455,8171
1662753,7153
1662832,7849
1663081,7655
1663276,7557
1666025,4873
1666257,4528
1666485,4650
1666782,4055
1666797,4131
1667001,4021
1667160,4048
1667316,4024
1667474,4155
1667672,4349
1667689,3990
1667843,4055
1667993,4467
1668141,4603
1668284,5075
1668334,5154
1668386,5264
1668460,5256
1668508,5347
1668616,4179
1669731,4256
1669903,4305
1670063,4395
1670389,4293
1671195,4487
1671352,4470
1671383,4132
1671594,4361
1671730,4263
1671790,4101
1672082,4004
1672429,3705
1672493,3717
1672576,3726
1672647,3763
1672835,3828
1672853,3785
1673016,4409
1674049,3221
1674127,3349
1674279,3514
1674304,3851
1674450,3646
1674496,4124
1674936,3779
1676718,3282
1676744,3445
1676976,3367
1677008,3340
1677111,3447
1677136,3553
1677264,3731
1677359,3644
1677518,4543
1677569,4252
1677574,4308
1677840,4277
1678031,3904
1678159,3861
1678166,3967
1678330,4160
1678481,4947
1678568,4040
1678702,3957
1678840,4237
1680482,3379
1680570,3170
1680744,3053
1680822,3449
1681390,3725
1681638,3831
1681855,4444
1682684,3498
1682866,3526
1683090,3687
1683181,3737
1683223,4026
1684123,3369
1684141,3287
1684395,3012
1684631,3117
1684724,3332
1684882,3316
1684946,3659
1685118,3685
1685142,3379
1685245,3610
1685376,3529
1685583,4210
1685628,4121
1685718,4089
1685773,4242
1685833,4184
1685908,4449
1685969,4507
1686024,4381
1686196,4326
1687088,3858
1687126,4074
1687261,3857
1687791,3936
1688029,3683
1688335,3558
1688495,3536
1688643,3577
1688669,3488
1688832,3439
1688955,3630
1689127,4005
1689278,3906
1689820,4582
1689851,4656
1690052,4721
1690097,4834
1690220,4797
1690359,4945
1690515,4578
1691837,3502
1692086,3373
1692228,3598
1692379,3398
1692420,3530
1692584,3445
1692625,3434
1692791,3389
1692966,3405
1692983,3470
1693134,3460
1693232,3726
1693265,3591
1693427,3599
1693449,3837
1693646,4825
1693663,4521
1693948,4642
1694087,4585
1694214,4657
1696256,3233
1696427,3589
1696689,3645
1696781,4007
1696920,3988
1697062,4024
1697103,4057
1697270,4035
1697396,3942
1697518,4719
1697521,4310
1697595,4119
1697755,4122
1697855,4253
1697889,4288
1698704,4217
1698724,4439
1699473,3629
1699602,3450
1699626,3769
1699773,4004
1699801,4047
1699950,4117
1699960,4028
1700102,4036
1700421,4148
1700596,4046
1700746,4106
1700921,4107
1701485,3895
1701566,4119
1701732,4005
1701943,3843
1701975,4093
1702157,4263
1702297,4175
1702426,4474
1702609,4418
1702996,4295
1703209,3939
1703356,3863
1703446,4086
1703885,3986
1705228,3719
1705446,4002
1705640,4027
1705787,3934
1705973,3798
1706114,3822
1706258,3957
1706950,3577
1707053,3561
1707320,3602
1707341,4776
1707491,4027
1707610,3918
1707707,4613
1707801,3965
1707947,3876
1707977,4903
1708079,4098
1708116,4349
1708232,4285
1708248,4220
1708372,4520
1708376,4419
1708510,4268
1708619,4311
1709111,4105
1709416,3871
1710002,3555
1710033,3680
1710200,3767
1710349,3750
1710368,4247
1710599,4083
1710745,4052
1710783,4006
1710905,5188
1710980,4723
1711182,4837
1711388,4754
1713462,3028
1713615,3281
1713804,3260
1713835,3480
1714134,3530
1714163,3555
1714428,3592
1714719,3506
1714833,3583
1715025,3456
1715323,4047
1715375,3767
1715453,3851
1716459,3795
1716558,3716
1716577,3629
1716874,3533
1717022,3881
1717139,3824
1717349,3612
1717441,3633
1717532,3635
1717729,3537
1717776,4533
1717849,4144
1717950,4239
1718070,4325
1718147,4637
1718237,4796
1718305,4531
1718451,4634
1718515,4789
1718670,4697
1718703,4533
1718966,4451
1719114,4452
1719345,4564
1719507,4642
1719555,4836
1721418,3317
1721591,3369
1721769,3297
1721909,3340
1722037,4167
1722498,3946
1722702,3932
1722872,4504
1723061,4368
1723239,4288
1723481,4486
1723592,4273
1723613,3865
1723749,4078
1725043,3157
1725260,3075
1725299,3129
1725401,3275
1725477,3276
1725521,3117
1725623,3355
1725663,3416
1725685,3702
1725727,3110
1726257,3174
1726679,3997
1726829,3666
1726998,3976
1727139,3943
1727299,3833
1727441,3591
1729102,3010
1729268,3135
1729407,3090
1729577,3108
1729843,3051
1730009,3106
1730236,2967
1730320,2966
1730712,3053
1730920,3417
1731067,3327
1731176,3267
1731351,3166
1731497,4510
1731687,3513
1731850,3538
1731997,3968
1732264,3826
1732390,3788
1733512,2954
1733582,4032
1733726,3900
1733851,3338
1733915,3762
1734063,3909
1734093,3997
1734185,3924
1734242,4076
1734468,4151
1734597,4089
1734721,5111
1734846,4820
1734979,4909
1735002,3978
1735229,3922
1738497,3479
1738759,3879
1738944,3758
1739110,3831
1739283,3916
1739441,3956
1740149,3301
1740494,3783
1740613,3407
1740790,3349
1741033,3349
1741199,3291
1741589,3378
1741792,3472
1741837,3297
1742080,3643
1742242,3490
1742262,3690
1742367,3669
1742498,4178
1742621,3648
1742771,3696
1742798,3768
1743038,3839
1743064,4224
1743227,4126
1743247,4157
1743388,4243
1743812,4271
1744024,4246
1744266,4250
1744443,3879
1744609,4182
1744802,4627
1745057,4424
1745519,4248
1745759,3719
1745793,3738
1745984,3662
1746087,3995
1746139,4154
1746284,4152
1746303,4287
1746829,4016
1746931,3964
1747889,3840
1747913,3981
1748102,3852
1748127,3902
1748351,3875
1748376,3947
1748625,3819
1749620,3120
1749834,3087
1750024,3164
1750181,3342
1750341,3270
1750598,3304
1750625,3326
1750926,3075
1750947,3202
1751087,3267
1751106,3301
1751249,3567
1751517,3906
1751546,3957
1752247,3577
1752463,3618
1752495,3378
1753106,3219
1753252,3145
1754111,3052
1754161,3141
1754259,3670
1754426,3450
1754447,3655
1754755,3560
1754903,3737
1754932,3821
1755004,3860
1755225,3945
1755259,4024
1755641,3877
1755656,3954
1756939,3535
1756958,3562
1757140,3514
1757336,3580
1757353,3647
1757520,3893
1757549,3798
1757716,4539
1757737,4547
1757878,4179
1758279,4728
1758354,4393
1758503,4360
1758522,4498
1759206,4409
1759354,4136
1759376,4382
1759579,4026
1759635,4176
1759721,4683
1759756,4476
1760020,4318
1760720,4481
1760768,3560
1760941,3511
1761079,3890
1761127,3933
1761291,3985
1761517,4011
1761804,3812
1761874,3890
1761958,3948
1762096,3947
1762282,3991
1763206,4145
1763242,4044
1763413,3988
1763764,4145
1763949,4012
1764140,3883
1764316,3902
1764651,3649
1765386,3259
1765587,3456
1765674,3644
1765858,3532
1766433,3818
1766588,3291
1766675,4219
1766867,3441
1767067,3728
1767360,3636
1767503,3692
1767518,3780
1768738,3255
1768770,3341
1768878,3526
1768906,3666
1769072,3633
1769155,3596
1769275,3541
1769429,3622
1769573,3692
1769727,4615
1769752,3888
1769908,4228
1770049,4173
1770505,4218
1771613,4159
1771786,3854
1772323,3560
1772485,3932
1772627,3589
1772783,3686
1772883,3902
1772991,3607
1773122,3842
1773147,4045
1773312,3988
1773360,3987
1773471,4513
1773504,4654
1773595,4467
1773761,4507
1774479,5365
1774495,4348
1774609,5146
1774640,5057
1774853,4408
1774994,4326
1775100,4701
1775118,4287
1775311,4578
1775453,4684
1776246,4361
1776287,4321
1776797,3979
1776959,4257
1776986,4296
1777110,4363
1777270,4415
1777396,4214
1777425,4239
1777565,4168
1777586,4250
1777687,4399
1777804,5027
1778453,4751
1778660,4392
1778944,4734
1779088,4803
1779112,4690
1779477,4571
1779507,4620
1779572,4317
1780201,4108
1781624,3297
1781796,3457
1781898,3390
1781917,3389
1782065,3742
1782126,5061
1782204,4898
1782275,4965
1782343,5161
1782477,4737
1782512,4462
1782663,5131
1782678,5431
1784529,3512
1784660,3780
1784737,3761
1784955,3932
1784983,4251
1785094,4046
1785128,4055
1785352,3900
1785510,5698
1785567,4317
1785656,4330
1785693,4458
1785816,4463
1785967,4493
1786012,4480
1786129,4488
1786136,4642
1786266,4586
1786405,4840
1786933,4323
1786988,4679
1787279,4162
1787316,4180
1787529,4897
1787814,4479
1788712,4372
1788727,4391
1788880,4311
1789022,4274
1789340,4170
1789469,4328
1789567,4510
1789912,5017
1790018,5095
1790882,4402
1790928,4165
1791085,4077
1791378,3898
1791523,3910
1791602,3889
1791729,4075
1791874,4139
1791910,4364
1792097,4254
1792119,4171
1792262,4149
1792493,3989
1792567,4036
1792615,4078
1792647,4410
1794127,3189
1794274,3340
1794394,3745
1794526,3667
1794734,3508
1795018,3837
1795142,3797
1795263,3892
1796407,3276
1796737,3194
1796891,3129
1796938,3191
1797092,3223
1797244,3163
1797362,3139
1797366,3247
1797474,3225
1797609,3603
1797743,3646
1797755,3676
1797973,3934
1798054,3980
1798212,3765
1798335,3756
1798835,3308
1798970,3651
1798983,3271
1799004,3364
1799170,3309
1802928,4207
1803768,2840
1803990,2890
1804196,2917
1804369,4583
1804379,3439
1804531,3794
1805031,3478
1805051,3347
1805220,3411
1805227,3654
1805389,3301
1805641,3354
1805800,3530
1805945,3341
1805966,3354
1806133,3486
1806140,3704
1806191,3706
1806238,4009
1806290,4014
1806341,4116
1807251,3702
1807412,3594
1807612,3515
1807628,3763
1807767,3853
1807926,3774
1808082,3737
1808423,3688
1809115,3322
1809413,3335
1809633,3333
1809928,3143
1809945,3205
1810101,4202
1810106,4291
1810265,3818
1810383,3962
1810576,3950
1810660,4001
1811424,3811
1811875,3426
1812142,3480
1812359,4343
1812656,3253
1813126,4566
1813304,4416
1813473,4074
1813497,4447
1813756,4041
1813799,3989
1813949,4153
1814073,4283
1814135,4562
1814187,4805
1814350,4623
1814458,4616
1814589,4571
1814724,4623
1815442,4402
1815590,4312
1815687,4347
1815783,4312
1815937,4367
1815961,4468
1816039,4957
1816178,4678
1816293,5515
1816413,4898
1816618,4769
1816785,4981
1816955,4862
1817115,4750
1817270,4894
1817750,4760
1818049,4551
1818467,4618
1818495,4494
1818668,4608
1818815,4526
1819005,4522
1819140,4494
1819323,4561
1819457,4488
1819601,5248
1819685,5325
1819729,5487
1819878,5429
1820661,4736
1820814,4677
1820955,4628
1821098,4685
1821516,4400
1821962,4018
1822773,4109
1822864,4503
1822972,4194
1823111,4107
1823179,4504
1823365,4293
1823396,4354
1823575,4258
1823676,4267
1823741,4368
1823843,4448
1824151,4764
1824320,4657
1824499,4913
1824658,4523
1825528,4770
1825614,4232
1825761,4175
1825898,4248
1826015,4182
1826156,4090
1826273,4139
1826503,4351
1826607,4613
1826650,4524
1826796,4845
1826943,4751
1827940,4113
1828101,4115
1828169,4184
1828224,4224
1828337,4466
1828342,4305
1828465,4610
1828605,4525
1828999,4743
1829218,4624
1829515,4626
1829858,4174
1829977,4102
1830106,4528
1830973,4175
1831000,4530
1831174,3940
1831299,4317
1831620,4242
1831773,4173
1832062,4323
1832229,4223
1832282,4387
1832438,4690
1832499,4623
1832597,4704
1832631,4757
1833388,4443
1833407,4453
1833559,4611
1833580,4333
1833681,4419
1833790,4346
1833930,4261
1834134,4138
1834278,4083
1834422,4433
1834450,4585
1834700,4433
1834842,4384
1835161,4134
1835264,4156
1836275,3521
1836464,3460
1837251,3372
1837399,3465
1837417,3526
1837924,3463
1838247,3268
1838455,3821
1838474,5179
1838636,4116
1838695,4651
1838783,3917
1840062,3652
1840083,3143
1840278,3253
1840319,3621
1840412,3394
1840488,3939
1840653,4133
1840675,4721
1840824,4673
1841015,3876
1841183,3805
1841198,4248
1841349,3723
1841498,3637
1841571,4235
1842398,3464
1842641,3222
1842818,4111
1842876,4542
1842922,4545
1842968,4948
1843039,5271
1843056,3028
1843092,5124
1843195,3523
1843400,3798
1845268,3996
1845938,3639
1846043,3273
1846248,3189
1846437,3923
1846624,3339
1846766,3647
1846897,3910
1847024,3440
1847130,3780
1847162,3698
1847284,3692
1847434,3606
1847634,3972
1847644,4072
1847760,4105
1848053,4279
1848199,4186
1848337,4098
1848454,4472
1848677,4386
1848821,4293
1848943,4301
1848995,4187
1849116,4179
1849252,4222
1849364,4474
1850011,4082
1850164,4002
1850379,4079
1850661,3857
1850682,4154
1850858,3910
1851023,3881
1851083,4317
1851173,4563
1851306,4378
1852054,4109
1852232,4064
1852426,4080
1852675,3932
1852824,3836
1852973,4066
1853120,3970
1853253,3967
1854486,4427
1854584,3663
1854690,3417
1854874,3894
1855000,3820
1855213,3792
1855465,3887
1855710,3542
1855840,4885
1856002,3559
1856792,4338
1856870,3863
1856941,3860
1857086,4113
1857234,4072
1857415,3712
1857438,3807
1857594,3816
1857617,3841
1857724,4104
1857759,4136
1857897,4048
1858120,3991
1858261,4008
1858419,3900
1858579,4205
1858934,4070
1859474,4600
1859590,3978
1859726,3895
1859860,3811
1860007,4396
1860198,4451
1860334,4279
1861224,3846
1862314,2857
1862363,2922
1862531,2950
1862603,3297
1862775,3260
1863070,3329
1863240,3281
1863384,3386
1863410,3413
1863575,3297
1863873,3587
1864041,3608
1864110,4249
1864166,3935
1864281,3947
1864394,3920
1866011,2909
1866222,3994
1866310,3679
1866488,4119
1866590,3941
1866595,3708
1866745,3912
1866943,3763
1866967,4287
1867096,3947
1867120,4247
1867877,4483
1867898,3669
1868058,4074
1868599,3429
1869029,3157
1869282,3328
1869460,4250
1869689,3304
1869760,3438
1869860,3517
1870044,3765
1870360,4247
1870377,4466
1870524,4488
1870583,4324
1870754,4304
1871278,4421
1871762,3989
1871902,3885
1872105,3980
1872245,3997
1872285,4009
1872371,4529
1872435,4026
1872484,4202
1872644,4143
1872823,4444
1873154,4165
1873261,4167
1873404,4121
1873563,4217
1873582,4588
1873712,4522
1873861,4772
1873992,4650
1874368,4335
1874660,4142
1874810,4187
1874998,4158
1875136,4598
1875233,4372
1875254,4532
1875375,4855
1876058,4423
1876136,5041
1876276,5044
1876391,5030
1876504,4866
1876736,4733
1876958,4573
1877093,4543
1877820,4089
1877975,4143
1877999,4793
1878371,4527
1878812,4151
1879248,3765
1879412,4062
1879574,3952
1879663,3888
1879804,4022
1879939,4048
1880070,3971
1880242,4400
1880399,4296
1880515,4624
1881346,3848
1881530,3935
1881647,4174
1881723,3650
1881961,3463
1882112,3569
1882248,3509
1882297,3899
1882440,3540
1882616,3528
1882880,3906
1883085,4246
1883231,4375
1883302,3732
1883626,3964
1884047,3613
1884081,3706
1884226,3621
1886269,2847
1886605,3599
1886832,3906
1887012,3863
1887149,3863
1887376,3845
1887776,3377
1888475,2876
1888695,2769
1888937,3005
1889011,3053
1889160,3141
1889236,3136
1889279,3282
1889370,3378
1889495,4398
1889763,3309
1890028,4015
1890090,4009
1890211,3938
1890354,3873
1890488,4240
1890674,3929
1891500,4295
1891585,3805
1891643,3869
1891723,3944
1892223,4096
1892379,3973
1892419,4336
1892582,4065
1892606,4398
1892746,4310
1892881,4512
1892902,4557
1893034,4592
1893154,4524
1893303,4545
1893343,4902
1893464,4920
1893466,5022
1894145,5132
1894289,5164
1894306,4794
1894324,4759
1894441,4902
1894640,4752
1894944,4791
1895082,4889
1896124,4165
1896127,4276
1896290,4331
1896350,4493
1896504,4394
1896836,4159
1896960,4186
1897103,4102
1897234,4245
1897253,4162
1897403,4127
1897501,4284
1898743,4548
1898914,4593
1898948,4772
1899113,4779
1899370,4421
1899508,4335
1899533,4397
1899572,4196
1901302,3701
1901476,3641
1901568,3388
1901639,3289
1901823,3231
1901883,3316
1901949,3458
1902059,3405
1902199,3554
1902219,4152
1902391,3956
1902510,3907
1902672,4424
1902893,4473
1903073,4337
1903237,4271
1903361,4300
1903554,4382
1904363,3625
1904522,3829
1904770,3335
1905199,4123
1905238,3956
1905389,3923
1905523,4408
1905577,3996
1905627,4168
1905696,3986
1905776,4079
1905954,4209
1905986,4465
1906098,4701
1906677,4174
1906702,4547
1908104,3136
1908231,3222
1908385,3266
1909028,3686
1909173,3658
1909357,3944
1909582,3860
1909756,3737
1909974,3943
1910234,4148
1910383,4134
1910629,3974
1910683,5495
1911922,2984
1912032,4357
1912099,3514
1912186,4527
1912242,3457
1912376,3512
1912470,4336
1912802,3460
1912915,3992
1913059,3965
1913097,4467
1913141,4570
1913350,4453
1913507,4602
1913578,4184
1913617,4242
1914283,3946
1914718,4036
1914990,3747
1915173,3801
1915322,3958
1915337,3838
1915505,4375
1915523,4976
1915595,3904
1915759,4357
1915940,4194
1915947,4251
1916102,4148
1916351,4620
1916519,4572
1916627,4695
1916794,4579
1917036,4387
1917189,4307
1917415,4248
1917988,4061
1918015,4383
1918201,4173
1918353,4262
1918444,4653
1918777,4203
1918807,4281
1918924,5225
1919011,4417
1919259,5087
1919488,4722
1919532,5496
1919901,4429
1919955,4936
1920823,4258
1921124,4008
1921464,3886
1921626,3633
1921834,4337
1922056,3689
1922718,3017
1922866,3615
1923076,3596
1923228,3612
1923247,3793
1923651,3609
1923779,3360
1923916,3737
1924055,4052
1924174,3984
1924378,3916
1924593,3832
1925425,3533
1925443,3184
1925460,3414
1925732,3547
1925889,3344
1925963,3474
1926006,3569
1926263,4023
1926317,3903
1926631,3728
1926900,3912
1927066,3886
1927713,4139
1927800,4327
1927947,4271
1928670,3754
1928957,3754
1929051,3825
1929155,3734
1929305,3687
1929428,3666
1929608,3557
1929749,3675
1930005,3595
1930036,3876
1930103,3737
1930296,3661
1930449,3922
1930471,4172
1930642,4456
1930679,4521
1930923,4352
1931095,4294
1931143,4325
1931297,4311
1931339,4323
1931415,4516
1931467,4746
1931685,4593
1931822,4520
1933207,3932
1933513,3780
1933669,3723
1933677,4200
1933824,3924
1933959,3867
1933994,4166
1934100,4061
1934235,4208
1934388,4133
1934528,4072
1935709,3940
1935743,3881
1935892,4062
1936046,3967
1936098,3935
1936245,3989
1936389,4141
1936661,3800
1936837,3940
1936979,3969
1937170,4157
1937623,3875
1938888,3029
1939001,3438
1939082,3274
1939224,3998
1939377,3758
1939527,4249
1939702,3689
1939854,4097
1940045,3960
1940272,3655
1940297,3815
1940382,4013
1940951,3664
1940999,3604
1941154,3706
1941193,3721
1941316,3647
1941597,4039
1941878,3888
1942055,3640
1942102,3887
1942326,3825
1942477,3731
1942504,3699
1942689,3564
1942932,3961
1943302,3689
1943471,4180
1943569,4277
1944219,4039
1944407,3904
1944628,3768
1944674,4391
1944835,4081
1945214,4277
1945421,3888
1945613,3526
1945811,4073
1945870,3892
1945968,4096
1946044,3957
1946262,3853
1946434,3762
1946496,3786
1947250,3364
1947287,3480
1947440,3316
1947680,3592
1947872,3544
1948008,3507
1948083,3680
1948126,3762
1948499,3667
1949137,3292
1949624,3469
1949898,3490
1951039,3382
1951242,3385
1951391,3290
1951531,3270
1951999,3126
1952148,3054
1952215,3083
1952268,3165
1952381,3292
1952480,3636
1952521,3886
1952741,3041
1952922,3504
1953055,3573
1953202,3679
1953223,3753
1953629,3866
1953780,3828
1953908,3713
1954111,3875
1955468,3110
1955491,3592
1955622,3454
1955779,3607
1955830,3627
1955947,3915
1955998,3888
1956236,4354
1956273,4183
1956439,4736
1956594,4885
1956803,4463
1957075,4537
1957281,4248
1957300,4378
1957449,4280
1957620,4160
1957805,4248
1959175,3713
1959220,3306
1959401,3249
1959686,3064
1959893,2921
1960063,2939
1960206,3794
1960314,4132
1960410,4093
1960623,4423
1960763,4504
1960943,4378
1961110,3662
1961269,3715
1961410,3961
1961564,3856
1961804,3665
1962963,3186
1963096,2983
1963325,3029
1963420,3041
1963458,3475
1963590,3481
1964137,3004
1964519,3611
1964753,3674
1964965,3346
1965107,3816
1965123,3377
1965264,3331
1965408,3263
1965526,3962
1965545,3582
1966514,3630
1966601,2995
1966761,3289
1966906,3360
1966967,3434
1967104,3417
1967441,3178
1967738,2934
1967882,2894
1967951,2960
1968460,3561
1968639,3220
1968803,3719
1968948,3647
1969173,3472
1969328,3473
1969516,3497
1969649,3764
1969707,3892
1970854,3581
1971011,3335
1971030,3110
1971177,3474
1971203,3522
1971337,3461
1971382,3710
1971486,3740
1971638,3872
1971657,4004
1971692,4246
1971735,4475
1971766,4626
1971981,3811
1972035,3710
1972345,4670
1972625,3856
1972835,4061
1972886,3820
1973759,3556
1973941,3516
1973959,3672
1974125,3712
1974258,3784
1975026,3301
1975314,3686
1975373,3680
1976681,3189
1976954,3069
1977647,3113
1977783,3025
1977878,3158
1977944,3208
1977994,3399
1978184,3429
1978204,3603
1978305,3896
1978442,3801
1978468,3636
1978831,4157
1979071,3410
1979210,3416
1979345,3396
1979440,3810
1979699,3693
1979986,3323
1980115,3247
1981119,2847
1981273,2960
1981462,3170
1981598,3219
1981713,3909
1981915,3556
1982079,3883
1982296,3903
1982398,3950
1982546,4051
1982957,3970
1983093,3678
1984085,2907
1984250,3263
1984378,4288
1984410,3076
1985381,3034
1985525,3200
1985616,2852
1985753,3330
1985800,4089
1985875,4356
1986874,3743
1987023,3439
1987064,3600
1987172,3700
1987312,4521
1987331,3648
1987360,3720
1988237,3101
1988580,3341
1988757,4253
1988780,4947
1988882,4742
1988923,5116
1989292,4798
1989981,3990
1990181,3842
1990304,3770
1991707,3465
1992002,2961
1992025,3701
1992224,3001
1992269,3567
1992399,3496
1992404,3369
1992527,3784
1992569,3814
1992711,3789
1992736,3863
1993182,3887
1993363,4078
1993531,3960
1993775,3789
1994434,3425
1994620,3739
1994796,3626
1994994,3946
1995075,3930
1995221,4188
1995262,3942
1995377,4291
1995511,4395
1995661,4460
1995813,4167
1995927,4046
1996452,3854
1996566,3810
1996686,3886
1996837,3782
1996956,3763
1997068,3854
1997183,4198
1997244,4199
1997409,4092
1997577,4148
1997601,4808
1997763,4573
1998748,3918
1998768,4163
1998932,4086
1999043,4076
1999244,4008
1999431,4166
2000222,3597
2000382,3512
2000834,3733
2000973,3604
2001028,3800
2001133,4180
2001203,4259
2001223,4265
2001445,4366
2001827,4072
2001982,3971
2002163,4149
2002431,3953
2002526,4259
2002692,4172
2003324,3587
2003344,3783
2003479,3782
2003650,3788
2003971,3738
2003992,3807
2004204,3710
2004225,3623
2004382,3516
2004428,3580
2004666,3409
2004840,4296
2005038,4216
2005145,4622
2005256,4101
2005764,4064
2005952,3922
2006197,3891
2006361,4011
2006508,5501
2006870,4199
2006969,5342
2007137,4870
2007167,4905
2008116,4005
2008270,4040
2008406,3994
2008647,4034
2008696,4146
2008776,4176
2008907,4478
2009492,4153
2010610,3352
2010750,3503
2010921,3378
2011080,3680
2011109,3568
2011280,4039
2011430,3686
2011779,3966
2012036,3760
2012208,4032
2012324,3576
2012484,4248
2012611,4037
2012782,3605
2012883,3957
2012964,3812
2013087,4084
2013232,3990
2013250,4036
2014009,4130
2014155,4087
2014274,4103
2014363,4727
2014420,4294
2014558,4412
2014596,5430
2014773,5503
2014891,5018
2014987,4826
2015094,5234
2015141,4976
2016191,4184
2016336,4578
2016470,4433
2016497,4193
2016679,4215
2016826,4119
2017012,4032
2017032,4151
2017188,4213
2017819,4494
2018491,3974
2018679,3687
2018850,4019
2019038,4024
2019273,3995
2019414,4066
2019626,3574
2021172,3322
2021235,3133
2021530,2892
2021605,3120
2021700,3319
2021752,3360
2022092,3139
2022401,3105
2022587,3321
2022600,3520
2022745,3395
2022896,3502
2022915,3872
2023062,3778
2023101,4130
2023319,3855
2023332,3859
2023986,4238
2024228,3424
2024386,3466
2024531,3786
2024591,3854
2024717,3789
2024853,4203
2025138,3830
2025295,3842
2025338,3979
2025954,3496
2025971,3433
2026168,3821
2026293,3798
2026428,3613
2026524,4194
2026619,3851
2027029,3880
2027227,3600
2027272,3956
2027387,3922
2027430,3977
2027532,3959
2027903,3762
2028005,3730
2029147,3138
2029480,3167
2029516,3490
2029716,3342
2029842,3307
2030126,3177
2030278,3341
2030501,3441
2030515,3459
2031800,2959
2031821,2922
2031975,3132
2032160,3714
2032230,3426
2032418,3805
2032472,3705
2032726,3624
2033362,3558
2033388,3438
2033618,3703
2033655,3751
2033812,3658
2034561,3133
2034588,3444
2034773,3590
2034803,3592
2034923,3567
2034933,3681
2035075,4048
2035138,4051
2035297,4054
2035484,4476
2035976,3550
2036008,4197
2036202,4118
2036334,3943
2036398,3859
2036452,3930
2036526,3948
2036974,3850
2037826,3063
2037997,2912
2038200,3376
2038443,3228
2038676,3396
2038882,3409
2039146,3207
2039334,3572
2039397,3770
2039523,4636
2039624,4206
2039754,4204
2041711,3338
2041731,4675
2041855,3291
2041894,5318
2042027,3648
2042113,5374
2042177,3738
2042318,3884
2042407,5311
2042587,5014
2042616,3873
2042721,5109
2042763,5167
2042784,4187
2043472,4127
2043616,4161
2043703,4337
2043907,4227
2044130,4259
2044479,4349
2044828,5778
2045262,5525
2045313,3690
2045475,6697
2045725,5191
2045853,4770
2046028,5042
2046061,5731
2046217,5673
2046373,5570
2046567,5266
2046583,5392
2046739,5300
2046793,5504
2046896,5725
2047050,5622
2047321,5454
2047436,5872
2048224,5207
2048466,7557
2048633,4882
2048791,5047
2048956,4965
2049125,5162
2049286,5214
2049455,7490
2049631,4369
2049805,5046
2049883,5205
2049974,5159
2050057,5130
2050128,5152
2050217,5373
2050278,5192
2050383,5494
2050433,5496
2050623,5545
2050743,5496
2050922,6128
2051082,5915
2051250,6683
2051426,6467
2051623,5908
2051643,6356
2051967,6128
2052420,5764
2052464,5863
2052783,5775
2053399,5441
2053585,5501
2053936,5282
2054109,5240
2054316,5276
2054332,5122
2054856,4769
2054924,4890
2055119,4830
2055563,4528
2055682,4478
2055726,4650
2055847,4583
2056657,5421
2056819,5371
2057004,5306
2057147,5302
2057282,5215
2057311,5330
2057599,4802
2057783,4773
2059260,3718
2059431,4275
2059727,4224
2059889,4114
2059908,4550
2060164,3887
2060212,4006
2060384,3890
2060496,4021
2060569,4296
2060750,4353
2060902,4264
2060935,4280
2061082,4335
2061182,4693
2061394,4745
2061616,4657
2061796,4652
2061972,4527
2062166,4394
2062337,4539
2062474,4553
2062637,4705
2062685,4525
2063399,4253
2063519,4181
2063557,4261
2063859,4015
2064051,4314
2064268,4166
2064438,4198
2064529,4276
2064742,4185
2064899,4279
2064937,4397
2065063,4509
2065204,4740
2065254,4754
2065356,4866
2065482,5163
2066440,4735
2066595,4775
2066647,4466
2067397,4215
2067416,4311
2067625,4190
2067804,4094
2067941,4164
2068994,3236
2069063,3575
2069211,3594
2069232,3711
2069390,3646
2069488,3645
2069615,3742
2069623,3824
2069777,4083
2069806,4166
2070004,4362
2070127,4299
2070435,3982
2070608,3864
2070824,4003
2071051,4148
2072197,3309
2072257,3363
2072329,3354
2072458,3584
2073187,2996
2073387,2871
2073515,3892
2073797,3543
2074063,3776
2074213,3686
2074586,3603
2074798,3626
2074958,3770
2075029,3627
2075268,3586
2075307,3715
2075431,3728
2076795,3014
2076997,4330
2077143,4288
2077172,3255
2077369,3631
2077452,3531
2077831,3577
2077947,3532
2078019,3902
2078222,3898
2078246,3607
2078402,3770
2078459,3891
2078530,3702
2079356,3319
2079615,3053
2079672,3586
2080497,4641
2080659,3376
2080816,3269
2081017,3126
2081239,3935
2081938,3883
2082323,3439
2082458,3501
2082470,4101
2082749,3873
2082816,3451
2082879,3548
2082962,3546
2083099,3505
2083139,3532
2083275,3634
2083409,3605
2083579,3384
2083608,3471
2083689,3941
2083755,4014
2083875,4025
2083902,4117
2084036,4253
2084173,4258
2084309,4027
2084348,4277
2084425,4815
2084601,4618
2084726,4566
2085264,4134
2086719,3564
2086744,3703
2087105,3322
2087244,3865
2087393,3592
2087481,3730
2087575,3710
2087849,4280
2087929,4552
2088058,4557
2088079,4531
2088199,4532
2088316,4465
2088425,4463
2088663,4290
2088890,4152
2089115,4178
2089446,3916
2089474,4729
2089691,3768
2089842,4334
2089937,4351
2090819,3078
2091242,3097
2091458,3350
2091641,3321
2091689,5788
2091708,6011
2091747,6214
2091806,6385
2092098,4211
2092265,5533
2092266,5265
2093472,4689
2093596,4867
2093754,4761
2093929,4730
2094047,4723
2094254,4738
2094435,4783
2094471,4937
2094531,4667
2094940,4310
2095077,4387
2095106,4813
2095233,4760
2095275,4926
2095392,4859
2095406,5107
2095582,5092
2095604,5117
2096639,4861
2096839,4773
2097001,4700
2097155,4596
2097832,4063
2098417,4703
2098806,4388
2098909,4356
2099033,4258
2099059,4332
2099248,4220
2099394,4215
2099501,4330
2099531,4237
2099734,5314
2099815,5994
2099860,6100
2099942,4840
2100030,4866
2100115,4832
2100265,4913
2100350,4895
2100528,5380
2101570,4650
2101721,4714
2101809,4585
2102058,4665
2102273,4796
2103811,3817
2104048,3669
2104368,4260
2104387,4237
2104633,5219
2104648,4579
2104793,5478
2104935,5394
2104984,4758
2105151,5345
2105277,5162
2105420,4965
2105589,5833
2105628,6315
2105753,5764
2105888,5644
2106061,5932
2106117,6026
2106275,5206
2106434,5503
2106579,5311
2106750,5503
2106907,5408
2106923,5121
2107130,5244
2107144,5047
2108102,4475
2108122,4901
2108273,4802
2108403,4872
2108889,4620
2109060,4566
2109322,4377
2109572,4367
2109611,4686
2109908,5094
2110062,4524
2110211,4679
2110356,5018
2110492,6033
2110620,4860
2110763,4794
2110895,4804
2111966,5046
2112119,4840
2112264,4800
2112400,4713
2112433,4892
2112579,4814
2112725,4732
2112744,4817
2112869,5137
2113157,5167
2113749,4678
2113768,4649
2113845,4652
2113977,5034
2114353,4715
2114778,4579
2115718,4355
2115747,4390
2115924,4313
2115970,4217
2116116,4169
2116334,4756
2116588,4558
2116628,4542
2116770,4450
2116938,4742
2117165,4567
2117330,4497
2117471,4584
2117510,4387
2117638,4683
2117763,4609
2118646,4169
2118909,4934
2119050,4802
2119180,4458
2119297,4832
2119370,4329
2119434,4277
2119469,4221
2119768,4126
2119835,4484
2119973,4468
2120420,4082
2120661,3993
2120789,4361
2120817,4464
2122131,3373
2122152,3473
2122400,3321
2122582,3373
2122748,3629
2122906,3609
2123036,3572
2123158,4100
2123274,4253
2123388,4444
2123498,4842
2124035,3855
2124188,3753
2124324,3684
2124487,3664
2125419,3394
2125600,3384
2125794,3264
2126053,3143
2126451,2938
2126634,2844
2126689,2990
2126758,4676
2126852,2819
2127005,4083
2127305,3105
2128189,3144
2128328,3340
2128390,3709
2128485,3671
2128589,3638
2129904,3061
2129920,2982
2130104,3061
2130231,3193
2130371,2958
2130452,3168
2130715,3623
2130865,3644
2130988,3231
2131135,3529
2131174,3572
2131318,3689
2131443,3520
2131479,3857
2131681,3419
2131813,3376
2131956,3281
2132713,2986
2133512,5457
2133613,5235
2133773,3112
2133954,3287
2133965,3383
2134119,3545
2135294,3899
2136046,2896
2136228,3847
2136395,4307
2136629,4422
2136650,3212
2136825,3126
2137025,3344
2137190,3289
2137350,3432
2137499,3676
2137515,4839
2137622,3302
2137782,3897
2137944,3804
2138114,3568
2138265,3472
2138420,3407
2138795,3432
2139269,3178
2139462,3322
2139645,3299
2139791,3692
2140012,3530
2140178,3632
2140197,3833
2140335,4136
2140493,4424
2140629,4126
2140800,4167
2141072,3941
2141221,3878
2141370,4222
2141978,3591
2142139,3774
2142284,3792
2142606,4024
2142708,4326
2142751,3957
2142883,3910
2142979,4208
2143414,3726
2143590,3666
2143740,3595
2144002,3762
2144177,3693
2144311,3581
2144497,3860
2144844,3433
2145070,3701
2145143,3542
2145263,3748
2145405,3745
2146019,3850
2146117,3537
2146211,3709
2146447,3649
2146857,3349
2147629,2848
2147912,3093
2148063,3355
2148102,3390
2148199,4590
2148308,3599
2148599,4526
2148823,4100
2148977,3869
2149560,3335
2149916,3367
2150141,3473
2150423,3000
2150519,3307
2150713,3006
2150929,3034
2151058,3051
2151276,3188
2151733,2899
2151887,3224
2152034,3170
2152174,3080
2152315,3851
2152450,3524
2152613,3553
2152636,3584
2153240,3140
2153454,3173
2153485,3424
2153585,3139
2153762,3059
2154926,3522
2154951,3489
2155104,3282
2155244,3245
2155388,3761
2155402,3792
2155778,3613
2156002,3522
2157101,3198
2157323,3192
2157575,3522
2157594,3551
2157766,3411
2158115,3293
2158284,3539
2158478,5713
2158610,6064
2158631,5493
2158676,9210
2158813,6505
2158850,6774
2158973,8184
2158983,8272
2159786,8198
2159813,8359
2159971,8311
2160031,8543
2160157,8491
2160207,8732
2160327,8636
2160350,8754
2160611,8584
2160658,9134
2160771,8729
2160786,8831
2160903,8899
2161060,8922
2161211,8894
2162262,7722
2162417,7748
2162438,7760
2162583,8487
2162726,8451
2162750,8509
2162878,8487
2162909,8607
2163038,8413
2163173,8452
2163192,8833
2163364,8857
2163748,8189
2163901,8175
2164054,8070
2164210,8057
2164330,7990
2164386,8133
2164831,7949
2165003,7846
2165358,7511
2165414,7567
2165510,7843
2165681,8297
2165825,8337
2165853,9042
2165995,8815
2166319,8639
2166434,8541
2166688,8414
2166705,8516
2166784,8540
2167366,9683
2167422,9505
2168003,8861
2168140,9182
2168398,8914
2168411,8696
2168739,8426
2168778,8667
2169195,8190
2169277,8630
2169374,8437
2169618,8346
2170224,7855
2170488,7736
2170700,7864
2170849,8345
2171338,7957
2171494,8119
2171983,7450
2172208,7269
2172356,7382
2173330,6459
2173499,7105
2173740,6286
2174346,5777
2174447,5779
2174620,6235
2174640,6339
2175133,5973
2175291,6047
2175393,5997
2175613,5856
2175828,5866
2176064,5683
2176104,5699
2176308,5612
2176464,6368
2176509,6447
2176797,6296
2177009,6209
2177147,6199
2177361,6096
2177505,6127
2177561,6243
2177607,6245
2177731,6185
