279,6474
554,6139
3085,3127
3343,3234
3491,3317
3793,5552
3958,7095
4094,3125
4351,2922
4682,4542
4780,4905
5025,3069
5288,3512
5518,3877
5731,3264
5954,4444
7415,2958
7675,2886
8119,4150
8619,2956
8828,2898
9028,3685
9529,2898
9724,3870
11140,2975
11826,3204
11987,3331
12770,3150
12776,3234
13010,4316
13200,4233
13418,4104
13705,4853
13723,5126
13887,5173
13907,5914
14084,4542
14146,5666
14218,5487
14295,5541
14458,5655
14491,5501
14688,5387
14707,5471
14854,5489
14872,5681
15056,5549
15532,5127
15677,7066
15711,6831
15863,6860
15987,6648
16186,6613
16191,6638
16347,6556
16491,6360
16525,6877
16672,7111
16696,6718
16792,6735
16839,6627
17129,7251
17226,7220
17388,7463
17656,7018
17824,6901
18001,6841
18232,7314
18394,6857
18694,6420
18709,6795
18894,6411
18909,6653
19097,6345
19114,6794
19290,6803
19453,7354
19931,7042
20432,6488
20672,6335
20699,6645
20931,6465
21024,6760
21033,6837
21209,6713
21335,6703
21641,6683
21829,6551
22061,6929
22506,6771
22958,6222
23126,6282
23798,5610
24205,6438
24248,6386
24420,6334
24490,6342
24625,6635
24926,6668
25235,6471
25416,6352
25576,6284
25716,6337
25936,6298
26743,6090
26796,5729
27041,5664
27257,5689
27442,6022
27618,5899
27864,5752
28071,5537
28941,5112
29073,5548
29237,5883
29435,5633
29608,5186
29636,5210
29777,5169
29895,5614
30058,5542
30199,5517
30321,5790
30480,5772
30672,5666
30837,4982
30866,5709
31003,5700
32037,4613
32240,4746
32279,4816
32387,4740
32478,4843
32568,5095
32676,5080
32747,5144
32958,5004
32983,5123
33183,5622
33307,5380
33714,5680
34888,4493
34975,5732
35430,4949
35904,4328
36093,4192
36198,4135
36347,4413
36414,4424
36714,4480
36751,4328
36836,4401
36929,4569
37121,4366
37189,4373
38218,3629
38385,3612
38520,3574
38689,3560
38904,3512
39420,3496
39483,3743
39686,3606
40003,3405
40209,3564
40453,3381
40773,3602
40899,3826
41012,3862
42079,3178
42144,3314
42293,3315
42448,3373
42461,3345
42641,3313
42776,3738
42816,4741
42962,3918
43095,3848
43244,4016
43327,3820
43537,4392
43930,4366
44100,4589
44230,4117
44371,4024
44530,3914
44725,4177
44864,4089
45031,3977
46185,3586
46335,3561
46389,3663
46552,3829
46556,4292
46704,4092
46743,4169
46885,4211
46980,4383
47014,4578
47432,4471
47584,4480
47745,4519
48073,4335
48223,4626
48363,4614
48558,4544
48702,4591
48724,4518
48818,4545
50091,5544
50111,4101
50231,4025
50410,5665
50549,5846
50770,5516
50932,4379
50968,5534
51108,4305
51142,5808
51376,5232
51516,5212
51668,5164
51911,5163
52041,5375
52253,6147
52386,6104
52512,5988
52624,5930
53740,4851
53941,4600
53977,4460
54334,4328
54533,4181
54698,4129
54735,5376
54816,4235
54913,5315
54968,4256
55066,5111
55126,4392
55235,5041
55471,4233
55486,5088
55640,4834
55721,4509
55790,4735
55878,4760
55960,5068
56127,5706
56231,4994
57237,4617
57492,4415
57652,4317
57815,4792
58882,3931
59118,3925
59685,3770
59934,3716
60011,3590
60307,3397
60417,3376
60544,3332
60681,5555
60699,4147
60857,4256
60878,6003
61021,6609
61069,4227
61222,6518
61343,4142
61362,4234
61455,6347
61662,4954
61689,6057
63753,4390
64245,3790
64444,3456
64640,7130
64941,7318
65225,4257
65393,4183
65545,4122
65717,6654
65724,4066
65877,3997
65893,6677
66033,3956
66060,4087
66316,4300
66479,4283
66653,6053
66664,4227
66819,4313
66974,4293
67127,4841
67278,4401
67453,5490
67575,4291
68271,3828
68431,3787
68584,3725
68743,3686
68905,3829
69082,4163
69268,5449
69274,4587
69460,4511
69624,4899
69779,4795
69932,4748
70102,6383
70259,4472
70414,4679
70583,4732
70756,4813
70933,4469
70947,5179
71109,5528
71593,4615
71882,4764
72049,4341
73138,4217
73330,3974
73605,3834
73665,3936
73755,4433
73910,4366
74060,4282
74222,4355
74753,3895
75400,3294
75599,3147
75778,3091
75842,3376
75999,3283
76022,3385
76209,4789
76250,4654
76335,4553
76519,4436
76572,4677
76691,4432
76780,4230
76805,4565
76964,5025
77108,4937
77131,4984
78218,4105
78361,4165
78500,4213
78706,4117
78901,4328
78903,4215
79458,4264
79940,3953
80146,4774
80147,4948
80266,4084
80404,4578
80589,4365
80596,4470
80743,4503
81898,3922
82067,3897
82360,4098
82510,3989
82644,4698
82876,4103
83068,4365
83229,4851
83481,6781
83616,7595
83621,7790
83731,7671
83750,9857
83991,9769
84136,9781
84210,9898
84385,9756
84543,9727
84683,9761
85212,9302
85302,9373
85797,9161
85946,9144
86400,8759
86538,8713
86671,8819
86689,8942
86843,8861
86869,9002
87005,8964
87177,9333
87200,9481
87390,9180
87504,9262
87641,9190
87692,8930
88797,7902
88820,8240
88896,8029
89122,8736
89484,8124
89806,8105
89824,8421
90006,8316
90028,8272
90284,8202
90329,8557
90453,8624
90588,8106
90600,8140
90795,8032
91006,8485
91281,7731
91573,7560
91590,7956
91741,8023
91762,8356
91892,8341
92124,8189
92308,8131
92339,8241
92541,8993
93740,9257
93902,9258
94160,9076
94808,8885
95322,8269
95344,8442
95592,8152
95759,8141
95896,8055
95981,7906
96208,7792
98022,6700
98364,6998
98529,7144
98725,6717
98916,6844
99114,6535
99212,6293
100292,5657
100435,5751
100573,5709
100723,5652
100798,5690
100900,5800
100930,5930
101038,5757
101047,5899
101176,5819
101207,6139
101368,6294
101375,7086
101509,6342
102539,5581
102695,5535
102831,5753
102872,5842
103233,5536
103286,5362
103444,5257
103584,5298
103919,5138
104104,6271
104125,5154
104511,5581
104669,5476
104820,5391
104847,5495
105039,5456
105481,5359
105788,5103
106474,5888
106667,6376
106789,6321
107380,5571
107583,5876
109425,4092
109517,4101
109595,3973
109655,4155
109760,4243
109917,4471
109938,4694
110144,4419
110254,4502
110381,4704
110521,4432
110562,4514
110610,4989
110685,5040
110754,5078
110940,4992
111019,5021
111096,5263
111136,5350
111205,5083
111303,5113
111435,5102
111569,5846
111713,5888
111867,6047
112010,5784
112801,4850
114306,3741
114471,3725
114623,5522
114840,5351
114981,5321
115113,4918
115185,5104
115207,5131
115264,4284
115430,4403
115566,4358
115753,4608
115894,4521
116032,4451
116181,4355
117180,3624
118771,2880
118944,2940
119111,5282
119229,4602
119670,4833
119702,7331
120490,6340
120709,5839
120859,7385
121088,6542
121315,5486
121334,6445
121459,6270
121481,5127
121544,6873
122242,6398
122438,5209
122471,6253
122639,5064
122647,5909
122823,5144
122976,5091
123008,5893
123134,5027
123193,5614
123334,4958
123489,8370
123672,8265
123926,6358
123941,5468
124099,6928
124227,7052
124294,7328
124452,7105
124625,6970
124631,6534
124784,6427
124807,6434
124949,6232
125130,7640
125344,7310
125570,7112
125707,7023
125876,7138
126019,7268
126056,7259
126223,7130
126383,6998
126661,6960
126944,6705
127114,8785
127296,8212
127466,8199
127899,7846
128066,7757
129061,6531
129105,6926
129243,11230
129260,13600
129324,13690
129372,13766
129429,13824
129477,14075
129528,14275
129573,14489
129612,11876
129630,12469
129676,12939
129715,13010
129755,13919
129793,14166
129837,14196
129875,14241
129912,14668
129969,14150
130021,14537
130067,14572
130477,12986
132501,12179
132515,12420
132679,12295
132830,12196
132843,12272
133212,11980
133352,11935
133483,11965
133524,12164
133700,12095
134339,11546
134361,11569
134557,11817
134582,11665
134731,11567
134865,11554
134895,11676
135064,11785
135227,11831
135418,11500
135587,11518
135744,11604
136047,11447
136127,11737
136381,11244
136582,11172
136751,11227
136783,11696
136950,11463
140581,8972
141587,8073
142236,7369
142714,8297
142863,8066
143091,7974
143785,7936
145188,7865
145426,7717
145522,7710
145623,8042
145775,8131
146203,7760
146389,7350
147935,6098
148022,5937
148240,5776
148296,5938
148452,5662
148600,5609
148643,6199
148795,6183
148876,6309
148903,6334
149122,6343
149204,6093
149385,5966
149680,5998
149853,5878
149928,5941
150635,6492
150677,6304
150804,6260
150995,6217
151133,6314
151242,6373
151372,6351
151546,6385
151794,5869
151810,6258
151963,5871
152102,7585
152649,6176
152682,6341
152863,6451
152895,6986
153292,6323
153451,6356
153586,7466
153780,6600
154072,6402
154210,6359
154346,6328
154364,6398
154513,6344
154640,6915
155137,6500
155495,6832
155514,6312
155668,6261
155827,6401
156224,6197
156987,5293
157143,5189
157287,5219
157475,5176
157613,5287
158120,4871
158216,4968
158367,4850
158549,5167
158684,5150
158832,5160
158977,5099
159116,5115
159277,5095
159411,5026
159526,5031
159719,5243
160072,4906
161717,4736
161952,4392
162146,4356
162371,4182
163295,3629
163386,3847
164601,3710
164796,3578
164864,4203
164990,3963
165013,3882
165110,3319
165240,3255
165421,3136
165485,4312
165544,3147
165626,4062
165695,3734
165713,3917
165827,3916
165894,3690
165955,3910
166143,3777
166212,3853
166259,4039
166419,4055
166681,3848
167354,3446
167516,3531
167707,5344
167789,5460
167838,5493
167884,5943
167933,6095
167978,6274
170272,3459
170442,3520
170642,3595
171122,3338
171179,3346
171325,3451
171366,3540
171474,3549
171608,3603
171906,3387
171935,3453
172046,3451
174055,3379
174080,3638
174332,4259
174496,5199
174741,4217
175812,3555
175843,3230
175965,3228
175988,3779
176186,3712
176350,3491
176375,3470
176505,3442
176524,3509
176658,3379
176683,3561
176797,3657
176931,3533
177062,3494
177211,3564
177239,3506
177411,3490
177491,3478
178678,3637
178760,3355
178862,3587
179034,3781
179488,3488
180603,3187
181033,3222
181053,3249
181208,3289
181540,3345
181636,3600
181641,3293
181945,3289
182129,3921
182340,3170
182490,3463
182858,3582
183100,3390
183184,3916
183386,3591
183412,3603
183555,3878
183576,3621
183717,3790
183844,3794
183978,3734
184602,3297
184636,3371
184732,3367
184782,3395
184950,3389
184976,3490
185079,3901
185250,3788
185453,3658
185557,3882
185731,3765
185919,4317
186075,4241
186090,4651
186242,4699
188290,2949
188799,3521
188839,3296
189005,3435
189149,3658
189195,3314
189343,3239
189589,3462
189630,4027
189844,3892
189963,3886
190135,4442
190355,3682
190456,4091
190576,3756
190778,3900
190945,3823
191081,4497
192114,3156
192202,3371
192347,3651
192480,3626
192627,3934
192645,3889
192790,3685
192911,3808
193072,3580
193088,3645
193244,3689
193381,3616
193531,4029
194340,3519
194582,3809
194730,3793
194866,3830
195083,3750
195245,3821
195415,5221
195591,5141
196891,2879
197089,3509
197115,3678
197255,3527
197405,3110
197530,3169
197732,3732
197901,3577
197924,3627
198057,3565
198087,5170
198217,5092
198503,3730
198535,4823
198670,3741
201053,3076
204526,3088
204715,2779
204877,2772
205033,3004
205267,3072
205442,3078
205585,3259
205608,3414
205758,3615
205925,3671
206085,3730
206211,3998
206247,3874
206385,4038
206407,4164
206557,4045
206716,3914
206870,3928
207029,3899
207643,4362
208123,7344
208182,8639
208437,8868
208562,9075
208569,9740
208691,9702
208702,9824
208833,9961
208961,9732
209092,9835
209210,10280
209232,10047
209334,10060
209462,10009
209518,10759
209645,10721
209788,10830
209909,10566
210042,10631
210147,9958
210276,10109
210390,10099
210795,10016
211221,9346
211827,8769
212085,8619
212105,8718
212467,8469
212608,8429
212664,8680
212775,8619
212847,8775
213064,8464
213303,8418
213388,8352
213496,8389
213514,8446
213716,8374
213871,8364
213932,8398
213991,8454
214069,8489
214200,8476
214390,8404
214522,8391
214577,8462
214816,8381
214985,8324
215000,8418
215162,8378
215625,8041
216979,6800
217413,6494
217734,6289
218468,9070
218631,10581
218893,10376
219054,10265
219082,10593
219232,10170
219575,9925
219703,10026
219878,9954
220056,9723
224969,4881
225382,5132
225391,4977
225605,4877
225771,4959
225930,5358
226089,4866
226225,5248
226241,4796
226420,4942
226580,4966
226729,4965
226744,5043
226896,4977
226911,5056
227055,5045
227077,5145
227215,5125
227265,5228
227373,5243
227443,5316
227677,5865
227858,5735
228019,5621
228323,5929
228363,5393
228516,6019
228657,5649
228682,5878
228801,5852
228998,6652
230764,5294
230931,5062
231054,4995
231799,5163
231963,5052
233006,4096
233046,4299
233146,5436
233377,5153
233396,6154
233548,5268
234341,4679
234405,4538
234563,4546
234684,5027
234845,5128
234981,5101
235240,4684
236052,3725
236201,4280
236234,3788
236274,4069
236344,3779
236504,4558
236606,3987
236750,4002
236796,4066
236930,4039
237129,3925
237164,4294
237285,3983
237414,3954
237547,4687
237601,4736
237725,4673
237872,4482
237991,4542
238143,4661
238618,4125
238767,4634
239748,3976
241207,2927
241570,3282
241607,2866
241782,2797
242040,3803
242080,3517
242558,4763
242722,4127
242843,3415
242918,4503
243040,4333
243200,3924
243255,3712
243394,3623
245025,2892
245287,3105
245512,3292
245771,3489
245963,3405
246248,3740
246401,3638
246543,3544
246682,3624
246792,3819
247073,4218
247683,3278
247887,3478
248060,3366
248221,3285
248245,3672
248479,3374
248509,3507
248649,3430
248686,3447
248769,3572
248875,3552
249016,3506
249134,3753
249185,3608
249481,3487
249529,3578
249711,4046
249740,3921
249833,3872
249900,4069
250263,4094
250727,3835
250877,3822
251040,3616
251118,4188
251513,3740
253004,2782
253231,3384
253263,3273
253358,3203
253465,3468
253489,3591
254046,3548
254565,3336
255975,3016
256004,3320
256118,3388
256584,2856
256627,2957
256729,3176
256878,3170
257045,3485
257174,3385
257314,3414
257345,3456
257437,3415
257510,3704
257630,3602
257686,3603
257744,3885
257844,3868
257978,3825
257996,3916
258111,4361
258133,3949
259075,4321
259597,2940
259749,3284
259910,3809
260102,4276
260616,3767
260789,3584
260977,3906
261363,3730
262124,3104
262374,3550
262512,3719
262535,3543
262565,3999
262603,3910
262717,3242
262872,3506
263045,3566
263226,3481
263442,3364
263502,3396
263677,3357
264665,2969
264712,3215
264797,3133
264921,3219
264947,3389
265084,3980
265321,3356
265487,4010
265652,3897
266938,3096
267042,2915
267228,3022
267727,3057
267771,3887
267984,3727
268137,3623
268198,3765
268363,3471
268376,3490
268643,3500
268746,3751
268770,3580
268899,3896
269037,3488
269211,3638
269311,3411
269860,3240
269877,3615
270034,3199
270194,3443
270290,3394
270335,3925
270512,3923
270619,3802
270665,3905
270827,3975
270966,3890
271576,3727
272890,3373
272941,3291
273098,3208
273242,3633
273297,4424
273433,4038
273524,3556
273681,3768
273801,3756
273912,3602
274025,3978
274064,4012
274212,3963
274586,3690
274626,3745
274815,3648
275309,3345
275508,3195
275657,3573
275836,3436
275979,3513
278466,3825
278525,4043
278754,3961
278777,4035
278883,3779
278934,3927
279030,4356
279260,4175
279304,4066
279417,3943
279561,3861
279595,3944
279716,4042
279722,4159
279843,4127
279980,4308
280000,4387
280186,4335
280228,4353
280338,4306
280428,4304
280609,4216
280871,4253
281832,3593
281856,3478
282017,3615
282640,3811
282759,4202
282914,4098
283062,4734
283218,4812
283480,4600
283575,5049
283604,4867
283984,4699
284185,4746
284572,4488
284760,5261
284949,5128
285164,4801
285197,5030
285343,4958
285472,4875
285504,5538
285664,5415
285783,5359
285912,5325
286123,5304
286191,5276
287843,3638
287884,3877
288021,3800
288180,4424
288322,4334
288465,4240
288656,4099
288803,4071
289052,3925
289619,4011
289781,3939
289843,3946
289994,4317
290384,4112
290399,4281
290609,4626
290745,4800
290880,4590
290900,4373
291115,4741
291270,4417
291298,4999
291493,4557
291631,4470
291835,4325
292041,4208
292195,4409
292327,4370
292442,4203
292480,4309
293759,3144
293928,3058
294076,3225
294094,3704
294202,3588
294803,3442
294981,3315
295133,3894
296347,3623
296774,3220
296914,3218
297061,3163
297267,3313
297454,3253
297483,3580
297631,3482
297811,3466
297978,3396
298594,3025
298637,3131
298745,3270
298793,3308
298823,3043
299512,3427
299660,3328
299804,3267
300186,3063
300253,4018
300412,3534
300512,3253
300694,3626
300891,3354
301596,2977
301778,3141
301960,3130
302082,3191
302206,3222
302772,2890
302819,2991
302968,3320
303114,3736
303549,2913
303778,2978
305276,3325
305914,2878
306083,3065
306259,3093
306434,4084
306578,3682
306611,3966
306769,3974
306926,3760
306961,3445
307081,3491
307220,3402
307403,3388
307567,3368
307728,3717
307816,3649
307924,3740
308093,4235
308243,3519
308403,3672
308564,3668
308727,3554
308943,3816
309107,3530
309277,3616
309452,3531
309616,3656
309780,3571
309953,3494
310295,4404
310747,3829
311106,3994
311232,3774
311271,4140
311472,3990
311479,3744
311931,3846
312101,3799
312245,3705
313302,3049
313457,3106
313595,3355
313741,3865
314097,3948
314119,3688
314772,3595
314957,3499
315093,3565
315247,3914
315983,2961
316007,3206
316183,3419
316200,3604
316342,3659
316403,3707
316550,3550
316608,3932
316698,4175
316749,3985
316815,4110
317064,4069
317194,4009
317331,4184
318486,3261
318718,3550
318879,3490
318999,3321
319490,3618
319626,3663
319681,3656
319835,3896
319876,3950
320354,3552
320571,3990
320806,3813
320954,3722
320999,4018
321215,4169
321246,4088
321976,3937
322109,3856
322283,3731
322423,3641
322561,3652
322706,3614
322747,3694
322848,3675
322981,3634
323123,3593
323826,3276
323946,3435
324070,4346
324317,3422
324443,3380
324545,4272
324573,4611
324606,4651
324769,4037
324937,3963
325077,3923
326209,3484
326472,3512
326753,3429
326909,3539
326942,3556
327063,3510
327207,4241
327415,4459
327430,3818
327582,3882
327600,4007
327800,4717
327895,3789
328090,4041
328504,3960
328556,3771
328694,3784
329547,3059
329679,3117
329798,3487
329809,3406
330034,3732
330220,3485
330244,4008
330653,3893
330813,3792
330960,3939
331096,3930
331533,3574
332867,3714
332919,3022
333006,4020
333321,3073
333485,3130
333628,3139
333781,3096
333963,3052
334005,3735
334130,3502
334671,3274
335739,4289
336032,4672
336386,3237
336669,3227
336857,3597
337118,5091
337253,3562
337268,3483
337439,3823
337446,4841
337598,3865
337749,3470
337911,3633
338057,4434
338242,3700
338251,3787
338399,4080
338425,4160
338604,3816
338766,4203
338930,4090
339140,4244
339147,4272
339346,4027
339495,3985
339677,3888
339696,4281
339850,4223
340015,4011
340138,4438
340457,4171
340574,4216
340915,4557
341207,4549
341326,4512
341379,4428
341541,4316
341696,4270
341868,5021
342027,4914
342318,4939
343237,4422
343411,4696
343553,4435
343687,4511
343821,4429
343837,4677
344018,4411
344192,4241
344198,4363
344341,4488
344358,4577
345453,3602
345520,3623
345594,3960
345678,3711
345874,3599
346007,3757
346038,3792
346187,3889
346324,4140
346379,4653
346516,4751
346912,3821
347062,3825
347416,3827
347737,3622
347958,3452
348965,3350
349117,4461
349213,3489
349347,3406
349621,4154
349792,4387
349867,3917
349914,4190
352073,3426
352357,3128
352482,3382
352536,3215
352686,3227
352871,3192
352894,3978
353079,4054
353210,3600
353391,3470
353554,3747
353874,3579
354075,4336
354198,3307
354321,3298
354456,3981
355208,3278
355357,3178
355573,3677
355709,3687
355923,3261
356072,3892
356105,3603
356268,3273
356419,3191
356625,3777
356899,3525
356915,3573
357826,3189
358011,3062
358235,3146
358273,3271
358580,3353
358811,3180
358927,3536
358978,3433
359227,3438
359491,3466
359639,3545
359938,3719
360608,3008
360629,3081
360816,3574
360865,3892
361182,3338
361185,3496
361348,3550
361497,3305
361656,3395
361776,3453
361850,3557
362221,3632
362779,3258
362988,3134
363254,2973
363443,3215
363530,2934
363698,3010
363882,3245
364034,3312
364703,3182
364959,3368
365093,3470
365109,3488
365251,3267
365421,3717
366333,2985
366490,2987
366547,3048
366726,4173
366743,3991
366758,3681
366878,3889
366909,3927
367045,3740
367256,3932
367441,4002
367918,3937
368129,4273
368204,4113
369841,3284
369951,3392
370180,4238
370220,4273
370327,4216
370451,4849
370452,4429
370577,4784
370593,4508
370834,4768
370992,4724
371127,4983
371193,4573
371225,4716
371375,4674
371519,4700
371535,4853
371663,4985
371694,5146
372209,4687
372350,4622
373415,4064
373435,4250
373579,4157
373604,4174
373745,4287
373767,4971
373921,4873
373954,4741
374073,4929
374194,4931
374239,4943
374402,4861
374552,4875
374702,4939
374735,5220
375812,4785
375977,4688
376110,4605
376234,4592
376247,4675
376407,4664
376723,5093
376916,4635
377001,5004
378526,3970
378828,3719
378852,3714
379215,3529
379360,3950
379642,3612
379779,3582
380707,3270
380913,3516
381067,3410
381247,3281
381388,3243
381583,3162
381840,2973
382041,3610
382057,3272
382396,3163
382592,3681
382788,3572
382846,3732
382954,3786
382974,4463
383090,4296
385100,3450
385258,3531
385359,3071
385401,3078
385686,3299
385709,3778
385863,3570
385881,3616
386025,4428
386081,4513
386255,4379
386402,4293
386421,4383
386565,4287
386618,4280
386759,4193
386778,4422
387211,3971
387242,4124
387385,4064
387504,4052
387635,4008
387788,4000
388601,3590
388823,3514
388846,3421
389008,3708
389031,3588
389263,3503
389538,3428
389581,3321
389770,3570
389912,3677
390044,4081
390128,4288
390640,3858
390908,4101
390992,4030
391035,4235
392283,5326
392397,4103
392531,3867
392709,5006
392870,3796
393014,4516
393037,4247
393472,3887
393695,3713
393841,4117
393967,3674
395143,2871
395669,3390
395844,3347
396029,4437
396219,4190
396289,5339
396469,5874
396630,5604
396779,5895
396932,5794
397092,5366
398049,3664
398074,4492
398197,3842
398381,4440
398477,4191
398623,4267
398643,4281
398724,4071
398895,4178
398920,4127
399068,4732
399222,4629
399286,4747
399344,4855
399435,4498
399451,4598
399698,4565
399983,4381
400223,4494
400267,4620
400429,4570
400594,4452
400602,4503
400757,4637
400774,4554
400905,4898
401055,5541
401514,5159
401724,5053
401827,5048
401884,5339
402041,5315
402143,5516
403211,4531
403385,4716
403542,4675
404492,4135
404533,4203
404901,4238
405067,3896
405124,3936
405224,4014
405360,4253
405588,4107
405613,4228
405732,4220
405849,4249
405946,4787
406093,4421
406110,4691
406223,4460
406282,4592
406925,4806
407111,4369
407282,4500
407345,4213
407815,4152
407833,4052
408315,4237
408608,3973
408751,3921
409558,3445
409734,3880
409889,3811
410036,6086
410189,6230
410350,4298
410528,5728
410631,5685
410780,5635
410898,5595
410915,5842
411110,5510
411240,5450
411382,5436
411575,5305
411617,4976
412671,5316
412836,3918
412880,3980
413033,3916
413178,3874
413315,4030
413566,3977
413985,3658
414187,6583
414279,3868
414430,4039
414573,4071
414703,4049
414805,4316
414853,4170
414981,4658
415011,5024
415145,5185
415399,4725
415616,4640
415636,5136
415676,5337
415717,5350
415758,5559
415781,5093
415802,5795
415901,5468
415935,4970
415951,5708
416086,4613
418867,3807
419375,3004
419704,3024
420279,3501
420614,2926
421403,3090
421428,3408
421595,3332
421862,3203
421921,3437
422119,3324
422536,3369
422574,3029
422860,3539
423073,3316
423367,3187
423447,3183
423575,3721
423602,3097
423668,3149
423852,3162
424028,3085
424057,3428
424355,3269
424361,3357
424499,3400
424644,3275
425459,3155
425642,3135
425688,3244
425742,3488
425813,3416
425985,3629
426005,3881
426218,4802
426513,4153
426657,4164
426744,4488
426901,4215
428429,3048
429038,2890
429598,3175
429691,3568
429730,3331
429832,3898
429949,3829
430097,3582
431533,2829
431568,3439
431693,3366
431868,3414
431903,3238
432024,3208
432245,3131
432309,3168
432427,3146
432578,3232
432605,3424
433121,3484
433140,3170
433398,3657
433520,3485
433870,2851
434027,2774
434428,2934
434571,3282
434706,3472
434844,3917
435500,3082
435704,3350
435883,3119
436771,2952
436923,2957
437072,3060
437261,2991
437425,2913
437519,3173
437678,3240
437739,3278
437967,3640
438239,3557
438392,3471
438691,3980
438841,3883
439349,3158
439502,3281
439554,3325
439630,3348
440065,3710
440421,3077
440469,3266
440645,3270
440765,3823
440880,3764
441015,3877
441141,4222
441196,3987
441213,4064
441879,3952
442077,4114
442092,4292
442751,3751
443576,3800
443801,3711
443922,3505
443956,3447
444102,3750
444246,3819
444370,3837
444491,3770
444693,3710
444722,3770
444809,3782
444925,3771
444958,3839
445083,3972
445233,3912
445540,3745
445751,3966
445885,4174
446018,4211
446141,4002
446253,4121
446660,3953
446677,3986
446883,4079
447210,3976
447680,3652
447894,3584
448092,3554
448932,3545
449186,3548
449329,3489
449420,3500
449546,3632
449791,3553
449876,4104
449962,3607
450084,3657
450303,3838
450430,4020
451129,3541
451245,3902
451299,4171
451506,3248
451645,3195
451893,3430
452048,3564
452084,3456
452264,3449
452951,3128
452980,3095
453111,4004
453219,3671
453402,3539
453548,3449
453799,4253
453840,3615
453980,4201
454021,4085
454248,4264
454560,4292
454810,3794
455912,3102
456107,4890
456572,4210
456610,3640
456756,3736
456874,3834
456987,4023
457009,4051
457436,4040
457943,3561
458198,3351
458324,3493
458357,3861
458489,3814
458640,3713
458699,3503
459520,2888
459542,2961
459702,3160
459735,3367
459898,3637
459928,3419
460825,3203
460850,3266
461035,4217
461514,3906
462920,3026
462936,3134
463129,2992
463492,2965
463656,2858
463675,2999
463830,3397
463995,3183
464138,3504
464200,3648
464356,4044
464385,3625
464448,3644
464679,3812
464852,3799
464998,3904
465192,4084
466472,3421
466649,3600
466740,3340
466799,3425
466921,3645
467043,4618
467360,3687
467403,4806
467485,4544
467555,4186
467673,4119
467693,4444
467849,4234
467897,4333
468025,4156
468123,4345
468144,4342
468221,4317
468751,3922
468920,3849
469064,3950
469257,4418
469454,4203
470018,3950
470262,3814
470396,4010
470427,4135
470637,3981
471121,4163
471207,4153
471926,4008
472299,3894
472319,3948
472512,3821
472569,3849
472726,3782
472845,3985
472856,3968
473025,3789
473141,4426
473191,4291
473317,4504
473500,4271
473742,4298
474041,4050
474692,4533
474860,3989
475052,3975
475245,3732
475447,3632
475585,3542
476597,3346
476690,3220
476851,3139
477090,3131
477142,4340
477180,4361
477281,3421
477742,4160
477872,3719
477905,4787
478038,4692
478131,3996
478346,3705
478684,3827
478880,3692
479052,3577
479278,3634
479432,3532
480469,2957
480810,2970
480965,2804
481113,5006
481649,2841
481937,3279
482376,3575
482563,3813
482735,3669
482775,3805
483013,3437
483839,3536
483993,3443
484138,5598
484206,3661
484355,3720
484497,3606
484632,3674
484767,3700
484905,3641
485044,3772
485262,3627
485483,4836
486177,6513
486201,8530
486444,8418
486461,8605
486620,9285
486763,9231
487431,8812
487495,8811
487582,8840
487722,8961
487746,9049
487879,8948
487928,9010
488023,9118
488143,9102
488200,9229
488341,9501
488372,9162
488607,9432
488958,9422
489158,9666
489214,9245
489679,8980
489919,9029
490032,8742
490603,8105
490778,7981
490963,7910
491146,7851
491404,7744
491620,8153
491643,7871
491765,8383
491816,9328
491937,9448
492089,9131
492121,9194
492208,9124
492513,8749
492549,8956
492698,9247
492840,9156
492866,8497
492959,9382
493008,9437
493140,9630
493186,9484
493199,9522
493335,10031
493390,9901
493571,9673
494836,9106
495056,9072
495257,9170
496095,8540
496111,8638
496479,8361
496516,9127
496678,9032
497011,8771
497619,8255
497715,8340
498069,9304
498346,9137
498564,9123
498810,9367
498957,9036
499239,8811
499641,8697
500110,8932
500328,7901
500358,8096
500505,7926
500534,8023
500663,7889
500700,8046
500824,7776
500859,7962
500980,7672
501037,7839
501575,8083
501716,8079
502499,8224
502866,7603
502886,8010
503026,7972
503189,7472
503769,7178
503786,7052
504213,6833
504398,6864
504536,6903
504678,6863
504876,6721
505012,6641
505129,6606
505462,7729
505503,7464
505635,7385
505764,7462
505897,7319
505912,7586
506067,7380
506256,7305
506985,6636
507135,7679
507474,7535
507525,8195
507720,7553
507743,7647
507887,7649
508026,7757
509109,7109
509137,6923
509311,6931
509760,6598
510013,6622
510065,6656
510202,7119
510880,7075
511078,6531
511536,5790
511952,5796
512090,5646
512189,5254
512204,5413
512374,5474
512568,5864
512695,5878
512713,5902
512809,5712
512840,6086
513249,5562
513416,5667
513555,6035
513722,6061
513836,5887
513840,5841
515617,4528
515851,4393
515976,4463
517032,4512
517353,5311
517778,4155
517982,4081
518134,4591
518262,4377
518604,4117
518728,4078
519369,3556
519817,4240
519974,4137
520203,3805
520344,3823
520484,3388
520756,3014
520901,3053
521007,3232
521029,3455
521130,3289
521293,4049
521446,4074
521588,3689
521706,3866
522046,3453
522120,4816
522828,4025
522867,3104
522996,3051
523574,3184
524089,4347
524251,3275
524303,3287
524465,3191
524588,3129
524719,3363
524750,3558
524938,3592
525134,3523
528801,2861
528979,3245
529032,3531
529136,5112
529173,3559
529248,3772
529404,3946
529588,3872
529645,5094
529751,3950
529901,3905
529931,4863
530042,4047
530415,5430
530463,4089
530546,5483
530588,4255
530775,5156
530921,4819
530951,3938
531091,4230
531337,3849
531477,4638
531688,4519
531734,4831
531818,4819
531858,5802
531932,5254
531989,5619
532190,5551
532236,5599
532829,5241
533117,5214
533278,6119
533449,5999
533617,5881
533770,5775
533917,6217
533938,6171
534099,6001
534225,6138
534363,6268
534511,6068
534658,6032
534914,5831
535203,5779
535406,5621
535568,5664
535647,6030
535816,6157
536054,5871
536958,5186
537115,5446
537268,5345
537405,5404
537878,4689
538045,4722
538420,4398
538469,4466
538548,5173
538621,5046
538838,4941
538882,4843
538975,4916
539006,4975
539147,4937
539414,5244
539595,4697
539617,4795
539776,6516
539945,6509
540147,6205
540351,6053
540623,6352
540761,6228
541602,5141
541799,5228
542391,4537
542600,4439
542643,4959
544016,4038
544050,5792
544202,3942
544329,3927
544471,3962
544511,4021
544647,3978
544741,3993
545044,3898
545610,5037
545763,4870
545902,4811
546046,4727
546192,4642
546324,4517
546456,4309
546648,4408
546811,4358
547666,3887
547903,4069
548066,3890
548211,4328
548235,4399
548270,4458
548311,6024
548353,7191
548388,6589
548443,6241
548477,6953
548496,6880
548550,6730
548650,3658
548807,3554
548959,3530
549220,3366
549682,4314
549814,4235
549958,4141
550238,4333
550470,4706
552102,3424
552432,3377
552773,2966
552923,3044
553072,3765
553103,2970
553281,3739
553326,4105
553363,4165
553590,3365
553731,3390
553945,3929
553985,4215
556055,3084
556236,3184
556429,3243
556765,3036
557093,2895
557519,2922
557738,3056
557869,3178
557989,3587
558003,3311
558222,3609
558276,3239
558349,3346
558400,4676
558534,4860
558588,3524
558690,6293
558708,3657
558820,3450
558878,6314
560248,4861
560393,3572
560740,4755
560974,4341
561920,3739
562228,3374
562430,3347
562437,3277
562585,3240
562739,3582
562896,3582
563166,4613
563222,3012
563473,3117
563634,3045
563795,3349
563960,4141
564142,3794
564322,3207
564489,3232
564646,2934
566010,3040
566322,3353
567217,3070
567399,3322
567602,3221
567952,3297
568110,4712
568211,3415
568259,4518
568506,4360
568652,4072
568776,3818
568857,4132
568894,4131
569035,4034
569244,3884
569573,3822
569705,8105
569794,3666
569933,4203
570057,6586
570099,8461
570135,8591
570253,4292
570428,5631
570929,7650
571678,6948
573214,5667
573547,5484
573680,5799
573722,5672
574259,5460
574810,4774
574969,4788
575103,5256
575241,5000
575402,4907
575734,4723
575893,5130
575911,4726
576066,5308
576110,5038
576195,5203
576325,5124
576342,5079
576600,4992
576732,4927
576789,5191
576898,5185
577029,5403
577054,5322
577230,5264
577251,5308
577452,5157
577628,5237
578053,5081
578069,5589
578311,5963
578330,6012
578474,5936
578603,5896
578951,5989
579419,5977
580058,6026
580489,6033
580688,5269
580859,5236
581038,5725
581927,5509
582093,5261
582172,4916
582210,5033
582295,5678
582480,4892
582629,4891
582648,5037
583782,4816
583935,4910
584143,4356
584324,4332
584477,4272
584558,4219
584598,4505
584763,4498
584886,4421
584995,4362
585006,4576
585148,4520
585179,4498
585575,4909
585638,4488
585783,4458
585921,4616
586343,4282
586491,4262
586642,4312
586787,4788
586933,4693
587068,4814
588273,4319
588532,4538
588960,3952
589409,3868
589504,3987
590685,3184
590783,3057
590909,3029
591067,3644
591185,3004
591333,3664
591396,3368
591491,3556
591692,3813
591718,3726
591830,3928
591985,4014
592100,4980
592146,4253
592205,5045
592708,4951
593140,4572
594204,3556
594358,3453
594392,3523
594523,3697
594700,3622
594838,3559
594866,3756
595070,3605
595208,4299
595242,3696
595930,3667
596103,4658
596131,4841
596235,3899
596429,4201
596583,4242
596719,4225
596944,4173
597062,3962
597286,3848
598528,3064
598667,2901
598813,2983
598840,3058
599027,3060
599207,3016
599236,3173
599333,3485
599389,3660
599542,4403
599698,3629
599909,4302
602513,2862
602759,3515
602881,3346
602893,3237
603035,3340
603205,3308
603371,3227
603508,3220
603633,3173
603747,3540
603796,3286
603939,3313
604194,3403
604272,3545
604344,3636
604421,3446
604618,3299
604943,3583
605147,3822
606773,4680
606920,4441
606959,4752
607211,4561
607310,4285
607439,4544
607498,4535
607638,4692
607660,5054
607803,5039
607971,4944
608018,4748
608087,4872
608188,4885
608216,4796
608387,5292
608411,5482
608567,5376
608623,5490
608768,5652
608811,5466
609002,5325
609028,5479
609232,5531
609354,5620
609357,5273
609493,5736
610199,5353
610227,5407
610438,5276
610599,5211
610753,5158
610906,5110
611057,5079
611182,5378
611240,5402
611721,5015
611922,4902
612197,5664
612302,5654
612551,5471
612574,5537
612752,5488
613099,5206
613124,6210
613369,5194
613394,5209
613567,5667
613711,5573
613730,5494
614851,4644
614951,4670
616265,3696
616371,3619
616527,3547
616648,3570
616897,4501
616915,3479
616939,4159
617129,4440
617200,3758
617382,4067
617516,4062
617924,4072
618353,3760
619330,3192
621685,6095
621765,3194
621829,5522
621983,3645
622188,3666
622205,5291
622230,3503
622403,5506
622506,3543
622650,3825
622689,3677
623064,4572
623318,3342
623482,3400
623644,3493
623799,3758
623951,3747
624127,3830
624225,3578
624493,3744
624674,4014
624868,4020
625037,3784
625282,3596
625445,3932
625619,3878
625786,3946
625950,3882
626117,3667
626286,4174
626447,4384
626612,4859
626771,4247
626943,4707
627105,4452
628075,3978
628233,3506
628400,3450
628564,3355
629088,3124
629561,3066
629580,3288
629919,3000
629968,3215
630100,3130
630455,3145
630507,3335
630640,3703
630656,3757
630896,3376
631018,3672
631130,3528
631931,3351
632100,2985
632130,3602
632242,2884
632376,3168
633243,3251
633411,3276
633440,3823
633583,3350
633986,3782
634205,3614
634420,3495
635577,3139
635740,2928
635884,2835
635909,3109
636065,3190
636094,3334
636213,3359
636269,3390
636518,3614
636547,3875
636717,3801
636766,3876
636834,3856
636996,3947
637019,4269
637320,4039
637464,4473
637608,4472
637720,3877
638848,3461
639073,3256
639126,3134
639616,3863
639680,2988
639741,3904
639785,4088
639847,3083
639998,3596
640197,3563
640499,3930
642036,3008
642207,3275
642343,3376
642352,3457
642509,3395
642725,3534
642750,3736
642818,3675
642966,3689
643349,3570
643893,3452
644068,3785
644093,3483
644401,3218
644557,3170
644583,3502
644753,4133
644859,3851
644877,4085
645273,3523
645423,3509
645569,3830
645723,3759
645855,3681
646203,3547
646938,2891
646966,3450
647148,3368
647401,3498
647436,3629
647653,3773
647824,4172
647936,3805
648093,3638
648116,4178
648799,3558
649979,2932
650253,2796
650494,2788
650696,2900
651202,3431
651356,3472
651481,3554
651497,3755
651659,4072
651830,3946
652028,3816
652397,3264
652422,3563
652561,3440
653428,2887
653485,2914
653672,2952
653695,3055
653819,3059
653835,3407
654013,3352
654166,3133
654241,3800
654384,3855
654507,3921
654668,3710
654874,3772
655046,3743
655472,3508
655490,3585
656897,2839
657063,3233
657277,3259
657537,3052
657733,3609
657898,3496
658292,3150
658454,3367
658502,3625
658631,3611
658817,3548
658868,3604
659851,3061
660027,3219
660331,3191
660489,3617
660649,3602
660708,3716
660837,3756
660978,4044
661139,3986
661201,4394
661346,4301
661482,4213
661503,4432
661658,4329
661701,4350
661857,4239
661980,4710
662683,3984
662704,4397
662901,4510
662962,4004
663058,4729
663187,4780
663319,5176
663560,4303
663673,4346
663713,4360
663868,4602
664013,4531
664260,4335
664411,4232
664555,4135
665257,5206
665409,5063
665567,4945
665724,4836
665742,4967
665882,4892
666123,4856
666235,4800
666250,5187
668065,3920
668855,3809
669038,3574
669180,4381
669330,4347
669448,4338
669592,4355
669783,4233
669934,4154
670018,4519
670183,4479
670233,4513
670293,4698
670588,4523
670734,4495
671268,4118
671291,4971
671458,4856
671500,5200
671634,5310
672197,4363
672367,4380
672541,4107
673086,4282
674221,3568
674380,3467
674566,3564
674799,3429
674829,3481
675020,4925
675235,4573
675419,4476
675476,4996
675549,4444
675633,4893
675664,4379
675783,4842
675823,4542
675901,4676
675960,4555
676144,4528
676380,4341
676847,3989
676999,3960
677202,3852
678115,3646
678195,3049
678352,3128
678747,3175
678867,2817
679026,2834
679054,4670
679269,4170
679586,5609
680022,4238
680071,5182
680192,5110
681496,4744
681610,3914
681773,3835
681983,4313
682044,3753
682111,4240
682226,3774
682351,3747
682466,4339
682642,3764
682776,3683
682942,3634
683063,3574
683198,3551
683256,3601
683514,3486
683962,3439
686589,3291
687829,3756
688001,3809
688248,3195
688284,3580
688433,3253
688449,3829
688598,3303
688761,3987
688914,3426
688975,4428
689052,3038
689057,4295
689126,3674
689800,4825
689977,3578
690149,4976
690229,3381
690387,3270
690559,3399
690566,3578
690727,3754
690817,4102
690984,3737
691618,3622
691967,3504
692108,3453
692185,4079
692573,3474
692811,3297
692961,3754
692980,3717
693185,3748
693253,4156
693395,3834
693918,4047
694014,3744
694239,3950
694538,3841
694681,3936
695629,3122
695948,3255
696318,3585
696372,3413
696533,3305
696564,3300
696734,3364
697015,3489
697038,3534
697245,3619
697434,3786
697458,3926
697500,3950
697555,4117
697997,4226
698245,4463
698413,3877
698575,3707
698657,3714
699320,3497
699449,3389
699714,3569
700025,3262
700206,3409
700339,3483
700452,3173
700617,3423
700705,3167
700739,3509
701348,3454
701500,3588
701540,3602
701896,3570
702003,3638
702062,3527
702341,3398
702545,3508
702587,3887
703415,3143
703653,3322
703675,3810
704213,3228
704344,3223
704465,3251
704610,3395
704635,3888
704882,3527
705884,2967
705907,3055
706057,4005
706108,3679
706266,2838
706437,3112
706562,3038
706609,3086
706761,3735
706782,3857
707028,3661
707228,3606
707533,3589
707686,3532
708998,3618
709815,3563
709946,3491
709975,3427
710094,3832
710132,3522
710222,3267
710638,3957
710793,3503
710998,3547
711176,3484
711319,3291
711369,3356
711509,3265
711563,3524
711680,3344
711685,3499
711801,3686
711829,3819
711989,3844
712011,4095
712194,4088
712316,4017
712448,4086
713753,3037
714006,3061
714310,3215
714461,3277
714624,3752
714807,3625
714820,3753
715010,3808
715202,3701
715865,3596
716238,3234
716366,3036
716572,3016
716937,3144
717086,3848
717414,3113
717567,3203
717709,3132
717894,3469
717924,3383
718063,3384
719218,3145
719286,3104
719496,3158
719538,3030
719652,4122
719801,3275
719884,3352
719925,3410
720118,3586
720182,3723
720308,3935
720346,4082
722079,3256
722443,3800
722627,3673
722781,3573
722904,3499
723131,3319
723314,3242
723473,3247
723603,3525
723803,3449
723941,3418
724030,3555
724261,3263
724306,3299
724465,3237
724473,3342
724604,3638
724630,3830
724695,3648
724945,3346
725066,3339
725537,3341
725691,3109
725817,3624
725923,3511
725961,3834
726447,3196
727963,3431
728120,3330
728457,3782
728500,3806
728591,3815
728642,3458
728917,3659
728944,3570
729071,3688
729090,3839
729269,3711
729481,3818
729624,3771
730991,3023
731025,3390
731176,3186
731250,3229
731357,3161
731500,3714
731718,3602
732291,4021
732452,3946
732596,3908
732615,3830
732769,3783
732833,4001
732983,3944
734042,3286
734310,3303
734511,3164
734552,3245
734610,3420
734658,3343
734841,3576
734913,3700
734980,3896
735080,4306
735366,3579
735448,4220
735653,3976
735776,3947
735912,3896
736247,4054
736424,3976
736568,3925
737830,3015
737860,3657
738071,3568
738090,3630
738255,3531
738298,3558
738452,3623
738475,3663
738647,3915
738713,4147
739210,4221
739239,3977
739492,4295
739707,4274
739867,4152
740032,4169
741846,4761
741900,3229
742038,3975
742210,3214
742237,3899
742383,3747
742443,4222
742588,4177
742613,3706
742703,4193
742818,4187
742982,4090
742994,3824
743200,3743
744335,2791
744623,3087
744793,3464
744960,3352
745217,3636
745529,3526
745697,3840
747120,3387
747203,3419
747285,3146
747398,3375
747547,3173
747648,3262
747722,3621
747806,3319
747883,3338
747932,3387
748037,3734
748070,3614
748348,3426
748484,3391
748622,3342
748766,3313
749030,4461
749098,3186
749125,3470
749371,3540
749529,3431
749581,4047
749649,3643
749740,3700
750681,3197
752103,3087
752124,4506
752242,2831
752397,6844
752420,3928
752591,3863
752747,3802
752769,6642
752968,3903
752973,6387
753696,3547
753848,3586
753996,3524
755390,3068
755585,2970
755758,3039
755935,3208
756103,3401
756270,3313
756456,3736
756689,4032
756719,3561
756885,3544
757039,3544
757117,3574
757411,3368
757615,3315
757780,3275
757934,3208
758088,4462
758229,3712
758380,3611
758540,3570
758706,3556
758874,3337
759018,3329
759224,3226
759683,3112
759850,3462
760003,3364
760339,3647
760826,3393
761038,3261
761220,3306
761554,3342
761779,3264
762184,3383
762346,3358
762503,3252
762638,3332
762783,3267
762918,3228
763055,3377
763096,3488
763211,3439
763775,3489
763850,3238
764036,3563
764095,3631
764222,3580
764360,3609
764561,3679
765069,3156
765280,3572
765894,3505
766081,4445
766341,3731
766446,4128
766466,4189
766646,3376
766744,3377
766884,3586
767149,3797
767286,3290
767587,3456
768414,2916
768450,2929
768554,3039
768693,3121
768721,3167
768896,3403
768935,3721
769044,3512
769199,3943
769677,3400
769933,3448
770481,3289
771373,3203
771505,3228
771640,3587
771651,3795
771803,4049
771946,4165
771965,4064
772128,4145
772216,4173
772341,4291
772762,4464
772918,3858
772929,4051
773361,3668
773393,3956
773527,3874
774403,3213
774465,3414
774611,3649
774636,3677
774791,3845
774840,3747
774957,4114
775076,4111
775268,4083
775287,4361
775524,4204
776451,4150
776572,4944
776796,4320
776818,4086
776944,4368
777066,4060
777280,4322
777421,4243
777440,4093
777553,4187
778032,3881
778058,4030
778234,4179
778353,4089
778402,4093
779291,3486
779471,3389
779490,3520
779649,3411
779788,3471
779821,3596
779877,3631
779942,3921
780312,3933
781347,3320
781569,3305
781779,3439
781925,3515
782824,3748
782891,3554
783042,3488
783113,3652
783232,3551
783584,3241
783724,3704
783856,3933
783988,4281
784051,3699
784213,3648
784344,3590
784473,3644
784572,3916
784712,3624
785533,2992
785553,3021
785700,3036
785733,2895
785890,2960
786014,3012
786594,3396
786626,3452
786810,3318
786877,3779
786928,3532
786984,3840
789433,3017
789600,3110
789807,3793
789865,3458
790086,4008
790206,3468
790329,4152
790383,3889
790858,3766
790893,3808
791044,3728
791229,3595
791370,3519
791504,3559
791636,3847
791804,3784
791839,3819
791979,3741
792124,3825
792197,3578
792214,3638
792464,3911
792543,4663
792742,4520
792911,3718
793095,3927
793128,4215
793295,4099
793429,4232
793523,4472
793724,4482
793921,4404
794077,4272
794978,4472
795213,4149
795576,4153
795830,3964
795949,3999
796465,4245
796681,4144
796826,4049
796853,3895
797023,3910
797304,3746
797450,3821
797500,3870
798666,2866
798827,2834
798978,3743
799009,3440
799133,3398
799139,4098
799248,3967
799401,3706
799552,3360
800064,3547
800187,3702
800240,3854
800499,4342
801594,3897
801738,3155
801939,3141
802120,3701
802761,3105
803056,3417
803227,2835
803272,2978
803419,3245
803435,3304
803620,3403
803759,3460
803807,3560
803937,3599
804041,3617
804139,4311
804185,3560
804307,4067
804351,4187
804466,4339
804549,4499
806849,2872
806890,2949
807028,3874
807199,3387
807280,4589
807408,4240
807432,4687
807588,3893
807708,3997
807771,4025
807894,3934
807915,4053
808071,3981
808209,4017
809531,3002
810069,3525
810671,2836
811040,3389
811250,3810
811918,3346
812456,3366
812604,3626
812743,3588
812788,3088
812864,3417
813031,3278
813225,3046
813300,3245
813366,3397
813504,3311
813606,3394
813664,3567
813751,4121
813908,3504
813963,3965
814112,3682
814130,4422
814237,3791
814437,4187
814574,4151
814595,3716
814849,3845
815120,3683
815436,3938
815858,3276
816455,3227
816604,3392
816790,3458
816846,3891
817139,4094
817218,4634
817391,4668
817535,4115
818424,3213
818780,3672
818965,3313
819049,3041
819462,2986
819749,2899
819769,3022
820212,2832
820343,3437
820367,3464
820409,3795
820443,3026
820597,3517
821149,4123
821313,4010
821479,3997
821678,3896
821890,3734
822117,3409
823076,3627
823231,2987
823483,3272
823505,3449
823628,4058
823644,3790
823901,3962
823954,3971
823995,3738
824130,3685
824304,3758
825277,2868
825465,2782
825616,2864
825756,2830
825932,2927
826092,3870
826429,2847
826677,3675
826799,3720
827020,3876
827085,3794
827441,3852
827534,4196
827568,4080
827707,4237
827750,4351
828105,5426
828237,4287
828382,4358
828520,4677
828655,4304
828671,4422
829000,4581
829022,4874
829199,4511
830556,3552
830696,3521
830974,3759
831119,3613
831369,3417
831522,3613
831707,4167
831771,4323
832189,4056
832343,3804
832431,3530
832557,4681
832675,4351
832771,4525
832988,5461
833203,4087
833358,4769
833383,4173
833729,3894
833925,4135
833975,4449
834125,4561
834190,4307
834322,4222
834459,4134
835490,3736
835513,3622
835622,3754
835759,3711
836042,3382
836699,3061
836867,3092
837036,3013
837060,3190
837392,3437
837554,3392
837697,3901
837749,4002
837827,3972
837872,4122
838072,3862
839011,3393
839046,3409
839549,3223
839569,3228
839796,3338
839838,3513
840083,5523
840203,3199
840382,3208
840526,3167
840671,3389
840815,3149
840980,4572
841135,4644
841377,4302
843102,4352
847615,3095
847661,3104
847849,3851
849208,3563
849267,4045
849495,3723
849534,3846
849659,4021
849674,4146
849815,4167
849857,4370
849939,4262
849993,5265
850081,4533
850109,4599
850253,4685
850384,5251
850424,4584
850543,4921
850570,4961
850821,4763
850963,4720
850981,4723
851095,4815
851525,5116
851545,5350
851688,5180
851756,5221
851900,5132
851919,5387
852024,5251
852061,5302
852174,5557
852345,5952
852442,5488
852806,5886
852828,6090
852975,6347
853006,6823
853125,7260
853355,6384
853512,6434
853518,6585
854448,6095
854618,5976
854756,5971
854775,6115
854896,6242
855294,5963
855497,6046
856672,5135
856730,5277
856944,4980
857074,5360
857123,5345
857409,5322
857545,5238
857662,5172
857773,5110
858001,4931
858871,4824
859024,4764
859232,4856
859377,4602
859572,4476
859776,4358
859977,4562
860130,4604
860280,4357
860409,4415
860538,4385
861357,4290
861383,4347
861532,5322
861590,5315
861649,5255
861818,5285
861986,5046
862075,4977
862226,5529
862259,5186
862379,5555
862478,5917
862580,5303
863640,5409
863804,4708
863820,4810
864551,4669
865438,4501
865818,4220
865987,4150
866221,4354
866240,4875
866382,4461
866410,4927
866539,5075
866567,4820
866695,4808
866727,4709
867204,4835
867442,5174
867591,4689
867605,4745
867944,4921
868100,4681
868305,4257
868469,4186
868724,4016
868882,3947
869032,4226
869143,4382
869295,4149
869333,4242
869455,4342
869496,4268
869606,4630
869676,4923
869762,4644
869835,4723
870011,4694
870213,4701
870413,4845
870666,4884
871067,4698
871701,4121
871874,4060
872087,4396
872293,4291
872451,4258
873255,4184
873491,4084
873849,4178
873978,3777
874128,4631
874183,4461
874318,4376
874725,4086
874987,4022
876262,3283
876295,3390
876435,3573
876582,3474
876735,3405
876765,3675
876935,3744
877071,3532
877215,3462
877234,3492
877404,3824
877472,3918
877595,3873
877725,3889
877856,3831
877902,3919
878038,3870
878068,4023
878318,4080
878483,4215
878589,4258
878843,4051
880842,2787
880995,2899
881690,3539
881749,3646
881910,3697
881990,3584
882286,3846
882446,4119
882529,3819
882714,3683
882961,3602
883113,3803
884569,2900
884730,2862
884767,4696
884927,4682
884972,3728
885050,4464
885179,3607
885370,3862
885447,4395
885649,4061
885669,3991
885816,3915
885955,3988
885985,4097
886121,4020
886197,4069
887047,3361
887696,2927
887872,3238
888031,2928
888314,3879
888490,3628
888519,3244
888643,3604
888798,3502
888953,3395
889104,3829
889482,3586
890392,2942
890581,3297
890657,3423
890807,3638
890841,3378
890876,3724
891029,4041
891145,4002
891253,3566
891433,3679
891641,3614
891905,3521
891968,3476
892162,3410
892896,2791
893114,3020
893132,3619
893191,3268
893334,3174
893580,3281
893709,3382
893734,3930
893870,4124
893918,4125
895724,3345
895775,3245
895963,4075
896243,3376
896421,3251
896586,4089
896640,4093
896673,4691
896752,3340
896905,3238
897080,3276
897146,3503
897343,3669
897481,4008
897641,4115
897783,3907
897835,4035
898191,3728
898227,4047
898375,4622
898427,4551
898550,4514
898689,4576
900450,3348
900482,3475
900691,4450
900849,4356
900896,4076
901050,3994
901071,4287
901200,4207
901200,4160
901333,4122
901525,4435
901713,4299
901817,4274
902266,4052
902338,4423
902393,3977
902506,3943
902571,3988
902725,3922
903772,3047
903833,3292
903981,3065
904008,3218
904132,4254
904226,3199
904370,3171
904536,3368
905548,3102
905678,4181
906766,3949
906927,3841
907082,3735
907667,3225
907817,3194
907958,3466
907996,3305
908180,3508
908218,4053
908318,3538
908446,4116
908485,3732
908626,3703
908772,3633
908795,3692
908959,3660
909079,3609
909934,2897
909971,2966
910084,3299
910102,3720
910544,3493
910576,4014
910710,4093
911072,3724
911100,3653
911263,3881
912992,2800
913142,3241
913511,3283
913548,3508
913656,3188
913718,3420
913894,3416
914107,3921
914251,3171
914626,3335
914679,3179
914836,3536
914983,3521
915025,3346
915760,3249
915921,3140
915943,3235
916050,3944
916201,4148
916227,3583
916363,3877
916465,3827
916516,3870
917578,3220
917750,3131
917921,3310
918067,3181
918543,3755
918566,3242
918652,3148
918795,4068
918825,3805
918965,3786
919105,3794
919210,4157
919332,4158
920025,3753
920182,3688
921327,2899
921493,3332
921571,4763
921646,4242
921843,4119
921869,4412
921990,4445
922175,4441
922224,4271
922359,4308
922376,4032
922553,4253
922696,4495
922900,4096
923057,4040
923113,4731
924339,3573
924548,3491
925011,3948
925191,3821
925368,4753
925439,5110
925488,5634
925756,5531
925908,4041
926473,4393
926649,4792
926824,4747
927013,4620
927181,4618
927269,4417
927307,4624
927421,4381
927448,4474
927605,4618
927835,4446
928026,4528
928174,4472
928256,4512
928467,4385
928516,4494
928656,5164
928744,4776
928785,4824
929042,5426
929076,5021
929216,4669
929249,4679
929373,4760
929407,4680
929524,5520
929816,5620
930672,5130
930902,5113
931416,5124
931628,4861
931864,4724
932008,4380
932527,4260
932934,3960
933058,4385
933357,4413
933652,4209
933762,4276
933967,4686
934000,4904
934031,4731
934125,5782
934146,4838
934184,4853
934419,4551
934573,4493
934691,4947
935618,4074
935852,3933
936070,4057
936671,3971
936832,3904
937020,3926
937180,3715
937218,3762
937326,3742
937480,4247
937741,4379
937891,4792
937909,4173
938063,4491
938316,4920
938490,5777
938681,5638
938823,5546
939064,4335
939109,4786
939292,4414
939450,4344
939740,4238
939957,4121
940012,4200
940171,4107
940204,4184
940306,4238
940450,4347
941481,3414
941501,3499
941655,3576
941813,3820
941842,3868
941964,3860
942239,3856
942303,3657
946375,2864
946636,2777
946825,2772
947232,2879
947276,3036
947414,3517
947449,3073
947563,4023
947613,4958
947620,3203
947782,3456
947943,3903
948098,5669
948216,4257
948362,5170
948425,5509
948494,6295
948541,6302
948586,6311
948631,8026
948683,7503
948728,8018
948774,7765
948817,7470
948879,7514
948923,7460
948968,7507
949011,7731
949059,7804
951417,5457
951659,5384
951944,6468
952102,6300
952246,5987
952253,6650
952409,6352
952583,5881
952670,6101
952916,5599
953069,6254
953232,6140
953405,5869
953920,4963
954081,4979
954251,5495
954422,4999
954557,5556
954596,5630
954695,5723
954890,5818
954948,6028
955169,5889
955324,5939
955360,6353
955442,6073
955610,6748
955970,6441
956387,5977
956582,6032
957123,6126
957698,5704
957791,5622
958252,5874
958591,5877
958815,5481
958958,5329
959212,5445
959473,5237
959610,5271
960471,5347
960522,4985
960671,5917
960814,5878
960819,5080
961089,4889
961196,4871
961345,5297
961515,5342
961854,5059
961884,4929
961991,4973
962805,4408
962880,4439
963012,4635
963125,4699
963233,4766
963506,4593
963523,4738
963660,4731
963796,4753
963961,4883
963994,5678
964302,5240
964498,5222
964517,4847
965628,5265
965646,4815
965857,5254
965996,4702
966386,6486
966514,6413
966651,5321
966841,5238
966990,5149
967126,5085
967217,5085
967259,5093
968349,4440
968508,4378
968675,4374
968798,5126
968858,5199
968977,5424
969010,4854
969090,5407
969188,5640
969374,5069
970046,4556
970252,4406
970300,4628
970332,4662
970390,5004
970582,4240
970739,4374
970938,4467
971076,4198
971203,4528
971245,4947
971283,4998
971313,5212
971345,5332
971375,5678
971411,5847
971445,6014
971533,5857
973233,4291
973397,4250
974907,3470
975139,3315
975222,5109
975424,5289
975440,3589
975585,4875
975613,3653
975732,4879
975874,3607
975890,3729
976758,3684
976897,3913
977079,3687
977231,3627
978079,3036
978228,3126
978536,5177
978576,3189
979597,3250
979854,2787
980061,3419
980243,3314
980556,3351
981280,2859
981433,2798
981572,2775
982266,3099
982650,2976
982875,3624
983020,3532
983405,4060
983541,4016
984411,3816
984602,3724
984659,4750
984838,4489
984855,3590
984884,4576
984918,4926
985016,4021
985191,4039
985302,4471
985413,4288
985434,4596
985457,4769
985495,5790
985527,6170
985551,6373
985659,4433
985785,4618
985949,4610
985981,4408
986136,4986
986578,4770
986717,4711
986847,4660
986928,4690
986965,4782
987080,5177
987702,5076
987877,4930
988038,4911
988243,4722
988442,4600
988604,4509
988758,5888
988912,6039
989261,5280
989783,5293
989931,5380
990120,5496
990209,5540
990638,5028
990663,4953
990821,5122
990957,5096
990997,5089
991117,5295
991196,5144
991337,5142
991500,5031
991631,4980
991765,4934
992438,4908
992496,4898
993334,4309
993482,4534
993512,4615
993645,4408
993659,4568
993780,4722
993793,4485
994069,5194
994268,5122
994366,5205
994435,5060
995339,4635
996128,4176
996241,4160
996532,3984
996683,3906
996902,4025
996939,4356
997083,4397
997201,4340
997345,4711
997484,4374
997687,6001
997692,5849
997812,5977
997837,6052
998090,5647
998212,5315
998271,5816
998319,5417
998477,5314
998531,5307
998815,5273
1000753,3595
1000971,3789
1000999,3784
1001107,3852
1001131,3962
1001308,4435
1001354,3831
1001478,3780
1001590,3736
1001731,3886
1001896,3884
1001938,4119
1002148,4917
1002217,4505
1002369,4165
1002764,4800
1002889,4384
1003036,4749
1003076,4502
1003569,4334
1004921,3345
1005560,2888
1005825,3030
1005859,3159
1006001,3524
1006123,3713
1006211,3813
1006416,4275
1006563,3677
1006755,4151
1006882,3590
1007094,3525
1007261,3480
1007406,3403
1007421,3638
1007589,3406
1008804,3157
1008908,3163
1009080,3532
1009104,3779
1009221,3776
1009258,4174
1009560,3705
1009861,4093
1010078,4283
1010739,3928
1010830,3633
1010978,3786
1011419,3966
1011555,3905
1011588,5101
1011636,6328
1012792,5225
1013712,4647
1013846,4965
1014073,5196
1014088,5744
1014222,5774
1014456,5461
1014566,5312
1014901,5031
1015058,4987
1015223,4876
1015247,5851
1015510,5193
1015735,5170
1015879,5077
1016020,4984
1016199,4852
1016218,4656
1016334,5457
1016525,4790
1016779,4631
1016970,4627
1017138,4516
1017315,4388
1017489,4431
1017725,4345
1018144,4119
1018186,4470
1018518,4396
1018772,4218
1018857,4693
1018920,4141
1019019,4583
1019037,4709
1019740,4923
1019972,4680
1020124,4634
1020742,4402
1020901,4180
1021125,4662
1021277,4619
1021409,4680
1021432,4763
1021602,4674
1021804,4557
1022586,4156
1023246,3797
1024629,3308
1024793,3338
1024818,4210
1025022,3567
1025228,3752
1025374,3345
1025515,3156
1025866,3819
1025929,3892
1026058,3678
1026122,3750
1026306,4079
1026452,3823
1026596,3730
1026743,3711
1026882,3774
1027308,3678
1027517,4037
1027541,3522
1027630,3976
1028753,2946
1028798,3667
1028926,3671
1029102,3544
1029210,3293
1029502,4114
1029539,3740
1029667,3715
1029785,4040
1029932,4032
1030063,4050
1030231,3861
1031118,3796
1031223,3122
1031396,3069
1031761,3347
1032682,2864
1032717,3230
1032828,3338
1032929,3476
1033446,3320
1033461,3371
1034756,3256
1034909,3138
1034998,3238
1035220,3025
1035366,2987
1035514,2961
1035650,3174
1035788,3122
1035813,3715
1035970,3904
1036136,3549
1036290,3927
1036415,3639
1036456,4376
1036604,4090
1036644,3842
1036958,3962
1037128,4133
1037196,3486
1037227,3549
1037364,3604
1037502,3992
1038720,3523
1038919,3307
1039085,3706
1039138,4727
1039200,3241
1039327,3352
1039442,3567
1039659,4305
1039683,4359
1039739,4035
1040322,4652
1040483,4275
1040901,3706
1041024,3635
1041197,3536
1041345,3703
1041465,3734
1041562,4555
1041695,4591
1041840,3786
1042766,3064
1043011,3030
1043053,3325
1043196,3229
1043322,3158
1043346,3326
1043846,3107
1043993,3011
1044145,4148
1044434,3282
1044474,3604
1044803,3627
1045006,3849
1045194,3746
1045944,3180
1047845,4412
1047947,3332
1048111,3285
1048134,6470
1048508,6723
1048555,4030
1048638,6249
1048696,4391
1048909,6211
1049046,5660
1049172,4140
1049311,4087
1049357,5965
1049433,3786
1049498,5300
1049582,3910
1049634,5798
1049802,5823
1049832,5692
1050596,5121
1050761,5199
1050918,5200
1051078,8945
1051236,8539
1051294,9322
1051348,9201
1051399,7182
1051880,4163
1051906,4328
1052068,5261
1052131,6826
1052343,5447
1052394,5041
1052524,5680
1052703,5173
1052748,5214
1052875,5440
1052921,5334
1053039,5350
1053215,5224
1053492,5178
1053655,5123
1053859,5010
1054230,5028
1054237,4905
1054397,4911
1054419,4983
1054556,4890
1054715,4808
1054873,4759
1055044,5204
1055225,5123
1055393,5011
1056201,4482
1056346,4525
1056479,4869
1056621,4480
1056657,4560
1056956,6911
1057218,7213
1057380,7120
1057542,7594
1057548,7395
1057699,7713
1057857,7488
1058008,7828
1058065,7711
1062068,3759
1062373,3502
1062614,3671
1062783,3835
1062822,3676
1062942,3750
1063102,4980
1063227,3633
1063527,3701
1063704,4525
1063866,4414
1064623,3495
1064780,3701
1064902,3690
1065286,4003
1065439,3951
1065458,4020
1065615,5132
1065649,4022
1065864,3912
1065922,3951
1066071,4027
1066125,4943
1066182,4661
1066302,4598
1066328,4941
1067065,4194
1067331,4004
1067581,4098
1067806,3998
1067955,3800
1068668,3165
1068834,3205
1069000,3121
1069147,3883
1069582,3327
1069846,4206
1069947,3236
1070123,4420
1070193,3392
1070333,3303
1070727,3320
1070896,3909
1071423,3442
1072203,3132
1072405,2832
1072545,2855
1072686,3189
1072875,3363
1073014,4404
1074290,3812
1074442,3766
1074925,3393
1075201,3249
1075434,3207
1075458,3889
1075686,3543
1075821,3470
1075926,3405
1076137,3823
1076199,6381
1076226,3985
1076254,4314
1076279,4425
1076310,6321
1076337,4889
1076362,4999
1076388,5236
1076421,5006
1076519,3579
1076732,3763
1076916,4835
1077063,4790
1077236,4292
1077781,5536
1078407,4960
1078477,4328
1078619,4259
1078894,4053
1079032,4294
1079060,4385
1079391,4177
1079433,4256
1079639,4140
1079677,4240
1079819,4681
1080244,4399
1080524,4241
1080650,4626
1080811,4224
1080911,4787
1081086,4554
1081950,3820
1081999,3858
1082126,3977
1082205,3750
1083076,3723
1084096,3668
1084228,3058
1084261,3149
1084398,3821
1084938,3504
1085084,3306
1085267,3223
1085454,3416
1085730,3865
1085881,3771
1086020,3682
1086167,3610
1086306,3519
1086446,3447
1086568,3373
1087409,2962
1087564,2906
1087594,3284
1087777,3258
1087915,3527
1088057,3903
1088077,4481
1088229,4380
1088251,3876
1088641,3823
1089085,3841
1090548,2856
1090599,3051
1090685,3044
1090835,3804
1090916,3603
1091135,3777
1091178,3683
1091204,3365
1091359,3508
1091477,3698
1091617,3614
1091797,3483
1091972,3376
1092183,3226
1092498,3160
1092651,3081
1092771,3012
1093455,2850
1093742,3154
1093778,3079
1093955,3935
1094081,4294
1094372,4283
1094540,4370
1094708,5237
1094905,5141
1095046,4951
1095202,5192
1095342,5447
1095481,4968
1095631,5108
1095848,5011
1096677,4231
1096722,4299
1096946,4417
1097088,4398
1097263,4318
1097303,4666
1097412,4473
1098108,4081
1098470,4057
1098486,4128
1099005,3889
1099189,3805
1099346,4089
1099678,3616
1099739,3810
1099892,4622
1100034,5195
1100078,5224
1100099,3582
1100560,4330
1100849,4271
1100985,4295
1101125,5325
1101144,5100
1101182,4324
1101323,4368
1101408,4811
1101712,4794
1101876,4227
1102091,4194
1103568,3416
1103613,3237
1103777,3987
1103884,4253
1103975,3301
1104148,4335
1104229,3314
1104542,3493
1104726,3842
1105549,3579
1105568,3686
1105764,3578
1105917,3749
1105938,3717
1106041,3746
1106279,3654
1106568,3472
1106696,3352
1106824,3393
1107602,3259
1107623,3476
1107792,3770
1107972,3641
1108215,3447
1108330,3401
1108586,3251
1108827,3526
1108956,3500
1109070,3335
1110138,3279
1110214,3112
1110283,3942
1110467,4166
1110503,3206
1110651,3314
1110819,3956
1110996,3949
1111214,3598
1111343,3733
1111550,3515
1112965,2909
1113138,3089
1113309,3262
1113497,3125
1113663,3102
1113843,3606
1114027,4406
1114034,3649
1114306,3293
1116240,2850
1116954,3168
1117142,4917
1117265,3463
1117446,3350
1117593,3662
1117755,3590
1117912,3552
1118067,4142
1118501,3608
1119276,3572
1119431,3518
1119456,5098
1119577,3673
1119643,5753
1119793,5723
1119819,4260
1119943,5707
1119964,4309
1120082,5263
1120216,4880
1120366,5387
1120393,4946
1120557,5302
1120596,4911
1120714,4912
1120937,4772
1120954,5022
1121107,6037
1121436,5650
1121721,5655
1121897,5435
1121917,5342
1122070,5138
1122247,4927
1122396,4911
1122662,5001
1123034,4680
1123221,4727
1123392,4605
1123544,4500
1123699,4394
1123850,5148
1124004,5045
1124202,5068
1124373,5137
1124652,5378
1124808,5016
1124966,5180
1125174,5095
1125176,5776
1126113,4818
1126277,4388
1126289,4810
1126438,4399
1126660,4373
1126832,4384
1127735,3663
1127943,3654
1128134,3975
1128252,3502
1128527,3952
1128624,3894
1128686,3950
1128833,4159
1128852,4054
1128995,3901
1129084,4136
1129302,4002
1129542,4112
1131064,3236
1131250,3442
1131376,3427
1131478,3529
1131611,3445
1131816,3324
1131886,3458
1132676,3521
1132720,3587
1132874,3574
1133022,3605
1133055,3759
1133260,3607
1133343,3731
1133491,3972
1133510,4064
1133656,3814
1133835,4189
1134029,4199
1134233,4050
1134360,4076
1135666,3207
1135825,3104
1135857,3204
1135993,3105
1136164,4802
1136498,3746
1136513,4304
1136771,3927
1136909,3839
1136930,4386
1137075,4622
1137121,4860
1137851,3908
1137868,4025
1138043,4249
1139494,3341
1139520,3260
1139631,3218
1139731,3341
1139870,3476
1139903,3280
1140091,4358
1140161,4389
1140240,3896
1140274,4950
1140511,3990
1140535,4377
1140764,3875
1141005,4395
1141213,4236
1141353,4220
1141492,4370
1141620,4362
1141784,4267
1142702,3529
1142868,3427
1142901,4033
1142966,3477
1143218,3310
1143612,4037
1143631,3328
1143715,3605
1143864,3385
1144585,4037
1144728,3954
1144753,3516
1144910,3847
1145053,3840
1145204,4056
1145349,3967
1147001,3082
1147018,3460
1147202,3326
1147328,3687
1147422,4409
1147696,3436
1147759,3872
1147908,3828
1148055,3631
1148207,3751
1148349,3677
1148493,3582
1148798,3326
1149053,3175
1149367,2915
1149395,3015
1149542,2919
1149604,2980
1149718,2919
1149901,3641
1149903,3719
1150045,3666
1150184,3594
1150316,3732
1150353,3630
1150492,3794
1150724,4206
1153011,3761
1153282,3547
1153444,3437
1153683,3300
1153810,3657
1154129,3463
1154510,2999
1154659,3040
1155060,2791
1155255,2818
1155343,2805
1155497,2872
1155518,2912
1155654,2997
1155793,2950
1155931,3451
1155967,4030
1156002,4050
1156379,3722
1156654,3695
1156821,3580
1158418,3098
1158477,3052
1158610,4136
1158809,2868
1159007,2893
1159138,4159
1159202,3850
1159532,3339
1159688,3666
1159831,3628
1159860,4107
1160130,4578
1160224,4645
1160362,4671
1160456,4313
1160483,4388
1160599,4424
1160715,5454
1161762,4588
1161911,4274
1162003,3073
1162035,4210
1162138,3974
1162179,3729
1162299,3660
1162558,3779
1162580,3719
1162720,3681
1162867,3662
1163094,4237
1163132,4103
1164061,3368
1164210,3305
1164599,4113
1165118,3492
1165595,3392
1165744,3295
1167958,3017
1168013,4935
1168231,4602
1168363,6073
1168374,4054
1168483,6282
1168598,6536
1168740,6223
1168822,5979
1168860,5686
1169034,6207
1169280,6042
1169406,6014
1169538,5514
1169542,5542
1170399,4976
1170568,4652
1170721,4549
1170912,4793
1171090,5804
1171276,4732
1171299,5988
1171402,5715
1171432,4405
1171459,5779
1171524,5909
1171605,5731
1171621,4301
1171871,4721
1172590,4477
1173045,3979
1173255,4092
1173412,3994
1173498,3886
1173565,3890
1173684,3874
1173792,4571
1173845,4633
1173952,4601
1174006,4667
1174102,4659
1174253,4632
1174269,4740
1174415,4707
1174601,4652
1174612,4761
1174802,4692
1174913,4697
1175593,5547
1175763,6752
1176265,6568
1176351,7019
1176429,6854
1176525,7031
1176637,6784
1176649,6991
1176703,7022
1178038,5839
1180397,3877
1180602,3727
1180757,3620
1180951,3719
1180966,4023
1181124,3799
1181270,3856
1181288,3746
1181439,3699
1181463,3983
1181615,3742
1181774,3673
1181930,3621
1182083,3651
1182244,3599
1182252,3397
1182415,3510
1182644,3383
1182981,3573
1183404,4426
1183538,3935
1183679,4145
1183891,3699
1184435,4456
1184449,4622
1184758,4789
1184813,5666
1187103,4121
1187289,3317
1187295,3354
1187475,3186
1187654,3195
1187661,3661
1188119,3268
1188653,3573
1188807,3297
1188949,3886
1189126,3199
1189431,3014
1189578,3072
1189598,3545
1189719,3288
1189857,3223
1189973,3475
1190124,3569
1190209,3433
1190469,3633
1190690,4049
1190839,3921
1190933,3742
1190964,3888
1191311,3747
1191462,3604
1191639,3546
1191991,3472
1192136,3636
1192588,3430
1192747,3355
1193032,3548
1193192,3438
1193242,3775
1193442,3887
1193562,3490
1193674,3667
1193915,3755
1194113,3548
1194879,3108
1195292,2975
1195491,2832
1195614,2793
1196209,2823
1196356,2905
1196512,2936
1196637,3374
1196690,3406
1197104,3290
1197119,3415
1197441,3044
1198791,3553
1198977,3471
1199124,3800
1199456,3458
1199708,3085
1200573,3393
1200743,2816
1200779,2871
1200896,3138
1200961,3221
1201036,3341
1201085,3423
1201190,3479
1201327,3392
1201356,3460
1201422,3702
1201512,3676
1201601,3745
1201731,3652
1201777,3688
1201889,3664
1203034,3230
1203072,3306
1203469,3079
1203649,3218
1203806,3282
1203851,3219
1203979,3647
1204432,4173
1204637,3790
1204842,3860
1204998,4028
1205027,3764
1205416,3564
1205633,3546
1205874,3385
1206901,3039
1206923,3546
1207126,3953
1207217,3943
1207316,3383
1207463,3749
1207489,3735
1207752,3659
1208004,3395
1208206,4225
1208387,3890
1209235,3094
1209400,2978
1209445,3206
1209607,3611
1209632,3160
1209739,3953
1209771,3751
1209930,3626
1210078,3564
1210116,4086
1210187,4041
1210222,4057
1210262,4333
1210503,4021
1211512,3311
1211694,3655
1211876,3523
1212024,3732
1212471,3454
1212513,3498
1212636,3462
1213144,3483
1213246,3228
1213396,3419
1214331,3249
1214356,3078
1214504,3600
1214637,3589
1214662,3699
1214808,4257
1214865,3623
1214942,4071
1215072,4419
1215092,4447
1215300,4140
1217120,3453
1217122,3256
1217519,3149
1217611,3144
1217824,3890
1217838,3528
1217950,3767
1217997,3652
1218178,4063
1218301,4103
1218470,3814
1218590,3881
1218733,3788
1218858,3773
1218947,3782
1219076,3890
1219237,4116
1219278,3749
1219529,3600
1219710,3694
1219777,3766
1220534,3853
1220688,3519
1220990,3449
1221181,3487
1221331,3479
1221543,3455
1221752,3350
1221894,3693
1222014,3500
1222988,3491
1223188,3393
1223204,3469
1223370,3427
1223416,3432
1223609,3569
1223746,3686
1223893,3589
1224029,4072
1224209,3740
1224541,3954
1224586,3962
1225217,3579
1226913,2943
1226945,3182
1227110,4406
1227244,3314
1227269,3491
1227409,3999
1227613,3737
1227660,4244
1227773,3734
1227800,4053
1227935,4081
1228031,4031
1228113,4065
1228291,4185
1228314,4405
1228672,4079
1228856,4075
1228997,4192
1229233,4008
1229838,3464
1229891,4572
1229971,3375
1230035,3422
1230069,3903
1230103,4279
1230568,4010
1230614,4082
1231149,3916
1231236,4178
1231361,4157
1231473,4095
1231601,4016
1231732,4012
1231928,3872
1232995,3829
1233018,3897
1233174,4052
1233316,4388
1233385,5153
1233533,4956
1233559,4316
1233695,4751
1233719,5037
1233856,4749
1234034,4868
1235990,2930
1236023,2973
1236136,2948
1236307,3473
1236330,2968
1236464,3140
1236494,3148
1236572,3283
1236729,3775
1236882,3763
1236968,3921
1237123,3964
1237259,3981
1237379,4269
1237513,4259
1237913,4598
1240245,3088
1240312,3244
1240455,3196
1240610,3219
1240748,3627
1240891,3537
1240971,3535
1241193,3943
1241279,3411
1241302,4192
1241308,3704
1241918,3151
1242114,3308
1242269,3206
1242452,3280
1242592,3484
1242735,3618
1242888,3555
1243064,3772
1243307,3593
1244011,3404
1244472,3228
1244694,3788
1244844,3688
1244879,3720
1245024,3759
1245214,4197
1245256,4414
1245339,4411
1245507,4384
1245519,4863
1245708,4375
1245772,4413
1245911,4382
1246240,4420
1246426,4313
1246481,4376
1246558,4384
1247759,3730
1247914,3628
1247965,3687
1248073,3524
1248107,3614
1248317,3698
1248340,3715
1248503,3958
1248622,3730
1248641,4071
1249240,4210
1249243,4349
1249441,4529
1249474,4345
1249594,4504
1250975,3496
1251043,3532
1251124,3819
1251217,3600
1251489,4321
1251689,4041
1251848,5196
1251867,4038
1252082,4292
1252120,4461
1252193,3836
1252488,4789
1252540,4568
1252744,4436
1252772,4458
1252951,4629
1253190,4566
1253350,4538
1253606,4331
1254805,3205
1254982,3253
1255033,3249
1255207,3367
1255350,3212
1255468,3289
1255549,3488
1255646,4009
1256388,3887
1256583,3929
1256748,3750
1256770,3916
1256933,3837
1257106,4144
1257265,4037
1258803,3034
1259040,3199
1259081,3228
1259234,3016
1259388,3073
1259572,2990
1259700,2926
1259738,2970
1259875,3370
1259992,3325
1259997,3480
1260422,3584
1260441,3606
1260581,3559
1260765,3754
1260817,3646
1260886,3580
1260943,3640
1261035,3693
1265119,2883
1265699,2784
1265869,2863
1266034,2879
1266235,3110
1266253,3145
1266415,3183
1266432,3337
1266595,3405
1266611,3497
1266754,3540
1266781,3579
1266918,3473
1267068,3894
1267259,3513
1267416,3405
1267570,3299
1267905,3377
1268358,3160
1268508,3271
1268664,3183
1268777,3708
1268931,3501
1268950,3587
1269120,4122
1269378,3975
1269724,3684
1270463,3762
1270611,3532
1270695,3845
1270841,3752
1271909,3314
1271964,3335
1272014,3676
1272105,3825
1272262,3868
1272288,3651
1272533,3587
1272586,3648
1272658,3621
1273771,3254
1274003,3125
1274020,3368
1274495,3102
1274631,3669
1274785,3456
1274802,3271
1274979,3505
1274995,3411
1275009,3379
1275437,3519
1276364,3927
1276547,2936
1276715,3092
1276861,3082
1276962,3427
1277147,3757
1277222,3487
1277435,3354
1277687,3268
1278913,2944
1279087,2876
1279109,3637
1279251,3238
1279282,3300
1279433,3984
1279579,3928
1279601,3775
1279765,3640
1279973,3616
1280090,3783
1280989,3007
1281043,3788
1281211,3099
1281683,3225
1281753,3318
1281939,3183
1282001,3222
1282129,3431
1282202,3263
1282699,3802
1282759,3419
1282883,3675
1282915,3727
1283032,3946
1283191,3846
1283794,3563
1283951,3698
1284054,3487
1284406,3958
1284651,3291
1284656,3526
1284888,3541
1285520,3002
1285691,3053
1285873,3245
1285953,3651
1286101,3243
1286317,3336
1286335,3801
1286482,3780
1286620,3402
1286767,3590
1286782,4190
1287712,3085
1287744,3343
1288001,3136
1288034,3484
1288175,4079
1288209,3371
1288858,4637
1288937,3370
1289006,4758
1289051,4530
1289485,3153
1289787,3258
1289864,4595
1289966,3098
1290126,4388
1291129,4208
1291221,3723
1291338,4086
1291550,3924
1291787,3424
1291828,3905
1292440,3407
1292518,3403
1292709,3677
1293511,3229
1293649,3282
1293882,3300
1293918,3359
1294052,3422
1294092,3850
1294278,3435
1294522,3518
1294658,4065
1294675,4099
1294784,4195
1294957,4142
1295112,4813
1295213,4008
1295359,3914
1295568,4523
1295687,4292
1296434,3593
1296584,3496
1296787,3752
1296970,3945
1297214,3437
1297367,3501
1297412,3734
1297445,3796
1298144,3716
1298191,3400
1298380,4364
1298414,3851
1298562,3777
1298658,4236
1298840,4159
1299199,3749
1299380,3694
1299543,3827
1299694,3745
1300551,3272
1300721,3200
1300945,3710
1300979,3384
1301132,3574
1301253,3242
1301439,4252
1301490,4620
1301534,4691
1301690,3678
1301891,3931
1301921,3503
1304148,3652
1304186,3666
1304238,3992
1304530,4137
1304955,3800
1305225,3586
1305247,3556
1305434,3598
1305569,4005
1305643,3624
1305790,3804
1305923,3708
1306182,3539
1306366,3400
1306417,4192
1306557,4006
1306586,3751
1306725,3713
1306752,3916
1306885,4002
1306911,3896
1307003,4498
1307057,4488
1307299,4327
1307326,4355
1307426,4489
1307609,4772
1307627,5235
1307913,5071
1308543,4561
1309063,4227
1309097,4613
1309296,4141
1309436,4105
1309629,3996
1309815,4176
1309879,4293
1310049,4685
1310511,4271
1310620,4258
1310694,4486
1311213,4436
1311271,4961
1311347,4586
1311747,4557
1311948,4422
1311981,4439
1313780,3101
1313824,3314
1313955,3516
1314004,3568
1314127,3402
1314269,3308
1314307,3737
1314459,3800
1314489,4540
1314581,4254
1314640,4448
1314821,4400
1314961,4872
1314990,4371
1315056,4328
1315797,5064
1315982,4078
1316928,3161
1317359,2886
1317603,2795
1317624,2860
1317766,3071
1317793,2891
1317928,3969
1317954,4596
1318105,3799
1318126,3652
1318289,4058
1318315,4322
1318510,3965
1318647,4125
1318897,4014
1320966,3039
1321042,3754
1321098,4189
1321244,3257
1321416,3516
1321567,3416
1321603,3248
1321738,3447
1321980,3631
1322034,3430
1322184,3646
1322196,3701
1322386,3735
1322616,3673
1322963,3271
1323112,3567
1323182,3549
1323239,3556
1323393,3564
1323636,3876
1325945,3509
1325971,3561
1326195,3416
1326351,4265
1326391,4052
1326523,3977
1326611,4873
1326754,4265
1326853,4384
1326993,4349
1327125,3889
1327240,3930
1327295,4099
1327381,4372
1327558,4247
1327613,4388
1327695,4579
1327740,4310
1327850,4257
1328060,5159
1328234,3988
1328379,4279
1328593,4361
1328770,4267
1330087,4293
1330108,5363
1330261,4032
1330712,4612
1330883,4637
1331048,5408
1331183,4706
1331333,4607
1331481,5181
1331534,5756
1331595,5362
1331698,5152
1331842,5509
1331925,5221
1332893,5108
1333095,4975
1333257,4984
1333311,5060
1333574,4754
1333712,4708
1333830,4721
1333945,4690
1334056,4666
1334180,4630
1334327,4736
1334392,4604
1334498,4663
1334617,4654
1334786,4795
1335325,4340
1335469,4293
1335588,4841
1335601,4934
1335723,5111
1335731,4890
1335852,5393
1335996,5357
1336196,5262
1336333,5333
1336500,9551
1336653,7662
1336780,7652
1337470,6081
1337656,5770
1338815,5721
1338843,5008
1338991,5100
1339114,5549
1339366,4820
1339508,5413
1339661,5372
1339842,5581
1340040,5100
1340082,4709
1341011,4118
1341249,4430
1341409,4378
1341565,4345
1341752,4265
1341906,4688
1342065,4740
1342272,4652
1342426,4601
1342595,4541
1342746,4535
1342798,4421
1342949,5506
1342975,4425
1343106,6420
1343132,5216
1343243,5382
1343258,5564
1343313,5593
1343370,6070
1343421,6112
1343483,6301
1343534,6651
1343603,5986
1343613,6636
1343664,6734
1343715,6915
1343768,6948
1343823,6942
1343910,5733
1343914,7183
1343977,8260
1344030,7259
1344088,7151
1347511,4872
1347675,4432
1347829,4447
1347979,4693
1348143,4694
1348219,4322
1348243,4447
1348553,4484
1348678,5215
1348736,4882
1348794,5049
1348919,4383
1349875,3920
1350168,3821
1350359,3646
1350465,4268
1350699,3731
1350835,3905
1350875,4135
1350907,4442
1350935,4027
1351316,4425
1351316,5036
1351471,4981
1351633,4771
1352079,4422
1352356,4193
1354021,3916
1354551,3029
1354571,4356
1354770,3980
1354793,4073
1354991,3773
1355046,3850
1355209,3607
1356732,3037
1356899,4150
1356957,3119
1357085,3356
1357088,3766
1357108,3380
1357645,3109
1357698,3283
1357803,3586
1357944,3524
1358082,3956
1358580,3556
1358950,3345
1358987,4244
1359112,4115
1359201,4325
1359216,3462
1359245,3833
1359354,3617
1359388,3744
1359583,3719
1360267,3412
1360318,3470
1360491,3353
1360644,3941
1360817,3465
1360873,3764
1361032,3671
1361210,4550
1361217,4356
1361372,4253
1361557,4962
1361584,4225
1361747,4219
1361897,4594
1362045,4545
1363772,2940
1363887,3567
1364025,3261
1364091,3278
1364247,3759
1364420,4120
1364438,3931
1364588,3899
1364727,3962
1364751,3849
1364884,4007
1365039,4223
1365056,4184
1365909,3661
1366052,3564
1366235,3636
1367488,2997
1367675,2960
1367836,3021
1368068,3497
1368257,3361
1368296,3446
1368517,3288
1368724,3554
1368920,3559
1368942,3685
1369059,3722
1369511,3798
1369653,4100
1369789,4112
1369954,3859
1371128,3089
1371199,3118
1371359,3426
1371402,3297
1371544,3349
1371699,3282
1371855,3271
1371977,3431
1372087,3568
1372307,3814
1372359,4151
1372488,3822
1372675,3728
1372821,3668
1373024,3955
1373243,3792
1373472,3934
1373596,4080
1375073,3360
1375257,3089
1375504,3102
1375692,3046
1376299,3250
1376578,3646
1376724,3664
1376951,3548
1377071,3377
1377113,4113
1377238,4046
1377435,3390
1377499,3563
1377641,3713
1377719,3834
1377759,3909
1377842,4252
1377873,4103
1378981,3893
1379135,3686
1379176,3293
1379325,3336
1379469,3260
1379610,3276
1379747,3306
1379910,3614
1379961,3645
1380084,3925
1380092,3967
1380292,4177
1380474,3937
1380884,3992
1381047,3935
1381386,3661
1381404,3832
1383138,4325
1383397,3136
1383688,3969
1383743,3948
1383988,3569
1384517,2999
1384962,3033
1385091,3541
1385211,3512
1385379,3399
1385414,2991
1385505,3344
1385567,3181
1385798,3067
1385952,3066
1385979,3063
1386187,3032
1386329,3065
1386351,3146
1386427,3154
1386719,3170
1386918,3475
1387293,3367
1387688,3166
1387726,4672
1387888,4563
1389361,3382
1389543,3117
1389607,3120
1389735,3070
1389759,3413
1389917,3300
1390054,3240
1390239,3145
1390276,3553
1390479,3773
1390502,3502
1390634,3650
1390694,3570
1390779,3664
1390945,3459
1390954,3592
1391193,3456
1392075,3259
1392565,3111
1394732,3121
1394754,3296
1394906,3529
1394930,3606
1395076,4215
1395100,4125
1395509,3847
1395719,3939
1395742,3837
1395875,3754
1396006,3672
1396147,3935
1396297,3586
1396344,3633
1396505,3895
1396659,3814
1396810,3999
1397107,4132
1397213,3782
1397364,4043
1397383,3921
1397541,4273
1397558,4482
1397692,4446
1397743,5857
1397882,4455
1397945,4476
1398075,4779
1398722,4797
1398890,4884
1399056,4634
1399417,4406
1399904,4563
1400321,4097
1400469,4070
1400607,4052
1400901,3926
1401038,4584
1401078,4399
1401194,4336
1401357,4372
1401453,4215
1401498,4612
1401637,5360
1402174,4663
1402328,4559
1402467,5159
1402684,5024
1402909,4471
1402925,4864
1403289,4639
1403448,5055
1403634,4987
1403753,4817
1403888,4783
1404033,4685
1404197,4579
1405131,3928
1405186,3698
1405207,4515
1405356,4513
1405511,3790
1405667,4105
1405797,4231
1405815,4005
1405923,4519
1406017,4547
1406058,4585
1406381,4514
1406593,4464
1406798,4306
1408129,3446
1408378,3197
1408998,3672
1409057,3368
1409352,3466
1409495,3371
1409514,3596
1409724,3497
1409866,3587
1409911,3579
1410073,3776
1410102,4718
1410314,4345
1411242,3165
1411400,3113
1411612,4200
1411637,3111
1411776,3255
1411910,3889
1411986,3693
1412054,3518
1412545,3332
1412546,3463
1412701,3670
1412864,3574
1412982,3538
1413096,3475
1413981,2793
1414226,3092
1414289,3111
1414463,3541
1414628,3470
1414807,3613
1414907,3503
1415085,3523
1415092,3859
1415238,3482
1415401,3429
1420101,4837
1420269,3472
1420439,3391
1420673,4069
1420842,4089
1421091,3788
1421494,3802
1421644,3738
1421665,3897
1421824,4269
1421975,4571
1422115,4380
1422136,4622
1422260,4440
1422324,4269
1422471,4413
1422503,4583
1422630,4617
1422672,5274
1422777,4708
1422820,5117
1422934,5076
1422948,5466
1423108,5353
1423308,5217
1423323,5376
1423568,5133
1424016,4848
1424040,5139
1424241,5013
1424259,5254
1424409,5715
1424572,5528
1425032,5185
1425047,5239
1425237,5210
1425392,5202
1425574,5214
1425615,5500
1426139,6099
1426182,5482
1426332,9435
1426374,6129
1427117,5752
1427139,10210
1427506,5099
1427529,10180
1427775,5211
1428838,4450
1428971,4421
1429175,4846
1429297,4947
1429327,5052
1429769,4747
1429915,4684
1430136,4538
1430936,4100
1430964,4022
1431117,4591
1431219,4077
1431381,4720
1431425,6557
1431590,6444
1431745,4785
1432059,5341
1432336,5643
1432691,5414
1433035,5953
1433076,7462
1433233,10006
1433289,10078
1433349,10115
1433404,10454
1433458,12453
1433518,10431
1433562,10466
1433609,10577
1433661,10839
1433712,12668
1433757,10866
1433806,11114
1433856,11201
1433902,11329
1433946,11199
1433991,11481
1434080,8109
1434096,12208
1434158,11802
1434214,11642
1434292,8710
1435252,8490
1435923,8305
1436123,9825
1436335,8243
1437484,8652
1437648,8558
1437815,8449
1438585,7847
1438686,7733
1438823,8053
1438961,8023
1439102,8035
1439240,7846
1439422,7819
1439596,7771
1439731,7820
1439816,8060
1439845,8231
1439975,8493
1440011,8515
1440106,8514
1440512,8063
1440643,8859
1440804,9120
1441074,8782
1441199,8775
1441217,9093
1441354,8671
1441471,8957
1442298,9201
1443336,8598
1443529,8177
1443576,8474
1443696,8160
1444234,7750
1444429,7757
1444723,7376
1445342,8299
1445504,8363
1445536,8600
1445657,8428
1445784,8429
1445976,8285
1447045,7748
1447582,6802
1447704,6768
1447760,6800
1447882,6776
1448450,6293
1448629,6259
1448774,6836
1449180,5845
1449337,6716
1449382,6954
1449536,6851
1450741,5694
1450895,5589
1450986,6430
1451034,5563
1451305,5529
1451577,5399
1451756,5368
1451971,5294
1452114,5308
1452262,5316
1452416,5310
1452455,5468
1452604,5429
1452737,5914
1452876,5903
1453021,5707
1453072,5788
1453193,5736
1453217,5758
1453769,6155
1453918,6207
1453985,6215
1454112,6742
1454241,6803
1454354,6741
1454481,6788
1454612,6808
1455054,6513
1455087,6402
1456017,6203
1456388,6211
1457238,5574
1457448,5417
1457634,6245
1458474,5458
1458493,4746
1458696,4968
1458910,4806
1459031,4734
1459206,4607
1459228,4778
1459379,5378
1459407,5524
1459566,5508
1459595,5362
1459734,5274
1459755,5428
1459952,5161
1460122,5093
1460363,4933
1460650,4896
1460864,5014
1460879,5049
1461128,4873
1462208,4066
1462387,4012
1462404,4092
1462548,4084
1462631,4122
1462898,4046
1463098,4102
1463267,3820
1463501,4275
1464046,4579
1464060,4351
1464437,4056
1464601,3979
1464792,4190
1465347,3699
1466843,3678
1466898,3190
1467265,3413
1467308,5011
1467455,3323
1467600,3314
1467651,4838
1467796,4785
1467931,4736
1468131,4904
1468264,4680
1468454,5075
1468657,4788
1468779,4576
1468913,4716
1469029,4234
1469166,4515
1469181,5857
1472762,4528
1473617,3518
1473793,3576
1473951,3592
1474341,4165
1474554,4178
1474716,4321
1474871,4354
1475131,4525
1475222,4615
1475305,4401
1475381,4517
1475464,4772
1475546,4741
1475622,4965
1475709,4830
1475774,5264
1475864,5168
1475930,5166
1476016,6332
1476081,6523
1476205,6351
1476226,6876
1476276,9210
1476320,8932
1476387,6273
1476392,9285
1476437,9182
1476481,9245
1476530,9309
1476547,6205
1476577,9664
1476622,9747
1476673,10028
1476705,6120
1476717,11371
1476775,11449
1476823,11500
1476850,6113
1477003,6268
1477363,8198
1477508,7924
1478219,8253
1478482,8141
1478616,8126
1478862,7952
1479526,9937
1480006,8482
1480025,9078
1480193,8620
1480334,8585
1480370,8500
1480618,8862
1480737,8322
1480876,8666
1481072,8521
1481220,8420
1481676,7913
1481839,7858
1481969,7874
1482002,7867
1482144,8906
1482225,9274
1482441,9119
1482710,8904
1482833,8599
1482982,8685
1483127,8482
1483308,8431
1483502,8381
1483824,8235
1483974,8045
1483998,8146
1484135,8156
1484175,8152
1484266,8357
1484417,8270
1484568,8175
1485358,8778
1485676,8933
1486561,9199
1486974,8895
1487093,7629
1487274,9685
1487334,7487
1487399,8907
1487482,7539
1487625,7506
1487804,9055
1487963,9310
1488296,9133
1488439,9377
1488622,9323
1488797,9242
1488935,8725
1489235,9047
1489915,8167
1490506,8010
1490551,8424
1490691,8156
1491063,8945
1491247,8871
1491447,8791
1492406,8237
1492631,7969
1492789,7715
1492822,8196
1492894,7812
1492956,7959
1493024,8048
1493141,7835
1493539,7640
1493676,7553
1493752,8048
1493806,7501
1493979,9067
1494231,8549
1494395,8496
1494564,8694
1494725,8630
1494883,8676
1495045,8263
1495215,8608
1495330,8562
1495376,8527
1495523,8427
1495542,8719
1495705,8814
1495896,8110
1495974,8664
1496097,8018
1496131,8573
1496299,8031
1496391,8394
1496502,8077
1496547,8318
1496697,8135
1496959,9890
1497177,9329
1497526,9525
1497755,8932
1497920,9134
1498367,8737
1498531,8848
1498724,8901
1498916,8489
1499055,8424
1499276,8749
1499519,8083
1499600,8221
1500309,8722
1500324,9024
1500478,8711
1500796,8736
1501259,8373
1501473,8489
1501626,8386
1501930,7741
1502096,7817
1502165,8902
1502213,7608
1502230,8095
1502390,7877
1502572,8576
1502623,8767
1503053,8460
1503166,8347
1503222,8235
1503656,8005
1503697,8279
1504372,7775
1505279,7143
1505456,7017
1505533,7366
1505656,7324
1505669,7386
1505810,7276
1505846,7334
1505983,7370
1506100,7894
1506672,8120
1506758,7363
1507706,6599
1507966,6395
1508069,6815
1508446,6282
1508645,5940
1508793,6686
1508824,7128
1509179,6501
1509349,7008
1509477,6979
1509667,6477
1509803,6971
1510036,6372
1510233,6736
1510395,6945
1511195,6556
1511227,6609
1511351,6572
1511590,6418
1511729,6375
1511811,6421
1511847,6438
1511960,6401
1512179,6378
1512355,6317
1512477,6280
1513947,5319
1514108,5412
1514997,5129
1515034,4808
1515643,4634
1515791,4463
1515982,4347
1516018,4690
1516144,4690
1516195,4425
1516484,4276
1516619,4309
1516808,4316
1516995,4532
1517200,4378
1517681,4696
1517909,4702
1518050,4610
1518242,4499
1518386,4683
1518401,4999
1518943,4867
1519027,4986
1519053,5585
1519088,5605
1519131,5631
1519656,4348
1521823,4135
1521850,3547
1522006,3589
1522047,4582
1522180,3679
1522199,3774
1522412,3702
1522435,4432
1522624,4098
1522773,4456
1522912,4717
1522964,4037
1523085,4262
1523148,4701
1523191,4627
1523350,4399
1523510,4190
1523652,4148
1523667,4201
1523918,4162
1524089,4059
1525132,3272
1525213,4724
1525568,3253
1525742,4946
1526056,4428
1526263,4474
1526421,4320
1527079,4219
1527571,3675
1528205,3658
1528365,3549
1528628,3349
1528884,3689
1529904,3226
1530316,2961
1530523,3018
1530545,3041
1530770,2954
1530806,3110
1530911,3151
1531042,3584
1531202,3473
1531338,3435
1531386,5463
1531510,3822
1531553,4902
1531701,5018
1531741,4092
1531882,4113
1532041,4049
1532080,4327
1532285,3996
1532971,4143
1533011,3632
1533697,3167
1533860,3404
1534000,3415
1534196,3337
1534353,3444
1534390,3454
1534469,3635
1534546,3753
1534678,3977
1534812,3893
1534950,4095
1535092,4572
1535205,4886
1535241,5375
1535291,4599
1535775,4230
1535825,4959
1535855,5050
1537575,4280
1537727,5209
1537862,5216
1537997,5221
1538135,4873
1538273,3687
1538407,3591
1538487,3694
1538592,4013
1538727,4024
1538761,3591
1538886,3650
1538937,3973
1539758,4027
1540273,3070
1540454,4053
1540616,3949
1540769,3846
1540948,3646
1540959,3704
1541112,5157
1541246,3469
1541408,3602
1541554,4000
1541624,4012
1541644,3354
1541670,4053
1541713,4107
1541760,4210
1541810,4374
1543439,3359
1543618,3328
1543873,3785
1544420,3340
1545051,3810
1545088,3210
1545635,3389
1545786,3284
1545853,3282
1546031,3424
1546185,3426
1546321,3515
1546342,3459
1546481,3783
1546499,3601
1546631,4447
1546779,4100
1546920,4287
1547063,4121
1547094,4304
1547188,4375
1547222,4275
1547357,4255
1548030,4035
1548498,3733
1548646,3641
1549566,3782
1549672,3769
1549902,3698
1549934,3754
1550043,3893
1550088,4132
1550307,3770
1550330,4000
1550616,4515
1550753,4463
1550910,4662
1550984,4714
1551131,4742
1551233,4515
1551253,4645
1551521,4445
1552257,4197
1552430,4108
1552458,4179
1552647,4107
1552790,4190
1552945,4403
1553570,4313
1553751,3999
1554049,3734
1554227,3616
1554369,3668
1554392,4081
1554553,4890
1554651,3879
1554782,3803
1554919,3915
1555082,3878
1555238,3791
1555292,4060
1555449,4596
1555990,4275
1556013,4126
1556286,4435
1556385,4409
1556554,4322
1556703,4599
1557019,4481
1557443,4471
1557618,4405
1558515,3816
1558638,3788
1558666,3827
1558786,4126
1558934,4093
1559091,4101
1559142,4311
1559193,4208
1559194,4161
1559487,4022
1559710,3995
1559949,3816
1560123,4082
1560298,3540
1560939,3457
1560997,3688
1561149,3587
1561339,3747
1561382,4169
1561510,5565
1561600,4088
1561740,4314
1561776,4910
1561894,4583
1562202,4431
1563666,3142
1563811,3108
1564036,3226
1564196,3235
1564218,3302
1564358,3290
1564497,4721
1564560,3938
1564706,4007
1564774,4570
1564921,4474
1564962,4096
1565210,3937
1565374,4058
1565435,4079
1565473,4505
1565770,3723
1566676,3220
1566890,3173
1567786,2794
1567965,2782
1568011,3483
1568101,3493
1568197,3353
1569004,3249
1569305,3292
1569520,3274
1569677,3674
1569716,3688
1571684,2916
1571705,2954
1571822,2910
1571886,3044
1572041,3436
1572063,3690
1572296,3393
1572308,3506
1572465,3813
1572620,4180
1572638,4103
1572822,4280
1572899,4023
1572993,4449
1573146,4027
1573197,4021
1573583,3911
1573911,3761
1573926,3979
1575134,3919
1575206,3638
1575350,3546
1575485,3445
1575617,3504
1575777,3602
1575909,4175
1576050,4537
1576334,4228
1576367,4333
1576493,4145
1576628,4493
1576813,4542
1576948,4703
1576973,4558
1577259,4358
1577291,4661
1577332,4371
1577531,4955
1579486,3432
1579657,3394
1579801,3592
1579924,3614
1580207,3382
1580310,3384
1580443,3303
1580592,3250
1580754,3726
1580934,3775
1580948,3954
1581086,4196
1581196,4531
1581351,4434
1581492,4342
1581679,4203
1581814,4541
1581957,4564
1582182,4685
1582320,4598
1582375,4680
1584111,3523
1584253,3272
1584521,3409
1584578,4959
1584726,5283
1584830,3577
1584987,5157
1585106,3784
1585127,6054
1585369,3855
1585547,4989
1585691,5992
1585809,5925
1585922,5572
1586037,6825
1586200,6839
1586380,5571
1586549,6441
1586711,6204
1587318,5880
1587721,5779
1588011,5122
1588241,4844
1588255,5095
1588499,4784
1588542,4915
1588661,4812
1588727,4869
1588812,4877
1588964,4915
1588993,4992
1589159,5912
1589323,5772
1589339,5980
1589481,5790
1589636,5694
1589656,5761
1589787,5744
1589829,5794
1589976,5756
1590106,6015
1590346,6091
1590613,7126
1590771,6292
1590929,6249
1591036,6345
1591098,6930
1591331,6355
1591470,6318
1591761,6074
1591829,6460
1591987,6239
1592029,6345
1592282,6372
1592428,7257
1592565,6880
1592679,6604
1592689,6688
1592824,6612
1593017,6616
1593792,5988
1594045,6263
1594249,5741
1595413,5500
1595667,5391
1595745,5074
1595756,4991
1595927,5379
1596200,5295
1596330,5368
1596470,5523
1596496,5600
1596635,5596
1596858,5968
1597020,5854
1597205,5611
1597221,6336
1597402,5859
1597439,6459
1597525,5928
1598957,5096
1598989,5472
1599121,5091
1599315,4962
1599471,4888
1599492,5094
1600115,4653
1600129,5154
1600653,4426
1600866,4559
1601036,4577
1601457,4242
1601537,4604
1602405,3888
1602556,3819
1602594,3976
1602690,3951
1602824,4745
1602913,4645
1603050,4557
1603077,4774
1603695,4354
1603822,4442
1603994,4426
1604114,4490
1604197,4538
1605526,3315
1605674,3382
1605804,3192
1605937,3652
1606111,3674
1606190,3915
1606404,3592
1606419,4154
1606597,4254
1606716,4242
1606896,4298
1607021,4229
1607235,4257
1607267,4529
1607435,4425
1607599,4354
1607735,4735
1609699,3955
1609868,3620
1609920,3925
1610071,3805
1610220,3723
1610361,4267
1610393,4174
1610538,4437
1610685,4030
1610925,4315
1610993,6073
1611198,4518
1611336,3959
1611368,5758
1611491,5585
1611504,5716
1611620,5363
1611628,5372
1611754,5444
1611978,4605
1612679,4454
1613124,4195
1614367,4274
1614796,4201
1615096,3789
1615346,3592
1615355,3711
1615537,4899
1615545,5400
1615700,4913
1615801,4967
1615856,5170
1615955,5538
1616012,5210
1616118,5424
1616187,5110
1616255,6466
1616312,6286
1616341,5303
1616359,6412
1616489,5209
1616646,5715
1616802,5807
1617604,5259
1617810,5251
1617963,5265
1618120,5102
1618307,5074
1618683,4649
1619113,5458
1619224,4744
1619367,4999
1619431,5186
1619464,5315
1619484,4562
1619686,4816
1619822,5097
1619950,5256
1620136,6434
1620592,6192
1620753,6082
1620908,6697
1620988,6012
1621148,6041
1621317,6397
1621360,6470
1621488,6313
1621705,6062
1622279,5742
1622436,6060
1623803,4836
1623831,4700
1624126,4790
1624174,4883
1624248,4981
1624335,4884
1624398,4915
1624548,4943
1624613,4848
1624757,4859
1624814,4951
1624988,5205
1625204,4870
1625313,4915
1625459,4791
1625757,5070
1626381,4541
1626429,4583
1626591,5172
1626617,5300
1627014,4828
1627278,4818
1627471,4756
1627639,4502
1627865,4475
1627873,4565
1628051,4528
1628069,5165
1629573,4144
1629646,4586
1629815,4407
1629850,4255
1630126,4529
1630263,4252
1630299,4051
1630403,4162
1630425,4116
1630657,4277
1631634,3499
1633250,2817
1633692,3815
1633930,3681
1634729,3614
1635222,3446
1635372,3179
1635529,3074
1635651,4052
1635768,3081
1635904,3018
1636006,2962
1636375,2903
1636549,3014
1636771,3136
1636901,2984
1637328,3160
1637691,2949
1637856,3147
1638070,3153
1638786,3215
1638942,3340
1639051,3200
1639083,3523
1639320,3957
1639735,3055
1640009,2998
1640136,3227
1640140,3317
1640612,3460
1640758,3110
1640909,3065
1641043,3083
1641497,2947
1641693,2919
1641839,2924
1642027,3502
1642198,3730
1642266,3344
1642491,3598
1643898,3494
1644015,3326
1644459,3008
1644621,3154
1644760,3199
1644792,3262
1644903,3698
1644925,3513
1645052,3791
1645071,4174
1645249,3869
1645398,3779
1645546,3798
1645703,4105
1645739,4527
1645865,4425
1646790,3603
1646969,3747
1647249,3715
1647437,3648
1647537,3478
1647806,3404
1648080,3435
1648087,3546
1648290,3551
1648435,3506
1648699,3588
1648836,3890
1648898,3891
1648971,4470
1649088,4137
1649176,4312
1649352,4248
1649503,4161
1649520,4020
1649699,4549
1649828,4498
1649941,4565
1650751,4121
1651445,4006
1651669,3834
1651976,3731
1652652,3180
1652819,3093
1653025,3539
1653278,3336
1653493,3188
1653652,3346
1653738,3362
1653775,3708
1653901,3435
1653948,3422
1654022,3756
1654066,3829
1654350,3869
1654575,3708
1654805,3783
1655183,3776
1655537,3852
1655742,3703
1655943,3291
1657102,3472
1657612,3043
1657635,3236
1657793,4076
1657830,4110
1658169,3918
1658328,3556
1658372,3854
1658709,3746
1658990,3669
1659208,3719
1659486,3230
1659577,3150
1659648,3458
1659690,3303
1659791,3438
1659956,3429
1660092,3502
1660946,3025
1660985,4135
1661699,3170
1661919,3194
1662098,3504
1662283,3714
1662489,3558
1662762,3685
1662798,3707
1662951,3721
1663137,3795
1663202,3638
1664093,3178
1664244,3132
1664411,3091
1664557,3049
1664705,3378
1664757,3758
1664949,3481
1665133,3876
1665371,3295
1665667,3159
1665833,3049
1665903,3500
1666101,3369
1666207,3568
1666321,3578
1667226,2913
1667407,2969
1667729,3074
1667916,3294
1668048,3396
1668125,3365
1668545,3841
1668589,3399
1668718,3733
1668854,3811
1668957,4191
1669110,3983
1669125,3784
1670317,3173
1670417,2902
1670450,2959
1670589,3166
1670765,3098
1670854,3371
1671011,3328
1671075,3733
1671210,3739
1671240,3861
1671363,3943
1671499,3856
1671524,4030
1671674,3789
1673018,3221
1673282,3917
1673502,3799
1673642,3611
1673829,3711
1673910,3597
1674067,3570
1674233,3501
1674412,3404
1674413,3663
1674997,3394
1675095,3378
1675186,3430
1675315,3426
1675515,3617
1675656,3724
1675788,3950
1675928,3866
1676010,3412
1676049,3799
1676206,4045
1676320,3935
1676519,3844
1676662,3791
1676783,4257
1677001,4093
1677165,4046
1678856,3522
1679017,4570
1679217,4425
1679414,4277
1679549,4367
1679596,4412
1679728,4180
1679864,4093
1680000,3855
1680138,3964
1680286,3769
1680524,3633
1680676,3530
1681588,3079
1681611,3245
1681793,3122
1681940,3293
1681963,3162
1682135,3196
1682245,3261
1682303,3251
1682422,3238
1683064,3741
1683727,3232
1683953,3309
1684096,3803
1684259,3500
1684422,3721
1684474,3640
1685774,2904
1685934,2902
1686076,4154
1686224,3887
1686375,4025
1686477,4361
1686617,4978
1686632,3719
1686761,3521
1686797,3995
1687004,3443
1687074,3649
1687312,4776
1687520,4352
1687580,3907
1687696,3571
1687936,3500
1688245,3124
1688344,3971
1688959,2890
1689141,3881
1689216,3066
1689374,3090
1689542,3126
1689697,3068
1689945,3241
1690998,3104
1692056,2969
1692130,3309
1692395,3096
1692590,3149
1693088,3142
1693191,3209
1693565,3634
1693948,3788
1694136,3256
1694356,3431
1694430,3198
1694591,3128
1694746,3295
1694950,3590
1695412,2949
1695581,3081
1695701,3013
1695797,3304
1695819,3561
1695934,3497
1696070,3546
1696354,3564
1696446,4176
1696594,4081
1696734,4504
1696848,5042
1696993,5302
1697225,5128
1697420,5031
1697577,4923
1697829,4575
1698810,4016
1698968,4058
1699116,3961
1699208,3656
1699253,3870
1699437,4058
1699479,3953
1699619,4127
1699758,3977
1699780,4193
1699936,3985
1699977,4090
1700120,4706
1700159,4766
1700184,4290
1700203,4427
1700460,6465
1700483,4703
1700632,4704
1701048,5617
1701961,3968
1702119,3958
1702467,3993
1702664,4554
1702865,4419
1703381,4107
1703534,4018
1704135,4384
1704377,4176
1704543,4064
1704698,3983
1704850,4027
1704995,3934
1705131,5292
1705231,3747
1705374,3697
1705524,3801
1705693,3719
1705839,3652
1705982,3761
1706124,5390
1706197,3612
1706336,3976
1706484,3884
1706759,4119
1706909,4066
1707048,3976
1707071,4912
1707308,4334
1707364,4126
1707696,4338
1707871,4214
1709677,2821
1709839,3028
1709861,3054
1710058,3691
1710090,3725
1710464,3786
1710536,3785
1711362,3428
1711677,3167
1711707,2916
1711858,3022
1712003,2944
1712179,2848
1712321,3284
1712341,3071
1712541,3399
1712564,3443
1712704,3577
1712860,3396
1712959,3660
1712978,3731
1713149,3893
1713185,3712
1713331,3876
1715017,3211
1715436,3781
1715655,3141
1715746,3316
1715842,3606
1716019,5191
1716026,3882
1716192,5048
1716314,4978
1716464,5399
1716584,4820
1716724,5572
1716870,5483
1717015,5437
1717174,5391
1717293,5205
1717421,4983
1718381,3743
1718571,4059
1718736,3994
1718904,3777
1718944,3867
1719115,3859
1719288,4311
1719446,4204
1719597,4142
1719750,4053
1719903,3645
1720065,4601
1720123,5512
1720176,5561
1720240,5591
1720253,4087
1720327,5627
1720431,4085
1720612,4677
1720769,4579
1721460,4558
1721498,4637
1721676,4553
1721970,4946
1722539,4516
1722951,4621
1723001,5239
1723051,3917
1724593,2894
1724766,2772
1724813,3405
1724943,3376
1724983,3353
1725108,3754
1725140,3636
1725258,3701
1726104,3267
1726540,3121
1726726,2983
1726867,3022
1727063,3820
1727115,4355
1727694,2996
1727831,3204
1728408,3126
1728454,3311
1728747,3599
1729270,3306
1729461,4503
1729481,3705
1729631,3651
1729887,3542
1730035,3506
1730052,3661
1730229,4177
1730253,3760
1730395,3693
1730416,4297
1730559,3952
1730586,3955
1730720,3897
1730877,4017
1731066,3874
1731285,4311
1731758,3897
1731808,3847
1731918,4225
1731971,4139
1732118,3941
1732141,3939
1732231,5222
1732401,4301
1732448,4036
1732630,4150
1732997,4371
1733399,4151
1734210,4023
1734546,3921
1734764,3707
1734947,3661
1735123,4449
1735247,4266
1735455,4461
1735479,4213
1735519,4447
1735557,4457
1735876,4374
1736338,6430
1736537,4090
1736578,4129
1736700,4101
1736849,4038
1736871,6629
1737044,4234
1737087,4289
1737187,4310
1737322,4262
1738735,3551
1738943,3448
1739069,3513
1739174,4232
1739251,4207
1739291,4260
1739724,3887
1739996,3552
1740269,4240
1740431,4128
1740577,4034
1740718,3961
1740945,3991
1741111,4169
1741264,4266
1741388,4233
1741527,4175
1741665,4588
1741698,4053
1741837,3968
1741976,3933
1742109,4092
1742554,3497
1743022,3372
1744091,3308
1744208,3405
1744491,4061
1744654,3714
1744726,3185
1744925,3709
1747706,3376
1747990,3288
1748679,5761
1748824,5556
1749192,3301
1749350,3254
1749492,3380
1749637,4046
1749778,3994
1749923,3946
1750063,3757
1750334,3722
1750463,3748
1750523,3999
1750620,3907
1750655,4449
1750770,4034
1750776,4270
1750892,4495
1750920,4963
1751006,4298
1751413,4059
1751576,3946
1751728,3865
1751888,4472
1752108,4513
1752258,4258
1752705,5220
1752900,5687
1753014,5097
1753088,6658
1753190,5100
1753260,6631
1753356,5114
1753432,6085
1753522,5134
1753598,6418
1753654,6519
1753893,5885
1754863,5252
1754971,5298
1755119,5291
1755220,6103
1755316,5447
1755436,5975
1755587,6093
1755774,5477
1755913,5890
1755933,5503
1756071,5529
1756192,6155
1756353,6046
1756518,5931
1756804,5715
1757125,5487
1757244,5508
1757281,5518
1757443,5452
1757645,6359
1757730,6208
1757812,6541
1757993,6144
1758002,6614
1758416,6147
1758732,6624
1758895,6693
1759061,6541
1759252,6434
1759408,6560
1759647,7482
1760207,5568
1760359,5548
1760499,5638
1760640,6587
1761063,5149
1761084,5770
1761467,5233
1761750,5646
1761894,5386
1761967,5700
1762095,5347
1762965,4555
1762994,4725
1763184,4897
1763385,4959
1763826,5159
1764181,4620
1764397,4676
1764734,4389
1766331,3500
1766518,3364
1766802,3218
1766913,3160
1767047,3405
1767266,3284
1767483,3989
1767643,4807
1767803,4939
1767855,3876
1767924,5041
1768052,4041
1768817,3736
1769193,3887
1769248,3356
1769381,3416
1769549,3298
1769605,3342
1769675,3451
1770844,3292
1770878,3397
1770988,3257
1771288,3418
1771512,3536
1771766,3370
1771919,3335
1772716,3266
1773001,3069
1773148,3084
1773371,3350
1773400,2933
1773484,3038
1773617,3003
1773749,3132
1773937,3067
1775784,3205
1777446,3316
1777669,2844
1777840,2821
1778011,2877
1778226,2875
1778379,2939
1778547,2929
1778821,2905
1779328,3102
1779486,3184
1779649,3108
1779794,3017
1779849,3128
1779992,3238
1780114,3737
1780205,3545
1780326,3036
1780377,3725
1780408,4127
1780798,3254
1781104,4003
1781204,3231
1781361,3256
1781630,3153
1781752,3116
1781883,3084
1781925,3100
1782080,3435
1782534,3711
1782558,3937
1783347,4472
1783426,3845
1783555,4561
1783883,4511
1783972,4852
1784280,4856
1785208,4239
1785246,4197
1786590,3411
1786752,3302
1786908,3194
1787081,4298
1787376,3418
1787524,3570
1787938,4149
1788477,3477
1788622,3521
1788655,3547
1788807,3911
1788881,4332
1788978,4102
1789044,4093
1789232,4345
1789529,4138
1789602,4728
1789749,4781
1789785,4560
1789910,4855
1790053,4534
1790205,4504
1790246,4725
1790369,4816
1790481,4756
1790728,4578
1790902,4475
1791218,4256
1791238,4427
1791447,4334
1791672,5022
1791811,4942
1791833,5040
1792325,4743
1792537,4755
1792740,4396
1792772,4920
1792920,4629
1792973,4698
1793246,4481
1793700,5099
1793754,4539
1793892,4738
1793909,5413
1794055,5062
1794212,5027
1795001,4587
1795020,4499
1795766,3870
1795974,3790
1796128,4332
1796215,4139
1796345,4061
1796902,4202
1796922,3740
1797317,3589
1798257,2882
1798462,3074
1798706,3043
1798810,3730
1798869,3116
1799027,3422
1799213,3408
1799335,3502
1799420,3507
1799546,3490
1800595,2883
1800743,2813
1801378,2966
1801571,3326
1801759,3341
1801898,3704
1802052,3602
1802223,3478
1802376,3380
1802595,3410
1802774,3281
1803806,2798
1803967,3124
1803989,3940
1804132,3236
1804181,3333
1804338,3501
1804414,4524
1804524,3601
1804671,4626
1804861,4094
1805177,3865
1805402,4235
1805643,4166
1806455,3454
1806598,3464
1806734,3426
1806754,3481
1806911,3377
1806929,3429
1807073,4189
1807193,3869
1807333,3976
1807455,3903
1807614,4076
1807686,4301
1807841,4204
1807980,4300
1808005,4431
1808220,4418
1808360,4329
1808494,4280
1808639,4482
1808774,4488
1810605,3273
1810642,3245
1810792,3784
1811338,3217
1811518,3568
1811544,3721
1811705,3683
1811882,3589
1812028,3738
1812238,3737
1812327,3750
1812469,3675
1812514,3774
1812678,4306
1813505,3236
1813555,3591
1813713,3862
1813756,3743
1813931,3509
1813953,3521
1814087,3768
1814115,3592
1814266,3767
1814301,3683
1814661,3849
1814852,3710
1815087,3522
1815368,3617
1816337,3005
1816505,3056
1816541,3399
1816791,3475
1817012,3307
1817537,3123
1817697,3049
1817894,3595
1818032,3507
1818073,3775
1818209,3532
1818343,3843
1818367,3552
1818499,3505
1819474,3118
1819518,2933
1819764,3005
1819790,3286
1819938,4338
1820834,3107
1821012,2919
1821665,3417
1821879,3637
1822018,3554
1822233,3389
1822834,2884
1824343,3297
1824392,2863
1824600,2861
1824623,2994
1824732,3255
1824813,4060
1825100,3471
1825260,3141
1825428,3059
1825655,3077
1825763,3071
1825909,3455
1825929,3530
1826066,3449
1826092,3449
1826173,3512
1826321,3463
1826523,3364
1826676,3304
1827186,2933
1827346,2931
1827472,2925
1827669,2823
1827816,3093
1827966,3398
1828367,3318
1828566,3552
1828707,3866
1828908,3871
1830483,4440
1830705,3146
1830722,5101
1830869,5049
1831010,4706
1831028,3480
1831198,3423
1831253,4773
1831393,5166
1831471,5121
1831511,4615
1831656,4746
1831776,4732
1831964,4659
1832951,4420
1833135,4286
1833325,4248
1833507,4116
1833677,4447
1833722,4611
1833917,4581
1833923,4462
1834075,4402
1834134,5478
1834220,5399
1834345,5392
1834379,5291
1834562,5157
1834713,5081
1834732,5361
1834871,5433
1835032,5381
1835043,5393
1835203,5798
1835227,6064
1835354,5608
1835405,6211
1835511,5671
1836232,5562
1836777,5139
1836998,5027
1837148,4920
1837328,5183
1837477,4748
1837608,4671
1837745,4629
1837769,4699
1837835,4717
1838030,5208
1838325,4964
1838639,4741
1838859,4736
1839018,4631
1839305,5406
1839458,5152
1839850,4811
1839914,5592
1840066,4920
1840686,4960
1840734,4801
1841374,4397
1841703,5105
1841822,4685
1841962,4494
1842227,4843
1842379,4924
1842556,4820
1842692,4743
1843421,4668
1843452,4678
1843738,4402
1843897,4417
1844049,4595
1844197,4464
1844543,4323
1844682,4290
1844823,4200
1846248,3371
1846289,3436
1846458,3333
1846637,3446
1846684,3447
1846808,3607
1846901,3563
1847096,3438
1847136,4743
1847197,3396
1847337,4363
1847575,4668
1847647,4761
1847692,4412
1847816,4645
1847837,4633
1847940,4966
1847974,5854
1850642,2946
1851129,3651
1851280,3120
1851326,3390
1851461,3524
1851685,4141
1851953,3802
1852948,3197
1853101,4700
1853216,3256
1853362,3415
1853505,3324
1853642,3251
1853778,3226
1853911,4247
1854538,3162
1854607,3362
1854814,3453
1854936,3422
1855052,3391
1855098,4560
1855189,3876
1855211,3470
1855323,3561
1855366,3818
1855425,4517
1855547,4109
1855669,4643
1855918,4711
1856072,4429
1856399,4119
1856544,4339
1856577,4451
1856707,4841
1857276,3968
1857571,3865
1857832,3691
1858000,3629
1858074,4567
1858738,3631
1858884,3576
1858915,3914
1859080,3584
1859340,3419
1859480,3659
1859771,3775
1859788,3705
1859978,3657
1860125,3719
1860337,3586
1860353,3670
1861576,2977
1861739,3055
1862460,3105
1862668,3110
1862864,3120
1863009,3534
1863168,4180
1864279,2922
1864430,3223
1864476,3083
1864627,3344
1864724,3064
1864854,3471
1864986,3409
1865117,3795
1865508,3348
1865603,3868
1865894,3835
1866023,3787
1866024,3640
1867833,2957
1867977,2894
1868115,3181
1868239,3441
1868276,3943
1868305,4166
1868336,4532
1868436,3020
1868624,3758
1868777,3779
1868959,3972
1869120,4664
1869223,3991
1869361,3920
1869494,3935
1869648,4317
1870012,3763
1870710,3439
1870863,3514
1870996,3432
1871146,3497
1871294,3659
1871845,3405
1871992,3435
1872144,4203
1872205,3550
1872382,3752
1872623,4446
1873489,3900
1873512,3996
1873676,3884
1873814,3817
1873842,4242
1873985,4518
1874012,4019
1874177,4081
1874208,4181
1874757,3638
1874812,3751
1875135,3554
1875827,4382
1875842,3166
1875987,3272
1876041,3832
1876167,4106
1876214,3392
1876364,3508
1876445,3567
1876619,3464
1876755,3590
1876921,3809
1877060,3997
1877177,4217
1877322,4360
1878801,3217
1878859,3568
1879024,3461
1879170,4066
1879331,4056
1879470,3863
1879603,3843
1879715,4044
1880197,4013
1880377,3639
1880544,3542
1880558,3964
1880761,3514
1880900,3462
1881086,3501
1881553,2920
1882673,3822
1882825,3825
1882982,3569
1883197,5010
1883336,4931
1883373,5770
1883460,5758
1883507,3094
1883590,4428
1883794,5291
1884052,5379
1884224,5484
1884905,4578
1884934,4387
1885064,4208
1885272,4290
1885486,4176
1885607,4142
1885618,4255
1885757,4207
1886925,3422
1887097,4215
1887196,3666
1887242,4142
1887365,3364
1887415,3948
1887521,3926
1887583,3671
1887588,4429
1887624,4384
1887642,4490
1888368,4653
1888533,4683
1888708,4836
1888868,4561
1889533,4287
1890429,3443
1890468,3541
1890962,3920
1890987,3569
1891177,3872
1891238,4227
1891296,4219
1891464,4338
1891597,4316
1891712,4305
1891846,4117
1891898,3888
1892059,3829
1892202,3794
1892399,3791
1892446,3786
1892525,3812
1892704,3813
1893647,3358
1893669,3145
1893846,3218
1894051,3597
1894096,3622
1894211,3647
1894347,3353
1894551,3359
1894700,3384
1896610,3343
1896674,3343
1896818,3253
1897739,3049
1897911,3061
1898100,3446
1898363,2896
1898601,3050
1898756,2845
1898779,2942
1898920,3020
1898968,3591
1899080,3502
1899104,3936
1899231,3295
1899516,3232
1899792,3519
1900050,3392
1900131,4223
1900207,4080
1900355,4052
1900397,3405
1901482,3076
1901634,3253
1901780,3213
1901800,3257
1901997,3433
1902049,4092
1902228,3284
1902396,3523
1902591,3975
1902749,3868
1902942,3889
1903081,3812
1903743,3712
1903893,4015
1904059,3661
1904077,3935
1904239,3620
1904395,3796
1905727,3630
1905750,3814
1905938,3623
1905985,3684
1906138,3479
1906393,3282
1906412,3354
1906555,3256
1906661,3767
1906694,3723
1906834,3853
1906951,3887
1907126,4149
1907174,4883
1907340,4482
1908149,3888
1908555,3632
1908728,3511
1908892,3397
1909060,3439
1909223,3115
1909995,2887
1910185,3053
1910499,3645
1910529,3232
1910663,3573
1910878,3410
1911032,3504
1911054,3767
1911405,3618
1911550,3739
1911669,4026
1911900,3980
1912354,3738
1913908,2904
1913939,3297
1914109,4114
1914363,3023
1914385,3491
1914551,3372
1914592,3654
1914727,3897
1914924,3921
1915073,4027
1915509,3833
1915536,4326
1915723,4246
1915748,5165
1915902,3784
1916518,4521
1916682,4296
1916704,3562
1916855,3462
1916986,3590
1917120,3515
1917218,4059
1917263,4151
1917282,4652
1917374,3313
1917399,3437
1917860,3770
1917973,4058
1918149,3902
1918323,4414
1918330,4044
1919227,4030
1919521,4891
1919790,3618
1919936,4319
1920436,4063
1920579,4026
1920881,3487
1921054,3261
1921324,3477
1921453,3440
1921600,3432
1921750,3873
1921768,3837
1921874,4075
1922069,4035
1922503,3625
1922548,3646
1922790,4493
1923412,3298
1923453,3342
1923677,3716
1923897,3787
1924087,3791
1925215,2946
1925364,3527
1925443,3702
1925487,4017
1925637,4593
1925786,4501
1925830,4713
1925951,4215
1926535,3802
1926744,3641
1926881,3671
1926920,3851
1926975,3733
1927107,3823
1927502,3529
1927529,3873
1928486,2953
1928640,3011
1928659,3145
1928823,3595
1928929,3548
1928982,3605
1929051,3730
1929195,3891
1929334,3976
1929919,4209
1931435,3399
1931535,2979
1931714,2875
1931837,2862
1931987,2940
1932010,3073
1932197,3654
1932250,4072
1932321,4204
1932564,4012
1932601,3997
1932699,3925
1932837,4118
1932978,5069
1933134,4966
1933280,4900
1935517,2854
1935554,2966
1935766,3706
1935945,3761
1935982,4033
1936199,4906
1936253,4779
1936376,4706
1936433,4946
1936627,4686
1936654,4722
1936798,4664
1936817,4733
1936948,5216
1937090,5008
1937134,4914
1937300,4948
1938667,3962
1938693,3798
1938846,3696
1938884,4104
1939010,4316
1939185,4255
1939311,4228
1939319,4453
1939511,4314
1939542,4458
1939714,4412
1939856,4477
1939880,4738
1940016,4653
1940056,4726
1940197,5185
1940451,5296
1940599,5223
1940754,5145
1940874,5361
1940921,5394
1941754,4959
1941776,5085
1941935,4980
1942288,4800
1942412,4722
1942735,4473
1942902,4558
1943059,4621
1943555,5008
1944364,4005
1944436,4533
1944600,4716
1944761,4302
1944850,4316
1944890,4373
1945199,4407
1945443,4311
1945588,4322
1945949,4105
1945967,4542
1946809,3646
1946965,3567
1947108,3521
1947270,3485
1947320,3516
1947482,3479
1947517,4054
1947636,3732
1947721,4526
1947963,4755
1948117,4704
1948256,4363
1948402,4365
1948593,4077
1948808,4072
1949000,4257
1949148,4159
1950893,2991
1951040,4468
1951369,2862
1951642,2792
1951787,3078
1951969,3528
1952126,3854
1952176,3372
1952341,3273
1952514,3377
1954475,2942
1954795,3452
1954948,3495
1955089,4624
1955548,3500
1955700,3463
1955849,3370
1955992,3364
1956127,3386
1956214,3407
1956366,3431
1956417,3503
1956544,3470
1956558,3810
1956701,3524
1956785,3517
1956822,3650
1956930,3587
1957069,3570
1957235,3498
1957260,4538
1957399,3522
1957530,3480
1957628,3642
1957695,4305
1957935,3516
1958077,3988
1958231,3896
1958379,3870
1958480,3892
1958627,4191
1960538,3597
1960764,3460
1960936,3388
1961080,3907
1961148,4356
1961179,3611
1961406,3686
1961531,3698
1961830,3657
1961866,3760
1962032,3687
1962403,3433
1962625,3617
1962751,3696
1962846,4228
1965141,2849
1965310,3472
1965521,3545
1965673,3473
1965804,3458
1965926,3434
1966060,3416
1966093,3571
1966285,3329
1966667,3339
1966691,3319
1966773,3528
1966913,3618
1966942,3679
1967080,3725
1967289,3561
1967359,3683
1968175,3730
1968208,3776
1968333,3725
1968545,3674
1969422,3425
1969553,3632
1969718,3887
1969749,3923
1969837,3982
1970040,3830
1970064,3896
1970228,3805
1970362,4372
1970384,4676
1970522,4588
1970710,4520
1970886,4744
1970970,4709
1971068,4716
1971132,4762
1971293,4652
1971317,4904
1971460,4661
1971645,4873
1973785,3814
1973961,3871
1974123,9842
1974223,4074
1974394,4014
1974598,9504
1974623,3971
1974761,4309
1974804,7371
1974903,4685
1974934,7728
1975062,4979
1975476,5528
1975626,5482
1975727,6183
1975821,5404
1975965,5393
1975989,6979
1976125,6716
1976339,6744
1976370,5364
1976515,4974
1976583,5146
1976748,5793
1976782,5865
1976799,6894
1977926,5107
1978091,5045
1978248,5974
1978427,5936
1978582,5897
1978749,5881
1978881,7425
1978939,8407
1978998,9086
1979046,9177
1979264,4519
1979428,4616
1979665,4633
1979826,4900
1979985,5773
1980140,6288
1980257,5200
1980263,5563
1980446,5113
1980530,5346
1980633,5148
1980690,4814
1980809,5595
1980986,5884
1981165,5927
1981348,5895
1981556,5808
1981578,5602
1981912,5605
1982055,5389
1982250,5421
1984862,3667
1985030,3982
1985209,3903
1985276,3904
1985380,3997
1985615,4087
1986552,4086
1986723,3998
1986749,3666
1986901,3692
1986902,3603
1987045,3658
1987200,3675
1987388,4012
1988075,2970
1988136,4474
1988279,3237
1988433,3753
1988593,3550
1988740,3570
1988859,3538
1989229,3435
1989385,3326
1989542,3267
1989750,3497
1990998,2907
1991083,3011
1991415,3328
1991545,3320
1991565,3107
1991637,3378
1991722,3231
1992349,4125
1992439,3635
1992480,4600
1992836,4193
1993062,3673
1993097,3425
1994077,4474
1994248,3064
1994399,3210
1994518,3168
1994713,3163
1994870,4985
1994911,3126
1995534,2793
1995715,3223
1995900,3682
1996127,3918
1996544,3827
1996861,3699
1997675,3303
1998617,2799
1998746,3290
1998763,4030
1998925,4043
1999011,4056
1999049,3994
1999239,3962
1999414,3934
1999425,3962
1999547,3922
1999623,3939
1999663,4110
1999887,3984
2000073,4152
2000207,4014
2000401,3874
2000483,3956
2001240,3987
2001288,4029
2001443,3930
2001460,3984
2001573,3912
2001726,4231
2001744,4364
2001878,4452
2001924,4555
2002063,4848
2002229,4302
2002376,4436
2002511,4952
2002628,4893
2003814,3963
2003965,3862
2004029,3906
2004260,4082
2004325,4854
2004481,4571
2004515,4142
2004714,4527
2005282,4042
2005486,3937
2005556,4007
2005577,4012
2005710,3967
2005839,4062
2007003,3390
2007035,3165
2007217,3063
2007358,3186
2007494,3099
2007565,3778
2007743,3816
2007884,4031
2007975,3987
2008126,3937
2008148,4074
2008276,4128
2009209,3661
2010790,3101
2010823,4058
2010962,3122
2010985,3257
2011133,3557
2011171,3751
2011316,3689
2011449,3890
2011616,3778
2011762,3752
2011964,3657
2012357,3334
2012514,3282
2012538,3575
2012719,3337
2012847,3428
2013006,3489
2013221,3365
2013350,3889
2013553,3801
2013703,3705
2014010,3615
2014565,3709
2014734,3679
2015752,3329
2015841,3835
2015892,3659
2016016,3760
2016138,4532
2016196,4278
2016324,4019
2016385,4151
2016540,4103
2016630,4344
2016752,4318
2016849,4349
2017056,5074
2017181,4464
2017623,4115
2017823,4017
2017987,3951
2018117,4162
2018271,4218
2019969,2982
2020022,3380
2020200,3777
2020288,3757
2020448,4288
2020695,3795
2020727,3985
2020821,4427
2020985,4639
2021142,4535
2021963,3951
2022011,3967
2022326,3920
2022525,3930
2022551,4248
2023743,3501
2023779,3659
2023909,3938
2024049,3902
2024086,3524
2024276,3455
2024548,3503
2024571,4033
2024748,4678
2024882,3644
2024885,3948
2025033,4025
2025062,4449
2025106,4582
2025174,4323
2025305,4602
2025450,4405
2026027,4425
2026622,4114
2027079,3937
2027249,3447
2027339,3510
2027502,3761
2027667,3680
2028138,3327
2028212,4239
2028379,4132
2028578,3422
2028688,3880
2028894,3923
2028908,4979
2029061,4298
2029214,4622
2029256,4042
2029523,4184
2029909,3888
2030114,3770
2030290,3891
2030491,3971
2031030,3569
2031418,3407
2031572,3464
2031984,3103
2032433,4013
2032608,3870
2032669,3476
2032805,3290
2032926,3711
2033044,3650
2033194,3552
2033391,3438
2033527,3911
2033678,3977
2034031,3674
2034762,3803
2034870,3338
2034896,3437
2035034,3442
2035300,3931
2037014,2998
2037051,3253
2037198,3202
2037273,3577
2037470,3117
2037660,3349
2037775,3575
2037789,4095
2037903,4063
2038012,4583
2038145,4824
2038181,4626
2038300,4600
2038460,4482
2038708,4347
2039037,4258
2039281,4229
2039428,4109
2039602,3823
2039766,4029
2040512,4217
2040669,4621
2040723,4639
2040857,7145
2040970,9443
2041021,9238
2042132,8375
2042331,8930
2042478,8958
2042597,8948
2043129,8742
2043356,8484
2043599,8446
2043638,8604
2043812,8422
2043832,8570
2043972,8552
2044145,8452
2044220,8432
2044399,8709
2044442,8409
2044561,8943
2044579,9891
2044674,9014
2045783,10815
2045949,7914
2045971,7979
2046102,8916
2046132,8299
2046290,8254
2046315,11220
2046431,8319
2046576,8073
2046604,8259
2046743,8215
2046992,9716
2047342,7962
2047387,9510
2047544,9302
2047687,9107
2047809,8222
2047898,9566
2048027,9534
2048140,9479
2048378,8749
2048522,8176
2048886,8786
2048899,8884
2049131,8985
2049246,8702
2049500,8754
2049658,8911
2049814,8866
2049984,8722
2050472,9083
2050678,8930
2050733,9361
2051362,8912
2051665,8583
2051710,8627
2051987,8461
2052148,8346
2052515,8040
2052650,8016
2052954,7770
2053107,7774
2053221,7792
2053418,7951
2053630,7865
2053791,7810
2054068,7631
2054223,7842
2054240,7579
2054386,8959
2054553,7397
2055103,7088
2055125,7195
2055273,7132
2055433,7081
2055455,7179
2055586,7169
2055758,7106
2055927,7051
2056086,7022
2056218,7009
2057432,6251
2057944,5952
2058104,5839
2058448,6014
2059123,5000
2059142,5444
2059366,7013
2059419,8631
2059601,8223
2059622,8745
2059743,8863
2059918,8763
2059939,8744
2060083,8816
2060299,8739
2060498,8516
2065311,4289
2065504,3964
2065675,3846
2066009,3638
2066204,3493
2066228,3615
2066446,3558
2066629,3611
2066751,3770
2066913,3780
2067077,4000
2067224,3688
2067232,4075
2067383,3837
2067543,3759
2067696,4311
2067876,3813
2067882,3939
2068193,4613
2068225,4472
2068741,4215
2069046,3811
2069255,4337
2069470,4530
2069640,4706
2070200,4124
2070406,4147
2071342,3396
2071419,3455
2071548,3533
2071662,3575
2071852,3449
2072359,3295
2072520,3190
2072993,3182
2073048,3527
2073452,3302
2073506,3356
2073559,4510
2073627,3045
2074026,3247
2074173,3204
2074875,3246
2074908,4039
2075229,3460
2075461,2871
2075707,3068
2075861,2825
2075888,2920
2076005,3213
2076699,3024
2076878,3066
2077081,3191
2077117,3864
2077693,3236
2078033,3000
2078832,2916
2079006,3074
2079033,2904
2079100,3239
2079369,3132
2080267,2969
2080343,3084
2080503,3611
2080603,4046
2080662,4243
2080721,4508
2080965,4315
2081061,3380
2081281,3066
2082420,2977
2082593,3187
2082618,3505
2082837,2996
2082870,3506
2083004,3472
2083197,3125
2083251,3374
2083337,3599
2083417,3311
2083438,3374
2083579,3494
2083774,3483
2083919,3771
2084016,3430
2084266,3579
2084414,3480
2085063,3550
2085095,4001
2085617,3352
2085794,3706
2085950,3496
2086169,3499
2086428,3379
2087350,2952
2087568,3149
2087590,3131
2087752,3201
2087915,3308
2088188,3211
2088372,3736
2088440,3614
2088454,3342
2088922,3782
2089147,3707
2089329,3577
2090358,2802
2090533,3471
2090556,3520
2090751,3851
2090779,3755
2090891,3922
2090984,3995
2091027,4157
2091080,4063
2091793,4059
2092084,3717
2093519,3394
2093556,3169
2093704,3527
2093820,3930
2094116,4194
2094247,3676
2094452,4153
2094598,3996
2094810,3888
2094867,3933
2095017,3926
2095045,4926
2095207,3892
2095305,4075
2095434,4480
2095467,4554
2095519,4697
2095634,4387
2095933,4136
2095982,4313
2096763,3653
2096969,3543
2097123,4138
2097292,3472
2097561,3847
2097635,3694
2097766,3868
2097880,3825
2097991,3957
2098129,3936
2098196,3922
2098342,4149
2098385,4531
2098992,4269
2099215,4133
2099243,4497
2099389,4459
2099636,4105
2099817,4011
2100033,4215
2100397,3965
2100527,3960
2100690,3847
2101707,3753
2101755,3655
2101903,3610
2102324,3296
2102523,3333
2102798,3129
2102946,3214
2103057,3659
2103355,3406
2103575,3487
2104725,2824
2104748,2998
2104965,3100
2105233,3740
2105286,3605
2105453,3779
2105543,3748
2105669,4387
2106229,4199
2106425,4057
2106566,3923
2106711,3823
2106856,3504
2107085,3836
2108122,3386
2108230,3178
2108370,3090
2108401,3503
2108536,3636
2108565,3891
2108588,3476
2108799,4310
2108941,3708
2109033,4168
2109206,4159
2109455,4204
2109631,4134
2109768,4142
2109884,4523
2109885,4988
2110022,4437
2110183,4446
2110320,4360
2111221,3601
2111594,3376
2111618,3268
2111762,3256
2111905,3918
2112074,3698
2112184,3688
2112322,3598
2112462,3505
2112608,3406
2112777,5802
2112869,4621
2113002,4948
2113140,5051
2113236,5195
2114273,3775
2114471,3819
2114637,6107
2114935,4279
2115061,6437
2115093,4547
2115272,4782
2115598,8038
2115676,4908
2115815,5547
2115932,5340
2116855,4588
2117083,4835
2117249,6487
2117286,4279
2117422,3805
2117581,4253
2117589,5993
2117657,6029
2117712,6170
2117746,4400
2117759,6028
2117811,6121
2117855,5980
2118863,4540
2119021,5180
2119290,4851
2119462,4819
2119722,4506
2119892,4615
2120134,7654
2120204,4329
2120234,4424
2120411,4446
2120421,4610
2120572,4621
2120667,4622
2120829,4655
2120873,4696
2121044,4911
2121074,7014
2121327,4751
2121623,7566
2121637,4793
2121799,5024
2121969,6885
2121982,4765
2122138,4804
2122677,4343
2122843,4558
2122998,4541
2123500,5790
2123707,4199
2124333,4016
2125746,3077
2126208,4044
2126550,4165
2126662,3475
2126903,3359
2127061,5730
2127421,3191
2127615,3130
2127628,3202
2127781,4062
2127905,3179
2127987,3393
2128141,3305
2128221,3318
2128314,3325
2128473,3537
2128511,3547
2128686,3546
2128702,3672
2128950,3577
2128989,3630
2129183,3522
2129451,3742
2129620,3629
2129779,3652
2129936,3652
2130382,3865
2130991,3583
2131123,3980
2131636,4194
2131848,4111
2131879,3443
2132096,4167
2132214,3761
2132369,3719
2132588,3733
2132725,3698
2132861,3744
2133066,4044
2133175,4047
2133314,4178
2133455,4089
2133691,4443
2133710,5194
2134396,4167
2134605,3906
2134862,3750
2135061,3754
2136739,2883
2136899,3334
2136926,3593
2137056,3443
2137295,3926
2137317,3790
2137400,3986
2137599,3695
2137748,3683
2137985,4923
2138139,4522
2138599,3903
2138986,3670
2139129,3460
2139458,3977
2139658,3215
2139708,3415
2139838,3435
2140618,3162
2140749,3136
2141201,3211
2141349,3291
2141493,3390
2141631,3588
2141781,3493
2141820,3800
2141944,3727
2142063,3651
2142324,4204
2142694,3885
2142749,3771
2142872,3786
2142949,3832
2143007,3870
2144145,3209
2144217,3071
2144240,3150
2144457,3097
2144492,3280
2144645,3459
2144803,3928
2145019,3912
2145232,3750
2145454,3811
2145479,3923
2145741,3817
2145895,3956
2146021,4075
2147549,3545
2147591,3667
2147658,3342
2147778,3584
2147891,3727
2148090,3850
2148207,3629
2148348,3586
2148509,3572
2148564,3727
2148680,3602
2148763,4196
2148820,3733
2148966,3677
2149111,3794
2150027,3046
2150571,2986
2150784,3324
2150820,3590
2150959,3429
2151318,3578
2152045,3753
2152354,3341
2152602,3402
2152739,3876
2153159,3573
2153379,2951
2153527,3266
2153658,3193
2153811,3308
2153946,3230
2153992,3496
2154111,3821
2154202,3346
2154245,3462
2154504,3625
2154695,3417
2154732,3509
2154848,3711
2155785,2973
2155830,3126
2156057,3460
2156372,3074
2156417,3341
2156570,3255
2156790,3277
2156936,3507
2157106,3755
2157210,3456
2157323,3932
2158003,3304
2158336,3369
2158545,3665
2158731,3324
2158792,3347
2158879,3393
2159092,3414
2159252,3354
2160051,3176
2160099,3478
2160200,3130
2160278,3556
2160455,3327
2160639,3394
2160771,3527
2160914,3475
2161052,3640
2161067,3989
2161203,3638
2161531,3931
2161816,3461
2162757,2990
2162779,3063
2162948,3624
2162985,3524
2163137,4188
2163349,3507
2163392,4052
2163620,3782
2163672,3953
2163871,4769
2164146,4626
2164614,5482
2165497,5154
2165528,3761
2165740,4048
2165897,3083
2165929,3754
2166083,3431
2166279,3479
2166339,3294
2166408,4413
2166543,4169
2166691,3707
2166714,3666
2166733,4035
2168041,3088
2168242,3479
2168406,3621
2168462,3837
2168497,4545
2168527,4767
2168579,4877
2168629,5205
2168666,5254
2168758,3219
2168927,3172
2169329,3195
2170108,3598
2170275,3490
2170915,3057
2170970,3500
2171115,3406
2171276,3296
2171434,3320
2171558,3321
2171686,3773
2171811,3430
2172352,3156
2172389,3575
2172567,3683
2172787,3519
2173077,3301
2173520,3318
2173688,3296
2173906,3179
2174042,3298
2174274,3183
2174825,3829
2175004,3804
2175026,3972
2175290,3817
2175335,3812
2175456,3912
2175590,3816
2175708,3734
2176076,4024
2176190,3940
2176335,4132
2176548,3980
2177528,3772
2177547,3861
2177706,4226
2177780,6057
2177822,8152
2177950,8033
2178222,7963
2178346,8112
2178481,8929
2178692,9432
2178836,9436
2179036,9388
2179179,9268
2179210,9354
2179975,8703
2179997,9251
2180189,8850
2180208,9458
2180288,9170
2180523,9281
2180683,9842
2180803,9808
2180932,9744
2181054,9012
2181197,9530
2181235,8744
2181799,8987
2182488,7407
2182622,7863
2183220,7437
2183378,7474
2183522,7433
2183661,7414
2183695,7321
2183945,7274
2183997,7351
2184194,7242
2184343,7207
2184470,7199
2184650,7143
2184805,7102
2184964,7051
2185105,7021
2185221,7029
2185371,7012
2185391,7123
2185489,7115
2185525,7192
2185726,7165
2185999,7008
2186274,6959
2186311,6919
2186538,6891
2186926,6534
2186948,6648
2187091,6631
2187118,6729
2187205,6765
2187526,6549
2188253,8759
2188533,10754
2188826,9647
2188856,10583
2188994,9733
2189133,10231
2189655,9761
2189813,9703
2189970,9497
2190381,8884
2190703,8866
2195240,4376
2195247,4338
2195408,4432
2195657,4318
2195883,5374
2196038,5332
2196228,5166
2196405,3930
2196571,3909
2196596,4054
2196750,4215
2196914,4156
2197066,6004
2197122,4500
2197268,4455
2197448,4596
2197607,4528
2197766,4426
2197917,4351
2198071,5135
2198548,4823
2198561,5068
2198742,4890
2198901,5115
2199057,5149
2200072,4867
2200233,4780
2200405,5208
2200572,5148
2200746,5071
2200901,4966
2201059,4612
2201219,4550
2202495,3419
2202543,3918
2202635,3933
2202698,4163
2202880,4076
2203033,4027
2203209,4019
2203284,3964
2203444,3905
2203468,4018
2203670,3852
2203850,3786
2204042,3694
2204195,3679
2204299,3683
2204436,3625
2205143,4338
2205343,4191
2205480,4093
2205598,4042
2205771,3951
2205930,3879
2206008,3945
2206068,3938
2207948,2948
2208146,3129
2208341,3108
2208541,3464
2208796,5095
2208827,3767
2209044,4205
2209208,4134
2209284,5958
2210240,5092
2210255,4337
2210424,4258
2210464,5088
2210608,5056
2210751,3701
2210904,4224
2210956,4039
2211040,4414
2211100,4272
2211288,4490
2211327,4242
2211470,4212
2211571,4334
2211589,4260
2211698,4328
2212105,5264
2212236,4883
2212284,4807
2212411,4887
2212584,4685
2212809,4957
2212975,4866
2213132,5546
2213422,4441
2213587,4040
2213738,4176
2213886,3916
2213997,3917
2214043,3948
2214333,4264
2214765,3999
2214779,4125
2214958,4284
2216215,3544
2216388,3774
2216544,3705
2216694,3454
2216850,3609
2218638,3352
2218858,3252
2219023,4263
2219597,3051
2219824,3674
2219848,4155
2219996,4354
2220213,4042
2220309,4203
2220438,4126
2220611,3789
2220651,4184
2220775,4107
2220905,4169
2221042,3743
2221064,3833
2221455,3920
2221564,3846
2221579,3962
2222493,3591
2222516,3739
2222677,3626
2222695,3736
2222836,4086
2222873,3989
2222975,4500
2223097,4735
2223194,4877
2223298,4900
2223975,4334
2224173,4269
2224342,4187
2224595,4136
2224914,4018
2225106,4377
2225509,4202
2225602,4008
2225645,4120
2225773,4693
2226054,4465
2226212,4570
2226360,4472
2226478,4090
2226495,4384
2226631,4100
2226762,4167
2226954,4315
2227093,4228
2227305,4143
2228330,3736
2228511,3691
2228561,3991
2228765,3850
2228798,3588
2229221,3417
2229352,3373
2229665,4258
2229866,4704
2229897,3913
2230095,4579
2230195,3933
2230324,4039
2230435,3978
2230573,3926
2231508,3422
2231722,3515
2231750,3761
2231904,3744
2232197,3750
2232297,3777
2232753,3365
2232900,3461
2233037,4458
2233214,4402
2234866,2896
2234996,3088
2235193,3293
2235317,3285
2235475,3530
2235880,3110
2236027,3110
2236183,3297
2236201,3382
2236348,3335
2236408,3362
2236622,3257
2236641,3347
2237657,2816
2237813,3007
2237963,3106
2238416,3210
2238692,3114
2238836,3134
2239093,3654
2240311,3118
2240333,3262
2240536,3306
2240655,3270
2240699,3306
2240838,3248
2241023,3216
2241121,3397
2241462,3374
2241656,3130
2241676,3763
2242247,3028
2242420,3069
2242581,2957
2242894,3039
2243001,3250
2243058,3250
2243206,3592
2243260,3656
2244193,3233
2244351,3287
2244370,3342
2244598,3435
2244613,3354
2244989,3401
2245116,4267
2245234,3444
2245314,3898
2245523,3765
2245587,3489
2245753,3776
2245888,3719
2246004,3773
2246050,3770
2246138,3922
2246300,4136
2246350,3939
2246403,4075
2247379,3242
2247462,3217
2247573,3198
2247698,3326
2247822,3419
2247840,3458
2247998,3379
