5123,3360
5773,3014
5999,2947
6316,3020
6438,2930
6521,2997
6600,3120
6785,3118
6829,3155
6906,3127
6950,3325
7038,3462
7086,3444
7294,3284
7394,3898
7422,3558
7535,3498
7545,3573
7686,3625
7843,3513
7898,4099
8066,3666
8405,3648
9059,3181
9403,3154
9596,3923
9678,3908
9858,3870
10881,3664
11020,3581
11138,4091
11328,3962
11594,3745
11816,3770
12888,3365
12911,3082
13051,3254
13157,3217
13349,3178
13692,2865
13855,2835
13977,2977
14127,3142
14266,3550
14387,3103
14740,3165
14893,3071
15062,3035
15113,3060
15251,3031
15408,3099
15465,3279
15972,3140
16763,3117
16989,2945
17064,3159
17300,3102
18167,2978
18317,3586
18665,3141
18774,3430
18938,3461
19202,3287
19388,3037
19533,3232
19570,3669
19676,3283
20525,4042
20922,3771
20944,3146
21104,3277
21186,3293
21346,3657
21482,3268
21677,3160
21940,3148
22086,3165
22234,3418
22259,3551
22925,3259
23080,3213
23167,3077
23278,3125
23305,3451
23450,3359
23571,3619
23658,4097
23668,3393
23680,3812
23850,4068
25117,3040
25322,3075
25456,3379
25489,3829
25683,3229
25992,3563
26184,3471
26452,3425
26516,3610
26576,3533
27681,2896
27930,3487
28194,3548
28217,3606
28374,3509
28545,3323
28570,3530
28847,3161
28998,3247
29153,3204
29195,3267
29923,2914
29944,2973
30161,2844
30309,3007
30331,3299
30457,3332
30546,3667
30743,3788
30822,3894
30867,3763
31069,3959
31579,3759
33049,2953
33071,3059
33282,3168
33367,3181
33415,3581
33658,4377
33807,4253
33829,3986
33929,4192
34017,3933
34079,4201
34218,4082
34365,4148
34746,3913
34992,3859
36327,3350
36597,3452
36650,3199
36688,3424
36834,4012
36919,3759
37008,3855
37064,3720
37184,4066
37527,3940
37714,3837
37874,4146
38049,4071
38900,3268
39053,3017
39092,3274
39203,3476
39236,3352
39319,3950
39364,3948
39401,4702
39682,4367
39887,4165
39929,4226
40139,4064
40286,3968
40512,3791
41431,3321
41597,3276
41766,3631
41946,3503
42274,3492
42460,3467
42490,3845
42601,4096
42758,3498
42944,3409
43107,3405
43309,4580
44443,2893
44673,3411
44908,3225
44929,3767
45057,3380
45207,3667
45232,3567
45478,3457
45571,3603
46526,2908
46555,3587
46677,3248
46718,4990
46775,4985
46799,3117
47005,3306
47168,3333
47326,3404
47375,3172
47489,3893
47630,4065
47634,3902
48265,3621
48543,3684
48716,3647
50116,2943
50312,2957
50707,3353
50803,3265
50842,3420
50958,3422
51101,3374
51237,3334
51397,3283
51515,3471
51789,3437
51957,3320
52099,3390
52242,3336
53446,3008
53470,3362
53679,3133
53862,3033
54672,3013
54937,3543
55052,4516
55093,4049
55237,4581
55366,3970
55457,4602
55509,4619
55528,4717
55614,4052
55741,4027
55792,3983
57091,3263
57253,3304
57406,3438
57499,3254
57528,3538
57727,3402
57904,3332
57946,3174
58109,3934
58184,4107
58277,4116
58323,4370
58451,4305
58515,4533
58581,4421
58715,4955
58877,4879
60326,3819
60609,3634
60789,4071
60898,4520
60967,3946
61168,4187
61200,4193
61281,3680
61417,3889
61689,4153
61719,4137
61846,4109
62203,4321
62346,3767
62522,3704
62746,3791
62891,3820
63031,3729
63174,3677
63191,3736
64235,3125
64474,3323
64687,3177
64940,3245
65070,3211
65214,3241
65439,3160
65966,3092
66131,3256
66269,3645
67123,2965
67678,3077
67856,3151
67907,3184
68501,2976
68695,3050
68723,3368
69126,3717
69259,3219
69328,3023
69552,3471
69802,3276
70008,4194
70124,3856
70147,4004
70212,3250
70269,3657
70340,3639
71305,3223
71338,3364
71541,3214
71569,3350
71689,3389
71793,3481
71805,3570
71998,3421
72155,3544
72181,3722
72318,3633
72573,3782
72979,3500
73143,3634
73263,4031
73417,3927
73601,3791
74033,3835
74181,3898
74301,3984
75494,3106
75705,3253
75716,3409
75896,3114
76056,3611
76238,3334
76455,3264
76530,3468
76666,3573
76832,3518
76955,3440
77127,3647
77170,3859
77324,3934
77449,3862
79278,3388
79687,3564
79875,3098
80059,4077
80087,3937
80344,3915
80467,4096
80512,3681
80808,3880
81056,3559
81131,3899
81401,3822
81544,4871
81767,3513
81826,3537
81917,4381
81980,3873
82010,3799
82149,3808
82185,4013
82292,3957
82304,4978
82514,4333
82708,4767
82850,4483
83008,4417
83118,4526
83431,4391
83642,4242
83732,4383
83811,4444
83952,4560
84073,5019
84260,4930
84403,4740
84459,4864
84686,4689
85500,4402
85651,4314
85681,4452
85941,4266
86032,4220
86408,4179
86588,4102
86791,4453
86916,4493
87050,4847
87372,6039
87564,4731
87603,4576
88808,3626
89020,3685
89140,4493
89315,3234
89465,3238
89497,4028
89820,4118
90008,3923
90156,3889
90292,3760
90313,3677
90426,3689
90461,3970
91503,3087
91699,3308
91727,3429
91879,3647
91963,3426
91969,3974
92022,3975
92076,3972
92121,3977
92171,4840
94079,3315
94213,3530
95410,3138
95575,3134
95755,3299
95809,3431
95972,3591
96117,3638
96149,3465
96273,3670
96299,3729
96420,3700
96422,3862
96607,4169
96658,3800
96697,4032
96843,4010
96910,4203
97023,4170
97204,4098
97752,3651
97781,3716
98333,3720
98722,3604
98872,3652
98993,3995
99106,3934
99287,4108
99321,3966
99515,3927
100332,3960
100500,4202
100835,3730
100959,3679
101175,3728
101321,3968
101483,3860
101591,4001
101658,3756
101796,3721
101945,3772
102144,3931
102160,3888
103045,4457
103220,3950
103371,4081
103518,4367
103931,3678
104373,3328
104561,3910
104732,3197
105092,3579
105677,3241
105811,3184
105910,3573
106061,3640
106183,3831
106227,3927
106262,4307
106295,4462
106468,3677
106610,4052
107005,3964
107047,4014
107729,3690
108074,3452
108090,3522
108235,3746
109110,3062
109270,3213
109703,3782
109839,3758
109910,3802
110045,3844
110209,3900
110404,4068
110584,3960
110676,4137
110763,4132
110795,3914
110922,3841
111814,3528
111848,3599
111991,4124
112026,3905
112164,3818
112296,4884
112352,4165
112487,4083
112670,3993
112809,3901
112823,4125
112924,4155
113133,4283
113516,4479
113720,3861
113950,3885
114522,3978
114877,3537
115004,3840
115023,3901
115180,4124
115222,3972
115384,4230
115476,4388
115538,4119
115766,4245
116192,3918
116356,3891
117449,3772
117611,3269
117706,3241
117858,3619
117981,3294
118127,3566
118246,3638
118452,3904
118586,4062
118670,4375
119006,4158
119407,3832
120545,3307
120600,3353
120927,3403
121041,3356
121063,3404
121169,3530
121317,3434
121336,3433
121503,3987
121670,4164
121706,4077
121869,4019
122019,4118
122043,4294
122138,4365
122198,4374
122443,4413
122515,4277
122765,4163
123219,3947
124469,3441
124501,3563
124814,3311
124855,3141
125004,3424
125031,3776
125128,3567
125227,4283
125572,4307
125857,4187
125997,4213
126166,4081
126185,4141
126337,4202
126385,4653
126543,4860
126700,4078
127574,3540
127606,5114
127675,4210
127729,3725
127833,4300
127970,4482
128103,4410
128238,4161
128265,4173
128539,4020
128549,4160
128669,4114
128801,4043
128992,3953
129255,4063
130379,3538
130564,4487
131144,3386
131168,3414
131314,3911
131446,3832
132242,3886
132482,3976
132754,3461
132911,3483
132990,3525
133047,3541
133146,3825
133165,3885
133285,3844
133345,3918
134474,3047
134649,3378
134725,2974
134876,3029
135096,2957
135255,2882
135430,2837
135435,2992
135912,4639
135943,3630
136057,5212
136252,5674
136393,5767
137275,4581
139045,2958
139239,3242
139405,3018
139689,3069
139868,3155
140009,3489
140035,3133
140168,3279
140220,4974
140270,5327
140484,2896
141066,2784
141303,2806
141456,3264
141491,3188
141601,3581
141697,3332
141976,3251
142237,3455
142254,3581
142411,3441
142526,3583
143275,2961
143545,3502
144160,2961
144291,3043
144408,3452
144559,3382
144721,4122
144861,4170
144879,4031
145024,3938
146283,3078
146305,3197
146458,3283
146607,3246
146671,3327
146798,3299
147178,3131
147335,3080
147566,3220
147971,3105
148017,3235
148170,4340
148208,2979
148227,3188
148331,3585
148368,3683
148402,3711
148445,4525
148680,3483
149083,3598
149825,3285
149976,3223
150117,3689
150134,3384
150152,3361
150881,3326
150898,3294
151042,3218
151541,3937
151761,3520
151930,3109
152250,3103
152382,3163
152707,3149
152862,3102
153599,2851
153819,3013
154060,3127
154224,3118
154314,3371
154442,3153
154563,3664
154690,3587
155054,3088
155290,3440
155475,3179
156026,3068
156231,3220
156294,3267
156485,3159
156647,3567
156665,3312
156818,3447
156938,3589
157394,3353
157423,3390
157552,3593
157696,3406
157880,3687
158215,3424
158371,4592
158494,4547
158687,4803
158769,3644
158808,4734
159360,4232
159594,3647
159780,4251
160004,4131
160222,3863
160354,3535
160541,3814
160945,3446
160962,4857
161090,3947
161212,3774
161335,4152
161351,3753
161540,4057
161662,4036
161814,3935
162018,4084
162602,3794
162677,3793
162781,3953
162846,4295
163026,4151
163120,4074
163337,3922
163509,4189
164044,3719
164186,3922
164509,3644
164576,5142
164710,3552
164848,3556
164990,3518
165121,3473
165250,3437
165647,3880
165856,3893
166044,3896
166219,4154
166412,4197
166850,4036
166963,3763
166984,3884
167221,3656
167309,3640
167554,4481
167792,4249
167878,4304
168519,3760
168674,3776
168841,3694
169001,4019
169072,4372
169244,4139
170189,3844
170417,3564
170544,3711
170900,3572
170990,3597
171138,3982
171303,3958
171324,3863
171399,3853
172565,3501
172597,3320
172879,3204
173033,3099
173236,2975
173400,3688
173495,3792
173651,3846
173663,3797
173808,3795
173830,4156
174005,4217
174122,4239
174309,4222
174428,4171
174660,4024
174839,3898
176010,2866
176215,2784
176311,3425
176354,3430
176452,3509
176473,3607
176569,4946
176827,3423
176844,3934
176972,3853
177126,4262
177219,4471
177300,4516
177341,4526
179067,3349
179153,3349
179304,3619
179343,3516
179428,3630
179478,4013
179728,3884
179920,3888
180040,3863
180091,3983
180205,4102
180301,4223
180337,4273
180435,4140
180550,4503
180850,4300
180885,4346
181008,4335
182059,4025
182228,3930
182284,4048
182476,3950
182648,3791
182688,3584
182768,3722
182898,4100
183096,4111
183267,3999
183447,4111
184006,3747
184009,3891
184154,4322
184219,3982
184363,3882
184381,4525
185442,3828
185693,3645
185840,3538
186024,3934
186048,4325
186138,3670
186666,4180
186674,3574
186871,3672
186949,3792
187088,3809
187950,4144
188030,3722
188179,3826
188586,3339
188762,3581
188921,3327
188924,3480
189094,3394
189254,3284
189379,3209
189526,3352
189675,3417
189722,3494
190550,3645
190591,3889
190688,3990
190818,3911
190959,3474
191011,3768
191092,4035
191153,4500
191331,4555
191469,4571
191965,4141
192203,4650
192342,4562
192480,4473
192613,4440
192852,4150
194001,4028
194227,3718
194556,4014
194731,3735
194820,4018
194960,4089
194981,4001
195128,4019
195168,4187
195289,4432
196026,3885
196159,4272
196193,4099
196252,4271
196383,4202
196515,4630
196658,4447
196661,4883
196800,4843
196994,4713
197142,4689
197413,5052
197540,5161
197610,4962
197736,4782
197779,4984
197957,4865
198042,5272
198688,5152
198715,5306
198824,5251
198864,5402
199009,5827
199169,5807
199213,5355
199389,5171
199509,5163
200107,4747
200257,4711
200394,4663
200525,4645
200967,4298
201943,4260
202017,4290
202182,4275
202214,4470
202305,4585
202370,4600
202503,4627
202678,4497
202888,4534
202922,4563
203132,5056
204614,4516
204874,4413
205027,4161
205194,4044
205307,4258
205349,3994
205470,4658
205499,4265
205504,4055
205654,4314
205790,4261
206443,4322
206524,4462
206709,4339
206735,4384
206874,4346
207009,4793
207150,4546
207208,4851
207267,4637
207361,5208
207515,4477
207721,4330
207853,5048
208000,4962
208412,4479
208847,4386
209265,4397
210506,3298
210697,4308
210802,4191
210866,4219
211053,5294
211255,4273
211357,4684
211574,4414
211659,4633
211757,5337
212085,4010
212362,4060
212632,4323
212645,4496
212903,4297
213035,4115
213051,4211
214119,3406
214136,3425
214294,3515
214338,3637
214380,3876
214417,4537
214683,3692
214740,4313
215119,3887
215241,3860
215371,4186
215555,3822
216175,4211
216393,4121
216512,4372
216556,4589
216976,5069
217182,4893
217336,4649
218348,3876
218496,3628
218542,4202
218632,3541
218691,3408
218844,3497
218989,3453
219130,3742
219252,3680
219253,4107
219403,3951
219532,3780
219570,3996
219666,3838
219745,3879
219839,3979
219911,4104
219993,4091
220704,3728
220961,3955
221232,3788
221530,3441
223384,3528
223600,3560
223831,3332
224092,3171
224277,3973
224437,3759
224478,3539
224559,3545
224603,5987
224867,4178
225018,3925
225225,3772
225358,3874
225494,4998
225610,3533
225651,3445
225686,3639
225715,3975
225741,4054
225769,4076
225787,4652
225989,3567
226163,3521
227216,3388
227305,3235
227389,3293
227468,3299
227605,3551
228015,3309
228168,3675
228294,3595
228576,4438
228933,3614
229171,3437
231509,3514
231978,3187
232002,3269
232161,3412
232660,3090
232792,3736
233037,3093
233080,3768
233189,3856
233200,3204
233426,4068
233467,3175
233552,4032
233607,3510
233769,3434
233889,4232
233917,3961
234046,4181
234064,3911
234180,4326
234316,4432
234341,4055
234480,4099
234500,4418
234699,4318
234832,4258
234992,4141
235918,3555
236214,4114
236292,3710
236456,3596
236614,4381
236683,3419
236753,3951
236944,4271
237120,4228
237285,4597
237679,4762
237698,5041
237857,4975
238679,4088
239378,3506
239558,3472
239578,3985
240128,3485
240148,3299
240296,3377
240484,3348
240530,4612
240683,3677
240768,4518
240790,4564
240909,4490
241037,4491
241060,4570
241189,4662
241270,4647
241375,4710
241431,5172
241518,4732
241655,5184
243044,3932
243049,4073
243244,3931
243287,4019
243522,3955
243646,4249
243781,4357
243864,4550
243971,4226
243981,4044
244193,4481
244391,4860
244551,4650
244668,4699
244698,4942
244828,4997
244978,5209
245041,5653
245194,5322
245650,5035
245692,5053
245915,5071
247452,3619
247711,3697
247909,3447
248056,3635
248220,3933
248250,3648
248460,3791
248484,3881
248686,3669
248831,4079
249020,3941
249374,3701
249474,3653
249531,3974
249664,4055
249691,4079
250764,3807
251161,4088
251458,3514
251672,3766
251732,4435
251836,3774
251987,3741
252011,4524
252205,4438
252380,4206
252498,3826
252692,3954
253267,3426
253326,3614
253456,3683
253517,3734
253602,3892
253779,3927
253843,3929
253901,3938
253986,3953
254040,4011
254157,3960
254181,4051
254245,4265
254742,3985
256355,3740
256722,3140
256832,3287
257012,3395
257049,3317
258135,3430
258308,3705
258353,3295
258374,3125
258607,3771
258664,3663
258769,3678
258883,3611
258995,3878
259207,3716
259390,4136
259447,4248
259640,4107
259902,3895
260176,4022
260242,4088
260408,4083
260447,4125
260578,4379
260803,4180
261253,3854
261419,3914
261539,4009
261718,3876
261762,4105
261844,4085
261920,3937
262054,4783
262168,4856
262180,4958
262315,4873
262668,4332
262706,4621
262811,4886
262949,5246
263163,4684
263307,4588
263352,4678
263484,4542
265408,3672
265641,3546
265663,3464
265819,3418
265994,3751
266119,3703
266254,3618
266514,4095
266764,4195
267039,3969
268334,3825
268355,4026
268503,4221
268543,4584
268724,4325
268788,4403
268935,4420
269059,4346
269204,4043
269299,4227
269435,4263
269526,4045
269559,4199
269688,4427
269827,4156
270133,3929
270144,4037
270267,3964
270332,3967
270425,4297
270576,4205
270662,4246
270803,4175
270824,4267
270980,4334
271045,4368
271181,4283
271314,5007
271544,4316
271902,6869
273489,4260
273688,4993
273820,4931
274064,4948
274424,5117
274456,5699
274556,5151
275099,4881
275228,4691
275398,4708
275540,4636
275589,4879
275702,4706
275708,4818
275747,4826
275780,5280
275818,5333
275863,5339
275902,5683
276909,4404
277089,4283
277247,4396
277418,4137
277815,3916
278286,3770
278444,4270
278700,4087
278865,4002
279008,3915
279110,3934
279458,4255
280216,4088
280241,4210
280319,4236
280467,4703
280611,5191
280788,4360
281108,4987
281254,4598
281390,4579
281419,6159
281613,6227
281807,6121
281932,4486
281953,6076
282140,5734
282278,5702
283598,4294
283740,3218
283897,3172
284043,3286
286219,3955
286504,3598
286705,3812
286881,3698
287058,3595
287221,3522
287397,3610
287409,3684
287938,3277
288580,5701
288893,2918
289072,4683
289101,3256
289167,3350
289301,3273
289445,4249
289496,4036
289924,4524
290068,4353
290200,4823
290228,4930
290337,4977
290361,4945
290499,4916
290634,4865
291410,4187
291429,4276
291582,5348
291614,4200
291680,4450
291816,4927
291857,5364
292007,5167
292052,5168
292187,5260
292217,5342
292358,5643
292401,5645
292543,6167
292654,6106
292671,6468
292694,6288
292721,6515
293343,6069
293537,5999
293853,5833
294081,5749
294085,6006
294661,5533
294664,5605
294841,5694
294857,5746
294996,5871
295246,6124
295349,6063
295508,5956
295672,5883
295827,5900
296266,5529
296566,5934
296789,5897
296818,5867
296996,5779
297559,5675
297969,4909
298128,4820
298159,5170
298326,4891
298445,5420
298822,5089
299008,5118
299905,4821
299967,4874
300193,5011
300334,4861
300364,5099
300408,5013
300642,4953
300655,5063
300982,4828
301133,5094
301257,5704
301501,5632
302332,5068
302490,4550
302536,4570
303033,4458
303294,3995
303489,3850
303698,3839
303827,3871
303942,3976
303949,4093
304067,4148
304220,4092
304953,3776
304973,3869
305157,3796
305320,3902
305460,3812
306313,3273
306574,4349
306777,4089
306945,4049
307234,3692
307409,3837
307592,3760
308849,2930
309013,3690
309043,3056
309136,3107
309291,3087
309545,3494
309646,3149
310050,2877
310084,3031
310217,4034
310319,3985
310399,3423
310546,3446
310955,4779
311094,4716
312095,3025
312263,3131
313284,2816
313527,3203
314292,3249
314483,3631
314971,4376
315150,3373
315216,4016
315281,4293
315406,3901
315576,4115
315717,4177
315754,4193
315783,5552
315834,4650
316547,3695
316668,4255
316751,4722
316805,4737
316853,3807
316998,4136
317115,4282
317251,4268
317364,4337
317387,4363
317578,5058
317738,4609
317863,4588
317889,5443
318014,5472
318324,5229
318377,4783
318571,5331
318698,4545
318847,4533
318988,4440
319105,4693
319798,4566
319995,4933
320169,4809
320288,4738
320448,4626
320762,4752
320969,4934
321000,4777
321169,4898
321848,4269
322038,4166
322714,3990
322913,3843
323188,3637
323327,4033
323995,3380
324039,3405
324200,3476
324386,3524
324556,3710
324581,3775
324765,3642
325147,3771
325331,3849
325352,3995
325520,3976
325560,3895
325869,3872
326856,3525
327393,3940
327487,3861
327561,3974
327664,3722
327719,3701
327862,3907
327954,3932
328006,4131
328057,4018
328198,4157
328991,4063
329036,4488
329189,4210
329230,4218
329341,4229
329467,4646
329509,4206
329655,4289
329775,4323
329777,4213
329925,4558
330016,4891
330693,4096
330849,3996
330997,4301
331144,4212
331504,3925
331693,4267
331852,4160
332009,4066
332168,3957
332189,4120
332418,4060
332536,4223
332610,4275
332752,4495
333168,4285
333448,4286
334164,3489
334193,3936
334271,3945
334320,3799
334322,3998
335605,3705
335677,3686
335766,4139
335824,3909
335988,4097
337010,3391
338393,3162
338463,3315
338565,3806
338599,4195
338886,3635
338948,3477
339121,3854
339152,3998
339287,3932
339420,4214
339545,4020
339649,3962
339773,3908
340002,4178
340235,4106
340482,3797
340579,3825
340672,4042
340717,4309
340872,4090
340954,4209
340996,4580
341096,4844
341117,4617
341215,4784
341364,4687
341659,4570
341962,4362
342133,4360
342368,4605
342590,4435
343123,4246
343288,4209
343310,4177
343503,4246
343730,4210
343808,4231
344017,4873
344210,4796
344369,4892
344504,4748
344521,4802
344579,5690
344788,5084
344959,5485
345763,4625
345897,4629
346558,4357
346737,4081
347000,4036
347156,3958
347186,4080
348132,3396
348194,3281
348307,3273
348360,3323
348448,3724
348497,3775
348670,4649
348704,4373
348845,4435
348932,4377
349044,4461
349081,4846
349227,4794
349345,4777
349358,4855
349566,4962
351160,4137
351313,3931
351334,4262
351517,3881
351676,3675
351715,4245
351823,3712
351864,4153
351966,4528
352012,5261
352112,4774
352218,4661
352355,4617
352804,5342
352904,6814
352956,5265
353100,5169
353123,6899
354582,3737
354606,5285
354948,4173
355010,4157
355042,4232
355073,3863
355267,3720
355786,4170
355839,4282
355968,4104
356157,4012
356331,3918
356653,4099
357461,3448
357646,3726
357676,3640
358010,3414
358139,3495
358268,3562
358406,3628
358540,5205
358824,4052
359003,3758
359147,3755
359278,3703
359420,4184
359543,4018
359730,4366
360209,4580
360385,4170
360562,4121
360666,4033
360934,4155
361027,4554
361062,4218
361198,3999
361458,4316
361509,3919
361669,4564
361816,4510
361872,4935
362019,4424
362148,4915
362272,4882
362462,4747
363131,3989
363345,4004
363501,4257
363714,3863
363896,4051
363915,3796
364210,3806
364378,4074
364783,4657
364926,4938
364946,4543
365104,4434
365255,4676
365415,4700
365569,4678
366063,4804
366526,4165
367680,3346
367815,3411
367819,3494
368011,3400
368157,3458
368195,3540
368277,3537
368333,3952
368462,4103
368603,4941
368661,4129
368795,4057
368927,3984
369067,4069
369085,4371
369232,4630
369283,4625
369366,4604
369513,4517
369593,4730
369692,4546
370328,4570
370514,4446
371257,3919
371439,4015
371582,3731
371841,3732
371985,4253
372527,3763
372586,3731
372693,3646
372831,3641
372954,3953
372993,3999
373152,4015
374196,3277
374302,3448
374447,3552
374464,3730
374611,4318
374998,4283
375148,3832
375344,3696
375480,4040
375636,3972
375780,3933
377345,2879
377513,3457
377545,3492
377690,3611
377838,3514
377864,3561
378021,3826
378082,3871
378257,4351
378299,4187
378428,4116
378441,4516
378603,4434
378663,4434
379385,3992
380381,2934
380538,3236
380674,3514
380801,3472
380835,3571
380993,3579
381136,3539
381166,3573
381397,4823
381458,4333
381610,4282
382129,3715
382365,3737
383000,3158
383136,3444
383158,3583
383298,3595
383410,3569
383441,3707
383591,3607
384712,3024
384781,3214
384911,3201
384949,3393
385018,3835
385288,4281
385467,4250
385777,4184
385934,4108
386097,3996
386232,3910
386388,3841
387141,3276
387243,3911
387409,3726
387456,3615
387542,3446
387595,3530
387745,3939
387831,4044
387894,4460
388070,4287
388142,4150
388190,4244
388282,4398
388414,4638
388438,4907
388563,4904
388678,5764
388706,5012
390741,3849
391096,3615
391250,3994
391274,3494
391407,3837
391439,4053
391689,3867
391738,4134
391881,4985
391976,5081
392021,5216
392107,5174
392238,5195
392443,5092
392477,5350
392600,6390
392673,5449
392807,5201
392850,5231
393066,6062
393185,5876
393413,5549
393547,5315
393715,5298
393826,5236
394943,4552
395071,4614
395279,4458
395318,4458
395468,4421
395588,4402
395604,4545
395717,4591
395855,4696
395917,4777
396054,5067
396258,4949
396325,4975
396449,5095
396582,6257
396715,6021
396899,5891
397029,5860
398245,5312
398300,4890
398417,5826
399102,4503
399197,4977
399601,5569
399643,5423
399807,4482
399966,4784
400105,4548
400224,4352
400337,4366
401370,3741
401424,3911
401683,3767
401702,3690
401784,3753
401916,3776
402005,3823
402040,3964
402165,4136
402195,3871
402362,3849
403105,3623
406107,3182
406507,2942
406527,3202
407177,2844
407224,2927
407375,3148
407418,3155
407540,3105
407545,3437
407789,3092
408025,3223
408044,3100
408072,3622
408197,3145
408282,3303
408438,3313
408574,3283
408674,3478
408856,3193
408958,3124
409804,3036
410067,4810
410230,4053
410355,4962
412927,3004
413159,3035
413324,5835
413464,5644
413528,5802
413583,2884
413588,5834
413706,3432
413798,3274
413889,3633
413956,3530
414060,3828
414117,4079
414228,4153
414385,3772
414401,4034
414548,3916
414573,4111
414683,4747
414732,4103
416022,3853
416049,3880
416287,3804
416320,4005
416466,3984
416502,4877
416747,4512
416882,4473
416886,4557
417015,4760
417165,4793
417201,4933
417395,4793
417938,5152
418930,4348
419171,4160
419216,4378
419364,4833
419490,4882
419746,4366
420330,3932
420494,3850
420646,3828
420786,3770
420806,4190
421205,3639
421412,3557
421654,3406
422097,3248
422255,3040
422305,3437
422434,3361
422443,3725
422590,3500
422695,4255
422770,4048
422918,3998
422934,4005
423077,4083
423312,3831
424493,3190
424600,3765
425028,3388
425183,3163
425354,3466
425396,3487
425484,3496
425895,3473
426065,3414
426199,3364
426604,3376
426688,3379
427043,3374
427342,3376
427604,3188
427760,3176
428192,3239
428219,3316
428452,3311
429563,3685
429913,3186
430051,3357
430219,3470
430251,3711
430481,3447
430764,3677
430847,4124
430986,3791
431036,4094
431138,3742
431163,4016
431544,4272
431581,4181
431710,3851
431835,3855
432276,3566
432443,4572
432482,3581
432544,4027
432612,3795
432774,3683
432816,3706
433062,4051
433479,3687
433613,3809
433669,3608
433792,3782
434000,4087
434137,4045
434255,4238
434273,4518
434518,4324
434538,4451
434668,4675
434709,4519
435851,4413
436003,4085
436143,4174
436242,4713
436274,4567
436404,4486
436544,4247
437390,3821
437548,3714
437808,3758
438234,3572
438359,3674
438570,3772
438658,3732
438825,3615
439014,3673
439902,3083
440100,3228
440400,3198
440554,3554
440722,4035
440938,3526
441012,3802
441134,3674
441285,3801
441410,3718
441532,3877
442097,3692
442247,3578
442497,3376
442759,3163
442926,3109
443071,4290
443106,5484
443157,4746
443181,5900
443378,3043
443790,3088
443945,4568
444133,4495
444290,4388
444493,4235
444653,4125
445835,3017
445969,3176
446114,3330
446263,3463
446288,3429
446443,3525
446656,3376
446711,3526
446842,3948
446969,3871
448038,3463
448202,3436
448420,3304
448710,3513
448840,3866
448906,3895
448947,3533
449086,4195
449287,4169
449415,4315
449592,3779
449753,4670
450041,3817
450078,3849
450233,3811
450274,4128
450373,4173
450583,3960
450648,4213
450797,4187
450915,4325
450922,4120
451027,4263
451119,4243
451354,4299
452138,3580
452267,3670
452523,3687
452698,3623
452960,4484
453085,4413
453304,4244
453470,4127
454098,3760
454131,3649
454792,3396
454929,3458
455082,3378
455434,3330
455458,3610
455599,4237
455771,3349
455930,3597
456080,4011
456301,3723
456482,3943
456660,4053
456693,4009
457047,3750
457553,3550
457748,3577
457873,3595
459101,2933
459164,2979
459314,3301
459339,3357
459481,3820
459851,4166
459860,4576
460007,4225
460150,5581
460185,3993
460270,4265
460462,4237
460772,4358
461002,4079
461140,4681
461400,3779
461629,3601
463151,2968
463182,3063
463394,3434
463511,3452
463537,3552
463686,3786
463806,3620
463938,4087
463965,4837
464016,5699
464120,3820
464334,4387
464769,4143
464897,4063
465369,3791
465399,3826
465570,4031
466882,3486
467107,3316
467248,3449
467268,3558
467730,3148
467905,3923
468046,3980
468064,3875
468209,3783
468341,4207
468502,4289
468644,4198
468854,4109
468998,4112
469061,4147
469256,4193
469275,4303
469419,4273
469437,4307
470561,3587
470668,3643
470804,3566
470923,3713
470973,4042
471099,3852
471242,4082
471367,4035
471512,3963
471666,3922
471862,4214
472064,4062
472221,3970
472290,3950
472449,4381
472576,4386
472586,4419
473667,3940
473804,4037
473938,4241
473990,3910
474026,3927
474215,4073
474374,4034
474718,4853
474863,4937
475019,4865
475058,5417
475500,4468
475705,4377
475904,4362
475936,4792
476098,5517
477154,5289
477167,3401
477327,4849
477363,3917
477451,4113
477603,4353
477689,4431
477918,4091
478001,4732
478111,4297
478233,4043
478348,4754
478458,4034
478472,4555
479231,3913
479406,4037
479894,3659
480233,3656
480382,3348
480584,4955
480987,3009
481162,2938
481303,2928
481436,4274
481607,3758
481662,4212
481689,4426
481726,4522
481752,4726
481777,5002
481817,3630
483710,3227
484563,3374
484636,2934
484795,2854
484919,3085
485155,3693
485178,3717
485346,4191
485486,4305
485740,4101
485765,4271
485908,4856
485932,4389
486076,4318
486282,4806
486300,4272
487347,3846
487368,3442
487542,3355
487747,3355
487772,3361
487968,3286
488036,3267
488182,3613
488328,3660
488361,3736
488503,3543
488526,4127
488650,3828
488795,3734
488966,3740
489140,3636
489276,3565
489405,3523
491174,3731
491332,3822
491373,3725
491461,3755
491541,3923
491916,3820
492141,3989
492287,4054
492316,4169
492450,4249
493140,3738
493176,4284
493308,3708
493768,5494
493782,3437
493816,3280
494015,3511
494165,3677
494480,3509
494716,4337
494924,4268
495161,4187
495392,4039
495542,4413
495563,5009
495694,4646
495835,5073
495967,4944
496603,4378
496704,4328
496840,4241
496929,4503
497056,4390
497249,4145
497283,4242
497346,5023
497488,4829
497560,5168
497726,4801
497806,5230
497874,5275
498016,5122
498040,5213
498192,5306
498257,5221
498377,5351
498408,5887
498489,6015
498679,5766
498743,6063
501176,4079
501530,4287
501647,3912
501652,3946
501773,4033
501807,3932
501973,5264
502086,4306
502166,4361
502205,4542
502353,4497
502435,4879
502647,4733
502791,4809
502879,4805
503224,4524
503788,4047
503813,4302
503989,5277
504380,4527
504681,4774
504731,4591
504852,4553
504983,4549
505372,4519
505572,4429
505700,4558
505848,4227
505884,4244
506035,4400
506999,3731
507041,3876
507193,3794
507334,3805
507430,3946
507510,4410
507667,4591
507836,4185
507900,4515
507961,4374
508023,4673
508151,4653
508298,5111
508464,4997
509212,4363
510542,3118
511326,3191
511527,3862
511735,3610
511749,3407
511909,3540
512075,4016
512207,3815
512429,3711
512581,4170
512790,3910
512918,3952
512988,4031
513864,3677
513977,3370
514223,3255
514406,3447
514596,3248
514921,3410
515075,3352
515122,3401
515418,3228
515487,3375
515649,3264
515699,3313
515843,3569
515994,3527
516120,3704
516234,3538
516241,3718
516461,3895
517467,3734
517556,3809
517725,3393
517856,3210
518001,3417
518678,3207
518849,3172
518962,3231
520009,2809
520169,2979
520171,3546
520326,3220
520470,3127
520492,3279
520590,4142
521161,3054
521342,3027
521501,3480
522467,2808
522547,2944
522955,3314
523162,3050
523350,3407
523382,3473
523543,3882
523807,3275
523957,3610
524055,3633
524247,3614
524311,4112
524475,3609
525362,3004
525558,3701
525648,3088
525774,3212
525913,3287
526111,3228
526300,3532
526393,3312
526479,3403
526528,3565
526664,4277
526693,4133
526884,3993
526907,3802
527688,3543
528029,3285
528097,3446
528187,3697
528325,3611
528470,3995
528683,3668
528846,3555
529491,4093
529669,3863
529764,3655
529928,3914
529961,4024
530111,3872
530242,3812
530411,3916
530632,4069
530742,4339
531590,4133
531666,3521
531729,3465
531880,3432
532008,3770
532033,4162
532141,3961
532170,4267
532309,4297
532452,4271
532518,4259
532671,4212
532920,4372
533240,4097
533309,4078
534426,3149
534564,4015
534587,4262
534694,3618
534845,3540
535023,3761
535221,3790
535417,3871
535598,4410
535698,4054
535823,4164
536009,3775
537063,3454
537226,3387
537420,3521
537431,4469
537589,3908
537686,3741
537725,3964
538071,3881
538449,3551
538599,3610
538665,3675
538815,3711
538934,3545
539810,2913
539843,3001
540041,2962
540070,4115
540176,3220
540414,3233
540582,3120
541030,3294
541191,3459
541312,3592
541475,3481
541613,3875
541724,3645
543096,3258
543225,3177
543471,3614
543522,3734
543714,3746
543859,3652
544127,3443
544231,3208
544368,3399
544453,3432
544490,3717
544655,3768
544688,3854
544757,3573
545737,3083
545757,3438
545917,3225
545949,3252
546123,3299
546308,3656
546439,3759
546602,4220
546683,3724
546866,3633
547297,3460
547537,3493
547606,4094
547922,3605
549026,3177
549243,3032
549273,3204
549398,3569
549439,3658
549505,3370
550041,3163
550243,3630
550304,3582
550456,3634
550592,4123
550654,3715
550799,3624
550867,3663
550919,3677
551104,3710
551991,3100
552185,3039
552244,3250
552309,3053
552519,3824
552973,3224
553108,3169
553222,3154
553378,3206
553532,3763
553708,3155
553924,3843
554180,3637
554233,4161
555322,3357
555529,3536
555551,3752
556592,3566
556928,3506
557085,3811
557111,3550
557262,3543
557399,3699
557424,3873
557538,3826
557597,3873
557668,4028
557840,3921
557862,3950
557971,3923
558133,4295
558889,3329
559103,3771
559126,3188
559201,3364
559331,3644
559430,4097
559521,3510
559664,4588
559830,4493
559863,4080
560004,4273
560259,4163
560489,4022
560741,4278
560922,4241
561095,3977
562038,3795
562059,4016
562215,3914
562404,3903
562503,3849
562670,4356
562711,4542
562795,4509
562990,4748
563110,5251
563142,4681
563259,4773
563370,4866
563613,4890
564087,4685
565531,3395
565540,3475
565659,3440
565695,3626
565886,3742
565910,3750
566037,3648
566256,3652
566389,3810
566450,3937
566669,4700
566685,5343
566829,5234
566866,5217
567026,5140
567094,5042
567894,5047
568072,4517
568196,4735
568640,4378
568817,4262
569063,4900
569142,5159
569185,4992
569426,4921
569447,5160
569710,4833
569734,5003
569921,5307
569957,5323
570044,5233
570095,5329
570227,5279
570967,5097
571148,4970
571410,4757
572980,3455
573143,3600
573184,3621
573285,3449
573311,4059
573445,4513
573606,4431
573666,5113
573802,5202
574164,4406
574319,4181
574381,5194
574485,4181
574646,4070
574812,4092
574932,4306
575071,4626
576142,4175
576267,4098
576356,4203
576476,4234
576486,4366
576615,4174
576792,4108
576840,4316
577021,4322
577926,3514
578147,3997
578305,3890
578466,3777
578613,3684
578775,3800
578932,3751
579025,3808
579213,3640
579361,3775
579395,3795
579499,3982
579624,3976
579781,3904
580048,4050
580085,4073
580324,3987
580523,3868
581328,3539
581463,3455
581484,3866
581704,4176
581857,4256
582007,4105
582588,4119
582981,3844
583282,3686
583607,3351
584515,2810
584673,3688
584750,4120
584909,3932
584968,3707
585112,4490
585138,3847
585239,4472
585371,4129
585450,4024
585505,4404
585580,4001
585656,4156
586446,3626
588176,3137
588203,3616
588375,3495
588466,3638
588542,4119
588686,3552
588932,3950
589104,3825
589117,4043
589270,3951
589314,3962
589977,3704
590149,3603
590307,3825
590458,3725
590613,3862
590697,3534
590712,3543
590992,3778
591151,3702
591542,3572
591604,3447
591769,3529
591980,3484
592008,3557
592239,4685
592407,4624
592547,4772
592646,4490
592810,4411
593081,4190
593168,4199
593298,4118
593772,3962
593948,3883
594371,3614
594507,3526
595035,3793
595311,3890
595512,3628
596241,3316
596416,4256
596583,4320
596685,4167
596861,4198
597018,4108
597945,3293
598058,3119
598099,3194
598156,4051
598311,4894
598356,4928
598400,4063
598429,2986
598481,3319
598588,4463
599088,3968
599303,4595
599430,4004
599571,4489
599852,3824
600064,3667
600196,3583
600311,3519
602118,3200
602292,3958
602463,4179
602684,3992
603150,3571
603497,3893
603694,3331
603818,3410
604124,3257
605215,2862
605398,3026
605579,4091
605676,3131
605819,3265
606046,3240
606194,3167
606444,3334
606479,3395
606752,3476
607360,3167
607560,3546
607593,3112
607902,3195
607941,3476
608077,3581
608141,3510
608200,3511
608267,3771
608341,3948
608494,3905
608878,3643
608907,3843
609057,3743
609123,3777
609408,3681
609576,4138
609712,3852
609804,3898
610600,3617
610824,3589
611014,3744
611243,3604
611451,3991
612498,3536
612566,3562
612660,3509
612750,3471
612913,3600
613314,3252
613474,3245
613597,3783
613746,3251
613777,3391
613930,3394
614000,3667
614248,3613
614448,3468
614677,3370
614875,3570
614905,3591
615094,3450
615472,3714
615905,3624
616973,3062
617171,3058
617412,3102
617672,3820
617710,3610
617856,3517
618033,3669
618156,4036
618199,4112
618240,4002
618277,4154
618296,3834
619021,3457
619217,3552
619368,3452
619608,3622
620115,3236
620303,3247
621131,3584
621211,3444
621371,3354
621528,3811
621724,4231
621825,4238
621885,4347
622032,3743
622269,3561
622569,3585
622818,3522
623574,3194
623677,2873
623808,3226
623947,3069
623972,3431
624115,3349
624143,3463
624285,3798
624341,3744
624491,3641
624763,3936
624903,4122
624942,3748
625177,3954
625467,3750
626497,3239
626681,3153
626705,3456
626717,3554
626824,3064
626932,3017
627310,3589
627458,3656
627593,4247
627915,4017
627953,4089
628167,3928
628415,3730
628587,3635
628854,3666
628901,3655
630143,3554
630303,3514
630328,3199
630538,3405
630614,3141
630731,3265
630779,3301
630935,3198
631027,3302
631154,3231
631587,3398
631765,4348
631959,3418
632259,3469
632808,2991
632984,3112
633158,2989
633319,3069
633897,3508
635506,2977
635773,3301
635984,3407
636144,3540
636215,3566
636262,3647
636400,3594
636542,3503
636664,3796
636705,3983
636823,3738
636895,3716
636961,3778
637101,4384
637243,4036
637343,5133
637598,4637
638013,4339
638040,4054
638144,4142
638229,3997
638319,4281
638461,4258
638517,4582
638581,4311
638736,4308
638904,4522
639023,4679
639122,4783
640058,4297
640195,4220
640297,4580
640319,4500
640452,4419
640750,4170
640881,4256
641013,4903
641315,4448
641365,4699
641498,4821
641519,4493
641732,4382
641926,4252
643370,3059
643503,3010
643905,3061
644042,3028
644176,3560
644258,3790
644566,3550
645916,3137
646365,3950
646524,3706
646556,3345
646755,3199
647175,2985
647239,3190
647367,3022
647438,3242
647540,3236
647611,3210
648315,2793
648470,2875
648492,3002
648611,3395
648693,2876
648716,3118
648875,3229
648956,3234
649094,3209
649146,3231
649301,3869
649455,3816
649464,5085
649599,5087
649702,6186
649977,5470
649996,5849
650459,5305
650495,5326
650891,4997
652797,3409
652971,3347
653374,3227
653562,5474
653605,3092
653697,3177
653811,3214
653869,3433
654050,3391
654215,3291
654377,3289
654645,3266
654733,3260
654807,3374
654921,3426
654962,3471
655083,3614
655147,3605
655319,3487
655606,3753
656383,3372
656421,3471
656563,3443
656825,3421
657289,3754
657465,3359
657529,3371
658287,3497
658474,3601
658847,3392
659053,3516
659083,3232
659190,3445
659442,3417
659603,3194
660615,3080
660852,3190
661016,3122
661056,3357
661176,3649
661227,3630
661353,3566
661474,3670
661817,4179
661839,4265
662451,3928
662664,3763
663064,3265
663278,3198
663304,3615
663462,3529
663602,3623
663666,3495
663790,3699
663875,3984
663926,3767
664062,3707
664349,3555
664531,3866
664669,3781
664685,3957
664857,3808
665344,3838
665494,3748
665540,3861
666023,3743
666168,3648
666317,3664
666532,3702
667759,3086
667959,3129
667985,3457
668206,3283
668254,3618
668400,3583
668592,3622
668690,3382
668724,3396
669428,3814
669465,3622
669598,3765
669667,3653
669816,3593
669859,5086
669992,4613
670037,4540
670219,4460
670357,4644
672039,3689
672171,3612
672279,3717
672396,3560
672494,3535
672613,3781
672697,3724
672899,5335
672932,5371
673204,5314
673478,5220
673533,5886
673716,7159
673737,6953
673741,8215
673774,9383
673828,9686
673885,8190
674033,8060
674149,9194
676083,8083
676105,7592
676256,7534
676282,8160
676421,7863
676487,7404
676611,7387
676798,7732
676810,7758
676961,8294
677015,7747
677275,7383
677712,7384
677860,7889
678000,7836
678153,8320
678316,8380
678317,8270
678471,8632
678611,8924
678685,8516
678851,8117
679016,8319
679138,8292
679256,8548
679478,8146
679609,8113
679684,8075
679896,7930
680119,7756
680367,7711
680486,9206
680646,9157
680778,9165
680905,9078
681157,9138
681346,9049
681544,9164
681678,9136
681730,8843
681846,9056
682165,8432
682242,8579
682437,8734
682483,9623
682647,8689
682680,8614
683332,9437
683484,9384
684075,8979
684235,8967
684407,8938
684863,8991
685089,8955
685207,8285
685341,8776
685388,8288
685505,8460
685546,8313
685677,8535
685833,8437
686027,8362
686081,8093
686184,8095
686246,8079
686783,9254
686859,9325
687046,9084
687340,8946
687518,8759
688120,8576
688581,7967
688599,7971
688736,7937
688933,7837
689044,7815
689066,8052
689221,8013
689380,7794
689541,9153
689594,9081
690035,8742
690059,8954
690232,8950
690385,8850
690690,8596
690991,8354
691173,8282
691418,8238
691500,8364
691573,8832
691716,8052
691875,8038
692026,8025
692194,8144
692246,7705
692352,7891
692997,8943
693170,8886
693328,8686
693470,9219
693688,9763
694750,7601
694781,8722
694918,8387
694964,7686
695242,7545
695400,7503
695676,8273
695694,8302
695854,8205
695876,8234
695973,8232
696070,8212
696217,8161
697152,7313
697292,7316
697456,7302
697652,7692
697691,7622
697900,7112
698045,7083
698180,7061
698321,7994
698458,8019
698549,8400
698691,8088
698830,8150
699020,7992
699588,7489
699694,7605
700052,7384
700484,7107
700591,7532
701027,7311
701085,6972
701219,6953
701304,7303
701441,7267
701824,7713
701968,7706
702099,8337
702441,8264
702537,8255
702784,8121
702972,8009
702986,8359
703143,8371
703413,7837
703791,7602
703986,7456
704133,7425
704252,7358
704383,7456
704522,7414
705355,6687
706078,6289
707539,4923
707701,4853
707737,5194
707862,5035
707874,5136
707993,5082
708141,4990
708427,4838
708466,4926
708611,4986
708655,4856
708780,4936
708912,4899
708978,4961
709111,5044
709221,5068
709240,5493
709362,5600
709766,7272
709937,8050
710109,7958
710274,7929
710294,7849
710973,7313
711201,7146
711351,7076
715484,3384
715704,3114
715720,3443
715900,3472
715994,3160
716070,3356
716164,3649
716228,3638
716429,4061
716590,3737
717321,3237
717502,3564
718486,3627
718507,3454
718653,3510
718748,3710
718901,3890
718929,4025
719011,4105
719203,4074
719246,4051
719578,3994
720548,3232
720870,2970
721256,3007
721323,3074
721416,3102
721530,3187
721905,3096
722075,3276
722288,3610
722307,3401
722481,3277
722626,3541
722775,3477
722835,3551
723662,3166
723832,2923
723873,3130
724019,3401
724086,3466
724591,3183
724679,3049
724854,3539
725009,3545
725122,3609
725172,3674
725331,4043
725381,3742
726540,3629
727203,2878
727386,2940
727534,2976
727675,2916
727891,3255
727952,3115
728068,3369
728077,3661
728196,3531
728709,3555
728877,3372
729017,3554
729180,3519
729203,3593
729306,3576
729400,3561
729472,3589
729680,3546
730609,2945
730788,3061
730854,3197
730965,3269
731124,3323
731187,3805
731274,3663
731470,3892
731495,3802
731561,3732
731798,3644
732043,3736
732902,3141
733058,3215
733354,3229
733382,3459
733680,3609
733880,3510
733901,3552
734066,3876
734239,4262
734276,3786
734706,3558
734985,3370
735111,3651
735962,3173
736093,2987
736132,3134
736270,3442
736410,3186
736440,3456
736592,3799
736658,4035
736791,3970
736892,3923
736966,4048
737121,4168
738358,3200
738418,3606
738514,3554
738590,4500
738905,3470
738944,3892
739302,3774
739336,3658
739363,3720
739517,3517
739726,3512
739750,3655
739914,3543
740050,3509
740101,3594
740224,4014
740233,3862
740500,3789
740697,4000
741539,3448
741681,3358
741858,3459
742066,3673
742216,3577
742429,3728
743857,3535
743912,3699
744191,3601
744329,3788
744483,4018
744790,3863
744817,3873
745034,3705
745149,3745
745179,4061
745312,3854
745422,4084
745550,3901
745656,4252
746454,3523
746490,3804
746584,3809
746641,3706
746756,3857
746836,4331
746988,4237
747033,4661
747108,4170
747220,4109
747298,4673
747430,4337
747440,4378
747582,4338
747669,4229
748711,4410
748789,4936
748935,5515
749051,5298
749212,5304
749281,4981
749332,5068
749561,4736
750452,4132
750482,4283
751106,3815
751234,4065
751353,3997
751375,4053
751481,4121
751523,4331
752528,3522
752650,3450
752697,3721
752836,3805
752888,3908
753334,4103
753510,4062
753804,3924
753963,4120
754482,3817
755113,3874
755214,4251
755378,3660
755678,3631
755703,4221
755859,4348
755952,3693
756127,3590
756162,3787
756312,3986
756432,4042
756457,4196
756577,4144
756678,4194
756854,4121
757005,4161
757071,4034
757124,4259
757270,4541
758011,4502
758161,4171
758273,4125
758474,3977
758597,4353
760015,3412
760252,3343
760709,3830
760938,3175
761008,3585
761195,3650
761209,3796
761409,3662
761564,4181
761612,3592
761779,4269
761824,4284
762036,4199
762169,4160
762369,4654
762563,4333
762664,5142
762673,4508
762794,4937
762929,4150
763084,4046
763934,3943
764377,3870
764667,3637
764819,3925
764884,4058
765038,4128
765179,4078
765324,4020
765342,4109
765482,4494
766295,4319
766374,4344
766516,3980
766534,4568
766997,3821
767269,4037
767398,3962
767535,3907
767557,3960
767642,4069
767825,3983
767974,4054
768005,4079
768191,4447
768351,4730
768420,4612
768477,4655
769552,3904
769756,3784
770019,3567
770162,4115
770310,4095
770454,4021
770657,4334
770827,4218
770947,4176
771662,3628
771851,3625
771871,4361
772024,4156
772135,3680
772288,4411
772312,4663
772410,4482
772472,4605
772679,4480
772892,4280
773200,4301
773287,4282
773326,4517
773469,4328
773676,4454
773822,4326
773992,4207
775218,3035
775510,3601
775666,3827
775859,4027
775913,3352
775984,3554
776056,3533
776185,3751
776316,3918
776452,4013
776730,3787
777715,3571
777928,3298
778206,3172
778376,3065
778529,3303
778681,3574
778710,3210
778860,3440
778993,3387
779370,3209
779615,3755
779704,4001
779861,3564
779979,3958
780096,3902
780256,4034
780280,3791
780469,3692
782355,3897
782437,3025
782574,2997
782663,3198
782750,3193
782935,3269
783093,3205
783214,3640
783372,3586
783446,3725
783743,3838
783759,3480
784335,3362
784522,4023
784705,4345
786992,3176
787041,3232
787188,3187
787324,3402
787465,3635
787603,3407
787741,3741
787869,3535
788037,3172
788061,3475
788215,3295
788250,3594
788425,3764
788443,3516
788604,3610
788660,3469
788804,3529
788868,3879
788952,3580
789088,3786
789114,3644
789819,3056
790513,3753
790806,3182
790934,3403
791110,3289
791267,3307
791562,3752
793106,3183
793290,3118
793468,3430
793611,3510
793701,3903
794067,4112
794088,4182
794546,3823
794694,3383
794817,3561
794916,3693
794998,3871
795103,3946
795141,3961
795288,3874
795362,4060
795410,4006
795600,4202
795669,4019
795797,4296
795888,4430
795922,4221
796118,4478
796151,4547
796493,4284
796655,4227
796909,4695
796944,5123
797013,4679
797159,4584
797323,4469
797354,4844
797659,4663
797806,4658
797958,4759
798129,4853
799098,4863
799232,4763
799456,4594
799772,4549
799844,4682
799901,4472
800001,4460
800158,4419
801059,4044
801318,4229
801741,3852
801892,4040
801918,4234
802078,4065
802765,3316
802788,3417
802998,3446
803146,3375
803167,3947
803315,3850
803335,3679
803538,3949
803706,3878
803834,3866
804110,3958
804154,3977
804276,4439
804416,3769
804670,4100
805164,3816
805295,3975
805427,3894
805655,4169
805816,4103
806115,4205
806269,3812
806728,3873
806841,4364
806909,3773
807897,3356
807969,3800
808189,3636
808380,3427
808538,3520
808653,3205
808789,3468
809017,3536
809087,3605
809167,3645
809299,3578
810129,3107
810176,3290
810376,3380
810545,4176
810674,3146
810828,3601
810861,3585
810953,3826
811353,3891
811558,3633
811583,3659
811918,3585
812077,3529
812095,3644
812247,3623
812491,3429
812593,3450
813074,4185
813278,3603
813291,3477
813699,3640
813883,3873
814015,3861
814137,4189
814272,4156
814516,3862
816208,2904
816267,2977
816403,3638
816453,4356
816508,3186
816601,4260
816652,3167
816819,3348
817153,4568
817371,4198
817433,4279
817582,4382
817683,4087
817779,4091
818388,3681
818554,3567
819318,3890
819357,3796
819476,3835
819522,4846
819546,4920
819580,4838
819719,3541
819860,3432
820021,4217
820324,4192
820357,4595
820480,4523
820607,4293
820691,4430
821183,3987
821270,3926
821443,4249
821462,4236
821720,4091
821908,3975
822915,3161
823086,4037
823132,3072
823326,3744
823563,3645
823593,3904
824267,3098
824563,3723
824601,3608
824640,3686
824809,3582
826466,3192
826963,2930
827169,3100
827222,3269
827554,3788
827921,3072
828033,3149
828194,3454
828587,3356
828658,3434
828763,3375
828791,3643
828921,3420
829064,3327
829198,4630
829331,4437
829466,4464
830233,3644
830329,3649
830464,3549
830519,3674
830695,3425
830978,3329
831046,3444
831113,3389
831184,3515
831331,3826
831355,3975
831560,4661
831744,3796
831889,4397
832035,4377
832159,4306
832180,4301
832280,4299
832468,4219
832681,4210
832725,4342
834298,3542
834533,3546
834791,3701
834826,3601
834990,5126
835126,3432
835170,3537
835332,3458
835666,3675
835812,4019
835949,4071
836070,4101
836223,4085
836322,4086
836574,4379
836654,4086
836738,4304
836892,4215
836939,4265
837159,3988
837209,4094
837375,3986
837526,3721
838237,4199
838273,4316
838428,4462
838530,3660
838671,5212
838812,3746
838950,3742
838969,6503
839091,3901
841490,4122
841970,3623
842267,3452
842710,3870
842822,3295
842986,3715
843149,3673
843312,3606
843470,3500
843691,3327
843971,3096
844136,3220
844304,4854
844319,3159
844472,3101
844887,2830
845130,2820
845286,2990
845422,3002
845795,3916
845957,3806
846210,3907
846398,3848
846409,3936
846553,4045
846701,5569
846753,5669
846807,6012
847044,6186
847471,5942
847532,5948
847664,3022
847826,3105
847977,3306
848140,3375
848288,4014
848441,3926
848559,3789
848814,4087
848947,4218
849096,4451
849238,4491
849710,4558
849873,4448
850014,4407
850537,4068
850573,3798
850861,3880
850959,3933
851009,4170
851104,4122
851349,3927
851507,3860
851560,3898
851819,4006
852014,4489
853240,3870
853271,3856
853427,3757
853657,3733
853768,3819
853913,3792
855074,3359
855273,3660
855426,3644
855563,3711
855646,3357
855726,4519
855838,3506
855962,3468
855995,4356
856313,3987
856341,3862
856922,3847
856948,3924
858102,3064
858174,3057
858279,3434
858431,3334
858471,3509
858576,4555
858758,4243
858961,4228
859111,4417
859126,4481
859271,4425
859505,4275
859643,4368
859796,4263
859983,4223
860978,3437
861023,3671
861232,3700
861380,3672
861398,3812
861509,3942
861663,4168
861789,4099
861880,4468
862010,4241
862154,4147
862288,4062
862456,4022
862640,4466
863247,4591
863346,4238
863452,4439
863915,4054
864046,3990
864159,4050
864305,3976
864425,3975
864475,4028
864600,4001
864742,4209
864887,4196
865574,4190
865613,4927
865925,4321
865973,4207
866097,4074
866192,4404
866380,4484
866529,4311
866680,4398
866805,4548
868733,3546
868760,3570
868907,3296
869017,3474
869285,3569
869448,3459
869537,3835
869823,3944
869838,4335
869984,4248
870117,4169
870248,4087
870379,4003
870415,4031
870572,4186
870652,4763
870711,4107
870902,4669
871166,4301
871784,4429
871820,4138
871995,4012
872169,3886
872402,4690
872519,3861
872679,3805
872811,3752
872929,3730
872955,3874
873167,4079
873826,3820
874008,3957
874212,3865
874367,4064
874494,3833
874508,4245
875189,3684
875357,4310
875506,4071
875649,4096
875768,4087
875889,5111
876011,5042
877434,3466
877493,3399
877676,3493
877799,3308
878039,3489
878506,3412
878682,3185
878832,3159
878868,3292
878896,3515
879230,3603
879385,3702
880330,3164
880488,3302
880973,3076
881203,3916
881230,3139
881408,3823
881553,3669
881708,3586
881740,3313
881888,3553
882034,3925
882176,4132
882305,3554
882441,3469
882576,3790
882654,3588
882691,3997
882714,4026
882881,3922
883409,3846
885684,3054
886040,4104
886065,3931
886211,4238
886377,4597
886417,4303
886498,5431
886565,4249
886727,4188
886998,4228
887092,4255
887225,4094
887309,4443
887417,4281
887567,4337
888044,4031
888190,4013
888327,4086
888420,3906
888489,4037
888734,4192
888776,3964
888864,4421
888887,4456
888976,5052
889015,4111
889165,4223
889302,4758
889419,4857
889642,4791
889798,4752
889977,4888
890181,4802
890547,5246
890802,5073
891053,4997
891177,5156
891388,4996
892415,4258
892557,4530
892954,4200
893112,4471
893344,4381
893431,4251
893481,4282
893599,4210
893813,4453
894059,4324
894110,4438
894272,4434
894679,4352
894697,4132
894888,4195
895012,4182
896137,3473
896532,3410
896760,3841
896904,3991
896921,3899
897076,3870
897213,4236
897328,4077
897458,3929
897813,3887
897941,3979
898703,3523
898855,3507
898875,3543
899033,3625
899126,3800
899263,3610
899281,3774
899448,3849
899467,4807
899685,4642
899775,4614
900065,4659
900364,4220
900409,4427
900576,4451
900806,4170
901074,4043
901226,3975
901243,4097
902377,3516
902470,3528
902566,4485
902705,3358
902724,3390
902861,4110
903010,4085
903110,4736
903153,5156
903236,4714
903386,4726
903450,4871
903585,5378
903899,4490
904117,4740
905455,3442
905496,3635
905682,3612
905728,3635
905815,3599
906007,3497
906149,3497
906293,3628
906335,3662
906502,3605
906759,4114
906789,4330
906861,4443
906999,4369
907131,4807
907305,4715
907474,4794
908158,4194
908337,4514
909665,3252
909702,3268
909837,3282
910107,3170
910255,3133
910295,3240
910382,3276
910434,3510
910542,3338
910551,3451
910671,4089
910726,4031
910908,3973
910948,4059
911007,4118
911131,4152
911142,4237
911390,4637
911431,4493
911705,4776
912104,4436
915479,3865
915700,3760
915741,5158
915912,5082
916093,5272
916106,4995
916262,4890
916305,5115
917098,4103
917269,3981
917428,3871
917591,4135
917701,4050
917710,4332
917877,4108
917964,4099
918041,4049
918128,3990
918201,4545
918291,4634
918357,4691
918455,4527
918514,4824
918646,4522
918678,4584
918826,4510
918841,4847
919046,5434
919332,5201
919475,5109
919568,5340
920014,4945
920250,4949
920418,5072
920602,5532
920708,4695
921808,4411
921848,4850
922235,4258
922269,4666
922391,4514
922421,4450
922555,4996
922597,5493
922670,5212
922878,5514
923055,5445
923503,4742
923691,4639
923837,4604
924722,4337
924876,4295
925021,4220
925323,4020
925527,3937
925872,4471
926143,4436
926305,4170
926329,3867
926493,4505
926680,4406
926740,3798
926979,3845
927012,3723
927186,3912
927328,3858
927444,3857
927596,3777
927633,4910
927922,4170
928100,4271
928227,4211
928446,4089
928547,4365
929642,3787
929747,4072
929909,4283
932197,3759
932292,3720
932452,3612
932603,3443
932979,3135
933150,3838
933250,3221
933601,3445
933878,3422
934022,3127
934093,4010
934249,3097
934403,3755
934681,4037
934810,3886
934946,3586
934972,3566
935115,3494
935143,3792
935268,3982
935322,3988
936291,3397
936317,3440
936467,3351
936836,3105
936984,4047
937089,3641
937182,3912
937401,4447
937435,4686
937501,4407
937715,4599
937867,4499
938106,4344
938368,4241
938558,4222
938730,4292
939992,3274
940053,3466
940150,3424
940323,3871
940391,3615
940479,3927
940516,3674
940784,4802
940808,4319
940913,4738
941046,4323
941138,4471
941275,4777
941369,4764
941499,4721
941675,5009
941788,4513
941939,4457
942306,4561
943335,3725
943407,3931
943532,3805
943712,4495
943760,4571
943855,4736
943888,4496
944018,4884
944029,4499
944237,4486
944287,4660
944475,4773
944516,4573
944661,4816
944701,5028
944801,5008
946542,3636
946698,3546
946742,3672
946888,3576
946959,3573
947125,3531
947180,3586
947438,3379
947581,5117
947640,3565
948036,4060
948041,4324
948497,4498
948920,4676
949084,4596
949283,4210
949419,3979
950792,3506
950857,3488
951014,3234
951045,3411
951138,3255
951252,3471
951274,3915
951370,3555
951432,3620
951551,3585
951651,3829
951743,3821
951819,3858
951940,3792
952016,4227
952498,3974
952678,4227
952832,4154
953078,3959
953108,4100
953235,4011
953273,3988
953733,4275
953905,4319
954057,4323
954487,4443
954641,4402
954766,3947
954891,3927
955715,3442
955772,4191
955967,3509
956008,4045
956104,4004
956149,4056
956284,4154
956310,4211
956448,4341
956512,4195
956566,4275
956740,4223
958473,3702
958569,5007
958712,2854
958887,3115
959053,3609
959213,3699
959345,3618
959395,3648
959723,3747
961264,3032
961644,3546
961808,3519
961835,3205
962019,3334
962067,3305
962194,3772
962333,3839
962471,3956
962699,3560
962749,3717
962846,3671
962998,3595
963145,3707
963208,3845
963487,3944
963762,3776
963785,3977
963962,3738
964201,3750
964238,4363
964360,4467
964583,4118
964601,4165
965435,4036
965458,3451
965531,3547
966117,3187
966266,4149
966484,4072
966683,3774
966829,3771
966941,3747
967062,3893
967090,4283
967769,4286
967804,3968
967968,3889
968106,4136
968231,4077
969606,3504
970245,3449
970273,3775
970450,3821
970602,3721
970755,3795
970786,3713
970913,3853
971052,4021
971075,3965
971498,3864
971693,3734
971891,3588
971923,3827
972064,3736
972875,4039
972899,4139
973056,4003
973181,4084
973248,4170
973321,4233
973372,4921
973435,4950
973547,5154
973693,5063
973874,4931
974098,4755
974903,4034
975105,3884
975159,4114
975290,4030
975433,3993
975539,4193
975550,4298
975665,4630
975815,4531
975857,4299
975934,4468
976084,4490
976207,4475
976334,4820
976358,4871
976489,4731
977576,4449
977664,4239
978085,4023
978194,4151
978345,4389
978513,4174
978663,4142
979565,4049
980005,3372
980043,3481
980169,3646
980332,3634
980515,3684
980654,3626
980761,3604
980886,3640
980998,3609
981068,3996
981916,3617
982082,4460
982177,3706
982204,4008
982357,4440
982497,4351
982521,4079
983159,3959
983382,3669
983545,3640
984493,3022
984749,2959
984900,2897
985112,2993
985138,2993
985267,3501
985369,3528
985573,4301
985837,3669
985982,3728
986000,3975
986240,3782
986382,4025
986629,3829
987060,3449
988241,3825
988402,3834
988438,3071
988460,3098
988568,3550
988608,3302
988951,3091
989113,3168
989163,3254
989443,4078
989713,3864
989954,3747
990068,3884
990195,3870
990476,3703
990654,3579
990674,3713
992610,4101
992672,3911
992834,3862
992888,4124
992960,3861
993041,4110
993132,4787
993160,4591
993300,4501
993553,4180
993935,4083
994104,4160
994232,4044
994269,4061
994414,4039
994432,4119
995163,3539
995330,4085
995487,4659
995655,4038
995738,4206
995816,3948
995916,4563
995967,4022
996075,4301
996126,4109
996227,4354
996276,4246
996378,4312
996431,4583
996589,4557
996756,4310
997001,4229
997502,4207
998374,4023
998513,3940
998615,4221
998858,4048
999042,3720
999202,3685
999358,3658
1000004,3964
1000196,3870
1000405,3907
1000573,3788
1000719,3691
1000867,3782
1001789,3392
1001966,3756
1002167,3608
1002469,3489
1002709,3712
1002936,3562
1003114,4021
1003206,3626
1003271,3813
1004058,3150
1004103,3202
1004276,3115
1004411,3125
1004450,3491
1004596,3398
1004699,3517
1004849,3876
1004889,4027
1005020,4132
1005046,4207
1005166,4329
1005232,4165
1005278,4303
1005413,4396
1005454,4236
1005656,4831
1005677,4734
1006458,4147
1008084,3096
1008140,3130
1008257,3130
1008279,3330
1008408,4395
1008461,4237
1008583,4751
1008610,4577
1008813,4431
1008952,4752
1008992,4740
1009166,4748
1009315,4759
1009782,4445
1009859,4591
1010026,4478
1010227,5448
1011247,3665
1011436,3425
1011489,3973
1011613,4449
1011670,3886
1011692,4157
1011845,3705
1011919,3490
1012072,3876
1012116,4108
1012195,4088
1012451,4423
1012478,4333
1012631,4390
1012845,4257
1012984,4296
1013157,4175
1014280,4151
1014354,3840
1014570,3676
1014707,3922
1014957,4182
1015019,4218
1015141,4310
1015256,4443
1015391,4589
1016081,4458
1016313,4126
1016349,3981
1016411,4190
1016602,4127
1017000,3753
1018014,3128
1018067,3207
1018264,3080
1018314,3180
1018444,3141
1018461,3527
1018703,3350
1018878,3632
1018896,3924
1019056,3711
1019345,3852
1019557,4001
1022143,2893
1022165,2966
1022310,3622
1022504,3504
1022561,3549
1022645,3568
1022843,3482
1022868,3708
1022997,3831
1023035,4264
1023119,4105
1023251,4094
1023396,3999
1023420,4060
1023603,3988
1023664,4139
1023785,4222
1023829,4883
1023949,4995
1024396,4661
1024550,4446
1024581,4594
1025160,3829
1025192,3933
1025317,4149
1026279,3679
1026361,3644
1026414,3719
1026514,3875
1026658,3950
1026825,3881
1026879,3817
1027009,5970
1027036,5895
1027206,5820
1027455,5635
1027608,5584
1027688,7159
1027813,7049
1027816,5919
1027952,7027
1028071,6850
1029219,5158
1029266,6076
1029508,4917
1029551,5675
1029710,5738
1029748,5388
1029901,5151
1030026,5182
1030113,5206
1030228,6485
1030331,5548
1030433,5834
1030470,5828
1031420,5412
1031593,6087
1031738,6144
1031756,5803
1031949,5707
1032123,5584
1032287,5542
1032441,5868
1032590,6223
1033390,5532
1033558,5467
1033844,5295
1034020,6449
1034110,6907
1034181,5160
1034190,6775
1034237,6848
1034283,7286
1034336,7620
1034387,7924
1034433,8035
1034557,6087
1034565,8007
1034629,8178
1034676,8532
1035706,5317
1035955,6075
1036119,6617
1036388,6400
1036555,6538
1036688,6721
1036846,6705
1037081,6615
1037233,6366
1037393,6339
1038165,5735
1038445,5779
1038471,5800
1038678,5829
1039152,5589
1039178,5539
1039331,5460
1039412,5460
1039450,5491
1039567,5481
1039738,5425
1039877,5458
1039974,5430
1040051,5548
1040179,5535
1040199,5636
1040282,5689
1040341,5747
1040505,5765
1040545,5895
1041211,5374
1041338,5378
1041454,5388
1041955,5020
1042857,6097
1042858,7293
1043039,7408
1043111,8066
1043247,8033
1043445,8002
1043748,7738
1043953,7590
1044096,7764
1044214,7697
1044347,7652
1044376,7810
1045084,7147
1047848,4548
1049267,3764
1049446,3653
1049614,4545
1049682,3518
1049827,3710
1049867,4063
1050025,3957
1050164,3867
1050261,3845
1050320,3864
1050512,3972
1050520,4016
1050730,4261
1050899,4215
1050915,4263
1051746,4154
1051900,4239
1052054,4141
1052197,4102
1052272,4465
1052432,4103
1052466,4674
1052665,4528
1053554,4589
1053975,3269
1054229,3466
1055263,2989
1055295,3239
1055420,3230
1055444,3355
1055574,3758
1055716,3817
1055811,4046
1055965,3875
1057167,3287
1057330,3350
1057474,3287
1057782,3080
1057973,3325
1057992,3405
1058098,3832
1058173,5213
1058344,3827
1058548,4793
1058797,3786
1058935,4748
1059073,4412
1059168,4333
1059398,4045
1059457,4332
1059661,4196
1059715,4127
1059872,4152
1060030,4049
1060231,4084
1060262,3995
1060841,4030
1060997,4024
1061041,4158
1061132,3971
1061215,4127
1061397,3893
1061511,4246
1061648,4312
1061769,4621
1061871,4427
1061922,4588
1062390,4394
1062548,4294
1062731,4649
1062898,4549
1063056,4500
1064150,3952
1064349,3817
1064400,3913
1064609,4112
1064771,4232
1064927,4846
1065098,4713
1065292,4435
1065403,4095
1065476,4488
1065534,4162
1065869,4045
1066047,4163
1066196,4103
1066398,3993
1066539,3948
1066559,4052
1066860,3823
1066999,3939
1067182,4103
1068091,3668
1068261,3489
1068372,3755
1068430,3870
1068504,4044
1068755,3733
1070741,3586
1070769,3262
1070973,3109
1071120,3145
1071158,3220
1071319,3198
1071342,3231
1071424,3792
1071512,3740
1071649,3689
1071788,3651
1071831,3728
1071959,3728
1072002,3863
1072150,3746
1072311,3645
1072451,3689
1072601,3607
1072654,3617
1073040,3653
1073189,3556
1073322,3476
1073344,4008
1075929,4168
1076005,3924
1076154,3879
1076296,3688
1076318,4503
1076446,4257
1076591,4342
1076629,4452
1076991,3886
1077149,3833
1077528,4472
1077691,4385
1077738,4494
1077773,4590
1077954,5056
1078156,4916
1078260,4291
1078309,4765
1078440,4499
1079384,4259
1079569,5393
1079590,4478
1079670,4094
1079711,4218
1079898,4397
1080085,4315
1080235,5273
1080302,5293
1080361,6022
1080451,5746
1080477,5975
1080570,5752
1080597,5935
1080734,6007
1080922,5909
1081006,5876
1081126,6145
1081166,5996
1081311,6383
1083747,4030
1083897,4207
1083988,3953
1084134,3885
1084327,3813
1084473,4251
1084598,4203
1084680,3970
1084762,4143
1084839,4165
1084994,4265
1085116,4748
1085175,4360
1085320,4325
1085344,4708
1085558,5639
1085674,4441
1085689,4476
1085829,5248
1085847,5539
1085985,5452
1086054,5746
1086173,5866
1086782,5616
1086932,5519
1088804,3939
1089091,3770
1089151,3796
1089291,3731
1089505,3645
1089699,3594
1089900,3466
1090081,3356
1090213,3298
1090239,3418
1090373,3490
1090398,3593
1090538,3657
1090560,3918
1090892,4273
1091040,4175
1091226,4188
1091272,4603
1091472,4429
1091553,4396
1091665,4589
1093967,3405
1094028,3252
1094283,3289
1094317,3155
1094445,3546
1094574,3590
1094754,3305
1094775,3148
1094849,3916
1095005,5180
1095067,4492
1095220,4470
1095404,3741
1095543,3823
1095711,3757
1095910,3892
1096008,5185
1096031,3893
1096136,4940
1098450,3996
1098846,4762
1099018,4673
1099292,4678
1099462,4670
1099651,4588
1099813,4425
1099994,3924
1099999,4354
1100162,3807
1100264,4027
1100359,3707
1100426,3914
1100533,3756
1100580,3919
1100762,4164
1100914,3776
1101311,3535
1101475,3425
1101681,6309
1101801,3493
1101964,3380
1102131,3566
1102274,3505
1102290,3591
1102432,3566
1102587,4992
1102705,3570
1103162,3625
1103353,3618
1103792,4110
1104615,4724
1104669,4066
1104947,4364
1104983,4183
1105115,4080
1105375,3914
1105528,3973
1105566,4046
1106266,3430
1106411,3470
1106544,3456
1106664,3603
1106881,3583
1107003,3712
1107663,3166
1107737,4185
1107836,3935
1107877,3993
1108075,3725
1108218,3634
1108357,3614
1108562,3836
1108923,3524
1109713,3450
1109903,3348
1110026,3346
1110160,3496
1110255,3682
1111068,3233
1111234,3605
1111394,3495
1112742,3425
1112897,3837
1113068,3774
1113323,3569
1113443,3586
1113683,3799
1113770,4387
1113808,3623
1113970,3893
1113995,3989
1114132,3777
1114155,3881
1114294,3954
1114349,3966
1114431,3970
1114503,4093
1114568,4364
1114676,4193
1114740,4258
1114883,4469
1114926,4238
1115011,4294
1115081,4700
1115257,4613
1115916,3844
1116063,3792
1116198,3746
1116367,3674
1116509,3688
1117102,3431
1117270,3414
1117441,3534
1117675,5200
1117689,4402
1117825,4349
1118682,4393
1118703,4663
1118943,5139
1119137,5127
1119362,5451
1119552,5039
1119870,4668
1120057,4816
1120204,4796
1120403,4649
1120557,4544
1120718,4474
1122192,3886
1122218,4121
1122371,3960
1122428,3798
1122527,4085
1122556,3951
1122710,3999
1122853,4244
1122882,4095
1122901,4489
1122966,4375
1123146,4016
1123586,4329
1123675,3792
1123853,4299
1123990,3884
1124106,4594
1124277,4634
1124431,4529
1124826,4184
1125026,4273
1125174,4183
1125248,4481
1125336,4497
1125388,4527
1125530,4467
1125565,5084
1125671,4901
1127502,3657
1127524,3970
1127709,3861
1127737,4658
1127969,4495
1128212,4311
1128353,4509
1128551,4447
1128691,4414
1128811,4068
1128962,4442
1129131,3806
1129151,4310
1129305,4043
1129422,4103
1130346,3267
1130373,3385
1130523,3389
1130685,3406
1130824,3366
1130955,3472
1131098,3414
1131232,3462
1131585,3613
1132526,4436
1132933,4190
1133180,4512
1133206,3797
1133353,4149
1133494,3957
1134881,3169
1135062,3303
1135080,3313
1135269,3336
1135413,3354
1135535,4159
1135698,3389
1135859,3909
1135940,4736
1136068,4598
1136221,6470
1136253,7458
1136427,7787
1136929,8774
1137184,8643
1137395,8621
1137771,8918
1137914,8887
1138811,8292
1138832,8365
1138947,8375
1139008,8499
1139130,8817
1139274,8441
1139321,8473
1139819,8078
1139984,8059
1140106,8039
1140268,7976
1140287,8682
1140413,8439
1140436,8689
1140662,8404
1140781,8380
1140921,8329
1140945,8703
1141121,8697
1141146,8574
1141269,8695
1141846,8509
1141872,8041
1142043,7971
1142065,8229
1142209,8246
1142231,8076
1142346,8059
1142499,8380
1142724,8258
1142891,8271
1142923,8422
1143068,8541
1143099,8637
1143213,9916
1143348,9568
1143379,9626
1143506,9364
1144017,9254
1144042,9022
1144255,9194
1144404,9062
1144539,8963
1144567,8945
1144852,8731
1145815,9496
1145981,9391
1146164,9281
1146783,8573
1146961,8490
1147202,8486
1147342,8410
1147598,8170
1147780,8074
1148254,7816
1148410,7713
1148572,7600
1148681,8668
1148765,8696
1148944,8898
1149357,8339
1149467,8551
1149516,8292
1149830,8076
1149971,7986
1150523,7607
1150658,7518
1151257,7539
1151480,7256
1151886,7078
1152029,7053
1152147,6963
1152289,6883
1152381,7651
1152959,7127
1153157,6978
1153290,6929
1154190,6211
1154246,6288
1154383,6610
1154512,6074
1154528,6586
1154706,6469
1154738,6310
1154893,8204
1155205,8048
1155903,7476
1156013,6509
1156160,6509
1156377,7144
1156529,6904
1156639,6540
1156774,6711
1156928,6777
1157077,7091
1157429,6835
1157474,7457
1157595,7107
1157703,7426
1157919,7111
1158153,7099
1158444,8695
1158611,8215
1158693,8346
1159850,6799
1160023,6942
1160198,6535
1160366,6564
1160432,6413
1160589,7119
1160811,6269
1160934,6249
1161076,6203
1161231,7162
1161359,7124
1162094,7277
1162127,8387
1162322,6930
1162336,8642
1162499,8191
1162706,6773
1162725,8388
1162884,7904
1163039,7840
1163225,6938
1163695,7372
1163946,7931
1164032,7969
1164339,7784
1164524,7758
1164765,7512
1164791,7639
1164938,7594
1165123,7699
1165319,8199
1165334,7604
1165516,7900
1165522,7504
1165686,7892
1165844,7815
1165994,7866
1166141,7788
1166293,9004
1166466,8957
1166472,9123
1166635,8947
1167369,8512
1167540,8242
1167801,8182
1167978,8098
1168096,8902
1168151,8036
1168313,7987
1168464,7943
1168615,8956
1168818,8649
1169079,9632
1169101,9910
1169258,10485
1169461,10348
1169639,10266
1169679,9530
1169808,10190
1169848,9650
1169966,10136
1170002,9598
1170134,10086
1170311,10566
1170325,9632
1170646,9457
1170892,9348
1171052,9301
1171281,10550
1171373,9784
1171435,10305
1171532,9376
1172014,10083
1172379,10136
1172584,9605
1172763,9872
1172948,9788
1173101,9743
1173223,9267
1173253,9690
1173391,10789
1173749,10547
1174139,8895
1174283,8857
1174421,8833
1174563,8808
1174599,9645
1174780,8694
1175412,9784
1177105,8228
1177127,8437
1177303,8177
1178588,8971
1178794,8532
1178939,8518
1179223,8657
1179323,8454
1179399,8587
1179572,8524
1179789,8484
1180438,8279
1180602,7973
1180744,8099
1180978,8127
1180992,8001
1181168,7988
1181292,8067
1181334,8075
1181450,8486
1181496,8493
1181664,8377
1181832,9065
1181930,9025
1181995,9061
1182155,8878
1182324,8778
1182330,8899
1183024,8391
1183189,8342
1183343,9186
1183581,8320
1184049,7905
1184289,7770
1184563,7442
1184982,7838
1184993,7426
1185022,8140
1185401,7740
1185590,7666
1185700,8314
1185828,8374
1185844,8504
1185973,8525
1185993,8564
1186167,8447
1186335,8524
1186489,8614
1186657,8631
1186779,8248
1186949,8144
1187046,8448
1187140,9341
1187441,9148
1187652,9592
1187797,9353
1188149,9731
1188189,9186
1188348,9764
1188449,9099
1189124,9058
1189505,8449
1189999,8406
1190079,7528
1190339,7700
1190706,8112
1190726,8193
1190910,8000
1191914,7219
1192075,7110
1192231,7085
1192402,6993
1192566,6954
1192613,7186
1192833,7983
1192891,7001
1192928,7636
1193185,7379
1193312,7590
1193561,7427
1193728,7343
1193988,7536
1194183,7405
1195055,6615
1195525,6237
1195660,6428
1196162,5984
1196312,7132
1196343,7049
1196539,6827
1196770,6775
1196983,6766
1197196,6488
1197294,7435
1197442,7666
1197575,7640
1197714,7449
1198018,7248
1198246,7070
1198507,6446
1198677,6738
1198845,6520
1199572,6156
1199907,5557
1200183,6542
1200384,6474
1200656,6099
1200793,6016
1201809,5116
1202337,4490
1202501,4387
1202673,4326
1202807,4325
1202912,4271
1202956,4376
1203117,4934
1203430,4225
1204193,3767
1204236,4631
1204387,3745
1204545,4816
1205262,3657
1205419,3618
1205572,4211
1206098,3477
1206931,3853
1207367,3510
1207898,2883
1208077,2851
1208194,3015
1208240,2850
1208311,3056
1208385,3103
1208582,4628
1208699,5441
1208803,4507
1209146,5134
1209461,4142
1211846,3291
1212027,3258
1212186,3607
1212245,3601
1212300,3749
1212352,3822
1212417,3924
1212472,4645
1214023,2918
1214208,3024
1214481,3131
1214571,4574
1214625,2888
1214786,4529
1214806,4036
1214948,3791
1214970,4118
1215085,3860
1215572,3429
1215649,4171
1215742,3718
1215986,3381
1216730,2963
1218228,3803
1218431,3649
1218489,3823
1218544,4140
1218592,4302
1220527,4390
1220930,3214
1221080,3308
1221132,3440
1221277,3892
1221301,5243
1221334,4020
1221373,4996
1221402,5057
1221903,3597
1222108,4216
1222489,4637
1222505,4670
1222669,4555
1222729,4666
1222852,4674
1222993,4757
1223110,4710
1223244,5906
1223264,5632
1223342,5900
1223412,5629
1223523,5811
1223717,5675
1223876,5567
1224015,5478
1224139,5433
1224733,5062
1224989,6268
1225065,6093
1225182,6001
1225228,6090
1225347,6021
1225419,6065
1225550,6004
1225570,6059
1225718,5994
1225852,6100
1225954,5974
1226093,7090
1226680,6625
1226864,6196
1226920,6336
1226995,6425
1227108,6335
1227734,5846
1227930,5872
1227956,5981
1228107,6007
1228153,6044
1228229,6371
1228288,6411
1228370,6531
1228408,6418
1228697,6742
1229909,6059
1230090,5826
1230093,5961
1230250,5857
1230290,5962
1230403,5920
1230459,5892
1230703,5741
1230853,6471
1231859,5516
1232005,5418
1232041,5457
1232150,5435
1232177,5787
1232378,5692
1232699,6081
1232827,6001
1233105,5772
1234126,4575
1234247,4744
1234296,4632
1234402,5053
1234437,5119
1234758,5434
1234888,4807
1235129,5124
1235289,5026
1235479,4905
1235500,4939
1235645,5711
1235721,5513
1236598,4825
1236896,4561
1237030,5006
1237161,5549
1237184,6065
1237327,5261
1237466,5297
1238279,4535
1238429,4583
1238447,4937
1238546,4743
1238593,4841
1239585,4421
1239700,4687
1239745,4592
1239899,4934
1239994,4615
1240021,4836
1240138,4765
1240277,4851
1240426,4931
1240569,4838
1240596,5728
1240704,4750
1240905,5293
1241187,5252
1241260,5115
1242923,4107
1243084,4241
1243546,3928
1243578,4098
1243684,3993
1244002,3972
1244135,4087
1244301,4281
1244456,4754
1244613,4569
1244874,4157
1245134,4130
1245182,4221
1245300,4111
1245446,4344
1245501,4216
1245535,4478
1245682,4926
1245863,4826
1246005,4894
1246032,4963
1246115,5586
1246278,5037
1246422,4980
1246500,4999
1246652,4931
1246737,4949
1247255,4814
1247493,4746
1247803,4533
1248577,6408
1248726,4817
1248897,4980
1249094,7099
1249241,4122
1249503,5368
1249523,4128
1249836,5241
1249992,3754
1250051,6050
1250191,5693
1250252,4448
1250396,4593
1252428,3549
1252689,3671
1252865,3586
1253028,3732
1253197,3658
1253474,3503
1253643,3628
1253793,3575
1253942,3508
1254090,3453
1254245,3653
1254405,4011
1254566,3642
1256196,3792
1256532,3322
1256682,3510
1256868,3988
1256927,4018
1256978,4122
1257027,4279
1257085,4286
1257100,3526
1257725,4050
1257978,3783
1258296,3556
1258492,3465
1258507,3722
1258686,3668
1258745,3839
1258846,3869
1258918,3946
1259005,3908
1259096,4022
1259170,3998
1259260,4133
1259331,4512
1259484,4221
1259670,4115
1259700,4295
1259855,4186
1260033,3953
1260523,3541
1260650,3523
1260771,3472
1260918,3846
1260975,4201
1261136,4165
1261590,5465
1261805,5153
1262069,4002
1263081,4094
1263230,4040
1263316,4764
1263470,4663
1263501,4690
1264308,4069
1264976,3447
1265479,3553
1265710,3372
1265716,3438
1265881,3638
1265905,3546
1266041,3755
1266181,3680
1266197,3865
1266370,4026
1266377,3876
1266519,3805
1266764,3773
1266920,3672
1267171,3545
1267358,3718
1267588,4374
1267632,4305
1267676,3870
1267839,4414
1267875,4134
1268212,4095
1268502,3853
1268565,3652
1268763,3554
1268879,4180
1269257,3854
1269414,4160
1269894,4163
1269915,4338
1270089,4111
1270143,4391
1270282,4302
1270359,4371
1272073,3207
1272560,2810
1272642,3053
1272780,3545
1272891,3482
1272900,3756
1273013,3700
1273145,3621
1273164,3833
1273289,3938
1273417,4097
1273558,4113
1273877,4091
1273931,4484
1274026,4140
1274760,3799
1274910,3631
1275236,3660
1275482,3372
1275526,3524
1275793,3230
1275959,3492
1276093,3422
1276227,3754
1276443,3972
1276705,3554
1276836,3519
1276849,3615
1277025,4397
1277067,4115
1277191,4067
1277320,4148
1277355,4430
1277927,3948
1278298,3812
1278486,3930
1278595,3874
1279139,3904
1279290,3839
1280186,3089
1280341,3045
1280484,3408
1280647,3460
1280732,3413
1280988,3375
1281314,3189
1281501,3526
1282606,3738
1282685,3454
1282943,3453
1283286,3160
1283433,3126
1283457,3610
1283927,4183
1283981,3212
1284161,3202
1284283,3225
1284460,3262
1284591,4811
1284725,4002
1285461,4025
1286174,3395
1286307,3382
1286487,3557
1286608,3530
1287024,3253
1287864,3040
1287880,3140
1290341,3575
1290358,3483
1290492,3673
1290510,3529
1290670,3444
1290733,3530
1290855,3548
1290977,3522
1291120,3818
1291264,3519
1292690,2835
1293074,3107
1293255,3391
1293412,3288
1293469,3494
1293576,4404
1293667,3710
1293706,3690
1293952,3750
1294542,3625
1294745,3714
1294848,4013
1295031,3300
1295157,3428
1295391,3393
1295647,3268
1295769,3336
1295839,3556
1296159,3325
1296315,3570
1296353,3629
1296437,3641
1296508,3856
1296807,3619
1296986,3431
1297078,3802
1297218,3771
1297408,3634
1297809,3881
1297992,3619
1298086,4492
1298270,4401
1298457,4366
1298615,4110
1298652,4122
1299509,3621
1299720,3492
1299915,3383
1300051,3624
1300190,3906
1300207,3776
1300391,3776
1301147,3721
1301192,3743
1301357,4031
1301378,4221
1301486,4540
1301769,4286
1301817,4605
1302838,3658
1303036,3618
1303196,3507
1303345,3475
1303431,3539
1303468,3852
1303587,4409
1303694,4095
1303718,4126
1303866,4384
1303997,4445
1304161,4410
1304303,4521
1304368,4196
1304419,4478
1304549,4625
1304663,4448
1304841,4493
1305665,3810
1305856,3913
1305884,3955
1306507,4106
1306644,4065
1306829,3934
1306954,3908
1307109,3703
1307148,3878
1307202,3708
1307526,3825
1308079,3692
1308340,3537
1308498,3630
1308883,3611
1308936,3891
1309028,3870
1309158,3807
1310054,4076
1310236,3945
1310474,3755
1310791,3514
1311006,3368
1311065,3500
1311116,3439
1311880,3674
1311911,3839
1312061,3741
1312172,3451
1312324,3826
1312354,3874
1312503,3951
1312570,4522
1312698,4328
1312734,4333
1312902,4248
1313089,4005
1313107,4451
1313241,4050
1313301,4355
1313469,4329
1314359,3504
1314577,3340
1314712,3665
1314754,5003
1314848,3956
1314886,3908
1314912,4243
1314986,3806
1315132,3951
1315266,3990
1315403,4006
1315840,4455
1315986,4361
1316227,4169
1316274,4395
1317999,2982
1318134,3063
1318522,3418
1318542,3658
1318668,3593
1318920,3565
1319229,3458
1319313,3668
1319458,3471
1319526,3618
1319703,3837
1319849,3925
1320102,3591
1320314,3656
1320684,3439
1320691,3544
1320811,3361
1320896,3452
1322306,3709
1322332,3922
1322589,3981
1322765,3360
1323054,3348
1323330,3144
1323353,3424
1323590,3566
1323801,3729
1323841,3839
1323964,3843
1323993,3969
1325152,3071
1325173,3203
1325395,3327
1325540,3595
1325582,3377
1325657,3190
1325884,3161
1326593,3832
1326819,3036
1326840,3458
1326986,3744
1327200,3632
1327219,3816
1327320,3564
1327368,3835
1328347,2964
1328423,3097
1328540,3228
1328909,3060
1329067,3801
1329091,2966
1329168,3298
1329318,3407
1329543,3237
1329971,3148
1330134,3251
1330251,3494
1330337,4092
1330474,4031
1330655,3899
1330809,3861
1332150,2989
1332306,3112
1332332,3140
1332500,3398
1332570,4401
1332688,3522
1332869,3572
1333029,3879
1333157,3803
1333176,3888
1333271,4087
1333419,3990
1333566,4216
1333872,4009
1334057,3879
1334266,3788
1334382,3942
1335415,3280
1335515,3381
1335585,3588
1335669,3514
1335723,3748
1335897,3367
1336046,4633
1336077,4669
1336228,4336
1336510,3854
1336712,4205
1337059,4110
1337184,3973
1337249,4005
1337413,3960
1337450,4044
1337596,4429
1337928,3848
1338920,3192
1339024,3199
1339155,3299
1339284,3222
1339446,3954
1339514,3841
1339575,3569
1339669,4007
1339907,3873
1340086,3644
1340399,3429
1340455,3447
1340784,3500
1342261,2993
1342286,3143
1342571,3959
1342595,4427
1342910,3066
1343397,3655
1343570,4334
1343715,3621
1343938,3860
1344009,3711
1344065,3938
1344175,3675
1344325,3835
1344489,3562
1344511,3699
1344757,3589
1344911,3882
1345007,3714
1346088,3189
1346119,3221
1346218,3242
1346380,3448
1346523,3383
1346684,3481
1346807,3410
1347076,4089
1347408,3720
1347560,4208
1347973,3959
1348184,3875
1348246,3948
1348412,3828
1348511,4099
1349997,3074
1350019,3108
1350184,3066
1350325,3189
1350394,3397
1350520,3495
1350541,3565
1350613,3349
1350839,3216
1350968,3205
1351161,3165
1351308,3653
1351340,3670
1351500,3558
1351594,3604
1351691,3591
1351887,3859
1352051,3764
1352420,3733
1352704,3581
1354587,3913
1354919,3635
1355108,3790
1355237,3733
1355418,4010
1355572,3932
1355894,3761
1355930,3623
1356018,3864
1356223,3737
1356353,3854
1356369,3891
1356530,3842
1356541,3801
1356744,3758
1356758,3957
1357079,4000
1357207,3825
1357338,5094
1357485,5385
1357657,5735
1357897,5276
1358046,5248
1358137,3963
1358327,4189
1358567,5936
1358754,4790
1358773,4721
1358897,5471
1358993,5646
1359109,5682
1359235,6786
1360030,4860
1360053,4892
1360533,4516
1361188,4310
1361406,4142
1361571,4587
1361703,4237
1361716,4103
1361875,4058
1361913,4315
1362084,4805
1362244,5022
1362406,4966
1362567,4866
1362697,4616
1362728,4762
1362876,5093
1362964,5262
1363033,5109
1363185,5205
1363740,4809
1363909,4686
1364047,4645
1364198,4554
1365134,4228
1365286,4163
1365313,4249
1365442,4231
1365585,4342
1365898,4082
1365989,4236
1366126,4204
1366357,4245
1366377,4548
1366500,4297
1366915,4672
1367074,4619
1367218,4526
1367360,4435
1367534,4343
1367661,4373
1367775,4408
1368059,4202
1368661,3787
1368869,3670
1369729,3509
1369796,3607
1369935,3735
1370022,3903
1370063,4016
1370167,3857
1370268,4680
1370418,3897
1371091,3289
1371336,3501
1371354,3658
1372827,3677
1373028,3479
1373068,3489
1373221,3501
1373376,3670
1373458,3749
1373514,3819
1373764,4336
1373957,5342
1374059,4067
1374198,4770
1374353,4797
1374437,4713
1374474,4729
1374746,4598
1374884,4674
1375034,4920
1375137,4855
1375177,5507
1375447,5289
1375600,5192
1377260,3944
1377416,3731
1377462,3854
1377581,4268
1377598,4198
1377710,4220
1377752,4482
1377801,4330
1377940,4243
1378135,4779
1378167,4805
1378288,4798
1378440,4705
1378467,4555
1378580,5125
1378712,5364
1378742,5501
1378889,5417
1378984,5521
1379032,5997
1379182,5909
1379342,5774
1379385,5757
1379489,5733
1379666,5850
1379793,6379
1381357,4863
1381514,4756
1381560,5376
1382114,4340
1382282,4707
1382346,4810
1382439,4622
1382582,4685
1382890,4259
1383218,4115
1383337,4103
1383510,4042
1383644,4682
1383739,4451
1383763,4534
1383907,4505
1384058,4408
1384317,4246
1384454,4320
1384725,4462
1384746,4572
1384860,4615
1384894,5058
1385330,4556
1386098,4546
1386915,3983
1388607,3778
1388806,3196
1388988,3160
1389011,3599
1389158,3533
1389233,3592
1389360,3684
1389505,3627
1389547,3670
1389611,3712
1389723,3675
1389840,3875
1390066,3652
1390096,3704
1390294,3780
1390391,3744
1390459,3768
1390534,3792
1390665,3752
1390680,3879
1391440,3253
1391712,4029
1391754,3352
1391835,3434
1391887,4827
1391935,4973
1391986,4834
1392309,3163
1393832,3750
1396290,3371
1396485,3236
1397019,3102
1397202,3229
1397892,3154
1398072,3142
1398105,3240
1398283,3958
1398320,3873
1398472,3641
1398533,4179
1398651,4071
1398683,3699
1398773,4113
1398831,3822
1398985,4360
1399017,4003
1399141,4004
1399172,4051
1399461,3977
1399510,4226
1399658,4130
1399794,4041
1399932,4790
1399977,5178
1400104,4463
1400488,4603
1400672,4516
1400745,4244
1400886,4573
1401177,4356
1401396,4279
1401435,4304
1401528,4564
1401772,4620
1401940,4527
1402748,3936
1402920,4622
1403327,4282
1403513,4216
1403566,4399
1403843,4148
1404016,4040
1404041,4130
1404205,4509
1404331,4438
1404609,4725
1404615,4773
1405855,3583
1406530,3747
1406683,3334
1406824,3341
1406846,3369
1406963,3524
1407131,3586
1407250,4039
1407763,3846
1407797,4016
1407996,3870
1408098,3857
1408228,3819
1408380,3866
1408488,3881
1408508,4085
1408613,4484
1408817,4018
1409114,3772
1409198,4118
1409365,4161
1409477,3887
1410121,3994
1410273,4083
1410312,4501
1410369,4167
1410507,4195
1410539,4297
1410732,4230
1410792,4239
1410947,4518
1411102,4483
1412280,3566
1412424,3697
1412545,3826
1412870,4611
1413126,3987
1413360,3912
1413450,3972
1413538,4302
1413664,4510
1414162,4262
1415684,3788
1415859,4026
1416052,4310
1416104,4205
1416179,3624
1416327,4104
1416449,4063
1416606,3965
1416662,3783
1416837,4167
1416902,3780
1416959,4180
1417080,3919
1417226,3903
1417353,4001
1417521,3880
1417563,3887
1417679,3974
1417807,3808
1418018,3974
1418143,3960
1418237,4002
1418306,4132
1418467,4278
1418744,4063
1418810,4171
1419005,4171
1419181,4114
1419303,4059
1420273,3867
1420475,3604
1421147,4951
1421185,4898
1421332,3929
1421572,4153
1421772,4093
1422221,3723
1422428,3568
1422576,3655
1422815,4389
1422985,3480
1423271,3259
1423416,3307
1423468,4241
1423589,3770
1424011,3148
1425078,3010
1425368,2938
1425548,3466
1426765,3094
1426909,3128
1427145,3041
1427404,3328
1427627,5215
1427936,3226
1427978,2991
1428131,3020
1428143,3569
1428310,3541
1428448,3506
1428475,3708
1428612,3851
1428739,3398
1428863,3394
1428980,3341
1429155,3679
1429292,3604
1429513,3675
1429678,3789
1430155,3368
1430420,3830
1430597,3932
1430835,3357
1430998,3755
1431175,3630
1431206,3665
1431277,3728
1431410,3717
1432258,3812
1432388,3748
1432502,3821
1432504,4011
1433006,4237
1433014,4462
1433218,4077
1433267,4271
1433338,4005
1433450,4246
1433562,4290
1433696,4146
1433836,4357
1435122,3337
1435283,3121
1435387,3331
1435423,3311
1435535,3842
1435558,3741
1435689,3380
1435849,3627
1435978,3694
1436205,3715
1436272,3452
1436446,3464
1436589,4111
1436936,3860
1437113,3780
1437249,3724
1437464,3742
1438376,3580
1438503,3569
1438531,3766
1438773,3463
1438798,3703
1439424,3610
1439606,3834
1439668,3497
1439807,3468
1439965,3620
1440025,3903
1440131,3731
1440172,3850
1441035,3181
1441077,3209
1441240,3260
1441271,3332
1441409,4358
1441515,3920
1441557,3982
1442001,3694
1442479,3606
1442515,3297
1442633,3499
1442646,3662
1442788,3578
1442941,3801
1443898,3240
1444049,3219
1444071,3446
1444284,3523
1444325,3645
1444763,3751
1445022,3840
1445043,3898
1445176,3737
1445200,3799
1445662,3719
1445831,3650
1446052,3607
1446165,3678
1447210,2939
1447322,3165
1447388,3150
1447547,3349
1447569,3646
1447644,3306
1447722,3735
1448006,3274
1448038,3476
1448169,3699
1448195,3727
1448654,3716
1448764,3839
1448964,3723
1450918,3548
1451088,3521
1451322,3403
1451388,3557
1451607,3694
1451645,3400
1451650,3511
1451959,3479
1452149,3608
1452190,3679
1452261,3693
1452401,3710
1452510,4326
1452665,3735
1452727,3953
1452812,3923
1452921,4328
1452976,4454
1453118,4251
1453164,4257
1453287,4239
1453288,4429
1453487,4280
1453528,4639
1453828,4621
1454010,4542
1454315,4742
1455232,3930
1455261,3516
1455335,3534
1455595,3866
1455655,3924
1455778,4918
1456195,4381
1456326,4464
1456477,4295
1456506,4357
1456675,4261
1456857,4155
1457002,4597
1457069,4630
1457210,4908
1457392,4685
1459138,3028
1459290,3404
1459419,3024
1459511,3300
1459691,3158
1459712,3941
1459887,5254
1459919,3674
1460044,3449
1460479,3466
1461351,3095
1461907,3141
1462229,3278
1462278,3642
1462423,3538
1462600,3683
1463010,3958
1463176,3725
1463333,3679
1463737,3493
1463776,3691
1463905,3640
1464072,4465
1464121,4810
1464174,4843
1464891,3167
1465176,3480
1465417,3662
1465747,4280
1465953,4195
1466096,4111
1466239,3975
1466326,3750
1466372,3975
1466509,4063
1466536,4122
1466660,4048
1467260,3832
1467584,3499
1467593,3744
1467666,3882
1467709,3725
1467889,4272
1468008,3830
1468358,3922
1468512,3847
1468737,4029
1468757,4338
1468952,3899
1469365,3616
1469513,3706
1469605,4082
1469729,3880
1470048,3511
1470539,3712
1470787,3581
1470916,3780
1471045,3703
1471184,3855
1471368,4034
1471502,3956
1471607,3982
1472415,3723
1473077,3808
1473240,3589
1473275,3807
1473392,3544
1473404,3775
1474408,3077
1474479,3053
1474596,3135
1474810,2976
1475067,3823
1475089,3324
1475238,3225
1475296,3362
1475491,3597
1475615,3418
1475963,3439
1475994,3474
1476215,3533
1476360,3532
1476572,3606
1477824,2942
1477970,2960
1478222,3175
1478319,3212
1478533,3662
1478651,3629
1478906,3504
1479106,4031
1479161,3843
1479232,3994
1479295,3777
1480005,3250
1480091,3507
1480230,3902
1480247,3579
1480432,3764
1480496,3820
1480640,4140
1481080,4239
1481129,3595
1481234,3822
1481318,3532
1481861,3884
1481899,3939
1482038,3715
1482247,3646
1482333,3703
1482453,3743
1482580,3980
1482664,4062
1482760,3720
1483136,3735
1483269,3650
1483346,3657
1483426,4338
1484176,3807
1484364,3762
1484417,3799
1484489,4188
1484562,4464
1485089,3719
1485111,3849
1485277,3798
1485468,4434
1486826,3134
1486988,3831
1487062,2947
1487215,2841
1487568,2993
1487800,3079
1487905,3586
1488071,3471
1488243,3456
1488384,3585
1489149,4056
1489170,3062
1489807,3190
1490083,3361
1490131,2970
1490209,3309
1490288,3320
1490410,3339
1490696,3254
1491013,3312
1491058,3319
1491150,3382
1491182,3616
1491271,3658
1491450,3642
1491583,3695
1492662,3191
1492849,3090
1493284,3203
1493554,3718
1493786,2929
1493990,3061
1494047,3927
1494138,3432
1494153,3489
1494405,3668
1494566,3915
1494664,3509
1495460,2930
1495521,3283
1495660,3267
1495680,3177
1495865,3119
1496038,3034
1496160,2991
1496292,3110
1496589,3344
1496745,3400
1496893,3718
1496924,3622
1497344,3934
1497461,4030
1499118,2804
1499226,2935
1499302,2958
1499474,3038
1499493,4033
1499605,3879
1499643,3368
1499765,3784
1499913,3912
1500027,3872
1500239,4203
1500358,4192
1500380,4403
1500511,4222
1500647,4254
1500777,4171
1500943,4053
1502480,3228
1502553,4276
1502699,3721
1502863,3694
1502975,3534
1503134,3470
1503158,3726
1503255,3731
1503323,3863
1503369,4013
1503603,4402
1503653,4433
1503857,4374
1503980,4441
1504111,4379
1504292,4401
1504559,4257
1504702,4331
1504852,4243
1505019,4194
1505856,3859
1506329,3539
1506492,3483
1506658,3574
1506717,4494
1506877,3687
1507026,3588
1507051,4189
1507196,3616
1507351,3781
1507495,3764
1507655,3652
1507669,3771
1508553,3632
1508574,3689
1508667,3448
1508895,3463
1509103,3391
1509261,3448
1509288,3646
1509489,3498
1510019,3498
1510373,3427
1510486,3642
1510990,3444
1511254,3334
1512736,2922
1512771,2957
1512946,2913
1513031,3998
1513159,3416
1513180,3103
1513237,4453
1513274,4593
1513345,3483
1513498,3455
1513594,3411
1513647,3579
1513985,3749
1517381,2872
1517553,2863
1517826,3125
1517963,3040
1518004,3169
1518143,3187
1518193,5353
1518245,5447
1518295,5810
1518339,5729
1518722,2780
1518897,3047
1519078,2867
1519085,3063
1519257,3050
1519429,3071
1520848,3686
1521357,3166
1521543,3488
1521770,3095
1521958,3283
1521986,3323
1522089,3458
1522303,3838
1522321,3511
1522466,3687
1522565,3513
1522689,3538
1522723,3691
1522857,4205
1522998,4174
1523066,4446
1523116,4005
1523492,3954
1523725,3911
1523871,3848
1524131,3836
1524738,3578
1524878,3233
1525064,3304
1525361,3395
1525390,3676
1525539,3882
1525665,3961
1525693,4133
1525848,4849
1525986,4819
1526609,3777
1526799,3697
1527003,3692
1527255,3585
1527264,3492
1528335,2833
1528505,2965
1528596,3383
1528793,3129
1529148,3044
1529301,3094
1529453,3472
1529470,3566
1529667,3751
1531434,2857
1531518,3545
1531703,2955
1531857,3311
1532032,3268
1532062,3451
1532211,3495
1532234,3572
1532373,3821
1532474,3862
1532529,4222
1532866,3939
1532964,3930
1533087,3949
1533090,3971
1533259,3868
1533455,3732
1533607,3957
1533676,3573
1533898,3456
1534171,3394
1534323,3361
1535134,2887
1535341,2972
1535357,3093
1535504,3874
1535559,3737
1535685,3737
1535822,4097
1535898,3974
1537385,3419
1537614,3138
1537813,3040
1537986,3016
1538137,3229
1538178,3266
1538297,3394
1538362,3521
1538517,3571
1538545,3887
1538654,3829
1538794,3739
1538926,3655
1539119,3720
1539316,3968
1539707,3694
1539980,3234
1540129,3204
1540269,3490
1540415,3507
1541535,4191
1541676,3161
1541914,3864
1542143,3704
1542318,3585
1542460,3682
1542627,3622
1542668,3737
1542876,3800
1543017,3731
1543158,3668
1544230,2925
1544253,3202
1544367,3314
1544524,3379
1544669,3448
1544673,3381
1544850,4760
1544870,3993
1544992,3947
1545070,4820
1545074,3960
1545202,4396
1545394,4526
1545578,4397
1545667,4298
1545690,4343
1546899,3289
1547047,3257
1547166,3390
1547272,3477
1547296,3504
1547437,3597
1547476,3605
1547613,4801
1547648,4162
1547734,4308
1547887,4463
1547997,5131
1548123,5104
1548425,4586
1550648,3602
1550887,3445
1551109,3432
1551131,2945
1551287,2870
1551330,3158
1551442,2956
1551589,3305
1551754,3312
1551865,4734
1551884,5100
1551929,4506
1551948,4736
1551982,5053
1552010,5073
1552190,3799
1552433,4266
1552665,4465
1554874,3020
1555122,3072
1555243,2880
1555410,2962
1555578,3655
1555597,4094
1555726,4305
1556175,3498
1556747,3967
1557140,3858
1557167,3548
1557319,3785
1557415,4008
1557558,3746
1557577,4484
1558862,4378
1559021,4494
1559044,3214
1559166,4297
1559306,4013
1559327,3760
1559479,3471
1559523,3851
1559612,3972
1559733,3430
1559890,4157
1559957,5008
1560092,4006
1560247,4077
1560380,4360
1560388,4528
1560534,4278
1560728,4137
1561765,3199
1562177,2994
1562357,3002
1562525,3885
1562898,3329
1563071,3210
1563813,3385
1564492,3915
1565407,3057
1565677,3024
1565830,3464
1565888,3450
1566030,3126
1566205,3250
1566402,3125
1566451,3163
1566690,3511
1566843,3035
1566872,3084
1566965,3104
1567035,3282
1567111,3392
1567241,3746
1567407,3840
1567608,3703
1568060,3534
1568204,3391
1568228,3874
1568377,3700
1568760,3392
1568894,3313
1569027,3356
1569952,3323
1570088,3479
1570148,3730
1570231,3967
1570349,3656
1570672,3260
1570954,3461
1571136,3419
1571273,3417
1571428,3430
1571682,3284
1572639,3134
1572684,2999
1572849,2991
1573009,3497
1573053,3455
1573401,3583
1573595,3615
1573793,3660
1574035,3645
1574946,2823
1575096,3848
1575121,2881
1575270,3080
1575419,3469
1575604,3919
1575976,3426
1576099,3290
1576118,3339
1576235,3348
1576347,3602
1576348,3482
1576566,3485
1576709,3827
1576835,3621
1577002,3752
1577664,3024
1577846,3123
1577868,3631
1578072,3041
1578459,3372
1578535,3896
1578742,3429
1578878,3366
1579038,3324
1579183,3795
1580245,3664
1580265,3714
1580417,3694
1580760,3341
1580800,4733
1581178,3364
1581330,3425
1581595,3660
1581682,3125
1581995,3355
1582927,2880
1583148,3195
1583287,3207
1583325,3178
1583483,3612
1583525,5291
1583771,3376
1583955,3867
1584103,4154
1584237,3969
1584377,4353
1584517,3827
1584564,3901
1584727,3809
1584848,4245
1584986,4157
1585680,3397
1586613,3274
1586753,3015
1586891,2942
1587107,2903
1587191,3498
1587237,4339
1587338,4162
1587381,3576
1587571,4434
1587919,4152
1588132,4241
1588181,3939
1588387,3907
1588656,3802
1588815,3798
1589981,2897
1590022,2962
1590185,2987
1590224,3488
1590373,3653
1590431,3599
1590502,3587
1590831,3553
1590971,3462
1591089,3393
1591142,3522
1591227,3876
1591336,3742
1591697,3593
1592931,3080
1592996,3255
1593070,3800
1593223,3735
1593256,3818
1593489,3981
1593756,3624
1593773,3743
1594097,3696
1594224,3883
1594358,3818
1594538,3741
1594713,3700
1594793,3923
1594920,3783
1594942,3861
1595835,3155
1595870,3404
1596076,3457
1596199,3609
1596327,3533
1596464,4051
1596523,4272
1596591,3872
1596718,3845
1597369,3514
1597556,3508
1597577,3744
1597707,3396
1597870,4041
1598749,3231
1598961,3069
1599075,3207
1599091,3521
1599226,3457
1599322,3447
1599480,3785
1599572,4564
1599602,4131
1599776,4752
1600031,3932
1600185,4383
1600285,4405
1600367,4413
1600450,4430
1600688,3663
1602141,3419
1602297,3150
1602452,3075
1602767,3072
1602828,3066
1602950,2977
1603086,3473
1603133,3811
1603258,3530
1603396,3601
1603563,4445
1603706,3584
1603990,3457
1604134,4091
1606405,3146
1606428,3280
1606587,3400
1606782,3422
1606849,4351
1607087,3471
1607283,3799
1607323,4077
1607469,4211
1607837,3756
1608037,3782
1608479,3279
1608551,2944
1608713,3156
1608760,3249
1608872,3073
1609017,3212
1609047,3247
1610018,3106
1610042,3165
1610241,3218
1610405,3289
1611184,3679
1611223,3502
1611649,3358
1611797,3458
1611935,3573
1612064,3889
1612112,3942
1612258,3897
1612375,3891
1612511,3940
1612644,4280
1612674,4240
1612780,4328
1612924,4360
1612943,4986
1613984,3982
1614142,4191
1614301,3614
1614486,3987
1614511,4073
1614707,3560
1614945,3578
1615071,4210
1615131,4295
1615313,4436
1615331,4542
1615472,4674
1615648,4548
1615676,4644
1615796,5050
1616734,4157
1616767,4204
1616920,4437
1617116,4686
1617155,4840
1617297,4637
1617435,4610
1617581,5097
1617712,4448
1618091,4321
1618373,4355
1618512,4286
1618727,4188
1618841,4361
1618921,4226
1619054,4485
1619877,5020
1619970,4220
1620005,4595
1620123,4600
1620288,4615
1620355,4327
1620454,4496
1620489,4400
1620648,4884
1620948,4631
1620999,4704
1621188,4567
1621663,4531
1621722,4619
1622829,3678
1622980,3493
1623032,3534
1623159,3732
1623234,4137
1623373,4050
1623391,3656
1623568,4145
1623687,4064
1623868,3936
1624027,3825
1624482,4079
1624638,3975
1624786,4077
1624962,4006
1625098,3821
1626591,3511
1626832,3040
1627052,3096
1627204,2992
1627540,3393
1627780,3256
1627875,3130
1628058,3055
1628351,3508
1628479,3314
1628651,3585
1628697,3560
1628800,3637
1628933,4487
1629075,3983
1629209,4005
1629365,3898
1629483,3829
1631467,3140
1631500,3261
1631608,3237
1631706,3345
1631866,3913
1631900,4073
1632058,3838
1632076,3993
1632271,3836
1632276,3946
1632424,3849
1632565,4023
1632588,4113
1632676,4196
1632721,4378
1632834,4219
1633001,4158
1633120,4250
1633267,4208
1633425,3991
1634119,3405
1634277,3381
1635290,2839
1636175,2830
1638419,2992
1639341,3909
1639514,3845
1639741,3693
1639929,3611
1639945,3513
1640091,3499
1640153,3399
1640247,3574
1640328,3739
1640403,3643
1640491,3679
1640679,3558
1640979,3518
1641240,3451
1641258,3601
1641452,3730
1641476,3993
1641547,3540
1641672,3995
1641690,3602
1641785,3579
1641948,3650
1642233,3970
1642357,3898
1642530,4364
1642742,3562
1642905,4175
1643057,4146
1643072,4272
1643229,4340
1643920,4067
1644396,4178
1645121,3526
1645758,3129
1645906,3169
1646043,3309
1646078,3377
1646257,3188
1646408,3284
1646602,3894
1646678,3765
1646726,3871
1647005,3818
1647128,3744
1647235,3677
1648159,3209
1648202,3391
1648331,3620
1648396,3090
1648602,3558
1648768,3312
1649261,3450
1649416,3313
1649511,3279
1649549,3404
1649678,3542
1649780,3528
1650025,3664
1650204,3609
1650259,3711
1650340,3699
1651189,3302
1651736,3144
1651907,3020
1652129,2948
1652202,3098
1652287,3166
1652385,3652
1652418,3776
1652552,4140
1653404,3477
1653567,3392
1653672,3496
1653801,3446
1653866,3528
1654080,3666
1654273,3560
1654538,3378
1654735,3266
1655551,3061
1655594,3625
1655695,3604
1655833,3529
1656309,2920
1656452,3481
1656528,3237
1656701,3505
1656759,3551
1656916,3385
1657002,3532
1657968,2832
1658155,2838
1658182,2945
1658311,3141
1658452,3149
1658483,3274
1659048,3264
1659064,3491
1659232,3576
1659405,3846
1659480,3609
1659504,3484
1659972,3634
1660406,3119
1660549,2889
1661277,3301
1661319,3573
1661486,3522
1661662,3397
1661815,3292
1661876,3662
1661974,3765
1662125,3556
1662148,3602
1662585,3482
1664292,3165
1664320,3071
1664517,3529
1664710,3286
1664843,3366
1665254,3399
1665335,3422
1665389,3624
1665483,4192
1665589,3845
1665864,4040
1666183,3779
1666222,3621
1666371,3527
1666521,3449
1666551,3564
1666692,3475
1666899,3550
1667051,3539
1667146,3356
1668042,3786
1668088,3266
1668518,3587
1668661,3710
1668804,3617
1668828,3596
1668966,3952
1669129,3944
1670065,3817
1670225,3666
1670265,3595
1670322,3507
1670727,3569
1670910,3495
1671055,3499
1671179,3540
1671517,4152
1671853,3199
1671935,3536
1672050,3323
1672255,3329
1672521,3674
1673140,3166
1673288,3389
1673446,3344
1673593,3968
1673686,3356
1673921,3449
1673945,3524
1674093,3830
1674139,3722
1674812,3369
1674847,3513
1675105,3459
1675245,3588
1675441,3443
1675578,3476
1675738,3598
1675859,3553
1676031,3669
1676209,3802
1676340,3414
1677158,3124
1677686,3356
1678005,3175
1678215,3016
1678383,3224
1678427,3624
1678552,3606
1678666,3578
1679385,3180
1679553,3574
1679692,3004
1679847,2920
1680049,2914
1680260,2914
1680464,2900
1680629,3614
1680661,3757
1680881,3238
1681134,3182
1681330,3650
1681468,3461
1681992,3037
1683041,2899
1683199,2963
1683321,3086
1683432,3303
1683433,3039
1683547,3252
1683585,3795
1683721,3829
1683912,3702
1683953,3974
1684694,3717
1684946,3415
1685089,3420
1686188,3028
1686235,3228
1686401,3412
1686512,3624
1686551,3509
1686666,3491
1686805,3833
1686848,4125
1687005,4744
1687053,4687
1687101,4475
1687254,4725
1687389,4595
1687439,4818
1687587,5079
1687674,4655
1687701,4849
1687871,4986
1688081,4751
1688289,5031
1689289,4250
1689331,4185
1689492,4972
1689510,4324
1689539,4789
1689668,4713
1689691,5231
1689920,4621
1689943,4747
1690167,4581
1690317,4528
1690436,4998
1690471,5252
1690800,5232
1690808,4393
1690970,4456
1691607,5361
1691666,4677
1691798,5373
1691823,4905
1692056,5073
1692381,4975
1692534,4837
1692889,4514
1693805,4460
1693877,4561
1694149,4408
1694539,4128
1694758,4076
1695004,3936
1695173,4040
1695235,3907
1696164,3218
1696188,3473
1696372,3726
1696531,3795
1696554,3892
1696759,3794
1697403,3677
1697580,3638
1697690,3443
1697771,3395
1697819,3370
1697913,3640
1697948,3971
1698943,3098
1698972,3186
1699120,3106
1699262,3135
1699461,3074
1699736,2851
1699926,3076
1700131,3815
1700437,3561
1700574,3918
1700711,3676
1700916,3645
1701236,3375
1702584,2868
1702650,3358
1702818,3403
1702857,3300
1703006,3976
1703085,3442
1703100,3737
1703384,3608
1703550,4214
1703665,3945
1703802,3893
1703954,3899
1704098,3860
1704322,3725
1704539,3593
1704671,3554
1705395,3355
1705495,3356
1705565,3778
1705676,3547
1705830,3445
1706036,3393
1706205,3723
1706326,3653
1706332,4368
1706517,3825
1706541,4250
1706876,4028
1707039,4086
1707150,4171
1707339,4035
1707600,4197
1707700,4148
1707832,4121
1707991,4151
1709156,3406
1709316,3516
1709470,3312
1709493,3402
1709757,3566
1709765,3802
1710545,3372
1710862,3648
1710964,3476
1710992,3739
1711158,3908
1711177,4560
1711384,4466
1711508,4543
1712334,3643
1712382,3232
1712592,3198
1712709,3410
1712854,3317
1712933,3457
1712973,3303
1713089,4017
1713281,3478
1713399,3759
1713404,3494
1713532,3582
1713682,3641
1713958,4361
1714119,4324
1714271,3941
1714318,4188
1714462,5010
1716353,2879
1716508,3424
1716550,3590
1717145,3059
1717220,3135
1717376,3557
1717559,4150
1717716,3641
1717847,3575
1717982,3490
1717996,3858
1718206,3836
1718345,3837
1718548,3678
1718602,4307
1718694,3383
1718894,3435
1719023,3517
1719066,3657
1719201,3577
1719712,3443
1720185,3220
1720249,3255
1720413,3242
1720444,3334
1720575,3762
1720592,3621
1720677,3370
1720797,3329
1721030,4209
1721203,4088
1721875,4418
1721895,3880
1722247,4099
1722509,3887
1723114,3435
1725197,2926
1725379,3086
1725563,3652
1725663,3400
1725781,3382
1726097,3282
1726353,3247
1726675,3020
1726937,3224
1727086,3130
1727103,3415
1727286,3130
1727472,3172
1727614,3768
1727705,3047
1727960,3449
1728086,3343
1728191,3841
1728226,3510
1728313,3487
1728362,3829
1728495,3750
1728685,3663
1728837,4101
1729009,4186
1729496,3720
1729722,3559
1729986,3407
1730156,3359
1730300,3491
1730845,3454
1730993,3445
1731149,3421
1731443,3757
1731608,3799
1731859,3567
1731990,3509
1732972,2854
1733019,3242
1733420,3012
1733554,3018
1733655,3130
1733869,3159
1733928,3231
1733984,3714
1734647,3262
1734793,3167
1734878,3481
1735586,3153
1735790,3023
1735962,2935
1736116,2946
1736320,3197
1736464,3225
1736706,3611
1736833,3433
1736852,3510
1736998,3490
1737042,3642
1737212,3528
1737342,3669
1737501,3787
1737856,3522
1738114,3318
1738175,3710
1738273,3461
1739028,3150
1739155,3308
1739196,3334
1739324,3429
1739352,3581
1739505,3616
1739751,3729
1740569,3672
1740712,3627
1740839,4449
1740892,3905
1741041,3853
1741557,3556
1741727,3619
1741789,3625
1741944,3635
1742051,3711
1742173,3795
1742305,3720
1742440,3907
1742657,3612
1742780,3616
1742791,4443
1742946,3886
1743066,4254
1743320,4129
1743355,4036
1743526,3916
1743917,4016
1744080,4084
1744438,3882
1744598,3815
1745184,3505
1745470,3610
1746018,3543
1746172,3435
1746466,3478
1746519,3343
1746596,3471
1746837,3817
1746892,3835
1746933,3606
1747482,3385
1747685,3412
1747749,3614
1747973,3496
1748019,3391
1748165,4226
1748286,3750
1748439,3609
1748605,3827
1748823,3504
1749421,3146
1749667,3172
1749714,3307
1749899,3343
1749987,3382
1750126,3470
1750794,3458
1751455,2845
1751528,3644
1751682,3781
1751836,3545
1752126,3665
1752259,3584
1752602,3849
1752639,3863
1752666,3734
1753367,3365
1753425,3535
1753536,3440
1753666,3510
1754181,3112
1754376,3025
1754405,3115
1754503,4031
1754900,3085
1754973,3488
1755207,4133
1755470,3619
1755610,3531
1755730,3281
1755892,3170
1756015,3250
1756128,3523
1756245,3460
1756326,3630
1758103,2926
1758283,3429
1758905,2918
1759173,3059
1759372,2912
1759455,3592
1759548,3277
1759705,3389
1759781,3410
1759975,3744
1760127,3844
1760317,3461
1760961,3261
1761141,3378
1761273,3190
1761400,3306
1761597,3384
1762059,3097
1762092,3148
1762268,3116
1762391,3072
1762530,3294
1762558,4160
1762698,3440
1762921,4036
1763165,3854
1763291,4119
1763405,4056
1763574,4133
1763729,4041
1763864,3968
1764025,3977
1764195,3993
1765347,2893
1765531,5377
1765658,3360
1765697,3353
1765849,4014
1765879,4245
1765976,4082
1766067,3963
1766210,3889
1766233,3874
1766353,4838
1766667,4578
1766789,4492
1768277,4204
1768432,3840
1768525,3791
1768575,9054
1768787,5972
1768930,7181
1769129,8675
1769159,9228
1769309,9183
1769367,9494
1769535,9218
1769674,9327
1769868,9194
1770318,8954
1770352,9155
1770501,9103
1770522,9034
1770587,9116
1770673,9019
1770741,9743
1770761,9872
1770851,8998
1771100,9475
1771372,9530
1771585,9219
1771692,9060
1771763,9692
1771963,9220
1772933,8648
1772976,8954
1773131,8590
1773157,8583
1773229,8172
1773315,8483
1773374,8223
1773511,8368
1773781,8081
1773918,8256
1774097,8176
1774217,8007
1774365,7957
1774483,8553
1774652,8488
1774798,9659
1774939,10183
1775057,10014
1775187,9787
1775339,10573
1775494,10458
1775932,8940
1775957,10048
1776097,10030
1776342,8962
1776363,8952
1776501,8763
1777781,8925
1777958,8800
1778498,8357
1778583,8576
1778840,8433
1779188,7941
1779347,7861
1779376,8129
1779964,7576
1780131,7473
1780299,8561
1780461,8389
1781007,7964
1781028,7992
1781186,7883
1781279,8048
1781533,8049
1782099,7545
1782501,7329
1782517,6974
1782790,6958
1782988,6810
1783156,6790
1783312,6781
1783326,6926
1783896,7467
1784052,7419
1784124,7769
1784211,7351
1784293,7691
1784369,7338
1784537,7401
1784579,7449
1784830,6999
1785400,6643
1785547,6746
1785655,6844
1785790,7176
1786671,6688
1786854,6614
1787191,6370
1787337,6761
1787358,6610
1787542,6504
1787664,6740
1788287,6300
1788301,5845
1788485,6796
1788503,7224
1788679,7145
1788739,7403
1788956,7506
1789097,7640
1790168,6815
1790337,6563
1790363,6829
1790444,6754
1790606,7180
1790720,6529
1790859,6659
1790944,6891
1791132,6711
1791614,6794
1792990,5489
1793204,5477
1793254,5624
1793420,5694
1793542,5774
1793875,5775
1794008,5712
1794151,5637
1794289,6240
1794424,6350
1794471,6830
1794690,6751
1794792,6134
1794814,6944
1794929,6902
1794937,6220
1795042,6531
1795056,6389
1795470,6813
1795790,6749
1796828,5673
1797002,5607
1797024,5698
1797223,5600
1797295,5477
1797515,5418
1797600,5484
1797672,5509
1797867,5360
1797888,5626
1798017,5700
1798220,7126
1798812,5768
1798950,6786
1799152,6358
1799188,5978
1799338,5915
1799353,6735
1799458,6243
1799519,6518
1799766,6429
1800024,6118
1800079,5972
1800227,6030
1802649,4071
1803000,4192
1803191,3638
1803336,3596
1803346,3676
1803526,4302
1803652,3500
1803773,3576
1803919,3630
1804063,3671
1804210,3790
1804390,4820
1804578,4364
1804657,4344
1804755,4547
1804950,4476
1805538,3920
1806946,3628
1807042,3181
1807436,3305
1807938,3253
1808068,2798
1808219,2782
1808579,3243
1808687,3015
1809180,4369
1809287,4925
1809366,4569
1809438,4440
1809494,4615
1812217,3490
1812395,3375
1812556,4612
1812725,3296
1812890,3248
1813047,3179
1813198,3216
1813361,3392
1813368,4115
1813429,4465
1813476,4622
1813527,4891
1814287,2972
1814440,3273
1814584,3382
1814966,3500
1815539,3191
1815837,3592
1815874,3475
1816044,3560
1816181,3491
1816313,3413
1816472,3397
1816592,3556
1817029,3554
1817060,3823
1817262,3785
1817273,3712
1817403,3533
1818034,3547
1818139,3723
1818209,3588
1818669,3283
1818842,3284
1818876,3385
1819142,3357
1819432,3390
1819495,3645
1819659,3585
1820213,3062
1820554,3653
1820682,3422
1820910,3562
1821051,3532
1821166,4091
1821231,3567
1821397,3451
1822248,2924
1822317,2921
1822390,3580
1822429,3687
1822510,4039
1822775,3728
1822931,4183
1823488,3684
1823500,3351
1823781,3583
1823942,3594
1824305,3545
1825287,3416
1825312,3459
1825500,3394
1825750,3395
1826071,3196
1826307,4602
1826353,4134
1826387,3586
1826420,3509
1826457,3419
1826653,2903
1826963,3095
1827125,4141
1827270,3748
1827419,4011
1827647,4100
1827805,3995
1827903,4022
1828090,3763
1828104,3957
1828334,4026
1828460,4041
1828604,3946
1829340,4566
1829724,4145
1829985,3412
1830102,3367
1830268,3729
1830299,3621
1830482,3526
1830575,3833
1830711,3842
1830726,3972
1831093,3755
1831284,4019
1831457,3965
1831665,3946
1832461,3348
1832641,3409
1832721,3794
1832980,3711
1833166,4208
1833311,4605
1834371,3060
1834471,3556
1834604,3369
1834724,3236
1834880,3199
1835032,3184
1835188,3496
1835417,3412
1835464,3513
1835633,3633
1835645,3888
1835792,3902
1835881,3633
1835930,3943
1836072,4936
1836092,4053
1836774,4171
1837246,3477
1837705,3448
1838009,3236
1838191,3618
1838263,3321
1838282,3466
1838490,3480
1839336,3069
1839356,3191
1839564,3751
1839579,3850
1839672,3934
1839706,4527
1839737,4443
1839927,3790
1840444,4432
1840590,3899
1840760,4611
1840793,3938
1840940,3843
1842736,3210
1842910,3086
1842981,3242
1843089,3289
1843153,3997
1843387,4114
1843512,4582
1843642,4263
1843657,4086
1843792,4503
1843973,4493
1844144,4614
1844285,4184
1844314,4249
1844570,4790
1844712,4150
1844901,4026
1845097,3920
1845401,4083
1846347,3246
1846502,3338
1847248,3552
1847295,3935
1847516,5331
1847672,4289
1847783,5312
1847927,5254
1848126,4858
1848281,4913
1848401,5329
1848499,4816
1849603,4295
1849713,4389
1849909,4056
1849941,4351
1850073,4168
1850092,4363
1850215,4195
1850248,4326
1850364,4141
1850436,4139
1850597,4342
1850606,4502
1850759,4171
1850837,4379
1850894,4261
1851581,4106
1851679,3775
1851710,4048
1851871,3947
1852028,3970
1852071,4006
1852192,3957
1852267,3934
1852350,3988
1852439,4033
1852506,4095
1852651,7215
1852667,6166
1852820,7868
1853444,7344
1854025,7737
1854371,7464
1854705,7309
1854852,7221
1854988,7136
1855125,7184
1855243,7348
1855253,7166
1855280,7220
1855496,7619
1855742,7255
1855870,7366
1857359,5982
1857800,5248
1857995,5168
1858160,5122
1858316,5015
1858468,5071
1858663,4947
1858695,5084
1858901,5056
1858921,5199
1859089,6150
1859120,5840
1859247,6052
1859407,6132
1859559,5873
1859694,5535
1859724,5761
1859877,5873
1859983,5549
1860032,5840
1860190,5533
1860350,5491
1860530,6284
1860747,6150
1860929,6109
1861091,6299
1861249,6191
1861579,5989
1862332,6463
1862487,6620
1862612,6893
1862776,6401
1862949,6280
1863091,6362
1863361,6198
1863836,5825
1864323,5838
1864530,5676
1864723,5579
1866062,4362
1866216,4817
1866252,4609
1866337,4767
1866678,4761
1866827,4707
1866969,4781
1867154,4570
1867368,4435
1867593,4401
1867598,4296
1867824,4289
1867894,4412
1867970,4550
1868095,4614
1868133,4628
1868294,4773
1868749,4652
1868902,4599
1868951,4810
1869107,4847
1869245,4828
1869294,5005
1869364,5164
1869513,5142
1870120,4836
1870499,4601
1870785,4388
1871071,4640
1871137,4308
1872484,3748
1872597,4722
1872749,3839
1872801,4211
1872899,4118
1872907,4233
1873104,4296
1873266,4565
1873508,4448
1873577,4503
1874647,3467
1875585,3393
1875690,3847
1875832,3626
1875999,3562
1876176,3535
1876337,4098
1876424,4289
1876497,4301
1876673,4155
1876695,4248
1876834,4119
1876854,4052
1878195,3944
1878377,4096
1878497,3985
1878515,4077
1879002,4191
1879086,4868
1879136,7537
1879212,7969
1879258,9278
1879346,9350
1879576,9640
1879774,9484
1879980,9211
1880149,9622
1880335,9367
1881008,8815
1881060,9116
1881212,8752
1881398,8895
1881421,8808
1881539,8929
1881768,8786
1882227,8178
1882690,7828
1882710,7868
1882840,7843
1882985,7807
1883108,7792
1883236,7847
1883468,7879
1883634,7787
1883718,8011
1883792,8050
1883898,8195
1883987,8364
1884046,8392
1884361,8145
1884383,8191
1884531,8360
1884562,8407
1884839,7985
1884854,8354
1885064,8342
1885097,8724
1885239,8532
1885274,8871
1885496,8373
1885746,8171
1885910,8056
1886032,8018
1887903,6292
1888247,7238
1888337,7079
1888423,7602
1888774,7202
1888927,6994
1889022,7052
1889475,8129
1889767,7930
1890077,7687
1890287,7532
1891101,7056
1891549,6411
1891807,6282
1891940,6284
1892161,7051
1892659,6428
1892700,6503
1892859,6404
1893042,6383
1893504,6225
1893561,6477
1893749,6285
1893916,6521
1894111,6054
1894260,6260
1895236,5591
1895396,5521
1895533,5505
1895551,5562
1896015,5195
1896346,4949
1896515,5140
1896660,5567
1896713,5329
1896871,5224
1897007,5506
1897135,5275
1897270,5190
1897287,6950
1897993,5256
1898121,6339
1898310,6238
1898365,5319
1898447,5953
1898513,5465
1898608,6262
1898645,5948
1898850,6131
1898991,6047
1899156,5979
1899468,5789
1899656,5672
1899752,5719
1899844,5638
1900877,5425
1901312,5272
1901461,5224
1901666,5088
1901734,5548
1901842,5330
1901865,5905
1901984,5369
1902135,5295
1902254,5578
1902291,5684
1902496,5532
1902544,5947
1902793,5858
1902954,6096
1903064,6051
1903160,6346
1903293,5433
1906104,3456
1906142,3594
1906280,4827
1906362,4064
1906447,4226
1906669,4066
1906795,4577
1906817,4757
1906911,5224
1907489,4762
1907670,4748
1907874,4631
1908013,4583
1908129,4593
1908198,4587
1908239,4625
1909277,3809
1909502,3686
1909668,3611
1909779,3624
1909870,3695
1909964,3670
1910009,3695
1910138,4009
1910261,4150
1910264,4766
1910396,4120
1910473,5511
1910537,4176
1910725,4187
1910806,5600
1910840,4272
1910941,5603
1911036,4300
1911389,4715
1911438,5196
1913355,3554
1914232,4479
1914609,4194
1914846,4114
1915049,4014
1915129,3922
1915291,4111
1915448,4454
1915466,4056
1915654,4008
1915696,5195
1915817,4326
1915945,5309
1916062,4180
1916228,4906
1916235,4289
1916916,4436
1918051,3637
1918216,3589
1918390,3564
1918553,3894
1918709,4505
1918867,4434
1919219,4523
1919715,4127
1919727,4298
1919973,4631
1919996,5048
1920162,5073
1920314,4917
1920355,4730
1920466,4962
1920625,4856
1920702,4584
1920798,4734
1920959,5034
1921019,5226
1921423,4621
1921640,4477
1921789,4621
1921951,4567
1922046,4410
1922111,4515
1922273,4712
1922426,4648
1922578,5173
1922711,4485
1922742,4537
1922899,4801
1923054,5457
1923397,5001
1923559,5012
1924103,4367
1924158,4596
1924284,4844
1924353,5035
1924509,4828
1924737,4703
1924882,4712
1925072,4641
1925268,4533
1926286,4471
1926444,4533
1926565,4704
1927296,4204
1927522,4126
1927828,3896
1927978,3842
1928181,3883
1928199,4113
1928547,3976
1929167,3843
1929224,3906
1929661,3633
1929792,3559
1929845,3532
1929946,3528
1930081,3792
1930098,3897
1930237,3811
1930283,3763
1930408,3773
1930468,4040
1930644,3751
1930811,3635
1931331,4470
1931353,4334
1931508,4044
1931681,3923
1931781,3957
1931858,4076
1932011,4144
1932147,4262
1932440,4157
1934198,3217
1934267,3898
1934439,3778
1934598,3668
1934605,3451
1934663,3341
1934746,3570
1934884,3505
1935068,3586
1935226,3852
1935435,3777
1935591,3818
1936793,2871
1937142,3251
1937297,3569
1937460,3493
1937795,3929
1937999,3915
1938089,3516
1938363,3488
1938461,3494
1938524,3524
1938644,3610
1938705,3629
1938893,3562
1939585,2972
1939777,2935
1939817,2952
1939902,3317
1939979,3234
1940067,3369
1940097,3272
1940225,3999
1940264,3774
1940322,4045
1940445,3971
1940709,4315
1940921,4114
1941188,4083
1941365,4033
1942710,3089
1942818,3203
1942982,3472
1943054,3487
1943151,3823
1943231,4470
1943465,4318
1943490,4439
1943646,4473
1943666,4383
1943802,4298
1944172,3976
1944392,3893
1944475,3941
1944675,3987
1944869,4022
1945197,3656
1946187,3103
1946203,3742
1946370,3956
1946499,3795
1946661,4058
1946808,4201
1946853,4534
1947078,4076
1947205,4021
1947356,4350
1947565,4467
1947828,4442
1948942,3666
1948979,3338
1949104,3910
1949126,3874
1949314,3744
1949340,3780
1949468,3703
1949488,3801
1949601,3775
1949654,3806
1949761,4304
1949987,4107
1950021,4164
1950141,4197
1950150,4413
1950352,4262
1950422,4307
1950569,4588
1950726,4571
1952269,4030
1952436,3973
1952457,3926
1953450,3147
1953587,3646
1953761,3409
1954148,4774
1954396,4718
1954435,4891
1954589,4685
1954686,4327
1954909,4467
1955117,3947
1955191,4455
1955352,3871
1955505,3662
1955531,4046
1955666,4032
1955828,3919
1956063,3731
1956453,3389
1956591,3297
1956681,4213
1956879,3957
1956884,3803
1957780,3176
1958854,3062
1959041,3081
1959411,3513
1960417,2882
1960589,3095
1961001,3898
1961051,3002
1961178,2929
1961367,3601
1961470,3256
1961494,3496
1961609,3861
1961675,3587
1963451,3125
1963518,3177
1963844,3245
1963939,3394
1964092,3190
1964153,3322
1964195,3828
1964218,3968
1964236,4150
1964254,4318
1964340,3905
1964489,3819
1964697,3777
1964822,3864
1965086,3772
1965226,3667
1965306,3689
1965357,3727
1966160,3157
1966267,2951
1966492,2948
1967084,2939
1969964,3095
1971028,2841
1971199,2993
1971365,3388
1971530,3760
1971544,3145
1971684,3233
1971754,3215
1971853,3227
1971921,3441
1972012,3456
1972085,3599
1972213,3597
1972249,3688
1972373,3546
1972524,3551
1972686,3658
1972719,3591
1972887,3590
1973262,3960
1973409,3892
1973427,3495
1973658,3592
1973707,3860
1973977,3538
1974149,3582
1974398,3629
1974546,3570
1974994,3849
1975501,3688
1975713,4186
1976427,3403
1976538,4864
1976638,4021
1976688,4219
1976767,4015
1976846,4150
1978461,3597
1978563,3443
1978585,3364
1979019,3087
1979040,3298
1979196,3306
1979434,3375
1979562,3387
1979665,3336
1979795,3456
1979944,3491
1979983,3385
1980083,4293
1980108,3951
1980267,3850
1980348,3925
1980456,3974
1980861,3585
1981006,3522
1981140,3557
1981166,3703
1981236,4072
1981743,3612
1981766,4018
1981871,3729
1982223,3644
1982366,3590
1982953,3294
1983431,3323
1983502,4295
1983563,4388
1983876,3975
1984087,3742
1984676,3607
1984784,3550
1984941,3570
1985073,3625
1985386,4030
1985825,3468
1986451,3115
1986764,3169
1986909,3334
1987045,3459
1987197,3365
1987354,3689
1987388,3924
1987481,3802
1987573,3794
1987598,3959
1988089,3731
1988203,3594
1988375,3474
1988514,3458
1988587,3452
1988964,3526
1988986,3437
1989125,3659
1989177,3674
1989310,3842
1989448,3942
1989584,3886
1990047,3835
1990067,3963
1990240,3916
1990292,4322
1990359,3884
1990495,3855
1991935,2997
1992130,3645
1992186,3525
1992267,3674
1992376,3749
1992514,4230
1992557,4016
1992692,4397
1992830,4310
1992948,4240
1994339,3124
1994517,3512
1994715,3141
1994767,3411
1994872,3369
1995046,3798
1995139,3638
1995191,3489
1995385,3910
1995431,4037
1995518,3963
1995568,3990
1995675,4021
1995921,4234
1996135,4070
1996207,4096
1996418,3991
1996596,3929
1996849,3731
1996940,4219
1997087,4130
1997243,3707
1997722,3719
1997871,3691
1998012,3802
1998101,3824
1998283,4161
1998330,4208
1998680,3873
1998824,3857
1998964,3950
1998996,3929
2000423,3431
2000594,4097
2000816,3292
2000996,3997
2001196,3849
2001263,3815
2001602,3613
2001730,3383
2001980,3554
2002171,3575
2003341,3755
2003363,2921
2003451,3407
2003538,3563
2003573,3998
2003817,3841
2003902,4284
2004148,3881
2004314,3765
2004449,3678
2004734,4029
2004770,4163
2004918,4123
2005280,3780
2006323,3037
2006369,3052
2006448,3071
2006513,3625
2006919,3411
2006924,3357
2007125,3446
2007245,3314
2007386,3738
2007411,3580
2007659,3807
2007864,3667
2007884,4022
2008027,4197
2008178,3719
2008299,3682
2009766,3220
2010069,3668
2010235,3577
2010398,3658
2010559,3400
2011088,3039
2011222,3010
2011342,3629
2011352,3426
2011747,3441
2011922,3826
2012046,3754
2012182,3993
2012246,3858
2012350,3877
2012384,4226
2012784,3910
2013212,3560
2013393,3563
2013553,3803
2014195,3250
2014431,3413
2014484,3428
2014703,3566
2014883,3461
2014998,3774
2015101,3606
2015232,3599
2015302,3657
2015425,4301
2015428,4503
2015559,4286
2015571,4268
2015908,4611
2016058,4150
2016255,4052
2017029,4209
2017190,4179
2017335,4071
2017514,3907
2017534,3999
2017694,4280
2017878,4171
2019320,3071
2019476,3609
2019503,3714
2019667,3660
2019894,3543
2020028,3671
2020049,3796
2020187,3809
2020242,4184
2020344,3954
2020384,3982
2020664,4436
2020804,4505
2020832,4554
2020985,4447
2022021,3474
2022204,3533
2022221,3590
2022374,3586
2022432,3573
2022642,3412
2022779,3585
2024094,3267
2024117,3576
2024268,3566
2024454,3931
2024535,3688
2024687,3677
2025034,3703
2025111,4061
2025212,3674
2025425,3822
2025571,3965
2025810,3644
2026027,3800
2026178,4054
2026743,3200
2026905,3302
2027032,3300
2027048,3909
2027191,3603
2027221,3915
2027477,3706
2027657,3841
2028598,3426
2028929,3279
2029081,3397
2029245,3311
2029497,3513
2029653,3456
2029836,4155
2029962,4263
2030325,4110
2030423,3628
2030555,3805
2030750,3821
2031102,3384
2031290,3258
2031470,3306
2031649,3471
2031691,3231
2031831,3171
2031858,3166
2032159,3231
2032290,3276
2032870,3152
2033016,3663
2033048,3341
2033124,3178
2033615,3511
2034080,3576
2035114,3039
2035252,3163
2035394,3356
2035443,3258
2035668,3465
2035699,3391
2035831,3612
2036099,3507
2036217,3588
2036415,3967
2036481,3582
2036522,3631
2036734,4485
2036812,4426
2036867,4302
2037063,3510
2037340,3758
2038005,3295
2038235,3593
2038275,3717
2038428,3742
2038560,3863
2038962,4144
2039162,4104
2039308,4021
2039468,3913
2039605,3825
2040391,3636
2040444,3441
2041001,3066
2041272,2903
2041346,2961
2041397,2977
2041522,3176
2041690,3606
2041818,3529
2041891,3995
2042016,3924
2042044,3947
2042241,4202
2042283,4065
2042439,4051
2042657,3881
2042670,4124
2042810,4082
2044343,2862
2044501,3072
2044520,3580
2044665,3100
2044811,3339
2044990,3521
2045056,4036
2045131,3903
2045564,4407
2045664,3580
2045738,4303
2046062,3986
2046099,4005
2046365,3928
2047233,3166
2047290,3293
2047418,3381
2047509,3401
2047535,3370
2047858,3370
2047940,3427
2048018,3677
2048189,3674
2048358,4070
2048442,3908
2048588,4067
2048713,3783
2048934,4261
2049091,4447
2049249,4357
2049414,4296
2051197,3655
2051285,3511
2051455,3705
2051596,3781
2051668,3664
2051780,3953
2051913,4663
2052025,4122
2052092,4887
2052184,4968
2052268,4890
2052481,4353
2052655,4559
2052707,4498
2052821,4239
2052922,4331
2053029,4621
2053093,4861
2053291,4587
2053315,4723
2053504,4530
2053737,4433
2053910,4322
2054031,4326
2054144,4547
2054271,4925
2055110,3971
2055262,3869
2055404,3843
2055422,3979
2055582,5024
2056152,4127
2056335,4102
2056367,4209
2056527,4164
2056846,4887
2056973,5023
2057644,4404
2057870,4227
2058288,4032
2058417,4181
2058561,4231
2058789,5158
2058864,5170
2059015,3896
2059220,3826
2059418,3778
2059462,4096
2059554,4576
2059670,4043
2059822,4016
2060654,3762
2060811,4474
2060863,4099
2060903,3666
2060996,4240
2061034,3905
2061109,4066
2061292,4103
2061672,3730
2061870,3956
2062028,3902
2062160,4146
2062187,4211
2063249,4058
2063285,4474
2063397,4490
2063427,4273
2064173,3926
2064249,4012
2064399,3898
2064545,3892
2064852,3845
2065017,3819
2065186,3771
2065534,3506
2066022,3496
2066055,3263
2066150,3755
2066234,3331
2066523,3446
2066805,3329
2066953,3233
2067119,3174
2067340,3047
2067562,4076
2067746,3580
2067777,4311
2067817,3298
2069080,3682
2069490,3349
2069943,3184
2070506,3525
2070712,3173
2070775,3510
2070891,3378
2070941,4238
2071045,3474
2071152,4081
2071191,4055
2071334,3964
2071453,3978
2071456,4021
2071584,4019
2071691,3982
2071789,3976
2071927,4067
2072063,4003
2072234,3996
2073148,3792
2073229,3286
2073362,3836
2073391,3421
2073496,3750
2073526,3566
2073681,3564
2074105,4084
2074121,3574
2074322,3445
2074354,3813
2074460,3645
2075051,4007
2075072,4077
2076321,3942
2076600,3611
2076659,3916
2077010,4711
2077378,3511
2077578,3383
2077772,3564
2077938,4052
2078073,3828
2078377,4022
2078878,3442
2079230,3698
2079546,3769
2079675,4480
2079717,4797
2079737,5254
2079815,5478
2079852,5608
2080140,3368
2080304,3579
2080459,5647
2080521,5294
2080667,3556
2081012,4034
2081094,4020
2081236,4011
2081388,4005
2081519,4133
2081872,4338
2082060,4225
2082194,4555
2082311,4551
2082446,4361
2082562,4544
2082731,4551
2082912,4568
2083046,4486
2083151,4453
2083387,4294
2084301,3626
2084583,4101
2084698,3832
2084764,4046
2084957,3911
2085098,4160
2085800,3578
2086355,3936
2086410,3959
2086501,3961
2086671,3897
2086815,3880
2086949,3800
2087131,3712
2087317,3641
2087335,3733
2087534,3644
2088336,4092
2088506,3573
2088594,3918
2088656,4025
2088713,3890
2089073,3828
2089495,3167
2089709,3355
2089887,3228
2090011,3155
2091160,2798
2091245,2844
2091381,2779
2091443,3713
2091522,3340
2091683,3271
2092131,3613
2092249,3780
2092459,3507
2092739,3434
2092785,3571
2092911,3539
2093127,3425
2093285,3324
2093448,3330
2094307,2802
2094462,2951
2094610,3553
2094791,3278
2094992,3529
2095182,4656
2095350,4118
2095509,3861
2095794,3625
2096207,3746
2096463,3610
2097394,3361
2097462,3750
2097536,3569
2097652,3680
2097656,4042
2097781,4006
2097826,3862
2097879,4512
2097987,4190
2098113,4295
2098210,4247
2098345,4268
2098363,4540
2098530,4365
2098533,4460
2098792,4541
2098961,4596
2099173,4436
2099178,4330
2100184,3875
2100216,4101
2100352,4222
2100482,4229
2100547,4467
2100679,4076
2100806,4765
2101255,4104
2101399,4288
2101422,4365
2101614,4266
2101800,4323
2101970,4537
2102006,4345
2102022,4816
2102250,4544
2103134,4634
2103163,4508
2103313,4565
2103390,4781
2103580,4876
2103838,4547
2103989,4741
2104072,4943
2104287,4637
2104514,4916
2105915,3601
2105957,4080
2106136,3850
2106484,3733
2106717,3588
2106889,4158
2106919,3503
2106990,3517
2107180,3434
2107238,3861
2107317,3815
2107395,4028
2107483,4049
2107696,3881
2107803,4160
2107922,4294
2108060,4313
2108202,4753
2108224,4888
2108339,4703
2108553,4611
2108848,4467
2108982,4387
2110541,3501
2110734,3172
2110900,3366
2111226,3483
2111254,3660
2111412,3601
2111574,3390
2112008,3131
2112141,3469
2112367,3393
2112514,3908
2112543,3868
2112814,3647
2112953,3604
2113123,3791
2113306,3670
2113443,3521
2113497,3529
2114559,3338
2114676,3140
2114803,3276
2114947,3292
2115069,3238
2115196,3675
2115374,3660
2115401,4043
2115578,3828
2115691,3805
2116214,4383
2116512,3928
2116702,4076
2116732,3805
2117815,3045
2117976,3271
2118079,3434
2118131,3594
2118287,3516
2118336,3496
2118473,3431
2118501,3500
2118608,4353
2118703,3870
2119244,3768
2119267,3812
2119443,3807
2119542,4224
2119579,4151
2120363,4193
2120580,3680
2120894,3513
2120948,3693
2121043,3447
2121075,3793
2122301,3097
2122359,3072
2122608,3606
2122679,3596
2122806,3712
2122888,3584
2123037,3547
2123191,4199
2123418,4023
2123570,4114
2123813,4930
2124014,5067
2124171,4880
2124330,4944
2124453,4873
2124653,4722
2125749,3269
2125909,3589
2126035,3641
2126113,3594
2126226,3553
2126308,3595
2126354,3644
2126524,3604
2126992,3722
2127038,3573
2127185,3636
2127241,3938
2127376,3866
2127453,3877
2127572,5314
2127767,4533
2127925,4364
2128139,4210
2128278,4383
2128482,4059
2128525,4467
2130333,3113
2130380,3151
2130520,3311
2130685,3383
2130778,3335
2130980,3499
2131043,3481
2131192,3384
2131323,3760
2131460,3505
2131481,3534
2131722,4228
2131762,5210
2131908,5159
2131933,4348
2132025,5094
2132115,4365
2136097,3083
2136562,3559
2136673,3499
2138147,3567
2138188,3646
2138309,3358
2138377,4062
2138458,3518
2138608,3996
2138689,3864
2138816,3848
2138950,3802
2139097,3705
2139238,4076
2139276,4261
2139310,4328
2139397,4739
2139559,4436
2139952,4234
2140001,3706
2140107,4574
2140149,3867
2140183,4268
2140240,4750
2140671,4162
2140713,4234
2140799,4085
2140943,4930
2141406,4488
2141780,4342
2141912,4267
2142070,4165
2142094,4284
2142268,5044
2142275,4779
2142438,4951
2142829,4656
2143146,4934
2143361,4791
2144058,4184
2144223,4570
2144321,4652
2144478,4562
2144504,4605
2144732,4460
2145065,4179
2145085,4232
2145416,4407
2145459,4415
2145597,4495
2145711,5001
2145724,4624
2145928,4526
2146215,4338
2146409,4606
2146554,4399
2146698,4625
2146851,4672
2147087,4664
2147122,4475
2147221,4601
2147351,4549
2147774,4267
2147899,4504
2148579,3940
2148730,4169
2149381,3597
2149536,3755
2149660,4026
2149921,4059
2150001,4113
2150156,4453
2150718,4171
2150790,4413
2150939,4507
2151041,4391
2151200,4347
2151359,4359
2152696,3215
2152702,3307
2152928,3197
2153085,3295
2153116,3392
2153247,3799
2153376,3647
2153423,3510
2153509,3591
2153699,3619
2153930,3845
2154056,3654
2154164,3835
2154206,4149
2154326,4091
2154492,4319
2154706,4257
2154728,4620
2156210,3515
2156253,3881
2156349,3624
2156450,4413
2156773,3774
2156881,3527
2157143,3440
2157181,3798
2157319,3955
2157440,3783
2157444,3890
2157613,3775
2157742,3696
2157877,3661
2157966,3729
2158168,3869
2158190,3943
2158337,3980
2158465,4189
2158602,4377
2158646,3938
2158676,4429
2161971,3528
2162192,3615
2162379,3771
2163985,3179
2164125,3108
2164264,3017
2164385,3131
2164539,3877
2164743,3237
2164889,3318
2165004,3397
2165032,3843
2165176,3788
2165221,3884
2165343,3834
2165353,3912
2165476,3895
2165633,3882
2165670,4017
2165775,4191
2165829,4238
2165854,4275
2166222,3955
2166282,3955
2166395,3932
2166486,4216
2166929,3815
2167129,3714
2167282,3665
2167438,3926
2167549,3894
2167578,3988
2167736,3762
2168197,4027
2168453,3884
2168501,4195
2168693,4108
2169808,3898
2169837,3939
2170047,3781
2170427,3510
2171466,3038
2171674,3016
2171695,3183
2171839,3410
2171874,3672
2171995,3696
2172004,3992
2172422,3658
2172544,3588
2172709,3532
2172842,3530
2173914,2983
2174068,3059
2174281,2892
2174330,3063
2174417,3913
2174537,3557
2174546,3748
2174687,4026
2174811,3629
2174945,3897
2175008,3910
2175421,3652
2175614,3707
2175714,3435
2176848,2909
2177003,3762
2177208,3755
2177239,3180
2177391,3424
2177429,3591
2177578,3954
2177725,3619
2177867,3596
2178125,3561
2178416,4037
2179334,3066
2179490,3233
2179513,3781
2179780,3194
2179800,3553
2179945,3625
2180101,3635
2180270,3607
2180497,3805
2180516,3538
2180787,3568
2180845,3807
2180996,3908
2181775,3992
2181909,3909
2182028,3356
2182187,3283
2182269,3674
2182411,3651
2182586,3819
2182703,3997
2182808,4188
2183017,3519
2183048,3552
2183195,3601
2183343,3551
2184117,3489
2184140,3628
2184348,3501
2184392,3595
2184470,3810
2184577,4401
2184693,3882
2184820,3877
2185002,3872
2185317,3821
2185491,3765
2185513,3819
2186681,3208
2186845,3183
2186990,3083
2187026,3142
2187199,3543
2187271,3621
2187416,3563
2187572,3547
2188215,3125
2188329,3156
2188534,3114
