231,3102
930,2869
949,2934
1116,2956
1339,3038
1358,3068
1793,2887
1979,2899
2210,3158
2398,3045
2703,2795
2772,2862
2835,3046
3059,2982
3698,3008
3878,3224
4034,3558
4176,3485
4535,3059
5181,2828
5554,2955
5711,2915
5913,3291
6053,3202
6187,3175
6360,3166
6821,3115
7127,3034
7387,2994
7686,2761
8144,2833
8323,3079
8507,3198
8661,3169
8685,3237
8933,3610
9181,3629
9316,3888
9384,3492
9601,3554
9994,3168
10481,3392
10502,3460
10642,3361
11152,3122
11504,3609
11691,2999
11824,2948
11972,3263
11995,3554
12159,3481
12361,3457
12380,3715
12609,3757
12948,4230
12971,3785
13217,3617
13370,3555
13399,3634
13583,3556
14356,3025
14789,2838
14945,3643
14959,3282
15647,3413
15896,3482
15928,3184
16040,3417
16179,3351
16750,3266
17060,3036
17689,3168
17714,3512
17819,3210
17872,3234
17958,3519
18096,3300
18270,3396
18344,3220
18890,3117
18925,3279
19130,3829
19726,3166
19892,3662
20125,3560
20144,3739
20338,3681
20357,3591
20425,3604
20653,4305
21870,4404
21894,3607
22022,3984
22214,4768
22627,5387
22691,5082
22808,5585
23561,5210
23708,5392
24056,5227
24252,5203
24475,5030
24494,5107
24646,5042
24798,5391
24821,5056
24964,5001
25097,4998
25132,5108
25330,4959
26516,4288
26533,4367
26689,4306
26822,4249
26843,4341
26982,4283
27123,4646
27141,4734
27199,4667
27291,4584
28049,3955
28066,4210
28219,4156
28380,4090
28729,4565
28896,4339
28913,4444
29233,4181
29720,4496
29869,4400
30017,4405
30414,4096
31169,4366
31359,4297
31561,4045
32000,3750
32169,3634
32402,3456
32565,3400
33120,4158
33344,3492
33859,3232
33878,3508
34044,4109
34085,3654
34225,3598
34355,3606
34502,3598
34658,3538
34794,3478
34927,3825
35538,3605
35691,3362
35832,3532
35967,3467
36000,3937
36137,4120
36165,3828
36269,4175
36357,3717
36520,3904
36641,3851
36852,4080
37517,3912
38186,3300
38374,3211
38456,3637
38577,3795
38658,3809
38683,2976
38763,3437
38880,3445
39811,4158
39969,4066
40102,4021
40292,4244
40349,4240
40491,3991
40753,3847
40783,3652
41384,3670
41514,3592
43037,3024
43216,3344
43249,4021
43387,4150
43511,3896
43628,4140
43670,4420
43982,3545
44114,3746
44151,3750
44469,3673
44688,4242
44832,3837
44862,3594
45004,3815
45160,3716
45201,3520
45280,3816
45326,3821
45669,3527
45850,3394
45969,3680
46097,3603
46322,3701
46358,3929
46518,4238
46670,4174
46822,4161
46988,4084
47146,4319
48224,4332
48257,3721
48777,4185
48949,4203
49116,3987
49257,3998
49283,4467
49341,4247
49629,4223
49750,4358
49877,4280
49902,4366
50079,4333
50102,4461
50241,4420
50394,4630
50408,4433
51244,5082
51258,4352
52011,3889
52054,3790
53816,3667
53905,3727
53951,3922
54090,3782
54328,4243
54637,3951
54714,5161
54841,5089
55009,4031
55154,4122
55184,5052
55372,5345
55496,4641
55608,4432
55738,4247
55874,3996
55942,4246
56102,4182
56409,3680
56461,3738
56586,3678
56726,3698
56756,4103
56891,4071
57063,3844
57684,3516
57714,3511
57899,3377
57945,4044
58021,4015
58091,4055
58335,4521
59479,4092
59666,4056
60005,4008
60488,3676
60705,3562
60840,3874
60959,3833
61026,4071
61073,3989
61256,3894
61393,3972
61554,3983
61584,4828
61745,4258
61757,4349
61882,4438
62104,4371
62193,4436
62418,4356
62660,4568
62783,4895
62899,4816
62971,4828
64596,4104
64746,4004
64897,3925
64913,4058
65105,3969
65367,3910
65405,4087
65565,4169
65718,4113
65849,4672
65896,4678
65927,4697
66584,4138
66969,3802
67148,3727
67255,4454
67480,4226
67760,3881
67872,3943
68010,3920
68031,4065
68577,3820
68815,3870
68977,3764
69159,3715
69289,3751
69433,3725
70217,3533
70348,3513
70379,4340
70560,4061
70735,4072
70816,4185
70944,3951
70959,7525
71129,7698
71146,4032
71357,4166
71483,4318
72203,5051
73248,3904
73571,3056
74044,2793
74450,4496
75223,8210
75389,4224
75599,3473
75612,4160
75775,6051
75901,3761
76061,3662
76217,3635
76392,7334
76443,3944
76489,4291
76542,4293
76585,4465
76628,4657
76675,5097
76725,5155
76781,5155
76830,5458
76882,5636
76931,6128
76975,6165
77024,6237
77075,6431
77118,6491
79511,4192
79662,4146
79799,4132
79928,4246
79968,4662
80103,4582
80125,4603
80243,5547
80295,4522
80616,5124
80688,4673
80832,4618
80883,5410
80964,5068
81095,4885
81124,4966
81259,6868
81612,5439
81796,5395
81941,5475
82088,5511
82108,5632
82221,5548
84111,5079
84270,4868
84367,5374
84759,4482
84932,4766
84959,4730
85529,4157
85582,4209
85711,4163
85827,4134
85923,4144
86128,4249
86146,4325
86283,4317
86348,5175
86498,4256
87214,4182
87249,4639
87420,4663
87563,4572
87627,4115
87804,4629
87834,4546
87971,4548
87990,4643
88145,4279
88286,4940
88932,4277
89115,4210
89516,4198
90580,3212
90827,3192
90847,4244
91066,4924
91084,4496
91236,4149
91426,4253
91564,4209
91724,5246
91920,5106
91951,4826
92095,4774
92212,4740
92457,4582
93852,3690
93905,3790
94051,4606
94082,4152
94175,3907
94348,3840
94386,3621
94827,3922
94856,3644
94994,3865
95109,3717
95240,3782
95374,3870
95550,4180
95700,4195
95802,4598
95820,4377
95948,5932
96023,5865
96168,5897
96196,5576
96414,4397
96521,6012
96557,5455
97750,4372
99429,3050
100016,3541
100279,4685
100488,3158
100655,3442
100809,3338
100948,3334
100971,3839
101129,3952
101216,4603
101290,3962
101720,3653
102858,3216
103040,3123
103203,3345
103239,3574
103387,3630
103546,3576
103705,3662
103729,4248
103873,4995
103907,4765
103934,3952
104140,5020
104372,3971
104517,3881
104652,3833
104723,4375
104895,3900
105052,4735
105751,4195
105883,4011
106039,3472
106187,3401
106279,3565
106403,3349
106654,3302
106850,3529
107473,3676
107668,3198
108008,3497
108214,3894
108700,3207
108902,3270
110008,2938
110026,3583
110343,3384
110592,3438
110741,3688
110894,3246
111045,3368
111084,3069
111938,3465
111961,2890
112146,2793
112270,3714
112374,2890
112665,3002
112811,3084
113022,3226
113040,3366
113229,3263
113469,3395
115079,3356
115099,3114
115211,3402
115509,3210
115568,3092
116026,3000
116200,3165
116734,3025
116798,2941
116947,3022
117029,3240
117172,3216
117193,3261
117573,3188
117612,4277
117753,4058
117783,3496
117863,4393
118375,3573
118516,3482
118833,3503
119569,3132
119618,3168
119781,3328
119953,3263
120082,3187
120236,3939
120526,4039
120546,3544
120696,3471
120883,3687
121095,3526
121241,3430
121589,3501
122062,3098
122108,3174
122257,3209
123341,3194
123552,2892
123704,3422
124237,3626
124394,3183
124595,3085
124888,3277
125742,2898
125794,2898
125950,2878
126144,2806
126393,3785
126560,3400
126603,3128
126743,3286
126792,3441
126881,3321
127014,3421
127196,3505
127387,3633
127616,3436
127812,3387
127901,3344
127934,3566
128078,3492
128895,3252
129040,3162
129075,3460
129161,3220
129219,4176
129488,3460
129633,3771
129795,3485
130018,3799
130062,4184
131391,3429
131594,3524
131616,3596
131723,3537
131841,3509
132202,3717
132327,3260
132620,3791
132658,3276
132754,3488
132914,3563
133071,3707
133110,4023
133161,3736
133275,3673
133364,3633
133647,3863
133675,3963
133836,3970
133953,4000
134086,4117
134345,4484
134501,3982
134656,4032
134847,3892
135513,4151
135671,3942
135717,4026
135951,3882
136264,4026
136603,3553
136640,3878
136818,3707
136964,4099
137024,4112
137170,4018
137286,4446
137406,4426
138260,4701
138280,3727
138402,3885
138527,4047
138574,4109
138865,3884
139071,4303
139238,4182
140170,3461
140342,3444
140589,3599
140610,4026
140795,3803
140941,3644
141161,3608
141335,3824
141404,4435
141475,3468
141616,3692
141770,4208
141879,3905
141891,4974
142018,4781
142104,4392
142889,4086
142910,4171
143060,4192
143189,4145
143451,4137
143489,4100
143636,4006
143757,3931
144336,4079
144360,3759
144479,4077
144689,3777
145512,3772
145681,3531
145819,3548
145876,3796
146009,3485
146030,3565
146162,4678
146183,3887
146200,4806
146621,3975
146886,3761
148517,2902
148638,3006
148720,3177
148869,3653
149064,3678
149191,4056
149343,4625
149464,4562
149700,4417
149846,4940
150003,5113
150147,5361
150181,5275
150434,4608
150680,4492
151086,4509
151140,3383
151264,3411
151359,3406
151484,3379
151599,3360
151787,3265
151925,3244
152042,3217
152169,3192
152309,4074
152350,3888
152430,4266
152540,4216
152569,4061
152665,4120
154195,4417
154230,4783
155248,3570
155562,3503
156406,3652
156464,3430
156625,3363
156814,3413
157027,3351
157244,3840
158243,3414
158685,3049
158842,3181
159077,3050
159233,4167
159248,4226
159306,3756
159374,3855
159605,4187
159819,4289
160047,3726
160240,3900
160292,4442
160412,3746
160552,3818
160587,3782
160652,3903
160786,3865
161057,3956
161341,3953
161469,3777
161581,3827
161764,3769
161999,3813
162194,4081
162213,4249
162360,4165
162504,4767
162576,4177
162729,4491
163259,4394
163499,4205
163636,4148
163928,4002
163975,4070
164170,4079
164196,4232
165119,4384
165198,4286
165340,4281
165481,4284
165629,4281
165657,4466
165816,4404
165861,4499
166109,4471
166142,4592
166367,4456
166610,4266
168216,3584
168278,3316
168414,2968
168567,2880
168604,3273
168747,3181
168780,3188
168884,3575
168911,3363
169026,3581
169155,4032
169366,6180
170426,5230
172831,4004
173014,3086
173272,3462
173473,3202
173504,3415
173646,3137
173804,3169
173956,3288
174110,3281
174273,3225
174368,4014
174484,3490
174542,4614
174625,3453
174683,4951
174738,4847
174783,4627
174827,4105
175063,3769
175217,5438
175716,3813
175949,4211
176171,4078
176391,4392
176536,4302
177071,3952
177391,4035
177565,6085
177653,4191
177808,4592
177823,4198
177985,4134
178151,4312
178168,4532
178362,4544
178461,4380
178522,4448
178625,4395
178673,5286
178851,4918
178995,4718
179287,4576
179900,5048
180072,4420
180225,4846
180368,4175
180507,4380
180644,4429
180760,4708
180930,4587
181111,4408
181633,4138
181679,4245
182752,3909
183030,3723
183156,3686
183185,4233
183390,3815
183528,3754
183821,3866
183999,3896
184029,3881
184165,3912
184236,4339
184281,3873
185150,3722
185274,3544
185975,3224
185992,3103
186164,3264
186336,4067
186461,3925
186485,3801
187251,3308
187553,3400
188473,3395
188736,3247
188903,3168
188928,3246
189041,3666
189231,3417
189255,3575
189378,3649
189579,4273
189598,3678
189656,3807
189797,3899
189829,3774
190279,3964
191248,3761
191265,3493
191905,3370
192220,3952
192240,4020
192401,4250
192556,3526
192715,3689
192757,4167
192809,4361
193051,3448
193102,3486
193183,3503
193338,3724
194076,3347
194228,3612
194424,3167
194515,3739
194555,3961
194691,3691
194832,3667
194863,3860
195005,4148
195120,4412
195249,4504
197387,3171
197437,3074
197592,3654
197730,4430
197759,3287
197915,3841
198062,4025
198091,4087
198205,4122
198355,4121
198545,3980
198566,4111
198824,4154
198993,4052
199257,4025
199348,3811
200717,3118
200734,3335
200893,3594
200922,3711
201072,3676
201104,3907
201271,3542
201340,3454
201972,4523
202193,4586
202374,4348
202518,4153
202670,4161
203828,3146
203902,3105
203969,3760
204118,3602
204242,3914
204269,4367
204342,4504
204653,4244
204850,4094
204878,4153
205019,4522
205041,4182
205175,4349
205418,4584
205683,4406
207184,4156
207284,3518
207449,3777
207596,3665
207754,3649
207917,3632
208076,3675
208194,3997
208207,4048
208363,4129
208667,3883
208689,3976
208837,3961
208998,3883
209123,3858
209265,4027
209378,3863
209657,3769
209736,3621
209876,3996
209997,4375
210144,4129
210956,3803
211283,3456
211495,3615
211584,4488
211789,4198
211812,3941
213067,3191
213083,3330
213229,3313
213346,3161
213526,3465
213551,3538
213615,3794
213825,3630
213914,4454
214218,3733
214367,3722
214509,3655
214537,3928
214669,4484
214783,3675
214806,3922
215290,3491
215604,3600
216703,3085
216867,3387
217064,3745
217215,3180
217271,4631
217467,2981
218186,3772
218527,3617
218566,4385
218768,4341
218818,3584
218888,4286
218981,3555
219001,4279
219287,3762
219373,3939
219394,3605
220285,3574
220846,2832
220906,2886
221058,3494
221092,3161
221238,3173
221264,4073
221641,3149
221693,3989
221829,4116
221861,4957
222176,3794
222975,3631
224149,3025
224346,3238
224518,3603
224593,3181
224748,3115
224828,3134
225083,2988
225550,3296
225735,3389
225750,3761
226049,3416
226077,3856
226233,4130
226457,4097
226677,3767
226860,3785
227018,3945
227141,4003
227254,4197
228245,3251
228416,3158
228535,3116
228678,3066
228889,3335
228944,3676
229090,3480
229181,3514
229209,3721
229447,4168
229485,4337
229504,4900
229587,4147
229711,4392
229860,4387
230028,4939
230156,4862
230482,4045
232322,3470
232348,3535
232536,3427
232764,3921
232777,3684
232919,3594
233159,3792
233332,4337
233374,4044
233523,4087
233777,3981
233931,3883
233996,3850
234158,3755
234178,4110
234278,4000
234717,4426
234738,3445
234891,3507
235042,3645
235192,3627
235233,4475
235335,3652
235548,3611
235712,4500
235853,4418
236010,4488
236140,4308
236435,4111
236573,4021
238329,3065
238488,3236
239239,3332
239361,3877
239379,3462
239534,4005
239673,4236
239802,3732
239919,3938
239968,4324
239992,4131
240144,4261
240321,4109
240443,4115
241522,3255
241692,3270
241873,3421
241898,3275
241984,3400
242053,3428
242185,3385
242413,3543
242584,3621
242725,3535
242767,3205
243034,3405
243352,4054
243352,4261
243625,4254
243660,4040
243791,4457
243957,4519
244154,4375
245601,3335
245630,3392
245794,3350
245997,3249
246018,3737
246171,3642
246395,3468
246468,4358
246516,3476
246631,3453
246772,3441
246896,3758
247041,3666
247185,3571
247402,3576
247715,3354
247784,3396
247942,3828
248083,4601
248291,4935
248313,3304
249509,3099
250568,5628
250666,6940
250933,6150
251053,6112
251160,6098
251335,3370
251352,6203
251496,4047
251647,6430
251739,3751
251881,3188
251902,3884
252047,5781
252065,4365
252199,4035
253382,3265
253577,3568
253723,3749
253910,3511
254035,3487
254150,3801
254293,4268
254532,3558
254784,3600
254879,4108
255035,3944
255176,3748
255207,3776
255325,4154
255392,3890
255550,3921
255619,4017
255897,4110
256745,4035
256958,4125
257737,3676
257938,3612
258785,4294
259010,4018
259130,4023
259134,3635
259264,3983
259323,4057
260649,2944
260908,2914
260931,2893
261127,3089
261153,3377
261280,3887
261385,3417
261425,3691
261589,4388
261667,4463
261727,4597
261826,4431
261992,4392
262031,4318
262853,3771
262868,3846
263011,4011
263166,3866
264042,3417
264064,3342
264235,3277
264254,3536
264370,3653
264409,3432
264549,4514
264580,4186
264682,4910
264860,4282
264879,4600
265052,4343
265185,4285
265313,4271
265476,4654
265578,4815
265658,4707
267136,3498
267287,3665
267568,3309
267718,3760
267863,3801
267914,3706
268036,3494
268237,4010
268352,3387
268591,4397
268753,3674
268902,3796
269206,4169
269507,4109
269628,3795
269633,4115
270935,3956
271126,3651
271149,3461
271221,3469
271294,3576
271398,3390
272478,2891
272509,2999
272637,3075
272807,3625
272834,4593
272971,4519
273102,4439
273239,4350
273451,3805
275114,2993
275267,3286
275408,3247
275554,3175
275571,3417
275706,3231
275754,3341
275907,4098
275925,4482
276053,4201
276093,4421
276147,4938
276251,4700
276353,5189
276503,4750
276525,4504
276659,5118
277437,4546
277585,4341
277814,3972
278903,3267
279032,3416
279181,3211
279202,3652
279350,3451
279370,3309
279518,3236
279537,3472
279685,3410
279713,3523
279825,4748
280035,4389
280054,4837
280283,4666
280336,4659
280626,4615
280791,4500
283061,3007
283187,3100
283370,3140
283544,3277
283673,4091
283881,4484
284045,4963
284065,2833
284218,3264
284371,4008
284503,4061
284643,4964
284978,4674
285082,4192
285167,4510
285287,4569
285720,4247
286769,3312
286924,3212
287139,3264
287331,3237
287358,3804
287463,4138
287556,3751
287584,5041
287704,3849
287778,4148
287882,4081
287935,4904
288077,4968
288093,4604
288348,4492
288646,4737
288819,4739
289115,4538
289240,4565
289485,4411
290603,3347
290758,3479
290842,3955
290920,3570
290979,3612
291091,4810
291370,3980
291390,4067
291652,4071
291670,4157
291807,4702
291955,4402
292660,4700
292874,4519
292941,4430
293065,4355
293132,4339
293178,4320
293291,4628
294774,4278
295015,6750
295313,7405
295382,7988
295534,9601
295553,9689
295691,10014
295754,10122
295931,10091
295958,10159
296098,10562
296117,10482
296249,10407
296362,10820
296395,10365
296568,10503
297504,9723
297669,9722
298721,8764
298908,9140
298930,8811
299073,8817
299207,8839
299225,9146
299356,9010
299386,9580
299523,9191
299560,9328
299706,9424
299725,9514
299859,11169
299886,10222
299993,10293
300033,10197
300130,10664
300208,10205
300411,10096
300564,10033
300785,9901
300973,9790
301132,9945
301720,9412
301816,9419
301912,9445
302034,9393
302146,9454
302288,9536
302495,9206
302761,9184
302904,9195
302924,9430
303024,9388
303104,9488
303169,9613
303223,10244
303416,11094
303451,11128
303638,11021
303756,10980
303962,10827
304211,10669
304252,10742
304365,10746
304398,10994
304784,11105
305027,12390
305213,12181
305813,11873
305934,11662
306937,10814
307571,10262
307723,10162
307871,10111
308086,9969
308166,9981
309480,8769
309503,8900
309638,9401
309775,10070
309810,10693
309940,10199
309983,9950
310126,10003
310807,9516
310952,9458
311135,9326
312169,8837
312352,8159
312540,8070
312708,8402
312828,8536
312945,8485
313149,8393
313625,7860
313700,7936
313868,7726
313989,7655
314130,8598
315130,7836
315173,7707
315547,7466
315704,7359
315762,7618
315907,7534
316368,7146
316513,6964
316540,7020
316672,7018
316700,7812
316807,6992
316934,6954
317069,8278
317243,8348
317449,8080
317590,8190
318956,6740
319106,6718
319125,6759
319226,6734
319277,7997
319434,7610
319595,7618
319720,7387
319864,7288
319968,7426
319982,7382
320142,7331
320335,7327
320656,7072
320776,7109
320925,7036
321116,6972
322344,6293
322397,6424
322523,6509
322551,6446
322714,6403
322757,6503
322893,6567
323066,6513
323185,6529
323347,6446
323491,6370
324333,5643
324569,5569
330842,2822
331018,2808
331178,3298
332274,2988
332745,2910
332798,3210
332925,3005
332957,3102
333112,3160
333259,4781
333366,3081
333528,3211
333690,3226
333864,3215
334005,3284
334154,3221
334231,3978
334337,3823
334474,3782
334621,3708
334814,3296
334830,3428
335171,3223
335386,3159
335663,3595
335810,3582
335940,3548
336083,3714
336204,4065
337736,4750
337753,3226
337874,4665
337897,3360
338684,2873
338739,2976
338899,3251
338917,3579
339068,3377
339137,3453
339351,3504
339517,3887
339538,3979
339942,3979
340109,3822
340412,3043
340806,3333
340989,3140
341136,3087
341276,4982
341562,2884
341785,4407
342015,4422
342186,4273
342321,4412
343092,3095
343344,3227
343656,3219
343682,2902
344162,2889
344348,2947
344505,3302
344565,3594
344622,3940
344822,3690
344931,4242
345361,3489
345399,3556
345434,3037
345578,3029
345711,3015
346711,2937
346890,3036
347294,4297
347361,3119
347386,3422
347524,3350
347572,3661
348190,3467
348973,3719
348996,2966
349159,3027
349361,3095
349519,3126
349715,3657
349739,3071
349766,3200
349907,3535
350081,3361
350390,3358
350538,3311
350668,3284
351779,3112
351821,3447
351967,3819
352106,3732
352275,3615
352523,3898
352706,3766
352857,3663
353013,3554
353472,3338
353894,3043
354707,3089
354926,3314
354949,3338
355102,3824
355141,3577
355288,4475
355644,3556
355687,3883
356011,4094
356194,3801
356593,3505
357067,3152
357505,3260
357661,3587
357810,3387
358034,3188
358190,3228
358323,3714
358333,3950
358442,4036
358499,3903
358555,3992
358627,3897
358766,3811
358793,4137
358926,4123
359602,4031
359801,3882
359926,3976
360072,3891
360990,3554
361473,3593
361577,3422
361720,3388
362083,3756
362124,3677
362372,3578
362575,3535
362805,4301
362999,3715
363205,3564
363275,4516
363334,4035
363350,3890
363453,4114
363511,3885
363651,3982
363725,4463
363859,4113
364605,4006
364830,3833
365050,3661
365185,3580
365500,4028
365515,4087
366429,3544
366726,3635
366802,3659
366943,3614
367144,3497
367405,4218
367450,4329
367604,4262
367724,4536
367751,4803
367889,4920
368030,4729
368048,4723
368179,4645
368377,4595
368950,4162
369257,4406
369599,4227
369768,4158
369811,4831
369888,3990
370058,4378
370573,3517
370752,3424
370793,3494
370944,4142
370967,3819
371068,3815
371122,3868
371438,4417
371599,4312
371732,4351
371892,4288
371923,4414
372045,4380
372588,4822
372880,5179
373235,4659
373709,3962
373896,3911
374266,4057
374475,3612
374782,3703
374926,3660
375113,3744
375267,4265
375324,4105
375483,3998
375695,3962
376385,3948
376556,3917
376712,4551
376980,4201
377046,4584
377154,4527
377241,3453
378465,3265
378589,3269
378746,3982
378869,3807
378907,4095
378960,3819
379085,4908
379228,4823
379278,4177
379740,4513
379839,4412
379883,4223
379963,4464
380015,4188
380158,3996
380275,4226
380436,3967
381411,3141
381591,3095
381742,3220
381914,3253
381960,3385
382117,3504
382241,3371
382591,3294
382833,3319
382925,3328
383042,3758
384410,3175
384583,3162
384707,3123
384959,3094
385911,3451
385940,3801
386291,3293
386633,3131
386788,3024
386929,2947
386991,2996
387153,3471
387157,3434
387346,3584
387760,2983
388039,2942
388152,3972
388244,3467
388282,3626
388327,3026
388465,3019
388564,3690
388750,3408
388780,3570
390135,5305
390184,2974
390386,3043
390666,2920
390963,2887
391173,3015
391240,4518
391355,4502
391509,4154
391550,3701
391675,4131
391816,5097
391964,4939
392930,4332
393637,3523
393656,3181
393839,3319
393917,3295
393934,3739
393981,4473
394033,4474
394089,4493
394134,4512
394176,4930
394255,3179
394260,5068
395585,3500
395871,3689
396042,3617
396211,3494
396376,3792
396537,3713
396991,3410
397492,4218
397519,3276
397739,3233
397855,4096
398045,3956
398072,3315
398204,3655
398482,3316
398639,3249
398794,3635
398900,3719
399137,3534
399156,3526
399353,4020
399372,3733
399570,4236
399708,4160
400386,3703
400552,3587
401263,3513
402742,2955
402914,3236
402941,4050
403090,4079
403227,3856
403250,3841
403454,3926
403479,4275
403636,3735
403664,4172
403709,4299
403906,3690
403932,3749
404182,3913
404395,3775
404539,3927
404741,3825
405951,3672
405975,3871
406254,4754
406531,3146
406744,3304
406926,3460
407129,3982
407406,4015
407427,4068
407581,3973
407785,3863
408747,3020
408864,3301
408879,3106
409019,3198
409473,2925
409677,3713
409875,3564
410013,3439
410131,3530
410276,3786
410436,3607
410560,3252
410569,3333
410705,3651
410848,3589
411900,3126
412048,3045
412072,3495
412228,3492
412352,3600
412578,3171
412792,3615
413156,3601
413488,3602
413511,3515
413723,3642
413883,3594
414079,3390
415208,3629
415233,3127
415763,3132
416021,2939
416174,3118
416345,3243
416468,3401
416600,3371
416786,3271
416927,3393
417114,3560
417164,3606
417250,3709
417368,3521
418385,3104
418645,3123
418682,3180
418826,3248
419006,3167
419069,3210
419123,3234
419219,3706
419356,3619
419487,3684
419621,3601
419737,4155
419895,4089
420057,4074
420185,4027
420513,3832
420651,3867
421162,3406
422154,3510
422292,2896
422348,2897
422719,3200
422743,3305
423004,3397
423040,3651
423165,3733
423317,3211
423339,3272
423499,3681
424116,4211
424247,4004
424403,4040
426128,3265
426184,3421
426368,3342
426528,3345
426728,3181
426771,3251
426946,3254
426960,3273
427173,3119
427351,3253
427419,3576
427939,2899
428085,3001
428123,3391
428250,3335
428353,3345
428523,3350
429083,4167
429211,4275
430483,3346
430677,3205
430829,3235
431027,3433
431187,3374
431347,3411
431416,3421
431675,3399
431711,3514
431830,3966
432011,3548
432069,3779
432240,4014
432344,3492
432944,3534
433089,3504
433291,3782
433322,3605
433640,3849
433749,3846
434866,4207
434888,4324
435038,4011
435114,4079
435259,4704
435281,4679
435398,4510
435475,4880
435627,4783
435898,4362
435918,4453
436069,4527
436095,4408
436293,4353
436933,4213
437575,3451
438075,3352
438246,4677
438383,3923
438538,3115
438567,3937
438704,3378
438725,3975
438883,3386
438907,3845
439361,3765
439525,4471
439685,4716
440026,4174
440562,4041
440741,3096
441207,3017
441229,3192
441345,3697
441559,3563
441702,3512
441843,3941
441991,4148
442137,4055
442337,4363
442536,4216
442560,3536
444026,2984
444042,3614
444224,3185
445068,3082
445251,3002
445289,3499
445816,3175
445978,3198
446232,3310
446257,3637
446390,2771
446542,3150
446749,2904
446889,3279
446914,3656
447045,3632
447227,3401
447265,4370
447689,3287
447708,3188
447965,3279
449723,2810
449936,3192
449971,3229
450099,3559
450287,4269
450677,3713
450811,3276
450989,3470
451107,3401
451242,3725
451471,3258
451535,3339
451740,3333
451758,3409
451900,3793
451927,3582
452146,3436
453712,3273
453880,3528
454029,3462
454180,3546
454632,4179
454740,4263
454881,4310
455018,4178
455172,4076
455391,4010
455572,3865
455645,3810
455799,4055
455921,3809
455940,3847
456144,3924
456333,3865
456504,3753
456664,3698
457025,3939
457054,3755
457189,3682
457197,3828
457605,3481
458135,3793
458289,4078
458398,3851
458648,3894
458842,3968
459031,4111
459273,3919
459466,3808
459495,4167
460272,4228
460380,3818
460541,3732
460567,4245
460778,3803
461013,3634
461160,3594
461340,3909
461488,3867
461633,3772
461769,3763
461787,3936
461936,3844
462072,3937
463069,3118
463227,3356
463351,2921
463498,3164
463725,4000
464371,3781
464648,3129
464838,3261
464993,3789
466397,2895
466418,3124
466596,3065
466743,3230
466886,3484
467033,3440
467112,3217
467161,3263
467279,3390
467821,2983
467956,3256
468247,3663
468727,2861
468920,3055
468958,3174
469164,3379
469349,3382
469495,4101
469583,3432
469722,3496
470123,3766
470400,3250
471350,2977
471514,3238
471746,3087
471778,3167
471939,3200
472097,3135
472250,3465
472267,4001
472564,3159
472583,3229
472812,3693
473429,3170
473720,2870
473916,2857
474055,3357
474202,3166
475864,3211
475931,3070
476125,3211
476371,3255
476564,3115
476720,3030
476848,3064
477010,3415
477052,3188
477160,3322
477181,4073
477296,3395
477463,3471
477631,4037
477746,3370
477895,3450
478031,3379
478045,3723
478183,3706
478215,3487
478449,3431
478601,3771
478800,3655
479123,3673
479159,3468
480042,3464
480086,3394
480246,3285
480516,4077
480558,4832
481293,4641
481478,4307
481713,4021
481860,4122
481995,3891
482027,3811
482126,3711
482219,3998
482385,3702
483308,3012
483347,3525
483563,3014
483586,3127
483727,3209
483768,3216
483919,3939
483959,3447
484083,3374
484134,3669
484289,4299
484350,4147
484629,3747
484962,3470
485473,4171
486400,3662
486559,3663
486710,3728
486767,3755
486974,3692
487182,3871
487192,4500
487373,3919
487518,3854
487581,3858
487648,4229
487928,5305
488063,4197
488080,5210
488684,4188
488823,4549
488955,3867
489138,4278
489284,4283
489547,3971
489865,3849
489880,3672
491171,3864
491202,3231
491413,3167
491589,4801
491703,3871
491729,5386
491930,5155
492061,5359
492248,4330
492274,5328
492325,5035
492331,4152
492478,5132
493120,3779
493274,3715
494187,3341
495126,4120
495427,5083
495715,3404
495737,3905
495896,3119
496064,4542
496122,4947
496168,4521
496219,4841
496268,4714
496368,4135
496549,4007
496727,3527
496733,4048
496899,4111
498104,2979
498281,3695
498354,5391
498381,3566
498603,3424
498762,3322
498915,4099
499082,3679
499354,3357
499734,3333
499904,3772
500083,3729
501204,3328
501371,3107
501560,3841
501651,3525
501803,3650
501822,3716
501996,3643
502120,3857
502132,3717
502530,3533
502550,3877
502696,3680
502846,3631
502863,4296
503326,3824
503369,3790
503515,3839
503801,3662
503937,3987
503955,4123
504262,3995
504611,3791
504642,3954
504806,4333
504945,4251
506162,3911
506190,4466
506327,3820
506544,3984
506811,4007
506841,4097
506980,4037
506990,4097
507172,4007
507199,4189
507353,4090
507508,3986
507641,4369
507757,4470
507775,4627
507892,4629
508037,4783
508422,4147
508727,4288
508946,4707
508966,4750
509204,4324
509348,4520
509603,4215
509817,4372
509836,4446
509972,4483
511143,3499
511538,3161
511691,3369
511731,3498
511828,3575
511857,3632
511955,4601
512120,5133
512262,4940
512313,4481
512444,4471
512628,4556
512672,4704
512817,4555
513027,5401
513163,5396
513331,5233
513546,5109
513896,4933
514469,4424
514497,4452
516120,3082
516363,3645
516389,4286
516559,4277
516622,4011
516719,4342
516879,4120
517013,4096
517038,4380
517513,3822
517678,3790
517839,3765
517993,4073
518162,4262
518696,3736
519187,3391
519370,3468
519655,3418
519857,3319
520002,3486
520164,3252
520503,3604
520705,3379
520841,3354
521046,3698
521170,3672
521380,3696
521519,3958
521718,3961
521743,3793
521897,3968
521915,4181
522074,4187
524856,3256
524898,3731
525046,3654
525166,3590
525178,3651
525284,3815
525400,3847
525526,3849
525740,3688
525933,3576
526348,3592
526581,3860
526748,3640
526896,3743
527648,3380
527804,3276
527927,3614
528149,4235
528325,3573
528702,4251
528865,3839
528890,4096
528981,4054
529092,4011
529167,3997
529335,3907
529461,4051
529674,3905
529777,3786
530085,3718
530115,3838
530470,3578
530652,3737
530659,4004
530858,4132
530904,4133
531027,4175
531168,4472
531377,4313
531513,4226
531631,4336
531744,4707
533135,3505
533413,3385
533631,3532
533758,3662
533933,3470
534111,3381
534288,3367
534559,3351
534708,3268
534824,4411
535064,4644
535239,3775
535348,3824
535532,3633
535796,3492
536006,3449
536144,3564
536400,3763
536492,3570
536647,3467
538034,2802
538185,2778
538375,2893
538597,3265
538974,3928
539229,3783
539543,3708
539787,3734
539866,3728
539912,3670
540006,3688
540156,3645
540199,3836
541131,4127
541282,4138
541339,4138
541363,3637
541496,3654
541654,3702
541685,3984
541821,3773
541898,3985
542052,3804
542189,3854
542394,4053
542410,4144
542554,3992
542734,4209
543072,4480
543098,4145
543851,3802
543885,3872
544099,3606
544282,4844
544358,4082
544508,4020
544630,4037
544743,4067
544984,4133
545107,4557
545182,4317
545386,4166
545534,4276
545672,4234
547050,3651
547071,3806
547218,4555
547378,4717
547397,3876
547547,3840
547710,4327
547859,3754
547876,3826
548018,3793
548032,3882
548897,3328
548922,3244
549118,3471
549280,3770
549354,3810
549477,3740
549617,3750
549763,3655
549931,3580
549949,3662
550124,3688
550275,3977
552053,2850
552238,3749
552372,2958
552507,3343
552633,3166
552655,3418
553393,3253
553533,3575
553654,3116
553807,3061
553945,3247
554289,3065
554499,2997
554823,3395
554858,2774
555016,3987
555159,3447
555192,3587
555478,3378
555737,3346
555905,3282
556016,3402
556142,3631
556249,3732
556672,3208
556907,3181
557695,2820
557717,3029
557903,3437
557925,3324
558055,4000
558247,3544
558344,3985
559031,3754
559219,4074
559242,3620
559403,3531
560539,3296
560609,3060
560776,3162
560908,3945
561083,3891
561166,3447
561261,3808
561351,3648
561384,3778
561501,3863
561635,4057
561820,3769
561952,3991
562017,5320
562159,5360
562229,3969
562356,5214
562490,5127
562618,4819
563408,3690
564120,3970
564291,3851
564375,4309
564435,4078
564477,4113
564512,4225
564551,5411
564671,3535
565662,3914
565829,4019
566008,4016
566014,3885
566171,3941
566349,3940
566500,4386
566655,4338
566810,4234
566959,4148
567140,4086
567162,4010
567491,3957
568676,3003
568877,2898
569022,2834
569181,2925
569233,3909
569484,3745
569683,3277
569731,3551
569995,3689
570134,3691
570254,3773
570617,3718
571940,2921
572137,2916
572387,2837
572903,3222
573034,3349
573184,3284
573691,3621
573863,3325
573904,3266
574056,3164
574096,3270
574219,3202
574381,3152
574531,3275
575305,2906
575371,2872
575522,2932
575541,3073
575659,3108
575742,3156
575798,3252
575926,3596
575962,3608
576064,3768
576191,3727
577284,3084
577612,3340
577802,3329
577871,3765
578027,3798
578878,2864
579064,2964
579095,3094
579235,3632
579382,3603
579568,3350
579692,3341
580177,3196
580355,3237
580480,3261
580611,3477
580731,3488
580913,3295
581056,3324
581359,3516
582535,4526
582705,5065
582947,4054
583084,3381
583118,3158
583272,4440
583381,5046
584029,4375
584483,3994
584576,3752
584978,3776
585224,4604
585379,4332
585394,4488
585464,4907
585520,4914
585569,5328
585619,5863
585663,6016
585707,6157
585751,6287
585795,6510
585879,6647
585930,7320
585980,7424
586025,7550
586789,4260
586951,4282
587093,5013
587239,5142
587389,4925
587522,4914
587659,4830
587801,4884
587935,6644
588066,5522
588957,4569
589042,5211
589190,5011
589646,5183
589848,4618
590033,4546
590187,4459
590331,4410
590462,4384
590615,4642
590651,4818
590739,4786
591769,4734
591921,4639
592134,4645
592664,4237
592792,4372
592908,5605
592946,5639
593017,5116
593666,4654
593853,5005
594857,3705
595889,3057
596057,2981
596147,3020
596361,3290
596552,3179
596610,3250
596716,3335
596888,3214
597007,3143
597232,3293
597364,3290
597392,3806
597568,4062
597603,4079
597724,4077
597860,4031
598214,4110
600059,3123
600214,3298
600309,3346
600468,3391
600591,3355
600734,3370
600777,3748
600951,3721
600980,3540
601125,3623
601247,3596
601266,3935
601339,3608
601456,3721
601570,3806
602048,3546
602474,3048
602628,3138
602650,3224
602833,4134
602848,3943
602988,4619
602992,3852
603022,3613
603289,3960
605029,3352
605256,3325
605433,3242
605659,3475
605819,3627
605972,3524
606034,3737
606098,4280
606120,4304
606230,4755
606431,4157
606661,4060
606809,4316
607004,4077
607024,4392
607099,3783
607811,4207
607963,3862
607990,3433
608199,3526
609049,3144
609250,3581
609269,3412
609368,3366
609601,3296
609624,3355
609763,3753
609814,3437
611200,3591
613057,3181
613079,3256
613322,3458
613368,3707
613535,3375
613553,3456
613636,3461
613711,3557
613746,3611
613872,3961
614044,4213
614064,3920
614137,4249
614331,4318
614388,4251
614535,3739
614581,3796
614720,3980
614803,4106
614852,4159
614984,4116
615024,4444
615228,4454
615335,4266
615633,4138
615649,5039
615805,5162
616213,4715
616364,4685
616484,4652
616616,4571
616745,5108
616895,4738
617104,4837
617148,4655
618077,4642
618099,4813
618327,4826
618470,4662
618490,4907
618673,4803
619399,4734
619527,4657
619671,4745
619834,4635
620070,4517
620243,4433
620415,4785
620768,4392
622187,3355
622343,3308
622481,3259
622533,3364
622581,3419
622949,4455
622992,3654
623195,3600
623211,4244
623455,3603
623604,3559
623723,4212
623782,4283
623828,4291
623923,3863
625972,2799
626151,2848
626167,2998
626426,3056
628225,3503
628619,3180
629665,2905
629754,4040
629844,2822
630021,3706
630100,4669
630382,2843
630390,3391
631020,2892
631169,2944
631199,3663
631366,3546
631935,3514
632143,3359
632498,3777
632652,3718
632841,3580
632987,3513
633128,3848
633549,3654
633570,3376
633725,3670
633864,3578
634009,3952
634155,3984
634175,4150
634272,4359
634425,4338
634444,4815
634545,4772
635078,4386
635207,4511
635936,4401
635977,7924
636086,7572
636116,8949
636228,8901
636349,9073
636538,9520
636811,9345
637017,9356
637416,9057
637764,9117
637987,8947
638341,8946
638479,8974
638864,8712
639069,8559
639663,8032
639806,7952
639826,8066
639999,8105
640016,8470
640173,8521
640205,8330
640330,8228
640449,7979
640482,8124
641079,7930
641237,7525
641407,7338
641584,7252
641594,7338
641745,7295
641898,7262
642059,8480
642109,8264
642513,8235
642680,8708
642850,8591
643013,7712
643180,7643
643366,7558
643374,8175
643554,7613
643727,7720
644010,7385
644188,7307
644371,7297
644538,7265
644712,7177
644873,7978
645245,7729
645668,7439
645832,7324
645849,7396
645962,7703
646103,7332
646585,7139
646724,7106
646917,6853
647240,8254
647341,8493
647517,8189
647656,8293
647939,8584
648252,8335
649820,6871
649962,6835
650135,7943
650375,7380
650388,7966
650539,7298
651816,6609
652550,5581
652694,5471
652942,5334
653049,5877
653219,5816
653409,5693
653552,5664
653701,5686
653848,5550
653868,5284
653938,5514
654067,5575
654197,5570
654334,5524
654346,5597
654603,5637
654871,6226
655029,5531
655242,5548
655328,5309
655507,5382
655629,5383
655784,5348
655886,5824
656237,5526
656259,5771
656599,5378
657273,4555
657728,5686
658214,4869
658339,4833
658510,4767
658691,4746
659012,4646
661495,3312
661518,3374
661675,3288
661816,3319
661877,3306
662144,3231
662167,3235
662364,3129
662385,3253
662486,3591
662573,3930
663209,3412
663475,3411
663497,3496
663620,3769
663786,3375
663997,3486
664016,3540
665723,2913
665743,3005
665900,3121
665953,3535
666113,2991
666267,3654
666325,4080
666613,3985
666636,3893
666756,4130
666918,4059
667039,4050
667232,3805
667261,3767
667570,3841
667741,3631
667855,4049
668020,4376
668141,4111
668270,3746
670034,2796
670202,4868
670357,2900
670604,3773
670702,3835
670765,3888
671991,3142
672154,3798
672276,3725
672977,3073
673155,3255
673279,3326
673399,3121
674110,3149
674251,3358
674404,3365
674430,3428
674567,3387
674705,3331
674763,3506
674909,3655
674949,3731
675366,3922
675520,3841
675640,3772
675779,3957
675868,3835
676063,3716
676348,4185
676384,3998
676523,3911
676667,3815
677916,3565
678094,3497
678127,3712
678290,3435
678717,3233
678739,3404
678994,3728
679116,3162
679230,3982
679325,3939
679440,3930
679519,4009
679909,3965
680035,3978
680178,3972
680272,4629
680336,4460
680487,4526
680708,3970
680730,4125
682157,3074
682549,4093
682589,2870
682735,2993
682804,4111
682858,3661
682944,3771
682995,4062
683011,3560
683243,3865
684165,3468
684275,3395
684506,3271
684609,3276
685553,3043
685851,3029
686013,3199
686171,3287
688011,3116
688051,3103
688142,3036
688205,3067
688362,3216
688430,3341
688465,3344
688738,3751
688941,3301
688972,3419
689061,3544
689118,3538
689253,5013
689344,3592
689488,3677
689621,3792
689758,3458
689891,3479
690020,3581
690202,3737
690454,3761
690772,4095
691392,3412
691575,3315
691785,3403
691944,3412
692122,3760
692294,3817
692534,3654
692669,4129
692846,4172
692973,4095
693015,4115
693147,4307
693264,4228
694176,3601
694397,3646
694440,3525
694592,3927
694711,4450
696412,3046
696577,3173
696871,3297
697047,3281
697206,3432
697338,3545
697528,3488
697628,3926
697925,3731
698029,3619
698055,4372
698175,3821
698240,4136
698294,3953
698409,4146
698539,3829
699232,3666
699249,4621
699374,3664
699528,3596
699545,3668
699712,4414
699881,4297
700021,4544
700179,4437
700838,3826
701067,3567
701095,3618
701239,3973
701257,5641
701375,4043
701548,3838
701828,4276
702029,4599
702077,4341
702152,4688
703275,4945
703347,5138
703494,4737
703676,4595
704246,4229
704462,3912
704646,3781
704814,3742
704986,4004
705068,3731
705878,3286
705909,3635
706021,3400
706189,3654
706259,3665
706363,3740
706405,4453
706443,4624
706463,3911
706688,3865
706808,3796
706932,4585
707053,4734
707662,4210
707827,4163
707961,4095
708601,3905
709085,3796
709250,3785
709378,3555
709793,3847
709889,3691
710042,3614
710187,3654
710224,3773
710389,3690
710396,3806
710552,4196
710702,3910
710889,4018
710908,3955
711045,3869
711244,3721
711353,3725
712061,3947
712272,3411
712345,3429
712645,3274
712693,3314
712811,3298
713031,3175
713158,3743
714175,3272
714324,3088
714927,2856
715509,3004
716065,2884
717025,3123
717846,3060
718049,2912
718198,3342
718364,3690
718564,3693
719044,3791
719350,3028
719521,3131
719732,3019
719756,3671
719855,3456
719942,3774
720121,3366
720257,3944
720517,3441
720667,3242
720732,3362
720901,3392
721044,3675
721062,3731
721203,3563
721362,3968
721575,3545
721747,3907
721886,4027
722089,3876
722195,3961
722517,3877
722676,3798
722872,3686
723007,4204
723547,3716
723566,4086
723715,3794
724234,3637
724557,3465
724732,3383
724893,3903
724917,3978
725152,3796
725422,3575
725442,3661
725691,3942
725711,4011
725910,4305
726576,3703
727037,3485
727064,3566
727204,3468
727362,3702
727380,3378
727408,3572
728198,4074
728218,3430
728326,3479
728518,3573
728634,4017
728682,4066
728860,3844
728993,3797
729125,3828
729145,4087
729235,3914
729536,3968
729989,3566
730936,2916
731126,3102
731263,2880
731284,3156
731530,3178
731698,3302
731866,3344
732348,3493
733981,3171
734170,3066
734371,3183
734518,3267
734550,3132
734733,3234
734961,3162
735042,3319
735197,3224
735365,3147
735379,3274
735520,3232
735539,3314
735678,3688
735714,3779
735894,3753
736265,3533
736675,3487
736868,4472
737026,4638
737187,4396
737599,4362
738171,4006
738234,4195
738351,3191
738507,3693
738657,3633
738877,3669
738887,3763
739023,4005
739038,3851
739182,3921
740332,3069
740376,3686
740587,3050
740752,3149
740910,3188
741065,3263
741323,3089
741666,2951
741843,3078
742221,3182
742653,3116
742856,3311
743306,3241
743463,3159
743624,3209
743764,3667
743904,3585
744260,4587
744364,3214
744486,3542
744623,4476
744977,3923
745608,3867
745756,3783
745871,3659
745999,3220
746142,3351
746259,3305
747098,2785
747544,3286
747699,3215
747832,3167
748062,4398
748130,3433
748231,4153
748254,3399
748365,3675
748373,3906
748924,3648
749294,3484
750087,3072
750268,3119
750284,3433
750704,3084
750865,3022
751033,3828
751052,3515
751176,3760
751194,3617
751329,3677
751477,3773
751666,3690
751976,3817
752815,3117
752865,2992
752983,3152
752997,3295
753475,3419
754004,2996
754154,3360
754220,3412
754475,3233
754605,3199
755405,2848
755584,3056
755638,3127
755765,3071
755901,3659
756001,3660
756151,3560
756363,3475
756505,3967
756710,3928
757056,3470
757177,3510
757906,2851
758087,2867
758117,2926
758243,2892
758596,2908
758681,3022
758829,3324
758995,3382
759021,3584
759223,3937
759408,4026
759591,3732
759731,3871
761353,2858
761515,3058
761657,3104
761802,3829
761833,3545
761993,4070
762016,3668
762194,3921
762213,3623
762426,6275
762445,4176
762615,4231
762673,4193
762799,4489
764775,4203
764815,4314
764943,3752
764966,3818
765009,3972
765038,4503
765233,3968
765416,4112
765558,4152
765693,4163
765883,4047
765902,4294
766080,4162
766144,4123
766293,4410
766366,4252
766687,4429
766707,4532
766883,6208
766901,4453
766976,4454
767213,4564
768005,3823
768170,3706
768364,4414
768796,4083
769342,4354
769625,4647
769978,3986
770025,4136
770294,4296
770463,4261
770479,4293
770752,4132
770798,4358
770872,4194
770959,4276
771128,4558
771272,4562
771460,4515
771602,4558
771651,5123
771784,5245
771898,5470
772096,4882
772146,4600
772357,4538
772390,5246
772655,6622
773214,4233
773346,4196
773540,4084
773991,3989
775166,3213
775466,3306
775664,3617
775815,3924
775932,3590
776375,4093
776379,3959
776525,4051
776803,3775
777061,3658
777240,4033
777407,3706
777669,3722
777812,3783
777957,3882
778095,3794
778245,4424
778734,4201
778926,3841
778961,3426
780721,4085
780895,4499
780920,3479
781063,4382
781181,4185
781368,3571
781510,3654
781645,3612
781652,3593
781821,3674
781986,3674
783397,3252
783627,2924
783800,2954
784195,3472
784480,2769
785429,3237
785666,3058
785731,3106
785990,3178
786023,3481
786211,4079
786348,3410
786385,5021
786725,5194
786938,4631
787235,4512
787535,4267
787554,4066
787724,4127
787762,5222
787910,5021
788028,3794
788160,3711
788182,3588
788218,4922
788247,4788
788276,4929
788362,3539
788510,3440
788816,3544
789070,4198
789309,4203
789594,3830
789745,3630
789828,3737
789921,3622
793576,2846
794177,3188
794339,3425
794555,3514
794720,3892
794881,3799
795279,3110
795523,3016
795667,3063
795814,2964
795977,4141
796134,3782
796281,3688
796395,3886
796520,3500
796555,3614
796586,3969
796624,2880
796767,3049
796927,3581
797061,4071
797177,3778
797574,3801
797863,3742
798149,4018
799219,3881
799544,3054
799712,3795
800099,3264
800252,3396
800410,3365
800567,3426
800679,3849
800689,3491
800801,3535
800828,3790
800976,3853
801010,3828
801145,4044
801149,4391
801321,4166
801417,5117
801460,4203
801674,4243
802396,4085
802404,4222
802533,4157
802715,4065
802750,4079
802841,4113
803443,4171
804149,3528
804358,3265
804380,3773
804650,4480
804674,3899
804880,4495
804903,4241
805033,4462
805057,4318
805222,4415
805389,4344
805589,4217
805749,4164
805928,4081
806115,4034
807160,3089
807428,4039
807734,2835
807885,2778
808267,3663
808362,4132
808515,4019
808662,3818
808781,4160
808821,4069
810258,3841
810742,2926
810771,2912
810897,2894
811084,2792
811145,2930
811293,3116
811667,3341
811731,4025
811965,4322
812142,3380
812207,3397
812360,3331
812576,3628
812727,3621
812774,3225
812898,3187
813020,3192
813203,3166
814235,2911
814705,5276
814849,5193
814872,3381
815032,3707
815222,4345
815908,3224
816272,3525
816382,3355
816401,4056
816544,4014
816678,3726
817525,3663
817679,3772
817729,3823
817784,3913
817836,3966
817893,4122
817945,5746
818009,6136
818068,6214
819114,3010
819269,4472
819533,3381
819701,3665
819858,3567
819979,3498
820237,4590
820588,4311
820610,4115
820738,4479
820755,4153
820953,4431
822511,3173
822678,3727
822721,4422
822802,3654
822870,3817
823097,4513
823120,5344
823224,4616
823494,4503
823526,4549
823818,4407
823846,4478
824026,4414
824354,4361
824566,4324
824752,4201
824933,4119
825841,3391
825971,3535
826123,3448
826154,3683
826244,3464
826338,3605
826388,3506
826641,3353
826780,3341
826898,3324
827025,3367
827175,3538
827321,3441
827962,4514
828138,4540
828292,4435
828497,4280
829598,4039
829797,3681
829952,3753
830102,4307
830249,4632
830506,3973
830537,4253
830654,4116
830873,4109
830949,4428
830991,4155
831089,4287
831377,4475
831568,4800
833618,4208
833749,4096
833753,4005
833873,4850
833904,4113
834052,4577
834065,5156
834202,4914
834385,5253
834561,5202
834602,4915
834911,5555
835033,5325
835065,4912
835210,4979
835390,5002
835439,5169
835582,5124
835614,5194
835699,5210
835748,5310
835887,5222
836019,5519
836154,5463
836273,5425
836554,5244
836596,5303
836730,5277
836821,5307
836954,5226
837174,5262
837951,4967
838122,4900
838282,5651
838729,4236
838738,4429
838863,4360
838892,4663
839093,6638
839228,5571
839794,5151
839826,5964
840003,5875
841601,4127
841850,4185
841996,4127
842185,4034
842228,4377
842331,4755
842448,4587
842585,4558
842731,4255
842868,4267
843005,3931
843087,4611
843250,4303
844050,3754
844236,3729
844408,3681
844434,3746
844625,3746
844631,3829
844889,3694
845057,3983
845224,3858
845399,3749
845559,4063
847216,4051
847546,3177
847754,3846
848147,3537
848249,4864
848377,4375
848532,4799
848673,4284
848718,3909
848882,3856
849271,3567
849347,4416
849482,3696
849849,3383
849995,3363
850134,3432
850366,3300
850414,3983
850625,3504
850828,3645
850946,3245
851097,3538
851117,3695
852565,3473
852785,3396
853144,3649
853594,3291
853798,3607
853828,3835
853963,3681
853993,3829
854251,4451
854288,4123
854328,3563
854475,3864
854499,4286
855556,3031
855578,3293
855807,3339
855969,3247
856105,3395
856248,3338
856277,3453
856352,3438
856515,3554
856598,3684
856981,3775
857005,3686
857754,3387
857908,3454
858081,3718
858223,3629
858391,3643
858750,3726
858884,3797
858959,3647
859275,3779
859953,3231
859988,3534
860098,3284
860114,3459
860241,3869
860534,3631
860681,3534
860796,3232
860838,3425
860956,4303
860964,3558
860992,3699
861118,3768
861600,3686
861998,3481
862141,3761
862326,3786
863147,3146
863340,3347
863418,3592
864081,2867
864240,3035
864361,3512
864408,3574
864542,3703
864728,3779
864775,4081
864925,4084
864953,4065
865115,4335
866919,2785
867053,2881
867214,3289
867369,3082
867399,3782
867510,3245
867703,3350
867727,3464
867865,3628
867919,3681
868065,4404
868088,3893
868390,3673
870114,3001
870747,2816
870906,3086
871244,3396
871331,3072
871428,3124
871775,3254
871811,3627
871957,3532
872126,3230
872351,3328
872482,3403
872944,3004
873017,3635
873143,3559
873336,3415
873479,3383
873625,4025
873700,3372
873751,3799
873877,3307
873901,3700
873920,3779
873963,3790
875004,3663
875180,3434
875414,3465
875518,3407
875708,3548
875747,3689
875936,3561
875962,3648
876086,3585
876257,4128
876329,3607
877502,3041
877663,2960
877842,2982
877987,3524
878152,3465
878170,3245
878318,3386
878442,3509
878671,4078
878791,4121
881008,2801
881217,4192
881474,3022
881730,3138
882696,3050
883033,3182
883250,4349
883356,3312
883523,3574
883675,3694
883904,3791
884044,3701
884165,3832
884328,4005
884369,4400
884584,4134
884600,4232
884729,4403
884921,4603
885234,5440
885244,4146
885384,4205
885554,4133
885588,4197
885730,4143
885865,4347
885996,4736
886049,4924
886324,4836
886344,4507
886498,4915
886539,4860
886658,4732
886708,4924
886788,5095
887141,4902
887165,4926
887269,4985
887382,4994
888260,4470
888461,4460
888617,4398
888783,4707
888899,4638
889164,4451
889185,4408
890161,4017
890438,3822
890598,3985
890805,3830
891000,3683
891197,3832
891260,3856
892450,3029
892477,3258
892607,4225
892690,3645
893113,3302
894598,2965
894743,2884
894909,3011
895063,2919
895230,3295
895252,3357
895436,3258
895576,3203
895620,3246
895748,3368
896254,3600
896391,2970
896600,3016
896616,3091
896861,3535
897031,3430
897992,3155
898142,3232
898164,3612
898554,3297
898774,3191
898951,3147
899143,3541
899283,4261
899336,3399
899494,4239
899743,4342
899882,5017
900022,4115
900153,4944
900171,3853
902182,3351
902347,3135
902498,3179
902522,3261
902688,3252
902836,3351
902866,3545
903022,3742
903230,3600
903249,3781
903409,3670
903768,4039
903791,3414
903903,3514
904929,3204
904973,4026
905115,3825
905237,3501
905243,3805
905592,3455
905781,3430
905872,3497
906719,3196
906871,3096
906898,3176
907069,3479
907207,3544
907344,3458
907484,3554
907511,4456
907644,4538
908241,3696
908546,3693
908775,4066
908801,4013
909903,2901
910068,2817
910218,3580
910349,3480
910374,3542
910565,4351
910589,4418
910711,4325
910849,4338
910875,4204
911011,4245
911198,4659
911355,4605
911473,4565
912054,4174
913178,3889
913225,4437
913380,4446
913523,7832
913661,8515
913802,9008
914191,8718
914703,11000
914728,11090
914870,11044
915037,10955
915217,11158
915239,10842
915356,11006
915499,10991
915521,11090
915666,11090
915814,11302
915868,11760
915951,11233
916083,11153
916887,10605
917039,10525
917107,10733
917266,10826
918035,10918
918202,10565
918219,10210
918381,10197
918401,10288
918528,10352
918554,10600
918685,10815
919084,10488
919111,10885
919263,10786
919288,11007
919384,11304
919504,11828
919666,10879
919691,11122
919827,11068
919848,11237
919991,11396
920009,11400
920189,11482
920361,13709
920508,13651
920591,13684
920734,13872
920755,13861
920922,13879
920943,13742
921171,13636
921414,13494
921433,13577
921602,13519
921824,13486
922009,13367
922272,13295
922427,13433
922435,13193
922602,13131
922627,13271
922794,13158
922962,13085
923204,12972
923358,13631
923569,13480
923800,13476
923921,13856
924077,13793
924381,13789
924553,14068
924562,14112
924718,14712
924739,14486
924833,18578
924921,18038
925103,17977
925287,18623
925383,18576
925550,18155
925710,18103
926170,18335
926700,18060
926873,17995
926897,17524
926995,17940
927081,17867
927417,17697
927924,17192
928190,16978
928983,16381
929817,15699
929849,15753
929997,16290
930136,16207
930161,16085
930329,16263
930356,16419
930481,16458
930650,16552
930758,16643
930932,16765
931137,16692
931817,16185
931967,17007
931984,17131
932129,16903
932559,16622
932809,16299
932975,16666
933033,16555
933138,16610
933690,20907
933998,20699
934141,20643
934284,20806
934346,20542
934365,20624
934637,20540
934859,20418
935000,20367
935142,20338
935168,20402
935353,20488
935409,20349
935595,20263
937066,18953
937446,18627
937464,18729
937616,18668
937636,18755
937773,18819
937907,19244
938039,18976
938106,18982
938253,18782
938274,19002
938387,19195
938460,19361
938650,19094
938852,19331
939773,18485
940069,18456
940223,18199
940234,18427
940603,18669
940624,18601
940732,18980
940783,19036
940930,19142
940948,19423
941085,19947
941176,20081
941399,19931
941584,19749
941603,19857
941723,19936
941755,20325
941814,20237
941952,20311
942126,20241
942368,20190
942428,20327
942504,20544
942712,26892
943203,26498
943213,26625
943343,26555
943513,26482
943583,26620
943684,26745
943879,26444
944117,26302
944277,26609
944386,26166
944593,26117
945696,25294
945900,25039
945939,25123
946121,25012
946373,25351
946410,24848
946430,24858
946569,24982
946686,25107
947164,25253
947494,25030
947861,24130
948069,24058
948091,24825
948292,24491
948741,24311
948763,23954
949894,23213
950074,23083
950326,22786
950484,22745
950550,22659
950694,22923
950842,22919
951002,22994
951173,23203
951601,23066
951625,23515
951802,23939
951833,23835
951928,24604
951985,24138
952020,24653
952199,24393
952349,24495
952392,25859
952456,24318
952758,24853
952795,24382
953003,24627
953064,25113
953246,24594
953358,25287
953604,24614
953786,24615
953951,24666
954118,31979
954184,32053
954606,31784
954752,31697
954888,31618
955037,31563
955188,31570
955330,31480
955486,31419
955607,31409
958137,28961
958331,28853
958485,28840
958818,28725
958846,28652
958996,28586
959116,28571
959533,28715
959592,28335
959745,28247
959902,28177
959921,28300
960057,28952
960188,28935
960236,28380
960335,28561
960806,28374
960963,28093
961099,28612
961143,28130
961359,28436
961488,28379
961633,28282
961784,28336
961917,28253
962692,27428
962714,27525
962876,27585
963084,27314
963110,27355
963270,28245
963348,28056
963370,27833
963567,28126
964011,27929
964711,27420
964735,27577
964891,27588
964918,27750
965057,27727
965077,27894
965225,28036
965259,28135
965969,27534
965987,27736
966095,27820
966144,28075
966431,27840
966448,27950
966594,28078
966613,28150
966746,28258
966766,28492
966900,28433
966923,28520
967100,28695
967284,28566
967376,28570
967433,28745
967604,28810
967846,28616
968018,28620
968177,28670
968388,28756
968395,28758
968566,29150
968735,29797
969061,29666
969266,29547
969375,29542
969399,29840
969517,29666
969702,29317
969872,29260
970021,29271
970665,28852
971385,27971
971427,28144
971563,27846
971601,28093
972227,27394
974033,25530
974247,25212
974394,25447
974600,25292
974793,25199
974946,24996
974973,25142
975134,24735
975255,24668
975352,24710
975570,24636
975789,24353
977434,23612
977685,22604
978469,21907
978491,22470
978735,21771
978882,21676
978921,22262
979012,21666
979072,22307
979211,21650
979355,21726
979510,21514
979537,21717
979664,21350
979968,27129
980713,26483
980821,26540
981014,26445
981178,26409
981568,26185
981711,26161
981859,26132
982022,26222
982057,26696
982201,26353
982377,26110
982500,26117
982554,26181
982689,26204
982742,26289
982808,28882
982900,28691
983043,28673
983191,28674
983365,28688
983505,28968
983642,28882
983797,28575
983996,28690
984119,28618
984255,28730
984295,28810
984322,28537
984477,28493
984717,28542
984782,29055
985012,28812
986714,22419
986861,22557
988295,21220
988933,20711
989073,20752
989211,20566
989942,20068
991485,18579
991688,18483
991908,18340
992259,18459
992487,18374
992671,18290
992855,18058
993044,17966
993932,17242
994047,17052
994334,16879
994487,16879
994506,35804
994641,35781
994792,35733
994976,35658
995068,35641
995099,35677
995294,35575
995446,35557
995599,35497
995618,35868
995746,35522
996951,34441
997014,34473
997945,33591
998040,34163
998115,33616
998221,34033
998277,33725
998516,34672
998720,34522
998896,34454
999286,33065
1000381,32001
1000559,31913
1000698,31951
1000750,32257
1001289,32112
1001969,30945
1003051,30475
1003271,30021
1004224,29035
1004392,29185
1004409,29100
1004562,29066
1004722,29053
1004928,29054
1005091,28936
1005260,29397
1005436,28663
1005584,28646
1006789,27728
1006833,27745
1007014,28375
1007154,28035
1007233,27787
1007330,27962
1007553,27960
1007703,28029
1007856,28155
1008060,27572
1008083,27544
1008212,27584
1008379,27481
1008591,27396
1008803,27301
1010793,25442
1013276,23109
1013531,22926
1013676,22951
1013899,23824
1013907,22796
1013938,22931
1014278,23080
1014340,22854
1014601,22889
1014719,22980
1014857,23217
1014899,23108
1014977,23214
1015229,23164
1015278,23272
1015432,23515
1015547,23455
1015691,23364
1016425,22805
1016598,22900
1016752,22811
1016831,22913
1017008,22927
1017173,22995
1017357,22974
1017514,22899
1017675,22973
1017834,22961
1017986,23009
1018156,23139
1018356,23029
1018518,23921
1018771,25406
1018954,23961
1019074,23083
1019223,23029
1019348,23222
1019495,23170
1019673,23094
1019807,23062
1019826,26046
1019896,25159
1020033,25466
1020173,25435
1020373,25035
1020508,24743
1020559,25597
1020784,24919
1020952,24870
1021114,25640
1021367,27263
1021521,26852
1021618,25426
1021697,26732
1021817,25832
1021979,25617
1022138,25366
1022622,25957
1022852,25677
1023029,25452
1023066,24758
1023210,24708
1023362,25317
1023378,24774
1023640,24609
1023812,25009
1023978,24917
1024264,24744
1024485,24246
1024503,24616
1024716,24379
1024757,24189
1024916,24142
1025107,24074
1025938,23466
1026112,23477
1026478,23598
1026620,23798
1026894,23857
1027082,23970
1027280,24140
1027748,24027
1027790,23738
1027807,23839
1027990,23903
1028009,24014
1028078,24069
1028223,24055
1028251,24263
1028430,23989
1028705,23933
1028867,23893
1029006,23872
1029027,23974
1030759,22514
1031604,21810
1031754,21779
1031831,21813
1031851,21918
1032391,21514
1032539,21478
1032629,21501
1032772,22996
1033586,20774
1033792,20679
1033930,20648
1036889,17809
1036924,18873
1037021,17921
1037080,18589
1037228,18374
1037370,18060
1037495,17988
1037799,17740
1037826,18000
1038006,17841
1038116,17817
1038264,17970
1038360,17692
1038558,22706
1038647,28089
1038680,28128
1038770,28278
1038792,28274
1038883,28529
1039033,30095
1039176,30015
1039295,28287
1041640,26103
1041809,26093
1041985,26130
1042565,25714
1042746,25915
1043000,25712
1043172,25594
1043397,25459
1043560,25386
1043588,25659
1043713,25546
1043760,25695
1043865,25774
1043922,26064
1044015,25873
1044081,26087
1044275,30446
1044282,30240
1044364,25851
1044375,26574
1044539,25982
1044553,26465
1044695,26250
1044712,26907
1044855,28948
1044880,29654
1045017,29043
1045170,28983
1045353,28855
1045510,28811
1045667,28711
1046381,28540
1047103,27547
1047112,27860
1047294,28324
1047954,27151
1047966,27705
1048124,27630
1048393,26859
1048539,26841
1048672,26787
1059420,16127
1059587,16088
1059747,16070
1059785,17037
1059969,16933
1060127,16942
1060289,16560
1060387,16160
1060504,16682
1060551,16884
1060791,17178
1060958,17064
1062951,15576
1063118,15699
1063240,19462
1063281,16937
1063696,18019
1063879,18283
1064034,18367
1064248,18271
1064673,17958
1064693,16042
1064873,15944
1065089,17738
1065327,17678
1065361,15915
1065450,17278
1065538,15833
1065822,17101
1066008,16039
1066173,16948
1066375,16106
1066382,17373
1066549,16232
1066563,17252
1066860,16410
1066877,16698
1067213,16441
1070345,13580
1070525,13451
1070678,13851
1070713,14019
1071140,15699
1071434,15513
1071732,15420
1071793,15551
1072025,15373
1072184,15265
1072204,15379
1072312,15238
1072504,15136
1072572,15337
1072657,15330
1072734,15227
1072913,15130
1073077,15019
1073084,15147
1073246,15191
1073379,14906
1073634,15093
1073893,14898
1074750,14139
1075000,14121
1075143,14103
1075477,14092
1075892,13952
1076169,14009
1076587,13876
1077565,13100
1077588,13199
1077799,13177
1077866,13348
1078008,13396
1078318,13584
1078352,13722
1078427,14346
1078602,13980
1079174,13833
1079707,13292
1079875,13323
1080045,13280
1080333,13090
1080373,13173
1080551,13121
1080562,13227
1080715,13199
1080870,13160
1081033,13113
1081109,13147
1081185,13205
1081352,13151
1081526,13077
1081532,13201
1081682,13157
1081849,13122
1081884,13193
1082003,13198
1082167,13209
1082349,13136
1083397,12159
1083857,11828
1084033,11778
1084173,11754
1084793,11246
1084818,11349
1084924,11357
1085013,11391
1085032,11496
1085347,11296
1085364,11395
1085473,11396
1085547,11450
1085739,11384
1085944,11291
1086124,11247
1086361,11108
1086400,11189
1086498,11205
1086654,14902
1086671,17263
1086938,16399
1087056,16219
1087179,17866
1087376,16178
1087597,15938
1087750,15867
1087780,15913
1088557,15245
1088573,15439
1088791,15286
1101074,4357
1101269,4560
1101378,4536
1101782,4079
1101843,3883
1102028,3770
1102196,3971
1102371,10894
1102437,9154
1102512,9881
1102577,7309
1102591,9897
1102639,10030
1102683,10218
1102732,10431
1102783,10627
1102790,8699
1102834,10879
1102879,10907
1102945,11736
1102992,11753
1104382,10054
1104557,9595
1105182,9649
1105636,9310
1106328,8706
1106356,9058
1106501,9112
1106635,9183
1106766,9103
1106905,9020
1107038,9132
1107172,9049
1107328,8438
1107333,8643
1107511,8759
1107764,8564
1108134,8796
1108270,9682
1108424,8750
1108577,8648
1108707,8570
1108854,8690
1108886,8791
1108973,8908
1109175,9507
1109540,9229
1109577,9302
1109717,9251
1110010,9091
1110182,9039
1110358,8998
1110538,8965
1110939,8647
1111196,8486
1111319,10261
1111386,9174
1111527,9945
1111673,9854
1111949,9732
1112074,9655
1112214,9416
1112326,9451
1112718,8861
1112999,8634
1113589,8541
1113734,8474
1113953,8307
1114203,8169
1114498,8445
1114691,8331
1114975,8136
1115117,8107
1115448,7924
1115656,7945
1116005,7850
1116251,7600
1116576,7155
1116856,7103
1117013,7581
1117271,7200
1119530,6621
1119676,6544
1119815,6456
1119947,6431
1120077,6251
1120208,5871
1124263,4001
1124401,2810
1125296,3568
1125460,3456
1125581,3436
1125810,3256
1125987,2981
1126519,2842
1126677,2904
1126815,3141
1127165,3700
1127343,3575
1127397,3718
1127526,3928
1127561,5923
1127585,4602
1127624,5296
1127653,3925
1127695,6059
1128037,3754
1128878,3398
1129033,3329
1129364,4183
1129402,4232
1129620,4199
1129657,4268
1129786,4755
1129835,4800
1129974,4754
1130108,4706
1130143,4763
1130241,4770
1130269,4835
1130356,4829
1130472,4801
1131264,4185
1131326,4207
1131488,4134
1131649,4061
1131795,4017
1131930,3971
1132062,4534
1132226,4720
1132371,4457
1132413,4536
1132500,4621
1132565,4607
1132625,4666
1132700,4720
1132751,5429
1132846,6729
1132983,6792
1133000,7615
1133149,8032
1137912,3771
1138268,4373
1138440,2895
1138458,2972
1138624,3285
1138781,3179
1138936,3765
1139099,4377
1139403,3872
1139850,3019
1139877,3086
1140072,3216
1140117,3256
1140264,3408
1140489,3260
1140644,3328
1140764,3241
1140945,3151
1141219,3424
1141259,3194
1141508,3400
1141536,3525
1141712,3504
1141729,3633
1142220,3642
1142406,3316
1142802,3328
1142970,3244
1143334,3583
1143420,3599
1143438,3594
1144047,3745
1144200,3331
1144256,3754
1144370,3264
1144504,3509
1145512,3180
1145538,3536
1145699,3446
1145899,3366
1145918,3478
1146068,3984
1146203,3776
1146362,3307
1146778,3058
1146794,3126
1147828,2992
1147848,2976
1148039,4133
1148058,3435
1148182,3592
1148200,3469
1148568,3946
1148827,3273
1148984,3582
1150630,2995
1150651,3191
1150856,3684
1150879,3800
1151032,3555
1151063,3825
1151221,3802
1151247,4364
1151335,3775
1151823,3714
1152014,3706
1152200,3510
1152348,3993
1152367,3684
1153232,3340
1153418,3294
1153660,3669
1153679,3390
1153823,4117
1153984,3286
1154133,3831
1154242,3840
1154267,4038
1154378,3822
1154566,3683
1155229,3610
1155354,3769
1155504,3747
1155709,3680
1155848,3728
1155868,3837
1156136,3663
1156147,4552
1156772,4064
1156928,4123
1157131,3449
1157361,3305
1157572,3459
1157732,3426
1158521,3020
1158675,3422
1158709,3439
1158849,3345
1158930,3641
1159596,3826
1159717,3692
1159846,3615
1159967,3545
1160139,3550
1160288,3478
1160884,3011
1161926,3252
1161955,3212
1162221,3811
1162240,3341
1162385,4187
1162409,3459
1162642,3444
1162793,3938
1163122,3659
1164006,4005
1164078,2928
1164116,3095
1164259,4612
1164284,3067
1164359,3079
1164778,2775
1164916,3331
1165066,3391
1165206,3575
1165856,3742
1166093,3028
1166260,3489
1166276,3000
1166380,3269
1166629,3124
1166765,3192
1167642,3007
1167658,3403
1167810,3631
1167831,3539
1167970,3738
1168095,3709
1168353,3728
1168962,3446
1169133,3635
1169337,3530
1170260,3575
1170380,3402
1170408,3059
1170575,3152
1170617,4199
1170677,4572
1170724,3161
1170847,3087
1170868,3514
1171282,3767
1171404,3988
1171547,4218
1171608,3901
1171766,4214
1171930,4303
1172072,4216
1174024,3103
1174181,3968
1174400,3796
1174583,3042
1174762,3574
1174926,3549
1175085,3472
1175199,3457
1175289,3820
1175338,3715
1175604,3558
1175711,3537
1175863,3504
1175905,4047
1176030,3523
1176384,3315
1176522,3334
1176640,3320
1176644,3402
1176773,3431
1177287,3677
1177463,3919
1177798,2884
1177960,3273
1178434,3468
1178577,3377
1179369,3017
1179638,3269
1180044,4129
1180349,3877
1180392,3069
1180536,3176
1180672,3318
1180805,3237
1180839,3649
1180983,3429
1181175,3326
1181322,3649
1181438,3327
1181530,3818
1181576,3907
1182411,3190
1183085,2781
1183756,3158
1183796,3389
1184004,3232
1184254,3757
1184523,3573
1184544,3790
1184803,3815
1185709,3376
1185875,3405
1185958,3200
1186014,3469
1186184,4160
1186269,3802
1186377,3161
1186528,2973
1186640,3356
1186648,3350
1186805,3431
1186929,3481
1187411,3310
1187542,3231
1187685,3352
1187850,3366
1187876,4002
1188070,3553
1188146,3777
1188248,3789
1188426,4037
1188737,3890
1189214,3317
1190526,2890
1190547,2932
1190685,2937
1190824,3357
1190865,3559
1190918,3666
1191048,3600
1191054,3846
1191442,4047
1191584,4036
1191716,3913
1191853,3867
1192273,3679
1192426,3958
1192603,3736
1192738,3781
1192853,3826
1193924,2943
1193955,3016
1194164,3300
1194559,3214
1194708,3819
1194737,3179
1194806,3198
1194956,3422
1195103,3517
1195120,3599
1195426,3839
1195797,3772
1196273,3400
1197047,3443
1197224,3061
1197401,2970
1197401,3306
1197611,3244
1197779,3245
1198079,3119
1198384,3504
1198527,3412
1198667,3320
1198801,3433
1198935,3558
1199077,3589
1199195,3697
1199386,3657
1199771,3324
1199921,3469
1200091,3719
1200278,3481
1200781,3285
1200946,3246
1201063,3188
1201082,3263
1201224,4282
1201570,4246
1201614,3604
1201739,3798
1201763,4162
1201907,3964
1202084,4471
1202120,4319
1202206,4080
1202842,3985
1203016,3772
1203141,3824
1203216,3971
1204411,3254
1204466,3206
1204548,4236
1204702,3502
1204853,4352
1204918,3827
1205041,3781
1205096,3834
1205256,4261
1205272,3996
1205577,3788
1206097,3727
1206118,3797
1206644,3488
1206690,4000
1206860,4164
1207004,4073
1207026,3773
1207212,3662
1207345,3730
1207884,3739
1207898,4107
1208087,3591
1208448,3634
1208606,3719
1208821,3575
1208976,3531
1208990,3453
1209659,3513
1209809,3072
1209999,3604
1210168,3205
1210341,4063
1210845,4155
1211124,3240
1211164,3323
1211288,3295
1211683,2986
1211815,3050
1212893,3000
1213051,3080
1213429,3208
1213725,3724
1214082,3289
1214456,3607
1214629,3487
1214772,3395
1215538,3275
1215709,3053
1215771,3309
1215936,4434
1215966,3689
1216087,3745
1216165,3540
1216261,3931
1216341,3720
1216479,3686
1216503,3750
1216716,3862
1216841,4052
1216955,4095
1217083,3860
1217217,4176
1217358,4108
1217503,4015
1217635,3941
1217784,4061
1217818,4281
1217908,3928
1218370,3782
1218588,3825
1218737,3731
1218887,3966
1218914,4376
1219163,3919
1219647,3985
1219863,3912
1220030,3879
1220207,3637
1220340,3618
1220472,4370
1221507,4325
1221618,4108
1221679,4037
1221799,4111
1221927,4170
1221994,4406
1222389,4498
1223892,3048
1224085,3055
1224237,3002
1224349,3341
1224371,3401
1224430,3939
1224451,3557
1224520,3037
1224664,3299
1225041,3633
1225077,3714
1225217,3710
1225348,3760
1225354,3675
1225497,3783
1225516,3921
1225822,3797
1225943,3839
1225985,3999
1226133,4871
1226177,4674
1226307,5075
1226523,5413
1226654,4510
1226808,5880
1226973,7021
1227011,5552
1227132,5667
1227783,7595
1228213,5199
1230356,4069
1230526,4260
1230685,4007
1230812,3990
1231082,3774
1231253,3652
1231508,3240
1231711,3242
1231745,3261
1231778,3598
1232879,2803
1233067,2926
1233226,5223
1233283,5272
1233492,3845
1233674,3083
1233870,3539
1234047,4408
1234116,3471
1234191,4475
1234245,4360
1234330,3473
1234482,3479
1235741,3189
1236037,2925
1236078,3199
1236223,3526
1236241,3473
1236361,3658
1236395,3753
1236537,3732
1236561,3633
1236696,3549
1236834,4183
1236983,3725
1237175,3819
1237243,3885
1237419,3780
1237628,4210
1238673,3212
1238748,3454
1238986,3270
1239043,3384
1239114,3440
1239209,3403
1239837,3579
1239957,3717
1240110,3503
1240355,3467
1240722,3913
1240939,3296
1241075,3549
1241201,3549
1241344,3353
1241591,3134
1241607,3207
1242026,3258
1242864,2876
1243012,2909
1243147,3095
1243249,3406
1243707,3141
1243850,3019
1245410,3432
1245556,3040
1245578,3212
1245866,2925
1246042,3013
1246208,3005
1246926,3025
1246947,3578
1247128,3356
1247334,3272
1247641,3766
1247814,3716
1247992,3467
1249450,3522
1249479,4157
1249616,3950
1249640,4047
1249671,3899
1249826,4131
1249991,4238
1250017,4035
1250154,4491
1250182,4525
1250244,4487
1250312,4543
1250404,4638
1250541,5164
1250657,5237
1250676,4859
1250879,4799
1250926,4829
1251073,5047
1251194,4982
1251768,4455
1251919,4358
1252082,4637
1252108,4488
1252234,4546
1252374,4282
1252392,4693
1252630,4802
1252712,5054
1252790,4837
1253249,4879
1253403,4986
1253618,4826
1253767,4731
1254019,4562
1254204,4817
1254384,5606
1255156,4532
1255537,4223
1255906,4329
1256246,4792
1256404,4079
1256545,3988
1256690,3936
1256830,3884
1256848,4478
1257282,4709
1257340,5354
1257569,4258
1257797,4182
1258286,4134
1258342,4257
1258509,3993
1258748,3948
1258866,3940
1259099,4090
1260085,3525
1260267,3699
1260472,3590
1260644,3497
1260856,3718
1261005,3824
1261144,3635
1261235,3536
1261407,4617
1261458,4096
1261586,4313
1261670,3965
1261821,4028
1262180,3943
1262348,4089
1262493,3995
1262932,3606
1262988,3778
1263179,3609
1263375,3627
1264209,4205
1264397,3709
1264612,3904
1264862,3604
1265495,3476
1265685,3391
1265746,3400
1266588,3361
1266614,3492
1266812,3354
1266839,3539
1266974,3566
1267126,3678
1267144,3753
1267251,4359
1267290,4160
1267349,4444
1267370,4568
1267690,4046
1267709,4204
1267940,4013
1268158,3866
1268564,3643
1268732,3812
1269438,3163
1269584,3081
1269642,3450
1269703,3687
1269801,3578
1269935,3776
1270181,3918
1270203,3684
1270354,3779
1271037,4139
1271049,3914
1271184,3868
1272725,2870
1272755,3011
1272917,3369
1272941,3189
1273094,3597
1273227,3600
1273579,3670
1273705,3991
1273751,3983
1273958,3829
1273974,4628
1274317,4199
1274345,3555
1274901,3631
1275919,3253
1275942,3253
1276117,3160
1276161,3218
1276323,3168
1276527,3130
1276776,3332
1276938,3779
1276955,4001
1277094,3728
1277120,4525
1277266,4513
1277510,3887
1278342,3281
1278360,3746
1279633,2903
1279795,2888
1279945,3150
1279968,3345
1280188,3107
1280389,3716
1280543,3615
1280694,3586
1280763,3704
1280903,3684
1281041,3743
1281193,3527
1281808,3028
1281944,3223
1282142,3135
1282171,2898
1282408,3089
1282560,3407
1282697,3220
1282818,3585
1282856,3837
1282886,4030
1282936,3885
1283135,3647
1283348,3937
1283487,3886
1285426,3766
1285582,3232
1285604,3279
1285757,3840
1285837,3102
1285992,3654
1286035,3632
1286247,3815
1286358,3797
1286490,3722
1286603,3753
1287384,3058
1288063,2820
1288230,2961
1288637,3188
1288681,3333
1288855,3238
1289016,3767
1289082,4282
1289222,3980
1289681,3691
1289811,3510
1289844,3614
1289968,3720
1290990,2856
1291271,2978
1291376,3153
1291545,3370
1291594,3374
1291638,4167
1291687,4218
1291733,4122
1292453,3700
1292618,3590
1292858,3512
1293237,3394
1293840,3028
1294077,3284
1294197,4774
1294344,3224
1294599,3037
1294751,3149
1295013,3161
1295193,3558
1295243,4816
1295368,3318
1295504,3582
1295590,3594
1295654,4449
1295857,4561
1295987,4020
1296643,3339
1296650,3493
1296880,3426
1296894,3611
1297070,3787
1297602,3236
1297678,3478
1297802,3526
1297972,3434
1298376,3221
1298617,3232
1298770,3248
1299266,3248
1299521,3873
1299611,3455
1299829,3722
1300385,3239
1300511,3170
1300534,3250
1300684,3423
1300894,3492
1300994,3490
1301189,3444
1302185,2794
1302349,3040
1302386,3202
1302543,3413
1302583,3483
1302672,3768
1304209,3178
1304228,3349
1304661,3068
1304901,2868
1305067,2915
1305247,3382
1305273,3521
1305428,3238
1305498,3254
1305630,3849
1305670,3894
1305741,3727
1305801,3940
1305875,3988
1306033,3920
1306352,3719
1306520,3645
1306539,3900
1306697,3775
1307145,3592
1307162,3689
1308093,2930
1308250,3499
1308267,3524
1308360,3463
1308904,3765
1308932,3313
1309093,4128
1309113,4044
1309251,3957
1309284,4232
1309388,3899
1311096,2934
1311268,3185
1311357,3189
1311495,3106
1311630,3747
1311818,3642
1311860,3389
1312012,3546
1312360,3190
1312515,3673
1312650,3860
1312775,3798
1313857,3035
1313879,3218
1314033,3116
1314486,3205
1314691,3052
1314722,3057
1314844,3562
1314886,3717
1314905,3802
1314932,4079
1315258,3950
1316017,3464
1316049,3620
1316193,3584
1316218,3932
1316329,3635
1316358,3892
1317458,3030
1317810,2822
1317959,2756
1318079,2774
1318215,3411
1318440,3409
1318675,3531
1318828,3459
1318853,3820
1318947,3638
1319046,4068
1319340,3932
1320779,2797
1320931,2810
1320967,3097
1321101,2838
1321104,3093
1321223,3709
1321337,3818
1321340,3712
1321470,3928
1321690,3646
1321709,4135
1321875,4244
1321903,4174
1321905,4382
1322504,3925
1322611,4027
1322783,4056
1323851,3249
1324027,3160
1324146,3422
1324295,3330
1324341,3531
1324466,3909
1324501,3904
1324621,3844
1324629,3934
1325133,3839
1325338,4634
1325491,4533
1325510,4641
1325606,4467
1325669,4550
1325781,4464
1325856,4225
1326869,3780
1326896,3714
1327066,3535
1327130,3536
1327279,3475
1327571,3667
1327713,3693
1327979,3544
1327993,3820
1328125,3732
1329158,3472
1329365,3334
1329530,3619
1329687,3697
1330425,3410
1330696,3217
1330920,3056
1331020,3209
1331197,3815
1331573,3193
1331774,3199
1331897,3161
1331901,3271
1332041,3686
1332060,3423
1332215,3637
1332229,3322
1332464,3446
1332667,3399
1332737,3679
1332873,3317
1333005,3428
1333172,3798
1333601,3421
1333667,4087
1333696,3678
1334057,3518
1334172,3746
1334369,3644
1336497,4145
1336550,3653
1336692,3641
1336815,3657
1336897,3491
1337049,3647
1337230,3909
1337405,3662
1337437,4621
1338173,3231
1338684,3491
1338783,3352
1338835,3395
1338921,3549
1338983,3484
1339037,3864
1339109,3926
1339171,3898
1339227,3860
1339670,4201
1339793,4328
1339912,4158
1339997,3848
1340030,4140
1340500,3897
1341023,3484
1341156,3683
1341204,4602
1341379,3555
1341522,3754
1341564,3959
1341688,3962
1341819,3896
1341952,4252
1342260,4003
1342626,4104
1342862,4811
1343129,4595
1343344,4272
1343901,3874
1343920,3878
1344098,3922
1344246,3664
1344433,3678
1344569,3491
1344845,3617
1344999,3553
1345025,3620
1345835,3568
1345852,3572
1345993,3541
1346039,3635
1346081,3930
1346207,4166
1347078,3439
1347426,3484
1348855,3142
1348990,3340
1349137,3273
1349235,3538
1349557,3299
1349678,3268
1349807,3247
1349832,3309
1349983,4107
1350117,3784
1350148,3790
1350231,3845
1350290,4101
1350355,3812
1350390,4329
1350648,3844
1350764,4866
1350956,4214
1350982,4596
1351099,4287
1351134,4545
1351280,4273
1351348,4441
1351975,4207
1352167,3986
1353203,3174
1353220,3576
1353545,3834
1353565,3668
1353742,3868
1353768,3801
1353928,4578
1354124,4788
1354259,4709
1354366,4651
1354564,4502
1354749,4393
1355374,4254
1357014,3225
1357035,3364
1357189,3284
1357449,3073
1357644,2960
1357678,3047
1357834,3017
1357853,3301
1357988,3216
1358010,3133
1358155,3953
1358183,4344
1358336,3831
1358549,3727
1358661,3770
1359114,3410
1359386,3393
1360966,2913
1361217,3439
1361727,3106
1361906,3294
1362112,3168
1362342,3305
1362577,3140
1362612,3203
1362813,3133
1362955,3042
1363704,3004
1363942,3013
1364084,3530
1364235,4462
1364414,3254
1364555,4195
1364710,4275
1364921,3946
1365890,2953
1366043,3010
1366067,3075
1366163,3074
1366397,3591
1366445,3025
1366572,3342
1366579,3461
1366744,3377
1366765,3685
1366904,3473
1367032,3789
1367181,3947
1367200,4039
1367381,4003
1367529,4224
1367672,4246
1367714,4138
1367849,4207
1367975,4167
1370085,3187
1370240,4781
1370502,2953
1370651,3133
1370774,3345
1370900,4178
1371082,4312
1371167,4073
1371273,4369
1371361,3985
1371506,4432
1371544,4490
1371680,4073
1372228,3860
1372573,4108
1372610,3847
1372788,3730
1372914,3654
1373090,3528
1373223,4441
1373367,3660
1373524,3955
1373666,4184
1373803,4632
1373828,4025
1373947,4255
1373994,4049
1374126,4013
1374250,4618
1374375,4304
1374578,4179
1374729,4076
1375081,4479
1376026,3786
1376126,3805
1376158,3841
1376293,3912
1376611,3678
1376715,4101
1377127,4495
1377342,4421
1377506,4346
1377692,4316
1377887,4292
1378043,4343
1378232,4041
1378251,4263
1378426,4007
1378479,4075
1379782,3276
1379966,3280
1380032,3431
1380166,3381
1380347,3307
1380363,3376
1380504,3354
1380537,3571
1380605,3548
1380675,3722
1380793,3662
1380923,3630
1385143,3630
1387525,3191
1387691,3316
1387707,3541
1387876,3607
1388034,3585
1388187,3850
1388388,3941
1388560,4030
1388574,3798
1388715,3964
1388873,3646
1389043,3582
1389488,3629
1389809,4150
1389825,3875
1389975,3814
1390029,4064
1390158,4081
1390193,4171
1390341,4080
1390373,4148
1390524,4083
1390550,4215
1390684,4279
1390822,4950
1390838,4870
1391188,4661
1391458,4636
1391654,4529
1392107,4700
1392133,4603
1392365,4488
1392872,4090
1392886,4148
1393001,4157
1393285,4358
1393361,4230
1393524,4111
1394482,3473
1394677,3971
1394897,3180
1395021,3142
1395062,3767
1395218,3886
1395388,4016
1395546,4152
1395570,3885
1395810,3777
1396184,3575
1396705,3289
1397925,3150
1398079,3068
1398221,3354
1398244,3577
1398349,3388
1398487,3298
1398930,3474
1399146,3310
1401059,3076
1401196,3831
1401220,3810
1401517,3676
1401663,3632
1401869,3506
1402013,3476
1402056,3519
1402202,3470
1402222,3846
1402361,3526
1402499,3925
1403088,3281
1403105,3347
1403244,3754
1403360,3562
1403509,3876
1403528,3974
1403669,3968
1403691,3999
1403827,3995
1403845,4524
1403972,4473
1404015,4444
1404167,4595
1404187,4468
1404334,5367
1405355,4348
1405523,4283
1405706,4049
1405746,4285
1405906,4205
1405932,4001
1406068,4663
1406081,4781
1406255,5371
1406457,4473
1406596,4880
1406621,4745
1407023,4747
1407838,4334
1407991,4235
1408160,4117
1408334,4025
1409138,3650
1409154,3668
1409383,3617
1409527,3466
1409745,4368
1409870,3323
1410097,3389
1410192,3098
1410353,3280
1410559,3858
1410657,3987
1410838,3710
1411021,3776
1411166,3953
1411831,3567
1412009,3363
1412040,3831
1412208,3448
1413072,3340
1413242,4332
1413987,3770
1414007,3664
1414161,3568
1414282,3602
1415122,3301
1415166,3529
1415365,3272
1415507,3239
1415525,3289
1415706,3261
1415899,3119
1416070,3173
1416088,3532
1416237,3440
1416258,3488
1416400,3407
1416448,3921
1416588,3833
1416613,3898
1416741,3920
1416765,4344
1416903,4156
1417365,4276
1419019,4829
1419046,3815
1419191,3496
1419292,4167
1419334,4764
1419356,4010
1419497,4034
1419632,4021
1419820,3906
1419984,3862
1420047,3880
1420168,4287
1420331,4315
1420739,4138
1420927,4112
1421071,4020
1421191,3991
1421352,3908
1422186,3606
1422515,3140
1422700,3013
1422912,3037
1423880,4281
1424147,4247
1424166,3241
1424333,3617
1424419,4170
1424577,3712
1424597,3532
1425918,2790
1426053,2819
1426158,3119
1426681,2855
1426702,3004
1426818,3197
1426862,3677
1426938,4219
1427032,3862
1427347,3277
1427987,3435
1428192,3176
1428422,3366
1428618,3318
1428756,3602
1428785,3891
1429682,3697
1429845,3651
1429867,3328
1430017,3269
1430151,3231
1430285,3615
1430365,3095
1430610,3467
1430738,3525
1430928,3563
1430990,3599
1431187,3394
1431212,3470
1431474,3706
1431621,3641
1431640,3720
1431773,3824
1432386,3405
1432517,3431
1433646,3010
1433784,2926
1433915,2937
1434103,3006
1434331,4021
1434471,4048
1434628,3544
1434810,4199
1435053,3806
1435213,3720
1435408,3647
1435479,3667
1435940,3281
1436215,6169
1436264,6188
1436557,3034
1436709,3063
1436850,3048
1436987,3129
1437121,3048
1437252,4661
1437368,4137
1437399,3887
1437510,4197
1437543,3972
1437674,4542
1437768,4574
1439737,3471
1439912,3600
1439943,3665
1440037,4353
1440195,4111
1440216,4717
1440371,4072
1440420,4569
1440559,4284
1440601,3970
1440745,3779
1440877,4548
1441011,4214
1441042,4356
1441130,4401
1441191,4386
1441348,4280
1441547,4202
1441596,4218
1441725,4199
1441750,4261
1442038,4141
1442920,3443
1443372,3606
1443698,3980
1443865,3520
1444033,3511
1445986,3750
1446041,3787
1446208,3311
1446397,3277
1446577,3254
1446799,3413
1446865,3407
1447008,3733
1447120,3392
1447506,3065
1447706,2914
1447847,3066
1447914,3545
1448032,2988
1448151,3125
1448285,3086
1448807,3123
1448851,2990
1448973,3217
1449024,3480
1449159,3401
1449917,2927
1450255,3339
1450742,3970
1450826,3461
1450974,3395
1451118,3386
1451627,3133
1452477,2905
1452634,3015
1452786,2934
1452927,2909
1452941,3015
1453070,2998
1453260,3197
1453386,3323
1453647,3326
1453825,3270
1454002,3407
1454127,3475
1454579,3077
1454732,3154
1454885,3125
1455062,3471
1455184,3317
1455405,3558
1456148,3301
1456184,3332
1456291,3491
1456764,3002
1457025,3071
1457206,3300
1457224,3506
1457440,3528
1457621,3923
1457770,3829
1457940,3771
1458083,3575
1458141,3759
1458322,3771
1458352,3788
1458546,3812
1458572,3929
1458732,3989
1458852,3818
1459597,3223
1459610,3293
1459892,3170
1459917,3631
1460090,4027
1460198,4041
1460237,3676
1460278,3459
1460381,3282
1460637,3558
1460813,3946
1461057,3947
1461266,3934
1461584,3946
1463203,4229
1463357,3078
1463510,3565
1463685,3692
1463954,4909
1464012,4125
1464165,4049
1464487,3899
1464640,3980
1464852,3854
1465093,3880
1465433,3640
1465662,3887
1465846,3773
1465899,3649
1465970,3690
1466053,3622
1466216,3565
1466412,3465
1466558,3577
1466673,3573
1466807,3575
1466907,3791
1466925,3689
1467136,3988
1467224,4230
1467254,4121
1467349,4130
1467411,4832
1467452,4661
1467494,4249
1468242,4826
1468776,4370
1470247,3349
1470414,3308
1470442,5023
1470538,3463
1470722,6007
1470882,5939
1471069,3516
1471201,3522
1471484,3499
1471687,3557
1471790,3705
1471815,5162
1471940,3829
1471991,4886
1472127,4899
1472218,4446
1472346,4667
1472370,4705
1472508,4418
1472542,4525
1472761,4357
1472905,4219
1473808,3431
1474081,3195
1474242,3709
1474424,3100
1474603,3080
1474791,3126
1474799,3294
1474955,4291
1475110,4472
1475281,4477
1475292,4347
1475567,4398
1475573,4453
1475734,4834
1475887,5006
1476038,5907
1476197,5529
1476411,5585
1476567,5479
1477280,4599
1477746,4249
1478156,3959
1478330,5251
1478513,5094
1478642,5192
1479159,4702
1479341,5030
1479366,4544
1479373,4563
1479601,4798
1480346,4150
1480376,4586
1480540,4451
1480600,4417
1480784,4361
1480931,4241
1481083,4170
1481254,5094
1481398,5545
1481568,5525
1481697,5482
1481826,5318
1482070,5100
1482204,5713
1482365,9785
1483054,9956
1483196,10424
1483247,10714
1483289,14480
1483343,14246
1483432,13176
1483461,14213
1483686,13048
1483724,13747
1483838,14306
1484000,14243
1484143,14833
1484272,14575
1484576,14492
1486048,13123
1486207,11675
1486288,12871
1486340,12616
1486491,12565
1486658,12449
1486685,12561
1486728,12593
1486956,11715
1487159,12114
1487373,11747
1487443,11911
1487586,11934
1487616,11798
1487757,11816
1487780,11983
1487906,12014
1488038,12098
1488340,12056
1488492,12670
1489197,11820
1489212,12021
1489343,12100
1489483,12011
1489501,11873
1489635,11965
1489655,12087
1489793,14473
1489811,15452
1489945,14581
1489971,14576
1490134,14504
1490312,14431
1490479,14391
1490712,14892
1490835,14963
1491045,14946
1491218,14692
1491496,14163
1491761,13948
1491903,13917
1492046,13878
1492219,13822
1492256,14781
1492339,13901
1492414,14571
1492623,14464
1492760,14489
1492899,14466
1493167,13685
1493851,13566
1494009,13661
1494254,13765
1494570,13861
1494810,13710
1494970,14044
1495118,13929
1495140,14853
1495378,14911
1495473,15433
1495514,14915
1495707,18011
1495871,17973
1496035,18811
1496209,18213
1496405,18506
1496413,18387
1496566,18848
1496726,18742
1496894,18677
1497056,17897
1497226,17816
1497392,17748
1497559,18274
1497738,18331
1497923,17733
1497939,17946
1498102,17833
1498291,17703
1498496,17708
1498785,17369
1500483,15865
1500669,16165
1500846,16546
1502004,15750
1502172,15491
1502188,15621
1502615,15420
1502658,15493
1502783,16056
1502797,15840
1502954,16944
1502960,15961
1503022,16781
1503272,16484
1503336,16613
1503375,16195
1503516,16863
1503548,16620
1503638,16847
1503679,17008
1503870,17021
1504068,21052
1504092,20975
1504227,21192
1504362,21065
1504381,20893
1504604,20806
1504963,20531
1505102,20668
1505950,20005
1506078,19995
1506228,19647
1506690,19317
1506827,19303
1507346,18844
1508371,18506
1508532,17853
1508671,18264
1508693,17840
1508852,17768
1508883,17906
1509113,17726
1509385,17574
1509573,17499
1509703,17537
1509833,17649
1510122,17412
1510468,17133
1510589,17132
1510971,17126
1510988,18091
1511156,17469
1511172,17804
1511680,17782
1511738,18328
1511906,17883
1511929,18126
1512038,18277
1512199,18294
1512215,19182
1512366,18789
1512381,18875
1512522,19300
1512679,19074
1512751,19321
1512894,19513
1513040,19487
1513181,19281
1513347,19213
1513368,19345
1513559,21016
1513783,20899
1514002,20765
1514435,20419
1514612,20349
1514747,20286
1515198,19952
1516611,18625
1516629,18865
1516784,18816
1516923,18682
1517103,18566
1517289,18434
1518211,17571
1518236,17752
1518368,17626
1518545,17615
1518679,17486
1518725,17562
1518866,17561
1519001,17482
1519136,17449
1519295,17405
1519643,17172
1519911,17015
1520045,16996
1520166,16993
1521069,16210
1521293,17196
1521334,16186
1521464,16286
1521601,16331
1521739,16522
1521978,16844
1522359,16688
1522386,16849
1522542,16971
1522685,17080
1522816,17143
1522944,17121
1523074,17119
1523189,17169
1523355,17112
1523490,17097
1523787,16922
1523932,16892
1524061,16878
1524148,16903
1524343,16993
1524474,16992
1524609,16949
1524676,16995
1524775,17016
1524857,17067
1525180,16859
1525661,16506
1525848,16439
1526979,16188
1527541,14999
1527709,15575
1529212,13563
1529289,13740
1529357,13653
1529606,14011
1529740,13529
1529901,14084
1530291,13558
1530500,13235
1530649,13444
1530678,13202
1530778,13447
1530898,13458
1531057,16879
1531222,17166
1531372,18188
1531490,18608
1531648,18504
1531843,18488
1531902,18300
1532099,18152
1532246,18546
1532441,18247
1532575,18271
1532722,18175
1532855,18092
1533010,18055
1533583,17597
1533757,18081
1533772,18082
1533917,18033
1533933,18116
1534078,18396
1534538,17710
1546199,6160
1548019,4438
1548195,4371
1548472,4185
1548634,4276
1549197,4515
1549238,4777
1549393,4599
1549564,4505
1549704,4680
1549923,5474
1549937,5864
1550082,5667
1550219,5653
1550391,5564
1550529,5668
1550719,5588
1550887,5523
1551021,5480
1551109,6069
1551264,6625
1551535,5696
1551675,5685
1551865,5584
1552013,5676
1552233,5707
1553410,4594
1554249,5419
1554387,3864
1554572,3891
1554721,4270
1554897,4273
1555057,4854
1555193,5070
1555324,5160
1555461,5040
1555581,4360
1555892,4149
1556044,4492
1556182,4411
1556349,4396
1556487,4414
1556603,4505
1556747,4453
1556946,4665
1557070,4511
1557254,4926
1557466,4662
1557518,4899
1557718,4711
1557754,4814
1557929,4585
1558079,4584
1559562,3314
1559715,3246
1559945,3232
1560333,3619
1560528,3477
1560659,3415
1562207,3414
1562760,3635
1562926,3822
1563067,3761
1563241,3384
1563415,3463
1563453,3956
1563562,3773
1564017,3532
1564675,3356
1564694,3205
1564846,3269
1565004,3433
1565029,3171
1565136,3404
1565197,3433
1565326,3739
1565444,3924
1565459,3401
1565478,3441
1565607,3619
1565916,3772
1566431,3440
1566454,4070
1566588,4058
1566907,4267
1566950,3624
1567087,3587
1567203,3420
1567356,3786
1567546,4152
1568678,3463
1568704,3511
1568906,3363
1568948,3783
1569098,3531
1569264,3566
1569839,3318
1569982,3240
1570120,3609
1570169,3868
1570466,4169
1570701,4144
1570851,4046
1571010,4084
1572382,6163
1572666,3025
1572759,3025
1572905,3180
1572997,3180
1573050,3212
1573192,3350
1573352,3439
1573394,5343
1573473,3503
1573551,5235
1573668,5017
1574330,3779
1574476,3576
1574663,3570
1574925,3565
1575117,3306
1575254,5943
1580001,3382
1580065,3162
1580271,3410
1580404,3246
1580551,3204
1580687,3162
1580706,3245
1580844,3425
1580888,3454
1581033,4416
1581058,3877
1581194,3690
1581340,3644
1581383,3691
1581488,4247
1581545,4071
1581684,3985
1581701,4205
1581841,4196
1581858,4286
1581997,4254
1582013,4406
1582187,4303
1582719,4641
1582892,4190
1583056,4156
1583745,4203
1583954,4157
1584127,3853
1584337,4231
1584405,4108
1584806,4296
1584964,4514
1585112,4260
1585130,4482
1585231,4776
1585270,4429
1585393,4400
1585532,4546
1585668,4400
1586731,4076
1586752,4284
1586918,4368
1586956,4443
1587179,4285
1587392,4124
1587434,4173
1587576,4392
1587696,4351
1588162,4199
1588288,4274
1588973,4646
1589258,4297
1589409,4263
1589554,4167
1589713,4229
1589851,4257
1589908,3837
1590123,3718
1590287,4221
1590331,4300
1590354,4326
1590382,4460
1590760,3997
1590892,4115
1591789,4064
1591826,4678
1591996,4613
1592140,4420
1592161,4105
1592232,4426
1592359,4525
1592630,4458
1593207,3975
1593236,4355
1593390,4284
1593454,4170
1593747,3980
1594674,3720
1594843,3096
1594875,3141
1595012,3100
1595133,3716
1595152,3626
1595295,4174
1595342,3769
1595362,4397
1595499,4341
1595692,4315
1596102,4132
1596137,4035
1596279,4873
1596388,4701
1597865,3340
1598029,3225
1598165,3431
1598183,3584
1598342,3536
1598456,3470
1598614,3409
1598648,3483
1598792,4150
1598892,3759
1599174,4231
1599345,4064
1599492,4241
1601177,3216
1601526,3133
1601746,3352
1601920,3719
1602059,3549
1602175,3381
1602194,3504
1602359,4027
1602393,4074
1602482,3962
1602525,4005
1602642,3956
1602779,4097
1602799,4128
1602958,4060
1603103,4461
1603282,4258
1603458,4166
1603519,4208
1604097,4049
1605134,3954
1605294,3868
1605773,3617
1605910,4259
1606079,4035
1606121,4147
1606218,4901
1606329,5043
1606627,4876
1606642,4974
1606762,4972
1607084,4883
1607101,4861
1607251,5084
1607402,5015
1607592,5093
1607728,5006
1607843,4940
1607978,4860
1608027,5624
1608271,5293
1608337,6094
1608541,4969
1608687,5019
1608825,4946
1609182,4795
1609200,5205
1609419,5102
1609564,5081
1609582,4996
1609690,5587
1610397,5125
1610441,5292
1610614,5050
1610664,5078
1610783,5202
1610788,5046
1610957,5324
1611180,5224
1611551,5485
1611747,5340
1612510,4626
1612544,5411
1612693,5374
1612827,5344
1612978,5291
1613111,6273
1613145,6275
1613234,6440
1613346,6420
1613494,6115
1613662,6041
1613825,5976
1613994,5923
1614011,5957
1614152,6010
1614166,6165
1614756,5715
1615025,5589
1616282,4790
1616342,4454
1616493,4412
1616531,4451
1616669,4566
1616767,4627
1616827,5070
1616996,4517
1617127,4492
1617681,4344
1617912,3892
1618080,4100
1618250,3789
1618420,4359
1618571,4075
1618597,4325
1618750,4090
1618777,4206
1618903,4219
1618931,5132
1619063,6703
1619109,6705
1619213,6911
1619513,7073
1623784,2899
1623792,3680
1623957,2851
1624446,2938
1624613,2853
1624771,2909
1624939,2994
1625136,3264
1625409,3133
1625847,3281
1626154,3066
1626191,3216
1626682,3098
1626835,2895
1626975,3265
1627022,3519
1627051,3590
1627082,3872
1627108,4061
1627148,4313
1627182,4369
1627207,3841
1628186,3465
1628210,3579
1628338,3504
1628646,3297
1629609,3164
1629784,3789
1629833,2992
1630066,3110
1630410,3037
1630767,3185
1630786,3750
1630872,3554
1631608,3187
1632116,3113
1632150,3438
1632260,3184
1632349,3125
1632516,3049
1632653,3125
1632803,3055
1632955,3308
1632955,3454
1633640,2884
1633656,3026
1633812,3746
1633832,3669
1633981,3679
1633999,3612
1634154,3520
1634673,3227
1635738,2864
1635872,2809
1635991,2945
1636257,3455
1636433,3391
1636561,3800
1636765,3505
1636816,3445
1637021,3450
1637228,3451
1637686,3085
1637724,3131
1637866,3089
1637976,3078
1638762,2904
1638795,3372
1638962,3296
1638989,3477
1639101,3437
1639237,3588
1639255,3662
1639420,3572
1639558,3648
1639851,3483
1639956,3723
1640736,3299
1640885,3525
1641289,3972
1641343,3153
1641494,3182
1641709,3348
1641756,3459
1641886,3516
1642014,3460
1642193,4304
1642370,3694
1643115,3436
1643289,3311
1643465,3647
1643604,3560
1643717,3520
1643736,3790
1644124,3840
1645097,3227
1645290,3188
1645469,3155
1645624,3642
1645661,3502
1645800,3417
1645829,3723
1645967,3688
1646114,3659
1646255,3672
1646340,3815
1646388,3902
1646499,4042
1646803,3798
1646990,3696
1647282,3713
1647343,3493
1647547,3412
1647700,3372
1647804,3705
1648591,3324
1648785,3327
1648933,3457
1649187,3911
1649294,3492
1649634,3398
1649855,3292
1649939,3417
1650814,3130
1651136,3425
1651137,3633
1651292,3415
1651369,3253
1651536,3228
1651618,3599
1651760,3616
1651824,3272
1651942,3713
1652111,3659
1652156,3988
1653285,3795
1653655,3096
1653826,2978
1654940,2947
1655097,2870
1655244,3199
1655264,3113
1655398,3397
1655495,3306
1655618,3269
1655704,3353
1655854,3289
1655987,3222
1656213,3312
1656361,3378
1656613,3251
1656753,3164
1656854,3159
1656869,3243
1657046,3322
1657187,3344
1657341,3241
1657367,3463
1657508,3301
1658999,3711
1659177,3324
1659361,3681
1659835,3577
1660044,3619
1660237,3524
1660333,3525
1661434,2775
1661620,2822
1661650,2874
1661813,2827
1661833,2914
1661978,3070
1661997,3481
1662154,3499
1662171,3625
1662437,3281
1662515,3356
1662648,3235
1662739,3945
1662883,3872
1662914,3345
1663033,3355
1665619,2934
1666798,3486
1666954,3784
1667172,3676
1667341,3634
1667512,3973
1667534,3711
1667604,3783
1667736,3879
1668030,4143
1668062,4896
1668222,4149
1668250,4616
1668571,4156
1668597,4461
1668785,4367
1668803,4190
1668950,4158
1668970,4296
1669098,4621
1669148,5452
1669243,4483
1669271,5799
1669485,5028
1669666,5074
1669691,5598
1669815,5077
1669837,6540
1669981,6450
1670125,6363
1670161,5346
1670568,6182
1670574,6283
1670754,6215
1670920,6150
1671046,6562
1671206,6078
1671696,5746
1671749,5873
1671901,5759
1672061,6452
1672215,6344
1672364,6245
1672514,6173
1672564,6785
1672675,6341
1672824,6316
1673364,6425
1673379,6312
1673548,6287
1673841,6105
1674008,6008
1674159,5919
1674706,5991
1674860,5922
1674993,5907
1675125,6019
1675328,5866
1675484,5768
1675621,5713
1675766,5621
1675909,5589
1676046,5443
1676197,5514
1676700,5694
1677729,4729
1677749,4801
1677842,5375
1677980,5301
1678195,5167
1678477,4936
1678628,4885
1678783,4802
1679193,4478
1679444,5069
1679638,4737
1680415,4368
1680492,5391
1680753,5121
1680946,4716
1680972,4966
1681110,5067
1681345,4874
1681519,4719
1681662,4826
1682074,4477
1682660,4153
1682958,4346
1683131,4228
1683748,3641
1683899,3664
1684033,3774
1684186,3631
1684352,3570
1684398,3465
1684579,3584
1684870,3359
1684968,3362
1685127,3408
1685450,3596
1685698,3369
1685919,3204
1686058,3359
1686250,4200
1686600,3557
1686975,4074
1687384,3768
1687645,3604
1687835,3693
1687977,4609
1687993,4369
1689170,3485
1689223,3010
1689443,3321
1689476,3283
1689631,3504
1689659,3929
1689753,3471
1689796,3568
1689873,3407
1689924,3501
1690566,2910
1690738,5645
1690870,3189
1691216,4850
1691722,3154
1691884,3314
1692050,3461
1692217,4218
1693216,3310
1693453,3158
1693629,3389
1693657,3481
1693780,3472
1693829,3630
1693954,3595
1693996,3716
1694129,3795
1694212,4617
1694328,3781
1694366,3918
1694487,4392
1694562,4365
1694565,5328
1694687,4581
1694714,5074
1694774,4902
1694957,4913
1695031,4987
1695416,4518
1695933,4035
1696076,4074
1696220,4187
1696522,3989
1696670,3892
1697521,4469
1697607,3488
1697753,3431
1697770,3754
1697938,3630
1697964,4126
1698099,3942
1698143,4069
1698340,4288
1698630,4131
1698950,3898
1700232,3149
1701162,2907
1701351,3204
1701576,3750
1701703,3677
1701832,3596
1701851,4097
1701995,4051
1702239,4597
1702651,3945
1703066,3664
1703284,3670
1703483,3403
1704025,3068
1704194,3396
1704218,3187
1704341,3153
1704380,3267
1704518,3179
1704660,3389
1704678,3782
1704819,3935
1704839,4181
1704994,4387
1705012,4588
1705144,4261
1705183,4335
1705329,4365
1706004,4276
1706115,4571
1707780,3127
1707803,3438
1707941,3303
1708081,3502
1708101,3362
1708215,3420
1708337,3831
1708381,4393
1708571,3987
1708634,4045
1708783,4091
1709032,4336
1709158,4286
1709295,4233
1709667,3948
1709798,4097
1709982,4127
1710007,4122
1711698,3301
1711985,3588
1712031,3825
1712175,3733
1712199,3711
1712323,3712
1712535,3903
1712662,3750
1712804,3687
1712990,4803
1713148,4117
1713277,4126
1713337,4380
1713430,4236
1713730,4215
1713853,3976
1713949,4223
1714139,4092
1714276,4005
1714541,3959
1714683,3962
1714851,3885
1715145,3998
1715541,3846
1715694,3830
1716553,3195
1716735,3109
1716894,3088
1717104,3112
1717447,4007
1717478,4409
1717504,4732
1717590,4995
1717667,4997
1717687,5048
1717704,5129
1717721,5063
1717899,3891
1719483,3574
1719839,3337
1720351,2918
1720525,2888
1720567,3467
1720651,2964
1720716,3049
1720835,3369
1720966,3288
1721100,3323
1721307,5298
1721322,4089
1721353,3828
1721499,4045
1721635,4804
1721661,3880
1721946,4093
1722064,4088
1723223,3528
1723546,3150
1723754,3188
1724007,3183
1724047,3277
1724168,3242
1724330,3652
1724534,3499
1724563,3534
1724683,4389
1724740,4399
1724860,4715
1724870,4558
1725008,4502
1725212,4899
1725371,4536
1725568,4465
1725695,4487
1727135,3488
1727269,3439
1727376,3450
1727504,3425
1727780,4077
1727818,3462
1727881,4067
1728013,4129
1728133,3354
1728174,3393
1728292,3901
1728340,3689
1728486,3621
1728651,3889
1728782,4504
1728900,4182
1728907,4708
1729040,4396
1729215,4333
1729347,4279
1730962,3797
1730993,4436
1731047,3882
1731698,3356
1732150,3507
1732369,3123
1732573,2974
1732627,3659
1732761,4337
1732822,4005
1732983,3894
1733128,3798
1733421,4268
1733651,3641
1733786,3621
1733917,3579
1734051,3565
1734203,4226
1734347,3569
1734516,3732
1734582,3567
1734773,4075
1735202,3532
1735623,3294
1735735,3247
1735753,3258
1735864,3234
1735866,3319
1736001,3776
1736040,3814
1736125,3566
1736172,3889
1736525,4913
1736658,4045
1737145,4006
1737368,3861
1737546,3780
1739590,3164
1739891,2776
1740341,3342
1740386,3136
1740517,3240
1740531,3206
1740558,3249
1740716,3407
1740889,3684
1741379,2831
1741666,2964
1741722,3231
1741846,3367
1741849,3278
1742059,3381
1742110,3697
1742254,4109
1742271,3965
1742797,4029
1742964,3949
1744211,3503
1744368,3509
1744387,4004
1744530,3718
1744662,3841
1744793,4030
1744837,3912
1744965,3932
1744985,4679
1745253,4302
1745286,4134
1745384,4416
1745466,4417
1745732,4672
1745858,4596
1745860,4679
1745970,4726
1746016,4795
1746082,4664
1746148,4962
1747144,4057
1747404,4160
1747559,4436
1747617,4655
1747666,5213
1747714,5235
1747805,5405
1747864,6737
1747946,3484
1747953,6867
1747998,8083
1748043,8284
1748096,8172
1749251,5800
1749505,4134
1749833,5123
1750210,5548
1750372,5555
1750576,5422
1751524,4699
1751673,4667
1751832,4592
1751970,4565
1752130,5366
1752295,5386
1752333,5397
1752368,5017
1752525,5032
1752664,4999
1752984,5308
1753022,5994
1753177,5334
1753334,5090
1753361,5547
1753428,5152
1753485,5265
1753560,5228
1753679,5485
1753894,5346
1754030,5558
1754068,5672
1754149,5744
1754263,5914
1754364,5816
1754629,5793
1755126,5146
1755284,5849
1755459,5742
1755914,5607
1756107,5467
1756669,4875
1756948,4674
1756997,5088
1757179,5063
1757197,5166
1757324,5184
1757521,5193
1757832,5039
1759996,3249
1760053,3580
1760207,3484
1760452,3428
1760654,3457
1760949,3569
1761146,3518
1761232,3814
1761309,3670
1761569,3769
1761716,3692
1761744,3726
1761910,3691
1762961,2959
1762991,3097
1763161,3631
1763330,3409
1763336,3562
1763476,3696
1763502,3911
1763961,3640
1764104,3596
1764240,3705
1764748,3639
1764910,3568
1765088,3761
1766214,3215
1766232,3206
1766520,3246
1766552,3275
1766711,4064
1766870,4142
1767007,3920
1767046,4102
1767171,3779
1767217,4388
1767702,3438
1767876,3412
1767995,3469
1768131,3572
1768331,4053
1768512,3581
1768654,3490
1769203,3512
1770556,2930
1770735,3436
1770981,3248
1771179,3395
1771594,3581
1771756,3499
1771787,3633
1771944,3885
1772082,3518
1772264,3724
1772413,3471
1772554,3420
1772742,3336
1773350,3249
1773505,3718
1773564,3835
1773688,3758
1773805,3782
1773846,4066
1773919,3846
1775052,4363
1775238,4906
1775685,4010
1775830,3966
1776025,3985
1776166,3919
1776199,4118
1776314,4924
1776452,5093
1776474,4443
1776629,4428
1776654,5017
1776765,4352
1776791,4829
1776961,4205
1777247,4402
1777349,4243
1777964,3809
1778346,3577
1778622,3598
1778854,3696
1779012,3607
1779175,3759
1779472,3554
1779508,5177
1779673,5360
1779847,3655
1779860,5231
1780124,3624
1780631,3879
1780782,3817
1780915,3782
1781052,3760
1781181,3730
1781318,3686
1781435,3803
1782369,3522
1782432,3523
1782582,3584
1782746,3447
1782772,3633
1782903,3786
1783535,3251
1783678,2826
1784057,4837
1784800,3828
1785103,3922
1785285,3552
1786814,5047
1786988,5259
1787130,5436
1787269,5389
1787381,3230
1787554,3172
1787707,3716
1787731,5038
1787853,3722
1787880,3833
1788001,3942
1788026,4813
1788149,6585
1788169,4818
1788293,6093
1788370,5015
1788664,4527
1789493,5649
1789646,5754
1789775,5279
1789954,5545
1790097,4543
1790122,5116
1790246,6577
1790407,5295
1790414,5226
1790589,6357
1790779,5630
1790864,6377
1791003,5900
1791019,6330
1791169,6122
1791256,5773
1791352,6048
1791523,6031
1791678,5928
1791829,5847
1792027,5734
1792060,5597
1792180,5539
1792345,5500
1792384,6006
1792493,5977
1793275,6318
1793386,6460
1793555,6344
1793728,6364
1793890,6394
1794051,6552
1794215,6287
1794376,6275
1794473,5665
1794528,6221
1794706,5800
1794888,5665
1795792,5642
1795959,5424
1796112,5370
1796273,5793
1796519,5073
1796647,5330
1797720,4426
1797889,4352
1797925,4432
1798014,4419
1798095,4435
1798204,5439
1798373,5365
1798543,5246
1798606,4972
1798748,5039
1798766,5111
1798923,5174
1799014,5273
1799144,5649
1799274,5210
1799278,5457
1799826,4877
1799922,4936
1799950,4941
1800120,4895
1802052,3442
1802226,3400
1802369,3537
1802522,3484
1802674,3427
1802791,3776
1802907,3962
1803042,4061
1803172,3850
1805416,3965
1805715,3316
1806192,4188
1806255,3793
1806378,3783
1806432,4018
1806486,4076
1806539,4109
1806619,4098
1806631,5618
1806678,4181
1806733,4247
1806777,4438
1806822,4504
1806865,5327
1806919,4900
1806964,4726
1807015,4883
1809117,3637
1809289,4810
1809356,3452
1809522,3335
1809676,3231
1809833,3122
1809875,3550
1809983,3816
1810158,3583
1810759,3756
1811251,3330
1812014,3613
1812138,3381
1812276,3452
1812464,3062
1812647,3745
1812703,3399
1812739,3881
1812780,4478
1813083,3416
1813103,3468
1813367,3821
1813506,4007
1813641,3923
1814734,3584
1814904,3540
1815047,3516
1815206,3665
1815356,3719
1816034,3812
1816210,3581
1816319,3548
1816475,3980
1816618,3884
1816698,3882
1816737,4122
1816830,4400
1816974,4057
1817031,4288
1817345,4354
1817397,4140
1817527,4111
1817664,4127
1817817,4129
1817855,4296
1818071,4394
1818104,4461
1818775,3873
1818871,4045
1818883,4638
1819061,3956
1819193,4403
1819223,4351
1819455,4418
1819492,4547
1819630,4454
1820725,3975
1820903,4079
1821053,4137
1821082,4013
1821224,3972
1821347,4453
1821590,4470
1821930,4226
1822466,4557
1822700,4374
1822720,4082
1822855,4104
1823347,3834
1823427,3827
1823629,4039
1823765,4102
1823910,3967
1824046,3720
1824779,3403
1824806,3355
1824965,3881
1825025,3537
1825220,3571
1825246,3500
1825364,3612
1825539,3484
1825692,3463
1825834,3411
1825969,3646
1826335,3557
1828202,3509
1828432,2968
1828584,3038
1828833,3243
1828971,3195
1829107,3600
1829418,3220
1829445,3334
1829662,3202
1829782,3201
1829914,3268
1830028,3204
1830185,3387
1830429,3313
1830653,2980
1830802,2993
1830938,2906
1831806,2886
1832074,3031
1832218,3741
1832361,3099
1832862,4453
1834635,2881
1834781,3344
1834794,3092
1834956,3303
1835078,3131
1835228,3210
1835273,3250
1835369,3239
1835392,3316
1835652,3340
1835799,3576
1835821,3470
1836002,3390
1836052,3524
1836122,3635
1836232,3601
1836385,3527
1836513,3476
1836714,3379
1836870,3327
1837025,3347
1837147,3423
1837352,3555
1837396,3254
1837950,3133
1838152,3312
1838291,3469
1838724,3337
1838861,3816
1839088,3768
1840289,3593
1840376,3239
1840402,3583
1840628,3469
1840758,3428
1840942,3642
1840960,3875
1841034,4302
1841185,4400
1841218,4037
1841477,4261
1841688,4199
1841814,4012
1842174,3811
1843496,3137
1843664,3865
1843820,3880
1844024,4815
1844124,4095
1844271,4647
1844294,4820
1844415,4372
1844651,4486
1844679,4741
1844825,4849
1844962,4761
1845098,4526
1845346,4445
1845375,4656
1845744,4385
1845892,4188
1846102,4075
1846266,3966
1846374,4219
1846624,4022
1846689,4059
1846907,3793
1846934,3902
1847029,3916
1847061,4182
1847202,3978
1847292,4408
1847339,4267
1847463,4250
1848011,3978
1848252,4306
1848347,4634
1848570,4682
1849450,4668
1850987,3153
1851069,3307
1851252,3752
1851344,3513
1851364,3541
1851521,3596
1851672,3530
1851828,3807
1851893,3513
1852053,4322
1852062,4213
1852231,4033
1852247,5228
1852329,4677
1852352,4688
1852581,4822
1852617,4493
1852679,4847
1852895,4801
1853762,4196
1855198,3335
1855244,3554
1855441,3372
1855589,3290
1855732,3193
1855897,4156
1855938,4285
1856040,4130
1856074,4576
1856209,4391
1856331,4404
1856412,4604
1856636,4783
1856778,4760
1857156,4544
1857182,4405
1857328,4307
1857500,4350
1857734,4248
1859127,3413
1859525,3172
1859562,3272
1859716,3327
1859844,3386
1860012,3440
1860256,4119
1860397,4614
1860435,5195
1860509,4667
1860699,4683
1860854,4870
1860930,4724
1861069,4801
1861239,4581
1861432,4939
1861599,4911
1863658,3396
1863726,3462
1863794,3600
1863913,3632
1863947,4009
1863995,4629
1864030,3598
1864104,6104
1864186,3536
1864414,3865
1864555,4015
1864676,3881
1864797,5919
1864817,4573
1864976,4991
1865333,5203
1865414,5431
1865565,5331
1865785,5047
1865921,5076
1866052,5018
1866185,4936
1867563,3913
1867746,3931
1867803,4078
1867978,4083
1868102,3890
1868105,4106
1868262,4000
1868330,4239
1868384,4327
1868408,4085
1868605,3907
1868780,4348
1868915,4364
1869050,4305
1869070,4553
1869204,4971
1869229,5540
1869896,4770
1870044,4675
1870162,4533
1871753,3319
1871911,3358
1872064,4081
1872207,4084
1872327,4183
1872526,4399
1872682,4076
1872829,4012
1872895,4079
1872981,4884
1873118,4658
1873176,4682
1873390,4654
1873729,4498
1875713,3102
1875762,3182
1875900,3347
1876070,3570
1876206,3518
1876347,3800
1876370,4469
1876549,4041
1876595,6500
1876717,6280
1876896,4048
1877041,4004
1877108,6337
1877231,5559
1877332,5566
1877371,4940
1877560,4653
1877576,5755
1878398,5095
1879912,4074
1880241,3529
1880250,3269
1880999,4170
1881170,4183
1881348,4069
1881365,3904
1881511,4004
1881552,5143
1881670,4247
1881708,4927
1881811,4716
1881877,4694
1881896,4827
1881984,4821
1882050,4452
1882057,4844
1882110,4889
1883866,3704
1884056,3566
1884098,3631
1884330,4348
1884365,3628
1884427,3730
1884562,4433
1884603,4306
1884881,4492
1884900,4574
1885233,4992
1885410,5023
1885549,4828
1885569,4383
1885703,4720
1885748,4764
1885829,4913
1886160,4441
1886558,4415
1886731,4525
1886897,4587
1887030,4506
1887168,4416
1887292,4954
1888155,3928
1888339,3825
1888348,3914
1888478,4033
1888516,4427
1888692,4431
1890261,3432
1890786,3371
1890803,4038
1890964,3776
1891099,3862
1891295,4177
1891450,4715
1891613,4605
1891771,3873
1891932,3816
1892086,3733
1892284,3625
1892586,3422
1892608,3709
1892760,5337
1892785,3687
1892932,3612
1893093,3721
1893329,5423
1893491,3372
1895042,3694
1895214,3037
1895443,3305
1895819,3440
1896606,3451
1896783,3333
1896940,3230
1897026,3028
1897204,4298
1897250,3892
1897430,2833
1897581,2886
1897723,3039
1897798,3652
1897953,3622
1898236,3445
1898464,3302
1898587,3290
1898932,3156
1899084,3654
1899875,2847
1899898,3051
1900088,3206
1900221,4230
1900344,3900
1900509,3825
1900630,4027
1900849,3545
1900940,3665
1900962,3684
1901849,3162
1902032,3348
1902178,3283
1902568,3012
1902765,3026
1902787,3163
1902920,3297
1903062,3871
1903088,3544
1903343,3448
1903466,3914
1903520,4003
1903628,3804
1904940,3080
1905098,3939
1905242,3733
1905563,3277
1905763,3405
1905931,3017
1906055,3336
1906085,3974
1906225,3654
1906257,5652
1906441,3533
1906970,4077
1907000,3483
1907096,3530
1907172,4175
1908127,3280
1908356,3278
1908525,3439
1908590,4599
1908663,3935
1908827,4194
1908859,4976
1909184,3093
1909526,3383
1909809,3152
1910003,4172
1910134,4946
1910173,4958
1910194,4987
1910225,5755
1910684,4242
1910898,4348
1911025,4334
1911168,4229
1911193,4322
1911397,4848
1911426,5058
1911450,5943
1911474,5768
1911765,5936
1911800,3821
1911989,4348
1912289,4569
1912324,4717
1913448,3801
1913815,4350
1913893,3925
1914091,4667
1914419,4477
1914567,4237
1914722,4264
1914956,4135
1915130,4056
1915776,3716
1915941,4317
1916059,4572
1916062,3789
1916162,4419
1916514,4589
1916684,4201
1916832,3995
1917073,4130
1917292,4094
1917424,3863
1917739,3718
1917879,3644
1918011,3617
1918202,3707
1918274,3764
1918514,3440
1919610,3277
1920039,2901
1920239,4050
1920384,3846
1920618,3773
1920644,3200
1920921,3910
1922108,2997
1922141,3049
1922365,3472
1922389,2914
1922551,3346
1922571,3030
1922868,3189
1923010,3635
1923064,3438
1923192,4221
1923215,4589
1923251,4229
1923373,4482
1923409,4725
1923458,4592
1923530,3713
1923817,3838
1923890,3380
1924062,3502
1924226,3696
1925474,3225
1925636,3155
1925676,3197
1925823,3345
1925944,3474
1926077,3469
1926222,3787
1926736,3177
1926898,3851
1927073,4350
1927278,4245
1927450,4024
1927637,3951
1927767,3934
1927890,3750
1929097,3277
1929255,3297
1929279,4789
1930233,3354
1930267,4388
1930486,3671
1930630,4167
1930668,4315
1930699,4452
1931098,3969
1931378,3872
1931513,3855
1931648,3954
1931787,3865
1932801,3202
1932849,3254
1933013,3261
1933039,3452
1933224,3411
1933291,3629
1933345,3625
1933414,3858
1933545,3844
1933588,4028
1933601,4009
1933658,4320
1933701,5012
1933909,4329
1934110,4077
1934262,4555
1935033,4369
1935172,4468
1935341,4598
1935493,4407
1936558,3594
1936673,3574
1936754,3625
1936807,3714
1936993,3586
1937021,4627
1937101,4605
1937163,4648
1937435,4428
1937643,4314
1937787,4480
1937818,4682
1937873,4283
1938024,4234
1938541,4233
1938786,4070
1939415,3706
1940678,3049
1940754,3156
1940910,3102
1941036,3039
1941153,2984
1941285,3872
1941363,3681
1941532,3654
1941740,3547
1941990,3734
1942014,3697
1942158,4498
1942535,3369
1942684,3392
1942826,3344
1942962,3314
1942998,3837
1943226,3246
1943998,3054
1944147,2994
1944373,3011
1944439,3046
1944505,2931
1947792,2991
1947826,3881
1947968,3415
1948188,3406
1948426,3440
1948665,3672
1948695,3637
1948842,3661
1948874,3722
1949017,3659
1949041,4043
1949155,4224
1949189,4055
1949220,3916
1949514,3759
1949758,4358
1949791,4551
1949892,3984
1950052,4011
1950348,3864
1950608,4202
1950641,4479
1950789,4483
1950808,4292
1950911,4295
1951074,4398
1951271,4560
1952033,3915
1952102,4126
1952161,4112
1952248,4118
1952363,4921
1952606,4638
1952753,4723
1952798,4928
1952921,4754
1953054,4746
1953274,4577
1953423,4534
1954335,4819
1954564,3821
1954708,4498
1954840,4415
1955626,3549
1955728,3946
1955761,3606
1955971,4370
1956008,3948
1956027,4070
1956082,4902
1956102,4940
1956266,3530
1956318,3290
1956881,3714
1957992,3739
1958191,3627
1958215,4230
1958442,3238
1958566,3889
1958753,3437
1958937,3427
1959257,3500
1959418,3390
1959559,3330
1960487,3416
1960544,3308
1960678,3273
1960855,3775
1961014,3669
1961158,3649
1961378,3997
1961407,3701
1961617,3540
1961863,3983
1961987,3888
1963145,3239
1963431,3365
1963506,3400
1963670,3929
1963769,3619
1964009,3692
1964047,3488
1964156,4003
1964375,3838
1964551,4424
1964826,3699
1964872,3740
1964953,3764
1964999,3808
1965147,3763
1965280,3838
1965337,3703
1965493,3733
1966163,3499
1966343,3532
1966490,3584
1966637,3490
1966660,3154
1966827,3228
1967161,3345
1967395,3462
1967648,3335
1967732,3426
1967873,3335
1969435,3105
1969694,3054
1969908,2953
1969931,3023
1970239,3161
1970391,3296
1970517,3224
1970660,3137
1970755,3430
1970944,3046
1971380,2873
1971572,2979
1971606,3186
1971706,3675
1971860,3972
1973811,3062
1974010,3049
1974040,3523
1974184,3987
1974329,4177
1974350,3775
1974482,3723
1974630,3700
1974660,3897
1974802,3804
1974828,4329
1974978,3805
1975000,3891
1975208,4769
1975334,4288
1975452,4106
1975581,4057
1975897,3877
1975917,3977
1976269,4213
1977138,3595
1977162,3668
1977392,3523
1978001,3993
1978199,3848
1978346,4331
1978383,4870
1978567,4744
1978694,4505
1978843,4532
1978998,4426
1979012,4366
1979162,4416
1979356,4279
1980222,3562
1980271,3603
1980650,3638
1980802,3595
1980946,3755
1980963,3994
1981104,3844
1981126,3915
1981262,3883
1981288,4169
1981501,3778
1981526,4173
1981850,3956
1983047,3155
1983263,3626
1983412,3157
1983723,3402
1983863,3360
1983997,3765
1984118,3728
1984508,3575
1984538,4094
1984711,3742
1984756,3777
1985013,3736
1985687,3332
1985907,3061
1986351,2829
1986406,3210
1986555,2913
1986581,3097
1986728,3292
1986784,3605
1987019,3436
1987142,3468
1987283,3604
1987479,3661
1987634,3743
1987845,3621
1989025,3511
1989231,3210
1989255,3664
1989578,3437
1989743,3417
1989799,3732
1989998,3373
1990034,3611
1990167,4314
1990228,4653
1990374,5033
1990637,4036
1991563,3632
1991579,3350
1991730,3516
1991888,3509
1992095,3360
1992281,3664
1992288,3530
1992397,3338
1993156,3087
1993454,3484
1993690,3091
1993727,3299
1993878,3674
1993911,4145
1994087,4068
1994231,3875
1994351,3853
1994484,3992
1994603,3970
1995388,3450
1995565,3541
1995885,3188
1995985,3190
1996119,3305
1996291,3848
1996365,3661
1996506,3244
1996625,3361
1996793,3416
1996988,3343
1997184,3343
1997363,3476
1997488,3520
1997624,3585
1997762,3616
1997898,3556
1997931,3711
1998542,3594
1999158,3360
1999447,5501
1999470,5423
1999520,3453
2000643,4499
2000703,3986
2000850,3959
2001045,3891
2001091,4161
2001259,4209
2001384,4153
2001523,3864
2001570,3870
2001693,3834
2001755,3958
2001922,4582
2001933,4050
2002062,3974
2002643,3533
2002807,3563
2003059,3948
2003234,3864
2003412,5717
2003432,5263
2003550,4506
2003721,4446
2003807,4034
2003879,4338
2004018,4078
2004054,4211
2004172,4115
2004215,3898
2004480,4357
2004975,3909
2005886,3638
2006115,3610
2006334,3457
2006492,3390
2006698,3510
2007509,3306
2007676,3301
2007930,3651
2008128,3402
2008809,2978
2008964,3018
2008991,3365
2009155,3253
2009342,3351
2010076,3723
2010127,3277
2010240,3940
2010263,4324
2010376,3329
2010525,3372
2010585,6809
2010728,6525
2010864,3673
2010898,6759
2010934,6837
2010962,6565
2011030,4645
2011052,4826
2011089,5034
2011188,3447
2011606,3782
2011778,6149
2012153,4063
2012335,4201
2012471,4159
2012533,5554
2012720,4073
2013510,3818
2013998,3791
2014070,4152
2014249,3741
2014416,3873
2014708,3484
2014716,3664
2014882,4498
2015046,4426
2015211,4340
2015575,4026
2015775,3875
2015937,4069
2016103,4086
2016276,3967
2016289,4102
2016714,3765
2016875,3734
2017027,3648
2018536,3100
2018709,3029
2018869,3411
2019037,3322
2019207,3734
2019368,3861
2020387,3301
2020646,3585
2020803,3019
2020831,3075
2020935,3344
2020974,3111
2021031,3102
2021148,4346
2021291,3337
2021333,3412
2021470,3552
2021606,4265
2021759,3436
2021777,3515
2021914,3517
2021942,3585
2022096,3831
2022121,3776
2022340,3746
2022535,3719
2022913,3487
2023513,2987
2024066,3222
2024277,3226
2024498,4143
2025128,3761
2025337,3618
2025524,3480
2025698,3522
2026735,3118
2026888,3135
2027064,3725
2027096,3264
2027260,3778
2027372,3415
2028131,3240
2028260,3121
2028455,3272
2028464,3803
2028721,3752
2029114,3163
2029261,3453
2029381,3001
2029521,3088
2029725,3232
2029868,3259
2029935,3246
2030084,3621
2030141,3634
2030261,4149
2030624,3374
2030864,3293
2031021,4438
2031177,4514
2031197,4172
2031365,4059
2031509,4105
2031578,4243
2032095,3414
2033293,3753
2033372,3000
2033540,3365
2033739,3522
2033809,3687
2033889,3980
2033959,3720
2034114,4791
2034231,4622
2034453,4527
2036272,3558
2036332,3193
2036482,3093
2036528,3250
2036727,3419
2036751,3522
2036886,3507
2036939,3721
2037089,3623
2037111,3703
2037259,4296
2037295,4087
2037347,4235
2038029,3638
2038059,3720
2038602,4055
2038622,3561
2038782,3477
2038917,3446
2039085,3632
2039256,3507
2040364,3081
2040484,3129
2040634,3060
2040765,3023
2040936,3196
2040960,3080
2041359,3706
2041600,3607
2041744,3764
2041821,4157
2042175,3652
2042385,3528
2042529,3587
2043904,2965
2044172,3616
2044353,3598
2044376,3217
2044537,3157
2044661,3345
2044732,3066
2044928,3638
2045087,3538
2045278,3971
2045370,4056
2045440,3735
2045645,3720
2045767,3656
2045953,3618
2047072,3191
2047384,3132
2047576,2993
2048344,3203
2048471,3075
2048643,3299
2048797,3278
2048917,3339
2049028,3457
2049142,3454
2049817,3317
2049918,3225
2050066,3204
2050276,3184
2050519,3019
2050706,3521
2050726,3453
2050882,3079
2050928,3351
2051094,4243
2051172,3232
2051285,4187
2051641,3730
2052198,3225
2052382,3411
2052522,3327
2052666,3337
2052814,3824
2052831,4290
2053740,3820
2053899,3714
2054018,3704
2054020,3536
2054203,3584
2054341,3532
2054490,3485
2054668,3460
2056054,3035
2056129,3198
2056401,3013
2056553,3958
2056668,3798
2056700,3011
2056762,3121
2056906,3707
2056930,4360
2057379,4143
2057787,3984
2057937,3973
2058119,3456
2058259,3748
2058365,3457
2058549,3410
2058778,3278
2059688,2876
2059753,3005
2059903,3058
2059981,3388
2060130,3209
2060151,3456
2060563,3417
2061342,3412
2061383,4194
2061511,3865
2061603,3650
2061876,3757
2063032,2781
2063179,2971
2063403,3254
2063434,3141
2063651,3218
2063687,3191
2063830,3099
2063861,3738
2064002,3976
2064019,4004
2064160,3812
2064180,3995
2064336,3789
2064340,4061
2064508,4291
2066201,3298
2066692,3114
2066711,3216
2066907,3896
2067047,3809
2067263,4751
2067385,3858
2067420,4011
2067547,3936
2067665,4074
2067665,3987
2067810,4032
2067810,4131
2068050,4147
2068195,4189
2068434,3969
2068591,3858
2068609,4216
2068762,4126
2069868,3603
2069940,3620
2070539,3355
2070557,3797
2070702,3887
2070854,3861
2071025,3816
2071920,3510
2072228,3287
2072256,4064
2072438,3219
2072588,3494
2072619,3540
2072768,3765
2072925,3970
2073107,3736
2073131,3736
2073248,4617
2073362,5234
2073402,4237
2073617,4459
2073755,4418
2073830,4700
2073907,4357
2074104,4832
2076011,3420
2076208,3387
2076370,3461
2076393,3518
2076544,3527
2076683,3726
2076712,4660
2076904,3904
2076931,4096
2077083,4074
2077107,4332
2077250,4258
2077274,4323
2077898,3987
2078081,3920
2078267,3936
2078429,3648
2078643,3701
2078786,3679
2079746,3026
2079948,3445
2080095,3830
2080255,3842
2080385,3590
2080585,3166
2080880,3358
2081026,3916
2081198,3884
2081250,4137
2082250,3303
2082454,3182
2082608,3135
2083219,3852
2083264,4270
2083315,3193
2083406,4770
2083466,3906
2083549,4463
2083770,4477
2083807,4019
2083951,4679
2084075,4607
2084227,4180
2084346,4112
2084477,4071
2084591,4154
2086060,3013
2086231,3607
2086502,3207
2086549,3378
2086702,3475
2086726,3507
2086887,3978
2086912,3802
2087048,4218
2087182,4357
2087206,4473
2087268,4503
2088118,4101
2089369,3709
2089610,3527
2089759,3621
2089964,3299
2090001,3226
2090110,3460
2090252,3232
2090282,3912
2090698,3584
2090758,3838
2090913,3517
2091058,3423
2091086,3460
2091205,3326
2091373,3447
2091423,3579
2091596,3441
2092475,2921
2092650,2827
2092738,3072
2092913,2979
2093271,3303
2093690,3149
2094015,3143
2094833,2995
2095288,3764
2095513,3838
2095871,3509
2096142,4793
2096174,3358
2096244,4791
2096406,3455
2096551,4203
2096676,4306
2096719,4287
2097174,3971
2097325,4154
2097375,4170
2097429,4078
2097557,4234
2097583,4256
2097625,4216
2097932,5214
2097988,5172
2098058,5118
2098196,4989
2098215,5292
2098622,5715
2098794,10773
2099082,10766
2099110,10691
2099330,10799
2099942,12891
2099970,12621
2100122,12574
2100152,12735
2100351,12583
2100593,12543
2100612,12466
2100801,12878
2100818,12691
2101025,12643
2101172,13084
2101189,12865
2101344,12764
2101362,13049
2102032,12301
2102060,12408
2102294,12852
2102346,12310
2102613,12355
2102877,12198
2102900,12364
2103571,12284
2103609,11981
2103744,11972
2103879,12045
2104032,12083
2104170,12077
2104674,11748
2104816,11745
2105026,11784
2105077,11923
2105187,12559
2105249,12821
2105516,11897
2105751,11751
2105910,11776
2106082,11799
2106245,11983
2106672,11841
2106741,12238
2106797,14093
2106911,13675
2106914,13920
2107048,13610
2107219,13514
2107412,13756
2107435,14198
2107464,14263
2107505,14470
2107555,14334
2107987,14041
2108175,13405
2108391,13395
2108479,14138
2108694,13384
2108710,13253
2108871,13276
2108895,13301
2109097,13180
2109306,13320
2109595,12919
2110256,13157
2110426,13040
2110650,12922
2110826,12909
2110970,12958
2111117,13302
2111251,13338
2111272,13557
2111389,13820
2111757,14228
2111770,13986
2111922,16537
2111999,16770
2112200,16514
2112345,16835
2112974,16163
2113872,15350
2114768,14828
2114902,15058
2115181,14502
2115400,14507
2115451,14674
2115598,14612
2115739,14650
2115943,14579
2116413,14472
2116559,14970
2117190,14288
2117211,14436
2117363,14215
2117506,14162
2118491,13368
2118539,13637
2118653,13575
2118807,13605
2118840,13961
2118995,13908
2119170,14060
2119193,14418
2119348,14492
2119552,14190
2119724,14531
2119864,14217
2120470,16650
2120624,16607
2120842,16951
2121000,17028
2121068,16829
2121192,16655
2121428,16655
2121500,16447
2121667,16328
2121807,16559
2122033,16046
2122188,15991
2122327,15939
2122524,15830
2122778,15701
2122990,15647
2123214,15476
2123621,15182
2124365,14525
2124545,14487
2124682,14403
2124843,14365
2125016,14554
2125368,14337
2125579,14329
2125628,14910
2125806,14680
2126081,14506
2126254,14618
2126371,14864
2126548,15378
2126722,15317
2126880,15102
2126901,15761
2127065,16055
2127072,15648
2127230,15822
2127249,16275
2127411,15990
2127462,16263
2127635,19747
2127803,20006
2128117,19430
2128818,19137
2128900,19417
2128975,19257
2128998,19428
2129236,19140
2129276,19304
2129522,18956
2129921,18607
2130393,18239
2130712,17954
2130970,18014
2131142,17721
2131771,17341
2132167,17623
2132383,17602
2132528,17509
2132586,17252
2132646,16913
2132725,17220
2132886,17009
2132950,17247
2133039,17713
2133115,17486
2133254,17738
2133274,17937
2133397,18104
2133435,18183
2133877,18035
2134650,17637
2134712,17676
2134922,17626
2135024,17841
2135180,17865
2135478,17885
2135736,17863
2135884,17874
2136042,17803
2136189,18038
2136837,22659
2136979,22403
2137134,22303
2137253,22430
2137412,22103
2137693,22073
2137861,21955
2138109,21793
2138247,21756
2139340,20902
2140229,19977
2140438,19904
2140650,19752
2140825,19855
2140970,19871
2141118,19669
2141360,20039
2141504,20008
2141642,19415
2141652,19308
2141798,19372
2141931,19413
2142074,19350
2142108,19439
2142193,19474
2142262,20697
2142666,19117
2142814,19088
2142955,19142
2143151,19184
2143193,19323
2143357,20160
2143413,20259
2143602,20759
2143963,20478
2144652,19987
2144797,20056
2144981,19931
2145228,19915
2145248,19877
2145381,20517
2145697,19894
2145795,20226
2145827,20124
2145935,21067
2146097,21130
2146118,20989
2146265,20793
2146290,21360
2146444,21161
2146464,20691
2146600,20679
2146731,20795
2146837,20850
2147034,23737
2147206,23776
2147376,23445
2147470,23577
2147638,23644
2147729,23390
2148028,23914
2148411,22862
2149184,22173
2149391,22053
2149820,21725
2150077,21557
2150278,21731
2150574,21469
2151717,20276
2151820,20293
2151980,20265
2152012,20180
2152101,20230
2152240,20157
2153123,19423
2153170,19466
2153308,19465
2153391,19513
2154061,18974
2154221,18936
2154346,18924
2154492,18906
2154547,18986
2154700,18938
2154746,18997
2154819,19052
2154891,19091
2155052,19050
2155217,19696
2155350,19530
2155375,19834
2155579,19961
2155729,20219
2155953,20236
2156234,20245
2156359,20374
2156388,20530
2156569,20542
2156627,20619
2156710,20663
2156750,20737
2156900,20709
2157277,20696
2157342,20390
2157552,20293
2157696,20389
2157860,20345
2157882,20491
2157991,20447
2158264,20308
2158630,20142
2158719,20170
2159011,20005
2159161,21209
2159356,19866
2159687,19644
2160509,18932
2160571,19852
2160746,19727
2160942,18848
2161067,18856
2162706,17332
2162721,17801
2162921,17368
2163142,17271
2163346,17225
2163347,17297
2163504,17333
2163701,17194
2163719,17298
2163910,17235
2164056,17228
2164192,17198
2165013,16493
2165154,16488
2165347,16413
2165509,16383
2165650,16344
2165783,16376
2165900,16499
2166111,16384
2166250,24802
2166593,15972
2166784,19943
2166920,24096
2167051,23945
2167783,24059
2168066,23174
2168216,23373
2168523,22956
2168593,23409
2168787,23166
2169132,22607
2169290,22677
2169382,22519
2169560,22494
2169722,22382
2169776,22344
2169879,22321
2170004,22760
2170030,22619
2170191,22450
2170408,24135
2170441,24531
2170586,24064
2170603,24420
2170906,24010
2171352,23398
2171496,23784
2171660,23563
2171695,23379
2171781,23589
2186058,9842
2187229,8696
2187358,8069
2187399,8906
2187571,8673
2187749,8233
2187913,8125
2188068,8024
2188211,9575
2188226,9778
2188391,9985
2188399,9444
2188574,9352
2188586,9444
2188729,9388
2188757,9459
2188883,9433
2188923,9568
2189034,9474
2189186,9491
2189438,9271
2189558,9239
2189783,9109
2190021,9134
2190233,8928
2190340,8938
2190482,9382
2190509,10568
2190742,10502
2191110,10279
2191780,10235
2191981,9902
2192496,9569
2193372,8593
2193547,8302
2193572,8592
2193716,8319
2193802,8344
2194027,8260
2194193,9207
2194327,9161
2194366,9244
2194485,9165
2194635,9101
2194897,9299
2195052,9352
2195141,8861
2195488,8598
2195628,8569
2195745,8679
2196908,7548
2196948,7715
2197081,7596
2197257,8890
2197381,8438
2197531,8361
2197573,8427
2197702,8708
2197841,8722
2198031,8614
2198167,8602
2198968,7979
2198990,8060
2199182,8095
2199365,8531
2199564,8343
2199704,8452
2199876,8228
2200583,7417
2200774,7439
2200950,7741
2201167,7573
2203114,5852
2203276,5881
2203435,6059
2203621,6866
2203764,6612
2203792,6443
2203901,6989
2204038,7727
2204233,6851
2204252,6477
2204484,7144
2204505,6629
2205038,6652
2205190,6563
2207103,4961
2207136,5084
2207349,5164
2207738,4916
2207941,4862
2208031,4895
2208195,4977
2208568,4657
2208783,4533
2208802,4738
2208948,4786
2209185,4636
2209246,4677
2209276,4747
2209391,5274
2209535,4644
2209735,5454
2209884,5403
2210051,5421
2210349,5170
2210471,5301
2210583,5351
2210918,5156
2211140,5092
2211333,5152
2211485,5089
2212985,3863
2213008,3931
2213215,3804
2213374,3788
2213392,3880
2213579,4391
2213706,4382
2213853,4830
2213935,4325
2214129,4271
2214272,4209
2214320,4282
2214505,5090
2214702,4819
2214725,4329
2214874,4405
2215000,4953
2220742,2926
2220761,3249
2221034,3474
2221056,3598
2221260,4523
2221291,3577
2221396,3700
2221541,3721
2221682,4158
2221714,4182
2221870,4096
2222033,4040
2222055,4224
2222156,4212
2222193,4353
2222276,4180
2222765,3918
2222806,4069
2222976,4121
2223119,4029
2223256,4497
2223361,4282
2223385,4271
2223693,4713
2223846,4610
2223876,4759
2224039,4466
2224066,4626
2224154,4473
2224285,5700
2224327,4806
2224385,4842
2224630,5407
2225320,4767
2225974,4620
2226122,4292
2226147,4452
2226598,4813
2227339,4405
2227613,3802
2227806,3665
2228142,3516
2228871,3315
2229118,3640
2229280,3426
2229644,3474
2229790,3366
2230462,3240
2231541,2939
2231970,2941
2232207,3023
2232296,3695
2232536,3510
2232560,3543
2232767,3387
2232954,3328
2232978,3476
2233160,3515
2233335,3406
2233520,3467
2233543,3496
2233686,3810
2233830,3614
2234027,3523
2234159,3881
2234276,3606
2234338,3629
2234477,3627
2234629,4377
2234678,3713
2234799,3690
2235257,4473
2235279,3778
2235472,3636
2235643,3646
2235807,4120
2235944,4156
2236177,4751
2236662,4084
2236819,4026
2236864,4105
2236938,4104
2237111,4037
2237267,3963
2237611,4325
2237764,4369
2238004,4100
2238149,4060
2238839,4094
2238862,4161
2239477,3657
2239494,3898
2239638,3732
2239781,3844
2241045,3116
2241192,3039
2241508,2962
2241768,2946
2241788,3070
2241942,3763
2241972,3599
2242164,3471
2242306,3374
2242476,3583
2242542,3629
2242580,3669
2242647,3722
2243925,2981
2243947,3030
2244099,3069
2244237,3000
2244324,3650
2244730,3298
2244986,3242
2245132,3451
2245443,3261
2245583,3216
2246369,3258
2247459,2965
2247484,3161
2247593,3099
2247651,3331
2247802,3232
2247826,3212
2248058,3683
2248098,3812
2248242,4575
2248359,3754
2248535,3629
2248694,3571
2248904,4022
2249086,3779
2249357,3752
2249551,3469
2249766,3389
2249913,4351
2251205,3527
2251228,3058
2251404,3225
2251577,3246
2251601,3325
2251751,3308
2251950,4102
2251977,4314
2252138,4468
2252283,4268
2252309,4553
2252705,4167
2252845,4080
2252980,4029
2253110,4052
2253192,4130
2253288,4168
2253653,5057
2255148,2940
2255304,2942
2255351,2808
2255605,2875
2255743,3876
2255889,3719
2255966,3374
2256122,4006
2256151,3734
2256363,4024
2256383,3785
2256647,3973
2256665,4181
2256905,4467
2258845,3107
2258980,3287
2259127,3340
2259247,3547
2259456,3630
2259815,3393
2260189,3316
2260218,3475
2260362,3473
2260449,3467
2260550,3459
2260697,3435
2260896,3337
2261040,3476
2261173,3328
2261251,3605
2261354,3281
2261432,3360
2261571,3335
2261711,3969
2261851,3932
2261993,3741
2262126,4469
2262269,4440
2262354,3908
2262490,4415
2262891,4140
2263225,3731
2263236,3561
2263344,3737
2264444,3546
2264602,4138
2264665,3503
2264818,3551
2264976,4221
2264986,3630
2265024,3568
2265144,3877
2265428,4199
2265635,4294
2267015,3047
2267196,3396
2267341,2845
2267502,3040
2267710,2930
2267963,3240
2268239,3355
2268855,3312
2268904,3544
2269082,3597
2269207,3574
2269363,3598
2269507,3506
2269751,3762
2270156,3215
2270548,3260
2270719,3250
2270838,3422
2271010,3180
2271041,3685
2271265,3708
2271347,3487
2271400,3606
2271547,3850
2271665,3931
2271797,3851
2271816,3645
2271915,3733
2272021,4102
2272192,3876
2272995,3354
2273169,4602
2273207,3586
2273346,3143
2273603,4035
2273820,3200
2273967,4409
2274265,3753
2274292,3627
2274485,3883
2275900,3290
2275935,4900
2276050,3871
2276125,4021
2276145,4472
2276207,4589
2276881,2986
2277750,3135
2278049,3139
2278206,3608
2278338,3586
2278427,3267
2278458,3082
2278587,3112
2278613,3355
2278767,3281
2278986,3230
2279014,3309
2279149,3395
2279294,3357
2279426,3169
2279652,3514
2279712,3060
2279873,3061
2279993,3019
2280185,3045
2280667,3560
2280866,3311
2281008,3526
2281023,3343
2283678,3306
2283858,2995
2284018,3191
2284376,3058
2284837,2976
2285051,2917
2285217,4042
2285363,3058
2285526,3056
2285690,3292
2285855,3180
2286014,3122
2286202,3561
2286486,3349
2287021,2868
2287326,2783
2287487,3100
2287642,3058
2287662,3224
2287811,3331
2287989,3253
2288023,3499
2288127,3515
2288278,3512
2288637,3558
2288714,3449
2289281,3237
2289408,2998
2290025,3303
2290143,3047
2290178,2866
2290342,3055
2290513,3232
2290649,3254
2290986,3553
2291337,3122
2291342,3303
2291584,3233
2292029,3005
