229,5368
448,3695
779,3446
1001,3863
2708,3764
2832,4173
3523,4269
3648,3845
4604,3576
5178,4163
5201,4506
5229,4657
5365,4316
6269,3887
7393,5199
7963,3655
8121,3753
8661,3429
10302,3369
10493,5269
10564,4564
10626,4888
10765,4663
11996,4313
12489,4766
13292,3569
13928,5189
14030,4779
14062,3920
14569,5520
14688,5676
14975,7140
15191,6387
15374,4498
18180,4031
18198,4356
18483,3547
19318,4789
19498,4846
19560,5111
19725,7768
20463,4792
20689,6891
23148,8085
23203,4763
23415,6360
23609,6118
24067,5608
24195,5429
24352,5215
24511,5769
24700,5667
24843,7668
24994,6128
25291,6025
25431,4726
26958,4844
28221,4578
28893,6051
29378,6450
31049,4863
33114,3471
33144,5960
33803,3884
34317,4733
34566,5115
34589,4288
34751,4709
34993,6138
35208,5684
35443,5045
35651,4287
37723,4630
38300,3517
38554,4262
40090,4454
40408,4414
40546,4144
41270,5251
41326,5697
41987,5170
42143,4512
42645,4546
42977,5265
43115,4470
43998,4150
44469,3497
44907,3697
45057,4167
45209,4370
45429,3601
48650,5655
48808,4002
49059,5052
49263,4451
49417,5188
50461,4456
50637,5850
50758,4096
50890,4735
51006,5829
51909,5033
55588,7051
55883,7698
55962,7875
56107,8258
56297,5312
56516,6418
56674,6055
56969,7993
57105,7146
57250,7373
57399,7925
57543,6190
57686,6102
57817,5314
57920,7342
58047,9538
58250,6648
60327,5755
61096,5039
61294,5462
61443,6217
61640,8584
62052,5326
62761,6952
62962,7866
63161,7304
63301,6722
68624,4468
69020,5902
69243,4663
69521,6550
69839,5916
70056,7117
70250,11243
70479,6864
70663,6980
70865,5786
71583,12660
71756,5079
71920,8060
72062,7973
72522,7637
72697,7515
73020,6462
73147,6995
73276,5791
73948,6874
74149,9935
74293,9278
74412,9235
74532,7347
74647,7817
74762,9397
74950,8426
75085,8785
75236,8572
75377,5507
80926,7820
81063,4164
81482,7365
81768,7030
81955,6692
82077,4704
82195,6502
82636,5229
84172,3926
85749,3561
85938,6008
86471,5758
86496,10061
86708,8931
86809,6669
86948,6586
87442,4452
88469,8239
88914,8284
90324,6962
90639,10590
90811,8849
90872,8301
90916,8363
90949,8281
90985,8773
91025,9478
91099,9832
91142,10166
91178,14842
91215,12754
91256,12818
91306,5639
91311,13205
91336,11443
91361,13093
91406,11999
91701,7731
93567,9664
93917,9630
94904,8489
96248,9718
98652,4966
99849,5020
101596,3916
101669,4964
102063,4578
102076,4324
104006,4015
104762,3816
105107,4900
105455,3394
107674,9097
107702,4780
108471,6044
108546,10982
108988,4980
109031,5827
110701,6821
110887,4829
111102,8696
111290,4808
111449,8448
111510,8223
111561,12806
111661,8559
111708,8813
111759,11208
111803,14476
112685,8011
112886,11176
113299,5574
113332,6519
113947,9776
114602,11337
116581,7124
117671,4329
118081,8294
118512,6051
119000,11500
119309,6313
119473,11782
119606,10675
119767,9962
120641,10026
120826,9315
122121,9536
122498,10033
122663,10976
123227,6272
123413,7518
123562,7519
123756,7221
124092,7866
124258,8007
124630,6776
124775,7021
124893,8181
125035,9414
125152,6761
125323,7057
125438,7279
125557,8323
125670,8259
127108,9831
127687,6390
127822,6420
131300,5168
132448,5771
132546,6830
132585,7688
132892,6663
133108,6616
134800,5539
134943,4835
137066,4400
137318,6137
138249,3514
138604,4043
140432,5898
140686,6283
140780,4221
140937,4860
141265,5778
141290,5734
142080,5107
142182,5501
142336,5829
142860,5015
143081,4744
143353,6876
143475,7117
143712,5030
144063,4788
144296,4271
144357,5001
144852,4341
148645,4903
149550,6732
149583,4234
149659,5190
149719,6358
149957,7787
150360,7374
150851,5355
150956,9254
151027,4895
151122,8855
151502,8520
151586,8530
151678,8485
151791,7805
152116,7424
152274,7798
153217,6709
156708,6232
156826,5426
157124,5737
157483,5106
157602,6400
157855,5760
159749,7457
160550,5576
160702,5074
160724,5616
160837,4648
161112,5148
161362,5246
161504,5570
161538,6814
161643,6587
164853,4611
164869,6328
165025,4296
166376,4719
166720,4319
166991,4153
167727,7604
167896,9737
168033,8979
168150,7989
168307,7749
168590,7479
168820,7370
169336,7199
169429,9494
171974,4943
172140,5494
172283,5205
172606,5819
172821,7039
173057,4843
173272,4860
173445,7059
174361,8603
174533,7459
174670,7224
174828,7017
174980,6814
175111,6932
175226,6513
175356,5367
175550,6392
179060,3963
179240,5391
179376,5484
179685,5687
179908,6582
180054,6015
180179,6612
180311,5504
183295,3766
183810,5523
183968,3990
184018,4155
185045,4408
185454,7161
186111,3601
186739,7404
187451,4707
187654,5348
187795,5308
188010,11080
188238,5300
188550,9421
188684,10148
188824,10432
188944,10011
189058,10856
189179,11486
190260,7194
190450,9411
190607,7236
190788,11609
190943,9191
191114,10996
191645,11030
191802,11444
191954,10589
192472,9535
192678,10833
192840,11187
193177,13064
193339,8912
194911,9888
195070,8888
195206,9398
195347,12146
195471,11328
195647,12623
195804,12022
195945,12007
196076,11678
196223,11947
196363,13125
196687,12077
196726,14542
196768,13804
196802,13064
196836,14368
196869,12435
196914,14436
196947,15740
197125,12256
197480,10101
198527,10112
200481,9249
200700,6171
207378,6162
208569,3554
208792,7833
210803,6467
211141,6598
211723,6172
212303,5154
213576,4217
213709,4137
214353,7234
215319,5267
216485,6511
216717,6205
218825,6283
218859,5860
218936,4907
218960,6821
219125,3928
219286,4557
219658,6067
219670,6899
220582,8469
221445,6014
221840,7136
222018,7733
222157,7514
222291,7604
222600,4565
222745,8175
223669,8821
224377,7221
224558,7294
224747,7610
224886,6606
225134,10745
225311,10362
225555,10477
225808,9056
225964,8501
226115,7577
226234,9695
226671,10285
226801,13119
226939,8786
227103,9954
227192,8635
227467,10162
228538,13971
228691,13974
228814,13525
232117,7752
232556,8460
232697,7112
232815,9642
232956,7230
233103,6867
233249,10271
233419,11629
233740,11874
234286,7804
234617,8846
235445,8871
237257,7979
237483,7486
238868,5206
239009,8454
239057,9416
239596,7093
240022,8125
240214,8733
240359,8640
240525,8674
240671,7903
240694,7515
243743,6098
243913,6272
244128,5169
244498,7739
245553,6268
246201,5935
246846,5205
247478,3736
247758,5922
248477,4511
248610,4407
249210,7879
250226,3995
250552,9261
250643,5194
250766,9304
251070,6898
251426,8668
251479,7888
251583,7067
253558,5412
254478,7102
254610,6783
254741,5811
254860,8608
256214,4552
256518,7655
256692,7213
256893,7217
257055,6996
257215,5521
260528,7388
260690,5948
260835,6314
260983,7891
261121,5140
261669,6456
261817,10735
261954,7545
262088,7469
262422,11139
262574,11394
262771,10867
262911,16874
263045,10135
263181,7166
263301,7757
264550,10538
265182,12351
265331,8569
266029,13595
266297,11180
266663,15028
266804,13065
266984,10651
267178,12503
267463,10121
267592,12482
267704,12720
270237,11110
270749,9269
270893,9690
271087,9614
271238,9514
271428,9796
271583,14385
271725,14638
271866,12131
272000,12577
272131,10643
272265,10623
272414,10526
272605,10905
272745,11066
272887,11881
273020,15135
273192,9840
273702,7773
278040,10192
278580,10230
278725,10411
278860,10383
279019,10007
279159,10579
279347,9409
280246,9862
281373,9801
281517,8163
285238,7349
285281,5709
285323,5717
285411,5489
287328,13165
287500,9522
287640,11156
287811,9319
287933,8831
288192,10076
288347,10537
288591,10388
288838,9248
289268,8904
292856,18517
292946,25356
293051,4789
293238,4742
293492,6115
293692,5759
293868,9997
294048,15833
294226,9914
294444,9318
294623,9437
294815,13197
294992,13143
295161,22659
295343,18462
295470,18688
295641,17093
295817,17099
296001,16129
296191,16837
297223,17537
297492,24263
297647,17280
298614,14702
299084,12630
299249,17331
300567,18063
300733,11818
300892,16175
301044,13008
301214,17638
301367,27811
301537,25150
301692,26091
301841,26047
301992,20691
302150,18198
302300,17112
302466,22650
302635,27487
302794,26115
302945,27535
303101,24406
303258,26027
303428,25174
303581,20591
304868,21958
304920,16569
304966,16705
305486,26263
305677,25955
305860,30098
305939,25977
306262,17222
306583,19329
306832,14155
306910,14673
307094,13187
308292,14255
308468,12175
310050,22950
311545,23083
311946,24117
312327,21407
313484,25236
313652,25133
314349,24569
314558,24422
314759,24338
315104,27688
315627,20140
315702,19409
315887,24587
316189,22727
316840,22005
317196,23687
317968,21290
318574,19023
319059,14067
319720,23825
320029,18180
321876,25742
322125,23022
322332,16251
323282,21340
323495,21499
323673,14477
323829,21049
324004,14261
325220,19605
325442,19605
325855,21865
325904,22468
326479,19690
328043,18663
329240,17591
329955,17326
330199,15521
330225,18962
331107,19915
331244,17780
331297,17624
331366,17745
331435,18909
331495,24627
332376,17680
333987,16854
334167,16440
334437,16086
335337,22525
335409,21845
335462,21552
335509,19496
335562,19121
336701,21032
336992,19181
337244,18173
341309,11284
341558,14020
341728,12839
341884,13880
342045,13999
342204,12883
342366,12819
342543,11800
342794,10030
343235,9724
343582,9676
345224,7225
345553,6561
345776,6478
345901,9453
350412,6335
354203,4770
354855,6872
358083,6569
359562,4669
359732,4382
359817,9690
359908,8186
359991,10262
360481,7513
360615,6754
360691,5576
360968,7697
361054,8027
361148,6160
361299,6186
362429,5616
364847,4000
365104,4122
366182,5460
366722,4511
366849,5835
367521,5664
367523,4237
368440,5454
368780,4393
369654,4047
370307,5526
370333,6245
370471,4675
370500,7161
370661,5998
370822,5153
370866,6191
373967,4850
374569,4895
374686,4987
374882,4389
375988,4687
376144,6853
376283,4723
377733,5803
377981,4853
378369,5898
378419,5636
378552,5943
378618,4458
379493,5814
379702,4838
380521,4084
380670,5135
381542,4530
381916,4791
381951,5872
381988,7370
382007,6502
382866,4734
383269,4977
383704,4636
383866,6134
386884,6081
387026,6853
387238,7364
387266,4853
387450,7908
388424,6449
388579,5444
389558,5904
389610,4968
389637,6393
389648,9316
391673,6900
392063,4283
392479,5562
392619,5897
392757,7248
393068,7651
393997,7940
394229,5844
394728,5726
395425,6285
395485,5775
395505,7366
395556,7908
395574,8359
395610,9320
395631,9410
395692,8820
395710,8467
396195,5944
396521,5396
402281,4413
402621,4323
402993,5178
403206,4889
404229,3469
404936,4000
405564,5561
405884,4613
406089,4246
406710,3863
407317,5043
407541,5640
407843,4911
407955,4634
408233,4775
408318,6193
408990,6604
409671,5195
409798,4814
410089,5856
410831,4362
410939,4865
411177,4495
411988,5792
412982,6817
413716,3480
413817,4778
414485,4601
417148,6167
417235,4138
417828,4993
418179,5670
418207,4462
418521,3969
418627,5045
419474,4787
419624,4350
419834,4722
420183,4896
420435,4404
420866,4121
421021,4495
421614,4083
424594,4466
426079,5425
426492,5073
426569,5656
426753,5794
426834,5763
426911,7553
427030,5473
427085,5549
428370,4674
428542,4175
429241,5003
429524,3949
429725,4116
429905,4361
430159,4624
430242,6095
430727,6034
434591,5212
434743,5321
434896,5330
435297,5332
435475,4826
435676,6276
435735,5256
435895,4687
436095,7014
436887,4591
437455,4352
437482,4044
437654,5042
437814,5135
438084,5448
438104,4268
438309,4438
439902,4261
441032,3667
444943,5516
445004,4452
445140,5487
445346,4185
445359,5901
445643,4617
445751,5217
445930,5399
446829,5719
446876,5175
446942,4640
447076,5738
447318,4795
447569,7311
447783,5472
447909,6242
448100,6725
448712,8101
448859,5878
449983,4462
451066,5990
451510,5365
452544,4388
453749,4135
454520,3552
455170,4485
455780,4101
456195,3556
456955,3409
457888,5113
458142,5614
458288,4282
458481,5693
459350,4285
459954,5408
460782,5723
460807,4780
460963,5071
461129,5497
461248,5562
461434,6035
461593,4728
461725,4862
462583,5154
463480,5857
463648,5912
463843,4291
464005,3665
464202,3827
464334,4718
465140,4530
468973,3762
470010,5481
470032,3312
470215,3797
470634,6789
470874,6150
471022,5632
471229,5207
471605,4543
473359,5368
473512,3112
473646,3553
474197,5456
474307,4595
474374,5549
474631,3881
476649,6590
477459,3384
477686,3374
477872,3889
478257,5055
478342,5230
478766,6167
479302,5033
479789,4633
481986,3650
482150,4346
482320,4940
482452,3985
483460,4691
483623,4618
483832,4476
484155,4980
484503,3864
484705,4235
485216,3625
486026,6938
486149,3817
486571,5158
486832,4820
489019,4706
489117,6186
489285,4913
489395,5646
489836,4256
490205,4482
490328,5137
490526,5686
490725,7600
490984,6942
491345,6328
491545,6213
492726,5135
495946,4626
496364,5270
496826,9659
498166,4292
498371,7613
498493,7091
498768,6567
498973,8959
499249,6005
499383,7195
499567,8594
499908,7102
500146,7563
500298,4876
500455,7544
500708,5094
502204,5571
502515,5542
502615,4763
502790,7999
503325,8238
503350,9299
503480,6233
503659,6785
504024,6493
504830,8674
504912,7421
505430,7516
506069,6970
506344,6762
506628,6539
506728,9538
507062,7309
511600,6559
511746,5944
511904,5241
512174,4519
513583,5171
513680,4049
514591,3188
514756,9081
515147,5444
515315,4728
515448,4982
517880,4328
518062,4088
518640,5844
518879,4733
519585,4399
519603,3231
520397,8243
521778,3798
522818,6201
523257,5217
523767,4765
524506,4428
524711,4146
524834,5408
524977,5166
525147,4601
525283,4807
525460,5318
525603,5035
525736,4859
525897,4586
526013,4969
526501,4651
526672,4261
527488,5531
527642,4313
529246,5234
529375,4135
531211,3448
531429,3495
531579,3746
532161,3366
532492,4166
532698,4115
532736,4819
533753,3869
534049,8407
534215,7378
534355,7646
534996,4711
536459,5059
536609,5474
536995,5477
538599,3674
538747,4237
539245,4290
539404,3631
539542,4615
539760,5917
539884,3431
540225,5560
540261,7417
540288,7304
540333,7134
545257,8211
545604,7918
545881,7111
546051,4048
546212,6237
546365,5687
546564,5439
546719,5214
546879,5249
547036,5193
547195,4467
548664,4943
549316,3624
549358,5705
549757,3960
550325,8252
550521,4385
550682,5201
550834,5119
552698,6168
553567,4520
554045,5676
555097,4092
555301,4601
555764,4407
556039,4225
556226,5244
556469,4177
556517,4986
556781,5300
557099,6273
557135,6703
557790,3624
560567,3900
561023,3967
561165,6253
561590,4883
562129,5053
562477,4821
562734,4774
565305,3649
565325,6802
565544,6784
565609,7593
565662,6007
565817,4229
566096,5819
566478,7140
567134,6952
567844,6041
568007,6050
568148,5918
568292,5648
569707,4278
570252,5491
570276,5714
570626,6770
570703,6584
570868,7073
571189,6309
571347,6100
574097,4693
574134,5911
574317,7347
574352,5959
574456,7669
574493,5432
574635,5030
574936,4956
575811,6367
580579,3755
580787,4236
580955,6324
581101,5122
581242,5597
581377,5518
581441,5299
581669,5458
581781,5548
581893,5073
582353,7153
582796,8695
582956,6801
583177,6857
583324,7760
583754,7003
583952,6760
585380,5106
587915,5270
588649,11951
588652,4220
588962,9394
589051,9468
589206,8503
589326,8982
589813,7364
590099,5885
590535,6452
590887,7367
591131,7281
591343,9130
591552,8674
591757,7514
591813,6964
594628,4541
594811,5162
595036,6713
595216,7039
595299,6500
595442,6148
595735,6383
596083,6234
596419,6745
596814,7154
597037,7437
597236,5758
597322,10164
599581,5677
602707,3920
603070,3791
603437,3741
603705,5842
603829,5846
604019,5706
604199,6025
604542,5728
604730,6062
607251,4592
607375,5022
607458,3723
607691,6155
607788,5133
607914,5704
608005,5227
608114,4877
608442,5252
608766,4601
611475,4152
611812,3394
611957,3916
612126,4442
614562,3360
615728,4112
616100,4073
617218,4160
617645,4014
618290,4295
618565,3737
618873,3481
619157,4733
619290,4652
619523,4971
619706,5621
619979,7017
620220,8331
620652,8824
620693,6655
620852,8197
621141,6062
621470,5680
621716,6553
622004,5637
622631,5010
622734,6993
625268,5075
625549,4734
626047,5092
626107,4838
626258,4363
626377,5696
627447,4358
627855,4741
628681,4402
629267,3938
630295,3447
631419,3389
632050,3967
634075,3369
634295,4722
634859,5166
635541,4332
635845,4088
636278,4505
636334,7183
636608,3846
636691,4144
638040,6622
638166,6439
638304,6029
638474,6174
638575,5908
638738,6107
639493,4625
641071,4386
641150,5365
641202,4814
641319,6042
641412,4488
641692,4962
642376,4893
642506,5035
643671,4638
646162,3961
647141,3685
647419,3389
648296,3988
649102,5272
649326,4241
649563,3870
649898,4042
650766,3229
651140,4100
651660,3677
652558,3341
652919,4178
653355,3793
654612,4334
654815,4078
655069,5078
655949,4482
656306,3728
656464,4579
656600,4794
656715,4470
656828,5675
656940,4594
657597,3737
658539,5247
659315,4156
659570,4269
659918,10337
660088,5135
660187,10111
660546,8581
662820,6061
663615,7512
664048,4782
664209,4258
664349,5926
665289,5790
665673,8368
665799,7361
665907,4861
666465,6225
666565,4966
666596,4575
667216,4011
667570,6117
667721,5302
668169,7065
668420,7430
668480,7589
668652,6284
668914,5424
669580,6957
670366,6283
671968,5244
672168,5497
672361,6575
673293,6291
673793,5739
673952,5974
674129,7439
675309,6676
675615,5438
675730,5921
675781,7155
675866,7609
675902,8810
675921,8854
675949,8488
679648,6108
680214,3758
680514,5463
681108,4118
681262,4866
681816,4720
682213,4639
682372,4298
682730,5436
683047,5167
683105,8370
683860,4506
687238,4358
687281,3990
687440,4407
688658,3708
688820,3492
689393,6734
689552,4525
689819,4941
691819,3528
692439,5874
692600,4418
692765,4515
692884,4235
693017,3951
693197,5168
693341,7464
694230,7570
694420,7142
694563,4493
694814,7380
695008,6915
695879,7249
696192,6070
696508,6089
696636,7336
696803,7798
697366,5086
698763,4994
699431,5721
699578,4658
699839,5052
699987,6576
700126,8931
700276,8827
700738,8882
701200,8474
701367,5763
701615,5460
704069,5144
704256,5694
705217,6306
705352,5240
705719,4972
705802,5443
706056,6263
706340,7563
707503,9276
707635,9195
707768,8541
707902,8837
708017,6674
708133,8580
708284,6217
711860,5019
712539,5687
712750,5746
712883,5140
712931,5303
713024,4246
714046,6479
714225,4669
714397,5219
714417,6215
718282,5320
718529,5143
718703,4824
718950,5004
719445,3847
719827,4165
720449,13697
720670,5537
720706,6167
721026,5315
721176,9612
721339,8925
721505,8808
721663,7087
721797,7833
721980,8231
722100,8564
724599,6867
724718,8099
724793,6048
724942,9176
725064,8248
725178,11092
725342,8997
725650,6426
725776,5603
726023,8028
726497,16011
726667,11110
727113,10887
727240,11214
727366,14226
727875,10835
728562,10487
728862,12783
729059,12480
729458,11951
729661,9143
729820,11652
731063,8157
731196,7060
731466,10450
731605,11164
731910,10124
732804,9432
732954,9382
733859,8709
734599,6747
734796,6972
735191,7321
735215,7072
739427,4931
739559,3798
739696,5289
739986,7223
740194,7781
740330,7596
740474,7668
740915,8857
743180,4914
743415,4631
743625,5881
743840,5722
744030,6521
744194,9101
744382,8864
744550,6719
744715,8403
744833,8337
749594,5137
749836,5879
749983,6104
750122,5517
750258,5875
750621,6392
750836,7121
750973,6490
751108,8208
751331,10274
751453,8220
751589,7643
751718,9837
751854,9943
751991,9758
752124,9902
752255,9820
752492,9483
752619,9540
752735,8918
752852,8849
752965,8483
758281,4468
758422,5316
758614,5673
758720,8930
758921,9358
759774,4372
759802,4239
760065,7579
760192,4252
761223,7230
763091,5060
764950,4217
766453,8698
766598,7410
766742,8513
766901,7227
767049,7182
767168,31333
767302,21695
767675,12275
767817,11907
767990,11475
768184,13625
768335,10587
768550,13204
768792,14708
768961,14983
770681,32214
770901,30582
771078,17391
771232,17716
771383,17801
771619,15053
771779,10975
771930,7119
772087,18741
772264,9441
772441,6813
772594,6554
772746,14492
772902,9943
773050,10992
773197,11233
773353,14409
773452,16659
773502,20307
773555,16747
773611,17009
773662,18624
773713,17407
773765,17442
775468,16001
775629,16485
776678,13088
776847,12785
777005,10056
777165,18515
777317,18756
777439,20666
777590,18808
777747,18446
777905,18702
778061,18744
778225,18979
778383,19850
778548,20543
778751,17761
779558,17343
780253,24242
780577,15706
780709,16384
780840,16158
780957,15753
781117,14715
782114,15213
782348,13630
782478,19757
783061,20372
783223,19499
783646,18473
784518,17936
784689,18919
784914,18943
786848,15491
789952,15516
791621,12547
791853,12221
792373,11898
792594,11798
792781,11186
793037,23559
793199,25642
793364,25528
793666,24376
794256,17419
794317,24156
794369,23765
794423,24107
794474,22312
794520,22084
794759,23622
794806,16724
794853,23307
798341,11779
799176,17807
799440,17302
799610,16097
799882,15117
800076,15415
800279,14310
800474,17118
800649,14106
800816,14423
801052,10722
801218,9000
801382,10036
801577,14279
801753,8572
801918,8085
805464,19705
805627,20214
805785,18969
805945,13629
806098,18252
806264,17538
807087,16713
807687,16364
807850,16880
808079,16067
808239,12986
808446,14208
808601,12846
808752,11386
808916,8003
809066,15737
809214,17323
809369,6983
809439,17499
809591,15261
809740,15478
812125,13349
812299,13390
812465,13522
812618,13868
812768,13464
812924,13916
813077,13247
813225,9157
822873,4730
823227,5816
823474,3936
824469,5347
825768,6150
825838,6029
826473,5256
826781,3850
828751,4003
832870,7214
833226,4320
833352,10841
833632,6218
833728,5872
834059,5056
834088,4268
834327,7824
834459,7745
834738,6181
834832,6618
835067,5946
835274,5868
835757,5540
835887,5616
836138,6937
836202,6611
836277,7620
836382,6921
836789,6684
837051,5244
837245,5639
838424,5888
839591,8035
840156,5536
840187,5891
840355,5663
842450,4881
843728,5375
844453,6062
844603,5061
844808,4922
844846,4419
845010,4412
845314,4167
846702,3203
846899,3275
847767,6193
847843,5033
848005,4124
848124,4684
848216,4861
849067,4159
850445,4082
851731,3282
852043,3522
853111,8531
853314,8390
853778,9202
853836,4711
856308,4782
856521,4741
856634,5565
856716,4622
857073,5369
857282,5074
858348,4267
859131,4622
859254,4898
859307,10704
859552,8110
859738,9217
860052,8452
860112,9733
860485,8850
860798,10075
860938,9006
861157,8188
861510,7767
861763,6863
862008,6767
864301,8749
865569,8747
865638,4668
865798,4678
866016,4691
866229,5170
867779,3462
868141,3404
868900,5398
869178,7166
869251,7002
869284,7614
869379,5803
870329,5499
870929,5204
871616,4841
872188,7131
872267,6216
872815,6415
872851,7266
873354,13606
873894,10165
876545,7778
876736,11312
876910,7562
877125,7500
877266,7555
877602,9729
877724,7268
878577,8891
878737,8346
878895,9253
879053,8130
880218,7722
880402,9734
880481,9569
881090,9128
881249,9633
881433,8522
881600,8015
881911,8691
881983,8605
882141,10729
882298,8692
882548,9667
882822,10228
883055,7446
883464,9316
883513,12121
883560,17027
883606,16508
883657,12391
883718,16308
885139,13686
885616,6708
887627,11689
888244,20218
888449,11437
888605,12271
889047,11901
889205,7219
889355,6521
891342,9141
891451,10278
891486,9052
891785,8852
892461,8449
893507,8279
894208,13353
894304,12245
894483,14160
894621,7867
894704,13419
894882,13380
895163,10155
895347,15248
895446,14653
896240,11669
897941,13222
898189,11605
898619,11024
898828,8643
902695,8537
903454,8474
903577,8355
903616,7060
903655,8006
904206,7821
904773,7387
905295,9512
905332,9709
905553,5261
905822,9683
905860,8565
906609,7317
906773,6292
906918,5575
907075,6726
913275,3591
914107,4009
914241,6955
914501,8270
914647,5748
914876,9096
915195,5836
916676,4113
917666,4711
917826,4250
918656,6237
918726,6040
918853,7767
918975,7538
919116,4491
919301,6196
919432,5585
919574,5881
919690,5679
919825,6737
919958,6507
920088,6217
920227,6233
920505,6189
927536,5133
927755,9287
927975,8931
928100,9053
928427,8841
929164,13884
929232,8589
929375,11762
929445,8711
929586,9087
929592,7995
929736,16493
929871,8898
930003,12204
930137,18374
930373,13164
930460,11989
930613,14469
930774,12333
930912,11409
931053,11616
931192,12446
931324,11251
931437,11994
931667,11100
932844,10030
933009,10001
933685,16243
933900,13291
934067,13192
934229,15064
934380,12654
934787,12505
934939,14380
935087,13374
935237,14589
935403,14475
935557,14146
935793,18228
935852,18311
935908,21965
935960,20985
936354,10787
936597,10345
939588,20160
939775,19295
940053,19486
940219,19399
940416,19375
940575,20278
940778,17802
940935,19314
941085,19327
941250,19170
941558,17649
941723,17673
941886,15585
942043,14904
945023,15135
945195,11414
945356,14116
945453,14465
945625,12532
945783,14331
945934,14068
946090,11292
946281,13564
949343,8663
954661,5852
954813,6258
954945,6249
955089,6680
955270,6322
955701,6589
960863,4313
963058,4585
963114,5472
963421,8396
963582,3850
963759,6619
963925,6365
964320,5360
964682,5214
964826,4948
965222,8030
966103,8780
966347,14459
966558,6896
966723,9780
966844,9041
966977,9088
967114,9491
967256,16955
967479,10309
967682,14977
967835,16752
968705,7274
968909,4942
969080,7620
969239,8589
969462,8023
970508,14587
970736,14245
971000,13473
971051,13660
971096,13789
971149,16009
971297,13055
972498,16445
972659,14074
972817,13824
972976,13548
973594,13883
973943,13628
974227,13436
974420,13372
974582,13438
974739,14968
974972,11850
975351,12813
977609,12411
977880,12398
978048,12589
978373,16427
978648,13022
978826,14095
978988,14343
979154,13573
979310,15630
979489,15501
979819,14768
980123,14558
980285,14607
980451,11809
980745,14380
980944,16509
981459,17093
981516,16565
982072,16802
982121,16608
982166,15720
983353,13463
983834,13301
985193,11694
985410,11550
985596,11489
985788,10747
985977,10487
989397,9750
990474,8289
995674,5832
996041,5851
997224,6097
997382,6234
997681,6386
997839,5262
997958,6011
998124,6691
998215,5696
998261,6193
998298,7930
1000811,6264
1000965,4412
1001145,7311
1001301,7341
1001942,8687
1002098,8584
1002241,8378
1002416,9288
1002552,7728
1002556,16591
1002705,6659
1004523,3739
1006356,12161
1008088,8525
1008234,8489
1009581,7251
1009887,19267
1010051,9801
1010790,21182
1011047,8637
1011265,6313
1012276,11368
1012452,12806
1012523,7557
1012614,9292
1012693,18244
1012788,16991
1013023,13204
1013211,6639
1013284,7041
1013451,16673
1014442,8853
1014460,16349
1014631,8200
1014647,7290
1014800,6685
1014832,16318
1014973,5805
1015165,9509
1015536,10115
1015931,10489
1016323,13189
1016427,13763
1016738,7330
1017634,10826
1017704,10669
1017716,14949
1017773,11002
1018762,17517
1019898,16577
1020949,15875
1021100,13041
1021430,10068
1022018,15338
1022054,15044
1022085,15095
1022105,17962
1024678,6399
1024913,7096
1025097,7050
1025275,7007
1025453,12189
1026577,11473
1026774,11226
1026953,10944
1027135,10814
1027450,9305
1027566,11814
1027617,11459
1027671,11244
1027727,10909
1027773,11016
1027838,10503
1027897,11705
1027951,11271
1028009,12070
1028060,11588
1038342,7702
1038380,6392
1038451,3739
1039431,4297
1039603,3749
1040245,4606
1040811,4696
1041072,3876
1043260,4683
1043376,5670
1043550,4917
1043933,3742
1044549,5197
1045036,6492
1045101,4469
1045229,6399
1045317,6360
1045612,11226
1045887,5691
1046184,5198
1046258,5218
1046433,5342
1046539,5186
1050049,5094
1050223,4485
1051586,6425
1052774,6515
1052984,6648
1053168,6910
1053312,6373
1053584,6674
1053643,8644
1053701,12256
1053745,9110
1053784,12819
1053823,12121
1054039,5365
1054330,9148
1054374,12165
1054967,11505
1055393,12613
1055775,12139
1055917,12032
1056229,8700
1056373,8764
1056427,9902
1060937,4303
1061510,7194
1061682,8321
1061763,7528
1061927,6546
1061953,7047
1062091,7105
1062246,6065
1062412,7756
1062445,4726
1062604,4845
1062979,6935
1064237,5492
1065975,7904
1066819,5924
1067257,6374
1067593,6986
1067730,6684
1070655,4073
1071088,6554
1071194,6557
1071202,5690
1071364,10518
1071372,6470
1071600,9279
1075680,6932
1075770,8132
1075917,8260
1076099,8600
1076207,9560
1076249,8214
1076373,7768
1076731,7115
1076939,12221
1077118,13336
1077259,12923
1077434,15841
1077580,8651
1077718,10018
1077850,8441
1077981,17869
1078120,13611
1078265,13555
1078406,14938
1078548,13315
1078682,14205
1078955,11897
1079116,11506
1079160,10655
1079671,16225
1079696,9930
1079860,14371
1079920,14191
1080446,12388
1081118,15962
1082169,12121
1082594,13163
1082876,14257
1083430,11432
1083696,10863
1083936,10781
1084202,9411
1087074,6763
1087345,5853
1087459,10706
1087501,8172
1087625,11289
1087942,11013
1088085,9158
1088994,9230
1090727,7955
1091190,7830
1091589,10591
1091683,8664
1091762,11055
1092262,10622
1092310,9160
1092351,9586
1092398,10339
1099506,3927
1099981,4788
1100160,4373
1100418,3897
1100839,3355
1101700,3801
1105104,7507
1105554,3892
1105692,3442
1106168,3534
1106332,5123
1106465,4561
1106673,6503
1106819,4342
1106874,8631
1107047,4008
1107431,6070
1107509,7781
1107600,4070
1108333,12006
1108441,7364
1108452,7149
1108736,6970
1109418,11199
1109460,10135
1109505,9892
1110116,9931
1110156,18397
1112197,9712
1112265,9500
1113639,5558
1114464,17170
1114649,12500
1114806,9227
1114962,9328
1115123,11794
1115432,11402
1116035,13206
1116328,13155
1116468,18193
1116830,12503
1117549,12982
1117587,12994
1117765,13299
1117926,15045
1118079,11947
1118114,11429
1118240,11586
1118606,12674
1118770,11976
1118798,14536
1118925,14865
1119341,17170
1120094,13263
1121856,12207
1122302,12032
1123209,11049
1123447,10272
1124110,12570
1124556,10645
1125046,10215
1125184,11369
1125244,12695
1125291,10561
1125571,13647
1125638,9927
1126382,9823
1126448,8659
1126780,8669
1127242,9726
1128127,10017
1129370,9331
1129586,8324
1131226,7328
1131915,6385
1132165,8960
1133443,9740
1133464,7213
1133685,11131
1134021,7700
1139460,12774
1139642,13292
1139991,5478
1140265,8917
1141959,6532
1142489,6470
1142738,8127
1142869,9853
1142974,7061
1143072,7971
1143151,7958
1143365,12898
1143514,5289
1143737,4829
1143818,8842
1143951,5733
1144213,9334
1144465,5293
1144611,6190
1146810,10929
1146878,9214
1146994,9779
1147183,8508
1147577,10013
1147724,9365
1148062,12872
1148258,10434
1149395,16588
1149408,11333
1151331,9684
1151914,8698
1152138,8372
1152508,8353
1153218,11368
1153596,7323
1153770,16498
1156882,13440
1157615,10992
1157872,10629
1157891,12563
1158026,7019
1158461,12543
1158512,8728
1159093,9736
1159436,11479
1159502,7579
1159642,7947
1159886,7248
1161606,7319
1163230,4680
1163417,4867
1163475,4226
1163884,7193
1164600,10191
1164809,5764
1164916,9168
1165117,8773
1165445,9399
1165558,5606
1165759,7665
1166039,5867
1166253,5852
1171771,5870
1172047,7732
1172173,4751
1172301,8574
1172633,8045
1172680,5381
1173057,4872
1173193,4341
1173424,6738
1173739,6489
1173943,6633
1174167,5521
1175720,5102
1176648,5902
1176972,5671
1177339,5971
1177617,5110
1178214,5885
1178646,5267
1179015,6162
1179182,6311
1179482,5599
1179864,5155
1180277,5067
1180671,5447
1181144,4806
1181332,4943
1182033,6391
1182583,5508
1183451,5478
1183645,5002
1186598,3656
1186945,7861
1186968,6000
1187115,5195
1187465,4396
1187639,4943
1188454,4193
1189169,3691
1189245,3474
1189560,3953
1189628,7132
1189859,5408
1189984,4626
1190143,6575
1190632,5106
1190876,5397
1191249,4700
1191634,5210
1192071,5670
1192307,5209
1192704,4307
1197737,5339
1197821,5251
1197985,6132
1198200,5438
1198491,4412
1198627,5598
1198999,4527
1199281,5243
1199399,3898
1199458,4596
1200332,8330
1200532,3802
1200838,5700
1200946,4422
1201428,6812
1201702,7117
1202111,6718
1202121,4944
1205010,7747
1205614,8868
1205670,8158
1205873,7242
1205997,7554
1206090,9103
1206256,7117
1206331,6749
1206627,6868
1207288,7132
1208000,7764
1209192,4814
1209377,9168
1210035,5822
1210103,7220
1210123,7805
1210180,6421
1210546,4716
1210812,11711
1211460,7078
1212795,5603
1213938,7710
1214626,4131
1215207,5811
1217068,5629
1217408,5339
1217762,5033
1218053,5844
1218227,5604
1219284,5250
1220311,4404
1220576,4246
1220705,4751
1220854,5154
1221088,6377
1221210,6603
1221355,7557
1221490,4938
1221674,6518
1221808,6320
1221953,6805
1222071,6542
1222353,6010
1222535,5497
1226052,4728
1226217,4546
1226470,4089
1226571,4210
1226921,4100
1228925,5603
1229554,4219
1231515,5312
1231915,7881
1232605,4668
1232699,6226
1232850,6464
1233133,5491
1233487,13085
1233500,8640
1234129,4116
1234554,5154
1234703,9793
1234815,5412
1235027,11489
1235160,11513
1235304,7580
1235663,9380
1236035,10892
1236164,8888
1236609,10014
1236663,9365
1236797,8651
1237137,9316
1237412,7884
1237840,7670
1238333,6540
1238707,6434
1240080,7284
1240276,7634
1241081,6909
1241511,19950
1241698,6603
1241910,7216
1242098,5977
1242716,23837
1242818,11471
1243043,11090
1243145,10433
1243310,16161
1243408,11297
1243848,25049
1243968,11504
1244080,11068
1245209,8462
1246547,7302
1246701,7353
1247143,7444
1249890,16013
1250328,6026
1250501,8274
1250640,16613
1250988,7491
1251204,13514
1251497,14696
1251607,16378
1251696,18657
1252007,14620
1252103,16131
1252210,6675
1252289,15720
1252625,10106
1253011,9618
1254799,9268
1255268,9087
1255635,8545
1255875,12009
1255942,9325
1256891,10952
1257030,13444
1257513,14285
1257761,11182
1258038,13635
1258293,7212
1259063,11040
1259225,10802
1260708,10339
1260805,9359
1260884,18277
1261137,9158
1261220,9357
1261308,20492
1261444,8514
1261944,7814
1262794,8341
1262979,8498
1263359,15574
1263686,10468
1264816,14236
1265094,15150
1265708,16152
1266015,13964
1269001,10834
1269139,11002
1269273,9914
1269396,12636
1269471,10284
1269600,9700
1269797,9694
1272262,9091
1274940,7525
1275092,13891
1275223,7772
1275600,7856
1275677,14303
1275780,6151
1275967,6346
1276015,7842
1276102,8090
1276485,13743
1276665,12233
1276906,7846
1277047,10874
1277134,11400
1277221,12090
1277309,8085
1277458,12469
1277545,11124
1277631,5977
1277728,5890
1277787,6396
1282467,5037
1285195,5031
1285250,8426
1285338,6933
1285444,4113
1286291,10433
1287278,8887
1287568,8099
1287757,8493
1287957,7872
1288102,7999
1288139,8645
1288366,7324
1290627,6350
1291308,5722
1292383,4395
1292745,4818
1293544,4815
1293594,6869
1293726,5509
1293959,3806
1294199,5313
1294331,4635
1294828,12246
1294998,11748
1295286,8290
1296292,10633
1296546,7106
1296811,8648
1297061,6618
1299343,7290
1299551,5049
1299657,7350
1299891,4625
1300097,6680
1300236,6189
1300552,6006
1300694,7223
1300845,5979
1300942,7127
1300995,8352
1301250,5893
1301624,7790
1301880,7297
1302069,7045
1302297,8924
1302373,6342
1304242,9264
1304358,7886
1305297,8601
1305783,9099
1305953,8566
1308243,7208
1308316,6718
1309472,6105
1310438,4830
1311727,4307
1311904,4078
1312038,4830
1312286,5347
1312615,4734
1313340,4521
1313559,11090
1313759,10722
1313952,6607
1314059,5956
1314146,8355
1314232,5664
1314766,9792
1318235,4226
1319079,7580
1319122,8937
1319230,15499
1319348,11947
1319437,11313
1319500,10670
1319976,10920
1320155,12462
1320333,10222
1320502,11478
1320646,7958
1320778,6643
1321103,9504
1321477,9204
1321653,8570
1321787,7121
1321919,8821
1322355,11854
1322592,8120
1322892,6860
1323032,9992
1323235,11286
1323553,13965
1323692,11266
1323847,12828
1323981,10696
1324134,11825
1324278,11538
1324543,10241
1324670,8039
1324792,9821
1327765,6388
1328956,12067
1329239,10013
1329886,10271
1331557,11038
1331745,9779
1331908,10943
1332072,10434
1332799,10782
1333058,6637
1337928,5369
1337937,5085
1338166,5237
1338458,5683
1338515,10372
1338668,10026
1338817,9437
1338937,8628
1339056,8689
1339306,12539
1339511,8692
1339824,8089
1340279,7726
1340529,6979
1341053,6904
1345009,4492
1345216,16555
1345376,9173
1345582,9904
1345844,9524
1345970,10783
1346116,7382
1346418,12344
1346568,12098
1346778,11151
1347234,11577
1347634,10983
1348033,10945
1348281,9392
1348724,9794
1348921,11024
1349053,9808
1349202,9262
1350144,8571
1350295,8273
1350520,8390
1350658,16907
1350774,26926
1350903,17723
1351061,26814
1351180,19739
1351293,14304
1351778,16136
1352611,13578
1352798,15289
1353924,22238
1354604,12147
1354749,11709
1354905,12930
1355054,22505
1355205,18395
1355513,22464
1355982,17987
1356122,22701
1356277,19758
1356894,19384
1357061,11127
1357307,16530
1357747,12577
1357987,16135
1358231,18251
1360291,12292
1360439,17646
1360523,12847
1360606,12549
1361439,15143
1361742,12975
1361784,14933
1361828,19637
1361858,12364
1361890,20173
1362331,20895
1362371,19626
1362437,22452
1362467,21904
1362485,22301
1362747,28541
1362805,27505
1362824,26626
1363311,26734
1363589,23130
1363670,28642
1363859,6846
1365135,14585
1365319,16260
1366838,13222
1367361,14757
1367652,15690
1367833,15458
1369153,14964
1369572,15457
1369945,18800
1370121,20302
1370496,16468
1371626,15563
1372060,14758
1372459,17162
1372777,16514
1373125,16438
1374912,14026
1375326,16669
1375379,16561
1375436,16465
1375482,16973
1375531,17285
1375588,15610
1375651,14225
1375783,14041
1378179,13461
1378367,14200
1378441,16264
1378634,16150
1378908,13599
1383673,10070
1386025,6118
1386054,8578
1387626,7256
1387771,5830
1388286,7412
1390533,6437
1390716,6297
1392587,5018
1393852,3634
1394860,3363
1395760,4303
1395853,3282
1398157,4891
1398285,4705
1398316,4159
1399012,5234
1399202,4435
1399260,4532
1399381,4807
1399733,4120
1400104,4627
1400460,4244
1401201,3971
1401296,5494
1401362,5407
1401461,4569
1401857,4344
1409494,5009
1409549,4311
1409669,7956
1411012,3916
1411144,4872
1411731,11822
1411811,5711
1411832,7522
1412010,8529
1412098,6006
1412353,8471
1412565,6000
1412744,6544
1412865,5449
1413057,6909
1414677,7248
1414819,11366
1414908,10561
1415249,10988
1415301,10342
1415347,10450
1415450,5299
1416220,5990
1416444,6494
1416618,5452
1416796,4955
1417909,6129
1418796,7958
1418957,9933
1419183,7245
1419712,9818
1421055,5958
1422549,7088
1424023,5155
1424249,5871
1424426,7042
1424977,8760
1425169,5503
1426494,6036
1426684,5108
1426846,6524
1427044,5316
1427181,5411
1427371,5283
1429687,3951
1429922,4068
1430942,4552
1432038,4327
1432785,4538
1434348,8327
1434361,5123
1434454,5561
1434734,4805
1434872,5733
1435599,4834
1436061,5268
1436204,5253
1437035,6983
1437228,5355
1437366,11156
1437450,6583
1437585,7749
1437724,6723
1437858,3960
1437994,4965
1438127,7443
1438257,6994
1438372,9179
1438635,5664
1439680,8596
1440438,6451
1440636,5157
1441204,4483
1441963,4296
1445370,5900
1446201,3278
1446766,11674
1446814,5848
1448134,5114
1448298,5228
1449555,5780
1449660,4790
1449791,4032
1450235,6827
1450320,6101
1450396,6084
1450836,5180
1450999,6093
1451257,7287
1451472,5424
1452376,5974
1452588,5616
1453148,4897
1453302,10169
1453528,3985
1454133,4822
1454294,7212
1454748,4581
1455003,4676
1455571,6273
1455847,5909
1456178,5958
1456929,5448
1460051,5383
1460454,3785
1460525,5214
1460847,4214
1461212,5020
1461575,4266
1463672,6886
1463904,5475
1463981,5467
1464077,5519
1464372,4648
1465302,5548
1466515,3154
1466684,5854
1466808,6151
1466960,3805
1467283,3408
1467697,5123
1467979,4171
1468284,6459
1468667,6848
1468908,7275
1469802,5096
1469952,4629
1470216,5523
1470896,5062
1471646,5049
1472149,4346
1473701,4175
1473734,3487
1473922,4803
1474079,4607
1477338,8345
1477361,3663
1477624,3664
1477776,6557
1478006,8795
1478346,6107
1478579,6547
1478866,5009
1478973,6771
1481369,4134
1482107,3871
1482335,3972
1482843,5993
1482892,5925
1483049,5570
1483204,5471
1483320,8587
1483462,6997
1483551,7360
1483654,5876
1483779,6360
1483864,8128
1484469,7387
1485507,4837
1486098,5674
1486449,6726
1486924,6599
1487249,4996
1487559,4188
1488427,4836
1490301,3952
1490454,4233
1490654,4996
1490770,5155
1491104,3923
1491384,6298
1491778,3926
1493781,3590
1496428,4470
1496463,5729
1496717,7662
1496802,5237
1497582,6882
1497763,11084
1497882,6732
1497896,6553
1498422,6124
1498581,5366
1498751,5369
1498833,5962
1499035,6595
1499547,5513
1501266,4512
1501477,6024
1502257,6525
1502630,7288
1502668,9791
1502897,7623
1503517,5950
1504117,7441
1504814,5409
1506069,5264
1506213,5588
1506519,4158
1506644,4463
1506799,5481
1506944,7576
1507063,7291
1507565,6739
1507710,6757
1508067,7284
1508212,6657
1508694,6268
1508861,5386
1508965,6522
1512601,3322
1512972,3468
1513189,5300
1513436,5134
1516953,6809
1517003,6564
1517197,6794
1517363,6454
1517594,5332
1517738,7117
1517889,4797
1518578,4534
1518732,4931
1519032,7115
1519470,7423
1519820,7125
1519858,6725
1520055,4868
1520427,4595
1520964,6528
1521021,4714
1521228,5542
1521748,6902
1523281,4691
1524063,5171
1525190,3910
1525242,6162
1526891,3488
1527056,3613
1529317,5537
1529364,4574
1529697,4566
1529732,5015
1530718,12749
1530918,5786
1531109,8723
1531206,4657
1531380,7836
1531435,8116
1531750,6369
1531860,5944
1531982,11648
1532085,12603
1533544,10456
1533720,10195
1533773,10456
1534233,6272
1535098,9254
1535718,9543
1535866,9258
1536076,9421
1536511,7972
1536896,7919
1536974,8829
1537101,7655
1537906,7070
1539518,6082
1540002,12788
1540222,5399
1540486,7964
1540867,8175
1541126,7133
1541612,7736
1541804,7434
1541850,9128
1542153,6999
1542593,7940
1542735,9092
1542923,8347
1543119,11788
1543303,10545
1547900,4049
1548057,5509
1548197,7882
1548584,8767
1548970,7763
1549289,7989
1549485,6923
1549721,7385
1549856,7008
1549888,6661
1550067,5641
1550657,6548
1550913,5295
1553286,6245
1553964,3802
1554294,4941
1554655,4333
1555035,4126
1557916,3391
1559363,5122
1560097,4058
1560115,6483
1560272,5144
1561577,10614
1561676,5450
1561818,9618
1561947,6524
1562042,5106
1562174,8334
1562769,9201
1562973,14735
1563120,6188
1563259,8774
1563502,12338
1563804,4811
1563959,7387
1564038,7739
1564218,9241
1564369,8111
1565091,12363
1565489,8300
1565662,11107
1567550,7787
1567929,10440
1568115,7630
1568203,8284
1568287,7226
1568701,6821
1569064,8715
1569876,8485
1570016,8690
1570221,8825
1570621,8478
1571010,7914
1571540,10174
1571847,9201
1572211,6950
1572981,12557
1573149,12475
1573853,11525
1574202,10208
1574305,10175
1574579,10734
1574764,9089
1574902,7879
1575881,9821
1576026,8344
1579934,5103
1580206,4635
1581499,6218
1581765,5298
1582128,7009
1582277,8568
1582452,4872
1582712,5933
1583232,6615
1583540,5670
1583990,7555
1584531,6811
1584761,5180
1587305,4791
1588431,6843
1588725,4301
1589227,5002
1589455,5711
1589684,5647
1590185,8733
1590230,8769
1590264,5907
1590311,5266
1590346,7399
1590377,7304
1590502,9994
1590861,9689
1590929,8575
1593203,7407
1593415,5469
1593668,6363
1595383,5919
1595436,5689
1596335,3843
1596638,6658
1596766,5719
1597028,8873
1597250,5725
1597584,5470
1597793,8019
1598217,7723
1598336,12182
1598933,11648
1599157,6824
1603320,8107
1603611,5996
1603752,7750
1603992,4309
1604113,5438
1604553,8254
1604813,6027
1604897,10610
1605021,10427
1605575,6708
1606195,11034
1606353,7924
1606769,7801
1606895,5266
1607004,9144
1607184,4887
1607497,7283
1607625,6997
1607820,8177
1608570,6397
1608906,7671
1609104,7552
1609339,7521
1609698,7457
1609939,10100
1610019,8486
1612950,5375
1613751,4987
1613926,9236
1614485,5167
1615089,6597
1615637,3953
1616466,3787
1616710,4118
1617012,6358
1617254,5289
1617645,5364
1618177,5340
1621302,4440
1621415,3776
1621836,5700
1622099,4446
1622152,3796
1622611,4659
1623651,3707
1623877,3632
1624358,5576
1624428,8302
1624595,3748
1626286,4219
1626846,7943
1627036,4874
1628249,4092
1629293,5716
1630038,3888
1630709,4181
1630814,5662
1630917,7284
1631312,6037
1631373,6737
1631776,5926
1632562,5766
1634836,5463
1635692,4077
1635865,4855
1636067,4749
1636212,5482
1636347,8122
1636425,6210
1636538,5937
1636666,6609
1636801,7550
1637531,7363
1637726,6348
1637876,6251
1638478,5379
1638505,5168
1639058,4731
1639218,5732
1639964,4104
1640561,3568
1641621,3449
1643436,5375
1645136,6845
1645322,6796
1645352,7473
1645529,6356
1647036,4280
1647198,3942
1647367,5842
1647539,7392
1647680,7459
1647811,4695
1647928,9395
1648067,10238
1648410,9539
1648556,9459
1648839,8154
1648978,9373
1649110,8067
1649224,12108
1649921,10544
1650117,16588
1650265,15111
1650427,11068
1650648,12546
1651532,14323
1652648,12844
1652871,10937
1653025,13494
1653608,13210
1653753,12260
1653884,12181
1654313,11037
1654970,10931
1655709,11639
1655858,10856
1656002,10617
1656138,11192
1656270,10397
1656648,10116
1657228,6768
1657365,9204
1659466,8262
1659660,8034
1659784,7965
1659935,10151
1660056,7587
1662809,4907
1663352,6029
1664561,4839
1665454,4115
1668179,3715
1670118,5547
1670177,8180
1670293,5055
1670409,4617
1670628,5264
1670852,5645
1671045,5245
1671224,5348
1671936,4975
1672030,4998
1672177,3647
1673086,4941
1673256,6407
1674372,5720
1674861,6451
1675077,6528
1675266,6490
1675430,5719
1675691,6307
1675996,4792
1676349,6260
1676764,5449
1676946,5103
1677166,5495
1680048,4160
1680205,4081
1681590,4744
1682227,3957
1682825,4155
1682940,3862
1683038,4577
1683361,4871
1683474,4811
1683481,4422
1684051,4220
1685075,4372
1685110,4602
1685228,4633
1685430,4583
1687838,4329
1688337,4706
1688636,3881
1688969,4074
1690064,4942
1690275,5617
1690365,3855
1690668,4177
1690700,5239
1690943,5535
1690983,5540
1693404,3575
1694197,3521
1694864,5598
1695245,4361
1696995,4264
1697919,6594
1698056,3986
1698360,8121
1698490,6047
1698502,6504
1698566,8107
1698678,5761
1701597,3506
1701973,4504
1702235,6128
1702285,5207
1702350,4865
1702437,4178
1702774,4638
1703022,5585
1703264,5386
1704598,4471
1704745,5570
1704877,5159
1705015,5102
1705146,4716
1705310,4260
1705420,4814
1705561,5229
1706155,6062
1706714,5424
1710610,3299
1711560,5303
1711629,4530
1712080,9857
1712241,6463
1712558,7108
1712953,7701
1714045,4320
1714242,3648
1714522,5683
1714581,4204
1714681,5368
1714906,8244
1715029,7132
1715126,3969
1715273,8203
1716255,5070
1716638,6934
1716894,6487
1718071,6227
1718227,6395
1718268,7979
1718321,8630
1718832,5199
1719679,5916
1721750,3875
1721977,4871
1722912,4973
1724465,3522
1724937,4550
1725059,5261
1727470,4511
1727777,7706
1727971,7622
1728117,8919
1728160,5487
1728315,8526
1728578,6915
1729556,4296
1730722,5577
1730899,9653
1731069,5164
1731205,10327
1731345,13151
1731472,6016
1732263,11088
1732275,10657
1732537,12648
1732539,11100
1732710,11300
1732819,15093
1733299,12396
1733479,7194
1733679,7445
1733886,9199
1734314,11933
1734480,12767
1734612,11837
1734755,11758
1734887,11713
1735048,13689
1735168,12204
1735305,11743
1735829,9811
1736748,10578
1736956,10578
1737173,11713
1737297,12172
1737693,10964
1737952,11263
1738110,11189
1738270,11306
1738411,8780
1739420,6677
1739688,6997
1739852,6501
1740111,7678
1740258,12311
1740703,8422
1740951,8853
1741320,9202
1750751,5319
1750802,5734
1750945,9178
1751047,5567
1752069,4257
1753231,4195
1753377,5203
1753674,5570
1753889,5465
1754115,4003
1755157,5198
1755353,7533
1755436,7508
1756118,7763
1756679,8241
1756755,3379
1756932,8382
1757050,7634
1757167,8864
1757266,9082
1757416,8118
1757500,5511
1757612,5511
1757853,5698
1758997,6884
1759558,3685
1760887,5821
1760964,5441
1761216,7547
1761406,7426
1761714,8238
1761930,6646
1762165,7298
1762539,6494
1762778,6986
1767449,4153
1767515,4375
1767674,4111
1768179,4031
1768309,4170
1768464,3895
1770023,5222
1770233,3714
1770347,4109
1770875,3921
1772907,3736
1773260,3678
1773485,7636
1773846,3955
1774127,6698
1774223,7118
1774311,5171
1774461,8269
1774646,5850
1775848,6946
1775984,6171
1776203,6000
1776944,5522
1777641,8236
1777710,9162
1777792,10889
1778877,6841
1779199,10293
1779368,9797
1779513,10414
1779679,11578
1779818,11554
1779951,10609
1780089,10265
1780231,9879
1780362,8132
1780951,7460
1781516,5630
1781912,10046
1782529,10706
1782626,12080
1782779,12261
1783233,11676
1783861,6436
1783891,11238
1784042,9046
1784171,6737
1785545,6326
1786203,6464
1786329,6128
1786887,5305
1790213,4984
1792712,3210
1793148,3813
1793340,9072
1793604,4501
1793942,4252
1793985,7167
1796268,3961
1796599,4619
1796738,5740
1797213,10509
1798206,14283
1798251,14738
1798300,16134
1798355,13063
1798425,4322
1798710,5190
1799351,10804
1799636,8975
1799835,8662
1800006,8818
1800284,10300
1800445,11517
1800613,11870
1800775,10282
1800951,13255
1801291,9577
1801483,11820
1801748,4391
1801932,8711
1802545,5232
1802831,4493
1803071,4954
1803303,7032
1803489,7843
1803766,7111
1803913,7115
1807922,6787
1808128,5960
1808278,6232
1808335,5594
1808540,5240
1808677,7033
1809271,6853
1814244,3728
1814624,5614
1814877,4710
1816761,3360
1816931,6555
1817083,4632
1817212,5253
1818099,4795
1818253,4790
1818458,5571
1818605,6459
1818801,5456
1819071,4861
1819719,5039
1820273,4390
1820787,4253
1821110,3783
1821454,4258
1821904,4788
1822071,3917
1822332,5143
1822883,4612
1826135,6204
1826171,5330
1826462,4798
1826731,4376
1827020,8231
1827195,4996
1827504,3802
1828483,6667
1829502,5669
1829680,4134
1829830,5944
1829971,4248
1830089,5984
1830247,9050
1830410,8299
1830550,7568
1830670,7090
1831888,6932
1832073,6380
1832232,6496
1832353,6205
1832414,7760
1832545,6981
1834976,5908
1835059,6797
1835085,6788
1835245,5215
1836022,5430
1836147,11542
1836282,9507
1836350,9900
1837352,7106
1837439,6597
1837585,6932
1837721,6502
1837934,8043
1838372,6226
1842194,5839
1842252,4067
1842414,7172
1842564,6095
1843050,5506
1843218,5335
1843356,5577
1843528,6829
1845714,4579
1847808,6260
1848015,5114
1848755,4520
1849121,5455
1849454,3562
1849603,3885
1850114,4222
1850261,4401
1850457,6277
1850586,5283
1850708,7030
1850825,5192
1850934,4269
1851022,4266
1851251,6400
1854004,6308
1854284,5128
1854697,5824
1854949,5494
1856859,7137
1857036,6284
1858059,4447
1858286,7427
1858704,8724
1859004,6275
1859137,5304
1859221,4545
1861079,5406
1861182,5037
1861243,3618
1861492,5859
1862089,4969
1862209,5312
1862369,6802
1862657,5876
1862929,6039
1863426,6157
1865691,5349
1866458,4254
1866773,5183
1866916,4575
1867148,4489
1867205,7868
1868471,6700
1868524,5519
1868643,5551
1868762,6357
1872367,3870
1872393,4050
1872570,6559
1872724,5426
1872773,4220
1873034,6030
1873242,4787
1874769,5667
1875374,4083
1876043,6339
1876129,6497
1876441,4097
1876510,6453
1876676,5264
1877038,5509
1877098,5187
1877855,3963
1879265,4752
1879341,5107
1879555,5105
1879664,5550
1879866,6445
1880083,5680
1883148,3530
1883420,4076
1883559,4876
1883813,4195
1883999,4425
1885118,5399
1885565,3686
1887904,5759
1888357,4487
1888753,6629
1888855,7094
1888999,5231
1889155,8283
1889246,5337
1889334,6979
1889533,7818
1890322,6932
1890372,6286
1890743,6516
1891213,8081
1891536,5570
1891699,5386
1892289,6291
1892534,6191
1892669,6487
1892942,6163
1893048,6491
1893137,5196
1893398,6049
1893774,6172
1894508,7761
1895464,5520
1895803,9220
1895985,9233
1896154,8632
1896327,8301
1896483,8834
1898359,7530
1898871,5997
1900770,4399
1901150,6151
1901303,4074
1901585,5114
1901897,4466
1902153,5097
1902599,4580
1902759,4351
1907920,4839
1908055,4325
1908190,5530
1908416,4286
1908455,6428
1909143,5678
1909195,6531
1909547,6104
1909579,5067
1909739,8590
1909836,5236
1910335,6592
1910438,7197
1910739,7119
1911210,7230
1911451,7042
1911778,5208
1912139,6402
1913356,7928
1913975,7509
1914033,4212
1914183,4543
1914318,5579
1915924,5207
1916355,5391
1918259,5047
1918458,5118
1918995,4947
1919666,4128
1919789,4103
1920307,6463
1920740,3716
1920896,8477
1921665,4480
1922276,4396
1922410,4312
1924004,3609
1924102,11766
1924283,3980
1924530,5654
1924693,5343
1924831,5922
1924948,5287
1925060,8788
1925204,7519
1925340,7734
1925783,8215
1926178,6758
1926240,7659
1926380,9719
1926439,7053
1926870,6807
1929396,7597
1931237,5294
1931419,6158
1931461,5374
1931520,6201
1931777,7422
1931973,6970
1932165,6697
1932247,7346
1932507,6503
1933720,5963
1934503,4976
1935705,4454
1936061,3957
1936843,3336
1937662,5068
1937759,5878
1937950,5084
1940783,4217
1941311,3572
1941742,3585
1941747,4137
1941795,3969
1943077,3475
1943109,3693
1943673,6639
1943753,6824
1943787,5889
1943933,3128
1944824,5444
1945014,6141
1945151,5481
1947275,4552
1947471,8934
1947521,5723
1947575,5614
1947643,6813
1947704,6268
1947749,6355
1947870,7454
1951019,4272
1951186,7542
1952087,12446
1952252,5320
1953297,4506
1953617,5317
1954722,9765
1954877,9374
1955001,9756
1955116,3539
1955766,3195
1955830,8877
1956047,6435
1956134,6804
1956561,7756
1960164,6412
1960530,5302
1960561,7889
1960654,4542
1960810,5750
1961042,5459
1961189,5939
1961580,3961
1963028,4165
1963182,5492
1963319,8578
1963589,6918
1963752,8069
1964066,5292
1964998,8434
1965235,7694
1965619,7463
1965862,7712
1966329,5728
1968855,6291
1969315,8428
1969464,5540
1969706,5449
1969955,4974
1970184,6570
1970630,5966
1970925,7107
1971156,6660
1971432,6459
1972271,5879
1972344,5210
1972558,5400
1974266,5243
1974372,4589
1974428,6069
1976845,3911
1978683,4272
1979296,6754
1979402,5264
1979536,4057
1979885,4030
1980093,5842
1980291,6505
1980515,4667
1980780,5864
1980928,5816
1981292,5285
1981354,5918
1981491,5058
1981681,7585
1981950,5550
1982202,6668
1982641,7024
1982817,6230
1983241,6084
1987665,3701
1987836,4271
1987998,5721
1988305,4887
1988692,5555
1989017,5844
1989765,6433
1989902,4888
1990060,7438
1990189,6947
1990289,4557
1990473,9408
1993131,5167
1993226,6236
1993664,4454
1993801,4422
1993929,8381
1994147,7068
1994382,9440
1995042,5159
1995134,8823
1995534,8352
1995664,6669
1996001,8167
1996257,10260
1996566,6375
1996925,5281
1997060,6949
1997382,6103
1997638,9826
1997924,9646
1998427,10048
1999616,5914
1999730,8601
1999865,7655
2000170,7153
2000358,7243
2000589,7340
2004694,4231
2004914,5030
2005318,5907
2005494,5313
2005809,5342
2005973,6899
2006496,6077
2006539,6650
2006729,6081
2007054,6339
2007224,6689
2007657,6122
2008076,6867
2010969,4361
2011270,3600
2011455,5145
2012456,4211
2012979,5371
2013242,4867
2014079,7869
2014254,6254
2014507,7614
2014794,7097
2015091,7128
2015199,6972
2015485,7011
2015738,6797
2015964,5126
2016237,5146
2016811,9679
2017087,6203
2017167,6272
2017255,6106
2017629,8349
2018033,8220
2018230,7334
2018630,7102
2018808,5962
2019116,6224
2021202,5791
2023575,3345
2023848,5166
2023956,4744
2024126,6979
2024238,3791
2024424,5826
2024605,5696
2026316,4632
2026557,4379
2027460,4209
2028068,4175
2028292,3694
2029679,4791
2029766,4078
2029942,4574
2030088,5305
2031164,6666
2031351,6013
2032985,9607
2033316,17300
2033484,8711
2033664,5328
2034049,4837
2034658,5109
2035011,5484
2035307,15695
2035453,7236
2035572,3893
2036181,14529
2036325,14856
2036381,14504
2036616,3529
2037158,13896
2037190,6414
2037362,8008
2037451,6002
2037721,8210
2038642,9201
2039111,5380
2039542,13488
2040645,3327
2040828,3895
2040996,5268
2041559,11642
2041855,12453
2042002,11113
2043756,9804
2044127,21414
2044495,7507
2044862,7491
2045238,20237
2045445,6505
2045651,12379
2046332,13878
2046461,11776
2046674,11915
2046717,14040
2046885,11526
2047038,12014
2047188,13282
2047344,13216
2047524,10247
2047659,10981
2047678,10385
2047843,11005
2048021,11011
2048207,9109
2048908,14194
2049062,14502
2049199,13983
2049332,11835
2049422,13461
2049565,12303
2049697,12479
2049829,12683
2049977,12985
2050095,11019
2050302,13609
2051019,9786
2051440,9790
2051595,9718
2052013,9476
2052296,8029
2052573,11990
2056622,8553
2057556,8045
2059753,6736
2061013,6983
2064294,9165
2064343,5212
2064553,3550
2064715,4232
2066050,4048
2066460,5257
2066608,3437
2069107,4130
2069259,4444
2069431,4497
2069636,4452
2069649,7054
2070724,6877
2070799,6242
2070865,6809
2070990,4098
2071494,6258
2071880,6041
2071953,9383
2072362,9452
2072942,4914
2075693,10673
2075875,6276
2076055,6380
2076113,14507
2076210,8845
2078192,6624
2078499,6041
2079112,12996
2079587,14369
2079813,4780
2079958,5047
2080157,10938
2080295,11100
2080641,9644
2080783,14482
2080913,5802
2081030,7500
2081594,9102
2081966,12007
2082644,10966
2082834,8313
2083620,12292
2084018,8884
2084652,6665
2084842,9624
2085122,6145
2086195,9128
2086419,7075
2086559,7109
2086774,8979
2086898,6650
2087012,6176
2087150,5980
2087289,6514
2088572,5754
2089374,6095
2090494,5561
2090922,6572
2091346,10426
2091787,7187
2091832,12096
2091964,10315
2091987,12731
2094401,7932
2094548,7832
2094691,9079
2094824,8095
2094990,10575
2095129,10376
2095567,10492
2095764,10245
2095886,12793
2096135,12492
2097768,10960
2097941,11034
2098063,8827
2098627,7193
2098811,9040
2099060,7455
2099136,8937
2100587,9035
2100759,10934
2101119,14928
2101325,10318
2101852,7412
2103238,13572
2103448,14009
2103829,12633
2104210,12648
2104373,9755
2104472,7434
2104870,11839
2105593,8457
2105848,7748
2106086,7398
2106341,9972
2106603,10156
2106736,7744
2106902,11118
2107036,12555
2107149,13055
2107265,13147
2107913,9923
2108459,8667
2110674,9970
2110884,8603
2111031,6145
2111211,11448
2111359,9371
2114170,5608
2114559,12043
2116082,6617
2116520,16672
2116886,14265
2117284,16407
2117494,17130
2117651,8719
2117870,11619
2118061,14265
2118206,14282
2118340,13248
2118597,14938
2118762,13352
2118906,7342
2119024,17273
2119137,12876
2119271,15818
2119617,20731
2119884,31131
2120009,15238
2121197,19350
2121327,21526
2121779,11230
2121914,12963
2122045,13473
2122528,11879
2123255,29392
2123291,28642
2124883,29732
2125062,20646
2125218,21155
2125377,20722
2125977,20305
2126430,27037
2126638,24918
2126776,14276
2126920,16608
2127082,14812
2127202,12437
2127356,25094
2127497,15814
2127575,23690
2127598,18588
2127708,17755
2127743,17005
2127777,17793
2127807,13515
2127895,22781
2127916,19710
2128031,13431
2128165,19405
2129340,16556
2131163,14647
2131397,17938
2131690,14302
2131851,16726
2133779,15012
2135705,11052
2135885,7238
2136052,13167
2136480,19244
2136575,13150
2136749,12521
2136918,10059
2137083,10242
2138474,8232
2140700,15374
2140889,13811
2142112,12147
2142290,18183
2142544,20101
2142690,27167
2147102,12997
2147358,16111
2147575,10599
2147723,13449
2148510,14041
2148621,11836
2148827,14696
2149482,14821
2149790,12098
2150280,12441
2150555,13436
2150739,12200
2150861,16267
2151269,16183
2151643,17113
2152438,17233
2152582,14961
2152721,17073
2152894,14473
2153029,15893
2153547,15566
2153690,19938
2153821,24716
2153951,21510
2154454,8670
2156512,24327
2156795,11301
2156951,18313
2157674,11475
2157842,14464
2157970,14274
2158398,13743
2158602,19413
2158676,13560
2158936,20313
2159002,22043
2159051,22048
2159112,19209
2159565,12129
2161466,15446
2161620,15577
2161756,14905
2161919,14892
2162083,14779
2162309,14223
2162476,18420
2163768,15412
2164097,12959
2164284,14184
2164979,14622
2165482,15140
2165627,15909
2165759,13163
2166084,15625
2166266,14973
2166582,14420
2167198,12110
2167686,10696
2167929,11843
2168161,13108
2168604,12985
2168727,9762
2170768,8937
2171111,12297
2171282,9827
2171443,12259
2174724,8486
2177242,7501
2177470,8094
2177732,7081
2178054,9682
2178549,8925
2180041,7219
2182931,4612
2183167,4904
2184125,6450
2184291,5440
2184489,5433
2184977,9208
2185033,5225
2185443,6155
2185544,6831
2185658,7295
2185843,7771
2186066,8512
2186255,6350
2186854,5461
2186896,6670
2186928,7520
2190681,6452
2190748,7843
2191127,8163
2191253,6270
2195618,4588
2195904,6260
2195943,5021
2196044,3997
2196092,5465
2196176,3627
2196453,6968
2196659,5232
2197016,5462
2197197,4938
2197683,5086
2198139,7794
2199406,4947
2199745,6779
2199980,4342
2200450,4120
2201125,4375
2201466,3977
2203017,3891
2203491,6481
2203848,4780
2204458,7095
2204591,5024
2204629,6099
2204929,5730
2205335,6164
2206614,5532
2206948,5144
2207109,3855
2207278,4490
2208044,3608
2208405,4653
2208891,4089
2209896,6144
2211052,4169
2211704,4067
2212054,4445
2212419,4694
2214474,4905
2214581,4246
2214763,5512
2214877,5550
2215092,6608
2215254,4963
2215847,6327
2216139,6012
2216284,5426
2216471,5150
2216719,5608
2217012,4491
2217450,5228
2217740,5923
2217973,5018
2218220,4547
2218473,4140
2218993,4068
2219216,4730
2219363,4522
2224739,7828
2224890,4429
2225559,3895
2225705,4674
2226042,7166
2226108,8266
2226225,6289
2226482,7110
2226656,8965
2226825,6936
2226992,6020
2227157,6142
2227334,7621
2227649,7138
2227856,5789
2230924,7318
2230943,6131
2231191,12150
2231294,9164
2231754,9494
2231962,8421
2232334,9013
2232630,8874
2232848,8980
2233042,11294
2233331,9380
2233437,8528
2233799,8636
2233936,8945
2234073,7608
2234214,8359
2234620,11280
2234986,10491
2235128,9315
2236944,5138
2237145,7756
2237301,8355
2237436,7795
2237557,8180
2237672,7314
2237948,7467
2238070,6603
2238651,6195
2238818,6782
2240621,5569
2243655,6210
2246982,4175
2247205,4766
2247359,5440
2247438,6302
2247588,5405
2247726,5765
2247838,5939
2248069,4567
2248229,6577
2248637,6689
2248673,6298
2248692,5964
2248733,6235
2249880,4620
2253377,4349
2253649,3710
2255640,4348
2256027,3553
2256293,5272
2256345,3838
2256932,3156
2257547,5057
2257844,6582
2257942,6396
2258075,6644
2258082,4430
2258249,4810
2258712,5919
2259525,4700
2259719,4756
2260044,5207
2260233,5889
2260438,4186
2260644,4732
2260832,6352
2260940,4872
2261032,4388
2266181,4751
2266312,4815
2266883,4759
2267094,4439
2267165,5597
2267472,4716
2267726,5252
2267931,5143
2268190,4726
2268254,5834
2268611,5591
2268675,6333
2268780,6159
2269056,5780
2269263,6602
2269783,3943
2270452,4781
2270620,4700
2274322,8928
2275837,5959
2276058,8894
2276092,9052
2276261,6623
2276360,8540
2276459,8371
2277071,5478
2277294,5853
2277712,7099
2277761,7161
2277910,7239
2278020,5311
2278953,6544
2278996,10464
2279154,11798
2279267,6793
2279470,8720
2279615,8115
2279865,10677
2280015,12397
2280427,10391
2280561,8012
2280869,8444
2280925,9308
2281015,10364
2281142,9332
2281523,8195
2281693,11034
2282064,5069
2285374,5238
2286271,6018
2286367,6753
2286626,8242
2286819,8222
2287268,9506
2288221,8491
2288463,9815
2288734,8111
2288972,8067
2289147,7649
2289348,8651
2292096,5581
2292711,5476
2292892,6483
2293486,16292
2294374,9681
2294687,13027
2294818,13823
2294873,12657
2294942,14807
2294973,7891
2295015,8424
2295113,6801
2295243,5294
2295841,4396
2296330,8816
2299774,10942
2300614,10719
2300774,13489
2300916,10909
2301067,11979
2301187,11130
2301329,11401
2301668,12549
2301807,9988
2302158,8617
2302330,14453
2302422,14259
2302893,14336
2303031,13042
2303231,15620
2304936,13979
2305216,10803
2305462,13565
2305714,17146
2305912,13395
2306043,16453
2306160,12515
2306307,12833
2306461,12770
2306603,12770
2306721,9753
2306847,14894
2306964,14878
2307091,16573
2307481,15134
2307629,11818
2307760,13916
2307892,14097
2308162,12426
2308300,9781
2310188,8778
2311842,10375
2312003,6620
2314035,8891
2314334,8025
2314637,10179
2315442,10589
2315577,10113
2315711,12120
2316107,10442
2316502,10374
2316826,10200
2316980,8775
2317348,8235
2317641,9169
2324205,4532
2324671,4449
2325333,4350
2325805,4353
2326071,6899
2326267,4651
2327988,3719
2330336,5175
2330503,4184
2330665,6585
2330888,6647
2331004,5463
2331092,7714
2331271,3463
2331451,5134
2331543,8136
2331743,7378
2331995,7632
2332051,7158
2333001,5719
2333152,5411
2334901,4620
2335030,5429
2335194,6300
2335434,7118
2335560,8097
2335692,7816
2335826,7672
2336046,8059
2336200,9956
2336448,6387
2336626,10280
2336691,8687
2336768,9453
2337270,8437
2337441,6137
2337594,8964
2337807,8477
2338007,8340
2338836,8023
2344311,3646
2344593,4699
2344857,4046
2345136,4431
2346227,5582
2346684,4797
2347094,4532
2347314,5686
2347446,5724
2347751,4906
2348033,7553
2348074,4194
2348342,7278
2349039,6721
2349064,4830
2349100,6244
2349144,8474
2349596,8078
2354123,5457
2354474,4046
2354670,6357
2355777,6418
2355915,5276
2356005,4662
2356086,6080
2356381,5283
2356564,5292
2357721,3513
2358450,4616
2358951,3758
2359433,3894
2359611,3948
2360921,4149
2363202,3890
2363738,5411
2364308,4937
2364540,5246
2364674,8610
2366248,7255
2366260,9510
2366461,9559
2366926,10201
2367090,4426
2367627,11333
2367797,10406
2367947,9561
2368102,9224
2368329,7757
2369147,7088
2369360,7890
2369478,10633
2369635,6113
2369788,9719
2369947,7945
2370100,7409
2370257,9569
2370656,9440
2370812,11896
2371009,7730
2372224,10823
2373211,7321
2373852,5996
2374032,6072
2374156,7892
2374220,4978
2374235,10378
2374531,6696
2374701,5199
2375353,8977
2376518,4761
2376668,5812
2376921,7738
2382260,4516
2382580,5568
2383038,5824
2383689,5230
2383838,5268
2383872,6049
2383902,7278
2385543,5345
2385797,5754
2385943,5388
2386095,5508
2386260,5804
2388301,5016
2388693,4527
2389149,5556
2389353,6878
2389437,6351
2389666,5490
2389746,7617
2390051,6240
2390208,5788
2391900,5595
2392205,7307
2393007,5566
2393497,4142
2394144,5983
2394164,6590
2394323,6580
2394433,5129
2395187,6393
2395262,5791
2395378,5939
2396717,9976
2397976,7805
2398224,8287
2398578,6128
2398774,5380
2398923,4746
2401453,6763
2401866,4712
2402070,5157
2402227,4896
2402423,5099
2402584,7739
2402741,8348
2402886,8133
2403023,7933
2403155,8520
2403288,8190
2403447,7012
2403582,7581
2403711,6992
2403850,10024
2403993,12072
2404908,11171
2405205,7989
2405330,7941
2405455,7920
2405572,8422
2405844,8731
2406014,8671
2406409,9154
2411683,4932
2411876,5121
2412300,5640
2412819,5111
2413974,8692
2414350,6650
2414583,3878
2414820,7870
2417354,4155
2417452,6022
2417650,8372
2417845,5951
2418063,6478
2418229,7134
2418259,5619
2418633,6786
2419471,4789
2420757,5319
2420843,7220
2422059,5865
2422212,6109
2422440,8729
2422620,7427
2422843,9289
2422946,7959
2423095,7756
2423286,7259
2423661,6131
2424213,7007
2424675,6785
2424909,7417
2425145,7029
2425565,6217
2426447,6579
2426482,6464
2426501,8130
2426538,8614
2426569,8044
2430934,8734
2431001,8299
2431341,4487
2431480,9383
2431520,7625
2431603,8761
2431674,8751
2431704,8772
2431743,7978
2432278,7492
2432416,8314
2436453,4462
2436927,13089
2436993,4084
2437122,5584
2437243,7174
2437943,8709
2438231,7267
2438384,10061
2438820,6064
2439866,7341
2440032,7754
2440198,7259
2440489,8428
2442603,7479
2442704,7032
2443213,5292
2443762,5141
2443847,4736
2443970,5981
2444438,5436
2444661,4655
2445121,4476
2445898,4752
2446374,5523
2446753,6875
2446848,8654
2446885,5199
2447349,4807
2450329,4225
2450650,4418
2450988,5808
2452828,6527
2453155,6910
2453315,5486
2453590,5676
2455358,5218
2455452,8198
2455535,8723
2455611,6851
2455649,9108
2455808,6942
2456538,7775
2456567,5895
2456872,7055
2457030,5958
2458007,6134
2458058,6582
2458223,5758
2458381,6705
2458584,6600
2459180,7940
2459561,8123
2459797,6709
2460115,6837
2460291,6918
2460536,5574
2461019,5024
2461485,4111
2461545,5113
2462737,4046
2467900,7608
2468179,5348
2468335,6989
2468699,4342
2468802,5546
2469174,8671
2469360,11174
2469445,12263
2469622,11032
2470000,10582
2470154,6681
2470215,10267
2470258,8834
2470409,4545
2470485,9321
2470791,13685
2471017,10586
2471171,17511
2471758,14042
2472504,12041
2473310,15182
2473589,15130
2473785,11523
2473945,22352
2474097,23783
2474481,16844
2474647,10863
2474948,19974
2475113,14151
2476354,23256
2476605,19376
2476778,21543
2476939,29603
2477094,29557
2477254,19728
2477441,21370
2477595,16115
2477745,12738
2477916,12814
2478077,12927
2478236,14474
2478350,13601
2478416,15838
2478465,13738
2478510,16828
2478555,14613
2478606,16622
2478663,18219
2478723,20798
2482479,16686
2482643,18283
2482833,18503
2483056,17773
2483201,19602
2483354,18259
2483483,12339
2483936,20000
2484123,21841
2484334,16855
2484419,21083
2484967,14751
2485113,17754
2485290,16952
2485538,15931
2485702,17768
2485865,20896
2486531,12365
2486714,11460
2486860,16490
2487000,14016
2487139,13076
2489998,22568
2492072,17137
2492365,18758
2493032,16823
2493096,17017
2493203,21483
2493270,18362
2493573,18383
2493762,16253
2493935,17197
2494491,17367
2495093,14872
2495431,15209
2495615,16659
2496511,13401
2496569,21238
2496635,29201
2496688,25266
2496735,28490
2497488,12673
2497669,12396
2497861,12399
2499818,12678
2499996,8623
2500306,9905
2500458,16766
2500639,16568
2503571,19388
2503749,19236
2504012,17754
2505821,19500
2505880,16723
2505935,16444
2506046,16848
2506132,16099
2506164,22431
2506198,15227
2506844,16215
2507154,16595
2507189,21038
2507333,18252
2508995,13828
2510645,13624
2512953,11965
2513107,11478
2513181,13696
2513247,15688
2513379,10686
2513429,14218
2514348,10651
2515493,8206
2515830,9340
2516019,9207
2517968,16350
2518086,16935
2518314,6960
2518957,14596
2518998,13735
2519360,11842
2519620,14560
2519678,7999
2520430,7646
2520482,11053
2520689,11584
2520949,9913
2521128,15237
2522319,9712
2523481,9603
2526049,8644
2527092,7991
2527131,8776
2527158,8982
2527281,8327
2529585,5704
2529645,6172
2537434,10221
2537470,9994
2537587,5593
2537748,7418
2537899,15031
2538047,13842
2538248,8274
2538383,10377
2538569,7455
2538713,7525
2538832,6530
2538962,8815
2539085,15431
2539247,16024
2539360,10875
2539447,13030
2539583,12993
2539811,9215
2539945,10372
2540078,13863
2540190,15564
2540354,24100
2540406,10563
2540524,17534
2540655,22872
2540788,22866
2540944,23709
2541161,24899
2541300,23408
2541437,23489
2541575,19721
2541711,24417
2541877,24342
2542011,17459
2542163,24477
2542322,15416
2542424,24142
2542591,24433
2542729,15580
2542896,23086
2543041,16028
2543177,17487
2543326,17012
2543881,18656
2544028,20453
2544187,15819
2544326,18198
2544528,21408
2544659,17431
2544754,12606
2548173,19263
2548346,15530
2548489,19559
2548652,15567
2549136,32490
2549339,22382
2549866,18258
2550030,24469
2550151,26910
2550641,17509
2550804,28538
2551059,29481
2551463,25965
2551681,24680
2552029,28576
2552764,28925
2552936,28634
2553158,23322
2554069,19084
2554782,18154
2555543,21019
2555903,23644
2557880,11433
2558632,11404
2558757,15806
2558864,13595
2559211,15593
2559608,20859
2560694,19076
2561537,15245
2561758,16072
2562252,17227
2562842,19284
2563097,22919
2563117,21486
2568761,13776
2569080,15833
2569217,11306
2570214,14319
2570823,15068
2571061,14746
2571312,7518
2571545,13713
2572139,7469
2572674,10084
2572996,14923
2573130,8947
2573424,8863
2574634,10860
2574798,13392
2574885,12356
2574961,10888
2575001,10467
2575020,11107
2575056,12165
2575098,11363
2575172,11921
2575205,13282
2575515,13995
2575561,13042
2575603,13588
2575646,13628
2576242,14080
2576268,15602
2576304,11670
2587039,4308
2587306,8461
2587411,9688
2587500,8075
2587706,7296
2587936,8921
2588046,9191
2589058,7380
2589166,8975
2590181,5638
2590744,7471
2593234,4613
2593487,4259
2593561,6649
2593645,6041
2593734,7067
2593839,6051
2594250,5294
2598476,5290
2598774,5760
2600438,4084
2600576,5939
2600784,5922
2600933,6043
2601027,4352
2601147,3835
2601424,8252
2601469,11217
2601841,9008
2601908,10509
2602069,11063
2602305,9618
2602740,12102
2602803,10893
2602889,10692
2603123,10137
2603155,11662
2603417,11683
2603582,10643
2604926,9061
2605045,9863
2605238,8926
2605382,6743
2605589,8728
2605777,5212
2606661,6651
2607450,6020
2608493,5414
2608986,6166
2609697,9206
2611370,8880
2611440,6616
2611499,6340
2611592,6305
2611978,7135
2612212,7377
2612513,7616
2616855,3600
2617482,3729
2617731,3771
2618374,5134
2618430,3744
2618810,3849
2619665,3330
2620345,4263
2620420,3856
2620485,5891
2623555,7859
2624221,8300
2624797,6824
2625110,6037
2625211,7261
2625532,6023
2626283,10243
2626678,13816
2626994,6679
2627093,7798
2627331,9187
2627481,8598
2627568,8767
2627854,6030
2628114,5501
2628338,8643
2628463,9682
2628683,25818
2628983,17540
2629182,27293
2629425,11566
2629828,9648
2630157,16448
2630314,16339
2630938,14694
2631018,10945
2632039,10874
2632308,10452
2632478,13151
2632763,10706
2634010,19104
2634170,18600
2634267,20530
2634354,16774
2634687,18640
2635063,14105
2635200,16537
2635504,23954
2635669,16799
2635878,13855
2636219,11546
2638567,21951
2638901,14157
2639193,9665
2639278,11297
2639494,15995
2639655,19093
2639740,12856
2639849,14199
2639920,15371
2640010,18788
2640332,15345
2640637,13242
2640818,15415
2642459,18306
2643680,14678
2643904,16584
2644179,17287
2644264,12932
2644565,15115
2644760,11034
2644958,14046
2645133,14187
2647205,15394
2647358,17493
2647524,12324
2648686,21924
2648881,21611
2649429,21120
2649914,15419
2649986,14200
2650143,15462
2650546,14454
2650847,14218
2651231,15243
2651453,13674
2652056,13414
2652355,11994
2652448,12965
2655569,15092
2655902,10934
2656314,12485
2656628,9899
2656897,13564
2657435,12811
2657492,9984
2657542,11932
2657638,9171
2657729,16148
2657851,17612
2657894,22473
2657951,17646
2658058,16458
2658122,16340
2658189,15504
2663041,18476
2663059,11784
2663339,16624
2663628,12037
2663682,12272
2663783,16318
2663858,15935
2666986,12487
2667291,10260
2667781,10893
2668033,13426
2668299,10320
2668380,15796
2668474,9520
2668982,10547
2669172,10521
2669412,9902
2669456,8926
2669585,9895
2669912,14281
2671775,11550
2672106,10351
2672314,9519
2672517,10535
2672813,8481
2673374,8278
2674181,7857
2675021,7093
2677056,10738
2677242,7453
2678809,6491
2680603,5249
2681099,5494
2681701,5261
2682650,4799
2684505,3649
2684812,3924
2684960,4262
2685183,4922
2685314,4523
2685576,4330
2685884,4878
2686115,4051
2686249,4123
2687590,3969
2687992,6083
2688170,5611
2688317,4150
2690541,4888
2690822,3540
2691085,4449
2691354,5247
2691548,6959
2691706,4384
2691903,3696
2692949,5096
2692995,8772
2693045,8178
2693456,4996
2693493,6765
2693528,9117
2693566,8352
2696219,4530
2697250,6767
2697600,6299
2698354,8556
2698709,6366
2698859,8625
2698990,8360
2699121,8253
2699254,9854
2699401,9338
2699542,7422
2699683,10459
2700014,9390
2700507,6548
2700685,9809
2702015,8700
2702184,6361
2702535,8261
2703455,6741
2703620,8393
2703772,7837
2705052,7854
2705190,7404
2705312,9450
2706266,8950
2708592,7865
2709065,8155
2709338,6311
2709467,6881
2710532,8003
2710611,5624
2710855,6990
2710996,7012
2711121,8380
2711420,7507
2711668,7608
2711842,10006
2712206,6667
2712353,6623
2712426,6705
2713743,4859
2715602,5809
2716502,5550
2716573,5348
2716573,5415
2718162,3472
2718163,4532
2718928,5306
2718977,6369
2719972,5327
2720061,4000
2724296,5455
2724382,4233
2725115,3885
2725233,5921
2725530,3332
2726068,3757
2726094,5223
2726295,3248
2726798,7402
2726873,4979
2727444,6696
2727677,4703
2727731,7424
2727989,10167
2728202,9010
2728378,9857
2728481,7595
2728505,7824
2728527,8856
2728577,10124
2728602,7958
2728634,7071
2730441,7423
2730978,6007
2731186,6110
2731343,6424
2731439,10875
2731480,11386
2731517,10583
2731550,10923
2731681,5520
2732068,7049
2733808,5939
2734285,7561
2734687,7574
2739978,3518
2740063,6274
2740110,6468
2740470,5120
2740600,7256
2740796,5154
2740964,8858
2741234,5286
2741927,7705
2744040,4279
2744254,5320
2745096,5943
2745172,5494
2745265,5783
2745374,5110
2745748,5914
2746184,9362
2747346,7668
2747692,5159
2747840,4904
2748053,5117
2748555,6514
2748959,6227
2750982,4630
2751593,5371
2751865,3913
2752105,5744
2752224,4934
2752729,4769
2752801,5145
2754116,5338
2754352,7673
2754991,7956
2755219,4389
2757375,4879
2757584,6474
2757722,7429
2757841,5311
2758016,5494
2758151,5074
2758290,5522
2758423,9905
2758539,10168
2758651,6876
2758781,8792
2758929,6895
2759046,9758
2759434,9217
2759619,6061
2759755,8057
2764034,4883
2764212,4695
2764357,7796
2764616,7476
2764765,9401
2765098,9129
2765438,8900
2766435,8262
2767033,6762
2767856,6929
2767923,8625
2768372,9425
2768737,6833
2768956,6836
2769081,6812
2769191,8445
2770550,7110
2770869,6099
2771016,5945
2771060,6156
2771275,8782
2771604,7077
2771957,8177
2772691,7391
2773900,5414
2774752,5480
2775368,4815
2778969,5267
2779929,4308
2780090,4862
2780231,4222
2780452,5725
2781292,4407
2781468,4764
2781763,4066
2781902,4057
2782442,6395
2782679,4508
2783011,5826
2783432,5461
2784060,4706
2786613,4780
2786640,4331
2786692,4122
2786957,5197
2787326,4657
2787466,4191
2787597,4658
2788903,4959
2788972,5278
2789035,3864
2790304,4427
2790380,4487
2790654,4529
2791758,4242
2792359,4928
2793134,4414
2793408,4038
2795423,5784
2795444,4502
2795907,3778
2796320,4436
2796542,7182
2796577,7913
2797183,3958
2797619,6169
2797766,5279
2798182,6567
2798252,8536
2798579,4405
2799039,6795
2800279,4957
2802010,9347
2802048,6214
2802339,3751
2802442,3818
2802610,8465
2803179,8330
2803243,5116
2803535,8331
2803687,9096
2804463,6729
2804605,6675
2804842,6269
2806288,5226
2807199,4261
2807576,4657
2808216,6918
2808614,5970
2808645,4147
2809224,5644
2809250,5010
2809652,6032
2812305,5198
2812397,3364
2812556,4930
2812672,6195
2812974,5200
2813118,6097
2813249,4565
2813504,5044
2815939,5711
2816056,3955
2816080,4424
2816529,5298
2816737,4817
2817032,4027
2818280,4406
2818652,4673
2818947,4214
2820234,4033
2820333,3530
2822710,4668
2823837,4500
2824067,4805
2825124,4339
2825306,4775
2825744,3948
2825820,3856
2826100,3423
2826324,4259
2826474,6218
2826742,6076
2827003,6337
2827230,4509
2827402,5713
2827847,6236
2828283,5878
2830750,4097
2831225,6526
2831317,8114
2831558,7115
2831992,5271
2832091,4501
2832330,5574
2833830,4512
2834533,3962
2834598,5304
2835427,5358
2835490,6438
2835900,6104
2836201,5608
2836496,5590
2836822,4674
2837052,4405
2838731,4358
2838789,4815
2839052,4216
2840237,4665
2840546,3617
2840939,4075
2841951,5748
2843016,4670
2843866,4684
2844312,5745
2845112,4019
2845213,4014
2845369,7229
2845406,6307
2845728,7882
2845868,7583
2846037,7922
2846213,6531
2846930,7201
2847098,5032
2849268,3883
2849430,3815
2849589,3788
2850047,4234
2850195,4276
2850380,5109
2850459,5445
2850644,6770
2851445,3887
2851739,5776
2851880,5743
2854525,3584
2854660,4125
2856072,5000
2856532,4195
2858085,6019
2858245,9478
2858450,8894
2858471,9346
2858626,6850
2858822,8800
2858984,9919
2859125,8787
2859474,9672
2859680,13670
2859820,11537
2859954,9528
2860204,12086
2860377,7932
2860568,7649
2860757,7363
2860912,12382
2861129,12320
2861844,10310
2862000,6375
2862133,10761
2862262,6488
2863235,18872
2863456,14804
2863582,14938
2864194,13860
2864361,12774
2865570,15887
2865737,6940
2866449,9223
2866618,19119
2867232,9849
2867433,16121
2869611,15858
2869788,10886
2869943,10956
2870110,10498
2870262,10466
2870374,16896
2871028,11912
2871195,11393
2871350,13061
2871641,10783
2871800,12915
2871985,11239
2873526,11645
2873711,9757
2875341,11741
2875766,8039
2875928,8581
2876084,9240
2876240,9857
2876753,9453
2877419,9187
2877692,12291
2877829,10866
2878082,10294
2878288,10036
2878553,9976
2878690,11189
2878837,9907
2878970,9000
2879109,10412
2879250,10000
2879383,6316
2879440,8234
2879903,9918
2887590,5388
2887795,5298
2887940,5273
2888985,4336
2889858,4254
2890282,3938
2891163,6206
2891461,3319
2892291,6696
2894314,4763
2894682,4948
2894879,5389
2895031,5874
2895589,4418
2895811,4995
2895955,5440
2896088,10171
2896226,7324
2896368,8675
2896513,7711
2896645,8461
2896802,11890
2896939,10103
2897072,8100
2897203,10415
2897339,10331
2897493,16662
2897609,15564
2898317,7035
2901450,12225
2901700,15365
2901869,15627
2902012,15935
2902199,9452
2902347,12759
2902485,7533
2902654,10879
2903335,15868
2903512,16594
2903745,17153
2903917,16698
2904121,15310
2904273,15424
2904416,14647
2904534,15832
2904658,15480
2904797,15405
2904940,9760
2905910,9670
2906065,8405
2906208,14869
2906533,14268
2906718,7893
2906878,7996
2907067,7928
2907216,8236
2907332,8965
2908218,12517
2908448,10092
2909209,7635
2909449,8977
2909596,10872
2909715,10043
2911671,10246
2911920,10391
2912068,10502
2912224,10243
2912382,9620
2912570,7622
2915919,5352
2918625,4332
2920641,4949
2923150,5909
2923280,7892
2923423,4852
2924945,4058
2926204,6308
2926335,9761
2926587,8207
2926775,8840
2926948,6751
2926984,7508
2927290,8174
2927418,6718
2927464,5030
2929087,4713
2930230,5330
2930321,8417
2930554,5279
2930775,5756
2930937,9046
2931021,4762
2931649,6979
2931687,7369
2931763,7756
2931783,9685
2931814,11854
2931846,10811
2931871,9840
2932559,7476
2932816,6240
2934528,9943
2934689,6309
2935230,5981
2938779,11884
2938872,5364
2939104,4944
2939571,8125
2939872,7109
2941342,6252
2941837,6665
2942007,8746
2942232,7584
2942632,11218
2942842,10119
2943157,6582
2943434,6215
2943659,10051
2943749,13821
2945515,4943
2945669,4724
2946081,7254
2946303,9662
2946611,10232
2946830,6000
2947132,10928
2947472,7795
2947639,11725
2947976,11672
2948124,9910
2949260,8657
2949770,7490
2949915,9664
2950071,8614
2950494,8818
2950694,6319
2951046,7939
2951209,7227
2951319,6985
2951505,7685
2955255,6000
2955433,4805
2955553,4358
2955918,4728
2957499,5039
2960696,3447
2961515,3570
2961987,4330
2962028,3961
2962123,9448
2962149,5429
2963185,4107
2963328,6293
2963418,5041
2963553,4183
2964453,5617
2964622,3637
2964764,3842
2965571,4025
2965712,6432
2966324,14121
2966530,3425
2966796,6332
2966926,4269
2967582,5093
2967606,8597
2967651,9092
2967701,14574
2967745,14822
2968272,7199
2968609,4421
2969417,4425
2970089,10408
2970125,10632
2970149,9723
2970596,7604
2972083,8695
2974295,8348
2974521,8691
2974615,8585
2974853,7898
2975056,7681
2975599,6734
2975946,6979
2976120,6711
2976376,6905
2976481,7704
2977205,6417
2978477,6380
2978656,9268
2978823,5892
2981617,3582
2983378,7383
2983718,5927
2984029,5149
2984236,7276
2984332,7831
2984498,7220
2984635,7173
2984769,7199
2985070,6588
2985324,5123
2985460,7211
2985639,6474
2986039,8235
2986067,5326
2986220,6326
2987430,7440
2987473,6992
2987516,7826
2987556,7646
2987576,6583
2992967,8101
2993054,8004
2993234,4059
2994125,4926
2996074,5037
2996099,3836
2996502,7851
2996541,8034
2996591,6902
2996967,5361
2997179,6890
2997295,6534
2997317,7318
2997582,5737
2998232,6052
3000175,4282
3000687,5845
3001095,4049
3001314,5153
3001479,5784
3001498,5085
3001647,5288
3001921,5211
3002071,5436
3005916,4674
3006100,3542
3006440,4304
3006971,3921
3007611,5321
3007643,4636
3007714,4645
3007871,5289
3008545,4717
3008696,4516
3008874,4491
3009258,4397
3009406,6601
3009525,6430
3009654,5857
3009796,5153
3009849,6526
3010219,4940
3010729,5376
3014757,4711
3015157,4810
3015198,5907
3016326,4010
3016697,7066
3016925,4550
3017007,6022
3017466,6206
3017614,5753
3017734,7571
3018002,7251
3018051,10780
3018055,6611
3018409,4802
3019041,7826
3019135,6607
3019176,6757
3019700,9357
3019736,8727
3024098,8122
3024288,5451
3024441,5842
3024673,6052
3025061,7593
3025573,12637
3025802,6572
3025996,8165
3026118,6361
3026244,6187
3026448,5825
3026755,11102
3026789,10286
3026820,9814
3026872,8806
3027354,11047
3027779,4545
3028646,7545
3028859,7835
3029084,6655
3032853,5239
3033009,5138
3033168,8407
3033316,7743
3033472,6397
3033517,7970
3033554,10794
3033588,12903
3033623,12994
3033669,11793
3033981,11973
3034051,15627
3034330,11863
3036010,10080
3036742,9541
3037111,7924
3037317,8502
3037468,12472
3039452,10545
3039698,10167
3039907,9832
3040100,10159
3040421,9656
3040549,13358
3040679,14653
3040896,11665
3041088,9063
3041693,8676
3041895,12384
3042025,9447
3042172,9887
3042429,8921
3042557,11676
3043145,9042
3043273,11213
3043510,11179
3043639,8638
3047143,10659
3047458,7280
3047605,9179
3047712,10477
3047928,8981
3048101,9160
3048219,8408
3048349,8017
3048616,8123
3048739,7573
3050737,11398
3050909,11411
3051034,9274
3051188,10552
3053936,8004
3054522,5036
3054777,4834
3055041,6064
3055178,7193
3058960,9054
3058995,8899
3059169,8525
3059309,7115
3059430,6764
3059622,18903
3059741,13756
3059871,14672
3060049,14034
3060614,20059
3060838,13194
3060979,18938
3061097,14116
3061225,12112
3061371,20457
3061436,11434
3061778,12870
3061974,14189
3062161,19287
3062762,17106
3063044,9423
3063223,10938
3063361,14657
3064970,16676
3065126,16570
3065265,14770
3065765,15980
3065917,13756
3066223,14779
3066450,12276
3066595,15425
3066740,12506
3066877,15094
3067161,15269
3067336,15588
3067532,13528
3067734,15123
3067928,12443
3068069,11390
3068266,11041
3070834,9773
3071007,8969
3071142,8592
3071425,7942
3071562,11460
3072884,14727
3073026,13525
3073167,12667
3073371,10579
3073540,10292
3073736,10842
3073874,13665
3075796,12437
3078106,8849
3078755,6137
3079763,8421
3080062,8285
3080813,7319
3081475,7064
3082096,6650
3086096,7531
3086254,7079
3086735,9828
3086888,10014
3087018,6856
3087134,10592
3087663,14444
3087822,6996
3087969,7534
3088371,8339
3088568,9704
3090141,6794
3090322,9134
3090481,3866
3090744,13852
3090797,9637
3091412,13436
3091613,7301
3091975,7703
3092148,7422
3093022,12855
3094471,7759
3094991,9807
3095160,10665
3095311,8861
3095503,9532
3095991,12592
3096158,16877
3096311,12182
3097458,20027
3097628,11500
3097785,14253
3097937,18766
3098105,12466
3098467,14886
3098629,15694
3098855,11854
3099079,11434
3099234,9569
3100574,14098
3102974,12753
3103130,11758
3103328,11695
3103492,15151
3103712,19902
3104005,19844
3104283,13414
3104632,13166
3104874,13477
3105062,14941
3105232,18131
3105406,13894
3105528,17784
3105656,11139
3106569,16053
3106790,15931
3106923,16978
3107061,15840
3107251,11518
3107398,11069
3107496,10627
3107746,10876
3108980,10177
3109181,12868
3109319,10177
3109467,11333
3109600,11338
3109734,14824
3109867,17385
3110008,17130
3110143,16640
3110273,16042
3110633,16323
3111197,15758
3111360,14722
3111467,14873
3111630,15558
3111781,14462
3111931,14205
3112311,12007
3112638,12057
3112767,12868
3112963,13327
3113168,11631
3113811,11449
3115625,11183
3116995,8198
3117488,8152
3118457,7006
3128711,7122
3128823,4960
3128958,7168
3129076,6996
3129289,5374
3129432,6727
3129574,10522
3129727,10465
3129884,6955
3130006,6974
3130436,5751
3130578,6050
3130906,9716
3132411,5499
3132589,7728
3132748,12568
3132903,16765
3133018,7429
3133879,9623
3134053,14237
3134208,12649
3134367,20834
3134470,13651
3134631,29591
3134788,13730
3134938,13364
3135091,13605
3135240,13594
3135416,13627
3135569,13650
3135718,24833
3136261,26731
3136405,27474
3137588,19462
3137751,19933
3137992,20761
3138150,11966
3138302,11549
3138462,21974
3138931,22526
3139090,17596
3139537,11131
3139678,19355
3139811,24305
3139936,10267
3142496,16623
3142672,17238
3142824,20869
3142978,16356
3143143,21384
3143302,11288
3143442,18871
3143596,11775
3143758,16459
3143923,16652
3144155,14707
3145118,24077
3145287,19699
3145623,15586
3145796,21535
3145957,20663
3146116,20891
3146278,21249
3146825,13187
3146983,13315
3147274,17273
3147437,17325
3147593,22940
3148347,18507
3151083,16841
3151251,16723
3151443,18658
3152210,7604
3152410,15608
3153440,14291
3153590,14930
3153727,15557
3153859,10739
3153977,10930
3154088,18659
3154225,11819
3154357,11639
3154888,26872
3155654,21048
3155871,27787
3156792,19302
3157209,28124
3161296,22414
3161448,14809
3161612,18036
3161775,22785
3161930,15011
3162082,15098
3162240,20987
3162424,23742
3162673,14398
3162726,11527
3162882,20692
3163054,15825
3163229,20142
3163403,18618
3165815,14248
3167752,13017
3168711,18419
3169507,10362
3170441,9851
3170588,11270
3170749,11162
3170908,11052
3171459,9791
3171604,10525
3171735,10537
3171864,9944
3171998,10078
3172116,11159
3172259,15903
3172469,9064
3175570,10603
3175760,7692
3176002,11684
3176128,10178
3177902,10044
3178969,8106
3179123,8048
3181154,7392
3183423,9869
3183801,7156
3183836,7667
3183987,9793
3184140,6673
3184355,6359
3184418,9408
3188327,8165
3188501,7492
3188650,5402
3188794,7776
3189006,7304
3189148,6317
3189330,7040
3189503,5628
3189684,6559
3189868,5471
3190987,5202
3191969,5904
3192067,3888
3198110,4736
3198622,5985
3198694,6550
3198921,9348
3199002,8273
3199012,5805
3199103,7347
3199200,12283
3199509,8469
3199769,8829
3199896,8976
3200482,9287
3200658,7307
3200779,10547
3201350,9133
3201484,14127
3201616,7204
3201779,10631
3201898,11189
3202027,10438
3202143,10371
3202279,10655
3202657,8544
3202798,12157
3202931,14233
3203338,12930
3203462,9729
3204108,11202
3204355,11354
3204882,7689
3205545,9923
3205666,10148
3205797,12390
3205951,12647
3206086,12590
3206414,10804
3206560,10717
3206849,11247
3206995,15379
3207456,12204
3208503,13370
3208652,11702
3208702,11044
3209079,10836
3209418,11085
3209683,8514
3217507,4543
3218501,5378
3218836,4979
3219457,4291
3219612,4499
3219768,4716
3219891,4933
3220348,10787
3220433,6892
3220467,6486
3220506,10783
3224906,3831
3225534,3951
3225708,4630
3225873,5111
3226017,4818
3226157,5179
3226304,5168
3226507,4734
3226649,4965
3226789,6326
3227017,6457
3227163,4937
3227355,5335
3227488,5529
3227641,7980
3227760,6035
3227909,6419
3228051,5469
3228186,5706
3228302,4992
3231701,3454
3231934,4131
3232136,5023
3232281,4545
3232436,3918
3235956,3839
3236868,10142
3238494,3310
3240286,6978
3240522,5459
3240752,3901
3240933,5120
3241041,4424
3242081,7008
3242307,10654
3242815,4878
3242833,10730
3242887,12418
3242934,14362
3242994,13372
3243373,6199
3243380,10689
3243618,7848
3243627,7215
3243879,7104
3244171,6368
3244377,9747
3244431,7315
3245004,6303
3245553,7654
3247199,6284
3247708,6351
3248056,5903
3248354,6004
3248907,8163
3249125,6295
3250703,4837
3252057,3673
3253086,5057
3253502,6482
3253701,6213
3254294,5262
3254434,5489
3254539,5545
3256939,4773
3257328,3480
3258109,5459
3258678,5133
3259309,4040
3259417,5641
3261708,3877
3261727,5120
3261967,4474
3262409,3660
3262908,5187
3263058,4294
3263301,4895
3264536,5405
3264642,4043
3264810,5194
3264846,3998
3265566,6008
3265917,4419
3266205,6801
3266479,5578
3266738,5627
3268659,4496
3269321,7684
3269411,5769
3270137,3645
3270578,6933
3270658,4283
3270840,5251
3271984,5176
3272436,5013
3272946,4141
3274028,7984
3274185,5784
3274339,4995
3274498,7857
3274637,7658
3274779,7143
3274967,10773
3275098,7134
3275126,7050
3275348,11328
3275467,6552
3276192,10393
3277180,8710
3278448,7255
3278630,10162
3278769,6155
3278903,6068
3279167,5703
3279361,9486
3279636,6826
3279808,7319
3279994,7621
3280216,9381
3280527,9024
3280767,8513
3280907,8297
3282581,6318
3283369,7365
3284129,5029
3284301,6948
3287079,4949
3287327,11380
3287731,3331
3288707,6602
3289768,4169
3290468,4294
3291399,4639
3292537,3368
3292702,4458
3292877,7380
3293013,7474
3293145,5746
3293263,5947
3293427,7122
3293546,5921
3293688,6618
3295275,6622
3296031,5478
3296207,5129
3296409,7278
3296486,5175
3296645,4296
3299154,7807
3299811,6122
3300766,6875
3300976,6785
3301154,5428
3302079,4802
3302223,4106
3302354,5452
3303060,6752
3303106,8822
3304120,9467
3304258,6582
3304422,6215
3304542,5681
3304717,6310
3304985,9724
3307859,7373
3308025,6243
3308144,5873
3308293,8641
3308459,7734
3308578,8007
3308704,8829
3308818,8815
3308967,8618
3309368,8112
3309411,8372
3309425,6922
3309553,8918
3310262,8541
3310677,10548
3310867,7500
3311061,9470
3311267,7791
3311856,8347
3312064,7784
3312958,7980
3313045,8285
3313082,7585
3313132,6888
3313168,8616
3313186,6509
3318662,4161
3319095,4537
3321533,3565
3321907,4459
3322119,4696
3322345,4940
3322763,6609
3322795,7152
3322823,7364
3322842,5525
3322980,7401
3324895,4394
3325075,4029
3325615,3389
3326117,4453
3326277,4232
3326853,6294
3326999,5461
3327142,5407
3327299,4911
3327552,5831
3327691,7311
3327863,5014
3330878,4587
3330974,8720
3331358,13909
3331440,9117
3331710,5607
3331878,5674
3332022,5355
3332239,12480
3333019,4983
3333176,7009
3333653,6766
3334255,9833
3334824,11607
3335032,10174
3335219,7834
3335358,6958
3335653,6212
3335786,9176
3335937,7300
3336088,7186
3336205,8445
3336509,5970
3338568,7984
3338972,7349
3339124,7050
3339270,6783
3339613,6380
3339820,7848
3340013,8640
3340246,7475
3340447,9190
3340591,10872
3340728,12536
3340849,11994
3340964,12370
3341529,12490
3341684,10313
3341811,12671
3341926,11266
3342060,12484
3342505,13206
3342664,12646
3343077,10625
3343301,10165
3343584,10346
3344098,11262
3344254,12182
3346353,14828
3346583,10663
3347280,16328
3347501,15546
3347748,18101
3347892,17189
3350286,13617
3350574,13093
3350737,15645
3350908,12449
3351037,13020
3351477,15038
3351623,13364
3351821,13875
3352038,11726
3352179,11090
3352439,11849
3352579,11723
3352709,10067
3353005,11699
3358168,6319
3358307,7923
3358432,6813
3358476,8216
3358706,8106
3358964,7834
3359195,5979
3359355,6951
3359563,5062
3365225,4399
3367310,3452
3368241,4093
3368813,5335
3369016,5662
3369044,4260
3369180,5423
3369473,4783
3369544,9796
3369820,4261
3370090,7011
3370230,8999
3370372,10682
3370522,5774
3370699,12824
3370930,12070
3371074,7162
3372521,14477
3372765,8811
3372915,8307
3374929,13510
3375029,6484
3375838,10859
3376509,6346
3376683,9053
3377184,5613
3377345,7926
3378180,8549
3378236,9677
3378290,11913
3378343,10422
3378442,11857
3378494,10621
3378540,10640
3378656,5609
3379003,5323
3379185,7700
3379968,8848
3379983,7126
3380160,4975
3380334,8929
3380493,4798
3380686,5160
3387063,3609
3387588,4839
3387751,4059
3387943,3742
3388256,4889
3389644,3626
3391159,3323
3392253,4291
3392503,3754
3393361,5063
3393380,5563
3393577,3854
3393747,3576
3394602,5479
3394751,4859
3395060,4918
3395203,6849
3395342,7457
3395459,6096
3397991,6002
3398202,5239
3398621,4913
3398752,6027
3399015,5037
3399360,6241
3400299,6842
3400435,5338
3400533,6301
3400806,3662
3401050,4404
3401471,5992
3403110,4149
3403636,7189
3403689,8843
3403841,7675
3404049,5289
3404270,7326
3404339,7993
3404609,4453
3404873,6961
3405144,7800
3405255,7362
3405343,6415
3406552,6230
3406970,5896
3409342,6671
3409445,6192
3410102,5976
3410288,5040
3413114,5438
3413333,5158
3413680,3399
3413879,7392
3414131,6096
3414197,6898
3414349,6301
3415094,6680
3415945,6185
3415984,9883
3416014,5916
3416044,9043
3416083,6561
3416310,6240
3416730,6726
3417464,7556
3417628,5882
3417655,6044
3417999,5753
3418147,5307
3418254,8826
3420354,7423
3423353,5107
3423785,9890
3423859,6611
3423918,5906
3424378,5253
3424620,6378
3425298,6369
3427122,4848
3427195,4625
3427289,5772
3427473,4548
3428919,4680
3429087,5438
3429209,6683
3429371,6746
3429585,5287
3429739,6148
3430352,9769
3431096,7750
3431431,7738
3431627,6505
3432049,5643
3432187,6101
3432360,8668
3432506,5529
3432624,4897
3435498,4703
3436039,6110
3436163,5421
3436188,5911
3436362,10972
3436482,9106
3436619,8271
3436730,7829
3437019,8627
3437239,7377
3437987,7372
3438942,6025
3438962,6513
3442199,5336
3442577,4332
3442901,5324
3443666,5146
3444002,3990
3444932,8654
3445676,7305
3445708,7911
3445893,7612
3446126,5385
3448809,5383
3448935,5867
3448975,4811
3448997,4877
3449565,6732
3449772,6589
3449895,5187
3450025,5672
3450452,6032
3450613,4266
3451171,6107
3451577,5449
3452730,6726
3452748,4219
3453252,6991
3453727,3971
3454234,5383
3454612,5472
3458053,4437
3458512,5105
3459265,3950
3460317,3893
3460342,4674
3460431,3764
3461163,3999
3461207,3828
3461333,5100
3461537,5296
3461794,4860
3462028,6468
3462157,4785
3462338,6859
3464363,5482
3465364,5704
3465579,4880
3465671,5298
3465769,6405
3465929,6712
3466072,6194
3466907,6557
3467029,4288
3467319,5485
3467603,4092
3467841,6814
3468055,5926
3468531,4338
3468745,5651
3469271,4950
3469686,4243
3469967,3793
3471469,3272
3472087,4845
3475533,3652
3475558,3521
3475689,3916
3475808,5048
3475999,3453
3476359,3836
3476951,3765
3477089,3392
3477234,4561
3477564,4048
3477934,3549
3478166,3618
3482281,3747
3483437,3475
3484114,5885
3484192,8060
3484360,4635
3484912,3929
3485083,6241
3486277,6840
3486505,10097
3486925,9180
3486954,3984
3487427,4228
3487558,6061
3487695,6992
3488967,6628
3489117,5879
3489278,5961
3489450,6461
3489718,5613
3489865,4594
3490037,7583
3490272,8270
3490447,8042
3490775,7371
3490976,7111
3491155,7936
3491422,5350
3491690,6173
3491845,6748
3492500,7015
3492678,7142
3498027,4206
3498356,6015
3498621,3304
3499217,5359
3499346,6175
3499544,3964
3500329,6459
3500520,4329
3500582,4994
3500706,6331
3502611,5023
3502797,5146
3502943,4343
3503093,6909
3503213,7426
3503328,6159
3503457,6175
3503657,5642
3503797,5265
3503937,4532
3504409,7047
3504606,7465
3505017,3879
3505620,5019
3505775,6093
3506616,5636
3510973,6323
3511106,5222
3511298,5866
3512079,4389
3512106,5646
3512434,5165
3513067,4481
3513235,3629
3513595,5217
3513739,5241
3513873,6229
3514015,4343
3514156,4753
3514291,6231
3514742,6105
3514869,4818
3515114,5367
3516142,5938
3516935,5198
3521121,6972
3521559,3440
3521909,7662
3522163,9326
3522304,10648
3522432,11072
3522605,11385
3522939,10806
3523127,6485
3523317,6659
3523447,6328
3523642,10984
3523810,11677
3523951,11104
3524068,11133
3524193,10008
3524331,10615
3524484,9423
3524604,8979
3526019,8753
3526197,6751
3526345,10521
3526641,6568
3526788,7671
3526926,8617
3527070,8892
3527203,9560
3527342,8671
3527458,8236
3527596,7998
3527713,8648
3527827,7646
3528517,8460
3528658,7826
3528793,8023
3528930,7205
3529071,7385
3529190,5498
3538565,4366
3538874,4766
3539048,4968
3539198,4272
3539351,6114
3539476,6492
3539615,7740
3539766,6532
3540030,6145
3540822,3946
3541261,4491
3541274,4315
3541325,8545
3541569,5398
3541652,5239
3541842,6895
3542104,7433
3542524,8001
3542977,7728
3543759,4421
3544743,4532
3545496,6229
3545685,5288
3546027,6057
3546370,5821
3546513,5627
3546649,5903
3547308,5718
3547596,6296
3548089,5324
3548484,4487
3548773,6676
3554062,5693
3554180,5497
3554249,5323
3554411,4055
3554732,4531
3554934,4908
3555323,5170
3555490,5473
3555655,5384
3555918,4181
3556040,4765
3556177,3867
3556316,3970
3556770,5051
3557504,4337
3557854,4237
3557913,4004
3558084,4331
3558789,3747
3562909,4436
3563187,4486
3563457,3608
3563740,3987
3564895,4777
3565180,12310
3565213,4788
3565496,10804
3565714,11658
3566127,7027
3566265,11917
3571281,6054
3571476,3817
3572003,4532
3572071,5704
3572287,4998
3572769,9380
3573569,6297
3573862,9262
3573923,9371
3573971,9043
3574017,6306
3574028,8206
3574464,5979
3574826,5417
3575560,5241
3576130,5613
3577098,4745
3579683,4690
3579691,5504
3580048,5149
3581496,5171
3582550,4749
3583276,4669
3583365,5763
3583585,4529
3584013,3917
3585382,5284
3585468,5386
3585737,6804
3585769,7293
3586023,6813
3586758,6705
3586798,5544
3587482,7520
3587686,6349
3587803,5946
3588017,6107
3588127,7114
3588197,7054
3588620,6939
3589423,10069
3589486,5148
3589644,9041
3590311,5608
3590448,6929
3590774,6690
3591266,6351
3595770,4397
3595994,4828
3596132,4759
3596394,5257
3596773,5197
3597022,5360
3597165,5154
3597598,4325
3598046,4124
3598206,7595
3598442,4564
3598661,6472
3598798,3736
3599237,4052
3603276,6639
3603481,4004
3603793,4534
3604081,6488
3604206,6558
3604891,8290
3605047,4446
3605582,11740
3605691,11298
3605889,11034
3606141,6622
3606200,9795
3606439,7685
3606906,9572
3607126,7820
3608268,9454
3608303,10771
3608428,9598
3608866,10446
3609301,8317
3609695,8963
3609765,11917
3610211,7590
3611281,8776
3611530,6625
3611855,7918
3612107,9736
3612167,7734
3612850,9558
3612943,8774
3614105,6029
3614261,7437
3617572,7500
3620444,4636
3620595,4299
3621935,6478
3621951,5591
3622123,5363
3622237,5570
3622317,3323
3622739,5610
3622931,6314
3623538,8792
3625499,5237
3625619,6078
3625827,8703
3626229,6618
3626369,9261
3626546,7832
3626892,7513
3627043,7419
3627251,8434
3627707,4748
3629823,4503
3630256,5707
3630788,3514
3631196,5889
3631464,8579
3631967,5838
3632208,7146
3632451,5014
3632711,6986
3632968,8580
3633126,9667
3633370,7396
3633625,7429
3633776,7934
3634006,7051
3634239,5943
3634378,9777
3634625,6867
3634859,7976
3635081,7818
3635442,6476
3635522,6764
3635564,8621
3636288,6647
3640082,7939
3640277,7937
3643449,3762
3643638,4071
3643988,10502
3644101,4799
3645135,8324
3646280,8666
3646301,4104
3646342,9172
3646626,7939
3646742,9130
3648249,6374
3648856,6405
3648883,8291
3648923,11537
3649038,3968
3649599,6602
3650819,5377
3650890,5861
3651192,6274
3652115,6170
3652452,5149
3652625,5479
3652643,5720
3652908,5583
3653152,6858
3653609,4971
3654185,6977
3654572,7204
3654730,8750
3654971,9580
3655309,8306
3655912,8691
3656230,7891
3656754,7898
3656907,7592
3657042,9635
3657752,7836
3659151,5342
3659307,7255
3661772,5081
3662163,9415
3662210,9313
3662313,7652
3662464,9163
3662874,9366
3663072,6622
3663781,6442
3664684,6426
3665287,8167
3666945,3713
3667659,10133
3667721,5432
3668489,7112
3668568,8431
3668707,4852
3669147,9953
3669371,13144
3669558,12744
3670202,5476
3670297,11947
3670497,10886
3671006,6663
3671161,6303
3671345,6401
3671906,5927
3672136,8494
3672369,8562
3672416,12128
3672793,12883
3673012,10730
3674260,9643
3674729,14008
3675074,7870
3675318,9347
3675846,8232
3676330,10458
3676454,7795
3676513,9214
3676929,7373
3677522,6960
3679343,6967
3679810,8417
3679911,9305
3680024,8260
3680149,6694
3680671,8597
3681114,8344
3681434,7948
3681612,13160
3681817,5935
3682585,6733
3682773,6736
3682857,7121
3687461,7448
3687690,8887
3687947,9274
3687966,7759
3688261,9108
3689035,7600
3689555,7027
3689772,7350
3690810,8081
3690976,7932
3691280,7392
3691564,6051
3691698,6378
3692011,5733
3692493,4461
3692653,5477
3693467,5553
3693774,4545
3695068,4142
3695853,4176
3696368,5535
3696789,4802
3697739,5547
3698717,4122
3698904,4605
3700457,5873
3700630,7615
3700771,6245
3700891,6236
3701034,8077
3701152,8497
3701456,8620
3701619,6610
3701737,8986
3701904,6123
3702093,4972
3702231,9138
3702366,8708
3702452,7408
3702592,9173
3702721,7423
3702852,9158
3703585,7235
3707248,6104
3707442,6197
3707630,6265
3707753,7791
3707865,8835
3708067,6408
3708267,4709
3709443,6454
3709593,5888
3710843,7400
3710997,10133
3711131,9126
3711269,10162
3711437,11805
3711559,11363
3711809,11782
3711846,8781
3711901,11413
3712535,10993
3712746,6864
3713797,5386
3713962,8116
3714740,7607
3716453,5242
3718365,4704
3718419,6276
3718453,6777
3718684,5486
3718954,6440
3719226,5778
3719411,6198
3726032,4935
3726244,5927
3726898,4629
3727291,3759
3728288,4206
3728420,3814
3728746,5804
3728872,3228
3729231,5254
3729329,8621
3729357,6310
3729377,8253
3729721,7946
3730052,6629
3730490,9014
3732098,11020
3732438,7280
3732597,7328
3732738,10973
3732881,8643
3733176,8058
3733198,7260
3733462,8307
3733686,8029
3734571,15222
3734593,17968
3734734,19742
3735527,15723
3736495,20766
3736661,13017
3736819,13262
3736977,12916
3737131,17193
3737288,12169
3737462,18140
3738002,11983
3738347,18656
3738551,14515
3738760,18967
3738903,19711
3739037,22256
3739168,17594
3739315,18267
3739420,18359
3739555,14186
3740574,14319
3740735,14068
3740905,13232
3741447,8376
3742223,16269
3742260,15567
3742292,20470
3742328,16422
3742590,17526
3743352,18721
3744608,11408
3744756,12611
3744920,15638
3745051,15874
3745115,13785
3746336,18063
3747370,17088
3747444,14490
3747611,14613
3747779,17193
3747949,18418
3748106,15361
3748264,13324
3748499,18258
3748534,20191
3748704,20203
3748865,22717
3749031,19020
3749263,20406
3750454,17015
3750623,16324
3750952,20032
3750979,18279
3751037,18318
3751099,17282
3751151,13754
3752348,14253
3752839,12436
3753371,12573
3754460,11350
3754627,8359
3755151,11111
3755310,14225
3755677,12974
3755831,11414
3756183,10454
3756346,12326
3756916,14587
3759482,9545
3762489,9366
3767397,5558
3767620,6697
3768073,6111
3771491,4513
3771847,3625
3772250,3352
3772718,3890
3772822,3667
3773643,3812
3773973,3714
3774329,4619
3775034,4459
3775217,3465
3776060,3195
3776717,4646
3776722,3633
3776906,4613
3779060,4243
3779672,4443
3779748,4606
3779972,4196
3780368,4758
3780932,3947
3781259,5262
3781451,4032
3781710,3508
3782203,3966
3782229,10388
3782260,8088
3782290,7879
3782308,8158
3782356,9386
3782375,4386
3782536,8726
3786976,5378
3787290,5524
3787901,5148
3788068,3841
3788239,5001
3788554,4370
3788792,4661
3788940,6860
3789131,5167
3789253,5512
3789368,6280
3789525,4988
3789681,4104
3794042,4432
3794407,3721
3796069,3592
3796287,5714
3796813,3329
3797307,9201
3797603,4345
3798210,3840
3798663,4265
3798840,5413
3799073,4948
3800200,8625
3800350,4643
3800554,5415
3800874,4838
3801023,7279
3801161,8840
3801296,8229
3801438,9821
3801778,8314
3802125,7070
3802477,6579
3802623,6998
3802740,10547
3803846,10053
3804077,9420
3804305,7753
3804424,11353
3804560,9229
3804693,9157
3805003,8959
3805051,8948
3805088,9845
3805106,8135
3805146,7162
3807316,8408
3807859,8226
3808866,6307
3810615,5419
3811451,5111
3811635,8048
3811767,5862
3811900,5899
3812088,7307
3814964,5069
3815820,4686
3816163,7581
3816307,6329
3816535,7759
3816693,8561
3817076,7724
3817625,5338
3817828,5324
3817964,5578
3818286,6683
3820724,3849
3820883,5007
3821028,4301
3821256,4775
3821460,5817
3821691,5298
3822788,5892
3822989,7564
3823176,7720
3823307,5651
3823605,6083
3824324,6634
3827045,4214
3827307,4035
3828136,4530
3828356,4798
3828733,4588
3829026,4591
3829215,4339
3829524,4153
3831083,4444
3831943,5951
3832012,5052
3832511,5799
3833943,7169
3834080,4595
3834236,5221
3834358,5369
3834498,5790
3834742,6328
3834926,8300
3835048,7008
3835161,7959
3835302,7572
3835432,8470
3835583,8095
3835701,8303
3835840,11867
3835979,12202
3836098,12320
3836238,10035
3836353,9226
3836455,11188
3836491,11013
3836856,11091
3836888,7050
3837100,11254
3837805,8337
3837951,9466
3843609,8128
3844184,4652
3844441,4466
3844760,5618
3844894,5606
3845045,4647
3845229,4289
3846400,4273
3847158,5007
3847207,4970
3851070,5362
3851252,4783
3851981,3990
3852538,3284
3852725,4275
3853046,4788
3853230,5241
3853423,4920
3853710,7492
3854642,5663
3855008,5868
3855554,4532
3856253,5518
3856457,6814
3856476,6185
3856546,6670
3856831,8455
3856956,3811
3857133,3713
3857475,5328
3857504,6046
3857733,5566
3857967,5030
3858844,6477
3860909,3910
3861465,4178
3866196,4321
3866512,5668
3866531,5474
3866715,5175
3866887,4083
3867047,6583
3867207,5430
3867361,5064
3867545,6112
3867696,5042
3867849,5307
3868006,4913
3868159,4905
3868454,4406
3869574,4529
3870599,3597
3871717,5639
3875128,5846
3875747,4859
3875922,5945
3876064,4366
3876197,6055
3876338,6260
3876492,5425
3876734,4192
3877070,6273
3877139,5160
3877553,8348
3877572,8253
3878138,5750
3878182,5919
3878217,5964
3878247,7121
3879708,6457
3880448,4811
3880581,7978
3881243,7196
3881701,6300
3882248,4983
3882800,6297
3882940,5294
3883435,5802
3884970,6435
3885726,6619
3886180,6882
3886941,8534
3887544,5630
3887560,5563
3889430,5390
3889666,5390
3889855,4481
3890064,7105
3890176,6821
3890268,8883
3890381,6913
3890617,5494
3890738,5372
3890917,4379
3891629,6449
3891955,5671
3892536,7583
3893026,5922
3896463,4146
3897913,3468
3898154,4119
3898273,3272
3898369,4654
3898780,5671
3899272,4993
3899941,5906
3899984,6369
3900138,4416
3900312,5273
3900361,4597
3902253,4771
3902320,4055
3903343,5155
3903552,3525
3903605,3982
3903896,4676
3904554,5124
3905000,3373
3906122,5386
3908947,4764
3909082,4823
3909454,3618
3910052,4911
3910095,4510
3910228,3329
3910770,4077
3910920,6382
3911053,5533
3911181,5176
3911322,5693
3912497,3526
3912676,8812
3912834,5527
3912956,9211
3913068,8870
3913204,6004
3913289,9406
3913438,6344
3914079,7925
3914624,7102
3914839,9333
3915122,8137
3915419,9221
3915817,8842
3915929,7591
3917305,5425
3918691,5366
3920686,4202
3920753,5589
3921618,4994
3922914,3768
3923293,5135
3923331,5905
3923567,4654
3925636,4081
3925770,4145
3926312,12187
3926545,8997
3926794,11951
3927154,6427
3927361,11259
3927680,10882
3927916,8129
3928055,12589
3928253,7440
3928398,14467
3928534,14559
3928689,15026
3929040,14259
3929264,9900
3929510,9338
3931599,8185
3932003,8492
3932259,11629
3932446,8729
3932537,13833
3932604,12776
3932871,13082
3933020,13109
3933270,12618
3933427,12776
3933569,10312
3933718,10567
3933844,10824
3934214,12113
3934383,8586
3934537,10409
3934695,9636
3934840,12391
3934960,8232
3935104,6925
3935246,6555
3935382,8556
3935524,6786
3935739,8050
3935878,10994
3937880,12353
3938321,9978
3938627,11425
3938993,10744
3939468,10282
3939630,7705
3939796,10064
3945359,8251
3945589,6664
3945672,4771
3945743,8407
3945787,6919
3945848,7366
3946903,6313
3951144,4765
3951293,6791
3951645,5819
3951678,4919
3952079,4761
3952286,4873
3954867,3645
3955586,9788
3955728,5548
3955743,7813
3956197,4263
3957578,5086
3957806,9669
3957949,5509
3958065,13733
3958164,8419
3958247,6051
3958337,6112
3958429,9212
3958646,8271
3958863,8897
3959067,10663
3959159,9967
3959242,4957
3959293,5246
3959451,4922
3961955,7519
3963227,8205
3963423,8338
3963668,9424
3963834,6518
3967888,5136
3968148,6631
3968279,5765
3968294,7836
3968428,5326
3968439,8326
3968458,6090
3969939,5970
3970168,5457
3970361,6347
3970859,6659
3971932,4881
3972145,5720
3972648,5278
3973144,5515
3973314,6504
3973508,4859
3973644,6407
3973865,8815
3973979,8890
3974206,7040
3974708,7650
3975079,5356
3975305,7815
3980504,5633
3980679,4275
3980822,4749
3980941,5346
3981098,5537
3981216,3636
3983238,5285
3983314,4584
3983488,4989
3983619,4967
3983779,4920
3985114,4169
3985263,5306
3986680,6217
3986877,4724
3987026,5478
3987148,5034
3987457,4298
3987779,5041
3987930,6120
3988511,8869
3988626,6060
3988676,10949
3989046,5794
3989717,6748
3989859,6920
3990041,4767
3990617,8399
3990762,5223
3991881,5737
3992588,5391
3995222,4192
3995400,4060
3995523,4240
3995818,4847
3996055,4739
3996445,4638
3996531,6195
3996568,6062
3997240,4881
3998119,3820
3999843,3135
4000379,3831
4000571,6078
4001710,4993
4003457,4173
4003984,4762
4004042,8613
4004485,7362
4004651,6524
4004804,6602
4005082,6253
4005317,5964
4006297,6660
4006530,6758
4006682,6412
4006849,7023
4006916,7607
4007188,8470
4007396,7961
4007707,8936
4008050,10691
4008255,11591
4008447,9735
4008996,12588
4009595,8438
4009757,4559
4009876,5973
4010598,10060
4010942,5945
4011482,9901
4011621,7642
4011844,9674
4012184,9785
4014599,8241
4015365,5636
4015670,5756
4016019,5610
4016165,8086
4016284,7768
4016457,7844
4016585,7046
4016718,6311
4016871,7108
4016939,15648
4016989,5341
4018087,6649
4018302,6483
4018849,5645
4019110,6362
4023700,3666
4024082,4930
4024326,4587
4024521,7659
4024808,6241
4025297,3668
4026631,4019
4026804,6571
4026941,4866
4027059,5418
4027171,5546
4027963,15203
4028172,10109
4028355,8333
4028431,8808
4028551,8967
4028664,8301
4029059,12958
4029239,10182
4029431,13558
4029587,9548
4029726,14576
4029842,13448
4029970,30246
4030208,24935
4030465,31225
4030679,14778
4031083,24491
4031282,24356
4031617,21843
4031835,23021
4031970,23033
4032203,19608
4033451,18658
4033670,18325
4033809,15518
4033942,15623
4034096,17902
4034426,11105
4034855,11848
4034976,11486
4035174,10897
4035295,9623
4036375,10226
4036509,15874
4036794,6986
4037072,18217
4037341,19666
4037620,18762
4037787,18993
4037955,18089
4038120,20806
4038384,20715
4038464,25076
4038575,22216
4038733,18589
4038898,19413
4039244,20492
4039653,17555
4039810,18785
4039962,16516
4040217,16729
4040378,15947
4040537,15182
4040756,21141
4041482,18806
4041736,21545
4041856,19985
4042185,18139
4043961,16224
4044182,16676
4044752,16441
4045087,15656
4046229,15513
4046377,17082
4046912,10537
4047086,11445
4047257,13771
4049991,13612
4050165,12628
4050285,12754
4050338,16505
4050368,12653
4059167,9346
4059450,7290
4059893,6902
4067249,5496
4067277,5386
4067614,9084
4067763,9412
4067932,12062
4068094,9830
4068213,8424
4068357,4440
4068615,4248
4068756,8263
4068899,8338
4069034,7838
4069163,7953
4070244,7451
4071758,5724
4071935,6587
4072096,6532
4072249,8399
4072945,7897
4073509,6533
4073929,9562
4073974,13367
4074010,15757
4074040,15217
4074686,14108
4074725,15862
4074793,15159
4075078,15401
4075493,12030
4078002,12434
4078237,6608
4078686,11850
4079092,11599
4079276,9766
4079658,11606
4079836,9147
4080068,11437
4080202,9445
4080342,9370
4080462,9003
4080676,8696
4081358,12463
4081459,10722
4081599,10843
4082046,8279
4082308,7007
4082636,8006
4083520,8825
4083647,9974
4083762,9809
4084481,12492
4084626,12285
4085589,11252
4085722,12133
4085867,12506
4086244,11735
4086440,11742
4086685,14211
4086764,14765
4086859,12744
4087332,13630
4087558,11901
4087843,12996
4088228,13967
4088266,11611
4089991,9982
4090131,9974
4090527,11191
4090924,10856
4091332,7978
4091513,7489
4091682,9005
4098767,4910
4099022,6675
4100244,6140
4101625,6268
4102272,3897
4102435,7387
4102572,5400
4102703,5755
4102833,10858
4102974,5984
4103120,10986
4103254,9531
4103400,5312
4103536,4549
4103786,5008
4105534,7711
4105686,5983
4109132,5032
4109605,5909
4109827,8027
4110045,6333
4110322,10345
4110370,8547
4110494,7425
4110654,7322
4110814,8204
4110986,7438
4111136,6021
4111284,8442
4111453,8283
4112274,8065
4112510,6974
4112821,5858
4113915,4935
4114198,5080
4115341,4571
4115539,5265
4115736,5150
4115901,4294
4116036,4065
4116181,4693
4117837,3544
4121300,5192
4121485,3993
4122275,5286
4122629,4275
4122779,4282
4123437,5912
4123481,9490
4123532,9819
4123551,9734
4123581,10329
4123654,3534
4123842,5037
4124236,10485
4124287,9226
4124306,10594
4124337,10592
4124373,6782
4124471,4507
4129783,10855
4129965,7565
4130151,4561
4130310,10863
4130466,10561
4130725,10053
4131194,9720
4131334,12139
4131508,9313
4131530,14433
4131571,11185
4131612,15488
4131655,14001
4131968,13896
4132038,14127
4132058,13718
4132086,10930
4136507,23506
4136773,24946
4136974,9300
4137139,8922
4137284,20490
4137631,21084
4137791,13349
4137942,18715
4138098,18902
4138249,26605
4138405,26280
4138563,20028
4138711,19480
4138862,15865
4139013,33453
4139193,30380
4139342,29613
4139514,29353
4139670,28107
4139854,32705
4140013,17098
4140170,19718
4142243,18658
4142430,18806
4142592,19538
4142845,21714
4143110,13777
4143268,13526
4143460,11022
4143621,12843
4143773,11054
4143929,10985
4144086,11110
4144236,25238
4144392,24365
4144669,44513
4144821,33331
4144978,40158
4145129,32817
4145288,34855
4145489,43763
4146747,40221
4146910,33433
4147064,28247
4147220,27880
4147372,27621
4147456,30194
4147623,30137
4147780,29764
4147931,27297
4148236,29616
4148402,37876
4152531,33315
4155002,34815
4157211,20846
4157382,32802
4157466,21247
4157629,25019
4157869,22772
4158028,16854
4159093,16312
4159256,30599
4159442,29899
4159595,27253
4159747,25190
4159971,26831
4160127,27981
4160305,20169
4160567,29579
4160721,26163
4161051,25933
4161375,26810
4161947,25738
4162273,24503
4164935,23572
4165119,24744
4165345,20507
4167929,20311
4169646,20417
4170038,19940
4171649,17549
4172843,16444
4173015,15560
4173449,12747
4176861,12264
4180749,9416
4181484,7855
4181666,9130
4181837,9009
4182748,6722
4183076,7666
4183974,5549
4184467,8885
4185237,8142
4191335,3334
4192103,5485
4192144,3557
4193766,4102
4194853,3983
4194901,4373
4195116,4654
4195290,4014
4195379,4709
4195659,5317
4196003,4509
4196210,6869
4196384,4688
4196590,6046
4196764,7155
4197055,7566
4197249,7126
4197641,6579
4197884,8086
4197998,7164
4198113,7633
4198418,7961
4198979,7995
4199728,6336
4200061,5615
4200364,4624
4200540,3963
4200859,4192
4201723,4883
4201789,5423
4206304,4050
4206517,4354
4208322,3421
4209296,6016
4209565,5625
4209673,5195
4209842,5195
4211190,3770
4211991,4240
4212256,4662
4212544,8056
4212688,5955
4212833,5659
4213000,5588
4213161,8254
4213320,7652
4213581,7243
4213786,8280
4213969,6092
4214008,5870
4214194,6309
4214442,8140
4215814,7957
4215915,9089
4216068,8009
4216289,7054
4216909,6659
4217569,7041
4222061,5932
4222369,5751
4222620,4659
4223049,5011
4225074,5482
4225130,6343
4225582,5102
4225698,4933
4225967,5478
4226429,4606
4226844,5186
4227206,4714
4228235,4442
4229309,5027
4229484,3841
4229644,3356
4230210,5524
4230440,4913
4230584,5247
4233213,4224
4233439,4322
4233602,4253
4233781,5766
4233962,5728
4234111,5866
4234263,5206
4234456,4875
4234879,4743
4235562,5556
4235956,4741
4237323,4224
4237550,3765
4238072,4177
4239916,6428
4240109,5038
4240243,5492
4240451,5165
4241531,4482
4242681,3827
4242718,4602
4242877,3982
4242991,4617
4243254,4731
4243679,4371
4244294,5474
4245418,9998
4245764,9718
4246109,6713
4246774,8264
4248273,5449
4249052,6559
4249265,6838
4249425,11201
4249602,11083
4249779,10026
4249911,10651
4250040,11121
4250155,11385
4250302,10495
4250443,15527
4250561,15195
4250730,11775
4251236,10728
4251569,10697
4251721,14616
4252058,10027
4252179,13646
4252293,12765
4252471,13132
4252591,10334
4252795,12883
4253171,13270
4253361,16155
4253459,11399
4253595,11925
4253713,12329
4253825,12074
4253938,15844
4254439,9599
4256734,12971
4256903,12657
4257026,12450
4257139,12241
4257273,12031
4257612,11619
4257781,11854
4257920,10083
4258067,9509
4258208,8609
4258327,10689
4267471,3828
4268227,3391
4268308,5396
4268511,5387
4268968,4290
4270602,3960
4270675,3631
4272130,4609
4272327,5374
4272426,9418
4272716,8781
4272878,8675
4273050,7520
4273472,7484
4274244,7493
4274428,6467
4274519,4934
4275103,7792
4275269,7459
4275715,7103
4275797,7818
4276209,6820
4277521,14694
4277571,7049
4277594,7875
4277918,12439
4278027,5580
4278120,11396
4278312,14832
4278772,6737
4278949,6416
4278990,13576
4279135,9392
4279221,7318
4279446,10425
4279900,11019
4280980,10182
4281368,11442
4281456,9119
4282019,8716
4284695,7178
4284994,8423
4286508,10532
4286869,6870
4286921,7935
4287537,5915
4287710,5973
4288756,8367
4288937,6769
4289098,6195
4289260,8740
4289433,7679
4289581,7156
4289916,7534
4290083,5993
4293800,4293
4293971,3748
4294834,6499
4294965,4889
4295038,6506
4295260,5771
4296291,5397
4298635,5840
4298658,8228
4298882,7058
4299011,7020
4299213,7641
4299361,7134
4301929,6935
4301935,5711
4302075,4997
4302223,5820
4302520,6293
4302762,5246
4302939,4815
4303262,4888
4304575,4143
4304742,4304
4304894,6765
4305051,5794
4305278,6609
4306030,6025
4309154,3353
4309298,5613
4309850,6079
4310203,3439
4310446,3413
4311330,4029
4311898,5359
4312256,6227
4312635,4227
4312733,4577
4312930,6282
4313046,4644
4313853,4986
4314094,4592
4315506,4165
4315709,5073
4315977,6754
4316030,6345
4316440,5881
4318072,5128
4318564,5961
4318612,6255
4320068,7264
4320089,5856
4320208,7720
4320329,9258
4320638,6558
4321166,6397
4321608,6743
4322412,9734
4322567,6645
4322759,6705
4323378,4897
4323435,5646
4323520,6046
4324984,6127
4325190,4904
4325425,11421
4325631,4172
4325836,4736
4326795,5664
4327137,5426
4327594,7988
4327860,7341
4328130,7908
4328405,8190
4328545,6364
4328613,7152
4328666,5699
4329975,6015
4330694,4032
4333714,3526
4334287,5984
4334570,5471
4335275,5495
4335536,4840
4335793,6372
4337751,5083
4337984,3811
4338087,4561
4338568,3779
4339705,4265
4340303,3572
4340348,5158
4341064,5455
4341745,4222
4342297,4661
4342680,3880
4342735,4056
4342942,7193
4343164,6796
4343275,6623
4343857,6420
4344190,6289
4344338,6043
4344430,6507
4344558,5298
4344698,6059
4347286,3752
4347475,5163
4347511,5808
4347697,6354
4348033,3939
4348554,4189
4349222,5052
4349355,5445
4349423,4314
4351693,5259
4351863,5914
4355006,6054
4355040,5287
4355163,6347
4355175,5553
4355261,4941
4355678,6106
4355777,5688
4355869,6392
4356165,7391
4356429,6565
4356987,5022
4358015,6221
4358180,5714
4358542,7920
4359057,6122
4359101,5931
4359143,6421
4359773,4941
4360526,6637
4360767,6824
4360917,7397
4361340,7092
4362377,7150
4362615,8097
4362779,8245
4362925,7616
4363560,5529
4363733,6362
4363871,6862
4364128,8996
4364510,7570
4365264,7616
4365487,6767
4365702,6835
4366500,6816
4366721,6784
4366886,6250
4367028,8882
4370796,4769
4371067,5210
4371109,5045
4371928,6746
4372109,5225
4372470,9855
4372768,6080
4372949,10641
4373153,5625
4373559,5169
4374103,4832
4377357,9091
4377460,6089
4377846,8840
4378003,7802
4378128,7110
4378274,5904
4378493,6694
4378981,10593
4379123,8884
4379240,5731
4379396,14544
4379536,6395
4380060,11419
4380208,9263
4380582,9888
4380711,10359
4381219,13109
4381882,11598
4382096,11111
4382219,12939
4382684,9475
4382852,12176
4383363,9132
4383586,9087
4384002,11801
4384601,9510
4384745,9815
4385012,9941
4385266,7279
4385547,7308
4386652,7900
4387475,7460
4387707,6996
4387871,6629
4388574,5589
4388799,6278
4388955,4760
4389210,4232
4390550,5062
4391976,4149
4392995,5026
4396005,4020
4396179,4398
4396613,5533
4396847,4708
4398196,3354
4398654,4240
4398850,7433
4399118,6107
4399483,5495
4399618,3974
4400085,4861
4400976,4884
4401198,4847
4401467,9193
4401711,4621
4402318,4724
4402471,4424
4402601,4021
4404347,6975
4404595,5869
4404852,6235
4406167,5799
4407715,4582
4407874,5846
4408292,13026
4408497,11853
4408633,10837
4408711,16302
4408824,14665
4409054,9528
4409130,12324
4409256,6024
4409598,7373
4409896,8042
4410069,8412
4410245,7864
4410443,14079
4410506,9908
4411635,13630
4412311,6596
4414108,5988
4414512,8073
4414768,7029
4414933,12526
4415201,11279
4415466,12421
4415726,12235
4415895,12133
4416157,10577
4416540,10248
4416807,9348
4417166,9494
4417491,6949
4417661,5806
4418365,7010
4418644,9236
4418806,8630
4418981,13643
4419356,13103
4419474,9663
4419882,9864
4422743,6449
4423030,7287
4423614,9209
4423729,7037
4424703,9247
4424929,9143
4425154,8858
4426244,7815
4427255,6104
4427527,6358
4427721,6864
4430337,8650
4430574,4527
4430625,5954
4430814,5818
4430911,4886
4431245,6300
4432507,6663
4433024,7482
4433354,6009
4436049,5241
4436117,4588
4436613,9459
4436690,8074
4436904,6836
4437025,7476
4437330,4438
4437686,3870
4438782,6816
4439230,6626
4439362,6900
4439540,10677
4439684,9922
4439901,6562
4440948,6168
4441438,7867
4441602,6318
4442057,7423
4442208,5624
4442355,5332
4442443,5862
4442587,5200
4442669,6836
4442857,10632
4442910,5932
4444685,4870
4448629,4524
4448952,8182
4449135,4721
4449336,6235
4449518,5719
4449652,5470
4449810,5672
4450411,7053
4450875,4882
4453416,5802
4453571,5588
4454280,8216
4454661,5352
4454766,5072
4454826,5684
4455150,6344
4455646,4924
4455756,9384
4456454,6336
4457816,4347
4457839,6100
4458123,8249
4458328,7972
4458450,7340
4458623,7518
4458822,6733
4459050,7843
4459179,8999
4459502,8170
4459661,8537
4459847,8000
4460026,8096
4460183,5012
4460332,6570
4460537,6755
4462450,6598
4462680,5671
4463436,5396
4463590,6869
4464642,6607
4465300,4735
4468284,3856
4469092,4885
4469114,9865
4469511,7650
4469812,6915
4470113,6952
4470528,7707
4470773,8713
4470947,7856
4471090,3671
4471296,4665
4471434,4398
4471784,5517
4473849,3996
4474136,5410
4474300,5905
4474737,6634
4474810,5657
4474973,8153
4475304,5982
4475439,6991
4475580,7859
4476846,7391
4477336,7487
4477760,5400
4478210,5731
4479002,5291
4479146,5145
4480324,4761
4480612,4122
4481108,5479
4481554,4560
4481816,4696
4482168,7153
4482313,5747
4482484,4458
4482739,4728
4483167,5599
4483209,4809
4484348,4602
4486044,3806
4486651,4495
4487061,4756
4489890,4532
4490072,4194
4490222,6415
4490346,5670
4490547,3807
4490709,5476
4490824,6267
4491200,5130
4491308,4494
4491920,5840
4492068,5188
4492111,5367
4492454,5463
4492559,5902
4493930,4086
4495879,3284
4496486,4330
4498140,4346
4498795,4459
4499305,7782
4499426,4347
4499478,8312
4499534,3521
4499933,6719
4500024,8989
4500202,6960
4500758,5277
4500880,7564
4501087,7873
4501614,7904
4502295,5979
4502632,6895
4502813,6375
4502974,5519
4503496,6124
4503795,5002
4504162,7364
4504213,6531
4504746,8413
4504990,8556
4505229,4712
4506814,7320
4508717,6876
4509329,6814
4509666,4969
4509852,5685
4509934,5500
4510313,4399
4510855,5866
4511014,6667
4511131,5161
4511238,4650
4511431,4673
4513005,4168
4513204,4018
4514693,4819
4516321,3449
4516496,3593
4517052,3958
4517405,4079
4517708,4491
4518236,4634
4520486,5237
4520955,5553
4521111,5810
4521550,5441
4521573,5144
4521820,5047
4521989,4133
4522473,3976
4523430,9290
4523562,8183
4523606,4770
4523766,5254
4523965,4827
4524350,8773
4524406,5294
4524566,8680
4524912,9452
4525039,11322
4525414,10865
4528181,7194
4529128,5152
4529233,5230
4529339,8311
4529664,7194
4529740,9101
4531352,6454
4531376,6603
4531429,7802
4531500,9362
4531957,3941
4532535,4935
4532646,4382
4533014,5341
4533320,5207
4533477,5933
4535037,5356
4535142,6487
4535174,6839
4538185,5567
4538515,4714
4539307,4181
4539740,4839
4540038,4183
4540170,4293
4541004,3862
4541922,3435
4542311,4129
4542603,5725
4544941,4557
4545445,4667
4545648,4230
4545759,3846
4546566,3463
4546724,3367
4547202,3809
4547283,3505
4547429,3794
4547555,3530
4548173,4320
4548321,3942
4548469,4053
4548635,3348
4551507,4817
4551833,4672
4553449,9166
4553610,4635
4553845,5128
4554057,5249
4554244,6532
4554622,4522
4554792,5916
4555167,6691
4555253,7352
4556117,5404
4556632,6093
4557288,3864
4557659,6876
4557730,7352
4558418,5384
4559032,5911
4559362,6529
4559556,4530
4559822,5665
4560089,7308
4560330,7216
4560528,6358
4560811,7125
4561059,5627
4561567,5028
4561908,5466
4562050,4115
4564924,3797
4566330,5138
4568053,3713
4569114,3806
4569272,5237
4569490,4893
4569571,4972
4569754,7116
4570201,5500
4570254,5868
4570891,3921
4571019,4299
4571351,4075
4572268,5720
4572321,4974
4572757,4866
4572949,5554
4573122,4494
4573314,5913
4573588,9015
4574540,4512
4574967,6230
4575039,6308
4575259,7010
4575469,6337
4575760,6531
4575861,5495
4575971,6593
4576177,6264
4579809,3611
4580247,6626
4580561,4467
4580707,3574
4583043,4848
4583213,4123
4583339,5652
4583563,4953
4584442,9036
4584579,5173
4584663,6550
4584734,9843
4584959,5124
4585373,7104
4585607,9854
4585859,6162
4586333,5576
4586592,5975
4586860,8703
4587073,5305
4589796,4962
4590665,5795
4590952,4481
4591301,4213
4592050,5597
4592807,4732
4592914,4432
4593081,7766
4593211,7268
4593592,4507
4593717,8805
4593914,7116
4594181,6235
4594219,5855
4594238,6997
4594429,7532
4594678,6092
4598989,5322
4599010,7130
4599219,9195
4599256,9686
4599812,8718
4600164,4442
4600537,7943
4601079,6243
4601376,11108
4601812,11301
4602013,7492
4602288,10976
4602876,7406
4603138,8957
4604768,13577
4604830,7429
4605432,11256
4605450,9817
4605619,8274
4605865,9153
4606361,8948
4606596,8727
4606860,12395
4606910,9271
4607185,9171
4607366,8485
4607665,11453
4607878,9936
4608185,9399
4608470,11687
4608724,12323
4608830,12531
4609073,9967
4609197,11623
4609355,12922
4610950,9595
4611285,9902
4611674,10323
4611929,9723
4612321,9837
4612762,9741
4613019,13384
4613474,7961
4613809,8794
4614060,8824
4614290,6988
4614708,7012
4619454,5846
4619886,6165
4619949,6019
4620694,6137
4623565,3778
4623768,3927
4623838,4889
4624024,5832
4624142,6359
4624412,6271
4624831,4337
4624977,4647
4627723,3238
4628079,5643
4628275,4551
4628378,4202
4629452,4237
4629589,4233
4631165,4926
4631241,4729
4631542,5964
4632057,4871
4632151,5340
4632246,4793
4632581,4698
4632730,5126
4634021,5541
4634368,7186
4634422,8381
4634569,6365
4634698,6972
4635123,7518
4635328,8012
4635482,7328
4635578,5609
4637632,4575
4638741,4330
4639183,6288
4639376,4763
4639785,4854
4640147,5482
4640272,5562
4640514,5186
4641958,4720
4642848,5856
4643469,6245
4644181,6046
4644348,6321
4644459,5825
4644627,6094
4646493,7123
4646690,5118
4646811,6305
4646874,5477
4646982,5245
4647031,4948
4647366,5208
4647446,5815
4647712,5958
4648006,8354
4648276,6183
4651034,5247
4651771,5535
4652579,5896
4652924,6295
4653437,4613
4653694,4574
4653713,5897
4654040,4509
4654314,5311
4654739,4396
4655260,3628
4655709,8275
4655752,7630
4655892,6472
4656129,4065
4656701,5930
4660142,3991
4660835,3772
4661682,5206
4661959,5190
4662671,4604
4663236,4604
4663451,4303
4663518,4561
4664831,3429
4664913,3411
4665601,4267
4665719,4952
4667172,5344
4667434,4490
4668172,4437
4668346,4326
4668416,5202
4668497,4352
4669159,4812
4669425,4189
4669938,4922
4670007,6024
4670046,6244
4670089,5252
4670093,6302
4670112,5657
4670463,4877
4671132,6145
4671576,5071
4673952,5457
4674245,3679
4674424,4117
4675025,4144
4675748,4191
4676822,5259
4677464,4546
4680001,6701
4680116,3580
4680473,6712
4680807,7096
4680938,7781
4681482,5157
4681601,7476
4682094,7760
4682354,6508
4682434,7042
4682698,6844
4683030,6221
4683307,6604
4683618,6343
4683895,5707
4683978,6491
4685004,4162
4685450,5086
4685574,5360
4685603,6552
4685953,4773
4686405,5929
4687198,4348
4687600,4355
4687944,4400
4689647,5432
4692444,3243
4692622,5393
4692748,3874
4692866,6378
4693097,4197
4693217,5847
4693438,5735
4693650,6010
4693760,4738
4695759,3322
4697004,4785
4699862,9413
4700049,10877
4700193,5497
4700329,12600
4700479,10347
4700620,10884
4700759,13559
4700911,18596
4701048,14012
4701228,17026
4701373,18224
4701429,17110
4701561,17277
4701698,17450
4701831,17427
4701963,17381
4702067,17364
4702205,13726
4702335,22239
4702475,22492
4702648,11573
4703538,12984
4703550,16096
4703696,18041
4703842,19455
4703899,18832
4703975,15050
4704123,18347
4704264,12906
4704619,16849
4704757,13190
4704888,17164
4705028,11611
4705162,12841
4705292,11875
4705422,9989
4705704,13395
4706186,14334
4706364,10418
4706578,15414
4707112,11479
4707285,22522
4707550,22292
4707727,19307
4707958,19612
4708013,18726
4708698,18775
4708906,17945
4709437,10047
4709656,12642
4709738,16455
4709845,11806
4711122,11345
4711298,11051
4711599,15960
4713953,16207
4714718,14094
4714883,16828
4715563,11370
4715727,13442
4716199,11861
4716619,9617
4717626,11680
4718085,10442
4719912,12495
4721305,8470
4723524,10350
4726041,8601
4727048,5541
4728229,3578
4730204,4042
4730340,5182
4730890,4690
4731760,4275
4732158,4259
4732662,4443
4732703,7843
4732792,6459
4732841,6640
4732860,6880
4732910,6976
4732989,3512
4733105,4222
4737867,3718
4738135,4716
4738464,5295
4738815,4275
4739207,5055
4740236,4926
4740762,4973
4740823,4544
4740893,3734
4741131,5434
4741172,10437
4741200,11144
4741237,10266
4741255,13251
4741643,10598
4741705,10830
4741726,10743
4742375,8079
4746904,9261
4747124,15575
4747287,14954
4747490,15079
4747774,15123
4747813,14369
4748045,14069
4748075,14755
4748260,11002
4748364,16539
4748521,13982
4748790,16191
4749005,11995
4749021,9286
4749158,11577
4749315,9139
4749466,6503
4749533,9094
4749644,8627
4752858,8181
4753312,12875
4753564,14693
4754168,9417
4754330,9314
4754594,6604
4754845,6522
4755204,6092
4755455,6065
4755618,5625
4755862,9167
4756270,11263
4756330,11849
4757652,10469
4757905,12219
4759405,11178
4759461,12899
4759509,9854
4759559,12897
4759605,9927
4759651,10110
4762193,10048
4762318,7874
4762450,9855
4763381,11540
4763719,11608
4764306,10551
4765324,8428
4765507,4487
4766067,6004
4770955,4528
4771039,4019
4771298,6908
4771530,7472
4771585,5522
4771839,6084
4771946,7291
4772130,4696
4775283,8217
4775656,4840
4775727,3583
4775977,10309
4776252,9051
4776319,8875
4776338,8965
4776443,6777
4776600,7456
4777253,6080
4777760,8544
4778248,11273
4778605,9967
4778955,11321
4779082,8490
4779364,11381
4779444,15436
4779593,10549
4780621,10189
4781493,10113
4781669,10469
4781826,9669
4782035,10964
4782484,7066
4782649,12082
4782821,12993
4783031,13713
4784151,9731
4784480,11148
4784760,13047
4786677,7127
4786927,9377
4787076,8712
4787394,13348
4787695,13376
4788278,8073
4788473,10523
4788619,9608
4788819,9713
4788964,9429
4789373,10124
4789565,8532
4789719,10491
4789975,8126
4790920,11523
4792798,7516
4793020,8113
4793365,9492
4793612,7927
4797517,6646
4797857,6330
4798532,4824
4798693,5996
4799057,5693
4801771,3644
4801929,6048
4802069,5404
4802220,6271
4802373,12189
4802418,12035
4802972,11386
4803520,11350
4803796,10716
4804021,10275
4805056,12946
4806176,15964
4806488,12147
4806634,13546
4806771,14801
4806904,13559
4807070,12661
4807411,14057
4807560,13847
4807812,12748
4808004,12932
4808296,14326
4808429,15403
4808570,16692
4808941,18622
4809147,17717
4809503,14566
4809663,15275
4809797,14875
4809934,15289
4810062,15588
4810208,14594
4810372,14683
4810535,10342
4810696,12902
4810817,12529
4810929,14028
4811079,15527
4811197,14631
4811629,14834
4811820,13957
4812042,16898
4812169,13176
4814615,11901
4815062,12275
4815237,11467
4815360,10145
4816793,14459
4817094,13652
4817261,14389
4817620,11727
4817794,12863
4818193,12850
4818462,11793
4818796,12088
4819928,10145
4819991,9970
4820043,11751
4823727,8114
4824428,7285
4826547,6470
4828433,3698
4829933,12489
4830327,12303
4831271,10798
4831879,10354
4833881,5136
4834085,6725
4834830,5598
4835076,4550
4835525,7397
4836224,6823
4836515,6864
4836822,6886
4837310,11636
4837776,7575
4837961,7156
4838165,8133
4838318,9872
4838550,6751
4839089,5063
4839263,8837
4839590,5331
4840167,9599
4840228,9006
4840283,9000
4840334,12022
4840446,7308
4841377,13803
4841489,12289
4841609,13532
4841809,11916
4841824,10882
4841965,7448
4846959,7075
4847249,4084
4848194,5371
4848828,8705
4848913,6315
4849106,7409
4849480,7987
4849639,5492
4849801,5165
4849952,8651
4850089,7382
4850220,7402
4850570,8017
4851233,8446
4851454,7844
4851804,7796
4851956,7133
4852622,7824
4852760,8546
4854759,5868
4855419,6790
4855437,4603
4855488,6512
4855940,6843
4856172,5120
4860061,4896
4860646,5288
4860682,4622
4860996,6208
4861648,3963
4862048,3800
4862376,5396
4862628,4390
4862739,4956
4863213,5122
4866168,8373
4866351,7233
4866603,5230
4866645,6988
4868524,5753
4868571,4981
4868737,6232
4868871,5773
4868957,5209
4869100,4991
4869114,8864
4869241,7756
4869347,7256
4869856,8194
4870075,7209
4870137,8022
4870403,7831
4870628,7478
4870867,7178
4871186,5583
4871894,8204
4874976,4051
4875009,3940
4875204,4011
4875699,3971
4875772,5387
4876398,5507
4876952,5159
4880311,4594
4880362,6862
4880452,5068
4880465,5189
4880639,5811
4880858,7398
4880989,6479
4881282,7137
4881543,6667
4881763,9287
4882531,4441
4882892,5709
4883266,7794
4884261,6917
4884440,5690
4884498,6236
4885068,8314
4885265,5653
4889010,4463
4889312,6166
4889468,6883
4889566,9552
4890041,10514
4890311,7669
4890466,6104
4890949,5549
4891183,7023
4891305,9299
4891446,8789
4891517,7384
4891656,8888
4891765,4701
4891859,6682
4891955,8727
4892177,6898
4892287,7180
4892503,7063
4894887,5646
4896896,4120
4896979,6220
4897189,7427
4897359,9638
4898949,5097
4899214,5597
4899363,6820
4899662,6577
4901183,4589
4902074,3527
4902972,5468
4903022,6470
4903060,8367
4903247,7030
4903434,7789
4903582,8550
4904101,8264
4904332,6351
4904858,6891
4905121,9373
4905223,9340
4905517,8528
4905916,8791
4906048,8175
4907368,5851
4907553,4945
4908005,6752
4908126,5253
4908341,5494
4908438,5845
4908547,5559
4908689,4269
