265,3188
636,3032
1294,2882
1353,3762
1999,4048
2565,3396
2737,3697
2833,3555
2964,3576
3052,3729
4021,3473
4918,2831
5785,2988
5887,3001
6761,2801
6985,2797
7123,2868
7153,2950
7298,3067
7321,3068
7730,2860
7934,2956
8874,2867
9018,2771
9677,2810
9926,2969
10195,3076
10201,3155
10490,3037
10677,3091
10743,3147
10986,3057
11908,2793
12073,2882
12573,2814
12993,3240
13439,3305
13460,2867
13671,3219
13875,3176
14039,3063
14192,3103
14805,2877
15052,2841
15521,2906
16448,2795
16631,3099
16874,3117
16988,3150
17348,3128
17515,3145
17836,2946
18002,2945
18172,2974
18511,2970
19346,2781
19861,2941
20104,2972
20242,3133
20582,2964
20798,2879
21001,3001
21163,3004
21316,2954
21569,2902
22259,2815
22929,2867
23198,2816
23469,2941
23774,2843
23822,2937
24105,2904
24354,2853
24537,2993
24860,2878
25165,2936
25903,2834
26143,2770
26539,2882
26766,2920
26990,2890
27158,2897
27363,2904
27763,2921
27926,2861
28227,2786
28846,2843
29033,2772
29514,2838
29790,3121
30019,2906
30190,2855
30390,3115
30797,2880
30948,2904
31152,2848
31941,2820
31961,2912
32500,2790
33126,2817
33148,2914
33296,2913
33615,2949
33832,3123
34100,2817
34114,2899
34864,2784
35026,2768
35377,2799
36042,2812
36307,2925
36320,2997
36791,2981
37129,2910
37217,2776
37297,2848
37751,2901
37959,3003
38317,2793
38945,2786
39399,2817
39420,2895
39872,2935
40227,2779
40458,2835
40473,2952
40802,2968
41064,2863
41271,2795
41860,2951
42324,2802
42457,2835
42904,2826
43149,2959
43415,2964
43670,2906
43902,2991
44065,2823
44287,2931
44908,2875
45218,2794
45424,2796
45823,2841
46210,2799
46511,2792
46729,2913
47045,2785
47102,2852
47318,2835
47876,3019
48138,2867
48346,2821
48789,2890
49134,2889
49425,2911
50193,2784
50392,2884
50538,2880
50585,3110
51000,2898
51265,2860
51278,3005
51808,2902
52112,2911
52433,2891
53110,2780
53371,2779
53589,2983
53840,3041
54060,3142
54248,2897
54414,2876
54805,2927
55154,2892
55411,2902
56003,2857
56285,2767
56709,2783
57037,2916
57309,2914
57377,2821
57515,2924
57881,2794
58140,2841
58437,2776
58958,2816
59214,2774
59666,2777
60048,2885
60340,2815
60505,2914
60577,2996
60811,2930
61113,2834
61336,2907
61926,2788
62113,2770
62536,2905
63067,2837
63275,2993
63541,2910
63829,2876
64076,2884
64121,2989
64343,3087
64826,2865
65017,2769
65568,2840
65993,2798
66368,2833
66576,3167
66901,3063
67089,2966
67243,3085
67559,3034
67840,3034
68054,2971
68505,2804
68929,2787
69288,2785
69851,3024
70133,2899
70161,2964
70459,2950
70857,2954
70968,2999
71246,2856
71435,2835
71800,2787
72203,2838
72969,2869
73275,2847
73460,2883
73654,2907
73945,2848
74099,2907
74411,2994
74434,3054
74770,2820
75127,2901
75961,2871
76239,2817
76466,2825
76694,2823
76915,2822
77128,2822
77762,2883
78134,2776
78324,2885
78470,2858
78925,2865
79154,2861
79389,2850
79667,2787
79866,3005
80074,2772
80764,2865
81037,2785
81305,2785
81517,2922
81920,2839
82138,2810
82355,2843
82586,3003
83006,2962
83027,2889
83738,2808
83955,2846
84229,2869
84528,2920
84860,2824
85068,2847
85330,2796
85813,2860
86049,2804
86086,2857
86734,2781
86942,2866
87232,2871
87570,2873
87805,2871
88034,2813
88248,2866
88765,2911
89066,2811
89102,2923
89754,2775
89938,2874
90233,2899
90538,2972
90947,2894
90962,2904
91210,2942
91805,2904
92010,2791
92122,2949
92652,2888
92915,2872
93235,2778
93675,3001
93984,2956
94248,2962
94261,2910
94900,2833
94906,3011
95160,2851
95689,2838
95917,2927
96115,2833
96767,2779
97041,2885
97322,2806
97366,2883
97836,2837
98029,2910
98303,2882
98665,2813
99039,2818
99049,2913
99711,2869
100011,2975
100232,2849
100397,2941
100769,2835
101070,2832
101271,2867
101567,3118
101947,2809
102107,2767
102709,2778
103172,2816
103179,2919
103430,2937
103749,3011
104026,2841
104262,2875
104866,2804
105011,2963
105030,2898
105586,2845
106092,2871
106232,2994
106549,2982
106970,2830
106984,3065
107237,2907
107808,3007
108050,2808
108096,2848
108564,2842
109057,2782
109372,2840
109804,3130
110001,2824
110264,2992
110425,2932
111045,2823
111068,2882
111221,3041
111508,2846
111933,2877
112311,2815
112928,2810
113094,2853
113351,2894
113778,2906
114027,3017
114057,3089
114479,2885
114492,3029
114909,2919
115271,2777
115831,2860
116070,2883
116335,2869
116773,2800
117136,2874
117315,2957
117487,3079
117697,2888
117953,3127
118181,2789
118813,2901
119038,2834
119296,2829
119698,2844
120110,2965
120406,2897
120740,2936
120914,3027
121182,2873
121191,3198
121894,2872
122110,2777
122274,2877
122803,2780
123162,2868
123400,2840
123774,2773
124047,2831
124224,2827
124483,2829
124985,2834
124998,2927
125248,2934
125871,2875
126162,2783
126377,2945
126708,3053
127002,2815
127180,2842
127441,2807
128012,2783
128304,2780
128469,2904
128837,2849
129053,2935
129454,2783
129921,2811
130084,2888
130167,2957
130373,2895
130918,2882
131208,2804
131460,2947
131823,2776
132076,2929
132338,2849
132827,2938
133106,2868
133276,2966
133487,2855
133932,2876
134134,2777
134530,2873
134804,2975
135117,2774
135309,2876
135854,2930
136071,2925
136441,2826
136449,3120
137006,2831
137020,3086
137502,2882
137993,2824
138007,2894
138282,2888
138915,2800
139117,2958
139405,2937
139669,3002
139945,2890
140235,2886
140507,2897
140982,2812
141003,2897
141302,2796
141802,2774
142176,2792
142442,2885
142805,3044
142948,3009
143240,2928
143512,2860
143882,2921
144006,3053
144281,2874
144701,2780
145053,2781
145433,2811
145945,2873
146111,2926
146277,2921
146531,2954
146894,2914
147152,2822
147359,2854
147661,2938
147952,2789
148327,2809
148938,2904
149163,2901
149322,3031
149575,3176
149941,2794
150121,2898
150334,2986
150713,2810
150921,2876
151264,2777
151968,2905
152189,2794
152447,2805
153015,2790
153160,2759
153233,2948
153436,2852
153649,2933
153925,2944
154162,2817
154970,2784
155188,2780
155380,2797
155901,2796
156119,2872
156391,2936
156404,3218
156720,2991
156970,3223
157187,3135
157894,2897
158095,2996
158303,2787
158822,2891
159110,2867
159449,2898
159853,2886
160024,2870
160440,2780
160603,2831
160927,2907
161248,2779
161411,2836
161803,2992
162076,2813
162448,2829
162872,2895
163003,3036
163310,2842
163537,2848
163939,2849
164157,2821
164375,2841
164998,2777
165158,2829
165401,2815
165863,2825
166132,2907
166322,2868
166513,2793
166875,2914
167080,3004
167348,2830
167866,2852
168092,2835
168350,2785
168822,2880
169130,2949
169402,2831
169561,2927
169923,2905
170166,2848
170321,2844
170841,2798
171049,2807
171259,2762
171796,2782
172217,2836
172381,2938
172588,3087
172916,3030
173145,3097
173313,3043
173883,3133
174110,3183
174153,3151
174781,3137
175151,3042
175454,3119
175764,3400
176077,3500
176335,3664
176538,4008
177154,3853
177386,4039
177554,4239
178044,3968
178279,4170
178676,4180
179265,4005
179719,3830
180084,3925
180683,3563
181131,3687
181549,3730
181914,3782
182148,4051
182546,4118
182953,4144
183375,4172
183648,4158
184107,4070
184337,4237
184916,4060
185375,3926
185802,3874
186284,3723
186766,3631
187193,3804
187681,3615
187900,3862
188270,3867
188681,3838
189075,3917
189401,3965
189771,3955
190100,3772
190498,3489
191093,3364
191397,2906
191854,2846
192238,2810
192629,2802
193089,2792
193480,2895
193822,2988
194078,3004
194250,3120
194434,2968
194693,2999
194939,2947
195159,2833
195577,3009
195982,2832
196497,2787
196940,2954
197206,2906
197522,2818
197581,3093
198072,2836
198087,2932
198252,2924
198794,2853
198952,2795
199377,2782
199995,2827
200237,2821
200446,2893
200784,3017
200993,2950
201161,2883
201345,2963
201833,2858
202045,2952
202279,2822
202912,2881
203178,2880
203469,2799
203897,2954
204141,2856
204166,3077
204407,2978
204832,2846
205078,2780
205286,2833
205925,2844
206180,2802
206390,2817
206987,2836
207219,2810
207388,2798
207594,3002
207882,2896
207993,3244
208213,2871
208868,2902
209085,2980
209335,2837
209947,2885
210160,2816
210332,2823
210913,2836
210936,2942
211275,2868
211440,2901
211899,2811
212153,2779
212352,2788
212930,2870
213112,2804
213292,2832
213959,2839
213980,2945
214235,2956
214435,2791
214812,2838
215063,2854
215267,2869
215894,2875
216108,2766
216277,2866
217001,2875
217278,2778
217473,2917
217649,2924
217805,3034
218018,2971
218241,2852
218977,2833
218990,2951
219247,2792
220015,2781
220180,2864
220485,2850
220711,3068
220924,2908
221214,2910
221380,2845
222004,2780
222176,2764
222372,2822
222931,2835
223166,2827
223419,2938
223948,2910
223979,3142
224323,2906
224330,3042
224913,2844
225083,2890
225299,2972
225858,2853
226089,2771
226485,2784
226955,2864
227204,2835
227493,2949
227526,3002
227891,2943
228096,2899
228356,2910
228841,2844
229005,2789
229357,2780
229954,2794
230166,2774
230676,2798
230850,2859
231079,2881
231102,3133
231397,2867
231784,2849
231991,2874
232265,2810
232834,2856
233083,2781
233561,2861
233810,2983
234070,2912
234371,2878
234438,2966
234764,2865
234991,2845
235194,2916
235811,2774
235993,2774
236508,2803
236920,2843
237103,2970
237371,2902
237536,2966
237810,2879
238034,2850
238239,2877
238931,2832
238945,2920
239447,2794
239848,2882
240169,2835
240381,2959
240668,2875
240811,3184
241039,2849
241244,2947
241956,2782
242176,2781
242369,2798
242854,2859
243127,2895
243426,2839
243769,2931
243995,2823
244134,2872
244341,2791
244872,2902
245097,2985
245291,2775
245801,2882
246121,2856
246406,2783
246952,2882
247104,2991
247318,3063
247365,2927
247906,2884
248215,2824
248282,2953
248809,2901
249106,2794
249319,2817
249924,2793
250190,2851
250388,2910
250813,2891
250924,3038
251142,2916
251376,2955
251797,3089
252035,2812
252268,2773
252822,2965
253129,2777
253428,2770
253792,2926
254154,2809
254168,2937
254432,2968
254982,2813
255145,2821
255179,2928
255918,2879
256034,2874
256291,2772
256808,2969
257064,2818
257238,2892
257496,2901
257891,2902
258221,2772
258381,2820
258935,2845
259158,2807
259203,2908
259907,2924
260230,2822
260244,2883
260543,2940
260878,2940
261132,2813
261331,2796
261905,2863
262182,2850
262401,2924
262960,2892
263210,2774
263383,2851
263600,2848
263901,2876
264107,2827
264280,2819
264860,2865
265165,2778
265408,2774
265953,2776
266120,2823
266320,2836
266558,3028
266919,2969
267201,2843
267207,2994
267854,2812
268062,2836
268300,2814
268823,2861
269060,2810
269270,2806
269720,2794
270021,2859
270178,2967
270387,2804
270878,2887
271047,2825
271238,2767
271799,2775
271988,2813
272197,2790
272663,2870
272968,2903
273300,2901
273320,2906
273861,2864
274076,2763
274255,2864
274803,2884
274937,2908
275152,2833
275734,2999
276036,2910
276347,2812
276401,2848
276938,2890
276977,2909
277219,2953
277819,3000
278079,2810
278092,2884
278864,2806
279061,2928
279361,2799
279518,2851
279989,2810
280011,2887
280265,2789
281053,2812
281071,3057
281247,2994
281774,2931
282087,2873
282293,2798
282506,2823
282887,2863
283140,2903
283343,2800
283960,2805
284219,2771
284419,2849
284793,2912
285052,2848
285225,2946
285454,2868
285869,2811
286234,2790
286429,2774
286855,2854
287101,2810
287368,2837
287987,2840
288009,2957
288268,2818
288441,2919
288803,2935
289120,2809
289323,2760
289813,2873
290041,2799
290295,2791
290929,2870
291194,2915
291208,3201
291460,3049
292051,2838
292171,2826
292383,2931
292812,3064
292938,3099
293210,3154
293890,3076
294246,3148
294489,3078
294717,3311
294983,3464
295098,3783
295403,3899
295986,3706
296164,3931
296451,4048
297087,3841
297513,3817
297708,4024
298149,3987
298590,3951
299002,3941
299403,3939
299803,3943
300202,3945
300628,3918
301012,3939
301451,3900
301830,3931
302230,3932
302666,3900
303044,3926
303434,3930
303845,3923
304249,3915
304744,3821
305053,3917
305449,3928
305858,3927
306270,3917
306692,3896
307068,3918
307467,3917
307861,3926
308272,3918
308681,3914
309076,3915
309480,3918
309885,3916
310284,3917
310687,3915
311082,3920
311478,3928
311920,3887
312329,3880
312794,3837
313090,3934
313507,3914
313930,3892
314331,3895
314740,3909
315132,3894
315511,3920
315912,3925
316321,3923
316734,4031
317118,3934
317527,3925
317931,3925
318325,3932
318742,3914
319130,3933
319536,3927
319965,3901
320351,3926
320877,3799
321148,3927
321549,3932
321961,3923
322356,3924
322760,3921
323193,3891
323593,3893
323975,3921
324382,3915
324771,3927
325208,3886
325630,3862
326010,3886
326403,3897
326806,3908
327201,3911
327601,3917
328034,3894
328416,3909
328823,3905
329213,3913
329623,3907
330018,3913
330426,3906
330826,3912
331215,3925
331641,3898
332027,3916
332430,3913
332829,3921
333226,3918
333665,3882
334032,3912
334430,3921
334829,3926
335245,3909
335695,3864
336043,3912
336443,3911
336846,3911
337234,3923
337675,3885
338053,3914
338459,3911
338845,3926
339262,3915
339673,3896
340061,3907
340460,3909
340858,3915
341254,3928
341688,3899
342064,3917
342476,3906
342869,3918
343275,3906
343726,3861
344063,3922
344467,3912
344864,3932
345287,3908
345708,3896
346072,3930
346486,3917
346891,3912
347276,3927
347727,3873
348083,3917
348469,3941
348896,3912
349290,3933
349739,3899
350095,3919
350513,3901
350939,3879
351336,3883
351768,3886
352122,3900
352502,3920
352950,3876
353329,3900
353741,3896
354120,3914
354519,3919
354904,3935
355345,3896
355778,4059
356134,3977
356529,3985
356921,3987
357325,3982
357740,3985
358141,3989
358536,3989
358935,3958
359335,3860
359953,3647
360222,3790
360736,3684
361003,3805
361402,3802
361817,3800
362221,3807
362641,3784
362985,3838
363291,3936
363734,4260
364112,3965
364521,3878
364914,3894
365308,3954
365720,3945
366132,3933
366530,3937
366912,3901
367318,3892
368096,3541
368317,3705
368529,3891
368938,3879
369388,3826
369756,3893
370161,3862
370567,3865
370950,3894
371301,3947
371775,4068
372157,3857
372546,3888
372942,3919
373332,3914
373772,3875
374147,3907
374547,3918
374955,3905
375349,3906
375942,3718
376158,3900
376568,3890
376950,3909
377366,3891
377734,3937
378148,3922
378603,3866
378993,3876
379382,3887
379791,3893
380187,3885
380583,3888
380985,3891
381375,3909
381789,3904
382189,3903
382586,3905
382988,3906
383388,3905
383822,3870
384180,3909
384582,3919
384974,3938
385383,3921
385801,3908
386192,3915
386591,3915
386990,3916
387382,3923
387797,4101
388195,3879
388620,3962
389016,3970
389406,3978
389800,3981
390211,3970
390604,3987
391007,3945
391406,3857
392007,3661
392210,3859
392814,3664
393124,3753
393509,3766
393877,3787
394287,3789
394750,3726
395047,3833
395358,3936
395810,3891
396203,3894
396604,3889
397001,3897
397400,3901
397783,3916
398195,3901
398593,3906
399003,3899
399411,3896
399839,3874
400209,3900
400600,3906
400997,3913
401397,3912
401808,3903
402198,3916
402649,3875
403005,3916
403401,3924
403809,4111
404219,3870
404621,3969
405010,3985
405408,3933
405813,3981
406207,3988
406639,3997
407024,3974
407413,3865
408023,3659
408225,3855
408842,3636
409124,3759
409470,3801
409923,3753
410287,3791
410736,3752
411102,3790
411412,3880
411816,3892
412209,3886
412603,3893
413002,3894
413397,3899
413802,3903
414201,3901
414618,3892
415013,3900
415406,3908
415855,3860
416204,3909
416731,3784
416993,3919
417390,3929
417806,3913
418207,3917
418634,3887
419014,3913
419407,3916
419812,4093
420223,3859
420620,3963
421003,3986
421415,3984
421817,3992
422225,3979
422621,3983
423020,3970
423420,3928
424010,3646
424223,3824
424800,3658
425081,3774
425494,3754
425913,3753
426338,3737
426708,3783
427086,3802
427487,3799
427754,3947
428155,3938
428583,3914
428974,3934
429377,3927
429793,3912
430198,3908
430625,3884
431015,3897
431402,3910
431838,3893
432200,3916
432727,3795
433008,3922
433403,3927
433812,3922
434205,3924
434646,3883
435008,3918
435417,3914
435895,3848
436211,3933
436750,3791
437057,3885
437450,3892
437838,3911
438216,3931
438640,3908
439062,3887
439456,3892
439870,3884
440259,3904
440660,3904
441061,3905
441460,3905
441870,3896
442267,3903
442672,3895
443074,3899
443467,3908
443882,3902
444258,3924
444772,3809
445055,3930
445476,3906
445866,3919
446262,3922
446701,3887
447077,3913
447483,3915
447880,3923
448273,3933
448689,3915
449087,3913
449479,3922
449888,3911
450280,3930
450689,3948
451081,3927
451502,3915
451931,3897
452328,3886
452805,3942
453087,3927
453508,3907
453903,3916
454310,3923
454769,3879
455137,3895
455538,3899
455945,3893
456336,3904
456875,3767
457141,3905
457542,3900
457942,3901
458350,3903
458770,3882
459153,3897
459558,3898
459946,3916
460352,3907
460744,4015
461137,3923
461532,3927
461942,3930
462356,3910
462746,3926
463152,3918
463555,3915
463962,3911
464372,3897
464854,3824
465163,3912
465560,3922
465965,3914
466355,3924
466767,3920
467167,3913
467560,3921
467987,3903
468382,3910
468775,3978
469179,3918
469584,3916
469979,3921
470380,3928
470780,3923
471183,3923
471584,3923
471984,3927
472397,3917
472852,3868
473201,3921
473597,3925
474001,3923
474400,3919
474805,3923
475196,3927
475647,3880
476027,3917
476414,3923
476809,3938
477223,3916
477653,3886
478025,3915
478406,3934
478822,3919
479215,3944
479638,3903
480046,3906
480445,3901
480845,3903
481239,3910
481664,3886
482042,3908
482434,3925
482841,3917
483254,3900
483672,3894
484045,3938
484448,3920
484839,3926
485247,3919
485674,3894
486056,3918
486458,3911
486857,3919
487254,3925
487841,3737
488077,3912
488464,3916
488862,3920
489267,3918
489684,3904
490085,3905
490463,3929
490876,3922
491277,3923
491891,3710
492121,3879
492476,3923
492917,3884
493300,3905
493684,3943
494092,3920
494493,3926
494906,3915
495309,3915
495706,3959
496117,3905
496523,3900
496925,3901
497307,3920
497731,3923
498115,3920
498515,3923
498922,3917
499336,3900
499790,3869
500128,3909
500526,3916
500939,3908
501320,3930
501779,3881
502124,3941
502532,3933
502934,3933
503337,3929
503789,3875
504159,3904
504565,3901
504973,3904
505358,3921
505773,3958
506173,3911
506580,3901
506990,3887
507386,3889
507764,3917
508155,3937
508572,3924
508975,3913
509386,3906
509860,3835
510187,3908
510573,3918
510985,3911
511374,3924
511780,3921
512185,3917
512586,3921
512987,3925
513392,3919
513808,3914
514200,3916
514602,3907
514990,3927
515395,3918
515809,3916
516204,3925
516597,3933
517002,3923
517416,3912
517824,3899
518220,3902
518599,3933
519007,3928
519429,3908
519819,3916
520227,3912
520648,3891
521026,3916
521422,3912
521836,3903
522235,3898
522651,3889
523036,3912
523448,3907
523832,3916
524236,3911
524780,3770
525041,3902
525427,3915
525888,3863
526231,3914
526700,3856
527069,3887
527473,3883
527867,3892
528265,3891
528707,3848
529034,3916
529473,3882
529886,3881
530271,3893
530698,3865
531074,3895
531476,3893
531876,3895
532272,3898
532722,3850
533080,3893
533476,3894
533891,3899
534288,3896
534717,3870
535085,3908
535487,3902
535876,3914
536273,3916
536736,3856
537076,3916
537474,3927
537907,3893
538285,3916
538741,3863
539117,3888
539506,3897
539907,3899
540312,3893
540741,3899
541111,3896
541517,3897
541920,3898
542325,3897
542754,3872
543122,3897
543522,3898
543931,3894
544323,3901
544780,3872
545102,3933
545522,3926
545922,3928
546342,3908
546723,3936
547114,3940
547514,3940
547914,3937
548321,3934
548747,4092
549135,3893
549549,3983
549952,3980
550350,3981
550768,3962
551155,3975
551551,3986
551952,3968
552358,3853
552939,3709
553160,3876
553764,3677
554067,3774
554461,3781
554852,3803
555238,3812
555656,3792
556012,3847
556316,3941
556748,3946
557167,3898
557561,3902
557974,3930
558348,3916
558758,3912
559155,3917
559549,3928
559965,3910
560342,3938
560834,3850
561162,3921
561565,3920
562008,3878
562357,3928
562805,3887
563192,3905
563596,3905
563994,3911
564398,3905
564802,3916
565203,3901
565601,3900
566005,3896
566387,3924
566805,3911
567202,3914
567605,3910
567989,3933
568410,3915
568863,3863
569202,3922
569599,3926
569986,3938
570410,3927
570827,3906
571212,3919
571617,3913
572027,3909
572432,3900
572819,3931
573219,3927
573637,3903
574028,3920
574430,3918
574819,3934
575222,3928
575640,3909
576047,3904
576425,3933
576937,3824
577236,3924
577741,3824
578058,3909
578452,3913
578846,3917
579238,3925
579667,3897
580054,3916
580455,3914
580884,3891
581297,3880
581809,3768
582088,3891
582497,3882
582859,3921
583266,3910
583688,3906
584095,3892
584489,3902
584894,3902
585297,3900
585670,3927
586096,3898
586497,3892
586896,3904
587283,3917
587697,3902
588087,3917
588497,3914
588902,3910
589302,3910
589852,3765
590101,3906
590490,3926
590894,3918
591308,3916
591721,3914
592095,3929
592512,3911
592915,3909
593311,3916
593716,4031
594105,3914
594521,3897
594904,4486
595334,4005
595734,4518
596121,3701
596525,3896
596927,3719
597322,3690
597850,3548
598117,4214
598512,3932
600077,2900
600253,2861
600837,2889
601664,2803
601844,2854
602004,2801
602129,2943
602172,2974
602591,3253
602685,3047
603124,2802
603297,2881
603814,2863
604564,3208
605019,3175
605219,2826
605250,3077
605424,3073
606016,3230
606040,3020
606238,2920
606459,3068
606766,3067
607868,3077
608140,3017
608352,3019
608574,3134
608875,2937
609331,2925
609360,3089
609500,3055
609765,3025
609964,3048
611035,2838
611285,2967
611496,2859
611890,2904
612090,2972
612364,3080
612544,3138
612921,3068
613095,2833
613309,3222
613967,2966
614451,2906
614458,2997
614930,3027
615182,2764
615528,2927
616098,2813
616273,2813
616290,2918
616760,2786
617064,2797
617542,2901
617777,2911
618032,2903
618192,2844
618583,2827
619041,2854
619208,2791
619423,2892
619694,2878
619983,2811
620571,2950
620813,2982
621032,2927
621239,2956
621539,2830
621984,2823
622094,2878
622407,2918
622695,2810
622925,2809
623634,2911
623925,2780
624091,2932
624303,3008
624535,2944
624933,2786
625108,2874
625452,2785
625752,2833
625864,2884
626728,2783
626933,2906
627161,2898
627399,2869
627621,2859
627849,2936
628105,2843
628359,2888
628866,2831
628889,2897
629724,2836
629960,2807
630175,2802
630385,2859
630590,2896
630882,2877
631086,2876
631378,2798
631886,2826
631937,2860
632837,2857
633055,2882
633077,2994
633354,2874
633683,2801
633892,2819
634095,2936
634324,2999
634863,2824
635056,2924
635827,2909
636058,2878
636209,2977
636413,2975
636766,2911
636850,2973
637155,2820
637409,2818
637816,2779
638078,2774
638834,2853
639074,2815
639316,2784
639519,2963
639802,2876
639962,2933
640176,2870
640323,2937
640808,2871
640980,2807
641813,2780
642017,2795
642218,2769
642574,2872
642827,2902
643027,2954
643238,2934
643360,2965
643786,2855
643951,2834
644954,2784
645177,2770
645346,2823
645551,3126
645812,3105
646114,3015
646303,2918
646418,3084
646737,2950
646946,3004
647874,2794
648073,2806
648289,2799
648851,2822
649051,2934
649329,3040
649381,3089
649747,3254
649818,2898
650062,2869
650802,2862
651007,2797
651210,2821
651763,2932
652093,2899
652564,2988
652588,3089
653134,2799
653219,3011
653347,2981
653810,3041
654017,2980
654232,2924
654827,2965
655077,2821
655763,2994
655784,3098
656065,2996
656316,2914
656521,2996
656992,2806
657138,2967
657358,2854
657990,2792
658198,2769
658865,2952
659030,2911
659299,2954
659510,2839
659693,2964
659938,2934
660299,2806
660509,2809
660876,2852
661091,2889
661912,2798
662074,2925
662364,2939
662497,2925
662828,2958
663012,2822
663224,2815
663446,2926
663814,2874
664108,2870
664890,2822
665130,2786
665496,2839
665973,2782
666203,2846
666412,2876
666516,3041
666683,3187
666889,2942
667108,2992
667801,2882
668028,2780
668462,2819
668884,2819
669139,2926
669391,2943
669934,2798
670014,2995
670196,3123
670393,2785
670909,2878
670922,3081
671381,2846
671793,2848
672199,2844
672457,2771
672842,2841
673152,2781
673510,3193
673775,2821
673942,2975
674160,2917
674350,2820
674765,2787
675128,2885
675354,2767
675815,2879
676060,2913
676697,2829
676903,2917
677059,2919
677271,2851
677436,2942
677741,2828
678214,2818
678227,2896
678804,2904
679069,2772
679664,3129
679956,2954
680074,3111
680351,3024
680556,2923
680766,3009
681263,2874
681283,3129
681935,2842
681984,2885
683017,2816
683023,2967
683297,3013
683536,2927
683749,2949
683912,3052
684252,3010
684498,2821
684959,2860
684975,3097
685972,2796
686141,3030
686398,2954
686605,2991
686799,2985
687089,2881
687437,2805
687602,2902
687904,2986
688196,2791
688894,2786
689290,2778
689472,2969
690021,2876
690193,2817
690427,2855
690705,2797
690797,3127
691081,2813
691091,2936
691776,2784
692169,2783
692529,2827
693004,2779
693173,2828
693395,2850
693620,3089
694015,2802
694241,2795
694471,2821
694809,2885
695082,2897
695473,2804
695874,2858
696130,2836
696345,2833
696811,2892
696980,2822
697132,2933
697404,2961
697811,2780
698060,2919
698380,2775
698862,2949
699086,2832
699294,2792
699787,2781
700001,2871
700204,2968
700452,2980
700712,2864
701108,2780
701279,2824
701913,2870
702061,2833
702262,2798
702801,2885
702995,2929
703263,2815
703561,2798
703738,2877
703976,2849
704198,2847
704881,2867
705050,2790
705212,2776
705773,2953
706031,2826
706206,2924
706484,2870
706736,2833
706950,2839
707426,2766
707943,2783
708209,2769
708367,2817
708929,2880
708961,2937
709239,2953
709487,2880
709714,2804
709916,2822
710290,2780
710856,2841
711097,2813
711299,2821
712003,2820
712015,2935
712292,2905
712503,2955
712971,2861
713131,2855
713200,2947
713828,2817
714040,2810
714246,2829
715027,2886
715058,2981
715326,2987
715577,2911
715922,2879
716129,2977
716246,2866
716739,2862
716958,2855
717207,2766
718119,2819
718147,2881
718405,2827
718645,3027
718940,2909
719300,2774
719442,2860
719965,2776
720131,2771
720333,2792
721202,2790
721359,2919
721556,2835
721805,3046
721967,3041
722198,2958
722434,2831
722842,2848
723056,2819
723260,2796
724117,2777
724364,2781
724581,2958
724996,2776
725148,2836
725371,2826
725530,2945
725830,2887
726043,2852
726259,2861
726997,2855
727276,2768
727654,2830
727880,2826
728124,2881
728327,2861
728594,2984
728842,2929
729019,2862
729223,2949
729947,2842
730171,2915
730651,2910
730850,2865
731108,2974
731316,2854
731980,2842
731994,2937
732137,2885
732310,2807
732927,2786
733181,2862
733801,3068
733909,2919
734311,2847
734323,2973
735024,2837
735234,2949
735311,2802
735395,2894
736019,2811
736184,2819
736978,2980
737003,3063
737246,2925
737457,2857
737996,2954
738290,2928
738401,2815
738563,3031
738924,2889
739143,2793
740046,2922
740340,2787
740426,2812
740562,3260
741042,2923
741429,2852
741651,2802
741944,2783
742020,2905
742205,2869
743057,2869
743336,2824
743345,2978
743956,2793
744120,2831
744373,2812
744583,3153
744891,2993
745174,2824
745227,2859
746027,2929
746307,2767
746470,2810
746842,2861
747084,2816
747315,2807
747864,2878
748178,2816
748201,3070
748343,2948
749054,2884
749260,2973
749418,2769
749831,2887
750051,2793
750242,2782
750832,2964
751099,2919
751438,2821
751604,2865
752069,2824
752341,2862
752363,3107
752869,2879
753102,2811
753123,2914
753935,2823
754138,2830
754400,2782
754590,2808
754981,2875
755300,2780
755600,3113
755897,3149
756144,2820
756158,3008
756867,2830
757096,2807
757316,2796
757505,2811
757959,2832
758185,2765
758808,2962
759108,2771
759287,2863
759351,2909
759831,2861
760028,2794
760255,2871
760471,2801
760933,2785
761137,2771
761972,2916
761985,2990
762250,2877
762394,3119
762789,2902
762965,2868
763217,2978
763395,2832
763841,2846
764026,2837
765103,2888
765255,3538
765364,2968
765653,2897
765829,3251
766034,3051
766364,2884
766525,3007
766821,2981
766988,3196
768118,2867
768421,2926
768684,2901
768918,3006
769319,2810
769469,2886
769822,2966
770017,2940
770054,2877
770312,2800
771073,2822
771479,2823
771712,2924
772010,2848
772244,2828
772489,2886
773271,2781
773434,2819
773450,2894
773573,3131
773992,2820
774397,2913
774739,2832
774954,2855
775162,2950
775460,2797
776149,2915
776404,2929
776576,2939
776924,2828
777087,2888
777408,2909
777749,2781
777950,2813
778211,2855
778392,2831
779165,2841
779467,2785
779658,2864
779874,2825
780097,2873
780438,2829
780674,2812
780884,2843
781156,2804
781369,2813
782136,2827
782358,2821
782635,2787
782851,2930
783096,2884
783390,2830
783636,2826
783851,2928
784078,2840
784307,2943
785052,2840
785295,2836
785552,2973
785873,3072
786106,2821
786351,2845
786582,2838
786868,2906
787087,3029
787341,2771
788028,2812
788254,2774
788758,2907
789065,2850
789267,2866
789434,2910
789556,3031
789952,2960
790202,2866
790364,2796
790925,2842
791158,2782
791801,2833
792038,2805
792257,2818
792466,3035
792712,2892
793012,2910
793255,2878
793276,2949
793910,2909
794075,2802
794721,2851
794966,2843
795207,2955
795590,2836
795794,2862
796049,2886
796337,2815
796498,2878
796982,2796
797153,2767
797795,2897
798001,2797
798263,2964
798567,2870
798781,2930
799064,2975
799275,2868
799497,2932
799903,2791
800073,2848
800955,2930
800977,2992
801325,2930
801537,2977
801877,2972
802252,2870
802266,2891
802528,2976
802805,2927
803059,2868
804065,2843
804080,2937
804388,2898
804684,2902
804940,2980
805275,2899
805336,2987
805736,2856
806008,2890
806028,2882
807007,2774
807168,2825
807395,2841
807701,2993
808047,2933
808298,2976
808464,2911
808722,3131
809040,3063
809201,3158
809874,2975
810122,3002
810371,2837
810837,2955
811110,2891
811452,3462
811693,3487
811951,3623
812197,3644
812440,3477
812973,2986
813303,3001
813316,3036
813891,2922
814125,2884
815036,2863
815298,2773
815738,2923
816133,2922
816160,2895
816419,3121
816646,2866
816671,3293
816916,2975
817143,2843
817990,2798
818199,2778
818882,2890
819199,2783
819368,2867
819716,2969
819791,2962
820102,2911
820198,2952
820366,2870
820881,2888
821090,2817
821881,2820
822115,2852
822363,2772
822840,2894
822982,2917
823360,2803
823433,2885
823597,2974
824003,2818
824016,2929
825006,2842
825345,2885
825361,2968
825883,2827
826058,3038
826292,2780
826463,2851
826695,3028
826985,3040
827159,2816
827955,2780
828337,2778
828482,2898
828921,2883
829221,2810
829393,2851
829442,2963
829861,2844
830109,2831
830143,2933
830835,2920
831214,2866
831515,2793
831889,2857
832135,2936
832370,2864
832543,2909
832947,2799
833131,2831
833294,2829
833858,2873
834183,2868
834408,2803
834853,2874
835154,2798
835373,2797
835576,2937
835868,2918
836098,2838
836310,2836
836829,2885
837157,2790
837363,2819
837863,2810
838079,2809
838289,2913
838595,2987
838895,2901
839068,3028
839266,2834
839836,2860
840070,2821
840297,2764
840763,2839
840985,2921
841298,2820
841720,2879
841923,2901
842247,2789
842416,2831
842918,2857
843136,2931
843161,2867
843835,2995
844030,2807
844243,2912
844695,2841
844908,2869
845139,2915
845378,2878
845906,2837
846192,3038
846206,3144
846983,2902
847034,2951
847252,2986
847880,2890
847911,3016
848150,2878
848374,3017
848838,3289
849358,2980
849521,2958
850069,2837
850361,2767
850525,2937
850898,2945
851064,2897
851225,2841
851478,2793
852211,2939
852434,2826
852634,2774
853033,2831
853250,2890
853541,2812
853938,2836
854170,2811
854333,2976
854492,2832
855341,2777
855578,2949
855596,3107
855989,2859
856264,2806
856472,2818
856893,2941
857136,3023
857456,3005
857502,2959
858248,2780
859011,2784
859231,2972
859361,3415
859465,2825
859580,3091
860017,2955
860300,2996
860665,2850
860692,2901
861142,2782
861925,2787
862368,2782
862481,3035
862879,2956
863026,2925
863114,2987
863423,2960
863689,3103
864035,3071
864200,2785
864864,2824
865242,2844
865670,2772
865929,2872
866080,2975
866293,2969
866508,2816
866887,2880
867089,2989
867256,2832
867810,2827
868170,2831
868574,3100
868891,2904
869152,2900
869481,2887
869652,2929
869899,2915
870267,2969
870404,3109
870726,3183
871130,3151
871760,2977
871928,3185
872202,3171
872454,3218
872864,3457
873005,3758
873331,3839
873744,3821
874033,4040
874367,4172
874860,4149
875236,4013
875490,4187
875794,4233
876405,4021
876866,3999
877306,3855
877690,3811
878191,3776
878675,3742
879128,3729
879365,3896
879797,3923
880148,4067
880541,4141
880991,4082
881256,4103
881591,4174
882065,4041
882508,3990
882987,3927
883389,3806
883840,3817
884304,3733
884789,3698
885178,3746
885494,3838
885886,3864
886225,4034
886639,4047
887034,4062
887279,4213
887755,4059
888168,4052
888662,3905
889049,3916
889461,3911
889843,3838
890349,3786
890791,3733
891224,3753
891642,3755
891919,3887
892306,4001
892701,4111
893075,4038
893508,4006
893797,4107
894253,3943
894635,4011
895074,3926
895498,3926
895946,3795
896429,3754
896932,3630
897236,3740
897737,3676
898023,3797
898282,3956
898771,3978
899121,4025
899545,4025
899862,4087
900306,3931
900674,4184
901080,3911
901522,3933
901926,3932
902374,3895
902871,3755
903266,3753
903708,3728
904037,3790
904334,3885
904997,3664
905172,3856
905579,3853
905978,3871
906389,3863
906745,3905
907144,3909
907553,3897
907947,3908
908340,3914
908783,3882
909131,3932
909546,3925
909956,3917
910347,3925
910756,3918
911152,3919
911562,3909
911966,3905
912357,3924
912767,3926
913162,3928
913568,3919
913963,3923
914374,3912
914771,3916
915164,3920
915577,3919
915980,3921
916384,3922
916855,3848
917230,3880
917584,3927
917985,3924
918408,3901
918799,3909
919171,3938
919598,3912
920003,3909
920413,3909
920800,3923
921251,3874
921651,3871
922033,3886
922431,3887
922833,3887
923229,3896
923637,3891
924029,3908
924437,3901
924860,3880
925225,3915
925711,3825
926016,3922
926410,3929
926818,3924
927217,3928
927655,3896
928035,3919
928433,3916
928852,3904
929241,3908
929649,3904
930031,3925
930443,3913
930840,3921
931242,3920
931652,3910
932059,3910
932451,3915
932888,3879
933264,3900
933809,3758
934081,3889
934478,3892
934848,3936
935258,3920
935717,3862
936093,3885
936489,3889
936888,3893
937294,3886
937702,3877
938094,3897
938493,3894
938905,3888
939305,3887
939707,3887
940102,3893
940485,3906
940882,3913
941271,3927
941841,3759
942085,3920
942486,3929
942901,3911
943294,3914
943712,3927
944100,3905
944484,3917
944885,3932
945300,3916
945715,3947
946109,3916
946513,3912
946905,3919
947304,3922
947731,3911
948109,3914
948501,3918
948916,3921
949317,3920
949922,3748
950160,3876
950553,3882
950951,3904
951352,3877
951738,3918
952121,3910
952548,3894
952956,3893
953350,3892
953802,3877
954159,3884
954552,3892
954950,3898
955325,3921
955790,3866
956153,3900
956561,3897
956966,3900
957360,3904
957810,3865
958163,3902
958561,3899
958972,3893
959370,3899
959774,3905
960170,3914
960578,3898
960988,3894
961384,3894
961822,3856
962172,3906
962569,3911
962960,3927
963365,3918
963800,3898
964183,3914
964570,3920
964980,3912
965379,3915
965789,3920
966179,3918
966588,3910
966988,3919
967393,3907
967793,3915
968189,3913
968587,3917
969003,3899
969389,3920
969863,4063
970227,3844
970693,3880
971026,3960
971418,3967
971825,3976
972194,3997
972644,3949
973033,3835
973438,3842
974055,3629
974214,3870
974801,3686
975085,3807
975489,3802
975896,3799
976328,3764
976738,3754
976970,3927
977386,3911
977824,3979
978213,3890
978618,3890
979019,3891
979409,3900
979812,3897
980210,3897
980617,3894
981016,3902
981415,3904
981930,3795
982205,3924
982756,3771
983008,3917
983428,3898
983828,3898
984210,3915
984643,3887
985021,3916
985418,3920
985835,3914
986237,3909
986641,3904
987009,3939
987427,3919
987833,3917
988227,3922
988646,3917
989044,3910
989446,3913
989858,3902
990245,3912
990716,3843
991062,3896
991441,3916
991850,3912
992244,3924
992672,3896
993050,3926
993454,3920
993888,3895
994260,3917
994772,3803
995067,3906
995470,3909
995865,3915
996265,3927
996709,3880
997076,3917
997476,3919
997878,3914
998265,3930
998689,3903
999072,3919
999484,3913
999874,3930
1000296,3913
1000705,3912
1001098,3909
1001487,3913
1001890,3921
1002287,3919
1002775,3947
1003086,3931
1003508,3914
1003905,3911
1004309,3908
1004722,3925
1005111,3904
1005502,3915
1005947,3868
1006333,3881
1006850,3794
1007108,3925
1007529,3898
1007948,3881
1008335,3894
1008772,3871
1009134,3894
1009536,3885
1009941,3883
1010336,3905
1010759,3977
1011135,3898
1011529,3903
1011930,3908
1012323,3913
1012745,3909
1013125,3910
1013511,3925
1013928,3924
1014335,3907
1014831,3818
1015147,3905
1015551,3896
1015940,3905
1016336,3913
1016746,3900
1017141,3913
1017535,3927
1017949,3913
1018346,3920
1018758,3971
1019144,3920
1019556,3905
1019956,3906
1020345,3914
1020745,3932
1021162,3917
1021556,3914
1021999,3881
1022386,3890
1022859,3818
1023187,3886
1023591,3880
1023983,3887
1024346,3936
1024767,3917
1025184,3900
1025569,3915
1026012,3882
1026401,3886
1026804,3954
1027189,3896
1027596,3888
1027998,3890
1028404,3897
1028805,3902
1029210,3891
1029588,3911
1030033,3869
1030379,3923
1030855,3845
1031188,3911
1031628,3873
1032016,3900
1032426,3882
1032822,3894
1033223,3893
1033601,3912
1034006,3909
1034406,3912
1034811,3909
1035213,3907
1035632,3902
1036020,3904
1036412,3916
1036819,3907
1037213,3912
1037598,3925
1038023,3912
1038425,3908
1038847,3890
1039223,3916
1039637,3901
1040029,3911
1040432,3903
1040829,3913
1041223,3924
1041650,3897
1042029,3973
1042423,3919
1042839,3916
1043245,3910
1043636,3917
1044047,3914
1044432,3926
1044850,3909
1045246,3906
1045854,3707
1046104,3856
1046433,3932
1046862,3914
1047264,3907
1047651,3916
1048060,3899
1048463,3914
1048856,3906
1049250,3920
1049676,3888
1050060,3921
1050461,3918
1050879,3897
1051279,3895
1051683,3886
1052060,3913
1052482,3891
1052871,3902
1053266,3905
1053698,3883
1054079,3905
1054476,3903
1054905,3878
1055283,3897
1055678,3901
1056112,3866
1056498,3884
1056896,3885
1057291,3892
1057714,3875
1058097,3904
1058498,3898
1058894,3907
1059280,3919
1059685,3913
1060072,3926
1060474,3925
1060873,3935
1061279,3929
1061868,3774
1062105,3908
1062486,3923
1062901,3909
1063297,3911
1063726,3916
1064106,3909
1064495,3924
1064900,3919
1065303,3917
1065751,3918
1066110,3912
1066513,3918
1066902,3929
1067314,3916
1067741,3910
1068130,3899
1068517,3921
1068918,3932
1069323,3923
1069842,3836
1070142,3907
1070549,3897
1070947,3898
1071351,3900
1071777,3879
1072156,3900
1072556,3910
1072975,3893
1073356,3912
1073784,4060
1074145,3952
1074543,3984
1074948,3982
1075339,4002
1075754,4009
1076156,3999
1076559,3991
1076959,3952
1077382,3837
1077953,3691
1078207,3815
1078731,3680
1079025,3786
1079438,3780
1079860,3773
1080247,3784
1080674,3760
1081011,3822
1081310,3919
1081739,4101
1082121,3922
1082509,3982
1082899,4013
1083315,4002
1083740,3984
1084136,3976
1084530,3986
1084924,3971
1085324,3853
1085945,3636
1086141,3835
1086583,3806
1086999,3806
1087405,3782
1087823,3778
1088216,3791
1088635,3783
1088995,3832
1089268,3954
1089890,3795
1090118,3980
1090515,3945
1090930,3921
1091305,3945
1091722,3938
1092113,3937
1092511,3940
1092920,3937
1093367,3889
1093805,3863
1094227,3836
1094579,3882
1094970,3895
1095363,3904
1095781,3887
1096169,3900
1096568,3901
1096981,3889
1097388,3884
1097774,3904
1098162,3915
1098556,3922
1098969,3910
1099366,3912
1099813,3867
1100169,3917
1100568,3914
1100969,3919
1101370,3922
1101769,3924
1102196,3897
1102578,3917
1102968,3923
1103380,3910
1103788,3931
1104184,3915
1104582,3936
1104986,3923
1105396,3919
1105792,3923
1106198,3913
1106596,3910
1106986,3928
1107392,3919
1107813,3908
1108205,3922
1108626,3893
1109007,3918
1109416,3899
1109807,3915
1110217,3906
1110634,3887
1111008,3911
1111414,3924
1111827,3910
1112217,3917
1112651,3886
1113024,3912
1113419,3919
1113823,3915
1114240,3894
1114657,3891
1115009,3942
1115440,3911
1115865,3882
1116226,3923
1116678,3872
1117058,3894
1117464,3886
1117876,3876
1118270,3884
1118703,3851
1119068,3891
1119470,3892
1119867,3896
1120265,3900
1120693,3873
1121075,3891
1121479,3886
1121863,3910
1122261,3905
1122659,3915
1123071,3908
1123459,3917
1123870,3910
1124260,3912
1124775,3799
1125053,3921
1125476,3913
1125871,3921
1126275,3920
1126688,3894
1127075,3907
1127470,3920
1127869,3920
1128264,3927
1128668,3919
1129077,3917
1129487,3907
1129899,3902
1130303,3899
1130699,3924
1131097,3907
1131486,3914
1131888,3917
1132286,3919
1132853,3763
1133088,3923
1133495,3926
1133892,3928
1134311,3914
1134721,3931
1135101,3926
1135503,3920
1135902,3923
1136299,3930
1136732,4167
1137113,3869
1137560,3842
1137910,3895
1138332,3925
1138784,3921
1139148,3956
1139540,3963
1139947,3839
1140349,3845
1141048,3594
1141224,3777
1141511,3890
1141898,3903
1142372,3828
1142801,3799
1143196,3805
1143603,3801
1143883,3920
1144290,3919
1144753,3896
1145107,3908
1145510,3899
1145900,3913
1146300,3911
1146718,3911
1147102,3911
1147503,3914
1147897,3921
1148299,3926
1148798,3858
1149143,3880
1149511,3911
1149941,3879
1150320,3904
1150742,3913
1151100,3931
1151506,3928
1151945,3893
1152350,3887
1152774,3888
1153148,3887
1153545,3889
1153905,3933
1154327,3912
1154793,3861
1155138,3909
1155537,3913
1155932,3923
1156339,3916
1156757,3901
1157118,3938
1157538,3925
1157962,3901
1158369,3894
1158751,3918
1159153,3922
1159546,3931
1159983,3893
1160376,3900
1160778,3910
1161174,3903
1161585,3892
1161985,3897
1162394,3889
1162799,3891
1163197,3891
1163595,3891
1163997,3891
1164399,3888
1164826,3862
1165171,3918
1165582,3912
1165982,3922
1166390,3905
1166798,3898
1167183,3910
1167591,3902
1167988,3911
1168386,3899
1168789,3897
1169198,3907
1169597,3908
1169999,3906
1170407,3902
1170800,3926
1171190,3917
1171585,3919
1172004,3904
1172392,3912
1172795,3927
1173203,3906
1173601,3917
1174003,3920
1174410,3911
1174835,3889
1175211,3908
1175591,3932
1176001,3921
1176407,3922
1176821,3910
1177204,3924
1177645,3885
1178019,3908
1178424,3907
1178824,3921
1179219,3927
1179634,3901
1180019,3919
1180434,3902
1180826,3918
1181227,3912
1181665,3879
1182029,3914
1182428,3914
1182877,3869
1183244,3900
1183655,3893
1184031,3920
1184439,3916
1184839,3916
1185231,3923
1185675,3877
1186047,3908
1186436,3920
1186843,3913
1187250,3921
1187667,3896
1188047,3927
1188447,3919
1188861,3913
1189249,3920
1189658,3909
1190046,3918
1190450,3921
1190860,3925
1191270,3905
1191775,3807
1192065,3919
1192464,3921
1192870,3912
1193264,3916
1193672,3908
1194064,3917
1194474,3916
1194883,3948
1195279,3918
1195700,3888
1196085,3906
1196479,4125
1196885,4832
1197277,4945
1197698,3661
1198075,3748
1198484,3819
1198935,3795
1199296,4304
1199811,3575
1200090,3456
1201438,4525
1201490,2865
1201908,2941
1202134,2867
1202468,2887
1202650,2849
1203408,2798
1203953,2788
1204128,2932
1204297,2904
1204483,2939
1205067,2818
1205152,3041
1205461,3044
1205656,2794
1206088,2910
1206328,2774
1206831,2886
1207146,2777
1207356,2784
1207558,2836
1207977,2870
1208339,2901
1208631,2814
1208670,2894
1209094,2822
1209307,2877
1209853,2844
1210048,2816
1210271,2847
1210513,2816
1210967,2776
1211327,2930
1211745,2951
1211827,2958
1212045,2854
1212311,2835
1212814,3000
1213017,3000
1213257,2782
1213450,2960
1213832,2886
1214391,2843
1214892,2877
1215138,2772
1215236,2864
1215341,2909
1216118,3114
1216327,2777
1216497,2878
1216751,2962
1216998,2906
1217370,2781
1217865,2951
1218084,2838
1218343,2889
1218356,3008
1219206,2847
1219481,2884
1219494,3021
1219859,2829
1220033,2918
1220275,2905
1221017,2935
1221199,2860
1221384,2794
1221590,2898
1222146,2871
1222459,2949
1222774,2903
1222789,2973
1223046,3023
1223286,2861
1224151,2778
1224281,2911
1224315,3178
1224577,3023
1225135,2862
1225496,2938
1225841,2969
1225898,3016
1226231,2857
1226244,3016
1227026,2973
1227323,2906
1227806,2895
1227896,2915
1228120,2788
1228526,2914
1228905,2988
1229020,3032
1229255,2940
1229429,2900
1230086,2881
1230346,2805
1230801,2788
1231022,2770
1231174,2829
1231574,3128
1232026,3040
1232156,3023
1232573,3274
1232703,2771
1233123,2863
1233308,2790
1233708,2879
1233922,2937
1234127,2821
1234787,2782
1235165,2828
1235321,2869
1235590,2909
1235973,2844
1236239,2809
1236252,2932
1236802,2797
1237043,2912
1237202,2843
1237720,2801
1238089,2810
1238327,2941
1238647,2926
1238940,2955
1239171,2892
1239328,2884
1239763,2921
1240153,2784
1240213,2874
1240740,2876
1241002,2769
1241354,2899
1241683,3107
1241988,2910
1242195,2795
1242356,2830
1242805,2918
1243058,2786
1243229,2818
1243889,2786
1243938,2838
1244346,2794
1244892,2810
1245107,2800
1245273,2927
1245431,2861
1245814,2991
1246031,2863
1246199,2799
1246859,2909
1247073,2772
1247263,2769
1247827,2889
1248037,2893
1248423,2845
1248436,2994
1248954,2783
1249156,2792
1249323,2848
1249930,2806
1250088,2765
1250179,2788
1250808,2865
1251053,3033
1251371,2831
1251560,2901
1251860,2832
1252077,2804
1252295,2814
1252829,2859
1253089,2864
1253104,2952
1253924,2786
1254172,2801
1254381,2798
1254593,3010
1254937,2891
1255128,2859
1255251,2935
1255786,2901
1256144,2838
1256350,2931
1256797,2882
1257102,2817
1257305,2821
1257734,2955
1257957,2892
1258172,2810
1258331,2817
1258808,3005
1259120,2776
1259375,2800
1259814,3012
1260046,2829
1260247,2918
1260813,2863
1260987,2884
1261242,2846
1261269,2952
1261986,2904
1261999,3090
1262312,2864
1263001,2820
1263049,2928
1263271,2962
1263778,2931
1263999,2894
1264207,2775
1264370,2899
1264987,2821
1265223,2770
1265432,2777
1265956,2835
1266129,3030
1266321,2948
1266816,2900
1267085,2936
1267097,2944
1267406,2951
1267932,2810
1268115,2937
1268337,2819
1268881,2792
1269354,2781
1269564,2906
1269838,2976
1270185,2831
1270226,2924
1270458,2869
1270882,2851
1271138,2781
1271353,2783
1271803,2772
1272259,2879
1272560,2953
1272917,2957
1273130,2990
1273293,2909
1273465,3073
1273854,2873
1274041,2800
1274265,2792
1274800,2785
1275236,2784
1275650,2879
1275998,2945
1276341,2878
1276374,2933
1276671,3004
1276917,2971
1277081,2901
1277207,3068
1277865,2862
1278126,2768
1278658,2786
1279041,2971
1279385,2967
1279407,3315
1279814,2974
1280078,3007
1280083,2960
1280415,2912
1280825,2900
1281036,2988
1281576,2936
1282135,2867
1282438,2787
1282862,2911
1282916,2974
1283209,2823
1283394,2929
1283489,3153
1283862,2910
1284109,2933
1284635,2804
1285103,2828
1285358,2768
1285863,2999
1286033,3068
1286156,3079
1286431,3147
1286877,2869
1286898,2973
1287172,2848
1287526,2951
1288029,2818
1288261,2774
1288980,2926
1289238,2939
1289411,2812
1289826,2929
1290006,2839
1290098,2971
1290310,3078
1290565,3110
1290973,2793
1291158,2872
1292037,2897
1292376,2825
1292385,2961
1292845,2925
1293059,2939
1293225,2919
1293477,2989
1293863,2857
1293877,2935
1294120,2977
1295040,2957
1295331,2777
1295495,2887
1295910,2894
1296137,2835
1296301,2976
1296552,3133
1296933,2911
1296979,2971
1297191,2818
1298206,2817
1298215,2902
1298522,2787
1298901,2899
1299109,2852
1299362,2902
1299950,2783
1300336,2813
1300356,2907
1300481,2938
1301200,2815
1301370,2926
1301550,2904
1301885,2805
1302099,2913
1302352,2962
1302834,2973
1303251,2810
1303425,2926
1303592,2864
1304126,2776
1304391,2781
1304647,3018
1304836,3085
1305146,2829
1305405,2916
1305932,2939
1306181,2903
1306539,2921
1306731,2960
1307011,2917
1307276,2851
1307753,2895
1308043,2889
1308154,2926
1308441,2855
1308963,2833
1309189,2765
1309591,3089
1309809,3354
1310034,2857
1310242,2800
1310782,2952
1311054,2898
1311175,3056
1311422,2832
1311932,2835
1312075,2804
1312868,2852
1312993,2983
1313319,2776
1313398,2850
1313829,2929
1314070,2907
1314320,2873
1314487,2861
1314861,2912
1315024,2812
1315807,2773
1316081,2895
1316347,2901
1316353,2879
1316854,2861
1317106,2885
1317332,2946
1317449,2926
1317931,2879
1318095,2807
1318694,2780
1319077,2880
1319392,2774
1319562,2864
1319838,2989
1320114,2888
1320453,2794
1320716,2876
1320991,2849
1321024,2900
1321647,2797
1322079,2795
1322286,2848
1322551,2812
1322920,2862
1323122,2833
1323374,2976
1323721,3048
1323987,2892
1324184,2764
1324538,2899
1324984,2900
1325233,2842
1325504,2790
1326041,2813
1326080,3042
1326444,2898
1326980,2777
1327104,2926
1327142,2998
1327561,2866
1328017,2783
1328193,2810
1328422,2803
1328948,2781
1329247,2818
1329459,2784
1329850,2799
1330236,2887
1330250,2958
1330527,2791
1330906,2820
1331128,2804
1331353,2872
1331852,2872
1332155,2841
1332346,2842
1332779,2797
1333340,2781
1333406,2825
1333571,3138
1334041,2858
1334057,2946
1334370,2824
1334818,2870
1335125,2782
1335308,2841
1335680,2806
1336327,2829
1336340,2919
1336838,2866
1337039,2932
1337294,2969
1337309,2903
1337871,2849
1338050,2832
1338272,2876
1338740,2800
1339270,2815
1339400,2793
1339796,2855
1340103,2823
1340393,2846
1340408,3156
1340814,2880
1341024,3004
1341279,2869
1341806,2784
1342184,2796
1342345,2907
1342782,2905
1343021,2876
1343392,2896
1343804,2976
1343818,2968
1344129,2842
1344318,2816
1344707,2836
1345087,2797
1345354,2772
1345819,2779
1346020,2772
1346408,2777
1346918,2872
1347076,2835
1347281,2938
1347333,2989
1347664,3040
1347979,2984
1348259,2852
1348705,2828
1348921,2782
1349268,2824
1349886,2863
1350055,2895
1350407,2882
1350795,2791
1350860,2935
1351096,2819
1351258,2836
1351655,2881
1351824,2903
1352190,2819
1352874,2806
1353076,2867
1353372,2945
1353972,2775
1354175,2769
1354353,3115
1354406,2976
1354842,2963
1354870,2984
1355119,3196
1355790,3000
1356050,2825
1356427,2882
1356856,2841
1357079,2773
1357574,3197
1357589,3091
1357981,3059
1358143,3010
1358480,2958
1358954,2818
1358989,2928
1359404,2811
1359798,2791
1359981,2768
1360870,2896
1360885,3153
1361271,3032
1361384,3017
1361571,3048
1362021,2963
1362035,3104
1362306,2936
1362928,2907
1362945,2902
1363862,2827
1364141,2805
1364390,2943
1364557,2874
1364768,3027
1365063,3009
1365260,2962
1365468,2906
1365981,2821
1366042,3023
1366797,2875
1367069,2771
1367414,2879
1367628,2775
1367903,2956
1368205,2946
1368363,2768
1368559,2918
1368898,2866
1369193,2785
1369935,2817
1369948,2952
1370494,2823
1370507,2964
1370983,2859
1371303,2928
1371313,3024
1371567,2909
1371894,2854
1372107,2806
1372886,2823
1373050,2773
1373408,2866
1373599,2992
1373967,2810
1374320,2871
1374502,2942
1375010,2821
1375206,3081
1375328,2814
1375912,2820
1375953,2873
1376373,2879
1376726,2782
1376912,2812
1377276,2841
1377574,2925
1377921,2906
1378271,2776
1378428,2842
1378932,2786
1379103,2859
1379390,2838
1379660,2845
1379843,2815
1380222,2815
1380581,2897
1380933,2838
1381171,2811
1381399,2790
1381841,2831
1382086,2875
1382332,2870
1382598,2803
1382823,2936
1383128,2909
1383614,2863
1383902,2796
1384111,2810
1384303,2837
1384901,2787
1385110,2776
1385335,2777
1385519,2909
1385867,2834
1386164,2780
1386556,2891
1386827,2853
1387060,2886
1387257,2882
1387811,2782
1388019,2805
1388216,2868
1388514,3051
1388963,2782
1389173,2820
1389574,3015
1389802,3161
1390044,3038
1390271,2959
1390712,2846
1390961,2837
1391209,2865
1391717,2783
1391842,2869
1392105,2829
1392749,2842
1393060,2782
1393281,2779
1393501,2792
1393887,2840
1393903,2927
1394160,2934
1394592,2939
1394844,2961
1395057,2841
1395719,2838
1395962,2810
1396177,2831
1396407,2811
1396922,2789
1397211,2770
1397266,2921
1397653,2929
1397898,2792
1398077,2825
1398673,2860
1398909,2816
1399125,2808
1399337,2826
1399833,2867
1400112,2785
1400313,2797
1400915,2795
1401066,2841
1401259,2919
1401781,2903
1401946,2943
1402064,2972
1402277,2907
1402792,2902
1403014,2812
1403249,2846
1403815,2779
1404010,2793
1404266,2775
1404834,2944
1405020,2903
1405138,2948
1405413,2927
1405910,2850
1405931,2964
1406189,2902
1406723,2807
1406942,2837
1407164,2961
1407864,2868
1408066,2770
1408236,2879
1408443,2863
1408885,3088
1409234,2823
1409384,2980
1409744,2946
1409952,3189
1410231,2806
1410929,2881
1410939,3016
1411221,2878
1411480,2797
1412185,2849
1412199,3093
1412493,2914
1412818,2977
1413132,2830
1413339,2838
1413941,2831
1414106,2873
1414258,3000
1414423,2852
1415126,2772
1415401,2817
1415558,2894
1415885,2807
1416104,2828
1416311,2919
1416894,2882
1417094,2898
1417490,2849
1417505,3177
1417994,2946
1418310,2885
1418571,2865
1418835,2854
1419042,2855
1419319,2800
1419871,2838
1420122,2896
1420469,2778
1420915,2789
1421079,2828
1421313,2835
1421556,2999
1421845,3023
1422057,2869
1422239,2966
1422797,2971
1423116,2847
1423342,2833
1423797,2839
1424034,2822
1424268,2797
1424690,2902
1425011,3168
1425055,2836
1425297,2908
1425895,2811
1426092,2795
1426291,2832
1426722,2842
1426952,2842
1427169,2774
1427730,2983
1428019,2905
1428327,2818
1428382,2903
1428844,2791
1429016,2836
1429225,2838
1429810,3007
1430037,2927
1430213,2897
1430851,2900
1431049,2898
1431325,2966
1431512,2892
1431779,2796
1431984,2834
1432180,2916
1432940,2791
1433100,2776
1433303,2803
1433839,2947
1434087,2973
1434395,2881
1434532,3002
1434720,3068
1434931,2884
1435190,2802
1435826,2816
1436017,2855
1436225,2937
1436899,2800
1437139,2869
1437368,2831
1437884,2789
1438045,2811
1438084,2897
1438287,2850
1438800,3034
1438996,2793
1439244,2874
1439791,2895
1440136,2773
1440325,2808
1440755,3005
1440965,2944
1441124,2948
1441331,2891
1441918,2857
1441953,2931
1442249,2961
1442804,3024
1443043,2812
1443262,2923
1443853,2969
1444057,2922
1444167,2958
1444438,2951
1444873,2906
1445037,2883
1445298,2793
1446001,2820
1446014,2894
1446310,2818
1446909,2892
1447220,2790
1447284,2888
1447495,2843
1447871,2920
1448077,2819
1448242,2756
1449002,2817
1449204,2864
1449419,2941
1449930,2888
1450139,2925
1450317,2891
1450520,2911
1450913,2890
1451144,2964
1451304,2763
1451898,2794
1452199,2778
1452454,2786
1452916,2956
1453160,2929
1453342,3016
1453553,2969
1453940,2839
1454218,2823
1454227,2960
1454822,2973
1455100,2867
1455369,2809
1455998,2805
1456193,2826
1456448,2834
1456690,2805
1456899,2996
1457170,2822
1457340,2815
1457882,2809
1458103,2795
1458312,2797
1458889,2938
1459114,2887
1459418,2797
1459624,2804
1459979,2833
1460144,2837
1460304,2966
1460778,2903
1461025,2853
1461233,2811
1461934,2781
1462132,2799
1462340,2813
1462549,3108
1462935,2958
1463103,3057
1463401,2851
1463766,2945
1463984,2866
1464185,2824
1464817,2949
1465066,2802
1465275,2802
1465743,3025
1465990,2912
1466344,2811
1466353,2940
1466836,2876
1466985,2837
1467192,2982
1467858,2871
1468065,2810
1468207,2826
1468867,3013
1469032,2944
1469277,2920
1469430,3026
1469813,3063
1469981,3025
1470261,2882
1470859,2867
1471018,2806
1471218,2816
1471974,2905
1472183,2812
1472354,3129
1472541,3043
1472976,3093
1473269,2929
1473444,3079
1473816,3101
1473973,2826
1474185,2998
1475016,2784
1475217,2771
1475809,2780
1476023,2903
1476300,2883
1476313,2918
1476716,2824
1477003,2821
1477023,3099
1477316,2825
1477924,2808
1478109,2765
1478707,2871
1479014,2975
1479323,2873
1479375,3032
1479650,3029
1479953,2919
1480279,2814
1480448,2863
1480866,2844
1481070,2773
1481765,2936
1482120,2791
1482316,2818
1482542,2831
1482810,2784
1482996,2894
1483214,2875
1483432,2826
1483835,2834
1484052,2919
1484856,2829
1485049,2793
1485254,2833
1485506,2975
1485756,2943
1485980,3003
1486195,2940
1486391,2994
1486807,2868
1487056,2782
1487782,2783
1487995,2819
1488217,2805
1488576,3179
1488809,3033
1489174,3004
1489246,2909
1489478,3210
1489822,2984
1489987,2919
1490707,2855
1490935,2884
1491145,2824
1491983,2915
1491996,2987
1492317,2940
1492392,3080
1492897,2849
1493195,2848
1493344,2886
1493688,2783
1493908,2791
1494115,2798
1495066,2898
1495088,3014
1495349,2932
1495688,2817
1495878,2841
1496127,2868
1496346,2866
1496632,2801
1496823,2854
1497031,2849
1498052,2895
1498264,2971
1498422,2964
1498633,3138
1498836,3019
1499122,2996
1499341,2891
1499557,3032
1499794,2929
1499985,2896
1501064,2800
1501437,2796
1501680,2781
1501942,2951
1501958,3040
1502215,3108
1502418,3057
1502713,3047
1502974,2884
1502987,2998
1503962,2781
1504372,2795
1504585,2808
1505087,2781
1505297,2966
1505459,3060
1505689,3057
1505946,3131
1506156,2808
1506323,2832
1506834,2853
1507258,2849
1507495,2777
1507961,2780
1508353,2839
1508769,3049
1508913,3014
1509235,2865
1509268,3520
1509412,2957
1509839,2848
1510198,3044
1510397,2802
1510828,2870
1511284,2817
1511914,2904
1512023,2903
1512299,2911
1512596,2853
1512905,2806
1513074,2842
1513366,2868
1513379,3117
1513831,3106
1514181,2780
1514921,2795
1515090,2832
1515314,2852
1515554,2871
1515818,2876
1516021,2869
1516324,2784
1516807,2871
1517089,2810
1517132,3035
1517812,2903
1518044,2964
1518298,2844
1518550,2829
1518823,2817
1519012,2816
1519228,2807
1519761,2947
1519997,2857
1520300,2813
1520838,2818
1521098,2818
1521308,2781
1521512,2968
1521816,2894
1521980,2825
1522158,2958
1522835,2877
1522950,3028
1523246,2845
1523748,2838
1524044,2778
1524216,2897
1524568,3076
1524953,2784
1525217,2880
1525226,3021
1525809,2780
1526071,2793
1526301,2787
1526681,2847
1526937,2872
1527194,2843
1527842,2912
1527888,3166
1528244,2782
1528439,2905
1528867,2904
1529032,2834
1529208,2777
1529757,2780
1529961,2786
1530169,2861
1530879,2862
1531172,2983
1531268,2985
1531458,2965
1531854,2858
1532087,2852
1532118,2937
1532831,3148
1532865,2865
1533122,2903
1533879,2794
1534247,2895
1534353,2897
1534665,2809
1534839,3013
1535052,2814
1535188,2946
1535856,2849
1536099,2768
1536262,2815
1536860,2810
1537247,2873
1537418,2836
1537570,3229
1537975,2881
1538135,2975
1538263,2874
1538792,2792
1539000,2819
1539201,2798
1539790,2774
1540206,2784
1540407,2777
1540938,2870
1540974,3145
1541260,2769
1541419,3068
1541732,2960
1541912,2973
1542114,2772
1542675,2855
1543125,2780
1543312,2802
1543895,2847
1544154,2867
1544323,2988
1544571,3092
1545042,2925
1545112,2902
1545211,3089
1545737,2941
1546013,2848
1546252,2883
1546865,2965
1547143,2791
1547400,2991
1547787,2922
1548132,2821
1548176,2924
1548397,2862
1548966,2815
1548979,2908
1549240,2949
1550017,2785
1550222,2778
1550480,2904
1550807,2957
1551058,2968
1551227,2943
1551388,2947
1551967,2804
1552171,2879
1552361,2807
1552927,2782
1553121,2767
1553470,2808
1553860,2974
1554117,2938
1554320,3007
1554491,2918
1554880,2890
1555130,2896
1555343,2972
1555799,2891
1556007,2777
1556412,2827
1556939,2928
1557156,2930
1557440,2851
1557548,2950
1557858,2852
1558150,2825
1558401,2808
1558879,2826
1558894,2898
1559336,2920
1559963,2831
1560210,2788
1560411,2974
1560634,2850
1560839,2918
1561097,2881
1561331,2803
1562043,2840
1562063,2907
1562361,2909
1562921,2797
1563112,2827
1563470,2802
1563688,2792
1563896,2897
1564098,2872
1564260,2874
1565097,2785
1565320,2767
1565532,2941
1565840,2831
1566054,2875
1566398,2797
1566745,2909
1566928,2988
1567143,2935
1567350,2904
1568015,2781
1568206,2771
1568570,2807
1568809,2880
1569068,2835
1569315,2834
1569745,2930
1570060,2853
1570196,2969
1570430,2827
1570884,2835
1571108,2914
1571517,3007
1571812,2872
1572029,2876
1572263,2961
1572779,2927
1572995,2920
1573352,2885
1573366,3016
1573854,2811
1574108,2850
1574811,2777
1575012,2883
1575032,2901
1575314,2912
1575852,2891
1576000,3041
1576339,2989
1576513,2928
1576793,2943
1577047,2862
1577729,2923
1578046,3013
1578103,2862
1578316,3010
1578874,2974
1579165,2897
1579434,2875
1579599,2924
1579892,2864
1580076,2970
1580744,3076
1581137,3020
1581159,2915
1581449,2855
1581937,2865
1582185,2880
1582440,2850
1582648,2905
1582879,2903
1583132,2856
1583971,2829
1584237,2818
1584454,2908
1584791,2783
1584945,2853
1585169,2927
1585391,2918
1585698,2837
1585922,2832
1586113,2787
1586882,2853
1587194,2776
1587450,2873
1587895,2870
1587908,2943
1588185,2938
1588421,2929
1588772,2820
1588959,2800
1589054,2937
1589828,2963
1590054,2840
1590430,2799
1590947,2854
1590960,2969
1591245,2886
1591472,2939
1591939,2798
1592116,2895
1592153,2860
1593004,2879
1593175,2814
1593374,2831
1593896,2882
1594056,2824
1594249,2946
1594512,2911
1594839,2960
1595153,2826
1595167,2951
1595981,2872
1596190,2765
1596350,2876
1597008,2872
1597031,2943
1597287,2951
1597524,2920
1597904,2899
1598102,2816
1598264,2833
1599052,2816
1599061,2899
1599319,2903
1600070,2829
1600083,2906
1600372,2784
1600559,3114
1600890,2922
1601193,2867
1601206,2989
1602054,2819
1602064,2901
1602358,2777
1603118,2777
1603216,2784
1603332,2937
1603779,2786
1603955,2906
1604183,2973
1604345,2839
1605062,2798
1605228,2920
1605285,2814
1606101,2830
1606115,2956
1606402,2934
1606712,3044
1606985,2918
1607296,2835
1607460,2957
1607980,2829
1608260,2860
1608289,2978
1609058,2780
1609230,2824
1609463,2802
1609852,2932
1610027,2911
1610252,2848
1610508,2938
1610900,2917
1611250,2777
1611420,2819
1611942,2821
1612153,2842
1612404,2816
1612874,2883
1613092,2881
1613301,2883
1613541,2895
1613928,2815
1614156,2823
1614364,2833
1614851,2872
1615099,2854
1615332,2888
1615890,2807
1616095,2809
1616306,2842
1616554,2985
1616867,3126
1617088,2862
1617329,2776
1617846,2893
1618060,2995
1618308,2807
1618796,2948
1619028,2825
1619276,2774
1619643,2823
1620236,2779
1620417,2821
1620428,3101
1620885,2880
1621234,2785
1621396,2832
1621875,2883
1622045,2820
1622206,2760
1622553,2861
1623114,2832
1623366,2786
1623656,2882
1623902,2824
1624147,2800
1624366,2876
1624845,2845
1625061,2807
1625100,2865
1625547,2875
1626038,2862
1626274,2877
1626660,2792
1626866,2821
1627072,2805
1627326,2804
1627795,2885
1628058,2874
1628072,2888
1628554,3236
1628989,2900
1629282,2870
1629544,2988
1629963,2872
1630015,2953
1630264,2821
1630766,2942
1631077,2769
1631240,2764
1631878,2785
1631990,2893
1632258,2836
1632793,2941
1632952,3034
1633205,2835
1633211,3029
1633850,2959
1634096,2824
1634110,3053
1634763,2827
1635016,2816
1635217,2796
1635819,2883
1636093,2808
1636256,2823
1636411,2954
1636927,3076
1637121,2771
1637294,2868
1637786,2901
1637988,2804
1638168,2877
1638824,2911
1639026,2959
1639201,2921
1639445,2851
1639994,2789
1640130,2907
1640338,2840
1640819,2875
1641138,2807
1641179,2982
1641819,2970
1642085,3059
1642253,2991
1642420,2957
1642870,2846
1643215,2922
1643418,2823
1643816,2992
1644058,2849
1644275,2768
1644900,2977
1645233,2905
1645485,2888
1645793,2898
1645966,2931
1646321,2783
1646526,2789
1646894,2859
1647124,2804
1647144,2921
1647972,2857
1648273,2834
1648502,2897
1648824,2840
1649023,2824
1649228,2844
1649434,2958
1649882,2889
1650054,2813
1650232,2773
1650958,2860
1651229,2911
1651520,2827
1651793,2784
1651967,2927
1652197,3004
1652481,2822
1652873,2858
1653127,2830
1653139,2950
1653921,2874
1654230,2875
1654448,2864
1654813,2902
1655019,2898
1655386,2778
1655599,2861
1655861,2900
1656076,2841
1656230,2828
1656889,2874
1657235,2788
1657432,2865
1657799,2872
1658024,2857
1658296,2877
1658580,2988
1658879,3064
1659043,2827
1659203,2832
1659878,2858
1660129,2811
1660384,2785
1660824,2814
1661037,2852
1661302,2858
1661773,2918
1662027,3138
1662118,2792
1662247,2825
1662846,2940
1663085,2853
1663273,2978
1663741,2931
1663992,2806
1664245,2798
1664996,2775
1665175,2767
1665326,2841
1665341,2905
1665876,2880
1666078,3173
1666355,2799
1666766,2780
1666968,2799
1667165,2871
1667857,2822
1668070,2897
1668326,2850
1668347,2963
1668882,2845
1669239,2794
1669449,2821
1669851,2852
1669893,2936
1670139,2843
1670815,3012
1671093,2888
1671296,2791
1671449,2882
1671818,2924
1672174,2806
1672403,2789
1672811,2872
1672958,2778
1673160,2862
1673921,2874
1674165,2871
1674252,2866
1674463,2819
1674873,2914
1675109,2792
1675321,2861
1675854,2836
1675896,2902
1676112,2780
1676918,3014
1677217,2966
1677419,2902
1677445,3108
1678000,2834
1678014,3020
1678282,2862
1678799,3017
1679010,2822
1679171,2776
1680017,2777
1680386,2826
1680415,2883
1680864,2889
1681119,2900
1681229,2772
1681428,2939
1682104,2782
1682262,2881
1682405,2829
1682935,2837
1683366,2779
1683536,2873
1683844,2908
1684137,2930
1684315,2902
1684497,2817
1684974,2866
1685348,2778
1685506,2884
1685864,2951
1686271,2912
1686530,2880
1686841,2934
1687162,2879
1687399,2858
1687431,2915
1687966,2905
1688245,2857
1688507,2861
1688948,2889
1689272,2879
1689498,2813
1689909,2841
1690161,2930
1690447,2907
1690649,2877
1690968,2989
1691209,2876
1691492,2872
1691931,2874
1692278,2775
1692433,2830
1692876,2867
1693174,2807
1693490,2798
1693780,2779
1694183,2823
1694196,2904
1694456,2933
1694902,2885
1695185,2885
1695383,2788
1695830,2871
1696137,2865
1696415,2870
1696738,2775
1697267,2817
1697290,2926
1697498,2821
1697894,2838
1698150,2919
1698358,2866
1698833,2917
1699124,2875
1699417,2825
1699655,2800
1700279,2782
1700453,2779
1700857,2829
1700901,3041
1701192,2805
1701448,2819
1701836,2909
1702099,2857
1702371,2803
1702570,2829
1703187,2774
1703348,2768
1703771,2997
1704047,2878
1704320,2943
1704518,2877
1704880,2898
1705081,2821
1705285,2870
1705521,2893
1706051,2783
1706256,2768
1706891,2868
1707022,3003
1707383,2947
1707590,2891
1707870,2874
1708071,2888
1708274,2923
1708532,2957
1708953,2783
1709139,2826
1709851,2814
1710112,2890
1710443,2790
1710792,2865
1710880,3057
1711078,3186
1711323,2853
1711575,2953
1711841,3031
1712093,2824
1712785,2883
1713081,2895
1713353,2921
1713809,2874
1714071,2845
1714357,2893
1714385,3020
1714684,2907
1715033,2838
1715078,2898
1715760,2937
1716107,2776
1716368,2773
1716818,2872
1717035,2869
1717372,2907
1717526,3180
1717959,2841
1718088,2983
1718296,2856
1718824,2975
1719012,2891
1719269,2821
1719780,2959
1720008,2829
1720376,2797
1720895,2913
1720908,2986
1721248,2784
1721410,2982
1721905,2868
1722044,2809
1722228,2779
1722838,2826
1723042,2853
1723308,2800
1724059,2842
1724080,3127
1724274,2887
1724490,2813
1724937,2942
1725094,2871
1725158,2932
1725791,2892
1726015,2803
1726231,2826
1727042,2915
1727363,2867
1727530,2877
1727712,3037
1728030,3005
1728214,2799
1728379,2968
1728776,2859
1728984,2949
1729191,2836
1730059,2785
1730349,2775
1730520,2895
1730869,2892
1731180,2824
1731193,2960
1731451,3018
1731771,2999
1732019,2829
1732172,2949
1732971,2876
1733251,2906
1733536,2939
1733880,2942
1734129,2900
1734295,2894
1734597,2940
1734930,2843
1734952,3053
1735256,2900
1735934,2881
1736260,2892
1736577,2940
1736922,2926
1737156,2846
1737327,2898
1737772,2884
1737988,2952
1738110,2787
1738376,2858
1738938,2875
1739241,2780
1739629,2875
1739946,2848
1740131,2806
1740352,2804
1740780,2839
1741054,2852
1741068,2979
1741326,2891
1741941,2799
1742145,2770
1742647,2777
1742934,2966
1743143,2860
1743285,2916
1743749,2971
1744037,2906
1744307,2852
1744319,2922
1744868,2814
1745046,2822
1745550,3049
1745982,2881
1746189,2979
1746357,2770
1746855,2862
1747068,2883
1747301,2811
1747514,2862
1747819,2778
1747993,2820
1748693,2826
1748992,2881
1749269,2770
1749431,2828
1749858,2913
1750074,2804
1750245,2893
1750472,2901
1750715,2868
1750944,2823
1751655,2875
1751953,2987
1752180,3019
1752392,2895
1752851,2829
1753060,2851
1753268,2870
1753496,2928
1753732,2967
1753907,2975
1754724,2879
1755067,2852
1755400,2770
1755564,2849
1755807,2950
1756033,2833
1756262,3074
1756551,2886
1756828,2957
1757003,2891
1757775,2901
1758007,2890
1758260,2874
1758509,2856
1758958,2823
1758972,2921
1759534,2841
1759546,2968
1759981,2827
1760004,2944
1760813,2820
1761012,2833
1761256,2838
1761486,2817
1761872,2833
1762083,2775
1762477,2797
1762669,3017
1762900,2935
1763103,2890
1763737,2838
1763966,2843
1764194,2867
1764429,2892
1764801,2784
1764989,2819
1765374,2834
1765821,2777
1765970,2769
1766149,2777
1766887,2889
1766948,2913
1767195,2926
1767443,2892
1767731,2815
1767938,2835
1768299,2885
1768820,2856
1769020,2765
1769184,2761
1769941,2844
1769961,2935
1770221,2837
1770439,2862
1770874,2825
1770894,3117
1771308,2805
1771812,2880
1772029,2969
1772072,2846
1772884,2863
1773046,2908
1773196,3049
1773424,2829
1773840,2831
1774196,2825
1774396,2913
1774829,2953
1775114,2771
1775180,2827
1775885,2872
1776073,2965
1776350,2830
1776509,2896
1776802,2893
1777143,2789
1777393,2782
1778145,2831
1778161,2911
1778325,3005
1778864,2846
1779124,2862
1779328,2955
1779524,2889
1779818,2956
1780051,3011
1780296,2859
1781099,2792
1781309,2771
1781473,2893
1781818,2828
1782120,2780
1782371,2784
1782582,2822
1782897,2887
1783148,2782
1783280,2780
1784020,2779
1784199,2935
1784492,2849
1784763,2857
1785021,2847
1785276,2838
1785517,2923
1785884,2957
1786200,2809
1786224,2888
1786905,2883
1787225,2845
1787466,2870
1787754,2837
1787990,2871
1788220,2930
1788542,2817
1788940,2883
1789198,2890
1789364,2845
1789911,2867
1790200,2892
1790464,2852
1790871,2820
1791077,2787
1791279,2822
1791490,2854
1791917,2836
1792297,2800
1792464,2916
1792873,2873
1793200,2838
1793453,2882
1793823,2777
1794000,2850
1794233,2894
1794466,2800
1794878,2878
1795215,2780
1795466,2784
1795876,2872
1796166,2906
1796461,2863
1796727,2835
1796962,2838
1797214,2797
1797427,2863
1797887,2833
1798116,2844
1798366,2829
1798848,2879
1799165,2873
1799422,2914
1799675,3097
1799945,3213
1800126,3392
1800376,2815
1800817,3035
1801081,2927
1801318,3920
1802167,2836
1802481,2828
1802655,2854
1802881,2948
1803466,2879
1803671,3013
1804024,2777
1804855,2862
1805133,2900
1805364,2936
1805584,3013
1805767,2831
1806061,2989
1806076,3123
1806452,2904
1806911,2869
1806926,3120
1807853,2837
1808127,2857
1808430,2947
1808823,2933
1808965,3049
1809191,3038
1809334,3048
1809547,2985
1809874,2891
1810174,2850
1810969,2804
1811137,2899
1811477,2790
1811847,2967
1812124,3023
1812367,2988
1812516,3623
1812750,3029
1812890,3431
1813162,2922
1813857,2885
1814160,2833
1814395,2809
1814932,2875
1815229,2946
1815871,2845
1815919,2893
1816250,2794
1816408,3025
1816651,2930
1816865,2944
1817114,2963
1817327,3018
1817891,2831
1818303,2817
1818994,2888
1819251,2937
1819261,3026
1819724,3112
1819892,2983
1819947,3250
1820179,2982
1820435,2939
1820848,2910
1821205,2818
1822023,2878
1822378,2792
1822587,2980
1822995,2979
1823017,3071
1823332,2902
1823457,3032
1823839,2919
1823860,3028
1824127,2913
1825005,2886
1825302,2772
1825673,2856
1826072,2869
1826189,3021
1826468,2843
1826590,3152
1826870,3167
1827132,2869
1827146,3026
1827995,2848
1828240,2784
1828669,2775
1829033,2806
1829413,2837
1829427,2965
1829873,2967
1830128,2864
1830283,3113
1830311,2798
1830940,2935
1831136,2769
1831547,2833
1831971,2806
1832380,2809
1832600,2921
1832933,2984
1833201,2870
1833222,3009
1833493,2832
1834008,2850
1834170,2863
1834476,2802
1834908,2910
1835310,2877
1835634,2775
1836049,2917
1836211,3041
1836475,3038
1836489,2956
1836960,2818
1837168,2892
1837416,2914
1837909,2801
1838283,2830
1838549,2784
1839076,2780
1839351,2843
1839587,2913
1839750,2935
1839910,3047
1840165,2888
1840423,2936
1840837,2791
1841200,2849
1841435,2909
1841983,2870
1842280,2891
1842596,2978
1843048,2934
1843137,2958
1843342,2904
1843503,3006
1843751,2929
1844186,2810
1844426,2791
1844953,2877
1845305,2779
1845703,2785
1846081,2860
1846343,3006
1846353,3102
1846715,3005
1846937,2878
1847131,2961
1847349,3039
1847959,2837
1848190,2771
1848656,2788
1849055,2798
1849536,2929
1849730,2998
1849926,3032
1850178,2918
1850201,3219
1850492,3033
1850893,2814
1851090,2924
1851569,3018
1851984,2771
1852571,2881
1852819,2941
1853087,3019
1853360,2892
1853585,3209
1853722,2981
1853848,3082
1854140,2875
1854887,2831
1854914,2914
1855586,2930
1855885,2931
1856198,2799
1856397,2837
1856791,3006
1857036,2869
1857106,2959
1857240,2778
1857821,2814
1857995,2779
1858605,2854
1858955,2783
1859130,2827
1859363,2806
1859890,2861
1860139,2818
1860165,2895
1860303,2973
1860729,2846
1860904,2914
1861582,2865
1861839,2840
1862064,2859
1862315,2821
1862843,3011
1863055,2965
1863257,2870
1863434,2957
1863740,2958
1863938,2898
1864539,2894
1864801,2988
1865058,2851
1865279,2945
1865992,2877
1866211,3213
1866355,2928
1866780,2798
1866988,2787
1867152,2895
1867576,2850
1867995,2857
1868015,2898
1868325,2884
1868974,2787
1869405,2869
1869571,3014
1869708,3060
1869982,2912
1870151,3035
1870514,3042
1870999,2863
1871023,2986
1871316,2837
1871891,2819
1872363,2896
1872703,2988
1872990,2876
1873003,2935
1873326,2992
1873694,3018
1873995,2895
1874349,2774
1874493,2871
1874983,2781
1875392,2780
1875803,2933
1876139,2865
1876193,2950
1876433,2863
1876804,2869
1877009,2857
1877255,2847
1877487,2825
1877863,2852
1878262,2798
1878867,2936
1879129,2988
1879281,3101
1879465,2915
1879821,2933
1880034,2917
1880230,2843
1880437,2842
1880840,2942
1881175,2779
1881893,2890
1882213,2924
1882595,2930
1882781,2937
1882902,3116
1883163,2977
1883391,2892
1883554,3205
1883868,3000
1884098,2954
1884915,2872
1885259,2769
1885617,2811
1885854,2952
1886115,2859
1886274,3007
1886477,2865
1886856,3090
1887010,2845
1887211,3005
1887882,2873
1888132,2918
1888552,2908
1889073,2923
1889087,3013
1889464,2860
1889476,3168
1890044,3046
1890058,2807
1890314,2862
1890887,2789
1891139,2953
1891555,2798
1892105,2876
1892237,3042
1892458,2932
1892731,2923
1892967,2948
1893254,2935
1893284,2982
1893914,2786
1894179,2924
1894450,2793
1895110,2902
1895388,2876
1895550,2868
1895758,3077
1896023,2975
1896343,2857
1896557,2910
1896826,2858
1897229,2791
1897381,2806
1898101,2982
1898354,2877
1898558,3134
1898922,3087
1899130,3064
1899331,2966
1899596,3122
1899810,3025
1900114,2848
1900317,3818
1901211,3134
1901377,2876
1901832,2910
1902154,2926
1902412,2991
1902580,3320
1903049,3236
1903087,2896
1903271,2968
1904435,3380
1904693,2792
1904903,2800
1905228,2787
1905513,3178
1906038,2939
1906350,2789
1906686,2790
1906778,3056
1906817,3987
1907658,2786
1907908,2958
1908068,2897
1908281,2833
1908804,2991
1909119,2835
1909317,2880
1909576,3095
1910061,2775
1910583,2950
1911261,2779
1911468,2900
1911615,4780
1911684,3051
1912687,4044
1912978,3594
1913161,2922
1913692,3053
1914133,5275
1914505,5473
1914600,3924
1914833,2878
1915673,4571
1916983,4997
1917302,5010
1918223,3995
1919216,3217
1919462,3416
1919632,3161
1920570,3003
1920676,3491
1920728,3645
1920789,4043
1922955,2824
1923131,2842
1923291,2877
1923451,2983
1923833,3072
1923892,2925
1924045,3088
1924359,2838
1924539,2926
1924957,2966
1925885,2875
1926084,2782
1926265,2829
1926546,2983
1926915,2962
1927291,2785
1927371,2853
1927531,2924
1927756,3061
1928011,2905
1928868,2875
1929075,2771
1929243,2881
1929659,2880
1930013,2912
1930205,2903
1930353,2979
1930579,2991
1931001,2858
1931218,2902
1931945,2821
1931959,3510
1932225,2869
1932708,2888
1933009,2844
1933223,2850
1933434,2900
1933683,2865
1933953,2963
1934249,2925
1934894,2828
1935219,2774
1935560,2827
1935787,2791
1935993,2845
1936194,2905
1936454,2875
1936698,2872
1937000,2839
1937308,2777
1937849,2860
1938117,2769
1938513,2783
1938821,2818
1938991,2837
1939216,2848
1939452,2840
1939808,2781
1939981,2951
1940194,2856
1940797,2805
1941007,2816
1941392,2879
1941738,2848
1941958,2837
1942195,2817
1942418,2928
1942881,2850
1943029,2814
1943301,2812
1943768,2782
1943973,2773
1944404,2872
1944716,2786
1944925,2898
1945131,2880
1945431,2798
1945833,2811
1946006,2830
1946226,2831
1946799,2779
1946969,2769
1947382,2825
1947651,2792
1947910,2926
1948129,2809
1948361,2872
1948724,2917
1948930,2856
1949155,2933
1949705,2795
1949908,2952
1950314,2861
1950580,2867
1951034,2849
1951053,2943
1951339,2895
1951875,2874
1952232,2775
1952644,2814
1952678,5024
1952952,2941
1953331,2880
1953587,2892
1954022,2804
1954314,2812
1954533,2868
1954893,2917
1955536,4290
1955586,2957
1956027,2870
1956314,2886
1956658,2898
1956960,2920
1957255,2965
1957584,2892
1957826,2966
1958068,2857
1958847,3024
1959031,2880
1959341,2874
1959740,3072
1960069,2831
1960089,3051
1960600,2774
1961916,2806
1963788,2859
1963810,2946
1964327,2779
1964775,2779
1965164,2823
1967776,3019
1967820,3033
1967948,3294
1968081,3259
1968557,3587
1968701,2981
1968892,3146
1969103,3198
1969240,3241
1969413,2988
1971008,2848
1971033,2969
1971471,3089
1971529,2973
1971871,3147
1972549,2865
1972855,3043
1973017,2987
1973168,2991
1973676,3226
1974120,2879
1974375,3327
1974693,2772
1974856,2897
1975147,2893
1975584,3219
1976136,2791
1976251,2806
1976463,2905
1977157,3009
1977478,2929
1977709,3010
1977949,3032
1978293,2827
1978318,3212
1978940,2792
1979188,2941
1979201,3026
1979475,2843
1980292,2922
1980547,2917
1980810,2875
1981105,2824
1981408,2825
1981672,2836
1981859,2877
1982223,2807
1982451,2792
1982516,2876
1983308,2961
1983550,3256
1984063,2895
1984096,3032
1984367,2934
1984655,3123
1984859,2934
1985156,2902
1985362,3379
1985517,2857
1986390,2780
1986955,2845
1987090,2932
1987310,2997
1987508,6207
1987961,2915
1988161,3096
1988450,3107
1988681,3102
1988882,3063
1989327,3031
1990019,3795
1990433,2776
1990815,2841
1991096,3099
1991392,3136
1992040,2812
1992197,2850
1992520,3221
1992708,2863
1993345,2781
1993828,3010
1993987,2943
1994200,3346
1994351,2909
1994672,3925
1995164,2776
1995355,2929
1995843,3101
1996248,2846
1996674,2840
1997052,2870
1997083,3179
1997394,2973
1997661,3031
1998066,3194
1998400,3129
1998778,3109
1999091,2884
1999188,3153
2000076,2877
2000409,2775
2000914,2789
2001075,2898
2001350,2916
2001686,3006
2001724,3119
2001991,3144
2002284,3420
2002469,3164
2003140,2816
2003311,2924
2004099,2818
2004397,2772
2004922,2847
2005049,3679
2005235,2942
2005456,3015
2005729,3448
2006070,2960
2006364,2904
2006680,4213
2007294,2773
2007849,2986
2007901,3268
2008306,3111
2008861,3250
2009142,2936
2009340,3164
2009630,2970
2010199,2941
2010691,2977
2011000,2875
2011251,2922
2011573,3270
2011834,3100
2012317,4388
2012344,2949
2012800,2916
2012975,3042
2013276,2844
2014007,2874
2014271,2911
2014678,3004
2015124,2912
2015179,4525
2015440,2846
2015851,2871
2016166,2891
2016430,2966
2016867,2981
2017002,3354
2017670,2806
2017817,3277
2018414,2844
2018678,2787
2018865,2811
2019161,2772
2019490,2771
2019992,2801
2020453,2834
2020763,2909
2020926,2862
2022912,2927
2022928,3004
2023407,2891
2023614,3460
2023767,3013
2023944,2832
2024445,3059
2024482,3414
2024590,3218
2024661,2873
2026114,2878
2026438,2881
2026548,3141
2026970,2977
2027154,2939
2027324,2914
2028822,2894
2028840,3235
2029137,3565
2029149,3090
2029283,3503
2029476,3072
2029781,2993
2030084,2943
2030302,2970
2030470,2882
2031819,2783
2032363,2868
2033068,2931
2033098,2973
2033324,2849
2033448,3273
2033579,2902
2033968,2927
2034689,2902
2034847,2874
2034910,2972
2035379,2787
2036256,2935
2036567,3790
2036708,2800
2036890,2905
2037047,3050
2037303,3232
2037712,2970
2038855,2805
2038957,4867
2039029,3171
2039318,3393
2039602,2967
2039930,3807
2040498,6079
2040842,4431
2041004,4214
2041796,3034
2042339,3709
2042764,5038
2043104,3092
2044038,2841
2049045,3284
2049254,3443
2050819,3467
2051065,3330
2051496,3275
2051530,3064
2051605,4452
2051828,4176
2051955,3418
2052100,3400
2052446,3098
2052797,3581
2054413,2991
2054720,3864
2054879,3801
2055312,4374
2056476,3325
2056649,3242
2057286,3629
2057520,4526
2057946,3474
2058135,3338
2058679,4594
2059202,3163
2059546,3858
2060237,4176
2060257,3636
2060888,3547
2061350,4006
2062141,4544
2062778,3353
2063221,3437
2063380,3554
2063976,3371
2064530,5344
2065285,4179
2065685,3498
2066207,3315
2067276,4268
2067742,4231
2068390,3189
2068521,4760
2068552,3451
2069050,4331
2070019,3362
2070460,3363
2070512,4074
2070995,3532
2072130,3722
2072531,4686
2072564,3349
2072792,5638
2074555,3168
2074995,3362
2075410,3516
2075796,4296
2076158,4352
2076675,4100
2077751,3489
2077822,3508
2078253,3528
2079284,3161
2079362,4327
2079496,4136
2079525,5634
2080456,3371
2080676,3573
2081157,3950
2081881,3914
2082284,3603
2082326,4362
2082909,5616
2083804,5118
2084283,6181
2085263,4142
2085283,4213
2085820,4175
2085967,4455
2087103,3367
2087113,4306
2087544,4917
2089437,3538
2091046,5473
2091792,4295
2092256,3908
2092803,3718
2093398,3560
2093925,5586
2094080,5999
2095462,5867
2097660,4258
2101742,2822
2104692,2850
2104711,2963
2104858,3125
2105282,3423
2105551,3426
2105715,2857
2105863,3236
2106065,3123
2106203,3506
2106326,2944
2107755,2975
2108055,3018
2108492,3286
2109082,3934
2109331,3406
2109857,2846
2109980,2944
2110042,2948
2110206,2882
2110892,3038
2110950,2835
2111443,4253
2112796,3141
2113096,2962
2113703,3368
2114095,2877
2114258,3194
2114411,4161
2114675,3037
2115802,3137
2116359,2911
2116412,3005
2116541,3208
2116557,3678
2117272,2920
2117301,3318
2117747,3094
2117816,3703
2118719,2991
2119117,2991
2119553,3030
2119881,2848
2120014,2986
2120351,2912
2120512,3183
2121138,3150
2121310,3077
2121976,2979
2122189,2923
2122578,3352
2123354,2831
2123802,2835
2123964,2815
2124124,3130
2124557,3366
2124685,3008
2124724,3084
2125244,3033
2125745,2780
2126018,2837
2126843,2993
2127071,2911
2127130,2828
2127384,2864
2127917,2929
2128039,3129
2128240,2782
2128417,2908
2128863,2814
2129026,2957
2130072,2806
2130155,2836
2130324,2792
2130524,2814
2130955,2866
2131153,3535
2131310,2920
2131514,3286
2131818,3876
2132075,3033
2132975,4811
2133165,4527
2133298,4629
2133458,3828
2134043,3992
2134355,3767
2135568,5319
2135679,5825
2136922,2820
2137104,2874
2138929,2914
2139108,2847
2139263,3297
2139419,3248
2139915,2874
2140281,2959
2140755,2832
2141091,2783
2141398,2859
2142015,2881
2142207,2827
2142245,2944
2142754,2792
2142921,2886
2142944,3003
2143358,2891
2143733,2969
2143976,2823
2144357,2801
2145001,2843
2145157,2796
2145369,2970
2145708,2870
2145932,2892
2146093,2907
2146360,2850
2146877,2862
2147093,3111
2147282,3037
2147939,2802
2148057,2849
2148425,2962
2148714,2782
2148924,2857
2149125,2870
2149336,2812
2149889,2873
2150300,2808
2150506,2890
2150880,2811
2151045,2858
2151476,2844
2151714,2779
2151882,2919
2152109,2996
2152359,2838
2152886,2871
2153228,2902
2153531,2919
2153854,2858
2154055,2810
2154408,2820
2154632,3195
2154938,2880
2155185,2796
2155351,2770
2155852,2829
2156230,2872
2156568,2972
2156845,2826
2157059,2914
2157363,2889
2158109,2785
2158267,2786
2158465,2905
2158651,3187
2158817,2932
2159230,2897
2159684,2826
2159854,2834
2160090,2820
2160335,2793
2161024,2780
2161231,2939
2161501,2886
2161954,2835
2162001,2891
2162225,2822
2162603,2810
2162836,2918
2163047,2810
2163246,2768
2163891,2819
2164263,2859
2164508,2895
2164887,2898
2165123,2773
2165345,2815
2165541,2889
2166004,2783
2166158,2787
2166354,2839
2166833,2973
2167236,2787
2167493,2785
2167879,2793
2168050,2819
2168271,2842
2168517,2935
2168912,2875
2169077,2831
2169302,2794
2169893,2859
2170143,2846
2170402,2794
2170762,2823
2170979,2870
2171231,2884
2171581,2864
2171873,2890
2172090,2844
2172294,2941
2172880,2831
2173113,2793
2173315,2816
2173776,2780
2173972,2896
2174233,2874
2174532,2951
2174892,2870
2175067,2990
2175320,2825
2175820,2857
2176030,2813
2176262,2956
2176686,2888
2176965,2863
2177202,2838
2177641,2923
2177886,2889
2178157,2769
2178280,2995
2178818,2894
2179047,2826
2179307,2822
2179720,2819
2179950,2809
2180161,2827
2180864,2875
2181107,2829
2181125,2915
2181408,2991
2181847,2869
2182052,2886
2182257,2778
2182635,2887
2182887,2983
2183120,2850
2183866,2876
2184185,2923
2184219,2983
2184499,2994
2184873,2865
2185147,2783
2185303,2891
2185698,2780
2185956,2863
2186164,2806
2186835,2829
2187316,2817
2187330,3065
2187661,3054
2187862,3094
2188052,2880
2188335,2940
2188584,2914
2188940,2801
2189196,2806
2189794,2779
2190226,2773
2190495,2913
2190831,2877
2191096,2978
2191132,2858
2191369,2973
2191595,2958
2191837,2984
2192136,2830
2192675,2778
2193130,2780
2193494,2854
2193847,2951
2194172,2892
2194186,3188
2194480,2996
2194794,2918
2194956,2911
2195140,2986
2195565,2819
2195997,2779
2196479,2786
2196892,2864
2197202,2778
2197460,2917
2197819,2862
2197983,2910
2198017,2987
2198221,2943
2198479,3000
2198910,2796
2199352,2782
2199895,2808
2200105,2775
2200498,2892
2200807,2992
2201002,3044
2201175,3163
2201307,3050
2201648,3061
2201845,2984
2202267,2827
2202798,2817
2203009,2773
2203482,2784
2203907,2950
2204177,2899
2204498,2975
2204557,3017
2204819,3108
2204987,2877
2205213,2828
2205902,2858
2205950,2919
2206400,2781
2206942,2875
2207198,2908
2207566,3431
2207736,2783
2208136,2770
2208307,2989
2208468,2910
2208862,2811
2209035,2978
2209300,2913
2209942,2779
2210203,2780
2210821,2820
2211095,2904
2211522,3375
2211762,3037
2211843,2984
2212025,3070
2212313,3035
2212327,3133
2212830,2967
2213112,2840
2213727,2778
2214132,2811
2215011,2932
2215184,2906
2215210,3051
2215446,2969
2215569,3114
2215857,3145
2216093,3018
2216117,3147
2216670,2817
2217030,2877
2218041,2943
2218248,3022
2218361,2850
2218692,3031
2218834,3095
2219101,2916
2219261,2993
2219581,2864
2219587,3223
2220042,2893
2221113,2836
2221368,2807
2221390,2923
2221814,2912
2222035,2840
2222246,3258
2222505,3137
2222600,3202
2222941,3033
2223137,2972
2224042,2943
2224275,2819
2224448,2924
2224849,2796
2225014,2847
2225597,3041
2225930,3011
2226050,2769
2226278,2855
2226505,2841
2227184,2840
2227205,2908
2227499,2900
2227769,2915
2227982,2839
2228771,2874
2228944,2909
2229226,2862
2229489,2821
2229508,2927
2230195,2922
2230215,3044
2230510,3059
2230898,2984
2230917,2950
2231763,2801
2231997,2820
2232194,2989
2232508,3086
2232694,2814
2233245,2785
2233408,2835
2233712,2847
2233958,2766
2234120,2947
2234673,2840
2234904,2791
2235287,2977
2235748,2819
2235891,2924
2236121,2896
2236340,2908
2236688,2901
2236899,2861
2237169,2914
2237673,2792
2237840,2796
2238350,2883
2238786,2913
2239000,2901
2239189,2883
2239374,2936
2239915,2838
2239930,2929
2240178,2796
2240563,2889
2240780,2788
2241365,2803
2241786,2942
2242033,2927
2242244,2879
2242441,2972
2242841,2891
2243023,2970
2243280,2834
2243544,2835
2243898,2818
2244261,2809
2244862,2907
2245085,2938
2245252,3075
2245497,2931
2245824,2912
2246208,2951
2246221,3102
2246513,2941
2246849,2899
2247157,2821
2247867,2957
2248158,2783
2248415,2923
2248570,3023
2248938,3041
2249284,2846
2249459,2828
2249701,2797
2249891,2832
2250115,2951
2250917,2795
2251125,2891
2251426,2877
2251811,2783
2252065,2869
2252272,2883
2252442,2949
2252637,3131
2252820,3093
2253183,2894
2253798,2885
2254107,2845
2254451,2904
2254810,2870
2255061,2831
2255283,2850
2255512,2960
2255905,2792
2256077,2853
2256286,2806
2256775,2904
2257087,2896
2257444,2889
2257778,2860
2258003,2850
2258259,2875
2258562,2997
2258919,2867
2259061,2873
2259277,2815
2259815,2778
2260067,2773
2260462,2909
2260765,2809
2260978,2882
2261255,2825
2261717,2876
2261917,2954
2262030,2996
2262301,3040
2262877,2844
2263101,2914
2263464,2855
2263799,2782
2263993,2805
2264201,2863
2264714,2982
2265008,2895
2265176,2830
2265440,2836
2265853,2855
2266103,2874
2266456,2860
2266897,2834
2266918,2941
2267155,2855
2267831,2898
2268104,2876
2268117,3012
2268419,2866
2268835,2927
2269096,2875
2269402,2792
2269829,2907
2269994,2828
2270193,2769
2270834,2954
2271085,2927
2271398,2877
2271448,2861
2271859,2846
2272092,2827
2272323,2803
2272980,2781
2273168,2772
2273341,2821
2273883,2842
2274108,2948
2274407,2925
2274575,2859
2274847,2826
2275041,3003
2275269,2784
2275885,2792
2276079,2972
2276297,2809
2276837,2883
2277159,2774
2277422,2894
2277664,2878
2277874,2895
2278266,2802
2278407,2844
2278882,2877
2279191,2812
2279233,2905
2279818,2856
2280045,2848
2280455,2837
2280711,2773
2280896,2859
2281156,2921
2281382,2982
2281891,2919
2282123,2783
2282285,2774
2282823,2778
2283026,2882
2283384,2869
2283600,2897
2283891,2821
2284201,2778
2284453,2779
2284907,2866
2285139,2892
2285161,2969
2285741,2792
2285989,2971
2286386,2822
2286668,2780
2286844,2911
2287084,2883
2287337,2840
2287882,2870
2288115,2769
2288323,2874
2288785,2851
2289079,2838
2289333,2842
2289576,2913
2289883,3008
2290104,2812
2290324,2773
2290841,2937
2291050,3023
2291329,2802
2291756,2921
2292041,2846
2292278,2870
2292571,2853
2293152,2951
2293185,2783
2293384,2971
2293901,2885
2294248,2856
2294297,2963
2294773,2924
2295010,2982
2295289,2847
2295544,2820
2296084,2776
2296231,2926
2296447,2826
2296884,2881
2297202,2789
2297394,2832
2297824,2778
2298086,2778
2298275,2824
2298481,2848
2298981,2793
2299245,2778
2299412,2818
2299868,2854
2300090,2855
2300328,2834
2300709,2868
2300965,2959
2301213,2827
2301461,2777
2301866,2863
2302152,2788
2302351,2811
2302810,2870
2303043,2846
2303294,2821
2303720,2959
2304100,2847
2304316,2841
2304353,2941
2304826,2849
2305066,2843
2305286,2834
2305800,2891
2306007,3016
2306238,2774
2306802,2877
2307072,2887
2307274,2846
2307523,2885
2307792,2897
2308044,2810
2308240,2900
2308848,2875
2309162,2789
2309335,2840
2309805,2956
2310094,2770
2310253,3043
2310510,2881
2310786,2784
2310983,2916
2311252,2823
2311814,2866
2312054,2842
2312307,2820
2312955,2872
2313127,2898
2313520,3424
2313684,2867
2313902,2961
2314042,3186
2314266,2950
2314807,2997
2315042,2886
2315249,2776
2315953,2783
2316154,2773
2316677,3017
2317031,2870
2317051,2944
2317444,2973
2317459,3061
2317898,2922
2318159,2988
2318172,2962
2318840,2936
2319070,2807
2319822,2890
2320034,2781
2320147,2844
2320509,3167
2320695,2847
2320982,2905
2321280,2826
2321322,2940
2321963,2776
2322184,2775
2322800,2996
2322921,2800
2323197,2770
2323670,2870
2323813,2960
2324022,3061
2324237,2988
2324385,3022
2324872,2903
2325081,2831
2325817,2868
2326093,2771
2326256,2829
2326883,3004
2326907,3131
2327191,3065
2327393,2948
2327555,3144
2327891,3115
2328150,2843
2328813,2781
2328986,2815
2329212,2814
2329976,2779
2330166,2959
2330444,3002
2330496,3184
2330837,2884
2331098,3201
2331264,2797
2331718,2852
2331927,2872
2332151,2805
2332849,2834
2333228,2882
2333582,3130
2333901,3168
2334065,2957
2334265,2886
2334472,2959
2334923,2860
2335048,2847
2335125,3097
2335831,2892
2336230,2780
2336800,3010
2337238,3036
2337284,2891
2337449,2985
2337660,3077
2337884,3008
2338054,3190
2338326,2869
2338859,2914
2339136,2772
2339895,2923
2340267,2856
2340417,2986
2340575,3312
2340837,2865
2341028,3018
2341338,3063
2341501,2804
2341870,3010
2342032,2838
2342906,2872
2343234,2861
2343494,2903
2343872,2952
2344137,2894
2344146,2984
2344521,2849
2344712,2872
2345018,3139
2345063,3197
2345906,2825
2346181,2909
2346531,2922
2346957,2902
2347220,2864
2347425,2882
2347837,2884
2347981,3155
2348389,2844
2348658,2972
2348868,3052
2349177,2811
2349547,2823
2349967,2843
2350222,2791
2350427,2819
2350847,2810
2351291,2857
2351456,2799
2351737,3012
2352068,2785
2352202,3045
2352460,2862
2352910,2931
2353138,2973
2353379,2834
2353746,2802
2354351,2819
2354364,2906
2354917,2874
2355084,2905
2355384,2829
2355547,3033
2355935,2781
2356368,2925
2356383,3159
2356783,3217
2357348,2818
2357512,2798
2357889,2844
2358120,2828
2358319,2838
2358704,2789
2358881,2797
2359381,2881
2359854,2822
2360135,2889
2360298,2878
2360453,2887
2360864,2931
2361077,2819
2361282,2899
2361587,2805
2361802,2800
2362369,2781
2362811,2881
2363106,2899
2363323,2983
2363493,2921
2363897,2826
2364113,2922
2364316,2902
2364512,2994
2364803,2895
2365246,2878
2365785,2907
2366141,2776
2366507,2993
2366816,2864
2366860,2912
2367132,2937
2367341,2898
2367730,2817
2367951,2816
2368216,2780
2368822,2884
2369044,2764
2369586,2892
2369890,3001
2369899,3129
2370180,3011
2370390,2958
2370703,3016
2370895,2931
2371120,2807
2371906,2835
2371923,2905
2372719,2981
2373015,2976
2373182,3067
2373288,3102
2373557,3215
2373910,3036
2374147,3049
2374306,2797
2374935,2834
2374970,2887
2375883,2829
2376103,2968
2376351,2866
2376532,2957
2376931,2879
2377067,2867
2377330,2896
2377344,2979
2377948,2834
2377963,2913
2378848,2878
2379202,2824
2379352,2954
2379595,3083
2379935,2892
2380157,2930
2380406,2964
2380427,3213
2380873,2924
2381073,2879
2381858,2834
2382124,2799
2382445,2993
2382809,2773
2382971,2929
2383210,2940
2383485,2889
2383773,2960
2383937,2955
2384156,2871
2384904,2788
2385067,2896
2385530,2863
2385792,2894
2386027,2963
2386293,2811
2386503,2883
2386861,2907
2386989,3051
2387240,2775
2387791,2886
2388093,2772
2388509,2846
2388828,2774
2389081,2810
2389289,2822
2389516,2922
2389862,2884
2390234,2813
2390359,2788
2390815,2777
2390985,2775
2391452,2872
2391717,2854
2392022,2808
2392230,2915
2392527,2914
2392877,2962
2393133,2975
2393320,2875
2393831,2854
2393866,2932
2394410,2915
2394707,2840
2394932,3026
2395225,2996
2395570,2939
2395935,2932
2396200,2821
2396362,2815
2396786,2948
2397113,2864
2397415,2881
2397795,2928
2398053,2781
2398350,2886
2398645,2903
2398993,2849
2399166,2826
2399379,2913
2399821,2892
2400080,2932
2400394,2885
2400817,2775
2400938,3852
2401326,3093
2401811,2887
2401977,2909
2402132,2825
2402381,3782
2402844,2936
2403971,2788
2404130,2969
2405421,2849
2405487,2944
2405812,2929
2405961,2984
2406096,2986
2406850,2924
2406944,2942
2407137,2859
2407333,3061
2407525,2969
2408481,3097
2408727,3010
2408921,2918
2409088,2810
2409246,2874
2409883,2958
2410059,3009
2410226,3039
2410482,2958
2410838,2892
2411839,3035
2412337,2843
2412469,2825
2412602,3148
2412674,3198
2412940,3069
2413167,3153
2413378,3173
2413566,3132
2413865,2979
2415001,2914
2415270,2782
2415527,2936
2416092,2914
2416174,2961
2416342,3164
2416476,3222
2416956,2868
2416972,3012
2417132,2927
2418026,2781
2418194,2767
2418576,2927
2419205,2779
2419372,2967
2419600,3145
2419938,2928
2420123,2854
2420283,3002
2420301,2989
2420900,2826
2421099,2853
2421603,2806
2422115,2872
2422462,2834
2422872,2829
2423119,2972
2423128,3076
2423439,3106
2423739,2959
2423862,3006
2424093,2830
2424553,2819
2425074,2876
2425394,2772
2425795,2799
2426200,2813
2426375,2763
2426701,2877
2427002,2899
2427082,2791
2427252,2951
2427478,3015
2428090,2790
2428289,2938
2428733,2811
2429103,2795
2429309,2904
2429731,2853
2430017,2833
2430046,3013
2430300,2896
2430885,2878
2431064,2812
2431316,2891
2431724,2930
2432042,2774
2432299,2824
2432708,2848
2432983,2900
2433181,2875
2433337,2813
2433861,2960
2434070,2850
2434340,2878
2434777,2817
2434940,2843
2435251,2921
2435662,2896
2435979,2964
2436246,2862
2436274,2927
2437021,2867
2437035,2944
2437314,2951
2437968,2848
2437985,2920
2438278,2786
2438708,2884
2439070,2993
2439316,2805
2439485,2907
2440101,2814
2440145,2863
2440391,2790
2440970,2968
2441199,2885
2441213,3029
2441899,2872
2442208,2881
2442245,3135
2442492,2989
2443110,2834
2443278,2817
2443323,2877
2444071,2784
2444335,2865
2444348,3004
2444869,2896
2445219,2827
2445471,2887
2445672,2817
2446031,2918
2446319,2765
2446492,2961
2446983,2885
2447287,2782
2447489,2803
2447897,2861
2448174,2922
2448441,2911
2448675,2800
2449077,2909
2449289,2997
2449550,2836
2449966,2828
2450203,2826
2450411,2841
2450880,2868
2451182,2822
2451575,3128
2451589,2848
2452113,2783
2452472,2872
2452709,2960
2452916,2859
2453151,2816
2453372,2860
2453833,2853
2454129,2774
2454531,2980
2454989,2815
2455003,2948
2455488,2798
2455761,3125
2456052,2927
2456161,2922
2456371,2841
2456825,2975
2457025,2833
2457665,3012
2457913,2872
2458151,2856
2458404,2817
2459218,2780
2459394,2764
2459707,2810
2459890,2802
2460085,2840
2460132,2924
2460910,3238
2461060,2886
2461266,2793
2461452,2984
2462118,2784
2462296,2876
2462651,2780
2462824,2955
2463038,3024
2463192,2839
2464041,2906
2464266,2825
2464294,2920
2464538,2985
2465037,2895
2465295,2850
2465549,2890
2465894,2889
2466191,2811
2466202,3064
2467081,2833
2467349,2960
2467369,3038
2467647,2870
2468030,2897
2468279,2907
2468552,2892
2468870,3010
2469099,2874
2469391,2788
2470037,2778
2470428,2811
2470657,2771
2470740,2959
2471056,2868
2471308,2862
2471551,2852
2471966,2866
2472152,2934
2472347,2845
2472909,2784
2473331,2804
2473541,2878
2473836,2981
2474035,2862
2474309,2879
2474511,2897
2474914,2791
2475284,2813
2475293,2903
2475837,2807
2476255,2875
2476542,2830
2476989,2874
2477003,2946
2477297,2859
2477538,2946
2477820,2988
2478271,2780
2478474,2869
2478766,2789
2479216,2884
2479491,2903
2480095,2781
2480193,2898
2480374,3005
2480584,3000
2480959,2959
2481183,2878
2481469,2819
2481681,2816
2482227,2771
2482478,2821
2483028,3010
2483177,2962
2483512,2830
2483746,2921
2484005,2871
2484216,2967
2484419,2860
2484647,2770
2485084,2907
2485439,2784
2486221,2848
2486442,2875
2486477,3030
2486807,3026
2486999,2968
2487360,2867
2487563,2877
2487644,3033
2488126,2809
2488346,2804
2489171,2957
2489420,2812
2489648,3141
2489920,2871
2490132,2820
2490364,2785
2490564,2834
2490792,3075
2491054,2809
2491271,2804
2492238,2787
2492473,3076
2493093,2842
2493266,2843
2493413,2845
2493691,2905
2493887,2906
2494185,2832
2494213,3066
2494366,2955
2495152,2823
2495660,2777
2496058,2882
2496244,2809
2496352,2959
2496858,2971
2497111,2974
2497116,3116
2497414,2983
2497574,3013
2498059,2804
2498559,2831
2499032,2780
2499239,2781
2499443,2784
2499951,2942
2500207,3069
2500329,3057
2500585,2977
2500812,2917
2500983,2951
2501473,2790
2501947,2782
2502149,2789
2502342,2838
2502982,2805
2503373,2947
2503548,3017
2503694,3023
2503963,3099
2504177,2910
2504385,2997
2504816,2880
2505052,2843
2505306,2821
2505910,2790
2506409,2981
2506673,3116
2506821,3115
2507189,2893
2507196,3114
2507528,3046
2507830,2968
2508032,2858
2508248,2894
2508825,2868
2509512,2987
2509904,3003
2510069,2944
2510279,2895
2510446,2985
2510972,2830
2511045,3013
2511208,3009
2511401,2820
2511779,2955
2512598,2806
2513007,2811
2513113,2814
2513380,2807
2513532,2948
2513889,2832
2514390,2894
2514576,3242
2514646,2889
2514921,2919
2515489,2794
2515913,2858
2516071,2829
2516316,2827
2516569,2872
2516846,2826
2517370,2868
2517667,2878
2517968,2779
2518138,2867
2518390,2827
2518861,2941
2519034,2867
2519268,2875
2519527,2890
2519765,2976
2520376,2791
2520662,2863
2520874,2964
2521138,2799
2521337,2967
2521979,2884
2522221,2886
2522251,3003
2522550,2852
2522866,2818
2523256,2801
2523657,2792
2523923,2931
2524132,3019
2524396,2803
2524995,2909
2525230,2877
2525383,2965
2525585,3096
2525813,2919
2526180,2776
2526536,2836
2526978,2877
2527313,2850
2527345,3083
2527993,2863
2528244,2949
2528482,2902
2528848,2835
2529013,2970
2529101,2878
2529497,2807
2529942,2946
2530262,2794
2530560,2786
2530979,2870
2531276,2878
2531500,2996
2531820,2888
2532276,2838
2532341,2880
2532562,2990
2533010,2837
2533191,2869
2533441,2838
2533938,2872
2534282,2924
2534586,2836
2534849,2839
2535216,2779
2535382,2900
2535675,2819
2535942,2842
2536181,2814
2536396,2889
2536933,2785
2537290,2839
2537604,2925
2537857,2970
2538121,2876
2538404,2828
2538643,2855
2538912,2811
2539117,2813
2539372,2781
2539816,2966
2540250,2778
2540661,2774
2540917,2835
2541122,2841
2541362,2865
2541643,2795
2541842,2850
2542053,2927
2542382,2776
2542903,2832
2543139,2768
2543521,2886
2543887,2804
2544082,2855
2544350,2825
2544564,2830
2544813,2829
2545068,2817
2545286,2806
2545893,2786
2546098,2770
2546535,3012
2546814,3041
2547043,2867
2547315,2793
2547519,3145
2547761,2837
2548009,2820
2548214,2781
2548803,2785
2548987,2880
2549683,2880
2549963,2863
2550251,2841
2550396,3078
2551027,2786
2551192,2898
2551423,2899
2551572,2961
2551747,3106
2551989,2954
2552706,2826
2552945,2857
2553212,2801
2553556,2991
2553919,2836
2554225,2811
2554446,2921
2554765,2811
2555055,2831
2555211,2832
2555626,2891
2555893,2906
2556121,2815
2556702,2781
2556878,2869
2557154,2917
2557455,2846
2557728,2816
2558000,2783
2558170,2825
2558686,2865
2558924,2786
2559079,2823
2559577,2888
2559851,2872
2560167,2852
2560431,2846
2560699,2798
2560906,2826
2561112,2830
2561668,2875
2561886,2901
2562049,2837
2562586,2851
2562847,3023
2563137,3071
2563414,3008
2563664,3159
2563850,3167
2564063,3217
2564725,3193
2564970,3078
2565135,3122
2565536,3508
2566005,3624
2566325,3798
2566542,4130
2566943,4191
2567135,4369
2567396,4205
2568035,3725
2568196,3659
2568381,3741
2569130,2994
2569730,2789
2570220,2871
2570776,2794
2571224,2782
2571817,2992
2571953,2945
2571980,3208
2572390,3084
2572557,3015
2572711,3413
2572839,2986
2573182,3035
2573692,2787
2574137,2802
2575065,2902
2575082,2980
2575302,3076
2575554,3206
2575905,2964
2576111,2905
2576340,2870
2576531,3000
2576715,3036
2577033,2933
2578150,2871
2578361,2770
2578527,3010
2578848,2871
2579130,2873
2579291,2928
2579312,3054
2579795,2879
2580062,2842
2580075,3130
2581225,2817
2581238,3095
2581658,2791
2581845,2878
2582125,2911
2582345,2844
2582461,2977
2582776,2940
2583041,2831
2583295,2834
2584171,2784
2584418,2861
2584750,2784
2584908,2966
2585166,2912
2585405,2964
2585573,2954
2585841,3002
2585972,2885
2586223,2881
2587072,2836
2587359,2926
2587661,2866
2588001,2936
2588203,2847
2588455,2894
2588672,2899
2589054,2784
2589200,2813
2589261,2901
2590005,2780
2590403,2843
2590652,2786
2591028,2810
2591228,2846
2591483,2835
2591720,2995
2591947,3013
2592142,2919
2592307,2857
2592870,2943
2593345,2880
2593567,2920
2593969,2863
2594196,2844
2594434,2826
2594846,2929
2595059,2864
2595310,2871
2595323,2963
2595947,2782
2596347,2852
2596591,2923
2596922,2840
2597147,2996
2597382,2859
2597908,2787
2598018,2969
2598276,3014
2598440,2855
2598822,2926
2599298,2893
2599602,2912
2599973,3000
2600230,2861
2600389,2858
2600828,2993
2601125,2898
2601510,3014
2601526,2890
2601925,2812
2602296,2942
2602799,2865
2603070,2848
2603363,2776
2603526,2821
2603924,2874
2604145,2779
2604518,2914
2604857,2932
2604870,2957
2605364,2824
2605749,2842
2606056,2793
2606261,2804
2606469,2807
2607015,2817
2607021,2901
2607526,2965
2607963,2876
2608134,2856
2608309,2844
2608751,2838
2608973,2807
2609189,2910
2609391,2861
2610019,2822
2610034,2892
2610805,2869
2610971,2964
2611239,2842
2611285,2948
2611878,2874
2611891,3125
2612195,2966
2612401,2917
2613023,2817
2613037,2915
2613767,2817
2614066,2814
2614217,2811
2614429,2819
2614847,2874
2615146,2783
2615412,2855
2615424,2993
2615937,2891
2616102,2831
2616726,2964
2617005,2901
2617124,3075
2617404,2816
2617860,2818
2618052,2867
2618384,2784
2618650,2789
2618913,2836
2619110,2800
2620027,2892
2620050,2958
2620378,2771
2620553,2883
2620776,3030
2621045,2878
2621291,2900
2621552,2922
2621835,2863
2622046,2900
2623157,2783
2623286,2863
2623514,3180
2623557,3038
2624003,2918
2624030,3181
2624293,3014
2624568,3078
2624825,3097
2625042,3033
2626056,2795
2626232,2771
2626769,2960
2627025,2955
2627046,3078
2627437,3001
2627465,3245
2627903,2801
2628053,2984
2628249,2832
2628960,2787
2629168,2771
2629854,2933
2630108,2764
2630219,2989
2630523,3033
2630867,2909
2630893,3033
2631171,2927
2631328,2968
2631848,2828
2632063,2785
2633025,2817
2633038,2908
2633335,2920
2633665,3114
2633913,3049
2634079,2989
2634230,3107
2634408,3022
2634771,2912
2634975,2852
2636032,2872
2636194,2819
2636382,2765
2636900,2961
2637164,2955
2637172,3240
2637426,3085
2637647,3145
2637813,3075
2637966,3016
2638996,2864
2639224,2946
2639246,2869
2639964,2951
2640244,2891
2640577,3210
2640713,2846
2640980,2961
2641187,3082
2641350,3070
2642001,2850
2642276,2806
2642298,3050
2643009,2865
2643266,2897
2643794,2906
2643987,2943
2644100,2990
2644394,2975
2644569,2967
2644940,2955
2645179,2870
2645480,2811
2645999,2779
2646249,2772
2646797,2938
2647056,2989
2647218,2996
2647466,2907
2647818,2931
2648021,3017
2648146,2876
2648432,2898
2648899,2834
2649142,2771
2649821,2947
2650146,2881
2650358,2959
2650520,2914
2650877,2857
2651162,2833
2651212,2937
2651433,2862
2651869,2808
2652040,2800
2652892,2928
2653156,2774
2653398,2800
2653615,2836
2653862,2944
2654115,2949
2654276,3074
2654417,3007
2654771,2921
2654984,2811
2655916,2791
2656120,2805
2656327,2835
2656575,2968
2656927,2971
2657189,2897
2657510,2794
2657791,2780
2657880,2856
2657999,2903
2658832,2827
2659046,2825
2659283,2818
2659674,2883
2660002,2801
2660208,2810
2660436,2983
2660845,2838
2660987,2898
2661192,2864
2661744,2856
2661990,2825
2662231,2784
2662707,2803
2662926,2817
2663139,2823
2663500,2941
2663862,2854
2663988,2866
2664266,2823
2664790,2900
2665108,2827
2665121,2951
2665630,2846
2665874,2829
2666080,2768
2666559,2948
2666838,2917
2666992,2933
2667210,3003
2667819,2918
2668057,2773
2668210,2849
2668567,3008
2668925,2956
2668947,2875
2669605,2947
2669890,2934
2670050,3040
2670301,2782
2670830,2872
2671039,2776
2671201,2763
2671721,2823
2671981,2805
2672002,2871
2672693,2875
2672924,2876
2673237,2791
2673402,2844
2673843,2838
2674068,2886
2674090,2871
2674666,2935
2674972,2853
2674985,2902
2675690,2864
2675938,2811
2676149,2818
2676370,2808
2676784,2902
2677096,2828
2677143,2858
2677997,2820
2678200,2928
2678337,2894
2678674,2819
2678883,2854
2679100,2795
2679296,2844
2679810,2913
2680057,2930
2680272,2972
2680959,2777
2681213,2786
2681416,2824
2681721,2943
2681880,3037
2682083,2893
2682277,2959
2682815,2785
2683080,2777
2683330,2820
2683832,2959
2684129,2831
2684353,2818
2684749,2900
2685054,2816
2685095,2920
2685323,2854
2685785,2864
2685986,2822
2686232,2788
2686894,2905
2687082,2814
2687273,2780
2687733,3087
2687972,2944
2688269,2808
2688275,2941
2688744,2937
2688950,2888
2689147,2839
2689885,2881
2690052,2812
2690211,2780
2690908,2966
2691287,2775
2691449,2906
2691497,3244
2691774,2990
2691968,2886
2692126,2827
2692848,2892
2693102,2823
2693115,2945
2694010,2779
2694193,2906
2694440,2827
2694950,2846
2695110,2832
2695260,2984
2695455,2832
2695870,2936
2696045,2871
2696208,2993
2696876,2881
2697202,2779
2697395,2794
2697923,2812
2698068,2915
2698424,2837
2698438,2970
2699010,2822
2699023,2901
2699303,2782
2699892,2803
2700109,2791
2700308,2916
2700820,2929
2701107,2996
2701381,2881
2701537,2824
2701980,2868
2702231,2829
2702245,3107
2703019,2832
2703051,3267
2703328,2843
2703880,2881
2704189,2913
2704458,2908
2704471,2906
2704947,2926
2705194,2857
2705439,2822
2705948,2953
2706301,2769
2706460,2820
2706886,2866
2707189,2923
2707513,2818
2707566,3257
2707986,2931
2708178,2848
2708366,2772
2708994,2827
2709211,2782
2709408,2788
2709839,2800
2710236,2810
2710451,2775
2711018,2839
2711313,2819
2711318,2942
2711482,3009
2711975,2941
2712139,2928
2712313,2853
2712745,2845
2713138,2812
2713343,2820
2713991,2942
2714261,2940
2714469,2825
2714672,3015
2715016,2873
2715271,2856
2715284,3002
2715784,2922
2716078,2920
2716282,2820
2717021,2938
2717384,2978
2717393,3068
2717812,2867
2718011,2958
2718257,2860
2718422,2970
2718833,2804
2719084,2783
2719290,2798
2720090,2779
2720471,2874
2720601,2868
2720844,2934
2721215,2827
2721228,2950
2721524,2832
2721760,2881
2721982,2912
2722207,2835
2722960,2789
2723463,2783
2723595,2956
2723904,3088
2724179,3078
2724451,2941
2724465,3029
2724743,2990
2724989,2837
2725173,2873
2725872,2889
2726333,2875
2726832,2801
2727079,2812
2727430,2800
2727867,2936
2727960,2809
2728218,2917
2728389,2923
2728411,3027
2728862,2881
2729337,2866
2729717,2857
2730019,2907
2730315,2872
2730895,2859
2730962,2898
2731276,2830
2731407,2984
2731850,2834
2731857,2974
2732297,2787
2732714,2864
2733015,2857
2733310,2776
2733939,2907
2734178,2910
2734210,3023
2734516,2987
2734800,2882
2734926,2931
2735209,2849
2735701,2844
2735985,2810
2736200,2821
2736962,2922
2737205,2798
2737332,2995
2737713,2851
2737889,2903
2738116,2849
2738273,2840
2738709,2808
2738913,2831
2739143,2811
2739974,2850
2740156,2885
2740426,2898
2740680,3117
2740914,2957
2741095,3026
2741254,2979
2741601,2966
2741873,3011
2742073,2769
2742945,2815
2743159,2830
2743413,2952
2743953,2862
2743974,2928
2744215,2788
2744376,2880
2744715,3028
2744996,2832
2745157,2933
2745847,2875
2746093,2927
2746496,2827
2747035,2872
2747108,3097
2747260,2892
2747466,3020
2747925,2828
2747938,2977
2748183,2862
2748857,2922
2749106,2876
2749420,2786
2750050,2834
2750319,2812
2750342,2933
2750577,3119
2750914,3278
2751037,2774
2751287,3014
2751880,2866
2752115,2811
2752329,2818
2752970,2969
2753231,2817
2753406,2778
2753831,2910
2754027,2828
2754294,2813
2754458,2958
2754834,2867
2755054,2982
2755277,2852
2756132,2781
2756334,2770
2756383,2884
2756831,2937
2757034,2885
2757242,2947
2757502,2898
2757867,2925
2758128,2790
2758266,2793
2759041,2879
2759227,2813
2759402,2925
2759910,2923
2760110,2786
2760322,2841
2760517,2880
2760887,2890
2761078,2787
2761282,2859
2762135,2887
2762148,3157
2762428,2780
2762976,2874
2763015,2922
2763253,2985
2763502,3003
2763965,2870
2763978,3009
2764266,2847
2765109,2837
2765395,2814
2765417,2929
2766026,2807
2766227,2766
2766390,2831
2766619,2875
2766924,2938
2767141,3009
2767300,2826
2768040,2970
2768302,2826
2768470,2768
2768926,2810
2769125,2806
2769350,2855
2769641,2943
2769984,2859
2770258,2810
2770293,2887
2771106,2851
2771362,2825
2771375,2905
2771867,2855
2772055,2861
2772319,2808
2772689,2880
2772947,2970
2773166,2906
2773309,2859
2774087,2895
2774395,2831
2774440,3077
2774819,2849
2775041,2864
2775277,2852
2775688,2881
2776011,2959
2776280,2797
2776453,2776
2777112,2837
2777349,2807
2777628,2822
2777801,2975
2778033,2841
2778249,2914
2778676,2867
2779063,2878
2779325,2895
2779338,2890
2780086,2775
2780286,2824
2780542,2953
2780995,2862
2781031,2979
2781256,2900
2781654,2848
2782041,2968
2782369,2894
2782534,2839
2782950,2900
2783221,2795
2783589,2927
2783953,2905
2784252,2974
2784266,3072
2784740,2813
2785096,2774
2785393,2845
2785605,2901
2785939,2907
2786140,2806
2786642,2872
2786950,2774
2787331,2868
2787493,2839
2787709,2890
2787963,2933
2788337,2925
2788679,2772
2788933,2779
2789098,2828
2789599,2895
2789850,2839
2790293,2783
2790455,2971
2790726,3172
2790985,2817
2791358,2889
2791587,2925
2791854,2797
2792051,2805
2792597,2947
2792932,2857
2793163,2841
2793516,3358
2793933,2777
2794030,2990
2794341,2946
2794604,2927
2794834,3115
2794996,2848
2795651,2858
2795887,2829
2796135,2801
2796852,2827
2797015,2786
2797121,2984
2797415,2932
2797779,2804
2797968,2833
2798192,2795
2798665,2829
2798843,3044
2799057,2770
2799777,2780
2799946,2827
2800191,2917
2800447,2856
2801036,2816
2801088,2863
2801268,2947
2801736,2840
2801993,2979
2802006,3060
2802665,2834
2802901,2905
2803196,2910
2803424,2812
2803940,2774
2804053,2921
2804313,2967
2804809,2871
2805186,2774
2805346,2876
2805677,2808
2805935,2871
2806185,2878
2806383,2963
2806806,2881
2807119,2777
2807366,2774
2807808,2872
2808082,2852
2808333,2867
2808603,2846
2808890,2801
2809183,2781
2809426,2935
2809823,2793
2810016,2834
2810262,2795
2810769,2915
2811030,2975
2811295,2867
2811578,2880
2811806,2915
2812090,2848
2812482,2848
2812749,2809
2812975,2803
2813178,2818
2813808,2969
2814181,2776
2814382,2793
2814593,3005
2814812,3038
2815037,2904
2815425,2911
2815714,2813
2815899,2866
2816118,2840
2816899,2786
2817081,2807
2817293,2818
2817831,2801
2818061,2775
2818228,2997
2818483,2909
2818678,2979
2818914,3055
2819127,2792
2819793,2871
2820021,2973
2820233,2814
2820717,2846
2820938,2788
2821321,2829
2821532,3002
2821799,2876
2822086,2866
2822135,2846
2822824,2886
2823128,2776
2823302,2820
2823668,2842
2823878,2962
2824241,2867
2824775,2973
2824788,3047
2825090,2855
2825255,2961
2825844,2856
2826032,2826
2826240,2792
2826594,2895
2826935,3002
2827227,2812
2827977,2789
2828048,2818
2828200,2947
2828402,2881
2828803,2921
2828993,2888
2829155,2837
2829578,2960
2830133,2836
2830145,2906
2830963,2815
2830976,3078
2831276,2952
2831476,2974
2831826,2884
2832089,2958
2832095,2979
2832690,2854
2833140,2815
2833341,2788
2833872,2800
2834136,2836
2834357,2818
2834577,2996
2834884,2971
2835189,2817
2835233,2916
2835684,2833
2836088,2802
2836249,2818
2836757,2927
2837119,2781
2837297,2813
2837690,2812
2837963,2898
2838249,2788
2838415,2831
2838674,2872
2838980,2890
2839170,2983
2839821,2921
2840029,2836
2840234,2786
2840646,2868
2840960,2833
2841177,2915
2841377,2893
2841716,2962
2841988,2969
2842237,2832
2842851,2864
2843006,2961
2843210,2811
2843626,2826
2843925,2950
2844177,2927
2844400,2788
2844784,2784
2845058,2781
2845222,2896
2845801,2890
2846100,2811
2846144,2862
2846586,2908
2846967,2993
2847285,2783
2847447,2909
2847939,2851
2847952,2902
2848244,2890
2848830,2892
2849120,2888
2849282,2873
2849588,2860
2850162,2871
2850174,2969
2850455,2844
2850939,2837
2850969,2897
2851269,2901
2851842,2945
2852092,2778
2852284,2904
2852534,2921
2853133,2827
2853399,2871
2853411,3156
2853956,2856
2853980,2977
2854302,2947
2855010,2862
2855026,2944
2855287,3088
2855583,2892
2856052,2874
2856407,2777
2856660,3094
2856907,3054
2857089,2965
2857340,2963
2858038,2788
2858204,2775
2858463,2788
2858769,2905
2859036,2860
2859306,2802
2859844,2853
2860064,2837
2860271,2840
2860403,2874
2860920,2787
2861111,2853
2861371,2800
2861800,2813
2862021,2824
2862230,2844
2862822,2796
2863023,2921
2863256,2832
2863373,2861
2863819,2882
2864086,2797
2864306,2794
2864713,2864
2864952,2828
2865204,2799
2865716,2878
2866039,2900
2866219,2874
2866380,2808
2866825,2844
2867011,2816
2867210,2789
2867724,2782
2867939,2778
2868134,2794
2868719,2869
2869024,2931
2869267,2836
2869430,3009
2869775,2901
2869960,2853
2870117,2824
2870654,2826
2870841,2836
2871049,2925
2871685,2775
2872087,2814
2872204,2957
2872551,2904
2872801,2978
2873093,2835
2873260,3003
2873585,2906
2873809,2866
2874059,2872
2874585,2820
2874993,2791
2875288,2901
2875596,2821
2875905,2969
2876025,2868
2876370,2940
2876733,2866
2876764,3245
2877063,2847
2877490,2979
2877915,2823
2878268,2868
2878506,2873
2879016,2783
2879184,2835
2879417,2988
2879834,2936
2880098,2877
2880305,2841
2880553,2894
2880833,2862
2881223,2917
2881468,2798
2881894,2834
2882111,2769
2882506,2841
2882865,2930
2883102,2967
2883277,2904
2883528,2963
2883865,2840
2884232,2779
2884412,2867
2884849,2847
2885013,2797
2885444,2797
2885896,2784
2886157,2779
2886362,2844
2886838,2881
2887012,2925
2887179,2914
2887399,2836
2887889,2899
2888093,2999
2888364,2830
2888768,2935
2889064,2937
2889326,2794
2889804,2940
2890048,2926
2890315,2944
2890474,2920
2890918,2819
2891178,2833
2891345,2822
2891828,2944
2892086,2773
2892289,2853
2892879,2900
2893089,2802
2893336,2961
2893514,2897
2893843,2964
2894101,2827
2894302,2928
2894955,2850
2894974,2941
2895269,2798
2895921,2874
2896134,2771
2896386,2785
2896587,2871
2896903,2913
2897067,2915
2897312,2835
2897901,2841
2898165,2848
2898179,2944
2898998,2910
2899011,2985
2899299,2966
2899573,2914
2899903,3010
2900111,3010
2900276,3044
2900834,3179
2901215,3146
2901229,3225
2902084,3152
2902106,3223
2902360,3299
2902582,3535
2903100,3276
2903265,3460
2903439,3720
2904137,3443
2904546,3493
2904559,3926
2905413,3376
2905651,3250
2905811,3188
2906239,2914
2906499,2893
2906811,2865
2907256,2822
2907690,2790
2908170,2771
2908572,3103
2909045,2836
2909492,2852
2909522,2929
2909668,2952
2909831,3062
2909969,3035
2910208,2903
2910582,2879
2911042,2795
2911771,2823
2911983,2886
2912452,2859
2912599,3148
2912754,3128
2913011,3036
2913228,2979
2913392,2983
2913592,2984
2913960,2900
2914743,2781
2914961,2772
2915416,2775
2915859,2839
2916037,3043
2916145,3044
2916403,2961
2916677,2877
2916694,3055
2916964,2929
2917666,2779
2917855,2829
2918281,2784
2918788,2796
2919171,2828
2919341,2880
2919461,3104
2919724,2955
2919987,2927
2920000,2978
2920545,3272
2920904,2885
2921165,2761
2921693,2805
2922080,2877
2922303,2793
2922781,2888
2923082,2815
2923102,2941
2923259,2955
2924078,2835
2924095,2905
2924231,2931
2924665,2836
2925077,2800
2925239,2792
2925754,2957
2925994,2917
2926199,2884
2926364,2863
2927076,2806
2927235,2764
2927392,2873
2927655,2877
2927997,2776
2928168,2967
2928801,3037
2929026,3112
2929216,2874
2929429,2818
2929985,2781
2930194,2796
2930395,2861
2930809,2856
2930972,2964
2931224,2827
2931972,2929
2932334,2768
2932459,2858
2932689,2836
2932897,2877
2933114,2878
2933375,2838
2933759,2842
2934028,2793
2934216,2856
2934993,2825
2935218,2806
2935453,2821
2935776,2897
2935904,3026
2936130,2958
2936330,2835
2936722,2807
2936909,2913
2937159,2783
2937948,2782
2938148,2838
2938392,2803
2938907,2899
2939056,2866
2939361,2969
2939367,3229
2939776,3038
2940034,2909
2940050,3120
2940831,2914
2941119,2924
2941317,2845
2941904,2783
2942066,2772
2942419,2808
2942730,2963
2943005,2784
2943127,2884
2943326,2827
2943878,2817
2944131,2781
2944334,2795
2944781,2775
2944961,2842
2945345,2810
2945779,2823
2945987,2833
2946114,2897
2946386,2831
2946801,2870
2947035,2801
2947227,2823
2947679,2782
2947892,2785
2948244,2808
2948732,2937
2948951,2927
2949140,2938
2949338,2835
2949768,2835
2949989,2773
2950174,2845
2950583,2808
2950790,2768
2951142,2803
2951896,2894
2952016,3054
2952251,2807
2952273,3048
2952837,2858
2952885,2908
2953107,2855
2953487,2810
2953725,2871
2954071,2777
2954889,2967
2955151,2823
2955405,2808
2955646,3022
2955902,2806
2956062,2962
2956273,2863
2956474,2873
2956789,2931
2956980,2834
2957937,2781
2958138,2821
2958347,2822
2958832,2958
2958845,3203
2959161,3035
2959366,2975
2959575,3101
2959924,3011
2960000,2917
2960840,2840
2961083,2846
2961292,2811
2961877,2887
2962169,2811
2962348,2838
2962436,2980
2962767,2922
2963078,2904
2963240,2791
2963912,2850
2964065,2952
2964269,2802
2964893,2806
2965109,2816
2965322,2867
2965549,2915
2965811,2978
2966146,2816
2966190,2864
2966850,2877
2967153,2820
2967192,2914
2967908,2792
2968074,2824
2968299,2812
2968554,2903
2968886,2881
2969174,2791
2969334,2862
2969847,2932
2970094,2787
2970243,2773
2970793,2847
2971008,2828
2971241,2870
2971576,3063
2971891,3002
2972110,2889
2972315,2953
2972865,2924
2973104,2831
2973285,2805
2973774,2777
2973952,2863
2974233,2806
2974726,2927
2975092,2812
2975105,2942
2975364,2891
2975920,2831
2976091,2781
2976251,2814
2976675,2868
2976922,3047
2977175,2772
2977776,2941
2978024,2953
2978239,3035
2978393,2822
2978839,2893
2979046,2792
2979211,2772
2979795,2879
2980115,2809
2980137,2931
2980810,2956
2981111,2934
2981356,2826
2981383,2913
2981922,2828
2982162,2826
2982184,2945
2982778,2943
2983052,2809
2983203,2758
2983875,2800
2984125,2902
2984360,2910
2984443,2913
2984854,2937
2985084,2863
2985276,2903
2985808,2956
2986052,2846
2986059,2992
2986804,2884
2987144,2916
2987462,2776
2987829,2833
2988012,2817
2988089,2831
2988287,2848
2988881,2809
2989046,2778
2989247,2834
2989780,2784
2990157,2858
2990369,2769
2990749,2894
2990990,2956
2991153,2887
2991266,3069
2991801,2781
2991971,2835
2992187,2841
2992733,2785
2993109,2774
2993313,2784
2993775,2912
2994039,2838
2994174,2859
2994430,2873
2994713,2821
2994920,2837
2995143,2837
2995820,2775
2996013,2793
2996221,2792
2996790,2980
2997001,2796
2997140,2882
2997410,2850
2997670,2888
2997870,2920
2998096,2793
2998703,2808
2998920,2817
2999141,2810
2999890,2843
3000087,2954
3000184,3119
3000388,2902
3000744,2926
3000992,5853
3001001,2984
3001670,2779
3001867,5452
3002069,5744
3002820,2884
3003136,2869
3003444,3018
3003507,3043
3004137,2954
3004422,2811
3004586,2960
3005838,3053
3006139,2970
3006745,2901
3006913,2883
3008084,2791
3008245,2878
3008359,3507
3008399,2980
3008556,3223
3008700,3171
3009275,2814
3009889,2930
3010679,3182
3010697,3095
3011253,3242
3011527,2874
3011682,2920
3012280,2788
3012407,2822
3012633,2927
3012925,2980
3013169,3205
3013942,2842
3013966,2925
3014680,2817
3014694,2907
3014903,3082
3015288,2981
3015326,3176
3015722,2949
3016095,2840
3016466,2834
3016881,2840
3017016,2809
3017593,3236
3017728,3021
3018096,2913
3018380,2914
3018653,3020
3018814,2989
3019030,2865
3019434,2828
3019900,2842
3020104,2926
3020920,2798
3021086,2864
3021282,2891
3021453,2933
3021887,2897
3022046,2884
3022248,2998
3022451,2838
3022866,2891
3023116,2806
3023856,2831
3024078,2805
3024302,2806
3024505,2920
3024904,2899
3025067,2875
3025422,2865
3025435,3102
3025877,2945
3026057,2859
3026774,2951
3026987,2881
3027207,2925
3027519,2822
3027913,2840
3028077,2870
3028370,2844
3028721,2845
3028923,2812
3029134,2798
3029852,2844
3030023,2834
3030258,2857
3030463,2823
3030839,2865
3031049,2830
3031345,2932
3031711,2961
3031830,2958
3032086,2860
3032838,2811
3033006,2967
3033224,2897
3033416,2805
3033846,2887
3034009,2868
3034371,2787
3034777,2796
3034890,2889
3035142,2790
3035752,2879
3036106,2894
3036352,2950
3036380,2863
3036863,2901
3037024,2844
3037283,2801
3037761,2881
3037917,2951
3038117,2811
3038725,2788
3039135,2890
3039396,2810
3039414,2871
3039858,2951
3040064,2840
3040230,2778
3040729,2946
3041102,2772
3041245,2921
3041752,2780
3042113,2910
3042416,2926
3042464,2843
3043044,2787
3043295,2815
3043337,2909
3043787,2797
3043999,2813
3044254,2781
3044661,2782
3045173,2851
3045464,2870
3045483,3113
3045965,3103
3046230,2796
3046443,2915
3046720,3060
3046940,2833
3047155,2789
3047566,2875
3048111,2878
3048429,2777
3048899,2834
3049186,2911
3049199,3009
3049451,3029
3050059,2789
3050250,2934
3050267,3069
3050545,2885
3051126,2851
3051329,2768
3051817,2783
3052194,2815
3052359,2842
3052568,3007
3052956,2885
3053293,2900
3053547,2840
3053593,2930
3054067,2862
3054272,2831
3054737,2817
3055099,2841
3055307,2836
3055703,2844
3055973,2895
3056314,2936
3056555,3092
3056839,2913
3057072,2923
3057274,3055
3057765,2933
3058068,2857
3058257,2835
3058643,2881
3058966,2809
3059345,2822
3059845,3001
3059858,3083
3060168,3061
3060418,2784
3060814,2825
3061028,2840
3061239,2842
3061698,2780
3061895,2787
3062254,2839
3063035,2897
3063041,2984
3063337,2776
3063506,2939
3063794,2929
3063991,2931
3064202,3003
3064561,2899
3064808,2878
3065229,2854
3066186,2908
3066204,2986
3066354,3019
3066556,3088
3066853,3051
3067044,2969
3067289,2934
3067590,2987
3067772,3011
3068175,2775
3069286,2795
3069450,2940
3069505,3042
3069772,3086
3070001,3015
3070209,2960
3070367,2921
3070880,2904
3071060,2829
3071104,3193
3072170,2877
3072597,2832
3072830,2938
3072999,2971
3073149,2993
3073397,2854
3073409,3119
3073982,2823
3074130,2828
3074385,2794
3075149,2783
3075536,2881
3075875,2916
3076075,2986
3076355,2916
3076368,2997
3076670,3000
3076926,3011
3077055,3145
3077366,2867
3078020,2783
3078516,2889
3078895,2912
3079198,2919
3079463,2958
3079476,3339
3079773,2963
3080033,2927
3080333,2848
3080498,2890
3080935,2965
3081529,2786
3081895,2872
3082205,2931
3082560,3131
3083051,3013
3083465,2842
3083497,3388
3083714,2979
3083738,3063
3084030,2955
3084407,2996
3084901,2921
3085259,2772
3085896,2815
3086196,2859
3086427,2876
3086885,2833
3087097,2829
3087177,2896
3087263,2953
3087535,2845
3087914,2941
3088162,2786
3088841,2881
3089141,2936
3089402,2844
3089856,2869
3090048,3052
3090206,3003
3090469,2897
3090515,3019
3091109,2860
3091141,2982
3091856,2882
3092197,2789
3092381,2901
3092818,2913
3093199,2931
3093370,2855
3093546,2950
3093710,2992
3094122,2822
3094300,2974
3094867,2842
3095116,2794
3095368,2863
3095833,2839
3096328,2870
3096334,2897
3096603,2931
3096830,3003
3097070,2890
3097360,2809
3097835,2813
3098032,2848
3098314,2833
3098812,2782
3099356,2821
3099394,2883
3099674,2966
3099927,2969
3100118,2884
3100301,2825
3100735,3093
3100988,3018
3101286,2883
3101738,2789
3102354,2778
3102561,2967
3103213,2773
3103413,2976
3103443,3157
3103659,3166
3103997,2951
3104140,2992
3104365,3047
3104673,2871
3105255,2838
3105642,2830
3106116,2776
3106475,3021
3106882,2832
3107077,2873
3107242,2953
3107280,3061
3107504,3005
3107811,2928
3108198,2824
3108567,2822
3108981,2784
3109593,2838
3109842,2858
3110067,2953
3110319,3078
3110438,3058
3110724,3115
3110874,3200
3111114,2860
3111479,2791
3111887,2818
3112523,2912
3112808,2917
3113109,2828
3113482,2930
3113597,3325
3113961,2817
3114126,2890
3114289,2906
3114391,2984
3114795,2992
3115550,2888
3115850,2815
3116055,2821
3116496,2943
3117019,2872
3117100,2929
3117307,2830
3117467,2954
3117507,3059
3117940,2920
3118529,2845
3118777,2863
3119010,2845
3119561,2821
3119981,3049
3120149,2766
3120399,2895
3120565,2949
3120735,2916
3120945,2934
3121499,2944
3121759,2968
3121987,2870
3122474,2828
3123014,2785
3123179,2877
3123391,2942
3123643,2903
3123822,3049
3124001,2879
3124536,3191
3124828,2786
3125018,2799
3125426,2840
3125886,2828
3126181,2881
3126460,2962
3126701,2893
3127023,2820
3127070,2915
3127888,2835
3127931,2880
3128105,2978
3128365,2866
3128846,2913
3129148,2894
3129519,2869
3129728,2962
3129970,2883
3130146,2820
3130875,2824
3131074,2835
3131324,2794
3131532,2941
3132131,2919
3132168,2991
3132494,2976
3132782,2923
3133087,2945
3133253,2888
3133837,2813
3134029,2816
3134238,2893
3134556,2800
3135147,2779
3135309,2877
3135581,3113
3135840,3391
3136122,2987
3136329,3507
3136829,2902
3137022,2890
3137267,3081
3137469,2977
3138112,3052
3138387,2809
3138881,2801
3139404,3058
3139582,3075
3139998,2850
3140056,3632
3140164,3054
3140916,3032
3141384,2946
3141678,2895
3141813,3006
3141927,3242
3142681,2887
3142993,3038
3143553,3850
3143817,3323
3143929,2794
3144099,3309
3144727,2970
3144952,3039
3144996,3074
3145861,2821
3146689,2818
3146881,2942
3146895,3024
3147230,2858
3147583,3091
3147726,3039
3147853,2997
3148135,2818
3148835,2815
3149266,2895
3149596,2942
3149915,2925
3150073,2777
3150285,2807
3150948,2818
3151011,2855
3151233,2861
3151283,2868
3151745,2939
3152259,2837
3153124,2778
3153280,2827
3153305,3094
3153467,2930
3153960,2959
3154334,2937
3154365,3334
3154526,3042
3154815,2951
3155214,2783
3156011,2800
3156227,2949
3156535,3207
3156581,2862
3157052,2882
3157396,2944
3157848,2974
3158113,2773
3158181,2820
3158278,3039
3158900,2809
3159276,2853
3159573,2970
3159829,2986
3160044,2769
3160440,2810
3160967,2838
3161138,2803
3161151,2917
3161418,2940
3161833,2834
3162251,2822
3162643,2877
3162971,2869
3163147,2831
3163375,2826
3163896,2849
3164190,2812
3164237,3065
3164458,2952
3164805,2774
3165154,2829
3165673,2780
3165921,2866
3166112,2928
3166321,2828
3166833,3004
3167106,2926
3167495,2881
3167720,2788
3167772,3012
3168086,2824
3168586,2844
3168917,2884
3169140,2829
3169345,2806
3169961,2775
3170156,2890
3170527,3056
3170712,2964
3171053,2883
3171073,2906
3171535,2974
3171935,2876
3172109,2851
3172322,2819
3172829,2878
3173149,2770
3173770,2921
3174036,2780
3174236,2832
3174398,2943
3174775,2937
3174947,2971
3175095,2974
3175295,2919
3175801,2961
3176034,2773
3176787,2778
3176950,2825
3177177,2823
3177427,2789
3177822,2977
3178051,2862
3178209,2909
3178413,2851
3178883,2856
3178932,3075
3179680,2828
3179876,3049
3180094,2926
3180335,2802
3180886,2834
3181099,2843
3181262,2830
3181462,2937
3181835,2862
3182128,2769
3182801,2996
3183201,2869
3183221,2961
3183427,3024
3183839,3019
3184059,2897
3184235,2885
3184488,2962
3184803,2883
3185001,2801
3185890,3446
3186235,3219
3186436,3708
3186600,4237
3186948,3114
3187121,3112
3187287,3032
3187539,4314
3187790,2775
3187955,2769
3189571,3313
3189888,2819
3190955,2781
3191669,2857
3191690,3090
3191934,2802
3192005,3071
3192162,3028
3192313,2968
3192472,3067
3192802,2990
3193021,3057
3193835,2815
3194858,2842
3194903,2921
3195134,2943
3195366,2911
3195441,2985
3195622,3145
3195904,3142
3195951,2992
3196214,2935
3196752,2793
3197909,2866
3197935,3152
3198208,2983
3198391,2947
3198553,3185
3198874,3046
3199133,2907
3199231,3077
3199434,2909
3199704,2844
3200920,2787
3201169,2946
3201421,2980
3201430,2965
3201851,3028
3202126,3141
3202140,3241
3202444,3351
3202633,3049
3202686,3022
3203835,2832
3204234,2883
3204536,2784
3204580,2971
3204971,2814
3205361,3007
3205536,3018
3205908,2813
3206007,2980
3206074,2961
3206843,2835
3207204,2844
3207445,2839
3207767,2783
3207933,2838
3208455,2922
3208819,2967
3208869,3258
3209153,2822
3209317,2941
3209762,2916
3210177,2852
3210405,2867
3210765,2819
3210906,2854
3211499,2786
3211872,2949
3212089,2817
3212333,2976
3212360,3454
3212811,3203
3213117,3166
3213369,3232
3213710,3222
3213891,3209
3214368,3219
3214993,3404
3215180,3539
3215404,3814
3215904,3898
3216136,4130
3216369,4188
3216706,4144
3217037,3803
3217222,3721
3217725,3358
3218486,2880
3218849,2844
3219345,2840
3219921,2790
3220386,2854
3220679,3080
3221218,2894
3221381,3025
3221504,2987
3221818,2894
3221841,3115
3222005,3067
3222321,2888
3222800,2873
3223338,2775
3223892,2872
3224237,2894
3224662,2829
3224790,2926
3224846,3083
3225053,3024
3225297,2930
3225311,3071
3225805,3013
3226199,2932
3226860,2960
3227219,2898
3227589,2882
3227848,3046
3228056,3054
3228199,2988
3228475,3053
3228680,2866
3228972,2920
3229220,2941
3229949,2787
3230202,2774
3230591,2800
3231019,2900
3231340,2979
3231382,3026
3231719,2915
3231755,2963
3231991,2966
3232290,2902
3232859,2840
3233100,2771
3233481,2794
3234025,2827
3234493,2932
3234523,3048
3234852,2956
3235030,2953
3235114,3040
3235315,3093
3235802,2904
3235999,2847
3236397,2779
3236978,2779
3237639,2850
3237872,3020
3238085,3023
3238249,2933
3238289,3103
3238513,3262
3238803,3170
3239012,3046
3239304,2898
3239844,2874
3240752,2847
3241016,2986
3241256,2965
3241480,3031
3241551,3158
3241866,2981
3242162,3039
3242336,2981
3242348,3110
3242826,2949
3243712,2776
3244103,2818
3244348,2793
3244603,3074
3244990,2910
3245024,3103
3245294,2913
3245521,3223
3245729,2803
3245968,2887
3246593,2826
3247022,2831
3247272,2769
3247792,2833
3248026,2922
3248354,3008
3248382,3304
3248840,2830
3249048,2837
3249098,2883
3249512,2958
3249953,2857
3250167,2789
3250728,2912
3251042,2940
3251497,2847
3251805,2876
3251970,3008
3252127,2848
3252150,3045
3252604,2872
3252904,2866
3253109,2959
3253776,2779
3254069,2808
3254445,2887
3254814,2897
3255127,2785
3255301,3217
3255313,2944
3255570,3070
3255907,2992
3256153,2856
3256690,2853
3256991,2774
3257418,2786
3257812,2829
3258048,2862
3258342,2884
3258732,3035
3258752,2998
3258998,2869
3259142,2839
3259699,2846
3259889,2928
3260329,2796
3260882,2795
3261038,2831
3261333,2785
3262261,2788
3262420,2975
3262594,3144
3262651,3199
3262990,3120
3263136,2874
3263310,3047
3263780,2913
3264008,2849
3264242,2839
3265174,2873
3265529,2857
3265830,2955
3266095,2823
3266185,3044
3266278,2959
3266504,3060
3266800,3085
3266992,2914
3267208,2999
3268168,2873
3268504,2784
3269008,2911
3269045,3013
3269365,2984
3269411,3262
3269699,3129
3270039,2947
3270303,2924
3270309,2910
3271139,2886
3271386,2920
3272043,2779
3272208,2984
3272473,3022
3272762,2917
3272970,3466
3273298,2870
3273344,2924
3273554,3021
3274135,2780
3274394,2768
3274916,2794
3275283,2865
3275589,2796
3275808,2779
3276256,2817
