235,3935
639,6293
705,3828
777,3603
1493,3846
2245,5938
2722,4744
2765,5967
2951,5684
3052,5564
3858,3392
5685,3947
5976,3763
6521,3482
7068,4366
7140,3577
7317,4188
7862,5408
8892,4017
10075,3817
11657,4297
11709,4986
11905,6022
12189,6217
12623,6270
12711,5315
13003,5655
13326,4437
13559,5150
13748,4863
13954,5382
14420,4214
16185,3566
16362,4204
16788,4540
17123,5852
17592,6004
20100,5709
20240,4367
21063,4572
21546,4505
21726,5175
22512,6161
22574,9112
22627,11094
22695,12453
22748,13471
23088,5235
23148,4355
23491,5009
23910,4622
24723,5876
24906,5198
25152,5171
25305,4590
25514,3958
27242,4930
29966,7928
30178,8670
30676,6486
30810,5907
30894,5652
31461,6907
31900,5613
33181,5362
33524,5194
33838,4786
34164,3889
34690,4101
35366,3932
35508,3682
37546,5058
38125,5113
39686,3637
40267,4893
40445,5452
41112,7576
41269,9408
41497,7480
41867,6585
42471,6208
43000,4842
44591,5261
44600,6493
44863,5124
45243,6468
45323,3940
45912,7816
45913,4590
46435,3647
47038,6646
47067,6570
47103,6834
47148,6630
47179,9340
47245,9331
47265,9355
47282,9592
47312,8849
47340,8897
47525,7808
47918,6823
48284,7444
54064,4874
54214,5316
54351,5124
54575,4693
54715,4502
56990,4276
57424,3759
57803,10515
58420,8738
58583,3623
59854,9681
60231,4921
60487,4836
60674,4341
60720,4068
62420,4243
62637,4080
62667,7569
63023,4326
63702,5705
63727,7321
64018,5303
64158,13425
64199,14788
64244,14897
64277,14926
64309,14759
65440,3794
65473,8807
65736,5648
67667,8078
67907,8020
67945,14201
68172,8563
68218,8247
68492,10048
68655,10037
68754,9887
68782,9533
70332,9136
70435,7825
70567,9336
70679,8962
71946,8215
72316,8661
72504,8385
72566,7488
72954,8163
73176,8149
74500,5375
77396,5774
77616,3618
79199,6419
80231,5288
80328,4784
80901,5500
82330,4858
82795,3519
83418,4646
83590,4364
83706,4195
84742,3832
84863,5349
86399,5781
86528,11075
86714,10741
86938,5505
87012,5349
87089,10494
87214,4866
88918,5208
89625,6539
89793,12805
90041,4039
90297,5664
90454,5452
90616,10587
90777,13017
90953,7731
91113,7620
91263,10912
91412,7216
91561,8502
91719,10275
92931,11417
93098,16639
93252,10942
93402,10652
93434,28219
93551,10329
93706,13485
94225,12357
94370,13418
94596,10459
94740,13938
95100,12576
95240,13492
95364,11164
96420,11222
96568,10129
96701,10226
96841,9806
96982,9314
97113,9652
97252,9096
99802,7337
103575,6837
104414,6714
104557,5664
104719,8603
105328,9379
105889,8549
106777,10694
106971,7836
107248,7510
107374,7695
107489,7631
108524,12963
108759,8335
108998,12647
109137,12844
109266,12657
109405,12631
109572,13093
109772,13118
109936,15228
110066,11640
110251,14671
111780,11636
111952,13021
112095,11438
112274,12357
112628,11950
112778,14845
113005,11689
113151,19039
113349,18786
113495,31633
113628,32492
113757,30651
114122,26547
114248,32532
114499,28571
115813,23262
116052,25424
116233,28313
116473,21786
116596,21300
116711,29846
116894,21774
117295,21694
117572,26009
117712,23654
117906,25610
118038,25668
118398,26272
118661,26734
118797,17363
119063,16343
119126,21472
120272,15051
120579,20081
120646,20490
120698,17776
120765,17857
120816,14451
123606,14522
123756,14618
124217,14585
124357,17060
124720,18923
125000,20244
126303,18430
126719,20013
126898,22239
127036,20038
127168,19513
127298,22949
127461,18852
127717,21557
127864,21999
127982,15789
128895,23356
129125,20382
129288,20175
129445,19100
129602,18998
129778,16629
129916,16717
130079,19832
130244,18807
130403,15781
130562,15946
130720,15737
131264,12684
139285,11516
139326,11722
139357,11343
139398,14140
139440,13844
139712,13620
139747,13369
139766,13186
141167,9437
141760,10824
142057,10469
142108,9078
142160,8235
142184,10940
149053,5891
154056,3385
156247,4668
157259,4085
157481,3971
157639,3920
157793,3823
158448,3628
162167,6055
162345,4884
162934,10062
162991,4983
163167,4855
163321,4803
163479,4695
163635,4437
163792,4479
163891,4509
163940,3982
163988,5265
164036,7390
164293,6859
167784,15511
169075,8378
169287,6854
169478,10246
169627,11019
169759,10493
169858,10502
169995,10456
170136,10606
170271,10840
170404,12284
170541,13448
170680,13392
170809,13350
170966,11622
171106,11286
171261,11244
171536,10623
171671,10395
171787,8764
171939,9809
172077,9589
172309,9261
172428,9370
172579,9684
172711,9252
173324,9489
173608,14267
173734,20946
173908,17369
174565,16666
174727,19072
174893,22138
175050,24617
175204,22065
175361,22674
175510,22667
175661,22820
175818,22923
176776,25362
177539,21363
177813,17343
178009,17842
178287,19232
178579,16628
178767,16761
178959,16458
179342,16247
179527,16378
179868,16183
180060,14355
185766,12623
185930,11728
186073,7571
186208,10924
186359,11100
186491,10102
186638,9862
186772,10841
186865,11922
187006,12197
187125,9093
187272,7676
187405,12533
187579,7531
187708,9375
187914,12562
188296,12765
188484,12625
188737,12276
189158,10983
189488,11237
189524,8566
189575,10765
189612,10148
189631,9983
193024,7498
201441,3833
203163,5956
204954,4236
205137,6804
206035,6883
206179,6708
206270,8412
206316,8625
206370,8767
206422,8568
206468,8717
206518,8716
206562,11901
206608,8481
207327,7563
209233,6098
209375,9235
209504,8048
210008,5276
210199,4840
211759,7877
211954,7568
212089,7282
212239,7540
212452,10855
212658,10106
216099,10820
216257,7102
216399,7386
216536,6104
216668,8085
216805,10919
216871,6760
217003,10145
217121,10381
217260,7030
217393,9319
217652,9164
217785,9639
217907,8734
218042,8370
218173,8001
218303,8906
220453,10273
220646,9545
220808,10610
220904,8193
221087,11331
221227,9101
221497,8581
221643,8042
221785,7416
222089,7229
222213,6821
222447,5332
227990,3954
228185,7058
228350,9245
228526,6771
228651,6953
229418,6234
229910,5437
230557,4993
232037,5449
233367,5950
234109,3802
235483,7661
236037,6961
236114,3693
236274,5634
236430,6949
236590,7447
236762,8680
236883,8756
237275,6228
238605,9310
239809,13456
239878,6015
240043,17620
240181,6667
240314,17204
240453,6617
240594,10616
240733,13210
240955,16812
241079,25740
241232,23049
241411,24207
241553,19368
241687,19146
242504,18905
242631,25593
243681,27724
243897,27124
244084,28226
244264,17048
244383,16831
244551,16472
244668,20609
244778,16340
244877,17133
244961,20425
245148,16955
245927,15983
246085,15534
246227,15496
246602,31817
246909,14618
247243,13473
247568,31986
247755,22941
247895,24752
248068,23645
248451,24113
248638,24099
248787,23067
248940,25173
249159,31814
249288,23197
249997,22405
250126,25661
250326,23885
250484,26172
250646,23345
250801,27950
251037,28085
252916,26525
253082,27393
253247,44857
253414,27869
253572,26194
253739,26406
254047,26662
254213,25441
254377,26557
254537,23770
254701,26330
255060,29740
255222,25372
255379,23154
255538,24725
255704,30795
255884,24489
256051,23993
256207,30342
256373,23512
256537,22494
256695,22526
256863,19525
257026,27974
257188,25193
257346,37819
258553,34597
258720,28872
258912,34522
259075,34537
259232,34118
259386,34137
259542,34152
259703,42475
259868,42205
260026,32621
260189,40760
260361,41427
260518,36693
263016,34639
263182,30606
263334,25266
263492,30400
263653,37924
263812,28780
264399,28458
264638,37039
264784,33719
264876,35885
264908,37898
264951,32360
264980,32422
265011,30897
265040,31122
265076,36257
265101,31551
268506,32672
268659,41314
268794,35134
268870,40128
268900,43713
268932,38581
268962,43589
268998,41214
269028,41242
269057,44869
269085,35255
269119,35344
269147,48867
269177,40062
269213,40091
269242,40498
271925,43871
272126,37584
274332,34634
274515,39420
274673,39353
274848,39387
275015,39675
275173,39148
275323,39113
275472,39063
275622,38514
275872,41581
276050,50134
276219,47363
276486,47149
276749,39983
276923,39874
277108,51822
277272,39867
277429,39889
277585,48466
277749,39930
277912,66003
277994,39924
281579,37906
281757,41059
281928,48057
282095,47941
282249,47839
282470,47463
286342,43243
286582,43054
286733,52886
286893,47183
287029,47190
287168,39709
287298,47163
287430,47260
287625,51581
287762,47294
287912,49316
288048,49458
288185,49367
288316,50942
288444,48902
288627,56272
288770,51125
289333,50786
289467,50885
289599,51157
289738,51150
289859,50951
289993,55308
290123,51584
290262,50676
290394,50712
290524,50916
290662,54685
290798,49543
290960,51004
291093,51467
291231,51023
291362,51071
291492,53604
291625,51792
291762,51283
291920,51181
292053,51214
292183,51131
292316,51292
294367,55444
294428,56275
294487,56533
294965,48938
295274,48807
295452,48876
295624,56159
295793,49777
297463,55275
298315,57322
298599,50952
298775,49249
299896,48355
300077,48835
300215,49218
300407,50007
300576,50880
302497,50310
302670,50023
302857,50472
304990,49326
306019,47777
306169,37756
306311,37398
306446,37954
306583,39043
306717,38710
306882,40223
307023,32377
307191,32483
307326,32624
307463,42998
307599,46621
307730,45523
307872,46015
308003,45940
308135,46227
308282,46416
308416,46400
308547,46508
308679,46471
308794,28603
318210,23990
318565,22133
319946,35989
320118,35790
320683,29829
320868,30046
321416,29648
321541,31927
321574,29747
323132,28103
324636,27201
324792,27636
324936,27546
325074,24004
325214,23980
325904,23434
326202,23277
326346,26708
326710,32308
326962,33796
327108,31058
328406,31653
328606,32612
328779,31033
328969,29424
329181,30282
329411,30294
329700,27970
330562,29354
330708,29441
331132,26619
332906,27472
333062,27575
333205,27603
333352,25277
333620,25316
333746,25408
335632,22413
337067,12868
337784,19607
354504,8267
356428,6710
360023,4062
362036,4078
363297,3937
364312,4609
364504,3932
365371,3285
366075,3688
366265,3278
366679,4371
366894,4080
367071,4673
376625,4241
377281,3224
377750,4322
378385,6024
378553,5584
378698,4908
378929,4866
379066,7081
379200,6701
379339,6655
379471,10179
379607,9838
379757,9582
379920,9303
380087,4820
380835,8715
380972,10000
381100,10982
381174,8908
382054,11283
382221,7475
382356,12780
382495,7690
383883,7125
384820,6064
386341,14640
386394,14820
386454,14130
386509,14130
386556,16824
386601,14739
386693,3947
387499,8683
387689,7989
387899,7719
388142,8556
388341,12649
388514,12992
388686,7944
388870,12688
392422,11084
392600,10078
392754,9626
392930,11529
393091,11561
393256,10773
393423,10338
393528,10441
393576,9487
393622,9602
393665,10936
393716,8898
393760,8361
393809,9106
393862,8408
393908,8869
393967,7947
394315,8419
399574,4833
399750,7896
400057,5808
400460,3663
403470,5506
405197,4456
405256,5222
405465,4742
405552,5489
405701,4468
406018,5284
406149,5205
406319,5350
406525,4235
406799,4619
412052,11614
412079,5840
412272,6703
412404,11466
412578,11416
412698,6395
412810,11457
412920,8803
413171,11217
413304,10291
413438,8551
413547,11027
413748,10694
413929,10127
414082,10552
414200,10743
414365,7201
414807,7012
415109,8828
415288,9448
415411,8913
416731,8507
417176,8513
417345,7651
417501,6999
417653,7949
417867,10623
418133,7841
418194,10936
419400,9835
420212,6525
420391,6051
420636,7274
420803,9280
420983,8303
421257,7818
422108,8093
428091,3828
428257,6457
428407,4730
428571,6827
428743,6609
428897,7423
429352,8723
429603,6923
429756,9658
430305,9618
430451,9715
430710,10464
431488,8381
431735,8908
431986,7315
432128,7006
432266,7457
432618,6882
432819,9913
432969,6707
433178,6944
433428,7801
433549,6886
433673,7013
433831,10503
433992,7438
437207,6400
437385,6656
437507,5852
437636,7825
437785,5623
438495,7748
440418,6279
441256,7841
441560,5708
442557,6182
442961,6834
443180,5233
443446,5687
443646,6377
443800,6170
444055,6078
444178,6183
447181,5949
447274,5940
447460,3710
447882,4405
448014,4030
450186,3528
450424,5650
450564,5698
450846,5321
454153,5653
454213,5515
454893,5052
455066,4797
455239,9386
455397,7072
455559,6967
455716,5891
455904,5470
457053,7195
457225,6915
457390,7106
457541,7019
457690,7416
457867,7382
458025,6987
458184,9510
458334,10107
458484,10584
458639,9750
458790,10449
458952,10507
459101,10735
459255,13081
459405,12854
459562,12640
465597,11428
465765,13954
465891,13722
466042,13626
466183,13585
466320,13497
466511,13414
467433,12772
467721,12154
467958,12439
468122,7502
468515,7163
468670,24378
468901,24369
469080,26085
469292,23633
469488,22149
469610,20798
469995,14630
470145,14283
470289,14388
470423,14470
470568,14480
470702,14297
470891,14057
471061,14269
471320,19175
471615,18932
471866,16762
472060,16299
472365,17171
472532,24286
472678,19331
472874,24836
473352,24464
473607,23590
473887,29687
473926,24002
474063,30247
474232,23798
474366,29573
474601,30218
475033,23193
475220,23240
475344,23166
476177,21802
476381,11379
476558,27874
476731,46453
476867,27226
477066,27587
477202,21119
477367,27400
477485,27454
477624,29131
477748,28956
478166,28777
478330,28663
478970,23734
479125,40391
479290,37278
479445,18320
480451,15831
480595,22159
481699,21131
481766,21509
481983,21341
483214,20014
483478,19985
483661,22436
483806,19819
484088,32393
484228,18868
484460,13416
484705,21945
485771,36925
486405,25224
486582,22972
487013,29660
487178,24339
487328,24074
487577,22070
487809,34998
488457,27780
488676,28463
488898,27473
489315,13196
490944,26417
491220,25571
491468,25781
491675,32919
491840,22905
493076,31377
494910,22861
495706,32415
495907,32009
496032,28911
496316,28469
496691,28033
496852,27809
497035,27830
497233,27696
497367,20287
497547,52352
498746,53234
498880,35065
500142,46792
500468,29331
500656,29317
500906,28788
501046,29713
501163,26626
501298,27471
501449,26806
501594,23463
501718,31081
502030,26473
502174,26644
502344,28120
502539,26181
502861,22835
504166,24489
505873,23031
506221,26912
506485,18867
506785,16463
507524,16579
507678,17320
508107,19951
508245,20354
508379,19804
508529,27367
508663,22009
508802,24104
508866,26157
509016,29581
509158,32373
509290,22780
511145,18603
511948,18322
512115,17389
512292,16019
512450,15533
512858,59051
512917,45493
512964,46533
513010,36036
513057,37234
513103,46344
513148,37001
513195,37217
513275,37225
513330,37357
513383,36635
513439,37164
513489,38553
514875,37448
515065,15521
515251,48786
515428,43968
515607,43686
516045,43300
519208,39697
519627,40062
520975,29577
521037,29617
521086,36119
521132,29605
521187,42803
521234,32627
521280,29508
521331,32708
521388,43758
521436,32653
521489,40218
521540,32398
521595,32393
521653,43176
521705,29943
521756,43296
530762,33650
531180,38379
531345,38349
531586,38266
531738,38253
533386,36740
533592,36714
533745,28378
533866,28535
533926,28744
534522,28285
534792,35593
535186,27079
535461,27077
536394,26574
536537,26666
536684,27587
536830,27723
536972,27716
537110,38214
537246,42342
537378,45170
537515,37994
537656,29326
537788,46999
537913,29125
538057,29571
538198,29732
538339,29775
538467,29993
538593,30871
539934,36681
540135,34806
540295,33090
540446,36659
540598,40864
540749,38683
540905,41877
541068,37589
541221,41009
541372,44375
541531,40523
541685,42116
542089,38377
542230,38112
542363,38456
542521,42050
542903,46136
543067,35693
543226,41921
543380,41720
543530,40071
543893,33500
544057,33653
545089,33175
545269,32845
545431,33835
545589,37959
545747,40293
545939,40151
546103,39781
546269,39083
546432,38836
546593,42356
546749,37428
546888,50016
547052,37409
547236,39089
547879,38311
548038,38102
548219,39453
548379,35096
548543,32629
548702,32365
551677,33120
551834,33366
552170,34225
552307,50404
552441,49770
552575,49748
552708,50104
552906,49256
553049,49972
553183,50143
553318,49892
553449,49453
553584,49378
554903,48176
556175,48030
556348,47568
556488,47832
556636,47365
556770,46500
557219,47042
557343,35143
557522,31384
557643,36269
558100,40913
558244,36429
559122,28650
559525,26285
559903,19160
560083,41924
560231,34273
560443,29100
560613,28370
569127,31260
571194,21701
571987,30620
572838,30547
573494,31152
573627,30519
573920,33031
575767,27370
575961,29234
580837,21209
581400,25711
581929,24997
582060,31711
589802,24323
589978,24248
590124,24475
590259,23749
590395,24350
590528,39732
590661,35391
590804,23110
591066,41496
591240,14368
591569,23596
594051,12314
594276,21055
594920,35795
595117,19743
595350,20097
595664,19371
596272,18242
596436,17886
596602,35008
596986,34916
597391,35040
597547,34212
597903,34181
598031,35367
598127,33175
598300,31182
598471,31277
598644,31975
598815,32584
599101,31443
599339,31032
599619,27420
599960,19637
601211,29881
601401,29794
601588,29919
602419,20564
602569,28399
602656,23284
607370,26175
607689,25804
608622,24971
608801,24095
608910,25991
608933,24316
609973,22230
611725,25226
611915,21384
612085,21263
612245,20904
612399,20699
612553,20496
612704,20293
612875,20325
613033,19914
613182,19134
613342,19360
613538,19279
613697,23540
616093,22038
616277,21452
616440,17203
616600,21066
616761,18435
617538,17487
617709,17217
617922,27503
618086,32700
618239,29950
618391,29735
618550,28791
618705,28892
618889,28805
619056,28371
619212,26111
619365,25834
619748,25626
622064,32476
622293,22783
622457,29286
622617,24678
622771,23989
623407,33514
623561,34145
623711,39605
623944,38725
624120,40063
624289,40897
624454,38773
624620,38953
624781,38159
624951,40247
625110,37885
625279,42170
625445,41924
625608,34427
625776,38877
626162,33968
626329,42508
626489,33405
626649,35063
626809,33835
627144,33405
627307,34305
627474,42410
627634,41963
627794,44538
627976,43421
628145,43580
628306,44222
628465,41284
628631,40256
628790,40443
628980,36190
629144,43068
629315,41655
629581,35883
639502,25366
639660,27297
639872,24391
639908,27138
640047,25588
640183,27068
640319,25835
640458,27050
640592,26023
640724,27001
640865,27105
640999,27029
641133,27254
641270,29358
641403,29688
641534,28728
641667,30518
642036,30235
642177,26888
642316,28635
642470,27653
642607,29509
642740,29778
643414,25592
643560,24671
643693,25251
643860,24943
644020,27549
644190,19206
644353,19212
644521,19340
644665,19281
644785,27177
644912,21533
646146,18358
646293,18357
646486,18478
646608,18594
646727,18814
646913,19538
648816,17080
648982,18331
649119,18311
649259,18308
649394,17363
649873,18578
662108,8424
672809,4355
673246,3756
673266,3290
677591,5208
677782,4398
678286,4570
678619,5124
678759,9482
678961,9586
679150,9499
679284,9195
679423,8345
679560,3937
679698,5625
679979,5657
680125,4978
680423,4484
680849,6191
681058,6000
681200,5942
681319,6162
681453,8264
681592,7708
681728,7690
681871,7315
682017,7036
682193,6627
682336,7725
682492,7104
682613,7255
690389,3614
690917,6722
691091,6436
691311,6761
691474,6498
691626,6239
691782,8980
692066,5680
692222,10704
692378,8623
692531,9470
692682,10092
692843,9676
693005,9666
693155,9268
693303,9024
693459,8763
693607,8510
693758,7133
693903,7993
695191,13591
695361,7662
695514,7602
695671,9185
696231,12740
696395,12525
696547,11306
696699,12458
696859,12926
697023,16904
697193,14673
697359,11736
698897,14140
699061,13377
699212,12744
699378,15584
699531,17520
699683,12810
700040,16743
700263,16219
700423,16259
700590,16041
701096,15828
701262,13641
701420,7446
701587,7433
701753,8594
703463,21449
703486,20295
703658,20289
703812,34024
703977,34422
704128,34324
704278,19323
704428,18974
704579,18367
704942,16175
707251,16403
707434,14497
707602,38028
707760,37716
710479,35254
710628,38406
710771,37452
710912,37228
711044,37004
711174,36771
711310,37609
711443,20568
711574,19518
711710,32441
711849,26364
712282,31527
712558,21536
712701,25245
712941,25222
713106,25168
713240,24871
713380,25593
713514,24388
713643,23266
713774,18137
713920,18042
714053,17129
714180,17106
714323,17063
714455,7360
714585,23413
714713,23181
714874,18439
715011,14172
715141,18101
715272,10707
715408,10514
715541,19245
715669,11348
716181,29502
718191,40526
718420,40425
718568,40368
718711,40316
719309,39993
719506,39026
719704,38924
719891,33290
720113,39013
720444,38774
720589,31762
720777,31316
720946,32107
721146,31644
721285,31178
721447,31500
721649,30979
721954,30756
722132,30413
722268,29741
722413,29763
722743,72777
723007,73949
723130,73876
723245,74157
723437,74283
724412,74475
725078,60267
725270,61379
725449,60618
725588,60632
725732,48350
726006,48499
726129,48547
726670,48403
726916,48553
727074,48115
727330,14625
727567,24215
727752,23247
728024,23887
728323,15731
728522,23735
728697,20456
732045,47056
732884,48705
733055,48898
733200,45538
733331,49134
733470,49322
733605,48296
733737,45835
733898,45737
734122,46175
734258,46927
734403,23827
734538,33955
734668,33938
734802,43439
734860,39106
734995,24390
735134,24346
735264,25134
735396,27268
735531,27226
735663,28173
735793,27979
735955,28039
736095,27825
736227,26751
736359,27080
736492,27149
736629,26524
736758,26498
736872,26473
737012,26511
737148,26570
737280,19846
737408,19819
740204,53695
740381,54319
740550,55899
740704,55818
740894,56164
741051,56400
741209,56581
741371,57063
741537,56954
741699,57274
742056,59362
742216,52395
742366,52578
742515,53206
742673,53244
742847,53407
742997,53073
743154,52967
743311,52550
743465,52146
743636,51773
743954,51373
744168,51056
746249,49420
746413,49893
746548,50098
746683,50615
746818,50533
746967,50699
747100,51705
747230,37886
747364,38159
747495,38267
747633,39995
747762,39140
749237,41712
749402,39792
749572,41510
749731,38682
750181,38335
750338,38747
750497,38924
750660,40733
750813,40702
751135,59566
751299,59755
751457,59733
751616,59797
753910,57642
754082,57553
754250,57536
754404,57475
754555,57725
754713,54250
754869,48723
755022,48797
755175,49321
755326,49772
755474,49676
755624,50830
755775,48260
755899,48723
755950,48976
756003,48483
756889,49504
757046,49460
757416,51089
757570,50990
757730,50919
757903,50798
758064,51068
760071,41399
760235,36670
760473,26292
760652,26372
761237,26521
761400,27897
761553,48745
761723,47028
761884,37836
762080,37005
762231,37696
762372,37864
762503,38861
764072,37724
764240,37641
764980,36953
765142,37330
765301,41890
765457,39522
765614,37189
765763,37301
765921,37094
766070,36895
766218,36944
766380,36534
766536,35885
766699,35622
767300,35813
767464,35977
767618,18307
767785,49527
767935,51780
768100,49132
768260,48861
769117,49087
769262,49259
769402,49387
769525,49793
769980,49684
770134,49760
770250,51333
770887,41547
771061,42460
771220,42730
771379,42748
771543,42826
771708,42757
771885,42833
772044,42755
772287,42812
774238,41278
774884,40966
775233,40738
775657,40744
775944,39336
776642,39511
777394,32750
778410,32236
778900,33259
779234,29951
780321,29086
780569,29482
780731,28925
781401,28129
781744,28089
782127,28362
782288,27908
782612,27636
782960,23643
786387,26467
787919,31065
788951,28788
789929,23159
790893,25366
791697,19212
792910,18557
793090,17779
794370,27295
798605,17894
802108,16040
804351,18222
806789,16293
807230,14981
807313,15096
807713,14489
808084,14642
813498,11426
813652,11258
813776,9788
814016,10458
814161,9793
814372,9324
815106,9003
825385,5492
825576,5169
825739,5701
826228,4764
826503,5183
826662,4909
826970,5282
827135,4960
827304,4650
828294,5932
828314,5448
828467,4786
828664,5923
828830,4587
829033,11109
829192,10730
829364,7998
829524,8041
829693,8368
829998,10044
830171,9921
830329,9663
830494,9423
831105,6830
834644,5547
834879,7543
835028,7446
835192,7054
835339,7002
835477,4763
835606,5901
835741,4919
835891,4692
836013,4947
836128,5548
843706,6659
844425,9218
844950,5776
845131,5375
845300,5319
845461,8898
845614,5521
845763,7297
845927,8116
846079,8055
846229,8003
846386,8082
846535,4337
846688,9760
846847,18540
846907,9335
847056,9294
847210,5947
847363,9201
847528,9288
847686,21459
848051,17446
848879,14256
849039,34100
849206,18875
849366,18830
849532,18759
849698,18879
849865,18989
850022,18926
850177,18490
850339,28768
851232,24478
851392,24369
851542,24268
851707,23951
852877,15605
853231,25667
853389,14998
853548,25046
853707,15044
853820,28100
854961,20259
855134,20370
855294,30407
855448,37517
855608,37973
855762,26635
855905,13298
856070,26426
856880,25808
857902,24691
858075,24707
858231,24663
858396,24794
858549,20148
858708,34575
858893,34002
859060,33882
859217,34259
859377,33956
859543,33985
859703,33428
859866,35206
860025,34690
860190,34934
860347,32202
860680,46237
860869,46492
861700,45385
861869,45668
862024,45904
862190,45793
862356,45679
862521,40854
862678,31246
862965,30811
863253,30477
863392,30440
863523,36622
864025,30135
864192,18088
864253,34333
865209,31602
865601,62855
865774,62672
865943,44391
866115,45645
866273,28495
866428,43468
866587,27623
866749,37823
867092,48224
867258,48710
867422,29220
867584,25600
867738,22200
870366,22868
870520,23741
870655,40869
870795,25966
870882,40688
870930,39767
870978,39926
871028,40157
871075,40546
871116,41326
871165,27476
871207,50840
871247,27857
871294,50258
871344,52659
871393,50549
871422,57698
872061,38946
872226,43343
873535,36462
873665,50978
876306,46123
876459,47480
876596,47629
876728,35623
876875,49097
877010,47373
877140,47739
877272,48880
877408,48940
877542,49036
877675,48952
877812,50527
877896,50503
877929,63625
877959,62239
877983,62205
878987,61489
879203,61380
879985,62284
880149,62905
880303,63405
880456,63656
880544,63431
880790,59217
881071,63704
881233,62438
881386,62663
881551,70929
881720,62496
882028,62369
882972,65566
884058,56298
884251,56511
884457,56857
884617,56834
884763,56917
884947,57118
885068,57246
885244,57205
885431,57459
885568,57532
885760,57741
885945,49261
888468,49509
888904,49237
889064,43520
889199,58324
889332,50926
889437,51738
889576,43386
889768,44472
890037,43000
890175,44249
890315,44404
890448,44641
890643,42729
890704,45904
891128,45461
891265,44289
891397,44261
891535,44947
891670,44221
891802,34767
891854,46661
891996,32545
892129,32671
892260,32985
892388,32299
892585,33815
899682,45123
900074,43244
901314,36026
901893,36384
901953,40155
902067,37851
902354,38717
903587,35772
903772,28283
903934,38770
904092,34745
904245,25486
904406,42306
904977,25282
905134,25284
905291,25306
905446,41123
905605,29250
911018,20029
911550,19865
911914,20856
912631,20260
912977,39786
913336,39544
913574,43720
913602,35835
913817,41732
914053,37366
914131,38282
914237,35875
914377,35452
914511,38135
914542,34210
914885,37819
917052,35528
918195,33683
918256,35214
919894,30268
920052,30163
920184,30778
920366,30926
920552,31148
920723,31048
921191,29492
922075,32286
924034,28387
924419,28635
924742,25740
925063,27160
925279,23527
925986,20890
926179,27960
934910,24171
935231,24186
935376,23294
935704,24495
935924,22857
936056,23514
936185,23453
936681,17853
945218,9438
945427,8781
946327,11956
948079,13436
950214,11446
950867,8431
952530,8191
952689,8548
952836,7736
953648,6400
954730,5894
956019,6188
957420,5570
957502,12954
957536,5951
957570,15491
958136,15613
964510,7686
964803,7314
964914,4228
964933,4675
965014,6620
965076,7500
965128,6301
965195,13073
966415,3842
967559,11378
967625,6081
967855,8802
968014,5787
968210,6106
968295,5357
968429,5939
968510,6891
968591,6928
968664,9322
969400,10156
973338,5658
974009,5932
975986,4175
976344,7261
976488,3729
976685,4465
976872,7868
977016,7946
977150,5157
977341,6937
977480,7209
977967,10636
979724,11533
980499,11239
980548,8001
980627,8454
981290,8013
981437,7248
981631,7318
981802,9890
981854,7147
982008,7890
982143,9437
982334,11069
982478,10600
982620,12888
982793,11588
983207,10545
983353,10893
983630,9147
983805,8122
983883,8582
984024,9138
984371,8888
984506,10102
984772,10301
985085,11499
985250,11188
985395,9809
985564,9254
985918,10456
997268,5436
997462,5857
997629,4721
997784,4327
997926,5236
998278,9715
998538,7363
998775,4684
999052,5969
999230,7908
999386,7075
999534,7004
999818,12035
1000410,5650
1000565,4966
1000717,5499
1001119,11570
1001174,13932
1001432,8694
1001738,4547
1003820,10183
1004302,11311
1004477,11020
1004668,9232
1005219,10223
1005376,9958
1008088,10796
1008274,7743
1008367,7665
1008433,6433
1008650,10061
1008925,7222
1009089,7177
1009761,7842
1009911,6276
1010214,7682
1010468,7321
1011173,6907
1011423,7237
1011597,7336
1012127,6635
1013062,5748
1014420,4244
1014594,6321
1014750,6155
1014951,6304
1020268,4448
1020460,6311
1020580,5621
1020983,5545
1021510,4302
1021920,4791
1022620,6314
1022767,4539
1022801,6241
1022959,7996
1023211,4490
1023358,5733
1023490,5722
1023624,5367
1023761,5377
1023890,5372
1024871,6810
1025041,7002
1025165,6227
1025539,5673
1027019,6465
1027443,5989
1027884,5418
1030073,3861
1030599,5656
1031126,5624
1031179,5406
1031422,5234
1031713,4403
1032076,5584
1033048,5195
1034747,4628
1035422,3897
1036299,4296
1037020,4035
1037118,3432
1037989,8120
1038126,9948
1038147,4238
1038165,13026
1038464,3869
1038530,4261
1039553,4495
1041084,4441
1041247,4797
1041398,5100
1041518,5410
1041646,6136
1041786,10702
1042028,8185
1042171,7967
1042416,8186
1042624,11020
1042831,9018
1042974,10572
1043228,9692
1044118,8603
1044398,11101
1044538,10198
1044673,10524
1045090,12452
1045231,13942
1048187,8842
1048331,10545
1048349,9074
1048442,11491
1048527,9067
1048767,8876
1048968,9091
1049154,5860
1049895,9049
1050253,8797
1050435,7996
1050646,7975
1051036,7296
1054138,6444
1055291,17289
1055806,13545
1055886,4022
1056071,10309
1056203,9383
1056345,6215
1056512,9968
1056643,8286
1056784,9450
1057055,9077
1057876,9024
1058457,8160
1058758,7947
1061473,5675
1062709,6391
1062921,6153
1063086,7008
1063257,6777
1063430,6803
1063891,8058
1064333,6222
1064540,5604
1064699,6597
1064988,8111
1065151,6211
1065415,8046
1066230,8449
1067402,7022
1067575,7835
1067784,7852
1069798,5962
1071994,8049
1072439,5421
1072596,4970
1072736,7952
1072927,9008
1073137,7994
1073299,6852
1073673,7876
1074108,10789
1074288,10276
1074478,9522
1074600,7957
1074800,6982
1074949,7827
1075099,9678
1075241,7919
1076378,9744
1076564,9503
1076806,14300
1076962,10124
1077103,12815
1077224,12893
1077393,8613
1078503,16536
1079810,17241
1079865,10915
1080223,13638
1080381,13540
1080520,13546
1080725,13394
1080891,13655
1080936,10100
1081015,12606
1081221,14392
1081637,13132
1084169,15484
1084597,10782
1085081,12191
1085230,10931
1086164,10226
1086681,12741
1088294,10923
1088447,11730
1088584,9840
1088721,9450
1088867,9509
1089013,9206
1089150,8565
1089296,10401
1089434,11495
1089571,10222
1089733,10865
1089931,10343
1090346,9135
1090551,10698
1090868,9116
1091151,7935
1091308,7246
1091593,9790
1091804,6871
1095620,6285
1097980,9456
1099061,5312
1101598,3720
1102413,3479
1103477,5145
1103580,7725
1103746,6997
1103873,5500
1103980,17032
1104026,7452
1104157,7197
1104317,7228
1104742,7048
1105000,6726
1105132,6477
1105272,5943
1108761,10770
1108974,13973
1109180,7010
1109574,11334
1109736,7260
1109917,9735
1110094,10234
1110243,9863
1110411,10065
1110578,9639
1110992,9010
1111894,7866
1112178,6095
1112377,7515
1112585,9263
1112866,8871
1113024,8513
1113167,8474
1113672,8983
1113885,20556
1114027,19770
1114270,26354
1115196,15279
1116311,17697
1116568,19368
1116630,13081
1116716,27652
1116794,24359
1117184,17194
1117498,17078
1117676,27103
1117756,22462
1117816,24662
1117893,16417
1118073,16433
1118388,21859
1118569,22704
1118638,26038
1118754,22572
1118942,24988
1119140,22861
1119146,24840
1119321,21624
1119499,21851
1119903,24148
1120904,28070
1120966,28064
1122481,22183
1122732,9240
1123043,21244
1123269,15949
1123436,15730
1123499,20947
1123601,15795
1123702,16204
1124193,14289
1124416,14119
1128193,21776
1128619,22605
1128912,21278
1129134,20909
1129293,20992
1129447,21270
1129585,22753
1129743,13271
1129900,17798
1130036,14732
1130168,14410
1130304,7857
1130449,7903
1130591,7994
1131080,18225
1131220,18681
1131370,20174
1131506,19116
1131640,19334
1132335,10576
1132379,10685
1132753,16804
1133317,16387
1133363,17666
1135848,19462
1135990,20912
1136267,20844
1136452,20212
1137936,11780
1141357,13151
1141530,17449
1141741,13912
1141880,13919
1142179,11970
1143168,12755
1143287,11710
1143525,8944
1144062,7614
1144295,7628
1145193,8116
1145419,8358
1154857,6064
1154929,9330
1155028,5172
1155350,6788
1156042,5867
1156242,5772
1156369,5696
1156698,6408
1156945,5018
1157144,5362
1157367,9447
1157414,12734
1158683,8523
1158878,6735
1159009,7761
1159053,8827
1159212,14734
1159260,15634
1159445,14576
1159581,14525
1159717,9091
1159884,7338
1162602,5076
1162780,5450
1167290,7500
1167324,7523
1167506,10537
1167780,8339
1168541,4767
1168648,5495
1168778,10705
1169193,4474
1169521,7518
1169873,4784
1170023,5338
1170166,6172
1170519,9898
1170559,9944
1170595,9957
1170635,9967
1170676,10008
1170711,10024
1170745,9567
1170777,9588
1170811,8396
1170914,6467
1171192,6442
1171670,9464
1176127,6553
1176239,8451
1176289,14561
1178093,10552
1178173,6321
1178397,6283
1178761,5833
1178875,11289
1178901,14213
1178929,10985
1178987,5992
1180803,8972
1181886,8387
1182457,7949
1182802,12259
1182970,11906
1183146,14112
1183316,10464
1183574,11588
1183735,10397
1184055,10719
1184276,10277
1185916,8760
1186097,8367
1186261,8704
1186573,8683
1186745,10963
1186890,10769
1187110,10648
1187409,8260
1187626,9964
1188195,8859
1188431,7122
1188722,8549
1188776,16000
1188992,7093
1189272,22435
1189331,19825
1189389,19823
1189438,19377
1189490,19486
1191933,19307
1192104,21603
1192287,19053
1192472,18928
1192626,12859
1192780,17974
1192951,18139
1193102,12818
1193299,17508
1193467,17449
1193627,11926
1193781,17183
1193965,16901
1194227,18872
1198574,12616
1198734,15128
1199009,12281
1199161,11853
1199304,11835
1199441,11227
1199583,10507
1199720,8300
1201092,13546
1201272,15667
1201534,13357
1201694,13490
1202688,11475
1202725,11446
1202757,11051
1202793,13824
1202895,11289
1203057,8659
1203209,11492
1203358,11668
1203489,13580
1206912,12626
1207138,13678
1207348,14422
1207599,14379
1207729,12840
1208034,13872
1208181,13437
1208429,13648
1208694,11377
1208854,10444
1209241,9842
1209391,11405
1209646,9969
1209876,8854
1213189,6191
1217395,4051
1218022,3583
1220039,3717
1220327,4058
1222269,5635
1222442,5583
1222634,3769
1222858,4118
1223473,3825
1224473,3657
1224777,4311
1224814,6120
1225052,7142
1225477,6835
1225652,5347
1225788,7267
1225860,5649
1226151,4270
1227051,6684
1228710,7937
1229746,8252
1230561,5197
1231045,4299
1231726,6157
1231813,6854
1232267,7321
1233516,8383
1233893,5665
1233993,7197
1234243,6764
1234537,7508
1234838,12443
1234947,6813
1235046,9890
1235118,6348
1235189,9566
1235286,6605
1235414,10509
1235499,8398
1235575,11317
1235647,10971
1237079,9201
1237296,9912
1237361,9990
1238379,7521
1238506,8629
1238680,6810
1239670,7768
1242216,5317
1243144,5346
1243272,4779
1243688,4622
1244370,4772
1244432,4338
1249202,4281
1249227,4741
1249411,4374
1249458,4222
1250195,4112
1250225,4018
1250434,4095
1250491,8973
1250737,8942
1250866,3428
1251468,8138
1251918,5803
1252373,4020
1252774,5313
1255031,5561
1255059,5893
1255277,6065
1255287,6558
1255901,6300
1256031,5682
1256398,4314
1256709,5440
1257094,5238
1257336,4863
1257397,6088
1258238,4681
1258895,4980
1259478,5251
1259921,5679
1259961,3961
1260810,5808
1263520,5475
1263727,4481
1264036,4565
1264265,4670
1264432,4118
1265944,3690
1266127,4159
1266239,3825
1266440,12789
1267222,3372
1267465,3377
1267862,6742
1268020,5729
1268249,7358
1268389,7830
1268637,6829
1268778,10321
1268969,9680
1269114,9223
1269260,9907
1270038,7410
1270234,8197
1270386,9470
1270505,8781
1270636,8146
1270768,9808
1270954,9370
1271096,9206
1271554,8235
1271711,7177
1271859,6735
1275465,5474
1275705,5609
1275723,5849
1275885,5845
1276484,4657
1277161,4402
1277908,4525
1278921,4011
1279840,5114
1280101,4117
1283145,4821
1283164,9737
1283339,7636
1283446,7512
1283686,6235
1283817,5487
1284275,5836
1285381,4901
1285581,4143
1286134,6257
1286208,8585
1286660,5779
1286753,3778
1287261,6627
1287619,7792
1287687,8240
1287818,8976
1287907,7766
1288733,8277
1288871,7335
1289360,7259
1291493,17828
1291608,13179
1291747,11347
1291910,11897
1292639,11591
1292745,11383
1293122,11055
1293208,8226
1293667,7339
1293864,10561
1294027,6419
1294237,17696
1294594,16366
1295446,14045
1295713,14548
1296694,13009
1297429,12420
1297708,7057
1298311,11754
1298451,13669
1298786,7290
1298842,8075
1299073,8912
1299458,7681
1299780,6867
1299919,6781
1300608,9332
1300814,10091
1301044,7641
1301313,8566
1301471,10314
1302096,8527
1305352,7248
1305598,5597
1305879,10783
1306126,10439
1306337,9916
1307810,7969
1307875,8273
1307897,8192
1307960,7586
1307979,7512
1307987,8526
1312927,4561
1313207,3680
1314107,4157
1314189,8552
1314333,10997
1314459,7242
1314630,12269
1314778,10686
1315908,9494
1318096,5533
1318854,5154
1319042,5352
1319940,9450
1320076,7906
1320196,7368
1320329,9132
1320498,9016
1320521,13255
1320561,11438
1320618,15501
1320640,15076
1320969,8645
1321262,6631
1321411,8153
1321672,9604
1321852,10330
1322026,11612
1322177,12451
1322332,13673
1322494,10782
1322658,10346
1322807,12387
1322868,10633
1323126,12780
1323171,12386
1323203,11558
1323236,12149
1323269,10974
1323348,9115
1324184,12808
1326956,8728
1327189,9849
1327338,4398
1332145,3986
1333019,3426
1333783,5671
1334077,5838
1334282,4024
1338107,4869
1338167,4589
1338410,4151
1338732,5156
1339044,3484
1339065,5501
1339682,4566
1340360,3898
1340423,11887
1340694,11243
1340731,10786
1340794,10794
1341116,11431
1341265,11842
1341625,10751
1341786,10648
1341996,11528
1343844,4064
1345239,8774
1345441,8337
1345597,8579
1345756,5666
1345974,10162
1346248,4801
1346607,7917
1346860,8230
1346870,6647
1347100,7247
1347108,6953
1347481,6288
1347902,7135
1348956,7451
1349147,6042
1349314,5826
1349949,4267
1350126,5167
1350528,6580
1350736,5196
1352050,6477
1356661,3549
1357599,4141
1357875,4692
1359118,5188
1359342,3772
1360808,5721
1361039,3884
1361200,6392
1361350,5548
1361570,5724
1361916,6214
1362070,4698
1362190,4139
1363305,4194
1363474,4778
1363617,4765
1363758,5633
1363929,5402
1363990,6291
1364145,6191
1364302,6101
1364476,5798
1364635,5246
1366488,4151
1367404,3634
1368671,4564
1368821,4348
1371635,5954
1371903,4775
1372061,5356
1372379,4898
1373052,5515
1373431,4956
1373459,4707
1374705,4194
1374780,4802
1374815,5789
1375153,4751
1375280,4727
1375539,5011
1376105,4077
1376609,5983
1376661,4609
1376701,6949
1376922,5782
1377313,5598
1378876,5733
1380254,4833
1380622,5647
1381348,10447
1382016,5713
1382370,4851
1383298,4074
1384543,3813
1385388,4611
1385640,5507
1385682,5126
1386668,6509
1386810,5160
1388176,6129
1388423,5582
1388494,4496
1388830,6551
1388855,7183
1389674,8981
1389740,6527
1389803,9704
1389910,3709
1390054,4148
1390520,5395
1390846,4610
1391495,4701
1391878,8439
1391918,8250
1392298,7467
1393764,5797
1396557,7869
1396580,6024
1396757,6235
1396802,6256
1397518,5654
1397711,6161
1398689,4886
1400774,8128
1400898,4513
1401282,3817
1401753,4467
1401793,6222
1402053,6209
1402253,5827
1402468,7657
1403739,5384
1403920,7321
1404101,5960
1404371,5894
1404740,5170
1404975,6422
1407147,4328
1407512,4420
1407813,5649
1408236,4520
1408343,4398
1408438,5374
1408743,4467
1410309,3265
1410912,5973
1410954,4323
1411122,6240
1413940,4096
1414003,6005
1414453,11777
1414672,6680
1414860,3533
1415033,11046
1415171,4906
1415812,5466
1416014,11849
1417005,10166
1417276,8886
1417529,14354
1417639,9482
1417814,10575
1419576,4447
1420232,5262
1420557,4414
1420980,11520
1421124,5019
1421168,17738
1421292,8658
1421574,12298
1421696,13171
1421804,11310
1421982,23978
1422244,23416
1422511,20728
1422999,7301
1423135,6819
1423267,7199
1423891,21537
1424059,21961
1424172,18135
1424555,20968
1426321,20211
1426486,18104
1426627,11344
1426768,12102
1427431,22384
1427658,10396
1428400,18073
1428549,17723
1428697,17691
1429290,16805
1429418,9705
1429551,17037
1429739,13805
1430003,16328
1430140,11800
1430375,16878
1430860,16076
1431022,18344
1431201,16701
1431341,17066
1431476,17010
1432091,16552
1432262,22683
1433199,15370
1433361,19135
1433525,19700
1433687,22098
1433975,22268
1434138,15311
1434742,23912
1434794,25222
1434859,26663
1434916,25524
1434969,37313
1436668,14813
1437284,16163
1437472,19140
1437656,17184
1437857,21211
1438166,16074
1438359,14248
1438536,19520
1438711,22589
1439016,16664
1439379,21992
1440925,8759
1441120,20356
1441298,20417
1441472,20099
1441645,20022
1442414,19206
1442594,18831
1442811,9903
1443051,20584
1443350,18793
1443650,17580
1445226,13682
1448475,23334
1448700,21437
1448925,25658
1449110,25953
1449497,26312
1450983,25081
1451157,25132
1451317,25730
1451470,27257
1451625,29064
1451780,22111
1451887,30012
1451945,26698
1451998,27130
1452047,23327
1452100,23415
1452151,24497
1452206,23252
1455027,22081
1455218,25579
1455389,26642
1455881,27237
1456333,26760
1456495,27405
1457034,30888
1457192,24353
1457908,32049
1458068,24057
1458232,31116
1458383,35118
1458533,21092
1458730,21304
1458990,20777
1459180,20994
1459333,21942
1459482,31431
1459638,31524
1459856,34801
1460115,32302
1460273,32381
1460531,41407
1460689,33104
1460889,33364
1461051,38279
1464534,30064
1465895,25610
1466038,28916
1466070,26106
1466239,26803
1466401,27021
1466562,24886
1466720,25280
1466768,39968
1466893,27949
1467061,27981
1467557,28840
1467674,29484
1467845,29216
1468003,27366
1468162,28508
1468326,27600
1468524,32730
1468535,28711
1468683,40245
1469459,37854
1469520,39994
1469818,38403
1470237,31307
1470411,28600
1470510,35326
1470653,28281
1470869,27804
1471531,39914
1471604,27277
1472392,18018
1472575,31047
1472737,31846
1472900,37430
1472907,36104
1473076,32969
1473301,33254
1473496,33596
1473549,33425
1473606,33634
1474730,33823
1474785,22404
1477202,30575
1477373,31046
1477531,30795
1480561,25646
1481061,33408
1483442,30156
1484193,20210
1484347,19422
1485879,18328
1486205,20098
1486389,28397
1486532,28035
1487276,19197
1487441,19975
1488311,28343
1488448,28260
1488854,28071
1488869,24871
1488897,28083
1488925,27199
1488944,27814
1488963,27090
1488983,25069
1489002,25425
1489045,26945
1489132,28765
1489167,22468
1489214,22556
1492028,19932
1492882,19923
1493215,20557
1493338,28508
1493571,28357
1493901,27372
1494423,27326
1497327,22036
1497759,21871
1498021,21797
1499930,20279
1500086,20436
1500223,18020
1500360,17980
1501252,10243
1501599,16633
1502006,17380
1502149,14820
1502228,15726
1502341,14987
1502432,16575
1503138,14768
1504611,12665
1504684,12440
1504976,11947
1505125,11948
1505363,10365
1505635,12412
1515353,7162
1515542,6920
1515984,5530
1516131,5626
1516354,9343
1517991,7988
1518509,7411
1519897,4233
1522019,3779
1522363,7539
1522616,6923
1522948,5384
1523144,5256
1523342,5603
1526914,3639
1526923,5205
1527795,3964
1529820,5306
1530191,4261
1530359,3897
1531164,6006
1531360,5874
1531483,7685
1531596,8659
1531734,7870
1531881,7009
1532028,6147
1532174,4634
1532391,6630
1532555,7344
1532731,6723
1533043,7512
1533168,6992
1533313,7166
1533456,3998
1533923,4444
1534064,4629
1540752,4154
1541889,4356
1542377,6316
1542582,6280
1542631,5910
1542843,10382
1543011,10279
1543167,10398
1543318,8680
1543478,9886
1543629,9523
1543780,9301
1543943,9220
1544106,9597
1545110,10599
1545289,10486
1545443,10956
1545593,9057
1545749,13182
1545939,8358
1546110,9419
1546339,12050
1546507,8672
1546669,9648
1546836,9198
1547002,10936
1547173,10633
1547461,10624
1547576,10686
1547892,11038
1547928,6938
1551190,12879
1551852,13334
1552128,7747
1552326,10067
1552490,8767
1552609,13691
1552741,11818
1552905,11775
1553244,12119
1553378,11861
1553426,10478
1554525,9531
1554782,9507
1555354,11012
1555491,7930
1556485,7107
1556618,6367
1556762,6304
1557104,9089
1557323,10697
1557444,8515
1557584,10376
1557741,9253
1557882,10022
1562192,3821
1562508,5462
1562983,6340
1563137,8042
1563385,5434
1565487,6061
1566777,4335
1566963,4009
1567116,5971
1567258,5798
1567392,5893
1567522,9288
1567652,7015
1567805,6621
1568454,11803
1568678,7885
1569098,5513
1569353,5624
1569580,5626
1571817,4959
1572188,4126
1572913,5569
1573120,5271
1573315,11609
1573735,9168
1575645,5928
1575799,6400
1576029,9460
1576156,7440
1576328,9830
1576474,7755
1576617,8486
1578856,6569
1579013,7270
1579202,7018
1579343,7174
1579474,7996
1579652,8095
1579678,8231
1580000,7611
1580556,6815
1581036,6937
1581608,9618
1581753,9702
1581871,7697
1583044,6944
1583183,7400
1583384,6667
1583528,7627
1583694,6951
1584020,5707
1588150,3805
1588619,5563
1588747,7193
1589020,5502
1589169,6741
1589307,5488
1589446,5456
1592267,4645
1593415,4026
1593668,15038
1594606,8964
1594986,12582
1595142,7676
1595296,8332
1595629,7191
1595926,7520
1596097,7705
1596229,4490
1598060,17610
1598160,3867
1598736,5200
1598750,10671
1598776,14547
1598795,18127
1598855,19137
1598891,18907
1598911,18600
1598949,18346
1598951,5220
1598986,18114
1599019,22320
1599064,22668
1600008,11472
1600203,8093
1600402,10990
1601007,5922
1601193,9356
1601641,20484
1601697,17648
1601747,20641
1601793,17779
1602441,9125
1603283,7100
1603560,7464
1604412,12224
1604509,9536
1604586,5542
1604926,8848
1605266,8228
1605445,13993
1605617,14334
1605790,16553
1605980,12509
1606793,12726
1606876,11753
1607405,10752
1608680,11219
1612597,11017
1612727,12856
1614248,13798
1614299,12239
1614458,12199
1614609,11992
1614965,11160
1615207,12725
1615262,11493
1615760,12780
1616117,11890
1616367,11361
1616652,12208
1616973,10259
1617297,10599
1617711,6467
1619625,7949
1620656,7988
1624433,3668
1624658,4760
1624942,5009
1625546,5573
1625729,6373
1626160,6897
1626711,6203
1627407,6496
1631603,4568
1632119,3561
1632142,4394
1632184,6214
1632418,5057
1633088,8518
1634216,8019
1634364,6708
1634377,9961
1634629,7039
1635516,8512
1635892,3485
1636222,7163
1636370,4830
1636597,7905
1636874,5547
1636963,6201
1637141,7637
1637189,6115
1637418,6893
1637803,8110
1638392,6971
1638709,6214
1639082,7826
1639301,9684
1639559,5182
1639753,5834
1640398,5914
1644913,4573
1645031,4178
1645156,4654
1646438,4438
1646687,6899
1646974,5800
1647147,5292
1647230,4657
1647367,4446
1647579,6069
1647867,5023
1648456,6782
1648750,6032
1649927,5375
1650011,5462
1651062,3995
1651927,5025
1652500,4140
1652958,3874
1653146,5065
1653412,4723
1653560,4724
1653655,3621
1654492,5635
1654730,4465
1655026,5920
1655361,5264
1655500,5758
1655563,5195
1659400,3786
1660967,3242
1661657,3440
1662368,3959
1662450,3748
1663111,4263
1663208,4230
1663583,3621
1664069,3831
1664477,6379
1664526,5976
1664551,4026
1664732,6338
1665206,4708
1665874,4574
1667384,4529
1667516,3964
1667735,4370
1668618,3647
1668754,5869
1668949,3701
1669410,5591
1669434,4980
1669882,5398
1672737,3921
1672809,6241
1673339,5587
1674374,6714
1674554,6953
1674717,7917
1675095,4655
1675285,5218
1675411,4117
1676097,3598
1676698,5806
1676712,5859
1677443,4931
1677463,5995
1677816,4997
1677908,7287
1678221,6467
1678257,6510
1678309,5564
1680594,5672
1680721,5874
1681189,4289
1682413,4334
1684320,6155
1684495,4999
1685358,5378
1685578,4572
1685681,4899
1686381,4670
1686533,3877
1686919,3725
1687407,4183
1687537,4068
1687660,4482
1688751,4938
1688934,4975
1691284,4850
1691435,5077
1691911,4838
1692191,4835
1692739,4076
1692891,3627
1693335,5353
1694209,4625
1694232,5017
1694391,4152
1694545,7226
1694717,5322
1695595,4514
1696717,4178
1697023,6574
1697078,3373
1697185,4003
1697919,5997
1698051,6038
1698236,5455
1700683,4722
1700873,4157
1701025,5175
1701743,4397
1702009,5696
1702125,6315
1702192,6598
1702262,6785
1702345,5535
1702408,3882
1705940,3726
1706340,5909
1706488,7206
1706630,5179
1706780,10246
1707128,6910
1708012,5930
1708171,6418
1708340,8363
1708481,6890
1708630,7177
1708819,6685
1708984,9750
1709244,5697
1709453,7179
1709638,8478
1710411,7280
1710589,8507
1710774,7692
1710940,7390
1711059,6219
1711172,8474
1712181,8379
1713183,7275
1713725,6226
1713972,4683
1714388,4609
1717536,3632
1718281,5786
1718667,5518
1719256,3907
1719610,7775
1720077,6677
1720360,5129
1720495,5962
1720802,5283
1720886,4906
1721658,4207
1722889,3707
1723757,7334
1726333,5482
1726537,4856
1726907,4497
1726980,5946
1727116,5115
1727848,4790
1727888,9269
1727943,9141
1728496,5568
1728786,5266
1729184,11013
1729222,7460
1729389,14578
1729518,5837
1729593,5436
1729663,7148
1729793,19438
1730444,5471
1730581,19466
1730712,18451
1731044,8939
1731522,16183
1732005,7910
1732251,11658
1732745,8711
1734406,14890
1734578,13277
1738031,11332
1738247,8555
1738286,6857
1738423,4757
1738630,8118
1738717,9630
1738804,10310
1738912,7279
1742165,13916
1742202,4690
1743314,3728
1743982,3620
1744321,8252
1744693,5706
1744862,6940
1745278,5650
1745535,8458
1748440,5233
1748676,6801
1748909,7560
1749179,6848
1749351,7032
1749423,6335
1749604,6335
1750028,8965
1750460,10456
1750961,7436
1751202,5496
1754417,3679
1754534,3995
1754684,6104
1756207,9204
1756405,5942
1756559,9337
1756696,6356
1756740,7964
1758027,5464
1758184,6149
1758321,9674
1758869,6147
1759022,10795
1759360,4553
1759613,6522
1759876,6119
1760946,6980
1761206,4982
1761338,4897
1761467,7242
1762403,7491
1762556,6943
1762696,9477
1762841,6200
1763655,13684
1763872,13351
1764014,10295
1764151,10572
1764343,9704
1764467,10878
1764589,11846
1764759,11479
1765015,10229
1765162,10498
1765298,12452
1765592,10501
1769034,8559
1771376,6591
1771779,7123
1772049,5745
1773394,4246
1773818,5191
1774092,4868
1776301,5710
1776464,5420
1776607,6573
1776746,6631
1776895,6411
1777028,6217
1777161,5181
1780862,4119
1781209,5981
1781405,4898
1781451,6369
1783138,3933
1783567,4529
1783596,5419
1783756,5495
1784096,5366
1784211,4861
1784413,6470
1785032,4996
1785307,5748
1785370,4715
1785888,5463
1787373,3305
1787614,4650
1789677,3619
1789930,5660
1790138,8125
1790341,5941
1790463,5025
1790731,6620
1791267,7431
1791595,6000
1791760,5558
1791859,9127
1792328,5881
1792766,6643
1793633,7482
1793682,8010
1793728,8237
1794023,6899
1794322,7855
1794899,6071
1795265,7384
1797557,9200
1797739,6344
1797896,7701
1798041,7703
1798181,7276
1798327,9085
1798453,6876
1798573,8644
1798694,8050
1799046,6498
1799338,5359
1799968,5130
1801908,7035
1802399,6636
1802716,4334
1803034,6003
1803191,5528
1803369,4575
1805784,11231
1805885,11259
1807484,6203
1807624,9582
1807792,9286
1808002,8909
1808148,9621
1808290,7491
1808435,8823
1808561,8256
1808731,9870
1808877,6896
1809088,9565
1809233,8156
1809399,6947
1809534,9005
1809752,6742
1811963,7437
1812140,5167
1812461,6692
1812521,10625
1812575,12723
1812634,14025
1812689,13483
1812884,6798
1813632,10587
1813693,12550
1813973,5809
1817435,8884
1817585,6556
1817723,7934
1817877,8744
1818601,9435
1818755,8561
1819475,8155
1819662,7135
1820616,10900
1820853,9547
1821242,8481
1821409,8764
1821551,9566
1821695,7040
1821912,6877
1822070,5154
1822299,11186
1823469,5467
1823777,6751
1826388,6673
1828358,5055
1828383,4388
1828971,8047
1829102,5912
1829678,6046
1830030,8095
1830403,7873
1830854,6204
1831119,4380
1831343,6443
1831589,4661
1832004,5643
1832367,7894
1832887,9511
1833198,8438
1834046,7050
1834263,5631
1834387,5222
1834521,4954
1835078,4006
1839671,8130
1839928,15042
1840100,6130
1840245,11353
1840394,11854
1840540,12430
1840689,13200
1840862,12306
1841048,19039
1841188,16391
1841304,18445
1841433,14506
1841550,11487
1841698,12246
1841820,11285
1842973,12155
1843139,15248
1843294,15918
1843446,18254
1843517,15717
1843682,11394
1843862,6466
1844015,11010
1844166,11049
1844504,19348
1844555,18607
1846023,11852
1846327,16790
1846510,16695
1846684,14299
1847004,14434
1847176,9915
1847347,11062
1848809,14248
1848886,11618
1848934,14419
1848981,13526
1849039,11177
1849086,11565
1849137,10999
1849191,14057
1849287,10592
1849343,10241
1849396,11747
1854024,8621
1854181,9109
1854459,7326
1854608,9359
1855035,8538
1855185,7094
1855918,7993
1862830,4876
1864102,3686
1864582,3502
1864779,4478
1864928,4700
1865101,4359
1865246,4664
1865364,4792
1865495,4765
1865612,4207
1865740,4947
1866954,5475
1868640,3512
1870447,5458
1870728,4534
1872503,5904
1872900,9480
1873251,4991
1873402,4902
1873566,4789
1873733,8921
1873870,12394
1873992,8776
1874111,13221
1874239,8662
1874362,11194
1874503,9701
1874645,10825
1874777,10541
1874952,17398
1875099,10743
1875303,12273
1875935,7065
1876142,9932
1876431,8214
1876633,10842
1876774,13193
1876983,11540
1877154,16447
1877539,10148
1877907,10669
1878056,9762
1878637,9350
1878777,12175
1880451,14491
1880622,12893
1880793,12441
1880974,12122
1881136,12981
1881659,11511
1881856,11436
1882027,15068
1882203,8735
1884014,11207
1884293,11500
1884468,11152
1884629,13410
1884929,14302
1885093,9532
1885661,12188
1886094,7497
1889438,11866
1889604,12922
1889743,10239
1889893,5584
1890205,10116
1890248,13427
1890284,13636
1890321,13599
1890357,12085
1890392,11875
1890422,10479
1890453,15891
1890480,12419
1890811,9603
1897432,8513
1897460,8093
1897615,11286
1897792,10240
1898589,9145
1898744,9462
1899667,8625
1900149,5633
1900497,9903
1900946,11262
1901230,9945
1901363,8138
1901493,9582
1901530,10121
1901658,10008
1901681,9088
1901700,8034
1906343,5394
1906378,6043
1906905,3880
1907163,4921
1907527,5164
1907953,4839
1908451,5850
1909198,4410
1909764,5848
1909976,5519
1910241,4676
1913579,4662
1914014,6416
1914224,6915
1914376,5999
1914521,6292
1914596,5210
1914684,5953
1915801,5879
1916178,5334
1916328,5144
1916478,6249
1916622,5753
1916807,5212
1921183,6584
1921513,5395
1921890,5326
1922039,4951
1922176,5095
1922344,4698
1922480,6325
1922619,5494
1922762,5412
1923995,4744
1924126,3807
1924491,5971
1924889,5729
1925079,5170
1925289,5011
1925334,6109
1925489,5717
1925636,5422
1925670,5131
1926531,6055
1926673,6049
1926806,5726
1927053,6137
1932121,4068
1932909,3618
1933068,4008
1933394,3994
1933739,3437
1934134,4724
1934162,5829
1934326,4451
1934411,4696
1937390,4401
1938461,6356
1938597,5116
1938702,5384
1938970,5272
1939037,5375
1939191,5308
1941506,4980
1941628,8835
1941856,5113
1942001,4701
1942146,6594
1942292,6667
1942882,5071
1943641,3960
1944869,5529
1944907,7544
1945032,5760
1945211,4541
1945466,6736
1945512,6341
1945596,7242
1945719,5325
1945805,7130
1946104,5271
1946772,6351
1947054,5587
1947338,7690
1949808,5375
1949930,5172
1952084,3730
1953580,4650
1953972,4108
1954075,4611
1954468,5426
1955119,5678
1955675,3882
1955969,6143
1956110,7422
1956171,6511
1956189,6855
1956462,5658
1956979,6919
1957101,5863
1957209,6536
1957882,5918
1958593,5086
1959978,6106
1960024,5622
1960255,5739
1960359,5640
1960613,5503
1963158,3289
1963362,5781
1963406,5306
1963521,5003
1963719,5955
1963792,6693
1963891,5688
1964291,6751
1967168,8736
1967201,5155
1967342,4325
1967492,8237
1967763,5022
1968301,7663
1969032,8951
1969241,9985
1969412,7302
1969606,7581
1969753,7291
1970185,7747
1971108,6907
1971437,6123
1971625,5691
1971749,5376
1973750,6185
1974087,5902
1974224,5458
1975266,3664
1975999,5494
1976198,7810
1976368,6762
1976501,8682
1976645,7160
1976771,7867
1976894,5749
1976940,7206
1980846,5784
1980999,4743
1981135,4903
1981353,4367
1981541,7154
1981762,7780
1982694,6356
1982916,7025
1983046,5753
1983211,6905
1984257,5416
1984435,6582
1984583,5202
1986109,4512
1987000,4817
1987160,4125
1987479,4194
1987623,3802
1987756,4714
1988512,6201
1988880,6221
1989078,6080
1989228,4998
1989362,5292
1992566,4340
1993064,3513
1993212,3914
1993348,4832
1993547,6134
1994053,4671
1994277,5058
1995232,4502
1995874,3974
1996007,3979
1997460,4484
1997497,5719
1997749,5240
1997901,4157
1998789,7702
1999191,6910
1999358,5345
2000909,7738
2001026,6899
2001125,8175
2001317,5485
2001455,5559
2001574,5537
2001765,9458
2001894,9333
2002004,9465
2003179,10044
2003321,8194
2003491,14484
2003611,9024
2003748,11730
2003845,9582
2003978,9003
2004123,9465
2004306,11131
2004443,10809
2004575,11492
2005018,13135
2005167,13256
2005303,10919
2007437,9101
2007591,7679
2007729,7813
2007919,7849
2008066,7801
2008206,7920
2008490,8141
2008634,8706
2008774,9827
2012107,5326
2013744,6786
2013979,6650
2014135,6115
2014688,6073
2018231,4781
2018612,4486
2018660,3536
2021262,3963
2021311,3756
2021746,3719
2022345,3868
2022444,7958
2022965,8053
2023338,7842
2023474,6850
2023572,6887
2023663,6552
2023714,8092
2024248,8930
2024294,9948
2024366,9640
2027247,8927
2027281,6047
2027499,8423
2027728,8906
2027796,12317
2027889,12172
2028068,9927
2028262,10518
2028433,12325
2028603,8800
2028720,11321
2028858,8116
2028928,8258
2029454,11398
2029537,9881
2029958,11273
2031069,11935
2031166,10254
2031313,9035
2031632,7862
2031848,7968
2031960,9769
2032051,9585
2032499,8143
2032627,7465
2037581,4975
2038342,3980
2038543,5072
2039867,5129
2041002,4660
2041759,5324
2042765,4401
2043025,3144
2043182,3754
2043671,3810
2043820,4492
2043983,4769
2044363,3825
2046802,5731
2046855,6004
2047004,5982
2047336,8976
2047519,8383
2047658,7891
2047880,7917
2049304,7220
2049573,6159
2049709,8796
2050773,9737
2050919,11072
2051127,4832
2051622,5488
2051911,6027
2051918,7457
2052393,6917
2053245,7927
2053311,5284
2053492,4814
2053650,5084
2053672,5114
2055148,5415
2055988,11502
2056129,8510
2056343,8229
2056598,7921
2056761,6856
2056905,7987
2057519,6574
2057647,4909
2058337,7269
2059874,5322
2060905,6371
2062628,4190
2062751,5778
2063044,6541
2063130,6857
2063248,6215
2063472,6444
2063763,9132
2063875,7936
2064206,5832
2064263,5401
2065671,6696
2066510,5048
2066570,4711
2066606,7200
2066886,5305
2068798,6921
2068978,7076
2069134,6997
2069338,4848
2069498,7163
2070015,6650
2070317,6988
2070390,5682
2070771,7085
2074081,6417
2074225,4774
2074358,4751
2074791,5755
2074969,4226
2075290,5345
2075445,6755
2076721,4785
2077040,4600
2077376,6440
2078057,5291
2078212,4910
2078380,4169
2078429,6201
2079146,3896
2079675,4948
2083305,3360
2083387,3905
2083903,3293
2084235,4052
2084770,5686
2084881,3551
2085054,5404
2085200,3976
2085319,4623
2085702,5176
2085858,5278
2086784,5205
2087082,3884
2088961,4766
2089439,4133
2090241,5068
2090563,5437
2091199,4791
2091237,5573
2091464,5150
2091963,5825
2092532,7413
2092853,3729
2093504,3654
2093693,4681
2094187,5883
2094257,6170
2094432,4306
2094631,8853
2094953,6678
2095055,6890
2095239,7506
2095486,8287
2097472,6112
2097684,5233
2098319,4963
2098768,6674
2099000,6118
2099131,6041
2099487,5782
2100043,6065
2100287,8447
2100611,6138
2100731,7615
2100925,8695
2103909,7613
2103954,8756
2104217,5690
2104350,7563
2104615,8155
2105388,5514
2105965,6485
2105991,9941
2106024,10420
2106131,9189
2106275,7419
2106710,9174
2106923,8470
2107775,11203
2109044,6930
2109226,7433
2109457,14927
2109648,9284
2109853,9067
2110044,7364
2110202,6391
2110339,7700
2110471,11911
2113883,5423
2114533,7214
2115249,5471
2116123,6793
2116472,8253
2116701,5465
2116975,7110
2117121,7464
2117471,7793
2117868,7456
2118080,5363
2118241,8875
2118361,8298
2119351,6765
2119535,8396
2119670,6551
2119866,6209
2120594,5722
2121011,5886
2123930,8281
2124768,8238
2124818,8430
2124877,5394
2125389,7743
2125596,7149
2125940,6634
2128011,6736
2128408,8840
2129063,4678
2129243,4241
2129599,4065
2129635,8288
2129874,6607
2130024,5938
2130305,7712
2130699,8045
2130862,8765
2131116,7576
2131155,8417
2131754,7576
2131891,7385
2132243,7144
2135028,9094
2135197,9946
2135364,6533
2135585,10947
2135869,6720
2136008,5417
2136818,7408
2137049,7471
2137717,8437
2138114,6061
2138523,5667
2138778,8121
2139459,9907
2139656,7078
2139707,4909
2139906,11633
2140163,8657
2140300,8970
2140619,8136
2143639,12225
2144880,10765
2145181,8373
2145232,8420
2145335,8158
2145488,6555
2145645,8459
2145791,9346
2145847,10505
2145996,9270
2146183,10333
2146563,7530
2146914,7686
2146968,7324
2146986,8377
2147189,6078
2147326,6469
2150453,7043
2150807,5547
2151027,7508
2151170,7721
2151567,6677
2151626,6291
2155187,3771
2155423,9455
2156372,3818
2156414,5528
2156651,7311
2157067,7241
2157419,6943
2157525,5280
2160510,7226
2160531,6229
2160748,7170
2160902,6668
2161071,8073
2161208,4392
2161399,7147
2161623,6358
2161771,5615
2161931,6836
2162074,6323
2162134,6360
2162266,6930
2162311,4904
2162338,8978
2162603,6083
2166349,3953
2166652,6898
2169034,3881
2169455,3822
2169598,6759
2170014,9403
2170157,8317
2170329,8889
2170465,8902
2170623,8899
2170757,8513
2170844,8757
2170976,10423
2171109,8211
2171901,8315
2173012,12890
2173331,10260
2174080,11489
2174656,9233
2176034,16449
2176099,14092
2176351,9057
2176464,8784
2176632,12056
2176796,13356
2176966,13002
2177119,12977
2177271,12761
2177439,8018
2177445,7913
2177604,7700
2177760,8844
2178637,9999
2180964,6699
2181171,7941
2182051,6723
2182195,8092
2182371,11282
2182552,12907
2182721,10699
2182961,10068
2183104,17574
2183236,15097
2183368,8924
2183506,18139
2183637,17842
2183767,18816
2183908,16744
2184038,17977
2184178,15736
2184836,14596
2185072,16505
2185591,19144
2185737,16216
2186330,16463
2187190,16945
2187694,14453
2187867,16070
2188005,12495
2188287,12585
2188425,11699
2189074,12198
2190391,12582
2190546,12354
2190709,15702
2190883,13281
2191246,11156
2191394,13117
2195125,11696
2195565,8536
2195810,10585
2195998,9684
2196160,7553
2196771,11636
2196888,9609
2197281,6987
2197722,12884
2197989,10627
2198154,8035
2198535,7199
2198797,8906
2198985,7349
2199347,8804
2199607,7754
2205595,6309
2209456,3798
2209986,3436
2210422,5171
2210540,4234
2210630,5158
2210857,5699
2210931,5330
2211038,5258
2211268,5736
2211509,5705
2211780,5350
2211920,5110
2212223,5337
2212345,6291
2212391,5712
2212545,5408
2212686,4877
2213915,4894
2213970,4278
2217937,3526
2218358,4792
2221662,5377
2221884,9838
2221938,5368
2222046,5191
2222283,4676
2222401,5164
2223278,8510
2223589,5569
2224259,7797
2224655,7512
2225251,7093
2225467,8218
2225858,6955
2226032,7030
2226193,6285
2226351,6544
2226801,7133
2228203,6366
2228512,5089
2228777,7775
2229016,6481
2229205,6104
2229389,6116
2229592,8862
2229795,6889
2230270,8379
2230562,8336
2230908,6482
2233222,5683
2235227,4496
2235584,3590
2236102,4857
2236335,4437
2236928,3934
2237449,5260
2237615,6056
2237750,11393
2237897,7301
2238014,10166
2238126,9887
2238291,5128
2238483,9284
2238676,8880
2238949,5908
2239224,6245
2239485,7971
2239934,9038
2240668,8364
2241004,5801
2241292,7799
2242066,5594
2242165,5953
2244417,4374
2244583,5787
2245537,4266
2245579,5601
2245759,3956
2246111,5798
2246992,3649
2248286,5160
2249235,6132
2249384,5091
2249803,6344
2249869,4906
2250990,5235
2251158,5080
2251304,6216
2251655,4667
2252396,4006
2252572,4663
2253421,3529
2254604,4058
2254710,3544
2255051,5865
2257377,4928
2257564,3912
2258394,6337
2258554,6150
2259370,4798
2259480,4819
2259790,6627
2259908,3575
2260495,4620
2260658,4982
2260980,4537
2261165,5786
2261351,4877
2261638,5370
2261772,4803
2264033,4467
2264419,4002
2264456,5530
2264765,5290
2266358,4594
2267166,4261
2267469,4585
2267782,7438
2267911,5316
2267987,5374
2268032,5472
2268201,4697
2269127,4087
2270001,4639
2270392,4882
2270523,5329
2270670,5362
2272152,4727
2272307,4966
2272474,4629
2272887,4813
2273461,4694
2273936,3658
2275043,3462
2275314,5579
2275548,4994
2275863,4589
2278817,6652
2278862,5871
2278949,4762
2279030,5427
2279318,5952
2279439,6953
2279656,6383
2279728,5102
2279856,6180
2280082,5562
2282181,4101
2282707,4913
2282777,5349
2282907,4697
2283052,4991
2283316,5359
2283473,6205
2283650,6500
2283777,6471
2284161,5616
2287134,5042
2287650,4606
2287796,3975
2288924,3630
2289055,4511
2289359,4999
2289510,5961
2289873,4734
2291206,3374
2291576,3627
2292316,4071
2292690,4125
2292765,3694
2293118,3546
2293810,3578
2293877,4600
2297141,3535
2297310,4001
2297808,4106
2297855,6189
2298405,5026
2298508,5671
2299042,4395
2299163,4633
2299718,6194
2299960,5941
2299967,6651
2300099,7668
2300236,8090
2300269,5231
2300384,7212
2300530,5987
2300589,6630
2304488,6528
2304550,4418
2304859,5678
2304889,10262
2305355,7262
2305593,6010
2305663,8887
2307394,5026
2307861,5075
2308272,4793
2308459,4858
2308598,4632
2308761,5741
2309134,6680
2309332,6358
2309475,9097
2309620,5516
2309771,8508
2310060,7964
2310406,7049
2310536,6151
2310673,8472
2311359,9139
2311811,7559
2311966,7974
2312201,6877
2316860,4550
2317140,7006
2317268,14801
2317306,13563
2317354,10585
2317732,9845
2318195,11936
2318600,10308
2318751,10013
2319115,9432
2319733,9244
2319782,10560
2319818,13162
2320161,10561
2322058,7842
2322301,8865
2322476,7337
2322624,8812
2322771,6693
2323167,9063
2323193,10672
2323234,10183
2323269,14352
2323924,10040
2324337,6044
2324897,15573
2324959,14197
2324986,14966
2325303,15145
2325376,19045
2325427,19362
2325786,5434
2325954,19182
2326254,5230
2326607,6744
2327020,10387
2327171,12341
2327802,11900
2328577,9806
2328941,10673
2329279,12662
2329624,10881
2329945,10410
2332095,12056
2332643,11120
2332778,8701
2335877,9205
2336205,6922
2336379,5241
2336527,7078
2336967,6292
2337449,6239
2337658,8489
2338165,6530
2338458,6448
2338672,7993
2339344,6220
2342907,4349
2343352,4632
2343879,4691
2345391,4048
2345626,4721
2345774,5491
2345883,5048
2345916,4664
2346419,4372
2347287,4613
2347390,4570
2348881,3346
2348973,3709
2349509,3524
2349654,5382
2353632,6925
2353656,5310
2353778,6273
2354121,4302
2354377,7652
2354458,7377
2354554,5375
2354778,7301
2355041,7089
2355090,6888
2355517,6375
2355656,4959
2355905,5303
2356875,6636
2356926,6967
2357212,4931
2357385,6215
2357550,6200
2357693,6217
2358530,7470
2358694,4468
2358854,6512
2359639,5803
2360071,5875
2363149,7404
2364020,6630
2365729,5740
2366049,5507
2366108,11373
2366278,4165
2366528,4865
2366667,12823
2366775,10098
2366902,12659
2367080,13716
2367387,6569
2367575,7434
2367697,12869
2367835,6460
2367895,8205
2368245,11030
2368377,11627
2368414,11334
2368458,10663
2371621,9944
2371870,8547
2372098,8974
2372226,7004
2372910,10018
2373062,6663
2373197,8390
2373329,4491
2373504,6994
2373724,7359
2375160,7211
2375341,8048
2375498,7413
2375634,6262
2375788,8177
2376951,6340
2377087,6812
2377224,6396
2377493,6063
2378837,5730
2381994,3612
2382170,4873
2382316,6066
2384026,4484
2384244,11883
2384370,11446
2384384,11530
2384636,11643
2384788,10949
2386487,9521
2386642,11471
2386963,8432
2387073,12868
2387323,10427
2387474,11432
2387609,10715
2387724,9550
2387877,12587
2387995,9338
2388120,8540
2388253,11752
2390577,10425
2390749,11896
2391121,7456
2391138,7828
2391286,7613
2391446,9483
2391711,15683
2391768,14524
2392246,14188
2392298,14786
2392350,14784
2392682,6055
2393427,11134
2393605,7576
2393774,14410
2393911,7650
2394082,7964
2394540,9996
2394721,10656
2394898,11268
2395072,10793
2395245,10975
2397555,9275
2397811,10018
2397993,8887
2398410,6911
2404241,6057
2404416,9670
2404539,12245
2404693,12719
2405078,10311
2405203,18190
2405965,18939
2406520,15937
2406668,18343
2406927,18391
2407171,14416
2407334,24468
2407653,18665
2407842,9153
2409178,14513
2409342,15727
2409492,14791
2409646,14827
2409765,14217
2409890,15315
2410042,19445
2410188,12434
2410322,12938
2410456,12645
2410588,13306
2410728,18708
2410854,14307
2410968,14043
2411103,16080
2411177,18085
2411228,17667
2412002,16916
2412092,14404
2412184,15002
2412360,16323
2412527,16208
2412699,15088
2412896,16321
2413066,12190
2413239,19549
2413405,19979
2413569,21433
2413733,18947
2413886,21016
2414055,19652
2414297,16156
2414342,19980
2414730,15233
2417063,13731
2417290,11277
2417687,18402
2418122,11418
2418414,17824
2418927,10843
2419338,11253
2421367,15932
2421955,14350
2422213,13456
2423839,20907
2423997,14306
2424077,20218
2426215,17680
2426892,18017
2427332,17195
2427817,13717
2428958,14362
2429087,13158
2429547,14095
2430648,10035
2431058,7386
2432058,20019
2432896,18132
2433250,18273
2433447,18688
2433793,10441
2434933,17411
2435181,9214
2435504,9074
2435643,11492
2435759,9816
2435876,10412
2439892,9012
2440069,19534
2440108,9902
2440276,13699
2440796,11744
2440949,14375
2441084,12711
2441366,12955
2441869,16113
2441907,15998
2442034,15428
2442162,12393
2442967,14642
2444115,9415
2444726,12950
2444886,11933
2445993,13550
2446512,12294
2446875,12680
2447005,9786
2447744,19870
2448285,15611
2448440,17604
2449112,13929
2450580,10352
2451274,10949
2451427,9929
2451638,6912
2452271,7658
2454019,7442
2454786,15914
2455016,6324
2455166,5098
2455362,6819
2455506,11653
2455648,9379
2455784,14602
2455893,8322
2456031,8776
2456173,8519
2456308,15366
2456449,17911
2456586,11921
2456722,15592
2462530,9842
2462909,6882
2463358,11166
2463632,9188
2463761,8151
2463896,9174
2464050,10561
2464282,8325
2466623,6308
2467535,11577
2467581,10342
2467619,11850
2467655,11866
2467688,10691
2467718,12222
2467747,11948
2467778,11592
2467814,10183
2468048,6399
2468210,9950
2468364,9061
2468702,7514
2468867,9428
2469037,9677
2469309,7571
2469459,5986
2469613,6905
2469763,6817
2476658,3758
2477858,4420
2480739,3383
2481540,4448
2481570,7160
2481903,4448
2482059,5067
2482160,4009
2482287,4613
2482483,5161
2482715,5522
2482944,5136
2483532,6377
2483786,5118
2484274,5349
2484445,8545
2484664,5862
2484874,5430
2485067,6929
2485274,8103
2485557,4661
2487570,5556
2488213,4422
2488405,5049
2488526,5464
2488848,5327
2489010,5956
2489799,6400
2490079,5247
2491066,4642
2491192,4578
2491929,4039
2492883,3418
2493434,3573
2493795,4590
2493819,3978
2493873,4267
2497213,3865
2497700,3767
2498239,3967
2498705,4666
2498875,3666
2499269,4015
2499385,5009
2499410,4932
2499622,4169
2499856,4812
2501613,5441
2501677,3862
2502270,3917
2502733,3963
2505173,3729
2506170,5735
2506574,5408
2506742,9877
2506850,7599
2507314,6645
2508096,5009
2508226,5045
2508401,5812
2508746,6902
2509337,9862
2509557,6255
2509742,6020
2509894,5708
2510331,6999
2510487,6979
2510668,6715
2510806,9372
2510862,10765
2511093,10654
2511227,10715
2511357,11262
2511520,13008
2511793,12601
2512196,10842
2512498,11740
2512670,9194
2512872,18918
2513364,18583
2513516,19369
2513647,18532
2513766,15027
2514206,18733
2514877,18163
2515027,18063
2515298,17840
2515444,17355
2515907,17083
2516127,15901
2516366,12229
2516736,17177
2517008,11686
2517693,10793
2517850,14278
2517988,19651
2518851,13229
2519030,14887
2519296,11730
2519453,27689
2519606,18163
2519759,26651
2520010,27053
2520275,15295
2520439,34238
2520597,25010
2520790,16896
2520980,31634
2521139,25762
2521297,14328
2521461,15843
2522453,8460
2522708,23460
2522876,30753
2523121,32129
2523282,34106
2523442,32089
2523594,34037
2523754,33284
2523904,34578
2524072,33600
2525050,20487
2525298,24575
2525942,19519
2526112,19557
2526267,19463
2527005,18785
2527117,19173
2527328,19024
2527554,24008
2527745,17555
2527987,25263
2528152,25444
2528316,25370
2529272,24548
2529434,28794
2529591,21527
2529751,21467
2529895,28080
2530102,21463
2531125,27602
2531296,20411
2531455,27068
2531623,27054
2535695,16446
2535860,22943
2535999,22885
2536129,20325
2536263,19081
2537506,23539
2538075,18075
2538254,17799
2538391,14723
2539327,15435
2539511,19576
2539648,14976
2539789,19478
2539942,20074
2540115,18179
2540275,18112
2540409,17443
2540543,17353
2540682,16820
2540834,16306
2541448,16000
2541578,15605
2541794,14886
2541911,19248
2542118,14730
2542338,16675
2542469,14087
2542745,16465
2542928,15671
2543079,13068
2543210,12384
2543708,11795
2543896,11355
2544897,10104
2545187,13100
2559490,5797
2560082,5599
2560111,5997
2560162,6744
2560249,6497
2560372,6295
2561324,4371
2564049,5171
2566101,3918
2566466,5518
2567419,6123
2567595,6694
2567772,9710
2570248,4771
2570767,4853
2570810,6760
2571021,5434
2571163,6035
2571328,5946
2571461,5159
2571590,5001
2571729,5531
2571869,6628
2572089,7458
2572126,6692
2572164,9134
2572216,6203
2573211,6112
2574208,5894
2574376,5497
2574517,8387
2574669,7764
2575334,7974
2575501,6796
2575670,6484
2575862,5866
2575975,6725
2580533,5733
2583643,5400
2583720,5737
2583879,5966
2584098,5927
2584263,7643
2584425,5481
2584578,5739
2584727,6175
2584895,5063
2585046,6029
2585890,4476
2586058,4599
2587604,3905
2587686,10470
2591598,12499
2591830,7337
2591988,6113
2592166,6734
2592238,7085
2592304,5829
2592450,6827
2593271,6209
2593420,5684
2593554,13351
2593694,5304
2593877,9592
2593978,8236
2594011,8978
2594048,9979
2594079,9277
2594107,6305
2594136,14547
2594172,11033
2594202,21690
2594231,11092
2594267,21487
2594297,8592
2594323,14714
2594353,14947
2594384,43320
2594419,14971
2594451,43130
2598199,44127
2598340,34673
2598541,18003
2598676,18659
2598810,18619
2601185,12366
2601324,16203
2601511,16461
2601659,17826
2601855,17720
2602031,26868
2602292,10767
2602464,29737
2602631,28889
2602801,10995
2602980,10623
2603923,10612
2604185,11243
2604349,11131
2604503,11561
2604655,10934
2604806,25986
2604901,10792
2605890,25927
2606039,24261
2606209,24227
2606361,23994
2606518,23972
2606671,22351
2606820,25336
2606999,22930
2607155,35643
2607313,39882
2607464,45456
2607723,39856
2607888,41489
2608046,44936
2609122,27919
2609463,24509
2609622,29025
2609778,42640
2609920,25835
2610082,28367
2610236,25181
2610428,24803
2610634,25061
2610804,26532
2610970,42685
2611129,41410
2611285,31199
2611451,23142
2611638,42672
2612132,41058
2613377,38426
2613632,40332
2613820,40543
2614185,38491
2614563,39192
2614710,38019
2614865,38309
2615002,38067
2615133,37988
2615268,36790
2616223,40901
2616385,37319
2616634,37572
2617044,36416
2617207,36351
2618059,36433
2618222,26293
2618375,42764
2618531,36198
2618683,36516
2618852,52232
2619017,52410
2619170,46492
2619323,46572
2620134,48554
2620293,48445
2620436,44915
2620624,36789
2620850,32797
2621065,44230
2621471,47032
2621683,47526
2622045,44112
2622192,44767
2622417,46250
2622591,46523
2622945,47790
2623083,47054
2625218,42554
2625394,42698
2625556,45700
2625715,43347
2625919,39380
2626081,42863
2626239,43730
2626400,43620
2626567,43993
2626732,24824
2626990,43620
2627153,43506
2627317,43469
2627477,37050
2627635,23540
2627800,29379
2627990,25518
2628147,24214
2628305,24063
2628472,23271
2628630,23264
2628787,41283
2628962,40420
2629121,21838
2629286,21503
2629463,39966
2629623,40141
2629779,40034
2630098,39818
2630805,23872
2631000,25374
2631135,25416
2631271,25540
2631411,29596
2633159,26752
2633309,26660
2633478,25473
2633778,27774
2634042,27070
2634316,25092
2634692,29487
2634815,17304
2635064,27674
2638785,25557
2639067,25718
2639246,25659
2639468,29421
2642563,22841
2643258,24220
2643859,21614
2644446,22407
2644989,19724
2645290,18303
2645630,22036
2645808,22582
2645903,20055
2646066,24442
2646209,24241
2648545,24113
2648678,22726
2648809,23525
2648974,23596
2657351,15396
2657618,15967
2657967,13141
2658929,12418
2659060,13119
2659576,15012
2674670,3476
2674978,3933
2675176,4535
2675295,5316
2675678,5597
2676056,4203
2676181,4175
2676314,3822
2676437,4616
2677375,3730
2677707,4106
2677924,3992
2678279,5935
2678547,5485
2679133,3768
2679256,5708
2679646,3949
2680858,3905
2681029,4248
2681884,6212
2681958,5786
2682122,5418
2682266,5758
2682406,4237
2682456,4023
2684227,3609
2685490,4152
2685637,4804
2685721,5199
2685812,3632
2686775,4403
2687930,4618
2687970,4592
2688121,4045
2694766,5231
2694783,8140
2696704,6030
2696898,4872
2697029,5999
2697399,6687
2697449,6532
2697916,13066
2698062,10864
2698138,11394
2698307,4847
2698483,12482
2698912,5928
2699225,11687
2699525,10355
2700468,14784
2700910,9158
2701195,13311
2701297,7457
2701388,13299
2701495,10719
2701711,13334
2702620,14076
2702889,12214
2703911,8541
2704093,8594
2704251,10669
2704408,9646
2704561,14067
2704727,15423
2704912,15016
2704924,14595
2705106,13955
2705265,14113
2705428,14174
2705744,13807
2705917,13310
2706093,11415
2706282,14770
2706534,13691
2706845,9985
2706951,10110
2707209,10452
2707379,10230
2707612,9947
2713101,8590
2713277,9721
2713423,7724
2713546,7529
2713690,6617
2713838,6625
2713976,7209
2716080,6852
2716236,7695
2716359,6688
2716473,7172
2716846,5132
2717106,5888
2717431,5813
2719595,5928
2721182,4737
2722033,4256
2723366,3681
2723549,3811
2723670,5402
2723994,4132
2724044,4946
2724286,5215
2724509,4989
2727756,3760
2728178,3456
2728388,3292
2728752,3719
2729217,3712
2729728,5066
2729798,4772
2729983,4106
2730195,3188
2733603,5270
2733686,5673
2733766,8382
2735208,8580
2735383,7314
2735452,16715
2735539,9902
2735640,7409
2735885,7000
2736068,14944
2736469,13216
2736587,9135
2736691,6551
2737005,7038
2738675,9020
2739831,13814
2739946,8597
2740148,6255
2740318,10599
2740448,25443
2740553,9238
2740729,14871
2740815,25721
2740922,16986
2741011,13651
2741092,13606
2741175,12378
2741264,14176
2741349,30937
2741433,13953
2741598,25334
2741775,21541
2741980,20137
2742124,21960
2742226,19751
2742249,11594
2742322,27395
2742412,23326
2744390,19844
2744609,8471
2744886,11287
2745093,11113
2745315,10976
2747938,17015
2748071,15539
2748327,16739
2748492,12145
2749001,20940
2749327,16429
2749653,17471
2751616,16642
2751783,16763
2752050,17117
2752340,17307
2752550,17052
2752888,17706
2753071,14979
2753181,15132
2753236,18090
2753351,17663
2753402,14599
2753672,13588
2754049,7593
2756058,6850
2756986,5977
2757017,15599
2757285,7119
2757996,7017
2758184,7122
2758432,8492
2758587,9231
2758759,11891
2759542,11595
2760087,8802
2762037,10004
2762361,11946
2762892,7389
2763230,10746
2763380,10518
2763577,9368
2763754,8604
2764476,9449
2766661,6938
2767488,6553
2770507,6783
2771218,4585
2772401,5301
2774980,5554
2775207,7698
2775358,3965
2775505,4884
2775541,7414
2775625,5611
2775685,4363
2775740,7261
2778314,5795
2778511,4644
2778553,6379
2778653,6725
2779144,6080
2779708,5039
2780812,5866
2781624,8286
2782031,6585
2782075,9465
2782115,7693
2782163,7941
2782202,8463
2782242,9369
2782288,7158
2782394,7865
2782545,10398
2782593,10463
2787023,4645
2787301,4551
2787716,5711
2788199,5377
2788237,7532
2788279,8835
2789111,7663
2789131,6925
2789284,6573
2789477,6370
2789672,5266
2790701,7303
2790749,6322
2791235,6572
2794173,4904
2794219,4228
2795222,7712
2795598,5784
2795874,8448
2796017,8871
2796324,7461
2796573,8675
2796730,10882
2797257,9494
2797410,8979
2798121,7538
2799268,11513
2799888,9852
2800019,9142
2800151,9282
2800284,9614
2800412,10027
2800545,9479
2800690,8517
2800861,8803
2800948,7273
2801087,7318
2801220,7780
2801511,12017
2802698,8785
2802985,8796
2803593,7982
2803743,7457
2804042,7921
2804211,5788
2804869,10502
2805014,6636
2805153,7799
2805285,6764
2805414,6147
2805552,5776
2805691,5332
2805855,7527
2812125,4604
2812169,5129
2812324,4149
2812531,4647
2814292,4103
2814629,4052
2814789,3971
2817425,4680
2817535,3709
2817592,5666
2817788,5549
2818441,4020
2819066,7225
2819158,3739
2819630,6345
2819889,6575
2820297,4957
2821286,6008
2821337,6759
2821377,8180
2821406,7089
2821438,10691
2821474,10468
2821506,9401
2821658,7040
2821691,8407
2822654,7443
2822810,7692
2822967,6367
2823286,5774
2823583,6808
2824726,7377
2825012,7194
2825410,5959
2825652,6011
2830191,4162
2831279,5085
2832257,4244
2832416,4135
2832575,4807
2832692,6434
2833209,9011
2833596,5435
2833815,10218
2834114,4093
2835229,4428
2836922,4517
2836935,4576
2837148,7857
2837444,5943
2837481,6486
2838071,6131
2838208,5939
2838706,5198
2838953,5550
2839409,4849
2839558,4533
2840451,5849
2840501,7838
2840561,7389
2840663,7927
2840847,7322
2841136,4629
2841653,4091
2842917,6132
2846963,5023
2847172,4092
2847244,6610
2847501,5566
2847900,4405
2849023,4302
2849840,4720
2849875,4155
2850038,4234
2850189,6420
2850331,4296
2850468,9303
2850604,7440
2850730,8786
2850874,6014
2851216,5514
2851668,8238
2851810,6178
2854925,5395
2854979,5072
2855126,9282
2855495,7303
2855636,7614
2855914,6383
2856021,6333
2856165,7559
2856208,8393
2856345,7012
2856368,7141
2856716,6428
2856925,6546
2856962,7014
2857718,7670
2857895,7556
2858059,6437
2858914,5352
2859545,4857
2860091,4930
2864223,5669
2865194,5274
2865234,4356
2865401,4073
2865852,5180
2866454,9135
2866608,5745
2866790,5399
2866872,4301
2867068,6271
2867190,11413
2867434,6377
2867608,4950
2867759,4952
2868078,5530
2868233,6376
2868390,9701
2868525,7997
2869972,6594
2870166,4735
2870858,7053
2871058,10079
2871208,9433
2871374,10336
2871714,11884
2874809,9159
2875045,9504
2875073,12429
2875236,8548
2875422,7249
2875709,9708
2875907,6599
2875944,6973
2876113,7614
2876368,7107
2877045,10040
2877072,9970
2877180,9528
2877615,8567
2878618,7971
2878782,8526
2878960,10836
2879118,8014
2879976,7239
2881902,8581
2882155,8239
2882342,7869
2882506,7814
2882776,7822
2882922,8347
2884105,5826
2887623,5418
2887676,6368
2888049,5418
2888635,6335
2888777,3811
2889619,8218
2889979,7028
2890463,6760
2890636,5748
2890797,7123
2891065,5125
2891572,3618
2893121,6897
2893871,5208
2894058,5076
2894233,3572
2895278,8886
2895427,7616
2895570,6589
2895718,5729
2896000,9789
2896222,7330
2896451,10811
2896574,6850
2896688,8245
2897052,5737
2897680,9338
2897976,9364
2898179,9250
2898404,10922
2898559,7866
2898778,8381
2899765,7277
2900455,11237
2900745,10587
2901135,11185
2901282,11116
2901880,10804
2902029,8474
2902207,9856
2902355,10428
2902496,11004
2902630,11966
2902913,10422
2903135,9456
2905745,10869
2905920,11885
2906250,12033
2906456,13091
2906724,10729
2907071,9707
2907224,11415
2907471,11235
2907496,12413
2907677,13065
2907728,8513
2907957,9788
2909531,14474
2909678,13348
2909817,16275
2909993,12862
2910608,8883
2910798,7533
2911364,11279
2913671,7654
2914890,10017
2915031,14249
2915291,11182
2915441,13166
2915576,12819
2915730,12049
2916024,13048
2916169,12853
2916640,11914
2916845,12127
2917085,11365
2919712,12724
2919920,12668
2920048,7852
2920195,11175
2920329,7866
2920494,8668
2920716,8202
2921382,10909
2921583,7213
2922189,7211
2922681,10002
2922865,7050
2926757,7274
2926875,8147
2927047,8034
2927275,9336
2927419,8850
2927608,9490
2927792,9463
2927920,7246
2928035,8676
2928223,8194
2928633,7716
2932893,4536
2932956,5817
2933146,5152
2933216,6842
2933457,8135
2933865,5472
2934351,7500
2934699,7854
2935017,6123
2935237,6829
2935504,6286
2935758,6585
2936123,5995
2940633,10926
2940781,8123
2941205,6531
2941344,8579
2941624,7440
2942177,9560
2942374,8371
2942613,9428
2942750,9689
2942885,11835
2943009,14783
2943160,10149
2943304,13745
2943482,12902
2943622,11483
2944026,17852
2944083,11421
2944722,9904
2944890,9192
2944979,10954
2945040,5708
2945296,8942
2946144,12817
2946500,15771
2946690,8382
2946830,9119
2946967,8351
2947364,12861
2948466,13484
2948639,13601
2948778,12134
2948923,18045
2949041,18267
2949171,17966
2949691,16261
2949930,16488
2950102,17327
2950383,16990
2950578,16988
2950849,16867
2951352,17383
2951558,17720
2953176,19579
2953653,15394
2953992,17913
2954318,16104
2954445,15218
2954561,16238
2954748,16313
2954893,20302
2955157,14265
2955342,19538
2956176,13947
2956357,16564
2956860,9941
2957170,13100
2957312,17952
2957448,17936
2957582,17867
2957923,17038
2958485,17897
2958659,14829
2958795,13681
2959054,14218
2959222,16688
2959357,16447
2959486,13872
2959604,11851
2959774,11152
2959912,11938
2963387,10533
2966305,9253
2967745,9132
2967902,7844
2968057,9836
2970973,6427
2971308,6215
2972140,5644
2972925,4705
2978570,3724
2979546,4215
2979772,3951
2980071,5853
2980261,7877
2980416,4793
2980879,6663
2981058,6229
2981208,4377
2983131,7033
2983287,6734
2983425,9923
2983549,8003
2983724,7033
2983814,6695
2984002,7277
2984250,6156
2984382,6277
2984896,7700
2985038,7261
2985245,7473
2985390,6725
2986864,6362
2990018,4777
2992719,4018
2993742,4271
2993918,3985
2994916,3602
2995498,7451
2995520,3533
2995776,11603
2996043,4490
2996109,5617
2996520,9523
2996626,4171
2997189,8473
2997621,8196
2997695,8601
2998147,7284
2998782,7276
2999374,6645
2999527,3992
2999760,7553
3000235,9581
3000404,8722
3001729,4815
3001764,7375
3002016,6564
3002209,6304
3002448,6216
3003673,9138
3003898,8571
3004371,9319
3004378,6529
3004544,6271
3004728,6704
3004903,5289
3005465,7622
3007148,4833
3008119,4065
3009727,3784
3010354,4597
3010857,4131
3011526,3412
3012309,5312
3013069,3662
3013611,3645
3013726,4744
3015202,3360
3015343,4268
3015695,3800
3015713,4487
3016462,6275
3016707,6088
3017101,4579
3017286,3171
3019447,4104
3019836,4175
3020624,4833
3020689,4254
3021147,6487
3021405,5483
3021587,5373
3021927,3413
3022156,5307
3022423,6617
3022877,6213
3023023,6006
3023216,6021
3023577,5986
3025759,4208
3026546,7405
3026933,3790
3027038,3780
3027876,3980
3027912,3997
3027947,5592
3027968,6007
3027996,5927
3028017,5573
3031322,4208
3031996,3591
3032273,3364
3032637,6020
3032786,5680
3032878,4365
3032955,5984
3033169,6020
3034865,6672
3035766,3570
3036294,4473
3036940,4786
3037079,4400
3037423,4851
3037775,6348
3037976,5305
3038122,4596
3038323,6388
3038495,5034
3038707,4960
3038850,8588
3041801,4250
3041913,4289
3042623,6191
3042779,6322
3043738,4267
3044179,7143
3044314,7259
3044544,7113
3044740,6718
3044936,5111
3045100,9298
3045264,6263
3045473,6284
3045674,6035
3045955,6747
3046618,6850
3046762,6857
3046887,11694
3047535,10784
3047858,10223
3048458,8064
3048607,7497
3049082,9446
3049239,7048
3049450,6543
3049952,6393
3050143,5461
3050281,4793
3050929,8267
3051054,7709
3051170,7205
3053242,4898
3053650,4990
3054342,4716
3054557,4687
3054857,4578
3056806,8674
3056871,4561
3060419,6692
3060451,7178
3060572,5216
3060727,6193
3060956,6615
3060999,10243
3061046,8508
3061136,5911
3061273,5802
3061983,6042
3062218,5865
3063896,8678
3064260,4339
3064354,5259
3066222,8035
3066285,5985
3066467,5172
3066627,6185
3067604,7341
3067903,8750
3068108,8357
3068256,8067
3068436,6995
3068678,8034
3068797,6689
3069016,7910
3069063,7529
3069413,8079
3070024,6505
3070060,6712
3071762,7616
3073283,4458
3075233,5252
3075258,4844
3075537,4870
3075863,5144
3075994,4585
3077966,5282
3078105,5195
3078225,6019
3078336,5586
3078436,4660
3078595,5395
3080675,5448
3080690,4633
3081458,6319
3081797,9076
3081910,5014
3082026,5197
3082186,5378
3082498,5170
3082642,6527
3082777,8246
3082928,5649
3084019,6444
3084739,6334
3085048,6307
3088630,5634
3088795,6275
3088987,7514
3089240,5885
3089453,21449
3089593,13526
3089727,9680
3089856,8964
3089995,9248
3090161,9790
3090302,4896
3090508,7625
3090631,7356
3090761,5575
3090910,7500
3092339,10301
3092670,7452
3092926,8007
3093074,9122
3093217,13986
3093352,9672
3093549,15728
3093720,10202
3094094,15841
3094301,10640
3094442,10122
3094580,10601
3094734,9939
3095285,9483
3095435,14752
3095576,13777
3095745,11844
3096022,11517
3096174,12100
3096364,15505
3096575,10916
3096712,10388
3096903,10534
3097050,14886
3097754,10427
3098446,11913
3098601,9959
3103659,7440
3104013,5285
3105620,6369
3106904,5237
3107269,7779
3107620,9018
3108307,6962
3108647,7490
3109122,8269
3109385,8058
3109561,7931
3109722,6789
3109902,8145
3110030,7788
3110199,7901
3112109,7399
3112285,10636
3112443,10528
3112867,9725
3113011,9644
3113253,7789
3113389,8902
3113545,8986
3113731,8977
3114016,8857
3114140,8675
3114254,8509
3114367,8699
3115685,7334
3115886,8735
3116017,24028
3116344,27330
3116692,23663
3116995,22153
3117226,24573
3117519,21169
3117656,20929
3117880,20917
3118244,20759
3118391,20869
3118539,20923
3118691,20213
3118968,20842
3119167,20434
3119763,18635
3119898,19813
3119938,20207
3119957,20648
3119974,17182
3120689,19794
3121276,19767
3121609,19126
3124355,17017
3124694,16813
3124914,16749
3125096,39011
3125275,15672
3125423,16535
3125557,19052
3125700,17103
3125818,13549
3126100,10620
3126268,13979
3126720,13227
3126913,14246
3127069,16677
3127209,16103
3127359,26788
3127499,25269
3127666,24933
3127841,16927
3127979,23717
3128137,14941
3128259,15658
3128463,31864
3128611,22562
3128731,13983
3128856,25207
3128891,24907
3129502,23895
3129703,21691
3131909,20590
3132096,24344
3132262,18743
3132424,24644
3132597,24736
3132758,24083
3132936,28368
3133100,29567
3133725,23404
3134109,28667
3134284,21326
3134451,25725
3134612,28404
3134776,28209
3134912,28747
3135185,20236
3135366,20162
3135537,20333
3135707,20458
3135876,21058
3136037,16952
3136215,27144
3136383,28097
3136551,26610
3136947,25251
3137115,26126
3137341,26113
3137519,27376
3137691,27123
3137883,23898
3138052,23606
3138228,23723
3143417,17815
3144869,16537
3145065,16452
3145281,15306
3145482,24298
3145739,18762
3146747,22934
3146887,18291
3147059,19896
3147220,18537
3147374,18869
3147533,20842
3147690,22040
3147968,21252
3148031,16551
3148088,21402
3148238,18367
3148551,20012
3148732,20661
3148930,15686
3149111,15736
3149286,16726
3149464,17951
3149873,18771
3150060,18642
3150375,19252
3150771,18772
3161909,10103
3165391,7276
3169986,5795
3170152,8432
3170305,5727
3172286,11931
3172461,11819
3172795,5883
3172927,4893
3173089,4166
3173214,6158
3173341,5794
3173546,8398
3173692,8388
3173810,7590
3173963,7559
3174084,6969
3174223,6682
3174372,6734
3174658,6693
3174889,7107
3175082,6531
3175284,5932
3175481,4649
3175606,7401
3179422,4608
3179622,4968
3179691,6977
3179953,4777
3180307,6191
3180350,9981
3180559,7657
3181979,7767
3182171,7831
3182395,4883
3183121,5303
3183169,5950
3183335,6175
3183903,5537
3184234,5681
3184994,5348
3185534,7262
3185790,4360
3185893,6470
3186234,6423
3187244,5268
3191107,3531
3191150,3509
3191718,3919
3192047,3678
3192875,3547
3193008,3719
3193124,3530
3193687,3669
3193714,4197
3195778,5587
3197919,4374
3198167,3888
3199006,4029
3199024,7985
3199184,4196
3199345,5677
3199503,5684
3199666,7580
3199670,6233
3200390,7293
3201662,5121
3202078,4560
3202512,6170
3202662,8520
3202798,12587
3203030,17340
3203169,12527
3203308,15656
3203470,16129
3203604,22632
3203742,12431
3203969,15521
3204157,18985
3204290,14797
3204423,10733
3205407,10520
3205689,15359
3205877,16815
3206034,19680
3206221,18107
3206344,17561
3206457,17354
3207085,17383
3207371,16896
3207624,16031
3208218,16422
3208359,15664
3208520,16864
3208820,16768
3209656,8288
3209898,11048
3211818,12148
3211997,11053
3212223,13953
3212262,17415
3212302,16881
3212624,12837
3212788,11737
3213621,12155
3213778,16243
3213935,17397
3214092,11558
3214242,15374
3214388,11137
3214534,10049
3214689,14384
3214784,11880
3214870,12140
3214945,14473
3219892,11627
3220093,11295
3221132,10438
3221312,10155
3221491,10808
3221644,8428
3221798,9580
3221999,10219
3222171,9503
3222676,9926
3226688,7256
3229216,4165
3229427,3745
3230406,5961
3230606,5816
3232592,3761
3232778,5373
3233210,3462
3233804,5537
3234056,4496
3234199,4935
3234336,4743
3234476,4281
3234610,4686
3234742,5411
3234914,5297
3235764,5572
3235909,4363
3236051,5062
3237976,3829
3238382,4112
3238588,11843
3239061,7702
3240446,11008
3240664,9917
3240856,9812
3241125,9778
3243009,10932
3243129,8241
3243182,8096
3243229,9469
3243282,5899
3243328,6577
3243378,21311
3243422,22607
3245450,8985
3245666,11804
3245872,15491
3246272,13693
3246917,18284
3247097,8469
3247276,16936
3247561,17712
3247815,17597
3248531,11266
3248711,8341
3248917,17048
3249306,16381
3249493,16132
3249665,15811
3249880,17149
3250058,17117
3250239,16871
3251465,14791
3251626,13182
3252002,12748
3252242,15117
3252378,12138
3255232,9674
3255392,9866
3255531,11954
3255672,11763
3255806,9728
3255985,13292
3256204,9710
3256584,12761
3256936,12553
3257088,9437
3257356,16328
3257393,16374
3257615,15571
3257896,8702
3258421,7893
3258583,7216
3258737,11519
3258896,15717
3258933,15102
3258964,19267
3259001,19024
3259031,18924
3259060,17972
3259090,17191
3259127,17945
3259157,17115
3259187,18079
3259217,18298
3259254,17577
3259282,18179
3259339,19409
3266058,9758
3266339,8743
3266641,8023
3268165,6857
3269635,9104
3271273,6053
3273300,4978
3273430,8511
3273904,4007
3274250,13000
3274449,5732
3275160,6339
3275328,6543
3275454,10524
3275570,10217
3275932,10118
3276109,11130
3276592,7823
3276731,7222
3282468,5348
3282718,7944
3283738,4851
3284403,5305
3284657,6061
3284693,3998
3284720,4296
3286376,5216
3287581,4076
3289258,4380
3289404,6398
3289767,4334
3289929,4763
3290258,4132
3290746,3894
3291344,4057
3291737,4925
3292059,4251
3292205,6019
3292460,4929
3292666,4105
3293218,6157
3293364,6506
3293482,5541
3293934,4725
3293990,4719
3294920,5523
3295188,5417
3296140,7381
3296333,4096
3297299,3622
3297655,3700
3298032,4960
3299206,4368
3300050,4884
3301238,6899
3301419,5060
3301566,6212
3301688,10345
3301866,6297
3302503,4848
3303034,6063
3303610,5973
3303750,5589
3303965,6932
3304136,8336
3304413,8138
3304599,7533
3304742,8149
3304866,6605
3305475,11184
3305620,8149
3305752,10283
3305889,8684
3306027,8349
3306148,8374
3306277,7873
3306414,9556
3306547,7459
3306678,8625
3306810,9790
3306977,10395
3307308,9049
3307810,9317
3308291,8248
3308436,8040
3308547,7154
3314185,7168
3314355,7613
3314605,7088
3314748,6368
3314897,7017
3314929,6126
3318241,4234
3318414,3817
3319034,3820
3319299,3856
3319431,4556
3319571,4360
3321163,4187
3321722,4451
3321992,3648
3324168,6970
3324242,5958
3324474,5509
3324844,9916
3325027,6081
3325172,7020
3325494,12180
3325658,20241
3326162,15789
3326342,7906
3326513,10600
3326919,5077
3326963,20814
3327329,5399
3327497,6182
3327651,6078
3327807,8626
3327997,11086
3328260,9634
3328550,16163
3328672,7572
3328900,9242
3330027,11246
3330288,9957
3330526,8862
3332040,8334
3332171,8465
3332302,6148
3332434,14260
3332569,6986
3333135,13201
3333288,7568
3333514,9586
3333878,13359
3334088,13372
3334283,6201
3334423,8361
3338520,6852
3338764,8406
3338888,8365
3339169,6095
3339415,5908
3339616,7456
3339923,8511
3340084,5628
3341910,4081
3342461,5303
3342814,7668
3343321,5249
3343529,10031
3343912,10437
3344076,9356
3344577,7544
3344937,5663
3349313,4610
3349357,4303
3349528,6619
3349668,6414
3349807,7536
3349871,8084
3350010,7731
3350141,7761
3350271,7734
3350737,6426
3350967,5779
3351092,5556
3351566,5678
3351935,6516
3351995,5435
3355054,3106
3356014,4501
3356691,4505
3356978,4786
3358577,4926
3358630,5021
3359057,7168
3359270,12193
3359373,4129
3359491,6313
3359520,6336
3359722,6317
3360030,7333
3360077,9704
3361330,4837
3361877,4085
3361920,4341
3362097,3623
3362336,4408
3366497,5706
3366607,4727
3366736,3620
3367305,5322
3367421,5146
3367664,7140
3367863,5749
3368002,6382
3369467,5058
3370767,6954
3370861,6052
3371025,6187
3371171,5076
3371362,5993
3371499,6094
3371643,5896
3371793,5372
3374946,5077
3375012,6209
3375176,4802
3375717,5320
3375815,4964
3376299,11216
3376673,6634
3377963,5598
3378135,5879
3378352,4654
3378560,6656
3378683,8405
3378815,8625
3378858,6105
3378999,8622
3379289,8000
3379425,7944
3379714,7284
3379875,7339
3381521,6363
3381669,6107
3383862,5927
3383979,6826
3384026,6535
3384057,6345
3384098,7996
3384215,6241
3384367,6081
3386751,5113
3387973,5945
3388035,5495
3388162,5037
3388228,4637
3388602,4597
3392108,4877
3392306,6094
3392460,6299
3392605,7118
3392747,6841
3392866,6372
3393034,8248
3393227,7463
3393365,7756
3393993,6712
3394090,5804
3394221,6782
3394255,5934
3394391,4346
3394876,5716
3395027,5030
3395162,4832
3395565,5877
3396728,4866
3402280,3497
3402494,5015
3402683,4396
3402771,5179
3403644,4579
3403689,5583
3403872,4655
3404040,4472
3404052,5435
3404188,5368
3404630,7609
3404781,5798
3404882,5511
3405014,5630
3405209,5855
3405355,6228
3405493,6187
3405611,5919
3405801,4379
3409998,4915
3412563,3959
3412615,4405
3413190,5194
3413304,5227
3413966,4688
3414117,4476
3414336,4484
3414966,4596
3415127,4249
3416779,3777
3417072,3234
3417837,4423
3418519,5176
3418571,5944
3419446,6016
3419487,7664
3419748,5246
3419935,5620
3420262,5752
3420653,4160
3420877,7639
3421579,5138
3421725,6081
3421922,6896
3422447,4520
3422601,6295
3422726,6160
3422995,6321
3423112,5985
3424761,5549
3424939,5711
3425086,5728
3427597,4273
3427875,5024
3428232,7159
3428920,5724
3430469,5944
3430549,3913
3431184,4851
3431231,5530
3432102,5207
3432320,4900
3432620,8469
3432807,4839
3432879,5178
3433171,7725
3433241,6996
3433308,7882
3433799,9194
3434424,5039
3435876,9383
3436069,6043
3436426,7685
3436578,8629
3436791,8157
3439111,12330
3439312,15655
3439539,11135
3439680,11967
3439919,10624
3440068,18128
3440269,12646
3440481,12254
3440910,14117
3441300,12663
3441466,14631
3441597,12385
3442622,14304
3442821,18106
3443047,11266
3443250,11011
3443519,16494
3443917,13845
3444143,14713
3444995,17737
3445381,8982
3445566,14635
3445766,14370
3445977,23909
3446103,19582
3446217,12325
3446527,15515
3446687,16132
3446957,23220
3447904,23476
3448093,23116
3448201,23376
3448263,18600
3448422,18585
3448583,18622
3448748,21813
3448919,18479
3449085,19817
3449242,20288
3449410,15878
3449569,15863
3449727,15987
3450036,22582
3450193,17935
3451008,21550
3451170,23856
3451744,20428
3451920,20354
3452080,22412
3452242,20921
3452410,19385
3452571,18078
3452933,20720
3454806,17029
3455038,20159
3455177,19699
3455322,16972
3455459,18046
3455599,14755
3455733,18562
3455865,19399
3456016,19928
3456155,19953
3456291,19225
3456424,16473
3456557,16556
3457407,16169
3457592,15657
3457889,16118
3458057,16287
3458297,17794
3461371,12926
3467449,8005
3467601,8575
3468410,7360
3468555,7118
3468737,7640
3476998,8724
3477099,7458
3477150,10624
3477303,5799
3477459,8956
3477621,8404
3477774,12308
3477863,10453
3480226,10239
3480907,8537
3481085,9320
3481256,9374
3481419,7375
3481579,5323
3481743,9166
3481878,6819
3482032,8852
3482200,11875
3482358,11786
3482512,12759
3482669,10471
3482838,9760
3483000,11647
3483163,9963
3483412,8886
3483627,9317
3483680,9692
3484030,8749
3484098,6932
3484279,7319
3484464,5884
3484650,7387
3486341,7782
3491922,5229
3493640,5089
3494410,5855
3495421,3282
3495477,4545
3495955,3260
3496282,4168
3497529,3629
3497704,4846
3498108,11917
3499045,10784
3499256,9359
3500711,5962
3501475,10233
3501650,6533
3501810,8372
3502068,11682
3502600,11407
3502660,10397
3502711,13254
3502766,13957
3502820,16462
3502925,9345
3503033,11096
3503375,15250
3503579,12362
3503911,10170
3504091,9934
3504659,16147
3504670,10489
3504710,12331
3504888,16127
3504950,14961
3505998,11106
3506184,7454
3506363,8026
3507589,9826
3508098,14138
3509198,13417
3509246,14747
3509368,14297
3509642,11563
3510306,11695
3510556,12066
3510694,9892
3511332,10113
3511370,9932
3511405,10506
3511440,9563
3511498,8867
3514524,10706
3515060,7830
3515974,9779
3516583,7462
3518544,5245
3518967,5947
3519484,7508
3519905,7497
3520068,6322
3522243,6000
3522783,4976
3524124,5168
3524260,4528
3526356,3985
3527179,6754
3527316,5615
3527403,6585
3530736,3437
3530906,4054
3531204,5713
3531330,5808
3531560,4009
3532019,6730
3532596,8345
3533084,8235
3533152,8025
3533403,5491
3533538,7124
3533681,7408
3533730,6016
3534107,11426
3534405,11122
3534669,9276
3534776,10876
3534987,8805
3535224,8466
3535525,7700
3535641,7999
3535732,7849
3535959,7783
3536240,7978
3536327,8037
3536662,8144
3536815,9419
3536958,5757
3537363,6870
3541499,5124
3541515,4964
3541659,6971
3541849,7264
3542007,5032
3542406,6098
3542474,6699
3543337,5963
3544272,4402
3545681,3766
3546342,6558
3546970,6149
3547145,4759
3550735,3964
3551275,3974
3551278,5302
3551342,5187
3551498,4847
3551727,3781
3551863,6451
3552117,6512
3552943,4188
3553074,4210
3553338,4641
3553517,4736
3557791,6946
3558070,4857
3558235,6184
3558572,6056
3558669,4682
3559344,6354
3559412,4736
3559973,8074
3560063,5426
3560107,4965
3560257,4918
3560356,5547
3560949,6009
3561459,9540
3561460,6344
3561622,7113
3561887,11221
3562129,6002
3562306,12099
3562555,9725
3562787,10031
3563046,7526
3563086,11083
3563365,10579
3563609,6788
3565811,7307
3566074,8733
3566363,9608
3566472,7216
3567082,10016
3567278,7862
3567490,7236
3569400,7351
3569565,6463
3570623,8373
3570745,4012
3571187,6167
3571419,5747
3571787,6118
3572272,6434
3574627,5804
3574797,6870
3574905,6041
3575144,5824
3575253,7264
3575442,4578
3575631,5915
3575883,5512
3576277,4976
3576351,5517
3577879,5348
3578745,4996
3579035,3603
3580149,3764
3583334,3756
3583537,4167
3583682,5110
3584005,6880
3584362,3629
3584496,3717
3584633,3570
3585254,5148
3585424,5506
3585545,5001
3585679,4952
3585862,4885
3589069,4877
3589275,6360
3589434,6122
3589586,6454
3589751,5369
3589883,5735
3590045,5444
3590197,5652
3591220,4729
3592282,5290
3592449,4210
3592488,5458
3593064,5194
3594924,4221
3596565,6407
3596756,5045
3596879,7323
3598321,6373
3598413,10255
3598545,8350
3598651,4666
3598801,7139
3598884,9485
3598978,8494
3599084,6936
3599171,7405
3599529,5636
3599980,6638
3600170,5512
3600523,6198
3600808,5450
3601276,6235
3604038,3991
3604239,9110
3604331,6480
3604542,7204
3604658,5584
3604970,8246
3605542,7683
3605980,6522
3606391,6902
3606737,7803
3609442,3892
3610237,3925
3610517,4415
3610859,3831
3610991,5213
3611147,4808
3611673,5967
3611728,6176
3613593,5451
3613683,5606
3613818,6722
3614010,4863
3614596,4439
3614731,4909
3615058,5206
3615247,4964
3615744,4848
3616293,4486
3617315,3899
3617998,5279
3618784,5286
3619136,4463
3621104,3230
3621363,5031
3621513,5138
3621663,3605
3622120,4034
3622815,8363
3623516,3894
3623693,6766
3623895,7382
3624128,6304
3624491,6111
3624634,6487
3624782,6447
3627145,6991
3627335,7368
3627485,8974
3627636,7131
3627772,6775
3627865,8944
3628005,8466
3628145,11381
3628355,9195
3628530,10593
3628873,9105
3628910,8034
3629223,8679
3629375,8330
3631561,7126
3632098,6488
3632281,7629
3632519,6696
3632642,5011
3632894,5246
3635968,4095
3636306,4565
3636534,6693
3636760,6142
3637028,6069
3637161,5452
3637282,6089
3640507,4670
3640773,5695
3641043,5225
3641278,7334
3641518,7028
3641747,6533
3641807,6301
3641892,5775
3642104,8323
3642446,6292
3643745,4997
3645013,5480
3645179,6187
3645337,5570
3645472,5083
3646713,7430
3646773,6665
3646886,5696
3647057,5288
3647344,6716
3647752,6063
3648160,5426
3648325,4711
3651573,3947
3651713,4697
3651856,5303
3652001,5701
3652022,4635
3653703,4081
3654227,5009
3654661,4267
3654922,4283
3655041,3882
3655232,4555
3655469,5137
3656516,4575
3656664,5266
3656747,5483
3656790,5521
3659918,5375
3660002,4723
3660214,5796
3660355,4692
3660648,5859
3660918,5698
3661117,5607
3661266,5872
3661598,5362
3661821,5037
3663485,7188
3663674,4662
3664420,14396
3664503,12168
3665349,11375
3665390,11225
3665597,9995
3665792,10703
3667493,12487
3667669,10005
3668056,11628
3668184,9377
3668410,11646
3668442,12377
3668581,11530
3668604,11886
3668768,15852
3668906,11526
3669061,11497
3669217,10947
3669368,8113
3669526,12066
3669683,13326
3669841,13463
3669893,11014
3670000,15371
3670164,14711
3670328,15530
3670455,12057
3671477,12513
3672243,16281
3672421,14716
3672584,13852
3673067,13791
3673083,13180
3673268,10997
3673473,12103
3673564,14282
3673899,14427
3674158,14423
3674363,13781
3674548,12477
3674696,13341
3674805,12594
3675944,11958
3676124,9979
3676302,11599
3677986,9985
3681702,8088
3684602,4304
3684913,5015
3685616,4972
3685764,4720
3685915,5359
3686367,5109
3686918,5649
3692252,4196
3692888,3286
3693166,4406
3693244,5021
3693721,6213
3693790,4637
3693925,4212
3694088,6124
3694591,6524
3694652,5407
3694817,6156
3694869,5864
3695032,4960
3696339,4869
3696507,9502
3696635,7278
3696666,5150
3696880,7161
3697300,8764
3697807,9165
3698437,9594
3698586,6484
3698735,5973
3698935,5270
3699348,7198
3702019,5795
3702113,8481
3702576,3706
3703302,4019
3703374,4860
3704148,3759
3704894,3674
3708201,3401
3709154,5526
3709246,4064
3709648,4378
3709789,3915
3709872,4863
3710043,3957
3710905,4149
3711314,5648
3711434,5478
3711577,4368
3711773,5252
3712024,4112
3712642,4404
3713136,5191
3713330,4559
3714228,5281
3714645,6968
3714732,7989
3714921,6616
3715106,6755
3715235,5085
3715628,4416
3717101,3856
3718227,4438
3718637,7259
3718694,9955
3718998,8045
3722086,6798
3722240,4606
3722396,5527
3722533,8456
3722680,9789
3722818,9559
3722903,11381
3723041,7638
3723159,11620
3723409,11025
3723548,11128
3723721,8138
3723866,9574
3724669,9920
3724812,9413
3724857,6836
3724906,7462
3727198,3312
3729338,4402
3729379,5333
3729621,4871
3729878,5652
3730134,5760
3730749,7142
3731093,6637
3731574,6627
3732600,6774
3732644,5746
3732792,7493
3733293,5474
3733951,6436
3734522,6172
3734904,6076
3735366,8658
3735561,6638
3735873,7527
3735977,5557
3736229,7723
3739511,4690
3739550,4198
3739871,3615
3740127,4516
3740495,3941
3741392,3592
3741797,5874
3742031,8213
3742105,7878
3742903,5383
3745696,6748
3745895,3645
3746669,4621
3747169,5002
3747662,3544
3748306,4096
3748500,4254
3748927,3785
3748967,6600
3749025,6622
3749080,6793
3749511,7895
3749599,6487
3749604,7554
3751964,4743
3753906,4970
3754136,4948
3754258,4378
3754455,5365
3754748,4617
3755372,3941
3756213,4077
3757098,5735
3757434,6015
3757623,6047
3757965,3990
3758471,5628
3758662,4344
3761427,3840
3761576,6386
3761720,4837
3761857,5309
3762002,5036
3762217,6337
3762354,7507
3762504,7587
3762645,6592
3762817,5246
3762847,7178
3764046,9300
3764933,6078
3765269,3383
3765468,6446
3765819,4591
3765947,6918
3767375,5362
3767531,5671
3767673,4308
3768371,5534
3769457,4802
3769910,3991
3771350,4070
3771512,4276
3772224,5198
3772862,3872
3773296,5125
3774142,3858
3774647,4103
3775593,4470
3775716,3400
3776111,5811
3776308,6178
3776505,6668
3776601,5736
3776935,5706
3777000,7820
3777378,4421
3778186,4911
3779402,4850
3780101,4946
3780149,5329
3780190,6232
3780232,5266
3780643,4977
3781877,4046
3783583,5210
3783630,5529
3784295,4738
3784381,5061
3785245,3991
3785534,3958
3786451,3852
3786482,6147
3786543,4054
3787008,4234
3787419,5364
3790429,5265
3790591,5180
3790868,4786
3791335,5158
3791459,5263
3791494,8642
3791631,7743
3791767,5339
3791886,7323
3792012,8982
3792154,8308
3792288,6975
3792626,6792
3792763,5659
3792957,6919
3793146,8489
3793989,5801
3796855,9323
3797044,5142
3797187,5349
3797581,5589
3797734,6499
3797884,6402
3798020,8584
3798244,7118
3798359,7579
3798482,6655
3798620,5990
3799462,5330
3799630,6903
3800037,7549
3800377,8260
3800541,7618
3801467,5948
3801648,5341
3802250,6163
3807039,4069
3807450,4760
3807939,4390
3807977,6636
3808035,5475
3808073,6853
3808092,6642
3808111,7445
3809059,5075
3810382,6760
3810583,5164
3812405,3707
3812581,6943
3812725,6363
3813036,6107
3813226,7592
3813720,4733
3813900,5678
3814390,4219
3816077,3808
3816231,5086
3816384,4396
3816528,4373
3816667,4796
3816789,6349
3816882,5369
3816917,7423
3817178,7996
3817458,7692
3817613,6239
3817955,5041
3820030,3947
3821157,4198
3821528,7783
3821564,8233
3821820,6405
3822036,6318
3822165,6188
3822346,6033
3822670,5631
3823007,6133
3825952,4351
3826247,4378
3826780,5140
3827453,3686
3828384,3702
3829170,4966
3829346,5258
3829493,5224
3829638,6719
3829926,4943
3830392,5555
3832247,4159
3832262,4847
3832690,4595
3832857,4339
3832915,3814
3833168,5508
3833603,5137
3833678,4717
3833859,6937
3834164,5490
3834239,5771
3834544,5265
3835254,5553
3836049,7522
3837398,6081
3837553,6938
3837731,6688
3837873,6207
3837927,6502
3837955,6593
3841122,5194
3841390,7297
3841568,6224
3841880,4562
3842058,6070
3842198,4193
3842567,4352
3843170,5682
3843348,5733
3844028,8389
3844593,7766
3845366,6625
3846634,5845
3847664,4908
3849307,4344
3849356,5735
3849527,5121
3849566,5478
3849701,5111
3849756,4982
3850165,6570
3850301,7775
3850639,8481
3850781,8873
3850875,7801
3851144,6311
3851306,4478
3851894,7057
3852044,5896
3852463,4777
3852724,5045
3854621,4670
3854780,4756
3854921,4553
3855104,4123
3855924,4583
3856157,3597
3861005,4735
3861020,5002
3861207,6714
3861320,4448
3861429,3608
3861874,5201
3862254,5497
3862414,4295
3862628,4795
3862773,5140
3863238,3298
3863573,3885
3864186,3689
3864212,4569
3864674,3872
3865074,4020
3865444,3990
3869936,4524
3869960,5165
3870246,4276
3870289,4959
3871052,4441
3871219,3725
3871545,5035
3872241,3653
3872407,3659
3872906,3391
3873174,6273
3873358,4523
3873520,3881
3873535,4271
3874556,6038
3875092,6758
3875360,4610
3875698,6971
3876075,6442
3878161,11801
3878223,4838
3878394,4412
3878533,12739
3878808,9170
3878889,12198
3879109,8963
3879277,9014
3879484,9185
3879718,11602
3880061,11184
3880438,10652
3880646,10028
3881160,4250
3881352,4713
3881842,7667
3882157,5736
3882570,6791
3883122,5895
3885112,6606
3885261,5228
3885461,8416
3885661,8772
3885887,5876
3886391,6189
3886675,8236
3886914,12218
3887011,6809
3887138,10181
3887259,10176
3887367,13715
3889070,10146
3889575,11562
3889687,9096
3889956,10417
3890104,9607
3890332,13709
3892627,7834
3892697,12207
3893166,7436
3893329,6970
3894267,6402
3894580,12327
3894939,11002
3895897,11471
3896073,13071
3896261,12647
3896601,12411
3896756,12648
3896897,6012
3897037,5854
3897144,12623
3897291,6256
3897661,7479
3898342,14081
3898888,9284
3899140,9928
3899383,9366
3900719,9790
3900896,7440
3901311,10747
3901443,11452
3901693,6385
3902150,10998
3902574,8903
3904931,7902
3905167,4548
3905331,6064
3906670,4986
3907833,5372
3908257,8639
3908386,6575
3908482,6192
3908831,7425
3909288,7019
3909573,7674
3910217,4478
3910713,6737
3911224,4829
3911937,7497
3912096,5614
3912378,6077
3912665,6148
3912985,5054
3915831,4075
3916092,5158
3916362,11185
3917099,9254
3917286,9361
3917483,10159
3917750,9002
3918068,8780
3918648,9247
3920429,14355
3921215,12919
3921342,10927
3921434,6618
3921713,11281
3922129,7039
3922368,5888
3922609,6666
3922886,9674
3923043,5865
3923463,15285
3923638,8727
3923881,5143
3924997,7670
3925164,7598
3925313,9313
3925464,8483
3925622,12228
3925795,12836
3926007,6455
3926137,6767
3928398,9643
3929915,16362
3930044,12003
3930191,16485
3930217,15603
3930373,12094
3930528,11632
3930681,14766
3930817,17301
3930998,16995
3931154,16381
3931307,16284
3931461,10472
3931616,16564
3931772,15683
3931899,24020
3931954,19580
3932078,18183
3932105,19324
3933196,17483
3934058,13146
3934707,13350
3934887,12380
3935046,13188
3935239,7889
3935408,7173
3935566,7465
3935717,9815
3935885,11890
3936882,19197
3937047,17006
3937207,18333
3937359,21969
3937507,26561
3937666,26466
3937963,23945
3938126,21062
3938291,20761
3938452,20466
3939475,22576
3940536,21374
3940700,22269
3940761,16661
3940881,19300
3941037,20923
3941188,16365
3941397,17603
3941739,16763
3942325,18940
3943097,18006
3943214,13152
3943492,12757
3943545,13350
3943589,16908
3943791,12797
3944042,24283
3948506,21389
3949345,18162
3949493,17762
3949633,18842
3949768,17576
3950140,14996
3950493,16950
3950645,19373
3950778,18215
3950911,13077
3952507,21443
3952982,16391
3954122,16943
3954379,19514
3954578,16555
3958498,15543
3959234,16993
3959496,10594
3959658,10585
3959795,10659
3959921,10860
3960041,10101
3960225,10806
3960378,11077
3960582,9305
3960768,8759
3960875,8190
3961016,8173
3961215,7797
3961350,7448
3961565,7178
3961732,12485
3969253,7792
3969567,7102
3969707,6062
3969913,7989
3970275,10313
3970483,8807
3970623,9707
3970809,10373
3970868,8528
3971057,7497
3971299,10086
3971510,9216
3976691,4214
3977118,4450
3977470,4801
3977546,5092
3977611,5465
3977706,3450
3978496,5389
3978670,4830
3978692,4450
3978853,5124
3979132,4160
3979930,4718
3981791,3417
3981961,3519
3982353,4570
3986301,4099
3986571,6327
3986643,6053
3987038,3184
3987338,3406
3987668,5175
3987785,6801
3988932,5220
3989293,4866
3989663,5381
3990315,7149
3991049,6484
3991370,6549
3991959,5708
3992152,4993
3992393,5632
3992568,5812
3992700,5825
3993606,5472
3993765,6174
3993983,7771
3994190,5284
3994675,4348
3995087,6820
3995149,6405
3998626,4074
3999120,4017
3999481,4802
4000032,5113
4000109,6377
4000362,4271
4000548,6374
4001287,5123
4001339,6378
4001376,8417
4001506,5949
4001708,6714
4002156,6407
4002301,4856
4002866,6572
4003008,6134
4003247,5952
4003470,6062
4006585,3187
4010704,5217
4011133,7742
4011618,4149
4011645,4965
4012593,6726
4013587,4691
4013612,4760
4013766,9204
4014337,5049
4014513,7056
4014654,6800
4014876,8323
4015030,6599
4015364,6826
4015857,6510
4015898,7278
4015945,7082
4015979,7750
4016019,7471
4016536,6200
4016651,5309
4017537,7157
4018425,6776
4018497,6948
4020038,4753
4020338,4302
4020937,3805
4022004,5531
4022397,6225
4022846,6320
4023129,5737
4023567,4160
4023615,4931
4024876,5287
4025953,3745
4025978,4655
4029338,3667
4029500,3863
4029578,4105
4030573,3609
4031020,3423
4031104,4025
4031199,3293
4031733,4723
4031980,3973
4032142,4253
4033961,5950
4035658,5545
4036884,6580
4037068,6452
4037229,4829
4037393,4960
4037562,5122
4037736,5660
4037918,4601
4038575,5679
4038742,5663
4039055,5518
4039244,6429
4040937,3988
4041233,4118
4041362,3956
4042129,4423
4042728,4384
4043605,4423
4043771,4414
4044124,6773
4044612,3986
4044963,4411
4045517,5384
4045900,5337
4046252,4446
4046655,3894
4047872,4250
4048054,3310
4048528,4132
4049476,3633
4049928,3671
4050047,3841
4050931,4586
4052033,5195
4052999,6326
4053767,4135
4054070,5490
4054237,5681
4054392,5569
4054529,5533
4054678,4995
4055387,7544
4056185,4092
4056376,9187
4056572,5354
4056708,5319
4056935,7667
4056998,13022
4057042,11048
4057079,15411
4057121,15454
4057160,12798
4057196,15480
4057236,10969
4057281,16448
4057324,24418
4057363,16094
4058011,5302
4058202,5052
4058377,9006
4058544,9416
4058711,6000
4058975,9282
4059143,13251
4061997,13972
4062166,21832
4062321,22019
4062472,18696
4062623,22090
4062773,17418
4062892,22149
4063075,22570
4063654,23799
4063985,18633
4064140,22768
4064283,22018
4064409,26831
4064972,17847
4065883,16053
4066057,17590
4066213,17488
4066376,17386
4066548,20256
4066711,19825
4066883,16929
4067051,16893
4067213,14296
4067488,19125
4067663,13612
4068036,12271
4068521,14566
4068663,11172
4068796,11287
4068911,11054
4069883,18316
4070405,25489
4070630,25427
4070774,24372
4070997,17149
4071133,24934
4071266,25404
4071403,15875
4071550,19410
4071685,25191
4071833,32912
4071970,32724
4072101,32693
4072227,32241
4072944,37666
4073107,37334
4073314,32166
4073549,36712
4074424,32732
4074782,29526
4074831,36612
4074875,29190
4074924,35739
4075310,36712
4078378,36882
4079167,31606
4079361,31134
4079676,34558
4080403,22415
4080596,23522
4080927,23255
4084964,26549
4086089,29000
4086365,14738
4086640,14702
4086936,13093
4087078,25377
4087390,13492
4087487,16933
4087707,13556
4087849,13326
4087984,23592
4088306,30163
4088489,23511
4088629,23040
4088788,22368
4089203,22617
4089345,22426
4089487,22461
4089621,20573
4089769,28858
4090045,27679
4090285,27150
4090455,27307
4091535,25706
4092198,18900
4092344,18913
4092491,18717
4092633,18719
4092858,33908
4093434,18286
4093564,38434
4094274,33915
4094417,27985
4094549,37788
4094710,32834
4094885,38877
4095028,32635
4095183,34047
4095473,34728
4095658,36957
4095922,31293
4096102,43149
4096499,42939
4096699,38024
4096935,36602
4097059,38732
4097205,41170
4097336,39645
4097476,32033
4098188,38398
4098287,32865
4098723,37128
4099084,39132
4099522,38428
4099849,38226
4100693,37803
4100930,34625
4101543,37239
4101718,34207
4101911,37399
4102130,36515
4102359,37228
4102516,37353
4102648,32607
4106510,33177
4106668,32970
4106918,27370
4107184,27942
4107456,27118
4107758,31737
4107927,25502
4108064,25968
4108711,24262
4108864,24328
4109000,25161
4109138,24159
4109274,30520
4109419,30502
4109619,23139
4110010,30035
4115680,17402
4116553,22819
4116955,16679
4119516,21545
4119696,23442
4120007,25749
4120139,16332
4120304,15989
4120768,16066
4121244,14193
4121274,18124
4121405,17751
4121570,15897
4121844,19966
4122233,18704
4123539,16933
4127327,22967
4127763,24332
4127982,19725
4128277,22917
4128467,19299
4128659,24408
4128852,21638
4129023,23914
4129320,18650
4129629,19465
4129809,20742
4130003,17640
4130289,19179
4130476,22534
4130656,24262
4130940,10958
4131264,20916
4131622,17532
4132105,18799
4144707,4778
4146558,7237
4146720,5299
4146876,6317
4146918,9312
4146957,10742
4147052,10890
4147140,11100
4147219,9508
4147304,15113
4147367,11114
4147448,10983
4148019,5134
4148183,4478
4148378,7184
4148884,6538
4149169,6574
4155063,4549
4155232,5462
4155458,5452
4155877,4708
4156040,4756
4156270,4368
4156562,4686
4156798,5138
4157802,4461
4157980,4204
4158269,5343
4158532,5510
4158660,5300
4162476,7772
4162496,10532
4162670,10234
4162747,10325
4162934,9864
4162962,10011
4165810,5655
4165883,6355
4167130,6648
4167170,4451
4167844,4283
4168066,9011
4168207,6826
4168345,8796
4168504,8501
4168654,9155
4168856,9697
4169023,8889
4169179,8567
4169334,8360
4169488,8370
4169652,10066
4169805,7666
4169904,6594
4169955,8908
4170007,8915
4170056,9883
4170122,9410
4170179,16348
4173213,6216
4173696,5542
4175936,7980
4175982,8951
4176161,6819
4176468,8519
4176617,9215
4176656,8585
4176708,12136
4176756,9014
4176788,9096
4176819,10864
4176846,11165
4179982,7169
4181013,7060
4182068,5557
4182127,8589
4182175,7282
4183362,7578
4183534,7124
4185932,6693
4186801,5675
4188048,3764
4188486,5290
4188656,5958
4188906,4619
4189088,7660
4189229,8326
4189378,7405
4189514,8536
4189644,9418
4189773,6014
4189873,6290
4189908,7413
4189935,9099
4189969,8568
4190802,7574
4191639,5383
4192291,7463
4192490,7729
4192631,6046
4192865,5324
4193042,5196
4193185,6449
4193710,8206
4193805,7645
4193941,5848
4195613,8352
4200231,7674
4200539,10509
4200682,4928
4201065,5206
4201281,9992
4201485,6448
4201625,9552
4201760,7325
4201941,9415
4202132,9324
4203382,8514
4204098,6792
4204263,7372
4204425,7128
4204510,7912
4204651,10197
4204714,10075
4204812,9341
4205579,8851
4206424,9937
4206499,11288
4206740,5593
4207276,9535
4208044,9595
4208225,11560
4208400,8159
4208595,11354
4208765,11985
4208899,8556
4209170,8228
4209345,15306
4209523,11758
4209707,10880
4210409,10269
4210623,12659
4212006,11810
4212169,11771
4213983,8929
4214221,8637
4214617,8115
4214874,10246
4215015,7768
4215242,7281
4215520,7133
4216394,8909
4216596,7868
4216736,7486
4216882,7833
4217020,7759
4217166,5240
4223449,3681
4225628,7328
4225674,8255
4225940,14610
4226070,11104
4226394,8643
4226560,8402
4226680,8618
4226882,8365
4227213,14764
4227872,9054
4228034,12980
4228152,12983
4228301,12893
4228419,12655
4230742,7941
4231160,7846
4231304,4761
4231437,8070
4231571,9805
4231749,9570
4231866,9387
4232017,7654
4232200,7379
4232338,7071
4232471,8496
4232604,11644
4232740,7458
4232901,7579
4233038,7433
4233170,7132
4233304,6635
4233447,7368
4233580,8485
4233712,10245
4233854,9322
4233897,9794
4234032,10006
4234165,9204
4234306,7506
4234440,9770
4234573,8229
4241456,4474
4241647,4654
4245156,5245
4245976,4220
4246133,4321
4247233,6977
4247700,9900
4247772,11915
4247904,4689
4248251,4679
4248638,3663
4249206,7995
4251894,13435
4252250,7891
4252425,7327
4252714,7911
4252916,6103
4253054,6599
4253194,7000
4253328,8788
4253462,11233
4253603,11740
4253739,9458
4253894,8127
4254071,6767
4254203,10075
4254325,7232
4254458,7524
4254626,9363
4254746,9609
4255107,9066
4255876,6685
4256022,10078
4256176,9818
4256341,11280
4256534,8212
4256670,10448
4257197,9466
4257234,9124
4257265,9449
4257284,11613
4257319,12276
4257353,11221
4257442,10826
4259256,9190
4260282,8041
4260656,8610
4260866,7253
4261016,7998
4267955,5950
4268042,5771
4268452,6028
4269511,5453
4269920,4884
4270467,4192
4270642,3547
4270876,5302
4271093,3983
4271194,3533
4271471,6181
4272375,3376
4276307,3718
4276418,3231
4276568,4945
4276849,3699
4277220,4342
4277762,5304
4277903,4486
4278026,4607
4278062,4738
4278463,4100
4278821,5973
4279054,5249
4279506,4075
4280293,3777
4280631,4819
4280731,4572
4280929,4848
4281042,3105
4281892,4549
4282777,4325
4283093,4870
4283359,5235
4283689,4049
4286917,5134
4287212,10607
4287374,5700
4287527,5045
4287910,9787
4288737,5666
4289024,8877
4289194,6578
4289365,6347
4289901,7762
4290195,7813
4290366,6544
4290518,7593
4292086,5546
4292668,5291
4292818,6283
4292904,5153
4293107,4669
4293389,6335
4293424,6672
4293442,6372
4293478,6891
4293512,10398
4294084,5871
4294438,5221
4294808,4189
4295523,4691
4296053,5517
4296495,4103
4296790,10392
4298497,7238
4298649,8924
4299209,8942
4301256,5371
4301411,7021
4301857,12075
4302059,11265
4302296,12776
4302435,8207
4302761,8130
4302929,4840
4303741,5317
4303852,6689
4303986,5686
4305917,6457
4306074,6187
4306197,6558
4306459,5584
4306651,6827
4306782,5677
4308645,7579
4308671,8980
4308699,8174
4308750,8470
4308770,8931
4308806,8798
4308908,3899
4309237,7580
4309492,6240
4310020,6671
4310297,6466
4310568,6842
4315055,4723
4315622,3762
4315779,4586
4315953,4790
4318221,4583
4318509,3820
4318934,5656
4321056,3906
4321197,5318
4321267,5277
4321413,6323
4321621,5397
4321775,5318
4321933,5701
4322004,4909
4322405,5390
4322644,5213
4322784,5417
4323099,5862
4323591,6684
4324593,4139
4325323,5306
4325514,4407
4325607,4951
4326581,4684
4328226,4448
4329277,5063
4329468,5075
4330316,4106
4330940,6161
4331072,6617
4331623,4452
4331725,9947
4332019,7793
4332258,5369
4332399,7936
4332450,5339
4332650,5428
4334713,6453
4334898,6294
4335008,5674
4335177,6465
4335262,5799
4335426,6303
4335721,6165
4336639,4842
4337230,4986
4337658,4747
4339094,7363
4339185,4958
4343066,4672
4343074,6696
4343104,3457
4343258,6344
4343574,4009
4344226,5875
4344386,5532
4345024,5144
4345202,4692
4345355,4675
4345551,4772
4345965,6313
4346047,5964
4346175,5945
4346240,5657
4346938,5626
4347281,5353
4347408,5399
4347679,6180
4351215,4211
4351510,6097
4351704,5822
4352126,5630
4352972,6222
4352999,4660
4353156,7750
4353308,7966
4353457,9616
4353650,6454
4353901,7020
4354041,8969
4354520,7267
4354647,10142
4354779,6947
4355050,6302
4355264,9624
4355453,8173
4356122,8818
4358806,6481
4358872,8535
4358880,7511
4358887,8468
4359078,7633
4359369,5826
4359649,6987
4360014,7740
4360177,5911
4360940,7276
4361443,4334
4363106,5827
4363287,8037
4363452,6836
4363654,8041
4363773,7093
4363891,8683
4368649,6239
4368669,5749
4369014,4751
4369053,5085
4369205,5823
4369682,6108
4369767,5610
4369807,5905
4369857,5901
4369916,6366
4369967,6542
4369987,6388
4370326,6374
4377237,3741
4378011,3318
4378251,3912
4378407,4074
4378546,3823
4378709,4618
4378861,4023
4379028,3697
4379147,3931
4380093,4959
4380120,4022
4380171,7815
4380367,7976
4380624,10470
4382021,10212
4382938,6025
4383158,5139
4383412,5835
4384176,6847
4385448,5012
4385595,5308
4386524,5164
4386679,7804
4386903,6358
4387028,6898
4387188,10569
4387308,8127
4387443,6944
4387585,11175
4387720,9935
4387861,9743
4387934,9079
4388141,9860
4388613,12311
4388794,8912
4389087,11220
4389286,19190
4389622,9389
4390516,8994
4391481,9666
4391783,11596
4392610,11092
4392776,10125
4394040,6670
4394171,9358
4394385,11019
4394480,8776
4394517,9710
4395921,11496
4396371,8503
4396528,10441
4396797,8533
4398096,13619
4398774,7636
4399498,12796
4399641,9347
4399937,11385
4400743,9289
4401176,10071
4401568,7850
4401872,9114
4402012,9990
4403208,8450
4404144,5320
4404291,8403
4404907,7024
4405431,7029
4405635,5713
4406106,6133
4407096,6280
4407248,6455
4407430,5826
4407605,6193
4407726,6967
4407878,7046
4407998,6466
4408148,6494
4408286,5146
4414378,4325
4414946,7922
4415684,5419
4415709,4392
4416488,3971
4416639,3616
4417787,4888
4417938,5276
4418111,4938
4418236,5922
4418431,5068
4418683,6421
4418972,5414
4419424,4499
4419698,3864
4420294,8254
4420507,8338
4420924,8389
4421237,8451
4421340,5279
4421469,8260
4421587,8165
4422208,7465
4425694,5801
4425949,5779
4426092,8905
4426235,5741
4426381,5204
4426519,10152
4426682,9185
4426718,9130
4426851,8191
4426992,9760
4427109,8946
4427236,7308
4427483,7582
4430862,5654
4432143,5668
4432231,4566
4432293,7266
4432454,6482
4432699,4640
4432889,4157
4432897,6987
4432943,4975
4432964,5632
4432981,5760
4433028,7057
4433036,6972
4433604,6111
4437425,5820
4437465,6166
4438457,5206
4438625,5283
4440346,15721
4440457,9805
4440504,5491
4440606,4891
4440750,5170
4441269,5699
4441524,7054
4444631,6543
4444788,13256
4445125,5051
4445244,9724
4445356,10152
4445641,8909
4446133,12094
4446265,7510
4446303,8703
4446501,7393
4446623,6415
4446834,6541
4447181,10791
4447540,11339
4447851,7231
4448029,6058
4448401,5771
4451482,6690
4451655,6453
4452248,9002
4452343,8968
4452506,5376
4452751,5799
4453086,8806
4453465,8979
4453948,8732
4454342,5247
4454543,5752
4454863,5284
4455168,5746
4455366,5310
4455570,6035
4456183,4973
4460332,5034
4461573,4178
4461732,4705
4461912,5688
4462052,5710
4462177,5154
4462895,3744
4463537,4876
4463619,5022
4463771,5071
4464028,4189
4464654,3727
4465446,4395
4465610,3527
4465974,4430
4466287,3812
4470657,3981
4470690,8017
4470804,7085
4471065,7742
4471383,4625
4471413,7179
4471615,7489
4471868,7337
4472712,6852
4472911,6560
4473053,6319
4473170,10396
4473307,10808
4473480,12610
4473625,13500
4473872,14503
4474936,8774
4475107,9486
4475259,11464
4475409,11365
4475567,10407
4475720,10349
4476096,10211
4476251,10148
4476409,10526
4476561,8707
4476712,7324
4476877,8533
4477033,11731
4477189,8402
4477339,11902
4477510,11269
4477663,9948
4477815,9845
4477991,9575
4478424,8846
4479891,7583
4480064,8854
4481910,8993
4482075,7988
4482228,7091
4482378,6320
4482928,6245
4484305,8475
4489528,5381
4489777,5455
4489986,5586
4490165,8902
4490346,7267
4490895,7509
4493030,5253
4493184,8059
4493321,9613
4493462,11475
4495669,4350
4495831,16299
4495993,7032
4496256,8966
4496389,8784
4496519,8527
4496662,13438
4496794,22702
4496898,8372
4497066,8057
4497174,16030
4497307,11468
4497436,11476
4497577,10029
4497713,9787
4497853,16189
4497986,16132
4498126,12335
4498365,20719
4499284,16783
4499426,22830
4499630,13868
4499904,14322
4500094,18871
4500258,13049
4500577,17532
4500701,12698
4501313,18071
4501545,17724
4501682,17758
4501849,17479
4502001,14327
4502853,34196
4503151,41276
4503317,38716
4503483,40992
4503647,25320
4503815,19759
4504140,18057
4504302,33491
4504468,49423
4504627,41010
4504791,40899
4505397,40708
4505720,31245
4506229,37889
4506386,31024
4506538,29417
4506701,29608
4506884,29207
4507039,29368
4507191,27495
4507351,29225
4507891,29202
4508049,36255
4508199,26887
4509015,37016
4510568,25005
4510718,23360
4510900,27212
4511260,24015
4511400,23507
4511535,24272
4512058,31843
4512245,14658
4512385,21721
4512692,29935
4512859,33924
4513004,33355
4513591,33696
4514667,32000
4514814,32398
4514873,36323
4514911,40062
4514942,23811
4514979,24040
4515009,24243
4515039,24602
4516132,31489
4516414,31260
4516596,32597
4516745,32549
4517123,32222
4517355,32040
4517577,46513
4517759,31976
4518025,27424
4518090,26008
4521482,22901
4522429,25074
4522585,43421
4522745,36225
4523014,32368
4523796,43925
4523940,43862
4524135,35189
4524339,49948
4524560,36054
4525106,42542
4525476,32470
4525641,42681
4525777,33353
4526371,47990
4526532,32892
4526760,31316
4526912,34659
4527171,32435
4527329,32186
4527519,39884
4527762,33153
4527972,39495
4528691,37372
4528877,22761
4530907,34720
4531078,28152
4531640,36593
4531933,42503
4532102,42279
4532270,38659
4532431,45494
4532589,32046
4532749,32439
4532944,32872
4533196,32993
4533368,32752
4533649,33113
4533819,16066
4537154,34360
4537505,30879
4537870,30170
4538103,34825
4538277,26811
4538429,26891
4539218,29230
4539308,28154
4539668,26581
4539814,27488
4540036,22082
4540309,21159
4540451,36307
4540587,66915
4541527,40398
4541780,36805
4542126,36559
4543935,34917
4544154,34903
4544310,34850
4544449,56585
4544624,56526
4544742,56509
4544866,53557
4545007,43797
4545152,32093
4545270,32173
4545475,32070
4545861,31635
4551246,26399
4551413,35526
4552682,48166
4552955,42803
4552981,33889
4553016,31051
4553038,56219
4553073,65710
4553593,65297
4553638,74285
4553670,65757
4553690,47660
4553720,64289
4553769,48035
4553789,72398
4553986,71471
4554061,71441
4554102,68310
4554917,43372
4555067,41018
4557168,51213
4557339,44356
4557570,60510
4557748,43806
4559686,41767
4560114,48970
4560298,53752
4560435,58492
4560713,57443
4561006,57987
4561178,55820
4561331,56186
4561644,55457
4561832,56375
4562021,54239
4562139,62960
4562182,63185
4562218,62932
4562256,54154
4562292,63103
4562333,56887
4562368,56923
4562407,56975
4562443,57230
4563313,59732
4563491,38834
4563670,38256
4563856,38320
4575134,50422
4575289,49652
4575398,44374
4575582,50025
4575803,47534
4575947,49710
4576073,54103
4576212,49005
4576345,49075
4576478,61527
4576695,33098
4577082,36846
4577279,40041
4578162,38188
4580947,29815
4581155,32386
4581312,57985
4581478,56772
4581635,33124
4581787,34973
4581919,35481
4582086,33993
4582241,32742
4582392,33135
4582546,50664
4582698,34627
4582871,56327
4583032,42239
4583183,54878
4583344,55903
4583497,54855
4583646,54304
4583797,33199
4583908,36023
4584079,42319
4584241,42209
4584407,42907
4584566,42511
4584725,42608
4584917,42347
4585076,42429
4585317,42168
4585481,42115
4585641,42117
4585800,30841
4587424,40383
4587573,40304
4587709,31717
4587857,32622
4587998,46610
4588137,32896
4588268,34867
4588399,33547
4588540,33463
4588676,47013
4588807,62358
4588981,48492
4589119,47953
4589256,48634
4589390,48711
4590254,62539
4590416,62485
4590567,65452
4590725,62017
4592887,58890
4593076,60859
4593507,58562
4593780,48692
4594091,58818
4594277,47841
4595188,48534
4595378,45512
4595566,44932
4595890,46173
4596187,44504
4596369,43129
4596550,46062
4596730,40047
4596919,44318
4597103,44275
4597389,46711
4597553,58931
4597946,52853
4598114,46285
4598655,55210
4598820,45424
4599025,45694
4599190,47361
4599349,46745
4599520,46471
4599692,37198
4599864,36833
4600023,36499
4600187,37436
4600345,37674
4600501,37465
4600672,53420
4602421,52049
4602909,51869
4603622,51952
4603680,45114
4603727,45747
4603776,47395
4603830,47401
4603879,49172
4603925,47360
4604422,48077
4604470,48760
4604517,41670
4604573,41708
4604631,41727
4604677,45133
4604723,41944
4604774,41992
4604954,43406
4605149,49813
4605299,49891
4607843,40088
4610098,37602
4610251,37189
4610437,37489
4610599,37433
4611094,28051
4613694,22465
4614225,24077
4614584,24506
4615136,25169
4615696,23992
4621182,17021
4621465,24961
4625452,22853
4625643,23016
4625766,22375
4626216,22232
4626480,22841
4626665,24079
4626858,28046
4627107,27868
4627294,21158
4637199,18754
4637657,18433
4638914,17402
4639328,17125
4639526,17064
4639714,17014
4640139,17183
4640336,17089
4640526,17779
4640719,17576
4641887,15061
4642146,16660
4642303,16320
4642449,15913
4642625,15284
4642789,16110
4642907,14693
4660090,6463
4660268,5967
4660395,4109
4660576,5492
4660714,5024
4660895,4995
4661034,4585
4661204,4123
4661342,6029
4661462,10190
4661607,5934
4661761,7003
4661972,7812
4662112,5890
4662284,5455
4662424,5355
4662586,8745
4662765,8411
4662911,8787
4663193,8138
4668499,4649
4668951,3668
4669332,3363
4670211,3861
4671064,3837
4672542,4134
4672894,3838
4674520,4451
4674652,5038
4674791,3851
4674969,4786
4675089,5053
4675762,3468
4675817,3785
4675857,3576
4676000,4083
4676682,4729
4677213,3952
4677282,3981
4677349,4552
4677429,5082
4677578,3890
4678211,3830
4678985,4101
4679589,3824
4679899,3844
4680180,4184
4680377,3687
4681511,5615
4681641,5269
4683943,6493
4684205,9197
4684378,9949
4684679,5529
4684903,8662
4685014,6286
4685185,5381
4685404,7524
4685622,5460
4686928,7347
4687964,6404
4688013,6670
4688165,12791
4688312,12342
4688449,5957
4688599,12001
4688740,11966
4688858,12212
4688994,9526
4689236,12127
4689356,11955
4689512,12003
4689645,12873
4689761,12426
4689901,12424
4690044,11171
4690236,10711
4690397,12581
4692914,7007
4693092,16705
4693286,16342
4694574,15869
4695154,10809
4695300,9314
4695433,14890
4695573,10967
4695708,14466
4695950,11990
4696092,12208
4696224,12170
4696363,11387
4696494,10961
4696626,13637
4696766,49316
4696907,49247
4697041,31045
4697181,27728
4697323,23235
4697455,23216
4697585,23181
4697716,23176
4697996,22992
4698145,20219
4698280,29302
4698416,29764
4698558,30573
4698692,9753
4699296,23646
4699442,20485
4699577,22377
4699711,18076
4699856,17049
4699991,15029
4700122,15493
4700258,15265
4700375,25584
4703019,28287
4703417,41144
4703560,39397
4703696,40308
4703851,40103
4704661,37671
4704889,45851
4705050,45914
4705185,46412
4705336,37268
4705470,37913
4705623,37179
4705795,37341
4705910,37621
4705934,38026
4705953,32945
4705971,34489
4706005,35936
4706268,47352
4706558,37278
4706738,37642
4706975,37747
4707119,38471
4708741,38993
4708897,39136
4709122,39038
4709313,39251
4709466,38958
4709640,39315
4710393,38875
4710586,39322
4710777,37869
4710911,38928
4711050,38910
4711339,37751
4711861,38220
4712065,38070
4712217,37968
4712350,19058
4712546,17663
4712698,20337
4712846,18807
4712969,18801
4713096,18098
4713256,32392
4714014,31913
4714186,33049
4714346,31680
4714517,31692
4714679,25209
4715000,27498
4715170,27578
4715338,27698
4716888,26442
4717055,26380
4717214,26685
4717373,26682
4717535,27080
4717695,27628
4717863,29036
4718030,26129
4718191,26861
4718466,26477
4718634,26366
4718793,17137
4718911,25353
4719074,24826
4719232,22403
4719393,22136
4719562,19385
4719724,18229
4720144,17746
4720308,16668
4721362,16911
4721521,18535
4721670,19915
4721848,22365
4722026,32448
4722180,31579
4722339,24407
4722494,32018
4722643,32098
4723016,32146
4723179,32124
4723887,31641
4724052,31611
4724210,31588
4724368,31686
4724531,31750
4724704,31724
4724867,31892
4725029,27700
4725915,28338
4726088,28257
4726261,29695
4726428,28455
4726585,29316
4726747,29461
4726913,29195
4727070,25793
4727226,25380
4727395,24913
4727554,24705
4727713,24319
4727890,24358
4728952,24612
4729215,25555
4729410,25419
4729566,24106
4729704,26304
4730016,26142
4730211,23151
4730450,23592
4730622,19863
4730815,19223
4731011,19176
4731668,18672
4731837,18648
4731993,22206
4732149,19500
4732532,18705
4732753,20193
4733081,17915
4733255,17481
4733389,20981
4746505,11099
4759967,4603
4760092,3398
4765169,4768
4765757,7184
4765928,5338
4766151,8053
4766330,12563
4766367,8988
4766494,12903
4766648,9922
4766799,11153
4767156,10737
4767225,8791
4767273,11373
4767318,13622
4767362,11128
4767411,17689
4767456,11125
4767912,5713
4768076,5867
4768258,14786
4768427,5281
4768592,7351
4768767,4178
4768926,11010
4772504,12396
4772676,13631
4772861,13509
4774146,11050
4774366,9229
4774727,16194
4774883,14125
4775022,14926
4775169,12121
4775309,12175
4775444,12262
4775580,12354
4775725,10359
4776139,9795
4776279,15816
4776419,16500
4776553,16579
4776694,16577
4776874,15777
4776982,13533
4777119,13855
4777259,13928
4777399,13978
4777539,14281
4777677,12264
4777814,12463
4778075,11615
4779772,14801
4780027,15164
4780194,14359
4780352,14063
4780504,16758
4780667,14847
4780819,14913
4780934,15333
4780987,14079
4781788,13329
4781959,12702
4782269,12717
4782437,13744
4782602,12319
4782759,11474
4782944,13129
4783118,12870
4783273,12834
4783423,11675
4784006,9632
4784166,9323
4784325,11004
4784478,10792
4784628,9179
4784785,9237
