361,2889
784,3035
992,2940
1364,2811
1558,2829
1904,2846
2051,2848
2297,3024
2528,2842
2692,2850
2770,2937
3254,3104
3473,2888
4037,3220
4186,3162
4213,3176
4429,3626
4994,3228
5185,3314
5398,3194
5807,3006
5827,3051
6054,3034
6584,2804
6675,3105
6820,3158
6961,3155
7095,3400
7115,3429
7263,3334
7562,3329
7682,3471
7925,3442
8302,3308
8336,3445
8716,3151
9277,3010
9571,3267
9583,3096
10047,3050
10197,3247
10339,3309
10473,3421
10986,3153
11004,3827
11195,3716
11438,3433
11936,3178
12135,3187
12177,3668
12341,3556
12381,3445
12551,3328
12655,3458
12913,3252
12937,3333
13562,3217
13770,3001
13926,3390
13942,3271
14102,3515
14222,3730
14473,3529
14498,3777
14720,3607
15361,3267
15670,3257
16012,3206
16317,3136
16389,3227
16527,3242
16699,3254
16812,3314
16910,3431
17064,3604
17417,3470
17672,3548
17876,3391
18482,3108
18675,3141
19107,2855
19237,3035
19399,3403
19525,3329
19844,3305
19955,3998
20217,3646
20392,3523
20709,3388
20719,3434
20855,3520
20974,4177
21103,3666
22142,3063
22164,4121
22313,2978
22376,3545
22562,3411
22728,3714
22895,3482
23034,3677
23300,3470
23474,3446
23630,3564
23685,3982
24438,3869
24464,4639
24798,3620
24886,3293
24924,3669
24970,3882
24989,4437
25010,4994
25265,3256
25541,3500
25554,4239
25922,3275
27098,3187
27285,3171
27473,3289
27598,3227
27813,3496
27987,3269
28536,4124
28707,2928
28848,3025
29076,3669
29234,3472
29254,3308
29360,3703
29466,3530
29525,3917
29837,3711
30092,3978
30315,4070
30508,3824
30688,3905
30875,3832
31028,4350
31218,4215
32405,3585
32427,4131
32598,4013
32719,3459
32828,3450
32974,4330
33099,3920
33241,4006
33268,4154
33386,4145
33484,4145
34024,4121
34173,4024
34197,4526
34344,4779
34430,4346
34479,4731
34615,4645
34727,4718
34954,4643
36084,3715
36251,3618
36393,3594
36413,3638
36539,3861
36584,4017
36622,4614
37022,3986
37080,3733
37333,4109
37956,3579
38015,3839
38211,3988
38319,3934
38441,3947
38573,3945
38870,3815
39178,3599
39968,3037
40198,3466
40222,3685
40433,3526
40633,3653
40811,3481
41045,3313
41269,3951
41557,3336
41581,3558
41697,3397
41898,3415
42686,3643
42838,3440
42841,3683
42940,3769
43215,3362
43369,3390
43748,3329
43891,3460
43993,3737
44009,3990
44120,3931
45224,3662
45380,3878
45433,2787
45597,4014
45946,3440
46151,3379
46357,3920
46787,3341
46804,3418
46917,3310
46969,3505
47102,3422
47192,3399
47219,3491
48266,2842
48297,2980
48410,2970
48475,2998
48614,4087
48950,3363
49097,3657
49198,3771
49932,3221
50040,3455
50303,3550
50345,3606
51593,3034
51695,3031
51795,3103
51956,3037
52001,3395
52146,3583
52163,3726
52335,3686
52455,3622
52623,3855
52688,3488
53027,3385
53056,3476
53257,4048
53447,3781
53572,3781
53682,4149
53754,3768
53985,3859
54148,4233
55421,3543
55463,3550
55802,3478
56165,3563
56269,4021
56507,4126
56596,4334
56660,4089
56803,3997
56961,3894
57100,4065
57346,3936
57472,4009
57568,4208
57636,4131
57878,3957
58257,4476
58327,4255
58499,4479
58681,4800
58761,4453
58810,4734
59119,4296
59138,4824
59323,4799
59465,4752
59760,4565
59784,4617
60393,4605
60619,4498
60786,4383
60920,4856
61014,4883
61152,4677
61289,4659
61304,5087
61426,5166
61561,5056
61589,5087
61876,4872
61936,5012
61996,5214
62344,5062
62659,4891
63013,4790
63280,4744
63478,4596
63577,4560
63604,5005
64676,3999
65063,3862
65213,4136
65234,4013
65411,4333
65727,4152
65885,4229
66053,4195
66199,4245
66230,4283
66376,4251
67595,3645
67696,4355
67860,3646
67880,3738
68019,3715
68176,3942
68191,4029
68439,4386
68693,4185
68882,4702
68970,4742
69017,4645
69147,4845
70564,3836
70689,3402
70775,3677
70926,3579
71067,3777
71330,4642
71460,3843
71580,4600
71775,4258
71915,3991
71950,4146
71988,4415
72007,4523
72190,3631
72336,4021
72602,4867
72991,4678
73008,4695
73206,5160
73270,4580
73410,4492
73742,4334
73870,4333
73984,4287
74157,4302
75336,4405
75493,3616
75525,3512
75619,4450
76013,4449
76137,3984
76210,4396
76355,4042
76442,4040
76566,3998
76722,4265
76748,4189
76944,4224
77098,4215
77282,4140
77463,4167
78734,3339
78783,3376
78875,3391
78915,3450
79204,3578
79351,3532
79515,3319
80170,3917
80222,3385
80321,5517
80603,3536
81053,4853
81181,4786
81334,4688
81467,3441
82756,3324
82908,3220
83044,3133
83180,3046
83315,3076
83455,3084
83591,3499
83630,3188
84092,2899
84292,3133
84429,3318
84564,4467
84862,2887
85050,2825
85189,2960
85232,3734
85263,3418
85670,3500
88231,3731
88469,3858
88573,3905
88679,4051
88743,4044
88799,4598
88995,4219
89076,4218
89216,4134
89243,4104
89405,4043
89444,4071
89571,4165
89586,4828
89727,4580
89898,4668
89971,4505
90048,4565
90128,4574
90194,4609
90280,4578
90368,4636
90431,4751
90509,4805
90635,6051
90685,5919
90808,5743
90827,5746
90958,5877
91189,5696
91356,5609
91930,5534
92636,5811
92928,5584
93062,5600
93129,5433
93406,5303
93543,5358
93565,5430
93678,5558
93815,5370
93854,5269
93996,6047
94029,6062
94149,6064
94250,6111
94442,6100
94633,6301
94853,6143
95425,5841
95442,5761
95806,5664
96014,5338
96280,5235
96784,4779
97534,4381
97717,4804
97873,4740
97991,4862
98129,4809
98286,4703
98833,4747
99025,4689
99050,5460
99173,4741
99329,4639
99474,4568
99565,4602
99834,5024
100349,4456
100532,4391
100751,4130
101028,5096
101033,4789
101258,4919
101396,4831
101542,4665
101859,4465
102003,5005
102118,4944
102241,4906
102403,5482
102543,5792
102673,5720
102681,5743
105086,4647
105124,3831
105149,3985
105277,3922
105366,4110
105614,4942
105690,5468
105838,5392
105884,4991
105966,5465
106044,5332
106250,4843
106386,4890
106428,5200
106477,5236
106561,5502
106622,5962
106700,5275
106840,5653
107235,5481
107256,5493
107397,5461
107416,5595
107569,5709
107685,6385
107697,5907
107991,5816
108171,5689
108474,5436
108510,5621
108778,6159
108948,6577
109004,6008
109760,5323
109930,5223
110053,5245
110182,5380
110910,5435
111190,5261
111532,5004
111739,4942
111758,4972
111877,5074
112014,5040
113081,5431
113101,5191
113235,5962
113380,5973
113411,5619
113606,5372
113677,5675
113824,5393
113944,5463
113971,5282
114221,5180
114393,5241
114462,5249
114656,5555
115321,5152
115597,4796
115693,4785
116624,4569
116679,4314
116781,4266
117083,4091
117233,4151
117268,4285
117389,4102
117430,4489
117562,4212
117685,4169
117804,4672
118047,4962
118825,4757
119046,4739
119436,4460
119480,4558
119741,4463
119798,4719
119849,4535
120999,6423
121212,4224
121326,6046
121486,5835
121589,4169
121738,5740
121930,5336
121931,4698
122138,4229
122194,5384
122337,5296
122457,5072
122521,5546
122699,5495
122844,4847
122861,5394
122996,5326
124165,3737
124770,3947
124947,3928
125108,3959
125272,3847
125548,4123
125841,3928
126024,3851
126188,3827
126214,4235
126434,4398
126441,4121
126605,4008
127247,3807
127414,3786
127552,5233
127692,3583
127841,3765
127985,3715
128119,3947
128254,3921
128387,3780
128529,4051
128905,3938
129050,3838
129291,4141
130185,3119
130341,3024
130592,3161
131284,3129
131379,3166
131443,3166
131517,3192
131666,4665
131712,4529
131741,4309
131908,4469
132057,4381
132195,4336
132232,4414
132428,4500
132611,5277
132694,5054
132868,5121
133115,5049
133134,4967
133278,5553
133439,6034
133490,4881
134623,3876
134963,4623
135117,3817
135243,3774
136711,2896
137257,2996
137421,5346
138700,4695
140232,4148
140319,3707
140382,3790
140435,3645
140525,4051
140600,3959
140703,3626
140772,4339
140823,4860
140877,4620
140923,5141
140974,6108
141025,5386
141077,5903
141130,5690
141182,6192
141366,3661
141553,5668
141713,3265
142115,3818
142380,3387
142402,3306
142555,3758
142703,3658
143244,3917
143694,4044
143845,3992
144032,4215
144598,4146
144676,3854
144754,3695
145177,4331
145733,4106
146091,3845
146257,3780
146385,3755
146521,4059
146583,4135
147021,3937
147159,4077
147330,4028
148261,3481
148282,3734
148562,3969
148585,3786
149093,3336
149280,3324
149445,3504
150201,3658
150376,3536
150426,3246
150559,3555
150749,3532
150793,3523
150896,3606
151000,3599
151078,3757
151269,4854
151302,3622
151449,3953
151484,4282
151837,4409
152587,4267
152774,3644
153036,3436
153181,3367
153597,3554
154327,3153
154448,3706
154601,3715
154626,3395
154715,4115
155038,3167
155394,3379
155507,4077
155537,3504
155634,4474
155670,4319
155865,3837
156023,4016
156966,3578
156997,3576
157143,3486
157195,3573
157393,3717
157559,3668
157670,3646
157962,3453
158114,3513
158412,3570
158854,3826
158873,3742
159019,3658
159170,3711
159206,3754
159290,3749
159346,3888
159478,4076
159767,4110
159907,4030
160052,3937
160262,4230
161055,3900
161161,4125
161337,3905
161591,4080
161701,3956
161722,4109
161856,4219
162082,4249
162479,3909
162713,3728
162896,3594
163622,3785
163729,3145
163981,3186
164060,3557
164195,3728
164199,3371
164333,3686
164370,3898
164511,3808
164630,4483
164842,4302
164967,4042
165467,4130
166352,3540
166509,3522
166729,3466
166919,4855
167052,3522
167207,3890
167271,3877
167404,4001
167460,4043
167621,3944
167982,4152
168112,4026
168134,4154
168456,3984
168494,4383
168627,4520
168681,4250
168826,4200
168844,4159
169292,3921
169390,4182
170155,3439
170229,3470
170410,3359
170414,3480
170623,3813
170828,3909
171238,3734
171255,4046
171404,3899
171539,3827
172539,3659
173017,3417
173069,3517
173228,3746
173380,3726
173756,3598
173899,3511
173944,3642
174074,3646
174092,3990
174510,3920
174712,3815
174863,3879
176555,3614
177038,3383
177150,4214
177244,3757
177411,3773
177463,3959
177609,3908
177666,3872
177757,3910
177918,3862
178118,4215
178131,4089
180494,2960
181294,3663
181846,3233
182032,3164
182171,3291
182366,3146
182567,4233
182707,4060
182951,3895
183113,3962
183136,4072
183285,4189
183333,4740
183501,4664
183621,4965
183719,5123
183858,4606
183865,4612
184008,4822
184230,4589
184574,4217
184619,4722
184701,4179
184990,4483
185115,5474
185137,5671
185172,5234
185302,4947
185371,5373
185559,4926
185630,5269
185739,5255
185765,5535
185888,5486
185928,5935
186284,5658
187183,4981
187240,5120
187393,4957
187546,5204
187684,4847
187855,4779
187875,5451
188009,6012
188171,5907
188305,6065
188505,5946
188720,5891
188912,5644
189586,5564
189606,5478
189827,5406
189955,5781
189987,5491
190131,5857
190927,5144
191673,4795
191709,4860
191846,5044
192002,4866
192129,4868
192299,5045
192456,5275
192582,5217
192750,4961
192764,5443
192876,5155
192909,5221
193050,5204
193390,5623
193607,5618
193684,5495
193842,5477
193955,5618
194156,5472
194697,5029
194890,5835
194927,5610
195290,5520
195574,5291
195878,5107
195945,5136
195991,5824
196026,4967
196999,5054
197056,5467
197187,5283
197503,5068
197809,5512
197996,5438
198138,5409
198263,5474
198341,5281
198390,5913
198502,5286
198612,5587
199392,5702
199414,5501
199559,5345
199717,5247
199860,5169
199977,5167
200228,5028
200417,4893
200556,5156
200754,4946
200894,5136
201706,5133
201881,4882
201942,5083
202083,5110
202121,5143
202200,5292
202278,5146
202313,5256
202423,5425
202558,5253
202631,5308
202689,5442
202917,6158
203082,5917
203319,5316
205051,3994
205227,4018
205351,3977
205503,4055
205727,3882
205869,3839
205998,3873
206173,4558
206328,4391
206481,4298
206615,4699
206684,4253
206812,4321
207034,4353
208303,3449
208334,3919
208707,3536
208858,4054
209079,4010
209323,3701
209391,3811
209692,3526
209859,3411
209994,3742
210085,3860
210456,4013
211525,3351
211565,3874
211766,3505
211909,3446
212190,3349
212521,3383
213029,3439
213236,3318
213318,3561
213394,3542
213471,3519
213538,3599
213725,3515
213765,3622
213901,3611
214052,3571
214076,3716
214186,4904
214316,4434
214372,4591
214511,4300
214542,4428
214678,4334
217018,3749
217990,3136
218162,3744
218322,3635
218482,3745
219104,3188
219946,3220
219988,3420
220142,3805
220296,3641
220338,4389
220415,4003
220620,3748
221047,5671
221210,4719
221240,3729
221311,4464
221415,6005
221559,4955
221583,4792
221702,4917
221795,4792
221935,4550
222002,5292
222056,5249
222217,5386
222340,5197
222396,5233
222517,5216
222684,5210
223074,4903
223244,4968
223270,4975
223444,5089
223474,5107
223867,5278
224002,5460
224115,5622
224171,5847
224492,5463
224803,5267
224867,5470
225071,5359
225117,5472
225267,5413
225429,6313
225592,6309
225732,6063
226018,6152
226182,6040
226336,6034
226799,5695
226992,5917
228017,5022
228051,5319
228251,5068
228303,5034
228565,5068
228746,5015
228904,4939
228929,5019
229112,5628
229181,5632
229275,5792
229377,5844
229542,5872
229580,6618
229679,6537
229790,6270
229871,6435
230017,6350
230173,6171
230181,6257
231082,5452
231231,5814
231563,5466
231846,5267
232109,5152
233074,4377
233121,4713
233277,4676
233371,4523
233461,4308
233619,4500
233758,4707
233893,4621
234033,4700
234063,4719
234323,5436
234480,5328
234728,5133
234850,5160
235182,4958
235305,4812
237480,3424
237502,3490
237618,3687
237828,3545
238081,6362
238177,6348
238267,6471
238307,6292
238416,7434
238572,4582
238592,6842
238918,7523
241098,4221
241142,4760
241277,3685
241396,4835
241465,4722
241514,4624
241679,4395
241712,4062
241822,4376
242002,4278
242147,4180
242290,4430
242439,5129
242524,4700
242695,4479
242786,4578
242912,5191
242929,4957
242946,5038
243182,5033
243340,5414
243368,5000
243437,5608
243535,5145
243730,5345
243891,5738
244014,5342
244199,5912
244791,4784
244983,4754
245057,4953
245770,4279
245912,4332
246028,4263
246211,4134
246328,4383
246492,5299
246586,5350
246683,5798
246769,6235
246902,5984
246952,5584
247020,6054
247089,5994
247206,6014
247405,5763
248454,4928
249447,4153
249704,4252
250093,4240
250272,4252
250407,4542
250410,4220
250566,4373
250611,4402
250725,4473
250764,4570
250910,4495
250936,4686
251009,5384
251133,4989
251148,5235
251282,5062
251301,5033
252089,5025
252128,5322
252220,5682
252311,5312
252715,5385
253108,4893
253263,4970
253440,5951
253459,5092
253594,5150
253628,5430
254094,5128
254136,5201
254167,5556
255425,4580
255454,4933
255744,4693
255902,4585
255948,4759
256023,5214
256134,5224
256136,5152
256448,5130
256494,5666
256690,5531
256834,5390
256987,5296
257130,5215
258375,4636
258564,4804
258566,4558
258760,4662
258883,4591
259071,4896
259227,4792
259462,4609
259718,4489
259737,4515
259866,4561
259987,4758
260129,5056
260368,5378
260537,5209
260738,5180
260756,5214
260894,5127
261033,5161
261162,5092
261291,5012
261420,4987
261440,5244
262625,4463
262931,4239
263095,4437
263213,4418
263249,4641
263380,4338
263520,4302
263636,4470
263681,4260
263794,4482
264086,4480
264244,4373
264426,4301
265585,3836
266159,3465
266350,3547
266474,3474
266821,3457
267352,3913
267840,3356
268824,2895
268975,2959
269133,2908
269355,3151
269712,2950
270219,3189
270499,3820
271017,3096
271200,3975
271362,4020
271512,3637
271636,3732
271996,3496
272203,3416
272375,3381
272534,3296
272719,3299
272842,3488
272901,3405
272975,3693
273024,3491
273091,3716
273203,3523
273214,3590
273440,3604
273465,3635
273564,3777
273718,4169
273850,3972
273944,4212
274096,4496
274153,4576
274381,4403
274699,4252
274913,4323
275201,4303
276433,4759
276606,3527
276837,4520
276856,4007
277011,4042
277163,4085
277183,4032
277289,4012
277451,3847
277571,3889
277593,3996
277715,4042
277765,4095
279043,3002
279339,2969
279586,2987
279782,3145
279971,3149
280239,2932
280405,3330
280889,3412
282012,3246
282286,3568
282326,3463
282761,3587
282957,3495
282992,4102
283152,4028
283255,4048
283374,3863
283566,3806
283721,4387
283858,4373
283870,4242
284020,4145
284156,4126
284284,4111
284368,4693
284430,4480
284525,4642
284615,4634
284743,4622
284803,4832
284870,4866
284960,4875
284982,4955
285143,4933
285238,5089
285307,5088
285415,4963
285488,5293
285609,5224
285782,5242
286288,5679
286470,6257
286539,5709
286703,6076
286871,6006
287015,5814
287164,6127
287330,6016
287450,5948
287616,6364
287826,5987
288135,6175
288284,6310
290153,4785
290217,4898
290458,4544
290605,4482
290724,4327
290851,5409
290966,5120
291068,5310
291091,5219
291246,4960
291265,5454
291443,5738
291467,5797
291723,5606
291757,5682
292001,5568
292277,5349
292526,5193
292670,5195
292893,5170
293049,5716
293066,5383
294122,4704
294137,4602
294316,4890
294423,5049
294481,5066
294617,5003
294795,5342
294929,5474
295172,4897
295293,5302
295408,5131
295434,5224
295567,5641
295619,5955
295727,5583
296436,5077
296697,5189
296840,5160
297890,4512
297915,4425
298087,4244
298246,4353
298750,4245
298862,4529
299016,5257
299118,5036
299275,4933
299294,5047
299760,4943
299968,4831
300105,4755
300241,5379
300433,5398
301443,4111
301581,4470
301617,4098
301733,4677
301772,4864
301799,4441
301840,4574
301955,4231
302234,4276
302582,4740
302691,4069
303029,4196
303062,4394
303199,4310
303231,4336
303371,4524
303403,4817
303519,4637
303564,4974
303873,4993
303965,5024
303998,4983
304121,4931
304431,4690
306875,3299
307051,4346
307285,4008
307411,4089
307598,4476
307721,4023
307977,3886
308154,3784
308377,3868
308572,4007
308702,4959
308881,3995
309027,3937
309158,4960
309279,3787
309322,5084
309403,4124
309457,5077
309582,4693
309715,4610
309840,4617
309984,5425
310138,4729
310281,5003
310309,5189
310430,4758
310435,5162
312384,3593
312687,3592
312780,3580
312962,3496
313131,4815
313194,4963
313290,5029
313365,5087
313457,4928
313636,5208
313755,5254
313802,5260
313929,5237
313952,5305
315008,4326
316348,3830
316561,3817
316698,3681
316748,3683
316894,3617
316933,3626
317074,3627
317210,3875
317261,3889
317382,3999
317387,3874
317506,3963
317551,4319
317682,4622
317774,4844
317835,5031
317993,4927
318143,4838
318173,4875
318307,4810
318460,5000
318616,4999
319268,4406
319376,4453
319414,4689
319855,4696
319986,4731
320941,3928
321049,4153
321201,3882
321304,4220
321498,3755
321728,3736
321908,3994
322078,4319
322228,4298
323197,3783
323359,3790
323499,3747
323663,3781
323760,3721
323893,4429
323935,4323
324078,4126
324748,3837
324903,3841
325140,3640
325406,4127
325549,4492
325689,3694
325744,4011
325865,4163
325976,3866
326042,4003
326124,3853
326355,3962
326592,3776
327067,3559
327189,3927
327277,3739
327316,3852
327598,4118
327714,3836
327888,3741
328062,3870
328210,3992
328376,4400
328418,4384
329518,4151
329668,4083
329791,4016
330149,3707
330587,3647
330688,3677
330875,3543
331042,3778
331197,3708
331369,3743
331469,4489
331684,4327
331766,4305
331805,4355
331918,4192
332002,4182
332029,4032
332213,4084
332247,4028
332367,4165
332395,4200
332555,4163
333220,3448
333461,3619
333708,3492
333926,3519
334069,3683
334112,3719
334273,3683
334408,3652
334478,3702
335391,5242
335541,5195
335561,4813
336232,4256
336349,4980
336370,4686
336508,5381
336730,5455
336854,5278
337037,4868
337126,4943
337264,4861
338927,3411
339105,3809
339268,3756
339437,3638
339613,3678
339718,3589
339749,3814
339901,4571
340066,4170
340206,4297
340230,4110
340386,4051
340897,3392
341125,3264
341185,3380
341330,3833
341481,3770
341513,3974
341629,4723
341635,4166
341715,4201
341946,5094
343392,3796
343440,3927
343595,4630
343849,3771
343976,3953
344008,4363
344141,4061
344275,4021
344533,3871
345274,3671
345445,3550
345596,4004
345740,3801
345885,3820
345953,3641
346596,3496
346780,3180
347085,3091
347316,2947
347428,2978
347481,3042
348056,3293
348255,3179
348446,3175
348473,3295
348593,3317
348790,3565
348977,3529
349097,3844
349213,4047
349323,4517
349360,4440
349760,4116
350952,3266
351179,3140
351520,3262
352064,3038
352222,3209
352407,3283
352549,3026
353100,3027
353300,3304
353346,3672
353528,3543
353681,3441
353868,3304
354029,3334
354353,3061
354477,2988
354782,2930
354924,3387
355076,3171
355259,3334
355443,3268
355583,3397
355903,3166
355931,3445
356082,3526
356381,3714
356512,3533
356723,3066
357334,3077
357539,3562
357704,3450
357845,3366
357968,3310
358108,3814
358241,3631
358392,3945
359425,3323
359443,3358
360003,3201
360156,3244
360227,3238
360395,3421
360540,3694
360696,3867
360862,3573
360913,3637
361055,3622
361195,4047
361333,3723
361351,3869
361499,3788
361707,3678
361808,3778
361995,3744
362526,3654
362577,3703
362680,3921
362785,3605
363212,3634
363258,3680
363406,3652
363996,3363
364167,3447
364202,4495
364607,4199
364875,3593
365120,3916
365296,3867
365699,3615
366006,4380
366272,4061
366426,3853
366434,3632
366571,3652
366669,3793
366735,4078
366882,3998
367492,3741
367595,3689
367727,3630
367871,3711
367994,3942
368180,3985
368310,4190
368522,3834
368536,4052
369299,3411
369613,3517
370008,3323
370122,3364
370295,3755
370430,4073
370598,3877
370629,3813
370681,3676
370965,3997
371072,4067
371124,4259
371999,3628
372192,3646
372505,3407
372761,3506
372896,3441
373032,3464
373485,3232
373934,3476
374068,3392
374305,3413
374530,3241
374668,3413
374808,3383
374963,3574
375028,4059
375165,4030
375185,4225
375414,4083
375444,4172
375634,3938
376320,3576
376478,3528
376766,3543
376783,3437
376925,3756
376964,3770
377096,3694
377238,4194
377257,4821
377398,4668
377516,4311
378515,3771
378660,3743
378792,3696
378917,4043
379040,4009
379213,3893
379242,4132
379709,3883
379727,4004
379948,3835
380071,3765
380272,3583
380478,4267
380509,4698
380606,4576
380880,4574
381126,4379
381191,4493
381336,4404
381452,4379
381460,4624
381581,4719
381856,4495
382103,4357
382720,4491
382867,5303
383004,5433
383043,5657
383086,6025
383176,5401
383185,5168
383423,5469
383974,5332
384539,5736
384735,5642
384935,5494
385363,4858
385962,4365
385985,4340
386135,4800
386162,5153
386439,4617
386506,4871
386563,4617
386687,6015
386694,5006
386755,5043
386819,5035
386935,5156
386974,5300
387317,5532
387354,6253
387542,5732
387584,6311
387723,6058
387855,5857
388203,5739
388224,5934
388702,5731
388806,5700
388949,5784
388991,5795
389633,6225
389698,5237
389891,6094
390027,6253
390165,5758
390410,5965
390554,5304
390581,5629
391529,5318
392120,4814
392229,4773
392377,4717
392502,4921
392613,5123
392883,4719
392914,5028
393052,5257
393386,4972
394387,4530
394543,4430
394575,4649
394752,4555
394896,4433
394976,4519
395066,4478
395124,4612
395280,4771
395448,4821
395603,4771
395732,4984
396010,4436
396036,4522
396965,4636
397125,4668
397133,5449
397158,4617
397775,5298
398227,3798
398411,3763
398568,4068
398871,4085
399057,3949
399144,3988
399336,4025
400426,3067
400588,3188
400616,4312
400707,3010
400806,3135
400965,3608
401087,3652
401288,3918
401415,3843
401546,3762
402068,3412
402298,3293
402556,3254
403187,3195
404615,3099
404975,3350
405589,4266
405718,4469
405918,2984
406068,2941
406216,2948
406343,3080
406539,4248
406559,3354
406914,3294
407055,3673
407106,3610
407242,3604
407262,3639
407338,3776
407463,4405
407615,4366
408457,3657
408667,3728
409210,3729
409243,3618
409367,4438
409468,4366
409534,4530
409700,5192
409856,5168
410013,5070
410033,4964
410219,4920
410362,4984
410484,5039
410517,5113
410886,4734
410939,4799
411027,5090
411166,4900
411181,4904
411363,4806
412131,4881
412277,5035
412422,4941
412600,4833
412750,5066
412882,5836
413004,5593
413040,5897
413129,5753
413175,5829
413292,5764
413488,5670
413635,5893
413670,5726
413867,6042
415104,5668
415238,5586
415354,5521
415579,5347
415781,5212
415891,5207
416224,4982
416294,5078
416350,5191
416510,5938
416529,5794
416732,5764
416777,6037
416856,6180
417002,6483
417122,6295
417218,6536
417359,6195
417477,6107
417493,6243
417590,6224
417614,6277
417969,6092
418196,6147
418386,6799
419587,5572
419658,5773
419817,5421
419937,5547
420086,5794
420247,5827
420440,6062
420472,5981
420628,6396
420685,5921
420834,6214
421127,5970
421379,6507
421403,5743
423041,4916
423078,5083
423236,5486
423256,5443
423387,5607
423584,5486
423745,5522
423879,5493
423930,5560
424080,5640
424113,6213
424271,6402
424374,6062
424566,5820
424890,5484
426313,4721
426376,4713
426565,4848
427198,4375
427243,5125
427362,3787
427573,4686
427738,4717
427891,4673
428024,4846
428164,4845
428222,4701
428274,4950
428436,5611
428631,5592
428955,5144
429107,5042
429745,5143
429910,5165
430110,5123
430468,4828
430487,4635
430678,4495
430715,4673
430802,5122
430871,5151
431119,4973
431244,4979
431281,5054
431416,4999
431600,5568
431682,5074
431724,5135
432669,4774
432843,5008
432958,4774
433061,4810
433331,4591
433613,5048
433632,5266
433889,4933
434044,4852
434264,5196
434286,4836
434602,5164
434774,4891
434996,4875
435130,5025
436377,4208
436459,3995
436541,4035
436710,4030
436858,4181
437006,4142
437062,4025
437229,4905
437285,5159
437351,4969
437464,4970
437539,4967
437577,5022
437707,5261
437908,5141
438158,5115
440542,4393
440745,4315
440773,4553
440951,4427
441107,4405
441224,4486
441245,4630
441309,4643
441442,5053
441475,5134
441599,5131
441663,5156
442158,4767
442296,4810
442468,4737
442585,4787
443079,4411
443100,4612
443263,4563
443347,4773
443463,4730
443594,4681
443626,5189
443690,4968
443766,4825
443902,5224
443916,5166
444051,5753
444067,5855
444196,5968
444220,5883
444285,6074
444717,6569
444890,6267
445090,6478
445177,6126
447006,4873
447208,4957
447246,4547
447380,4536
447507,4871
447627,5976
447673,6637
447748,6583
447989,6247
448335,5394
448404,5068
448664,5227
448820,5275
448967,5228
449097,5460
449177,5226
449326,5169
449357,5559
449445,5545
450599,4543
451104,4091
451399,3931
451511,3917
452041,3497
452107,3602
452258,3518
452341,3542
452446,3572
452505,3622
452672,3600
452736,3799
452895,4475
452972,4652
453092,4892
453203,4887
453316,4721
456316,2870
456530,2912
456593,3866
456809,3617
456849,3507
456883,3438
457160,3584
457194,3639
457324,3610
457466,3585
457512,3609
457704,3623
457865,3557
458047,3450
458174,3440
458238,3502
458379,3916
458404,3486
458562,3427
459564,3464
459752,3385
459929,3442
460082,3315
460547,3535
461565,3194
462027,3077
462191,3712
462209,2783
462361,4030
462397,3208
462541,3521
462561,4276
462829,4156
462861,3490
463016,4186
463180,3607
463206,4503
463401,4047
463435,4677
463497,4040
463592,4465
465222,3677
465434,3589
465725,3395
466050,3233
466181,3207
466224,3347
466468,3567
466626,3546
467039,3410
467073,3535
467253,3567
467273,3621
467430,3518
467588,3540
467793,3574
467799,3633
468416,3419
468629,3259
468714,3328
468890,3701
469166,3499
469933,4244
470432,3588
470498,3627
470907,3172
471073,3451
471209,3534
471216,3580
471402,3512
471568,3736
471588,3807
471739,4150
472118,3856
472170,3769
472279,3726
472417,3934
472537,3860
472724,3999
472754,4065
473051,4882
473210,4775
473333,4701
473819,4391
473937,4775
474107,4180
474229,4381
474538,4622
475405,4421
475432,3993
475576,3979
475591,5340
475727,4600
475774,4467
476140,4871
476293,4821
476431,4928
476449,4999
476553,4996
476620,5227
476777,4979
476905,5154
476925,5228
477021,5255
477106,5270
477155,5268
477222,5379
477355,5236
478951,4504
478972,4437
479148,4361
479209,4516
479270,4550
479630,4543
479878,4499
480158,4306
480382,4667
480414,4530
480513,4813
480677,4549
480770,4502
480831,4613
481802,4797
481876,6480
481958,4925
482111,6356
482215,4910
482368,5409
482451,6091
482587,5979
482676,5246
482766,5962
482807,5403
482971,5749
483010,5415
483173,6741
483203,7470
483349,7205
484174,6226
484592,5429
484715,5583
484768,5838
485094,5357
485891,4835
486077,5239
486247,5161
486417,5416
486438,5545
486604,5702
486847,5510
486984,5436
487002,5547
487194,5543
487200,5588
487354,6551
487529,6891
487586,6706
487706,7378
487860,6703
488033,6440
488040,6575
488190,6722
488887,6101
489063,6245
489225,6647
489384,6945
489561,6692
489727,7065
489735,6795
489882,6954
490035,6912
490126,6758
490184,6878
490481,6571
490966,6186
491161,7115
491383,6839
491475,6867
491589,6860
491604,7005
491670,6839
491731,7135
492133,6904
492150,7069
492584,6715
492771,7521
492943,7359
492976,7370
493097,7300
493429,7019
493447,7148
493572,6927
494247,6861
494591,7180
494988,6406
495684,6474
495988,5984
496154,6116
496385,6069
496404,6060
496566,6266
496591,5935
496820,6167
497471,5467
497546,5695
497707,5597
497838,5986
498122,5955
498305,5890
498453,5677
498597,5648
498692,6124
498878,5843
499324,5508
499348,5423
499504,5672
499531,5695
499769,6961
499788,6356
499940,6474
500082,6517
500404,6307
501207,5964
501227,5909
501428,5999
502030,5452
502177,5667
502300,5465
502934,5339
503058,5387
503117,5208
503238,5136
504029,5086
504186,5167
504346,5408
504488,5751
504510,5809
504698,5666
504883,5730
505062,5559
505236,5839
505252,5748
505440,5613
505503,5626
505710,6351
506925,4958
507197,4756
507583,4527
507611,4549
508024,4901
508158,4821
508273,4756
508444,4547
508486,4828
508571,4790
508628,4974
508742,5065
508813,5274
508948,5463
508979,5713
509120,5510
509154,5997
509319,5524
509391,5901
509538,5465
509568,5522
509680,6068
510082,5775
510267,5680
510443,5643
510450,5926
511751,4942
512041,4704
512217,4630
512242,4913
512385,4824
512525,4735
512693,4654
513529,4644
513687,4754
513919,4575
513958,4619
514104,4529
514250,4661
514442,4522
514582,4531
514742,4559
515268,4214
515906,4008
515992,4184
516144,4254
516216,4251
516343,4251
516503,4226
516535,4470
517006,3912
517185,3861
517366,3790
517502,3869
517522,4341
518152,4641
518196,5015
518346,5677
518536,4363
518989,5142
519144,5333
519264,4965
519313,4159
519394,4985
520711,3860
520743,3936
520845,3905
521035,4420
521181,4222
521199,4953
521326,4369
521510,4002
521531,4219
521692,4607
521890,4062
522515,3854
522723,3758
522891,4157
523048,4033
523286,3918
523446,3955
523608,3500
523706,3836
523976,3280
524181,3320
524322,4020
524372,4478
525061,3994
526226,3137
526376,3723
527230,3352
527897,3137
528040,3113
528165,3551
528373,3397
528531,3291
528687,3188
528887,3280
529129,3577
529184,3410
529326,3437
529493,3343
529551,3321
530190,2871
530225,3554
530360,2945
530400,2847
530568,3449
530608,4673
531035,3717
531172,4163
531293,4200
531432,4010
531484,3642
531631,3673
533880,2835
533996,2898
534342,3085
534528,3830
534836,3209
535011,3400
535428,3348
535607,4285
535878,3232
536032,3160
536981,3762
537008,3574
537134,3892
537186,4249
537221,3894
537285,3939
537511,4207
537843,3960
537865,4093
537981,5591
538162,4888
538189,4600
538255,5461
538393,5345
538569,4950
538600,5592
538858,4758
538868,5267
539016,5254
539180,5237
539234,5247
539304,5258
539417,5299
539422,5465
539951,5319
540107,5822
540291,5912
540349,5789
540420,5872
540516,5823
540966,5970
541133,6391
541164,6044
541200,6305
541341,6268
541495,6064
541634,6560
541743,6302
541881,6219
542405,5975
542435,6275
542534,6010
542730,5886
542888,5963
543137,5783
543750,5238
543923,6137
544144,6080
544299,5980
544465,5981
544605,6011
544631,5887
544738,6036
544877,6350
544932,5889
545009,6302
545399,6195
545949,6097
545970,6068
546110,6361
546269,6024
546422,6102
546515,6059
547627,6191
547892,5225
548067,5987
548257,5872
548415,5786
548534,5719
548673,5677
548793,5965
548950,5709
549050,5859
549188,5775
549348,5860
549395,6609
549598,6334
549720,6269
551307,4805
551568,5169
551694,5208
551840,5163
552071,4905
552135,4804
552245,4889
552307,4781
552394,4804
552728,4541
552901,4802
553130,4655
553266,4614
553417,4564
553549,4557
553856,4917
554454,4663
554600,4719
554786,4382
554907,4314
555003,4547
555341,5137
555475,5158
555749,5151
556085,4871
556141,5032
557782,3596
557956,3564
558081,3506
558213,3508
558238,3535
558385,4393
558569,4485
558704,4712
558834,4177
558904,4562
558959,4328
559057,4292
559202,4318
559320,4570
559356,4576
559449,4657
559586,4579
559605,4667
559871,4496
560035,4758
560196,4672
561518,3408
561709,3780
561814,3515
561911,3661
562091,4009
562185,3678
562312,3721
562466,3889
562585,3819
563085,4736
563353,4630
563529,5096
563533,5448
564578,4309
564612,5381
564681,4126
564834,4248
564970,4219
565066,4401
565089,4508
565217,4895
565338,4819
565609,4660
565692,4681
565743,4712
565919,4789
566040,4724
566161,4771
566187,5024
566296,4851
566498,4791
566554,4910
567459,4931
568187,4242
568357,4136
568519,4203
569093,4284
570420,3629
570502,3625
570557,3646
570678,4495
570766,4464
570842,4442
570881,4968
570912,4988
570942,5137
570961,5802
570977,4009
570991,5869
571027,6027
571518,4457
571682,4672
571875,4832
572042,5026
572249,4896
572270,5020
572711,4640
572858,4548
572889,4621
573067,4658
574274,4092
574295,4427
574446,3970
574469,4335
574603,3897
574625,4620
574674,5195
574831,4280
575003,4408
575228,4982
575418,4364
575617,5124
575678,4796
576091,4719
576437,5281
576627,5124
577545,4270
577769,4096
577897,4411
577972,4442
578055,4667
578098,4689
578211,4676
578719,4256
578929,4363
578947,4537
579075,4401
579213,4927
580186,4031
580279,3912
580418,3997
580526,4098
580564,4020
580945,4033
580998,4090
581041,4143
581167,4101
581195,4230
581331,4277
581466,4093
581851,4189
581938,4229
582070,4439
582467,4000
583038,4125
583062,4309
583230,4139
583406,4027
583529,4433
583530,4403
583956,4259
584046,4291
584248,4247
584294,4218
585329,3797
585461,3760
585729,3726
585872,4241
586050,3990
586192,3855
586326,4104
586563,3816
586993,3791
587251,3475
588684,5162
588707,4189
588822,5075
588973,3941
589011,4002
589162,3952
589260,4533
589281,4354
589452,4575
589592,4361
589742,4475
589756,4550
589881,4498
589885,4739
590090,4539
590153,4720
590211,4597
590370,4570
590476,4519
590493,4601
591110,4258
591704,4495
591887,4375
592052,4351
592207,4243
592368,4799
592546,5443
592709,4768
592738,4830
593020,4686
593178,4597
593337,4537
593824,4661
594452,4458
594470,4551
594673,4430
594879,4481
595023,4752
595042,4425
595107,4567
595195,4514
595366,4646
595416,4799
595487,4774
595561,4809
595703,5065
596122,5035
596277,5003
596452,4897
596487,5434
596580,5275
596698,5318
596834,5290
596975,5089
598027,4826
598544,4300
598726,4656
598842,4610
598940,4789
599176,4998
600089,4198
600243,3988
600327,4024
600493,4435
600531,4576
600706,4273
600865,4293
600926,4459
601113,4907
601243,4943
601401,4710
601426,4818
601521,5060
601568,5227
601691,5309
601761,5348
602002,5214
602143,5211
602168,5210
602575,5240
602673,5324
602889,5184
603030,5173
603210,5013
604344,4258
604528,4135
604830,3895
604993,4231
605154,4568
605220,3905
605273,4457
605407,4381
605444,4566
605681,4390
605721,5040
605861,4610
606412,4416
606436,4109
606676,4263
607555,3424
607689,3699
607843,3704
611422,2889
611583,3026
611614,3993
611803,3398
611951,3302
612340,3894
612495,3922
612955,4162
613090,3973
613126,4192
613253,3977
613419,4388
613595,4165
613777,4079
613814,4098
614132,3935
614183,4141
614329,3872
614371,4219
614451,4531
614523,4509
614680,5270
614773,5466
614824,5231
614896,5437
614938,5227
615091,5191
615268,5101
615437,5055
615488,6274
615627,6259
615710,5864
615855,5978
616059,5338
616085,5728
616210,5499
617350,4602
617546,4934
617568,4958
618461,4115
618481,4268
618705,4427
618852,4568
619002,4517
619077,4394
619164,5157
619283,5224
619724,5404
619736,5342
619905,5314
620072,5200
620574,4861
620752,4864
620931,4849
621113,4795
621271,5144
622283,4469
622447,4394
622590,5315
622716,4276
622818,4226
622954,4333
623012,4465
623130,5409
623243,4525
623505,4244
623584,4437
623696,4255
623852,4223
623921,4687
624000,4713
624142,4753
624200,4777
624344,4866
624562,4700
624600,5479
624982,5049
625984,4193
626128,4628
626248,4630
626445,4494
627833,4068
628029,3947
628174,4101
628228,4127
628296,4137
628393,4451
628409,4200
628530,4457
628895,4030
629043,3999
629073,4218
629227,3970
629601,4129
629733,4475
629763,4019
629873,5032
629993,4789
630128,4705
630264,4466
630316,4390
630438,4408
630554,4882
630846,4539
631033,4469
631053,4794
631255,4668
631391,4679
632470,4243
632792,4027
633270,3498
633342,3546
633401,3914
633497,4746
633628,4433
633809,4309
634028,4318
634171,4228
634455,4416
634925,4253
635023,4019
635083,4171
635151,4078
635230,4170
635266,4181
635410,4300
636303,3658
636493,3618
636527,3678
636687,3610
636839,3620
636986,3760
637026,3876
637133,4195
637153,4300
637321,4182
637484,4137
637775,4182
637941,4068
639505,3230
639527,3139
639679,3591
639993,3890
640102,3909
640196,3978
640332,4065
640474,3897
640562,3938
641052,3511
641218,3585
641367,3557
641531,3866
641956,3542
642048,4696
642103,3911
642296,3828
642342,4069
642468,3789
642470,4341
642619,3862
642776,4087
642787,4043
642939,3973
642954,4333
643128,4660
644138,3706
645014,3003
645180,4970
645359,2916
645585,3964
645602,2997
645647,4556
645701,4800
645746,4819
645809,3672
645821,4802
646544,3892
647431,4074
647593,4125
647887,3881
648050,3769
648210,3773
648338,3925
648629,3570
649173,3388
649207,3530
649345,3459
649486,3425
649620,3604
649826,3696
649960,3800
650115,4083
650235,4124
650256,4706
650367,4466
650504,4382
650699,4840
650737,4869
650860,4876
651451,4367
651592,4280
651738,4186
652341,4200
652379,4230
652561,4476
652747,4047
652868,4165
652923,4167
653330,4143
653337,4224
653473,4463
653591,4404
653699,4421
653784,4811
653916,4699
654032,4984
654634,4653
654663,4697
654822,4599
655019,4598
655045,4724
655114,4594
655232,4838
655481,4741
656366,4023
656382,4105
656850,3733
657062,3672
657155,3674
657298,4250
657322,4600
657605,4515
658032,3962
658181,3861
658264,3972
658384,4242
658709,4027
659113,4066
659185,4048
660583,2980
660634,3343
660769,3008
660888,3162
661019,3545
661020,4129
661210,4058
661256,4251
661423,4332
661682,4192
661695,4295
661957,4094
662433,3837
662574,3852
662731,3755
662775,3778
663554,3262
663688,3243
663815,3295
663877,3397
664065,3256
664135,4581
664210,4739
664254,4599
664398,4699
664426,4025
664556,4368
664614,4420
664812,4339
665378,4350
665520,4340
667366,3232
667584,5236
667678,3137
667730,3352
667871,4977
667919,5086
667966,5355
668247,4654
668477,4475
668497,4923
668753,4828
668995,4640
669118,4809
669275,4702
669308,4768
670180,3846
670274,3817
670428,4131
670466,3993
670612,4457
670616,4008
670688,4234
670828,4176
670924,4421
670984,4297
671105,4713
671129,5164
671190,4877
671295,5143
671469,4766
671724,4760
671839,4863
672226,5024
672355,4948
672466,5061
672661,5226
673082,4531
673312,4382
674259,5006
674277,4784
674546,4824
674685,5014
674728,5201
674865,5148
675005,5090
675114,5081
675173,5567
675317,5671
675381,5728
675452,5733
676381,4870
677244,4248
677439,4037
677580,4012
677736,4482
677760,4237
678007,4443
678130,4373
678269,4335
678389,4229
678768,4247
678786,4311
678902,4339
678939,4320
679088,4274
679109,4309
679305,4741
679904,4723
680148,3992
680283,4280
680425,4296
680562,4372
680819,4433
681022,4296
681183,4277
681331,4828
681348,4824
681548,4742
682025,4325
682044,4416
682189,4367
682285,4380
683574,3506
683597,3607
683718,4839
683766,5434
683803,5450
683881,3833
684354,3463
684759,3978
684903,4201
684983,3946
686435,3477
686596,3406
686735,3233
686842,3489
686913,3683
687041,3728
687092,3653
687218,3700
687271,3578
687336,3680
687418,3643
687589,3851
687854,3887
688075,4038
688232,4033
688381,4342
688390,3947
688541,3906
689335,3443
690045,2988
691377,3119
691584,3646
691827,3310
692350,3184
692572,3034
692839,3380
692863,3286
693025,3309
693193,3077
693228,3898
693909,3408
694056,3531
694079,3286
694178,3448
694232,3404
694334,3554
694490,3609
694624,3421
695363,3016
695392,3320
695602,3842
695716,3332
695847,3377
695987,3392
696339,3459
696524,3194
696551,3672
697005,3557
697187,5045
697326,4964
697466,4875
698032,3875
698181,4231
698247,3876
698463,4090
698613,4265
698792,4239
699539,3431
699612,4228
699696,3405
699817,3535
699893,3576
699939,3465
700050,3481
700071,3821
700352,4511
700397,4438
700522,4406
700575,4468
700737,4640
700808,4529
700858,4733
700970,5085
701339,5489
701508,5202
701662,4746
703158,4112
703192,4127
703352,4119
703541,3984
703659,4311
703700,4599
703916,4436
703961,4459
704035,4366
704146,5385
704208,4776
704274,5004
704361,5109
704424,5331
704485,5325
704715,5396
704859,5168
704995,5162
705086,5139
705113,5169
705878,5057
706042,4989
706117,4993
706354,4982
706505,4932
706840,4548
707023,4879
707153,4689
707787,4747
707965,4620
708088,4548
708249,4735
708488,4693
708630,5331
708695,4794
708822,4773
709095,4968
709327,4909
709559,4557
709714,4472
709849,4478
709873,4534
710004,4454
711093,4851
711166,4847
711282,4931
711438,4919
711487,5069
711691,4991
711835,5601
712006,6014
712246,5969
712393,6016
712553,5962
713125,5490
713234,5634
713259,5745
713587,6511
713787,5320
713913,5847
714044,5819
714168,5910
714750,5165
714811,5382
715058,5065
715145,5094
715292,5013
715426,5574
715560,6584
715710,6531
715811,6990
715969,6604
716051,6711
716134,6807
716269,6691
716394,6619
716699,6626
717062,6408
717216,6688
717242,6530
717383,6638
717709,7152
717858,6679
718054,6559
718252,6765
718560,6509
719046,6071
719244,6061
719443,6690
719582,6684
719680,7040
719795,7155
719939,7493
720132,7166
720273,7335
720340,7250
720436,7440
720498,7556
720708,7689
720851,8731
721035,8599
721104,8276
721233,8721
721261,8315
721359,8859
721400,8544
721471,8690
723277,7196
723475,7303
723533,8167
723700,7697
723885,7315
724051,7502
724076,7934
724218,8009
724237,8165
724377,7961
724417,7975
724698,7798
724716,7866
724859,7933
725082,7760
725144,7792
725433,7569
725456,7653
725562,7625
726121,8956
726278,8976
726566,8372
726825,8320
726982,7850
727110,7899
727268,7861
727445,7738
727867,7483
727943,7426
728086,7398
728119,7501
728206,7501
728281,7529
728476,7521
728622,8709
728708,7355
728877,7248
729122,8447
729271,8823
729406,8531
729995,8984
730880,8180
730916,7631
731040,7105
731064,7531
731541,6954
731618,7384
731753,6899
731898,7769
732064,7673
733195,6641
733287,6640
733323,6726
733439,6782
733481,6854
733629,8202
733661,6827
733686,6887
733984,6880
734019,6792
734743,7188
734845,7041
734976,7048
736075,6110
736238,6034
736330,6723
736395,6457
736535,6196
736572,6562
737125,6855
737277,6764
737408,6273
737631,6380
738178,5737
738474,5648
738791,5442
738820,5666
738946,5594
739113,5500
740315,4895
740399,5042
740536,5510
740628,5304
740692,5290
741007,5089
741184,5039
741345,5056
741507,5189
741542,5567
741605,5538
741769,5532
744254,3769
744293,4077
744445,4147
744582,3836
744732,4620
744879,4653
745041,5137
745182,4403
745271,4648
745319,4968
745502,4735
745593,4796
745616,4720
746314,4401
746813,3591
746889,3860
746948,4109
747121,4023
747263,3752
747459,4113
747688,4055
747759,3956
747822,4682
747970,3893
748132,4159
748324,4083
748535,3803
748712,3739
748854,3699
749006,3716
749192,3647
749990,3935
750013,4895
750170,4669
750290,4465
750439,4533
750624,4415
750859,4234
753046,2814
753480,2912
753687,3787
753750,4047
753939,3962
754094,3757
754295,3738
754308,3641
754471,3529
756528,3263
756742,2994
757119,3052
757307,3016
757526,3300
757695,3231
757816,3320
758400,3177
758533,3365
758700,3533
759151,3332
759183,3284
759318,3986
759341,5170
759370,4159
759398,5871
759428,5382
759476,5599
759494,5672
759596,3276
760434,3477
760692,3809
760781,3789
760965,4002
761257,4108
762089,3584
762265,3466
762296,3499
762499,3438
762672,3557
762695,3621
762867,3673
763224,3719
763368,3798
763392,3976
763547,4034
763686,3842
763894,4083
764067,3902
764094,4062
764206,3972
764796,3756
765272,3439
765431,4225
765452,3733
765594,3682
766180,4011
766372,3866
766393,4199
766609,3978
766624,4304
766985,4097
767020,4080
767197,4291
769282,2910
769472,3035
769518,4048
769613,3692
769708,2991
769974,3540
770182,3563
770305,3778
770435,3659
770625,3702
770721,3538
770975,3444
771113,3392
771230,3381
772136,3495
772288,3567
772344,3589
772457,3429
772598,3967
772766,4012
772784,4066
773019,3871
773364,3890
773530,3763
774714,3373
774865,4832
774991,5069
775032,6598
775051,6185
775212,6097
775365,7476
775386,7700
775705,7486
775723,8106
775864,7919
776024,7449
776263,7310
776441,7757
776578,7411
776718,7428
777486,6673
777526,6566
777899,6388
778132,6322
778163,6742
778377,6643
778431,6998
778564,7499
778595,6971
778695,7557
778831,7620
779163,9381
779335,9346
779460,9285
779613,10536
780097,9983
780362,9965
780390,9793
780511,9696
780544,9685
780816,9461
780920,9373
781042,5481
781584,5944
781695,5195
781837,5638
781880,5409
782151,5218
782167,5511
782346,5523
782467,5509
782512,5512
782705,7607
782922,7450
782975,7434
783304,7159
784694,5823
785179,9724
785301,9695
785423,5348
785443,9255
785675,5205
785853,5439
785949,5371
786089,5741
786925,8026
786969,5991
787149,7720
787588,6886
787704,5484
787727,7169
787903,13164
788049,14858
788252,14768
788764,14358
788819,18168
788939,18143
788958,18246
789113,18157
789246,18227
789360,18141
789488,18108
789766,18020
790714,17089
790988,16924
791139,16889
791167,16799
791325,16906
791360,17029
791517,16749
791723,16688
791871,16596
791910,16692
792094,16808
792120,16886
792259,16796
793624,15332
793678,15654
793765,15467
793849,15692
793984,15616
794009,15716
794103,15877
794149,15890
794305,15915
794326,16005
794513,16056
794731,15893
794749,16746
795031,16001
795058,16512
795124,16199
795286,16260
795422,16329
796299,15985
796322,15730
796472,16203
796615,15787
796775,15743
796796,15915
797095,15752
797235,15802
797327,15957
797470,15868
797491,16178
797635,16506
797693,16030
797708,16161
797964,16236
798126,16177
798363,16236
798487,16204
798678,16140
798894,16017
799018,16100
799339,16000
799445,15931
799595,16555
799699,15892
799839,16263
799972,16251
800118,16330
800255,16020
800376,16226
800519,15986
800715,20344
800858,21190
801078,20789
801303,20711
801545,19972
801731,19889
801776,19825
801899,19831
802108,19690
802277,19642
802438,19622
802608,19655
802725,19415
802733,19629
802789,21960
802849,22667
802902,22516
802966,22603
803026,22813
803340,19125
803524,19190
803719,19214
803726,18993
803928,19059
804041,19083
804131,19045
804205,19214
804330,19144
804411,20635
804519,19881
807512,20353
808059,20085
808244,19845
808413,19735
809497,18780
809795,18655
810708,17702
810732,17786
811113,17521
811766,16988
811860,17028
811897,17106
812012,17104
812128,17103
812192,17170
812532,16948
813270,16358
813380,16476
813479,16473
813591,16619
813727,16665
813886,16686
813974,16797
814004,16869
814405,16586
814849,16267
814959,16287
815155,16205
815210,16276
815394,16580
815430,16177
815446,16836
815615,16496
815685,16165
817467,14931
817674,14653
817835,14618
817858,14743
818013,15036
818037,15004
818238,14892
818375,14805
818491,14739
818668,14612
818694,14697
818789,14725
818851,14783
818922,14847
819427,14754
819597,14709
819718,14401
819725,14519
819884,14473
819957,14514
820042,14549
820129,14587
820193,14662
820384,14727
820491,14706
820542,14795
820707,14733
820884,14735
821139,14627
821188,20351
821351,21114
821358,21735
821906,24020
822470,23581
822768,23619
822942,23272
823122,23179
823845,22666
823979,22634
824105,22511
824129,22571
824236,22597
824302,22678
824454,22634
824605,23066
825137,22081
825240,22085
825295,22187
825830,21943
826200,21697
826217,21826
826358,21784
826500,21824
826520,21934
826717,21917
826871,22006
826892,22169
827059,22170
827100,22248
827235,22281
827341,22290
827455,22376
827490,22497
827723,22381
827737,22595
827863,22603
837408,13479
837630,14881
837711,13784
837716,13672
837887,13818
838067,13894
838189,13640
838342,13615
838507,13657
838689,13569
838735,13560
838891,13458
839050,13350
839621,13050
840122,12986
840278,13459
840416,13220
840524,13311
840721,13255
840891,13166
841021,12967
841032,13242
841152,12969
841264,12806
841284,12826
841377,12871
841426,13005
841545,12993
841579,13239
841727,13642
841884,13655
842018,13705
842215,14059
842509,15334
842712,15494
842921,15271
843349,15207
843368,14944
843491,14947
843525,14911
843615,16485
843780,16107
843943,16054
844234,16345
844441,16218
844549,15936
844707,15923
844855,15897
845070,15741
845495,15439
846025,15042
846201,16634
851121,11770
851474,11754
851596,11796
851783,11882
852075,11945
852768,11142
852942,11022
853195,11059
853362,11024
853795,10681
854622,10000
854791,9994
854831,10126
854990,10094
855138,10163
855286,10070
855429,10088
855776,9969
855956,9847
856108,9821
856314,10675
856366,9689
856509,9739
856654,9839
856704,10285
856860,10719
856871,10196
857003,10789
857022,10693
857232,10598
857615,11399
857882,11088
858033,11033
858271,10879
858470,10750
858603,10694
858622,10949
858831,10568
859663,9959
859678,10406
859823,10262
860010,10188
860131,10127
860151,9983
860246,10125
860337,9972
860359,10233
860488,10564
861170,10197
861186,12057
861332,11857
861365,12179
861518,11967
861674,11940
861812,11924
862123,11669
862316,11533
862492,11417
862980,12429
863487,13671
863705,12073
863734,12395
863857,13485
864044,12164
864094,13346
864205,12077
864296,12924
864471,12150
864688,12151
864720,12561
864911,12118
865067,12015
865135,12339
865197,11935
867114,10102
868551,9014
868615,9295
868719,9237
868747,9274
869208,9065
869369,8960
869441,8954
869599,8859
869694,8886
869735,9106
869911,10495
870119,10342
870298,10214
870407,10094
870436,10127
870588,10042
870730,9982
870778,10213
870858,10297
871088,9893
871107,10250
871212,9991
871263,10026
871603,9799
871696,10178
872043,9681
872959,10022
873140,10594
873306,12480
873331,12732
873485,12531
873625,12564
873832,12350
873954,12381
874066,12455
874402,12101
874428,13413
874562,13264
874591,13363
874687,13613
874732,13637
876455,11704
876673,11572
876867,11506
877552,10910
877701,11308
877728,10986
877937,10833
878093,10728
878135,10815
878575,10427
878673,10523
878676,11172
880731,9252
880815,9474
881003,9300
881169,9183
881328,9167
881533,9680
881591,9248
881759,9214
881781,9488
881918,9495
881949,10193
882089,9906
882138,10209
882260,10100
882502,9796
882556,9922
882814,9786
883246,9410
883395,9319
883567,9393
883775,9283
883931,9174
884112,9239
884471,10244
884623,10130
884798,9627
885076,9528
885126,9696
885292,9514
885318,9700
885423,9591
885457,9817
885566,9642
885615,10890
885983,10580
886126,10710
886933,9955
887079,9859
887234,9754
887390,9691
887538,10680
887581,10761
887696,10799
888095,10483
889556,9175
889703,9118
889998,8978
890108,9103
890417,8900
890580,8678
891238,8496
892158,9563
892457,8520
892687,8403
892788,8456
892906,8630
893057,8571
893174,9852
893178,8600
893338,8740
893409,9551
893459,9334
893549,9516
894252,8227
894271,9026
894443,8259
894474,8748
894843,8255
894854,8777
895041,8567
895065,8645
895237,8542
895411,8508
895567,8318
896590,7986
896665,7971
896772,7979
896916,7949
897056,7877
897095,8037
897193,8413
897255,8068
897348,8790
897409,8793
897502,8704
897558,8698
897682,8733
897765,8732
897883,8686
898031,8691
898083,8810
900472,7694
900895,7378
901087,7266
901260,7329
901361,7170
901420,8055
901793,7708
902092,7450
902822,6565
903306,7138
903443,6950
904100,6179
904272,6059
904425,5955
904812,5694
904964,5649
905033,5673
905222,5695
905341,5744
905451,5761
905618,6306
905770,6031
905860,8269
905983,8384
906040,7878
906261,6373
906384,6603
906716,7258
906736,6357
906880,6427
906947,7372
907123,7067
907269,6949
907402,6271
908375,5906
908421,5976
908622,5995
908683,5858
909538,5180
909900,5584
910085,5479
910105,5594
910229,5563
910430,5560
910596,5487
910752,5421
910778,5482
910949,5784
912089,5282
912280,5185
912437,5192
912761,5370
912822,5480
912943,5244
913144,5046
913156,5081
913318,5035
913486,4956
913509,5091
913687,5034
914593,4462
914767,4400
914784,4935
920557,3054
920709,3143
920723,3029
920865,3236
920979,4286
921031,4126
921102,4267
922229,3497
922490,3101
924182,3203
924363,3273
924455,3441
924511,4875
924610,4336
924726,3652
924891,3865
925242,3577
925439,3412
925448,3598
925995,3675
926161,3581
926326,3696
926507,3659
926522,3706
926713,3613
926722,3767
926878,3706
927034,3919
927207,3868
927219,4001
927359,3990
927509,4058
927712,3949
928009,3855
928177,3907
928208,3962
928458,3867
928617,3818
929194,3943
929203,6473
929367,4048
929477,6034
929541,4224
929822,4047
930527,5037
930741,5001
930887,4729
930995,3941
931183,4295
931284,4514
931361,4475
931715,4150
932961,2997
933228,3315
933496,3309
933890,2844
934112,2800
934278,3057
934457,3640
934629,3580
934806,3454
935005,3375
935012,3295
935182,3624
935609,3285
936114,2952
936135,3048
936535,3833
936972,2946
937424,3107
937459,3862
937530,3608
937626,3414
938038,3293
938184,3265
938309,3612
939217,3091
939250,3312
939395,3297
939418,3287
939595,3739
939672,3607
940176,3650
940338,3539
941249,2998
941417,3141
941490,3117
941595,3154
941629,3262
941991,3623
942121,3568
942148,3623
942361,4803
942371,3864
942400,4189
942668,4597
942813,4300
942832,4312
942982,4227
943292,4075
944521,3412
944710,3314
944938,3374
944978,3416
945132,3628
945183,3690
945325,3623
945447,3610
945484,3720
945603,3938
945845,3883
945868,3610
946004,3866
946043,3959
946331,4421
946552,4147
946709,4092
946743,4366
947477,4237
947532,3510
947581,3949
947710,4230
947879,3919
948017,4206
950896,3070
951126,3746
951180,3796
951258,3829
951340,3998
951374,4157
951569,4013
951718,3912
952014,3701
952060,3768
952269,3695
952420,3792
952559,3705
952682,3905
953309,3326
953912,3288
954009,3704
954090,3357
954236,3469
954424,3542
954471,3623
954548,3628
954633,4188
955178,3620
955335,4367
955374,4303
955512,4324
956340,4015
956421,3981
956615,3889
956728,4060
956814,4114
956861,4093
956935,4114
956998,4305
957797,3572
958361,3727
958468,3269
958636,3726
958870,3591
959042,3714
959050,3772
959224,3737
959247,3859
959332,3866
959489,3833
959517,3890
959929,3705
960105,4267
960981,3466
961134,3430
961165,3507
961310,3750
961407,4077
961431,3683
961738,4011
961778,4149
961927,4101
961986,4108
963194,3339
963335,3382
963456,3450
963516,3477
963988,3120
964186,3360
964187,3144
964381,3568
964590,3500
964740,3524
964837,3560
964868,3603
965681,3599
965782,3325
965954,3098
966090,3478
966132,3645
966284,3735
966993,3078
967152,3180
967296,3287
967423,3397
967460,3508
967590,3458
968446,2790
968599,3480
968745,3234
968771,3633
968915,3525
969372,3687
969504,3439
969835,3275
969887,3869
970059,3565
970130,4329
970221,3622
971751,3365
972040,3171
972203,3089
972237,3273
972445,3969
972526,4164
972602,3919
972667,3923
972677,3852
973122,4115
973156,4607
973298,4814
974745,3845
974904,3770
974940,3803
975095,4007
975360,4131
975456,4297
975607,4666
975719,4296
975862,4255
976006,4832
976144,5139
976167,4990
976260,5278
976309,4901
976452,4891
976592,5085
976769,4625
976813,4928
976956,5206
977030,5700
977077,5150
977179,5198
977376,5409
977516,5325
977677,5594
977730,5169
978381,5513
978414,5670
978562,5513
978903,5255
979092,5166
979138,5202
979304,5132
979537,5127
979681,5036
980309,5507
980460,5415
980479,5544
980621,5494
980666,5533
980870,5430
981096,5587
981242,5493
981485,5383
981565,5238
982205,5416
982406,5679
983031,5108
983051,5239
983206,5496
983401,5410
983433,5585
983494,6474
984331,4792
984463,5147
984475,5552
984702,5221
984900,5177
985091,5035
985479,4919
985669,4811
985807,4823
986451,4362
986472,4535
986665,4614
986810,4621
986929,5259
987079,5210
987103,4696
987198,5041
987261,5207
987338,5665
987410,5746
987559,5758
987745,5775
987787,5968
987919,5800
988821,5292
988840,5622
989058,5458
989184,5380
989330,5283
989465,5231
989712,5035
990057,4984
990597,5725
990765,6282
991180,5219
991355,5581
991476,4907
991477,5519
991591,4948
991624,5454
991906,5226
991924,5350
992061,5058
992207,4983
992334,5034
992532,5066
993471,4212
993629,4265
993812,4327
993948,4570
994084,4547
994159,4535
994299,4484
994319,4905
994691,4856
995006,4592
997418,3398
997587,3665
997727,4006
997753,3862
997906,3899
998115,3693
998467,3552
998689,3431
998822,3705
998962,3763
999056,3555
999081,3765
999261,3516
999282,3592
999357,3587
999513,3625
999743,3397
999979,3291
1000166,3161
1000224,3721
1000288,3772
1000366,3719
1000472,3533
1000497,3678
1000620,3891
1001115,4240
1001297,3558
1003304,3485
1003388,4093
1003448,3922
1003785,4086
1004147,3603
1004320,3597
1004518,3452
1004815,3271
1005019,3234
1005187,3150
1005475,3030
1005633,2981
1005678,3182
1005825,3088
1005848,3103
1005966,3027
1006100,3032
1006119,3219
1006288,3417
1006380,3714
1006411,3940
1006521,3879
1006536,4046
1006682,4625
1006831,4674
1007133,4686
1007536,4179
1009051,3085
1009185,3013
1009260,3108
1009386,3943
1009490,3763
1009560,4384
1009613,4284
1009670,3835
1009730,3950
1009881,3854
1009955,4129
1010105,4669
1010205,4517
1010722,4249
1010866,4160
1011035,5034
1011143,4600
1011341,4475
1011538,4377
1012633,5084
1012672,3792
1012871,3916
1013029,3881
1013475,4467
1013564,4206
1013735,4266
1013910,4216
1014000,4522
1014126,4213
1014265,4601
1014298,4662
1014424,4618
1014431,4992
1014629,4862
1014802,4740
1015056,4536
1015095,4622
1015218,4708
1015227,4641
1016240,4486
1016296,4610
1016347,4252
1016482,4235
1016595,4161
1016858,4102
1017053,4685
1017176,4743
1017274,4699
1017461,4565
1017651,4450
1017956,4673
1018153,4855
1018169,4654
1019220,5369
1019261,4846
1019393,4908
1019529,4529
1019763,5372
1019881,4617
1020014,4968
1020196,5276
1020382,4757
1020504,5002
1020871,4545
1021011,4838
1021151,4424
1021189,4508
1021337,4419
1022436,3580
1022475,3723
1022636,3648
1022701,3680
1022837,3707
1022844,3834
1023096,3628
1023308,3894
1023483,3929
1023631,4228
1023669,3811
1024106,3670
1024137,4311
1024332,4066
1024491,4267
1024985,4186
1025151,4302
1026512,4885
1026757,3007
1026904,3269
1027041,3232
1027082,4016
1027226,5163
1027244,4487
1027272,4289
1027433,5019
1027553,4310
1027687,4309
1027817,5365
1027871,5842
1028025,4881
1028103,5208
1028187,4878
1028240,6387
1028521,6003
1029263,5312
1029536,4528
1029747,3678
1029924,3603
1030010,4826
1030086,3731
1030238,3684
1030382,3880
1030429,3945
1030586,4983
1030740,4149
1030776,4662
1030896,4143
1031060,5536
1031223,5471
1031515,5281
1032542,4321
1032976,3947
1033146,3854
1033401,4149
1033591,4130
1033608,5178
1033803,5224
1033874,5415
1033967,4278
1033980,5728
1034148,5617
1034213,6084
1034281,6090
1034344,6124
1034431,4278
1034759,4324
1034905,4241
1035038,4501
1035702,6048
1035878,5289
1036054,5393
1036204,5327
1036255,5562
1036325,4778
1036379,5522
1036430,5444
1037307,4700
1037456,5029
1037497,4501
1037730,4426
1037763,5007
1037920,4788
1038071,4825
1038111,4926
1038253,4874
1038399,4778
1038516,5225
1038632,5826
1038662,5256
1038813,5551
1039055,5299
1039353,5197
1040369,5119
1040512,4701
1040582,5180
1041324,4224
1041563,4553
1041904,4061
1043065,3097
1043334,3045
1043513,3095
1043715,3331
1043785,3360
1043952,3395
1044105,3227
1044313,3120
1044582,3971
1044708,3276
1044734,3387
1044878,3402
1045302,3518
1045576,4170
1045813,3593
1045994,3978
1046135,3981
1046203,3774
1046310,3860
1047572,3158
1047602,4391
1048111,3155
1048267,3258
1048422,3504
1048461,3595
1048611,3709
1048637,4662
1048921,4133
1049129,3977
1049285,4217
1049466,3986
1049487,3955
1049784,3904
1049812,4091
1050002,3855
1051017,3134
1051186,3263
1051334,3401
1051353,3541
1051820,3213
1052020,3734
1052158,3545
1052177,3644
1052331,3998
1052496,4084
1052660,3970
1052881,4442
1052910,4512
1053082,4404
1053956,3722
1054106,3632
1054191,3938
1054273,4072
1054713,4261
1054788,4238
1054918,4678
1054948,5131
1055106,4864
1055134,4878
1055291,5063
1055388,5030
1055416,5094
1055530,5103
1055924,4798
1056077,4721
1056237,4644
1056356,5149
1056514,5271
1056677,5605
1056744,5024
1056808,5635
1056922,5196
1057464,4873
1057678,4896
1057789,4720
1057875,4758
1057965,4983
1058041,5101
1058167,6067
1058171,5110
1058202,5415
1058321,5394
1058477,6303
1058481,5333
1058510,5389
1059050,5907
1059145,5883
1059510,5567
1060800,4744
1060918,4811
1060986,5107
1061067,5108
1061211,5056
1061347,5018
1061535,4917
1061911,4653
1062237,5139
1062384,4731
1062540,4629
1062673,4548
1062700,5216
1063897,4070
1063960,5286
1064070,4842
1064120,5138
1064392,4700
1064604,4385
1064701,4780
1064751,5226
1064915,4229
1065075,4117
1065342,4256
1065526,4190
1065673,4251
1066696,4034
1066852,3951
1066874,4169
1067109,4227
1067261,4140
1067308,3796
1067480,4388
1067549,4540
1067606,5531
1068069,4343
1068217,4283
1068429,4651
1068919,4316
1069067,4280
1069282,4155
1069310,4223
1069425,4196
1069573,4137
1069755,4211
1070871,3834
1070903,3385
1071034,3306
1071177,3211
1071205,3694
1071367,3853
1071442,3887
1071565,3858
1071674,3883
1071703,4332
1071790,4063
1071902,4049
1071913,4453
1072027,4127
1072156,4238
1076490,3630
1076522,3291
1076823,3480
1077015,3203
1077118,3269
1077145,6189
1077299,5466
1077390,3146
1077444,6040
1077588,5660
1077619,4046
1077735,4221
1077814,6112
1077954,5480
1077999,3774
1078108,5872
1078145,3911
1078226,5807
1078315,4185
1078339,5375
1078458,4260
1078577,4766
1078704,4681
1078797,4834
1078974,5190
1079106,5164
1079632,4439
1080613,5968
1080869,3802
1081018,4087
1081074,3860
1081179,4684
1081257,4533
1081334,5095
1081416,5395
1081492,4991
1081577,6145
1081746,5102
1081928,4848
1082125,4891
1082134,4871
1082305,4803
1082317,4878
1082481,4806
1082919,4487
1083079,4423
1083500,4277
1083789,4042
1084046,3881
1084337,7027
1084387,3709
1084508,3788
1084545,3801
1084584,3812
1084614,5083
1084653,4972
1084672,6245
1085259,3251
1085340,3223
1085489,3733
1085665,3621
1085926,6133
1088117,5212
1088172,4359
1088372,4595
1088540,4527
1088608,4947
1088834,4359
1088964,4371
1089153,4601
1089295,4548
1089333,4474
1089412,4790
1089472,4582
1091052,3206
1092143,2981
1092209,3768
1092322,3446
1092384,3688
1092549,4563
1092781,3601
1092938,4122
1093161,4001
1094333,3183
1094486,3125
1094508,3383
1094610,3771
1094691,3782
1094774,3694
1094816,3902
1094962,3623
1095141,3966
1095184,4017
1095518,3749
1095694,3639
1095818,3660
1095942,4278
1096073,4211
1096208,4131
1096348,4045
1096489,3733
1096507,3796
1096870,3578
1096890,3605
1096968,3561
1097220,3416
1097363,4530
1097520,5082
1097689,5027
1097705,5011
1098146,4712
1098297,4674
1098534,5564
1098747,4996
1099177,4815
1099326,4682
1099505,4735
1099536,4692
1100052,4359
1101395,3764
1101600,3848
1101711,3817
1101810,3909
1101972,4009
1101994,3947
1102132,4715
1102163,4879
1102289,4612
1102339,4802
1102439,4513
1102493,4732
1103138,4177
1103311,4147
1103488,4673
1104271,3825
1104400,5014
1104482,3792
1104495,3770
1104636,3933
1104787,4357
1104946,4422
1104981,4239
1105065,4565
1105233,4711
1105285,4787
1105369,4915
1105542,4855
1105542,4658
1105682,4910
1105863,4728
1106098,5286
1106422,5348
1106553,5078
1106685,5141
1106875,5357
1107599,4791
1107720,4284
1108034,4423
1108204,4317
1108351,4235
1108403,4274
1108479,4662
1108596,4490
1109434,3738
1110317,3513
1110411,3828
1110506,4087
1110626,4106
1110700,3664
1110845,3866
1111067,4225
1111130,4234
1111270,4177
1111395,4166
1112631,3424
1112719,3435
1112748,3517
1112898,4349
1112921,3573
1113282,4021
1113302,3666
1113469,4062
1113507,3851
1113533,3825
1113606,3838
1113891,4042
1113917,3852
1114073,4410
1114391,4203
1114764,4004
1114784,3959
1114940,3887
1114974,4014
1115119,4177
1117029,3285
1117068,3495
1117199,4618
1117409,4518
1117561,3760
1117582,4165
1117849,4383
1118009,4275
1118133,3964
1118977,3251
1119148,3141
1119190,3264
1119336,3450
1119360,3359
1119487,3476
1119511,3391
1119626,3486
1119697,3497
1119761,4340
1120126,3374
1120177,3419
1120332,3443
1120478,3792
1120833,3479
1121003,3362
1121157,3329
1121411,3565
1121749,3439
1121990,3719
1122537,4328
1122751,4177
1123286,3507
1123308,3821
1123449,3735
1123590,3659
1124352,3129
1124499,3076
1124526,3185
1124728,3180
1125019,3833
1125022,2938
1125052,3004
1125189,3344
1125235,3385
1125399,3419
1125416,4042
1125554,3956
1125931,4099
1126139,3700
1126268,3623
1126427,3819
1126665,3948
1128002,3219
1128098,3133
1128185,3274
1128342,4084
1128366,3779
1128391,3978
1128693,4333
1128928,3606
1129079,4329
1129319,4150
1129598,3957
1129621,3953
1129745,3780
1129794,4077
1129954,3862
1130133,3846
1130280,3805
1131016,3513
1131034,3457
1131275,3329
1131292,3440
1131439,3552
1131617,4208
1131685,3357
1131971,3664
1132181,3340
1132620,3652
1133078,3171
1133229,3761
1133251,3869
1133393,3779
1134678,3056
1134793,3042
1134829,3097
1135248,3006
1135605,3181
1135999,3134
1136131,3866
1136302,3760
1136363,3016
1136428,3519
1136519,3344
1136570,3317
1136896,3418
1137047,3366
1137193,3434
1137211,3378
1138323,2989
1138374,3028
1138503,3532
1138690,3080
1138831,3250
1139448,2986
1139605,3361
1139627,3587
1139690,3022
1140100,4205
1140135,4339
1140267,4091
1140389,4019
1140468,4242
1140661,3904
1141545,3961
1142119,3213
1142278,3318
1142477,3408
1142682,3638
1142757,3394
1142810,3797
1142907,3323
1143012,3412
1143053,3484
1143163,3568
1143243,3734
1143307,3736
1143421,4040
1143594,4516
1143712,4389
1143869,4324
1143992,4255
1144105,4303
1144250,4901
1144722,4288
1145583,3349
1145950,3655
1146363,3394
1146507,3712
1146770,3502
1146802,3589
1146955,3370
1147124,3506
1147147,3469
1147286,3855
1147321,4146
1147440,4129
1147586,4037
1147604,4194
1148594,3788
1148622,3780
1148718,3833
1148889,3523
1149278,4249
1149434,4418
1149944,3958
1150109,3845
1150237,3768
1150354,3736
1150450,3753
1150471,3852
1150773,4110
1150811,4085
1150961,3990
1150974,4039
1151118,3944
1152099,4127
1152205,3547
1152238,3714
1152421,3748
1152430,3729
1152618,4701
1152690,3597
1152818,3552
1152953,4168
1153119,4086
1153289,3966
1153493,4043
1153645,4239
1153877,4266
1154928,3461
1155082,3519
1155119,3619
1155493,3470
1155710,3351
1156001,3720
1156205,3463
1156326,4899
1156465,3525
1156511,4799
1156559,3944
1156778,3776
1157065,4436
1157241,4316
1157374,4382
1157413,4303
1157561,4269
1157819,4458
1157974,4381
1158020,4453
1159252,3333
1159323,3728
1159479,3725
1159504,3416
1159696,3647
1159787,3790
1159826,3868
1159928,5472
1160081,4596
1160117,5817
1160257,4653
1160345,5747
1160383,4976
1160619,4896
1160635,5396
1160682,5400
1160799,5373
1162164,4144
1162709,4044
1162732,4166
1162893,4247
1163146,3929
1163282,3974
1163450,4100
1163779,3530
1163942,3769
1164124,3889
1164157,4083
1164280,4130
1164317,4185
1164466,4244
1164482,4369
1164632,5316
1164744,4668
1164991,5380
1165034,4759
1165195,4672
1165228,4519
1165540,4652
1166358,4243
1167096,3653
1167254,3545
1167390,3813
1167477,3961
1167624,4124
1167753,4020
1167783,4410
1167939,4306
1168116,4467
1168212,4637
1168380,4748
1168452,4887
1168629,4766
1168932,4530
1169159,4736
1170004,3993
1170039,3950
1170273,4039
1170429,4035
1170437,4074
1170679,3936
1170901,3955
1171042,4139
1171082,4310
1171253,4196
1171278,4830
1171478,4697
1171611,4556
1171800,4236
1172000,4459
1172346,4202
1172541,4193
1172933,4300
1173158,4105
1173200,3998
1174094,3718
1174294,3614
1174454,3681
1174546,3656
1174628,4679
1175058,6097
1175196,4201
1175278,5941
1175570,3932
1175588,4223
1175708,4096
1175860,4061
1176897,4502
1176921,3782
1177039,3861
1177071,4049
1177269,3525
1177321,4233
1178401,3022
1178605,3413
1178782,3552
1178951,3486
1179089,3601
1179149,3921
1179201,5197
1179246,5704
1179291,6005
1179497,5883
1179551,3363
1180197,3587
1180352,3622
1180505,3762
1181625,3521
1182056,3572
1182089,3650
1182214,3589
1182378,3605
1182416,3626
1182586,3656
1182703,3593
1182949,3579
1182984,4177
1183232,3989
1183373,3908
1183398,3698
1183489,4218
1183544,3881
1183662,4516
1183792,4418
1184106,4008
1184339,4104
1184486,4009
1184670,3923
1184795,4304
1185585,4114
1185953,3397
1186348,3251
1186801,3548
1186930,3528
1187056,3869
1187534,3542
1187572,3193
1187739,3523
1187914,3419
1187940,3516
1188051,3522
1188276,3484
1188289,3758
1188429,3551
1188530,3562
1189345,3180
1189472,3116
1189525,3223
1189706,3320
1189830,3270
1189835,3512
1189966,4166
1190148,4100
1190711,3474
1191865,3141
1192145,3064
1192221,3165
1192363,3466
1192408,3577
1192832,3634
1193124,3622
1193169,3611
1193269,3719
1193376,3762
1193482,4069
1193534,3816
1193610,4132
1193710,3769
1193851,3700
1193986,3751
1194152,3662
1194273,3655
1195158,2925
1195236,2916
1195383,3284
1195542,3183
1195560,3629
1195718,3562
1195883,3410
1196020,3311
1196158,3464
1196306,3384
1196344,3779
1198565,3831
1198811,3142
1198998,3032
1199121,3051
1199328,4305
1199450,3846
1199525,3982
1199702,4089
1199733,3661
1199865,3977
1199885,4290
1199987,4124
1200094,4006
1200213,4307
1200226,4009
1200253,4094
1200479,4256
1200611,4737
1200765,4158
1200907,4493
1201128,4321
1202077,3850
1202213,3781
1202218,3656
1202351,4273
1202437,4276
1202532,6024
1202601,5535
1202738,4644
1202999,4555
1203123,5260
1203342,4868
1203447,5159
1203624,6130
1203663,5882
1203812,6478
1203879,6115
1205055,5289
1205450,5081
1205650,4936
1205705,5235
1205853,5197
1205971,5026
1206050,5384
1206199,5285
1206237,4863
1206320,5063
1206951,4760
1206971,4830
1207096,4806
1207240,4767
1207389,4849
1207428,4937
1207574,5128
1207686,4892
1207914,5367
1208369,5156
1208519,4814
1208680,4814
1208755,4690
1208778,4770
1208907,4709
1208930,4769
1210046,4786
1210081,5212
1210179,5208
1210252,4967
1210375,5202
1210396,5367
1210519,5317
1210633,5726
1211164,5268
1211289,5090
1212811,4534
1212966,4892
1213120,4787
1213558,4246
1213705,4252
1213858,4146
1213875,4245
1214026,4029
1214063,4154
1214188,4231
1214861,4279
1214948,4124
1215088,4493
1215091,4100
1215231,4497
1215402,4661
1215405,4751
1215667,5280
1215808,5284
1215975,5954
1216179,6433
1216373,6339
1216489,4487
1216494,6085
1216614,5056
1216614,6188
1216688,6235
1217470,4874
1218017,4446
1218243,4820
1218267,6982
1218422,7071
1218490,4879
1218574,7301
1218614,5257
1218916,5056
1218932,7699
1219056,8048
1219171,7364
1219234,5065
1220268,7233
1220434,6965
1220580,6722
1220750,6804
1220770,5008
1221041,4938
1221203,5077
1221354,5025
1221512,6442
1221706,6267
1221717,6388
1221888,6376
1222049,6108
1222208,6000
1222390,5843
1223149,5735
1223459,5828
1223698,6240
1223704,6099
1223866,6137
1224020,6045
1224172,6025
1224343,6043
1224401,6125
1224565,6013
1224719,6578
1224768,6696
1224874,6635
1224933,7299
1225024,7028
1225086,7345
1225223,6895
1225327,7051
1225383,6897
1225546,7178
1225588,6894
1225713,7071
1225866,6969
1226047,6817
1226061,7309
1226215,7252
1226366,7347
1226605,7409
1226727,7087
1226905,7019
1227275,6908
1228061,6463
1228513,6091
1228877,6032
1228962,5880
1229110,6030
1229153,6320
1229294,6232
1229622,6847
1229715,5763
1230028,6563
1230170,6352
1230247,6565
1230536,6221
1231181,7141
1231343,7088
1231488,6996
1231558,7052
1231915,6685
1232039,6632
1232169,6830
1232331,6653
1232508,6585
1234266,5739
1234406,5707
1234527,5747
1234655,5733
1234673,5725
1234840,5867
1234970,5850
1234972,5893
1235127,5902
1235152,5971
1235263,6018
1235577,5894
1235685,6452
1235849,6341
1235879,6601
1236060,6350
1236223,6408
1236345,6517
1236749,6773
1236851,6230
1236954,6608
1237157,6168
1237211,6249
1237342,6330
1237467,6645
1237594,6719
1238295,6073
1238423,6312
1238599,6659
1238698,6193
1238795,5813
1239029,5672
1239277,5510
1239573,5735
1239613,6477
1240302,5817
1240445,6240
1240502,6282
1240605,6725
1240819,6752
1240901,7025
1241159,6855
1241176,6967
1241312,6895
1241434,6635
1241920,7103
1242305,6564
1243758,5443
1243949,5506
1244144,5384
1244374,5352
1244981,4596
1245000,5018
1245109,4803
1245173,4931
1245318,4903
1245362,4787
1245484,4784
1245524,5282
1245687,5070
1245723,5144
1245794,5663
1245849,5701
1245932,5864
1246201,5647
1246337,5559
1246467,5478
1246600,5540
1246812,5222
1247017,5239
1247300,5202
1247511,5992
1248616,5002
1248844,4853
1249289,5898
1249488,5655
1249633,5630
1249859,5437
1250047,5315
1250206,4987
1250362,4973
1250483,4935
1250599,4918
1251512,5023
1251615,5055
1251812,4780
1251995,5902
1252153,4923
1252296,5286
1252340,5466
1252415,5432
1252514,5312
1252579,5213
1252704,5239
1252721,5156
1252821,5187
1252901,5387
1253012,5718
1253023,5342
1253155,5740
1253290,5768
1255543,4477
1255902,3523
1256113,3982
1256295,3975
1256352,4202
1256456,4152
1256593,4078
1256714,4023
1256892,5222
1257192,5036
1257416,5105
1257977,4744
1258067,4512
1258184,4780
1258364,4763
1258510,4651
1258526,4703
1259099,4382
1259182,4540
1259308,4753
1260980,3320
1261141,3194
1261305,3142
1261369,3329
1261432,3399
1261537,3333
1261548,3446
1261705,3376
1261843,4150
1261879,5430
1261942,4800
1262208,6513
1262361,6418
1262410,5002
1262548,5736
1262695,5931
1262741,4999
1263871,4062
1265562,3430
1265709,3182
1265745,3281
1265899,3412
1265930,3610
1266064,3644
1266292,4114
1266451,4375
1266608,4887
1266832,4488
1267005,4338
1267091,4011
1267172,4022
1267308,4671
1267358,4684
1267413,4897
1267460,4657
1267510,4725
1267559,4808
1269208,3312
1269440,3436
1269671,3293
1269747,3324
1269911,3243
1270053,3459
1270102,3411
1270185,3662
1270258,3671
1270389,3661
1270460,3677
1270550,3792
1270582,3794
1271391,4122
1271815,3751
1272055,3561
1272180,4153
1272421,3973
1272548,3925
1274165,3079
1274224,3268
1274400,3139
1274479,3341
1274526,3545
1274628,4309
1274679,3473
1274736,3690
1274881,3616
1275108,4058
1275280,4087
1275475,3792
1275662,3952
1275853,3904
1275880,4181
1276014,4148
1276119,4118
1276576,3936
1276757,3566
1276887,3532
1277060,3871
1277251,4246
1277440,4247
1277612,4158
1277631,4354
1277785,3974
1277904,4103
1277971,4132
1278621,4651
1279045,4134
1279199,4158
1279297,4652
1279410,4027
1279465,4685
1279627,4902
1279837,4642
1280744,3834
1280776,3892
1280927,3888
1281045,3883
1281207,3863
1281410,3973
1281564,3912
1281798,3832
1281816,4050
1282540,3794
1282583,4398
1283105,3164
1283339,3272
1283741,3365
1283983,3477
1284194,3319
1284229,3370
1284320,3535
1284420,3505
1284552,3524
1284667,3697
1284713,3764
1285773,3113
1285971,3403
1286165,3367
1286402,3185
1286425,3411
1286612,3749
1286704,3536
1286928,3592
1287057,3779
1287163,3675
1287300,3603
1288437,2812
1288591,3464
1288627,3634
1288799,3726
1288994,3910
1289134,4088
1289301,3974
1289445,3915
1289579,4156
1289709,3818
1289862,4020
1290154,4563
1291055,3217
1291228,3509
1291345,4077
1291350,3990
1291499,4246
1291556,4484
1291630,5123
1291760,4469
1291773,4526
1291884,4648
1291918,4844
1292235,4920
1292364,4871
1292554,5020
1292738,4866
1292932,4759
1293060,5113
1293075,5132
1293838,4500
1294014,4964
1294059,4962
1294143,5010
1294258,4948
1294319,4981
1294348,5512
1294487,5525
1294523,5419
1294749,5857
1294769,5634
1294907,5809
1295864,5123
1296058,5134
1296359,4773
1296512,5430
1296693,4652
1296798,5085
1296866,5152
1297058,5521
1297207,5548
1297265,5590
1297411,5655
1297432,5807
1297616,5844
1297735,6030
1297744,6049
1297911,6419
1298325,6355
1298470,6477
1299352,5640
1299943,5194
1300093,5237
1300222,5447
1300334,5411
1300451,5410
1300480,5446
1301103,5880
1301255,5785
1301408,6060
1301444,5690
1301540,5666
1301589,5595
1301693,5606
1301729,5563
1301772,5755
1302190,5649
1302435,6171
1302591,6181
1302693,6026
1302950,5872
1303575,5295
1303605,5398
1303807,5293
1303840,5312
1303974,5442
1303997,5506
1304436,6055
1304514,6349
1304712,6272
1304867,6066
1304998,6715
1305518,6905
1305699,6676
1305779,5998
1305938,6786
1306080,6710
1306099,6224
1306178,5809
1306316,5761
1306453,7975
1306818,7671
1307025,7434
1307345,7175
1308393,6156
1308561,6044
1308723,5889
1308868,6303
1308914,5669
1309040,6180
1309175,6054
1309201,5484
1309341,5376
1310175,6568
1310197,6697
1310379,6582
1310700,6145
1310818,5973
1310971,6060
1311246,6882
1311392,6766
1311595,6808
1311842,6449
1311849,6413
1312257,6059
1312454,6378
1312500,5841
1312546,6902
1312855,16334
1312869,11635
1313017,11586
1313165,12250
1313304,12235
1313381,15693
1313558,15714
1313739,15787
1313881,16139
1314016,15971
1314208,15693
1314358,15510
1315239,14828
1316459,13742
1316698,13676
1316875,13563
1317036,13538
1317168,14013
1317304,13909
1317421,13899
1317550,13844
1318115,13362
1318201,13167
1318363,13161
1318528,13546
1318568,13440
1318674,13589
1318721,13631
1318870,13523
1319029,13597
1319093,13664
1319178,13632
1319215,13795
1319312,13875
1319504,13744
1319688,14060
1320734,13075
1320762,13043
1320923,12973
1320943,13492
1321015,13306
1321132,13384
1321263,13639
1321287,13829
1321421,13642
1321589,13593
1321711,13619
1321747,13841
1321939,13666
1322069,13937
1322218,14145
1322447,13612
1322464,14119
1322599,13811
1323142,16635
1323320,16510
1323526,16359
1323877,16363
1323933,16152
1324118,16115
1324168,16786
1324333,16211
1324437,16153
1324608,16088
1324737,16083
1324812,16096
1324921,16079
1325085,16126
1325258,16270
1325627,15908
1326013,15409
1326155,15364
1326185,15430
1326362,15395
1326531,15334
1326569,15489
1326686,15432
1326738,15763
1326946,16201
1326969,16074
1327110,16914
1327164,16716
1327530,16527
1327566,16792
1327755,16916
1327991,16983
1328023,17424
1328276,17483
1328486,17073
1328688,17053
1328730,17417
1328896,21779
1329238,21560
1329612,21250
1330604,20821
1330701,20543
1330849,20484
1331219,20212
1331523,19854
1331575,19939
1332020,19539
1332086,19675
1332172,19637
1332716,19143
1332944,18997
1333864,18194
1334827,17322
1334942,17464
1335115,17245
1335384,17125
1335634,17421
1335819,17033
1336000,17294
1336146,17473
1336266,17455
1336409,17556
1336625,17470
1336668,18055
1336843,17715
1336924,17886
1337070,18178
1337458,18008
1337493,17898
1337636,18150
1338246,17493
1338286,17611
1338425,17608
1338543,17824
1338673,18421
1338803,18478
1338936,18465
1338976,18364
1339404,21864
1339425,21966
1339571,22122
1339590,22019
1339699,22630
1339820,22393
1339925,21965
1340071,21929
1340119,22390
1340293,22323
1340447,22300
1340610,23213
1340634,21856
1340743,22101
1340921,22026
1341040,22194
1341054,22139
1341156,22562
1341423,22491
1342708,20596
1342858,20569
1343349,20396
1343516,20296
1343712,20212
1344191,19777
1344605,19480
1344774,19259
1344800,19760
1344923,19686
1345078,19659
1345097,20093
1345246,20162
1345275,20217
1345846,19972
1346126,20063
1346284,19966
1346322,20118
1346468,20272
1346607,20410
1346663,20135
1346676,20670
1347050,20328
1347191,20350
1347210,20515
1347343,20996
1347480,20995
1347623,20904
1347837,20465
1347990,20589
1348124,20504
1348247,20739
1348428,20767
1348593,21132
1348685,20392
1348698,20544
1348935,20661
1349109,20609
1349132,20903
1349276,20798
1350960,23765
1351007,23836
1351167,24004
1352435,22967
1352536,22753
1353032,22184
1353127,22245
1354246,21527
1354264,21296
1354380,21821
1354417,21474
1354552,21286
1354627,21908
1354918,21149
1355081,21046
1355122,21789
1355281,21108
1355423,21024
1356152,20429
1356191,20763
1356350,20713
1356550,20419
1356663,20455
1356769,20369
1356929,20325
1357119,20278
1357814,19948
1357982,19755
1358001,19743
1358140,19736
1358171,20171
1358307,20420
1358432,20724
1358576,20910
1358684,21097
1358718,21348
1358830,21525
1358870,21788
1359078,21848
1359168,21971
1359291,22018
1361480,21142
1361505,21222
1361882,20946
1362048,20893
1362151,20902
1362311,20863
1362589,20835
1362727,20574
1363059,20494
1363322,20395
1363496,20358
1364035,19948
1364366,19731
1364532,19674
1364902,19405
1365023,19485
1365027,19348
1365222,19395
1365443,19722
1365599,19454
1365618,19359
1366047,19133
1366247,19039
1366388,19011
1366540,18899
1367178,18407
1367380,18334
1367500,18316
1367581,18353
1368159,17894
1368388,17794
1368527,17778
1368866,17561
1369018,17531
1369183,17528
1369321,17495
1371069,15837
1371239,15788
1371256,15904
1371449,15835
1371593,16568
1371697,15714
1371707,15832
1371847,15871
1371868,15914
1371975,15933
1372003,16032
1372141,16149
1372182,16229
1372288,16255
1372324,16344
1372438,16340
1372462,16443
1372589,16434
1372781,16371
1372940,16332
1372968,16429
1373092,16421
1373144,16485
1374828,18084
1374938,18356
1376381,18165
1377477,17124
1378001,16870
1378074,16653
1378164,16938
1378483,16547
1378628,16734
1378676,16469
1378926,16541
1392531,3044
1392556,3371
1393813,3186
1393986,3065
1394146,2976
1394326,3486
1394617,3744
1395676,2859
1396092,2924
1396213,2884
1396437,3118
1396536,4843
1396572,3335
1396873,4512
1397090,4243
1397229,3915
1397363,3731
1397498,3130
1397671,4080
1397808,3231
1397944,3705
1398063,3638
1398195,3605
1398210,3728
1398811,3039
1398832,3462
1399062,3169
1399112,3317
1399220,3502
1399725,3137
1399945,3314
1400094,3241
1400522,3581
1401051,3192
1401213,3117
1401408,3170
1401562,4085
1401729,3279
1401920,3331
1402073,3650
1402216,3820
1403494,3466
1403606,3549
1403684,3722
1403871,3599
1404166,3669
1404330,3569
1404901,3898
1405070,3810
1405138,3890
1405294,4174
1405316,4218
1405427,4162
1405473,4280
1405592,4186
1405763,4113
1405770,4218
1405898,4953
1406031,5091
1406088,5157
1406150,4819
1406239,5065
1406301,4941
1406447,4869
1407237,4630
1407279,4961
1407433,5013
1407555,4804
1407710,4837
1407853,4642
1408015,4589
1408079,4747
1408187,4576
1408402,5069
1408412,5119
1408529,5188
1409246,5262
1409284,5307
1409432,5277
1410050,4889
1410075,4974
1410252,4962
1410284,4812
1410455,5574
1410474,5407
1410685,5284
1411551,4653
1411726,5190
1411884,5086
1411930,5146
1412072,5052
1412208,5318
1412323,5405
1412468,5436
1412599,5364
1412725,5301
1412850,4991
1413483,4852
1413591,5161
1413673,4750
1413812,4716
1413957,4669
1414689,4534
1414837,4441
1415062,4266
1415216,4183
1415372,4116
1415395,4315
1415492,4342
1415582,4949
1415603,5122
1416029,4888
1416066,5108
1416293,4995
1417488,4071
1417679,4202
1417842,4321
1417997,4032
1418063,4190
1418846,4258
1418880,4371
1419023,4384
1419055,4639
1419184,4831
1419319,4855
1419460,4831
1419625,4438
1419898,4215
1420047,4183
1420242,4085
1420357,4062
1421387,3562
1421549,3463
1421597,4120
1421665,3446
1421719,3705
1421867,3636
1421938,3612
1422077,3985
1422215,3898
1422289,4314
1422332,4356
1422597,4147
1422781,4012
1424367,3066
1424462,2885
1424569,3924
1425124,3630
1425262,4009
1425463,3983
1425605,4378
1425631,3798
1425844,4093
1426283,3732
1426305,3757
1426490,3794
1426627,3720
1427758,2802
1427933,2808
1428012,2815
1428137,3359
1428186,3443
1428278,3474
1428331,3593
1428411,3625
1428539,3757
1428567,3801
1429097,3385
1429112,4660
1430800,3232
1430984,3736
1431141,3624
1431164,3268
1431307,3683
1431411,3938
1432570,3334
1432753,3201
1433050,3465
1433225,3333
1433389,3355
1433552,3811
1433877,3434
1434107,3572
1434269,3667
1434522,3464
1434827,3327
1434846,3402
1435045,3294
1435377,3321
1435528,3638
1435596,4432
1435721,3382
1435762,3904
1435910,3754
1435966,3783
1436049,4079
1436189,3930
1436223,3983
1436307,4287
1436343,4079
1436708,4240
1436977,4033
1437138,3963
1437328,4168
1437718,3841
1437873,4128
1438052,4002
1438200,3904
1438906,4068
1438929,3468
1439008,3524
1439172,3412
1439307,3901
1439445,4046
1439836,4030
1439998,4090
1440135,4029
1440514,3764
1440621,3812
1441174,3916
1441334,3913
1441441,3698
1441685,3900
1441841,3795
1442261,3695
1442486,3890
1443484,3261
1443538,3327
1443682,3356
1443729,3535
1443908,4302
1443917,3528
1443939,3946
1444593,3928
1444609,3927
1444771,3862
1445057,3705
1445165,3644
1445289,3827
1445423,3838
1445451,3999
1445590,3988
1445706,3918
1446021,4258
1446173,4161
1446961,3351
1447071,3682
1447116,3691
1447266,3600
1447410,3707
1447634,3699
1447720,3521
1448048,3739
1448247,3808
1448312,3614
1448368,3604
1449018,3862
1449182,3795
1449331,3972
1449475,3878
1449637,4291
1449833,4081
1449987,3865
1450403,3622
1450531,3589
1452034,3206
1452135,3383
1452216,3078
1452353,2991
1452426,3995
1452563,3874
1452574,3463
1452710,3380
1452718,3641
1453102,3826
1454333,2984
1454546,5026
1454881,2981
1455018,3276
1455160,3908
1455481,4245
1456486,3464
1456532,3409
1456682,3312
1456822,3479
1456967,3487
1457103,3445
1457152,3614
1457269,3601
1457403,3580
1457518,3716
1458265,3564
1458331,3643
1458415,3466
1458480,3822
1458580,4224
1458718,3909
1458738,3974
1458837,4056
1459044,3934
1459214,3860
1459334,4409
1459374,4763
1459418,4809
1459773,4383
1460500,4267
1460697,4213
1460845,4153
1460978,4186
1461075,4176
1461094,4321
1461248,4234
1461274,4463
1461415,4437
1461653,4718
1461851,4549
1462009,4791
1462717,4329
1462867,4522
1462985,4556
1463103,4334
1463232,4256
1463372,4348
1463805,3989
1463960,3926
1464173,3818
1464310,3877
1465402,3213
1465696,4970
1465833,3888
1465949,4300
1465971,4270
1466088,4204
1466104,4347
1466203,4175
1466222,4279
1466396,4593
1466516,4568
1468239,3988
1468357,3022
1468449,3041
1468476,3115
1468635,3410
1468758,3338
1468802,3489
1468931,3422
1469070,3917
1469099,4079
1469234,4048
1469266,4062
1469412,4302
1469548,4231
1469752,4457
1469923,4447
1470073,4399
1471167,3458
1471872,3598
1472012,3707
1472107,3213
1472144,3727
1472278,3689
1472465,3305
1472619,4172
1472747,3266
1472911,3820
1473046,3788
1473203,3684
1473346,3591
1473397,3594
1473519,3876
1474496,2946
1474534,3621
1474674,2944
1474817,3414
1474952,3453
1475112,3620
1475674,3112
1475903,3147
1476040,3192
1476185,3114
1478233,3340
1478561,3456
1478723,3426
1478900,3519
1479063,3828
1479136,3405
1479364,3231
1479512,3207
1479680,3115
1479845,3052
1479987,3093
1480044,3143
1480112,3185
1480234,3216
1480261,3262
1480429,3168
1480448,4227
1480603,3653
1480698,3363
1480790,3528
1480858,3291
1480913,3818
1481259,3787
1481405,3694
1481487,3856
1481844,3570
1482237,3988
1483688,3487
1483849,3480
1483995,3419
1484129,3659
1484260,4087
1484396,4001
1484498,4222
1484512,3990
1484717,3997
1484869,3904
1484892,3994
1485034,4019
1485162,3999
1485204,4038
1485370,3954
1485509,4648
1485681,4381
1485859,4345
1486044,4229
1486169,4191
1487009,3196
1487306,3916
1487536,3090
1487670,3618
1487843,3512
1487974,3698
1488135,3600
1489341,3374
1489525,3475
1490239,3035
1490395,3150
1490441,3185
1490936,3267
1491100,2791
1491282,3022
1491409,3362
1491560,3421
1491735,3345
1491912,3277
1491946,3341
1492064,3445
1492153,3477
1492298,3448
1492362,3519
1492510,3491
1492636,3473
1492832,3361
1493859,2873
1494027,3233
1494052,3529
1494194,4580
1494423,3549
1494511,4990
1494553,4341
1494806,4711
1495014,4619
1495117,3884
1496085,3089
1496535,3045
1496715,2956
1496911,3132
1496929,3544
1497088,3511
1497241,3526
1497403,3313
1498067,3611
1498242,3129
1498402,3536
1498583,4259
1498886,3204
1499056,3250
1499926,3303
1500083,3436
1500269,3297
1500293,3455
1500431,3399
1500820,3339
1500847,3439
1500991,3360
1501035,3473
1501164,3545
1501337,3908
1501412,4049
1501562,4011
1501719,3962
1501777,3966
1501925,4290
1501975,4308
1502114,4288
1502142,4335
1502255,4313
1502964,3783
1503314,3662
1503440,4024
1503610,3516
1504146,3371
1504318,3434
1504417,3267
1504540,3900
1504762,3797
1504784,4142
1504867,3839
1504937,4337
1505019,3988
1505207,4543
1505507,4437
1505856,4176
1506987,3209
1507161,4747
1507276,4319
1507292,4605
1507451,4087
1507623,3699
1508180,3823
1508438,3508
1508621,3617
1508718,3376
1508842,3248
1509098,3802
1509145,3565
1509355,3500
1509571,3564
1509731,3532
1509835,3664
1510003,3849
1510160,3769
1510373,4180
1510533,4376
1510716,4292
1510874,4100
1511052,3905
1511076,3819
1512186,3274
1512357,3276
1512473,3363
1512622,4111
1512742,4185
1512912,3888
1513055,4025
1513179,3926
1513356,4427
1513451,3529
1513514,3702
1513668,3881
1514125,3610
1514351,3535
1514370,3889
1515144,3318
1515291,3228
1515403,3214
1515507,3433
1516154,3230
1516328,2922
1516549,3476
1516718,3159
1518030,3158
1518286,3031
1518324,3128
1518454,3102
1518565,3181
1518981,3032
1519131,3581
1519491,3497
1519692,3349
1519860,3230
1519997,3682
1520067,3259
1520127,3615
1520197,3542
1520320,3543
1520349,3727
1520493,3889
1520523,3792
1520627,3891
1521450,3290
1521602,4363
1522062,2948
1522243,2932
1522422,3489
1522822,3455
1523003,3964
1523139,3842
1523284,3954
1523438,3912
1523466,3817
1523623,4358
1523881,4221
1524873,2977
1524898,3391
1525103,3268
1525257,3167
1525380,3330
1525397,3301
1525535,3415
1525578,3631
1525691,3710
1525914,3521
1526061,3474
1526119,3700
1526434,4011
1526778,3599
1527032,3879
1527180,4031
1528308,3352
1528494,3433
1528752,3692
1529016,3484
1529045,3693
1529262,3664
1529285,3940
1529506,3671
1529745,3680
1529777,3771
1529990,3729
1530173,3635
1530353,3774
1530513,3563
1530633,3770
1530742,3564
1530849,3396
1531047,3759
1531250,3726
1531309,3859
1531404,3936
1531436,4007
1531591,4118
1531715,3842
1531883,3737
1532504,3293
1532697,3644
1533020,3416
1533052,3498
1533877,4338
1533907,4092
1534099,4170
1534237,4562
1534349,5165
1534495,4140
1535586,3452
1535765,3325
1535856,3891
1535983,3590
1535997,4207
1536144,3964
1536170,4087
1536271,4043
1536388,4417
1536468,4293
1536700,4190
1536787,4230
1536863,4207
1536982,4151
1537113,4116
1537279,4843
1537419,4756
1538761,3462
1538896,3865
1539050,4347
1539192,4326
1539348,4610
1539527,4380
1539729,4239
1539911,4541
1539936,4619
1540086,5108
1540279,4626
1540399,4455
1540514,4476
1540538,4781
1541050,4219
1541308,4060
1541341,4576
1541500,4522
1541651,4320
1541698,4394
1541786,4831
1541846,5082
1541878,5059
1541965,5113
1542008,5233
1542143,5226
1542286,5257
1542437,5231
1542584,5041
1543115,4627
1544611,3410
1545025,4140
1545410,3845
1545566,3970
1545745,4276
1545778,3531
1545929,3468
1546126,3885
1546266,3695
1546289,3969
1546438,4901
1546538,4299
1547819,3183
1548131,3286
1548308,3151
1548337,3127
1548462,3672
1548488,3722
1548499,4217
1548530,4794
1548775,3461
1549353,4006
1549622,3931
1549679,3813
1549729,4020
1549806,4031
1549862,4126
1551974,3222
1552027,3322
1552238,3183
1552379,3324
1552524,3535
1552831,3706
1553012,3583
1553161,3612
1553395,3532
1553560,3510
1553581,3657
1553816,3632
1553873,3869
1554076,3573
1554224,3564
1554377,3610
1554538,3960
1555350,3280
1555465,3588
1555549,3667
1555707,3561
1555737,3711
1555891,3603
1555944,3603
1556116,3781
1556347,3669
1556681,3926
1556819,5815
1557013,3691
1557114,3665
1557266,4064
1557366,4644
1557457,4297
1557662,4283
1557822,4027
1557919,4515
1558233,4349
1559997,3320
1560051,3475
1560222,3539
1560435,3319
1560717,3246
1560825,3283
1560993,3069
1561015,3497
1561121,3985
1561217,4650
1561296,4677
1561334,4748
1561358,5361
1561380,5406
1561539,4240
1561722,4486
1561768,5258
1562152,4679
1562229,4745
1562457,4590
1563302,4050
1564207,5057
1564308,3444
1564594,4012
1564905,3306
1564977,5101
1565147,5780
1565379,3958
1565545,4406
1565692,4376
1565871,4287
1566040,4340
1566286,4692
1566485,4543
1566811,4265
1567426,3946
1567446,4552
1567597,5513
1567719,4404
1567870,4165
1567899,4275
1568052,4272
1568105,5393
1568240,5340
1568254,5112
1568399,4813
1568429,4759
1568487,4828
1568630,4801
1568664,4633
1568796,4830
1569133,4677
1569739,4456
1569766,4653
1569926,4575
1570181,4683
1570210,4590
1570343,4992
1570493,4476
1570706,5238
1570897,4890
1571091,4867
1571304,4589
1572381,4231
1572593,4929
1572626,4325
1572875,4277
1573048,4157
1573332,4267
1574288,3793
1574482,3717
1574597,3847
1574608,4361
1574715,4195
1575019,4048
1575170,4322
1575400,4151
1576366,3762
1576403,4131
1576558,3825
1576679,4306
1576781,3849
1576989,3954
1577015,4544
1577362,3899
1577534,3781
1577726,3638
1577765,3847
1577893,4080
1577909,3850
1577933,3989
1578133,4033
1578251,3912
1578399,3902
1578540,3815
1579316,3556
1579335,3749
1579502,3455
1579819,4018
1579963,3927
1580217,3722
1580595,4117
1581031,3437
1581265,3516
1582380,3003
1582443,2870
1582587,4028
1582676,3525
1582701,3615
1582819,3433
1582910,3645
1583120,3587
1583450,3793
1583699,3640
1583847,3579
1583994,3866
1584186,4084
1584392,3949
1584547,3893
1585534,3526
1585906,4065
1585955,3872
1586041,4067
1586129,4094
1586275,4000
1586367,4113
1586396,4128
1586503,4214
1586916,4010
1587066,4605
1587067,4180
1587293,4419
1587447,4041
1587588,4526
1587623,4151
1587693,4289
1587897,4391
1587914,4253
1588799,3986
1588859,3859
1588968,4130
1589133,4012
1589359,3922
1589536,3876
1589730,3904
1589871,4177
1590049,4046
1590292,3874
1590310,3924
1590434,3876
1591143,3729
1591167,3772
1591351,3679
1591498,3813
1591758,4424
1591816,4447
1591894,4464
1592100,4355
1592285,4462
1592411,4441
1592524,4278
1592647,4415
1593235,3926
1593325,3992
1593457,4461
1594858,3296
1594981,3219
1595063,3443
1595136,3415
1595243,3479
1595383,3394
1595431,3460
1595491,3542
1597667,4884
1599476,3630
1600053,2931
1600069,3210
1600265,2961
1600277,3056
1600427,3059
1600446,3330
1600581,5709
1600617,3125
1600933,2927
1601026,3342
1601099,2992
1601252,3830
1601308,3609
1601352,3809
1601402,4615
1601454,4616
1601505,4644
1601765,3004
1602477,4112
1602687,4107
1603102,4167
1603959,3590
1604001,3558
1604154,3573
1604308,3855
1604348,4020
1604441,4596
1604595,4009
1604731,4324
1604781,4380
1604897,4316
1604931,4467
1605033,4679
1605160,4606
1605214,4460
1605283,4622
1605334,4895
1605439,5112
1605756,5017
1605821,5004
1606416,4845
1606450,4945
1606759,4971
1607171,4326
1607316,4405
1607358,4424
1607818,4104
1608421,3928
1608634,4616
1608714,3713
1608878,3922
1609083,3780
1609359,4337
1609521,4112
1609569,4631
1609766,4097
1610379,4338
1610444,4862
1610563,4593
1610736,4662
1610861,4588
1611016,4482
1611299,4473
1611472,4352
1611649,4224
1612581,4267
1612604,4676
1612780,3741
1612898,4091
1613088,4045
1613279,4137
1613398,4284
1613561,4185
1613682,4123
1613758,3710
1613909,3675
1613939,4343
1614084,4502
1614586,4434
1614633,4149
1614748,3981
1615000,3913
1615186,4579
1615333,4504
1615471,4535
1615544,3922
1615605,4519
1616599,4681
1616979,4109
1617113,4062
1618556,4398
1618789,4288
1619286,3741
1619514,3617
1619716,3517
1619891,3291
1620029,3252
1620190,3139
1620312,3066
1620429,3166
1621323,3166
1621345,3408
1621490,4693
1621590,4870
1622270,3722
1622271,3793
1622465,3659
1622609,3839
1622883,4056
1622919,4294
1622963,4753
1623009,4586
1623073,4788
1623129,5347
1623160,5369
1623335,3398
1623439,3662
1623664,3732
1623816,3957
1624749,3792
1624799,3555
1624994,3478
1625127,3506
1625274,3486
1625426,3409
1625585,4763
1625691,3763
1625830,3675
1626019,3534
1626210,3657
1626489,3965
1626530,3986
1626761,4312
1626985,4178
1627882,4071
1628056,3843
1628302,3888
1628560,4013
1628714,3775
1628783,4098
1628877,3750
1629001,3711
1629249,3991
1629295,3998
1629345,4091
1629568,4059
1629702,3912
1629752,5375
1630771,4458
1630801,3361
1630912,4267
1631293,3985
1631465,3863
1631635,3741
1631721,3705
1631747,4287
1631998,3987
1632291,3810
1632417,3854
1632996,3769
1633121,3713
1633296,5662
1633395,3684
1633875,3854
1634035,3746
1634175,3654
1634187,3846
1634313,3990
1634458,3895
1634499,4292
1634679,5072
1634831,4974
1634953,4902
1635071,4834
1635214,4747
1635379,4633
1635504,4555
1635620,4888
1636729,3728
1636948,3800
1637230,3773
1637405,3915
1637554,3864
1637672,4041
1637856,4247
1637911,4414
1638034,4500
1638090,4297
1638147,4335
1638241,4410
1638395,4414
1638433,4443
1639209,4882
1639368,4776
1639746,4447
1639937,4306
1640101,4638
1640131,4736
1640294,4624
1640332,4584
1640452,4514
1640595,4786
1640620,4440
1640776,4366
1640855,4944
1641889,3959
1641912,3999
1642059,3917
1642165,4258
1642355,3924
1642429,4091
1642571,4003
1643027,3949
1643233,3730
1643260,3913
1643402,4864
1643441,3912
1643618,4718
1643869,4331
1646514,3116
1646692,3605
1646773,3971
1646994,4271
1647122,4407
1647185,3755
1647260,4216
1647428,3717
1647572,3874
1647709,3848
1647711,3924
1647883,4029
1647921,4115
1648041,4448
1648044,4257
1648177,4366
1648308,4304
1648539,4219
1648771,4208
1648791,4092
1649038,3921
1649211,4037
1649226,4135
1649344,4262
1649465,4251
1649494,4229
1649715,4203
1649882,4088
1649894,4930
1650075,4443
1650352,4660
1650482,4785
1650621,5089
1651294,5000
1651312,5184
1652010,4709
1652185,4657
1653423,4089
1653559,4092
1653883,4025
1654006,3852
1654011,3988
1654170,3787
1654192,3830
1654344,4211
1654373,4236
1654512,4239
1654660,4093
1654694,4206
1654861,4147
1655069,4057
1655133,4223
1655290,4041
1655332,4118
1655499,4426
1655928,4087
1656605,3526
1656716,3581
1657128,3486
1657652,3329
1657828,3395
1658083,3338
1658242,4033
1658283,4324
1658440,3741
1658864,4030
1658968,4035
1659236,3840
1659426,3761
1659594,3690
1660120,4230
1660229,4405
1660397,3644
1660427,4158
1660595,4124
1661003,3531
1661054,3573
1661256,3695
1661314,3729
1661475,3826
1663372,3209
1663506,3215
1663586,4496
1663719,3365
1663852,3370
1664113,3249
1664246,4109
1664397,4021
1665110,4002
1665135,4243
1665279,4032
1665353,3784
1665454,3757
1665578,3858
1665689,3835
1665882,4177
1665951,3880
1666170,3822
1666486,3820
1666621,3774
1667510,3215
1667554,4038
1667662,3282
1667742,3439
1667891,3260
1667915,3321
1668107,4437
1668154,4516
1668283,4600
1668464,4601
1668618,5386
1668688,4329
1668721,5384
1668910,5145
1669568,4611
1670942,3437
1670995,3471
1671198,3231
1671348,3172
1671572,3215
1671672,3439
1671695,3918
1671799,3092
1671973,3743
1672094,3684
1672189,3810
1672377,4341
1672399,4488
1672685,4277
1672701,4451
1674083,3454
1674290,3916
1674506,3752
1674619,3883
1674664,3925
1674842,4075
1674934,4018
1675019,4016
1675187,4015
1675337,4257
1675459,4084
1675538,4139
1675659,4429
1675801,4641
1676023,4598
1676166,4096
1676450,4256
1676470,4576
1677273,3644
1677368,3764
1677508,3698
1677581,3898
1677635,3901
1677976,3643
1678037,3689
1678160,3850
1678276,3786
1678389,3855
1679180,4075
1679352,4179
1679361,4373
1679556,3950
1679821,4104
1680120,3895
1680272,3875
1680682,3816
1680745,3835
1681818,3232
1681892,3320
1682050,3242
1682134,3269
1682300,3542
1682442,3614
1682491,4055
1682560,3967
1682686,4661
1682725,4226
1682867,4313
1683033,4198
1683284,4207
1683784,3968
1683987,3837
1684849,3604
1685023,3625
1685092,3628
1685249,3642
1685359,3623
1685452,3648
1685564,3613
1685603,4385
1685899,4137
1686105,4285
1686215,4180
1686361,4589
1686424,4187
1686568,4051
1686607,4915
1686967,4234
1687023,4314
1687188,4425
1687371,4363
1687529,4142
1689574,3573
1689738,3511
1690226,3383
1690266,3426
1690443,3419
1690474,3469
1690983,4738
1691029,4985
1691176,5279
1691262,4809
1691349,5053
1691411,4760
1691557,4564
1691772,4450
1691818,4687
1691893,4634
1692022,4634
1692046,4681
1692326,4837
1692527,4759
1692699,4622
1692803,4906
1692965,4919
1693900,4099
1694070,5325
1694088,3847
1694126,3991
1694198,4206
1694258,4982
1694405,5724
1694526,5590
1694713,5261
1694801,5337
1694958,5429
1694982,5776
1695117,5818
1695334,5894
1695622,5980
1695807,5476
1695979,5356
1696145,5240
1696810,4894
1696967,6281
1697116,6196
1697350,6018
1697384,6047
1697527,5962
1697580,5839
1697679,5861
1697721,5882
1697793,6251
1697927,6070
1698063,6031
1698197,6029
1698243,6157
1698415,6058
1698422,6098
1698586,6724
1698900,5814
1700688,5018
1700880,4723
1701039,4514
1701058,4940
1701137,4667
1701284,4651
1701443,4663
1701535,4707
1701736,4653
1701749,4734
1701881,4716
1702071,5096
1702248,4969
1702457,4924
1702746,4686
1703773,4950
1703931,4865
1704196,4663
1704446,4458
1704570,4435
1704779,4330
1704958,4662
1705154,5212
1705354,5065
1705473,4998
1705760,4853
1705915,4817
1706069,4726
1706215,4702
1707673,3234
1707698,3658
1707862,3443
1707897,3674
1708019,3899
1708154,3676
1708249,4071
1708380,4249
1708499,4281
1708616,5318
1708693,4468
1708819,4394
1708935,4327
1709078,4234
1709206,4516
1709512,4281
1710600,4311
1710914,3655
1711081,3683
1711103,3990
1711260,4037
1711409,3908
1711451,3760
1711560,3833
1711898,3651
1712024,3476
1712049,3634
1712143,4255
1712431,4349
1712663,4041
1712953,4102
1712998,4174
1713106,4397
1713241,4377
1714000,3862
1714131,3782
1715761,3594
1715793,3465
1715955,3585
1716008,4094
1716084,4494
1716221,4217
1716371,4120
1716450,4499
1716491,4218
1716600,4409
1716692,4473
1716872,4510
1717268,4461
1717301,4474
1717564,4158
1717681,4239
1717700,4366
1717884,4401
1718015,4178
1718184,4147
1718273,4122
1718407,4322
1718427,4330
1718551,4230
1718838,4246
1719025,4327
1719173,4502
1719415,4327
1719427,4550
1719569,5019
1719941,4580
1720172,4853
1720868,4238
1722515,3541
1722995,4112
1723019,3832
1723048,3374
1723144,3416
1723375,4193
1723488,4253
1723544,4108
1723775,4143
1723824,4703
1723975,5013
1724121,5057
1724266,5019
1724358,4542
1724397,4969
1724666,4375
1724747,4721
1724863,4255
1724929,4489
1725094,4204
1725153,4363
1725297,4425
1725441,4545
1725754,4440
1725893,4368
1726105,4162
1726313,4085
1726480,3971
1726685,3898
1726807,3882
1727064,3854
1727241,3792
1727406,3731
1727541,3743
1728166,4254
1728314,4179
1728906,4207
1729369,3810
1731377,2917
1731470,3292
1731740,6380
1732162,3230
1732396,4914
1732535,3509
1732566,7912
1732792,8317
1732922,8274
1733140,7794
1733291,3814
1733457,3510
1733519,7501
1733586,3939
1733674,3563
1733722,7741
1733894,7488
1733917,4141
1734067,4646
1734107,3858
1734127,7155
1734300,6673
1734343,6415
1734503,6347
1734575,6983
1734709,6905
1734796,6750
1735488,6229
1735712,6055
1735890,6381
1736128,6591
1736355,6650
1736527,6742
1736711,6760
1736752,7098
1736931,6944
1737101,6876
1737286,7423
1737413,7658
1737598,7650
1737616,7798
1737804,7752
1737954,7654
1738228,7664
1738398,7578
1738551,7510
1738719,7595
1738825,8804
1738870,9144
1738988,8748
1739022,9047
1739148,8680
1739172,8941
1739301,8704
1739322,8841
1739463,8752
1739478,8882
1739633,8781
1739652,8904
1739799,8813
1739818,9627
1739950,9095
1739983,9514
1740100,8999
1740144,9405
1740248,8901
1740309,9291
1740399,9347
1740561,9247
1740576,9100
1741107,10332
1741363,10174
1742420,9243
1742993,8747
1743195,8657
1743603,8367
1743688,8421
1743927,8277
1744080,8228
1744105,8483
1744276,8405
1744298,8474
1744445,9967
1744474,11441
1744569,10940
1744711,10890
1744866,10965
1744907,10837
1744923,11030
1745076,11067
1745424,10795
1745565,10556
1745709,10499
1746348,11870
1746400,10260
1746541,11780
1746709,10037
1746907,12077
1747102,11935
1747284,11308
1747458,10676
1748511,9731
1748751,9682
1748899,10016
1749045,9585
1749275,9897
1749309,9601
1749469,9916
1749608,9479
1750091,9364
1750287,9058
1750423,8981
1750458,9169
1750612,9089
1750613,8946
1750728,9076
1750858,9076
1751082,9100
1752123,8587
1752306,8414
1752359,8422
1752429,8197
1752527,8332
1752778,8134
1752926,8182
1753335,7878
1753728,7531
1753743,7586
1753924,7577
1753930,8071
1754086,8232
1754105,8075
1754247,7908
1754270,7962
1754515,7855
1754682,7754
1754692,7843
1754846,7756
1754865,8061
1755032,7969
1755184,10993
1755250,13602
1755337,12719
1755426,13959
1755593,13831
1755720,14036
1756345,13302
1756570,13165
1756913,12874
1757083,12753
1757261,12624
1757429,12580
1757784,12595
1758015,12150
1758270,11999
1758468,11901
1759008,11419
1759186,11540
1759942,11432
1759998,10817
1760021,10860
1760164,10912
1760221,11034
1760412,11137
1760445,14514
1760683,14496
1760824,12088
1760987,14441
1761134,14196
1761276,13802
1761371,12127
1761526,11889
1761584,13949
1761697,13989
1761840,13952
1764885,11015
1767049,6834
1767229,6742
1767378,8228
1767431,8295
1767481,9722
1767699,8302
1767839,8173
1767907,8209
1768113,8247
1768121,8160
1768304,8170
1768474,8332
1768881,8032
1769215,8507
1769239,9205
1769441,8557
1769469,9029
1769565,8534
1769801,8404
1770040,8609
1770063,8271
1770231,8201
1770401,8160
1770552,8226
1770572,8214
1771719,7186
1771738,7269
1772102,7016
1772272,6950
1772427,8045
1772604,7961
1772690,8505
1772861,8306
1773017,8242
1773187,8066
1773289,7841
1773348,7972
1773509,7957
1773716,7852
1773990,7800
1774101,7789
1774223,8380
1774390,8160
1774551,8344
1776123,7241
1776583,6850
1776705,7586
1776885,7416
1777039,7339
1777283,7347
1777448,7538
1777627,7890
1777703,7456
1777823,7918
1777950,7659
1778112,8121
1778265,7949
1779454,6943
1779618,6727
1779700,6565
1779716,6733
1779891,6539
1779970,6577
1780109,6909
1780309,6617
1780661,6419
1781434,5718
1782132,5010
1782392,5064
1782611,5109
1782948,4969
1783099,5050
1783163,5100
1783258,4947
1783400,4938
1783539,5075
1783669,5903
1783687,5191
1783716,5327
1783854,5773
1783881,5676
1784792,5563
1784815,5644
1785124,5586
1785304,5595
1785357,5759
1785801,5250
1787578,5104
1787755,4986
1787796,5729
1787943,5834
1788003,5009
1788143,5118
1788419,4939
1788443,5160
1788544,5190
1788721,5123
1789170,4874
1789331,4832
1791016,3252
1791155,3528
1791179,3520
1791381,3489
1791405,3418
1791557,3384
1791596,4128
1791741,4154
1791774,4169
1791881,4069
1791932,4345
1792071,4602
1792109,4799
1792191,4828
1792270,4860
1792422,4759
1792566,5490
1792822,5235
1793076,5118
1794419,4178
1794459,4295
1794552,4353
1794726,4358
1794921,4212
1795027,4249
1795044,4277
1795163,4216
1795391,4662
1795585,4662
1795752,4681
1795788,5017
1796203,4613
1796322,4568
1796360,4614
1796522,4684
1796706,5068
1796860,6163
1796966,5584
1798228,5077
1798249,4651
1798400,4836
1798482,4686
1798852,4368
1798980,4100
1799123,4116
1799257,3973
1799393,3970
1799530,3888
1799709,4148
1799753,4031
1799926,3954
1800061,3938
1801450,3128
1801860,3012
1802047,3130
1802112,3318
1802208,3293
1802278,3447
1802374,3895
1802474,3623
1805276,3211
1805474,3348
1805543,3771
1806068,4058
1806411,3941
1806620,4322
1806734,3861
1806910,3953
1807052,4067
1807442,4334
1807463,4416
1807618,4375
1807676,4251
1807823,4243
1807993,4182
1808012,4239
1808146,4302
1808171,4404
1808313,4542
1808341,4810
1808487,4716
1808619,4635
1808729,4592
1808837,4561
1808876,4631
1809013,4577
1809154,4706
1809175,4734
1809327,4642
1809353,4690
1809512,4666
1809543,4822
1809636,4798
1809787,4805
1809949,5113
1809957,5290
1810629,6133
1810701,4755
1810921,4641
1810976,4732
1811127,5610
1811546,5826
1811679,6831
1811985,8202
1812285,7485
1812306,7934
1812482,7398
1812677,7620
1812788,7636
1812867,7482
1812912,7575
1813270,7350
1817180,3844
1817706,3439
1817860,3531
1818015,3445
1818181,3803
1818340,3913
1818507,3867
1818604,3857
1818691,4400
1818783,4188
1818855,4289
1818954,4257
1819009,4737
1819109,4474
1819167,4931
1819266,4516
1819328,4833
1819430,4871
1819501,4974
1819583,5224
1819694,5188
1819849,5086
1820013,5424
1820712,4491
1820883,5173
1821224,4704
1821310,4943
1821490,4814
1821627,4760
1821720,4605
1822298,4615
1822466,4531
1822912,4178
1823040,4235
1823238,4138
1823889,4368
1824048,4308
1824204,4250
1824229,4522
1824494,4209
1824619,4407
1825005,4174
1825012,4411
1825156,4318
1825309,4213
1825326,5240
1825484,5584
1825619,5880
1825758,4481
1826123,5085
1826453,4802
1827010,4748
1827102,3896
1827176,4139
1827339,4362
1827414,4377
1827481,4565
1827678,4796
1827833,4795
1828381,3906
1829255,3710
1829283,3734
1829453,3616
1829688,4114
1829850,3716
1829873,4555
1829933,6221
1829972,6589
1830034,7986
1830064,6727
1830113,8015
1830132,6757
1830175,6807
1830194,7032
1830287,3428
1830361,3528
1830435,3606
1831253,4280
1831495,4364
1831626,4819
1832618,5263
1833626,5969
1833741,4710
1833916,5248
1833930,4794
1834090,4872
1834243,5228
1834274,5129
1834416,5077
1834472,5696
1834615,5462
1834673,6110
1834791,5702
1834794,5928
1834944,6128
1835342,5838
1835623,5652
1835715,6264
1835925,5660
1835933,6131
1836132,5737
1836271,7445
1836294,7530
1836354,7938
1836403,7944
1836449,7948
1836500,8078
1836548,8533
1836616,7619
1836626,8695
1837051,7413
1837221,7306
1837384,7280
1837537,7020
1837710,7150
1838252,8006
1838324,8018
1838421,8192
1838548,8001
1838795,8420
1839066,7676
1839240,7738
1839304,7975
1839972,7166
1840134,7073
1840326,7165
1840575,6857
1840844,7948
1840851,8124
1841021,8072
1841175,7916
1841336,7945
1841405,7544
1841494,7859
1841682,7651
1841734,7527
1842206,7210
1842364,7177
1842543,6987
1842732,7014
1842740,7191
1842900,7965
1843052,7708
1843201,7613
1843360,8221
1843523,8399
1843683,8480
1843839,8413
1844006,8272
1844599,7406
1845468,6630
1845749,6468
1845852,6521
1845878,6541
1846006,7406
1846040,7425
1846189,7864
1846330,7614
1846382,7530
1846458,7778
1846670,7629
1847582,6592
1847609,7007
1847830,6589
1848040,6681
1848315,7595
1848464,7811
1848618,7767
1848811,7728
1849117,7486
1849984,6734
1850148,6632
1850311,6534
1850457,6565
1850595,6662
1850634,7853
1850714,6355
1850908,6330
1851029,6307
1851142,6248
1851373,7104
1853212,6193
1853325,5469
1853506,5464
1853586,6308
1853743,6199
1854115,5393
1854259,5371
1854450,5109
1854486,5392
1854772,5191
1854952,5576
1855001,6105
1855133,6105
1855203,5750
1855338,5668
1855396,5961
1855494,5562
1855561,6055
1855944,5662
1856103,5647
1856355,6075
1856947,5537
1857096,5437
1857115,5501
1857383,5932
1857543,5621
1857751,5614
1857828,5737
1857983,5692
1858189,5244
1858532,5208
1859229,4573
1860237,4239
1860287,4467
1860372,4494
1860435,4679
1860601,4329
1860793,4507
1861296,4079
1861482,4462
1861850,4163
1862063,4249
1862228,4564
1862259,5131
1862399,5317
1862614,4904
1862926,4651
1862984,4275
1863246,4528
1863389,4488
1864226,4001
1864407,3939
1864543,3892
1864578,3963
1864702,4158
1864988,4953
1865141,4897
1865193,3804
1865335,4124
1865490,4054
1865636,4032
1865670,4493
1866518,4078
1866718,4725
1866885,4990
1867036,4786
1867092,4250
1867196,4779
1867395,4531
1868719,3391
1868758,3539
1869134,3310
1869297,3266
1869743,2972
1870405,3814
1870722,3563
1870888,3517
1870999,3342
1871081,3988
1871172,3636
1871257,3868
1871425,3749
1871650,3575
1871687,4241
1872151,4153
1872960,3490
1873209,3346
1873300,3460
1873396,3456
1873445,3849
1873568,3706
1873900,4092
1874050,3858
1874079,4170
1874247,4127
1874384,3981
1874476,4366
1874503,4505
1874905,4127
1875055,4128
1875195,4524
1875288,4761
1875314,4457
1875475,4950
1875481,4808
1875605,4741
1875753,4593
1875956,4519
1876538,4232
1876676,4416
1876686,4196
1876702,4467
1876787,4182
1877076,4196
1877698,4013
1877944,4130
1878085,4043
1878133,4354
1878293,4232
1878424,4840
1878470,4887
1878601,5112
1878854,5301
1879124,5128
1879203,5147
1881334,3854
1881355,4051
1881510,3753
1881539,3823
1881689,3830
1881758,3812
1881904,4324
1881921,4580
1882096,4494
1882171,4850
1882214,4783
1882324,4862
1882331,4613
1882558,4565
1882689,4777
1882940,4729
1883083,4792
1883114,4858
1883276,4654
1883427,4612
1883544,4665
1883674,4608
1883725,4621
1884438,4814
1884586,4723
1884660,4940
1884967,4465
1885113,4873
1885397,4933
1885569,4828
1885703,4793
1885834,4768
1885870,4840
1886473,4933
1886739,4779
1886943,4512
1887106,4471
1887272,4355
1887470,5245
1887479,5285
1887621,5343
1887717,5365
1887766,5395
1888334,4932
1888389,4944
1888533,5174
1888678,5477
1888912,5312
1889089,5002
1889145,5144
1889267,5495
1889718,5163
1890767,4352
1890791,4561
1890940,4548
1891060,4512
1891138,4987
1891173,4780
1891293,4906
1891469,4877
1891654,4962
1891726,5045
1891800,5023
1891914,5857
1892238,5885
1892437,5743
1892462,5782
1892608,5515
1892756,5316
1892917,5395
1893579,4931
1893756,4961
1893797,4838
1893926,5043
1893958,5125
1894103,5118
1894334,4968
1894459,5708
1895027,4851
1895179,5444
1895324,5720
1895383,5616
1895525,5335
1895605,5118
1896875,4852
1897074,4759
1897238,4651
1897407,4611
1897572,5315
1897943,5037
1898166,5106
1898363,4979
1898380,4486
1898389,5020
1899450,5340
1899551,4734
1899670,4748
1899698,4883
1899789,4936
1899902,5099
1899945,5387
1900016,5201
1900098,5242
1900293,5473
1900502,5278
1900737,5097
1900881,5025
1901025,5002
1901092,5024
1901171,5032
1901257,5211
1901401,5031
1902178,5559
1902267,4882
1902449,5008
1902574,4780
1902583,5203
1902664,4861
1902733,5122
1903008,5017
1903028,5050
1903131,5039
1903226,5077
1903341,5534
1903524,5445
1903650,6117
1904352,5527
1904617,5254
1904836,5142
1906240,4316
1906282,4758
1906496,4604
1906670,4529
1906823,4468
1907424,4461
1907548,4423
1907564,4497
1907769,4380
1907909,4328
1908119,4247
1908292,4165
1908351,4176
1908416,4220
1909404,3954
1909566,3909
1909589,3510
1909694,3350
1909942,3932
1910023,3946
1910050,4354
1910096,4383
1910211,3991
1910380,4358
1910399,4064
1910466,4150
1910600,4458
1910714,4433
1914521,3473
1914736,3773
1914836,3494
1914873,3739
1914983,3440
1915116,4653
1915223,3690
1915309,4592
1915501,3673
1915683,4232
1915705,4249
1915894,4208
1916156,3851
1916205,3824
1916308,3749
1916375,3817
1916567,3540
1916746,3762
1916779,4424
1917040,4004
1917129,3584
1918151,3561
1918277,3889
1918485,3922
1918747,4702
1919009,4796
1919262,4546
1919423,4455
1920446,3510
1920725,3327
1920883,3558
1920975,3368
1920995,3242
1921334,3244
1921361,3657
1921520,3735
1921539,4042
1921692,3859
1921831,4009
1921850,4409
1921951,3945
1921994,4444
1922039,4272
1922189,4239
1922250,4519
1922356,4510
1922498,4676
1922673,4622
1922965,4399
1923553,4769
1924015,4442
1924151,4257
1924295,3866
1924411,4143
1924538,3817
1924589,3991
1925030,4056
1925154,4111
1925447,3872
1925597,3828
1925618,4568
1926237,4200
1926381,4707
1926545,4379
1926569,4401
1927705,3458
1927848,3370
1927992,3332
1928202,3526
1928661,3679
1929616,3290
1930016,3879
1930290,3725
1930472,3593
1930634,3820
1930957,3178
1931204,3588
1931348,3730
1931374,3758
1931466,3834
1931562,3792
1931596,6013
1931774,3946
1931981,4062
1932008,3788
1932141,4781
1932162,3927
1932274,4974
1932412,4327
1933003,3595
1933027,4648
1933235,4289
1933422,4157
1933547,4218
1933696,4223
1933841,4168
1934030,4018
1934157,3914
1934176,4077
1934287,4243
1934484,5009
1934646,4564
1935293,4250
1935448,4171
1935586,4127
1935687,5420
1935720,5515
1935783,5519
1935815,5621
1935832,5710
1935884,5845
1935918,5869
1935948,6056
1936080,3742
1936234,3781
1936379,4407
1936528,4373
1938703,3249
1938887,3149
1939046,3094
1939259,3305
1939846,3378
1940027,3144
1940039,2958
1940273,3349
1940315,3734
1940422,3778
1940425,3674
1942303,3053
1942610,3471
1942624,3105
1942867,3129
1943035,3127
1943194,3321
1943285,3350
1943410,3414
1943431,3444
1943636,3473
1943880,3786
1944112,3666
1944266,3316
1944291,3841
1944454,3264
1944721,3426
1944888,4122
1945055,4056
1945184,3879
1945314,3847
1945486,3811
1946704,3597
1946880,3473
1946929,3553
1946986,3547
1947152,3460
1947262,3529
1947403,4469
1947541,4385
1947690,4285
1947855,4491
1947973,4411
1948145,4369
1948193,4407
1948379,4372
1948523,4989
1948684,4798
1948690,5125
1948859,5048
1949007,4953
1949125,4632
1951184,3571
1951345,3564
1951383,3892
1951530,4261
1951533,4189
1951698,4223
1951706,4268
1951873,4457
1952063,4321
1952747,4516
1952799,4539
1952971,4483
1953096,4425
1953105,4511
1953209,4661
1953245,4580
1953324,4864
1953362,4676
1953549,4554
1953577,4632
1954099,4482
1954227,4586
1954383,4387
1954534,4333
1954679,4332
1954940,4126
1955095,4249
1955976,3446
1956042,3445
1956172,3507
1956258,3725
1956417,4116
1956464,4133
1956590,4235
1956748,4525
1956938,4387
1957086,4374
1957292,4397
1957483,4552
1959129,5010
1959167,4071
1959264,4734
1959437,4076
1959556,4678
1959725,4054
1959777,4470
1959907,4161
1960072,4372
1960237,4261
1960381,4170
1960703,4221
1960849,4128
1960959,4503
1961075,4482
1961108,4507
1961186,5007
1961312,5290
1962511,3616
1962548,4791
1962669,3628
1962687,3725
1962872,4169
1963022,4378
1963560,4329
1963585,4029
1963807,4245
1963826,4275
1964066,4507
1964261,4601
1964278,4633
1964406,4615
1964548,4565
1964682,4567
1964712,4846
1965580,4638
1965665,4231
1965717,4041
1966098,3874
1966331,3938
1966484,3837
1966500,3921
1967126,3923
1967294,4121
1967438,4137
1967481,4229
1967578,4128
1967728,4060
1967917,4227
1968055,4192
1968185,4155
1968322,4102
1968461,4168
1968498,4013
1969914,3416
1970048,3498
1970088,3541
1970238,3466
1970362,3406
1970480,3448
1970622,3812
1970689,3937
1970815,4227
1970828,3948
1970989,4049
1973706,3251
1974525,3249
1975554,3201
1975700,3120
1975781,3394
1975929,3181
1976003,3443
1976161,3378
1976362,3674
1976568,4977
1976754,3380
1976778,3461
1976935,3668
1977094,3694
1977145,3871
1977235,3925
1977386,3825
1977891,3922
1978265,3563
1978323,3834
1978424,3969
1978453,4258
1978567,4136
1978569,4144
1978941,4220
1979216,4037
1979365,4173
1979482,4263
1979571,4401
1979691,4482
1979875,4714
1980437,4283
1980697,4094
1980988,3991
1981119,4013
1981272,3972
1981392,3931
1981587,4295
1981696,4034
1981841,3945
1982324,3961
1982471,3900
1982489,3976
1982627,3925
1983004,4051
1983307,3682
1983374,3854
1983459,3709
1983572,3716
1983778,3961
1983802,4461
1984127,3806
1984667,3966
1984773,3988
1984825,3905
1985385,3479
1985420,3556
1986321,3123
1986481,3633
1987067,3097
1987268,3575
1987396,3511
1987578,3495
1987852,3113
1988070,2956
1988088,2952
1989040,2980
1989063,3366
1989253,3209
1989397,3132
1989545,3085
1990305,2866
1990440,3495
1990599,4408
1990871,3358
1991165,3371
1991574,3546
1992139,3584
1992546,2984
1992712,3220
1992767,3481
1992913,3395
1993040,3347
1993094,3584
1993158,4113
1993231,3271
1993898,3208
1993985,3502
1994121,4305
1994229,3727
1994374,3851
1994422,3610
1994565,3594
1994595,4041
1994741,3840
1995224,3510
1995376,3454
1995529,3397
1995761,3382
1995787,3677
1995935,3770
1996078,3870
1996785,3314
1996863,3498
1996919,3950
1997014,3786
1997154,3854
1997193,3988
1997331,3915
1997511,3961
1999093,3268
1999253,3509
1999281,3565
1999563,3563
1999744,3451
1999854,3752
1999999,3721
2000411,3804
2000423,3664
2000590,3637
2000724,3676
2001001,3485
2001572,4390
2001667,3394
2001733,3278
2001907,3352
2002007,3720
2002059,3992
2002259,3842
2002614,3680
2002911,3794
2002950,3421
2003096,3710
2003217,3658
2003348,3631
2003538,3670
2003659,3665
2004378,3292
2004538,3412
2004588,4118
2004714,4191
2004856,4244
2004883,3900
2005208,4076
2005389,4107
2005567,3941
2005709,3851
2005760,4029
2005901,4083
2007006,3178
2007044,3238
2007169,3250
2007253,3218
2007381,3862
2007541,3451
2007695,3585
2007788,3391
2007985,3368
2008373,3377
2008546,3892
2008565,3330
2008740,3267
2008937,3873
2009120,3815
2009293,3798
2010389,3746
2010510,3823
2010765,3498
2010891,3501
2011019,3941
2011074,3818
2011291,3820
2011392,3819
2011443,4028
2011577,4392
2012807,3215
2013179,3176
2013360,3201
2013596,3140
2013796,3397
2014046,3439
2014632,4097
2015363,4178
2015532,4304
2015555,6192
2015849,6019
2016009,6427
2016054,6553
2016214,6846
2016350,7284
2016399,6980
2016446,7623
2016606,7542
2016614,7481
2016773,7532
2017041,7726
2017143,7783
2017231,7744
2017269,7774
2017398,7886
2017517,7814
2018220,7164
2018373,7088
2018901,7220
2019059,7226
2019081,7605
2019240,7743
2019376,7677
2019433,7854
2019578,7824
2019666,7832
2019677,8258
2019848,8148
2019883,7999
2019966,7976
2020021,8041
2020088,8023
2020324,7887
2020491,7923
2020902,7560
2020912,7631
2021056,7617
2021089,7660
2021272,7633
2021392,7817
2021593,8643
2021704,8795
2022113,8657
2022274,8447
2022618,8187
2022722,8133
2023168,8190
2023269,7909
2023440,7637
2023586,7793
2023693,7534
2023810,7492
2024600,8547
2024799,8466
2025076,8300
2025448,8293
2025606,7762
2025707,7606
2025837,7726
2025957,7658
2027154,7870
2027339,7751
2027483,7692
2027543,7776
2027966,8203
2028088,8108
2028234,8024
2028514,7428
2028676,7457
2029478,6831
2029496,6962
2030172,7406
2030330,7377
2030354,7688
2030517,7764
2030549,7567
2030615,7393
2030964,7250
2031395,8103
2031420,6998
2031565,6971
2032364,6256
2032556,7354
2032815,7318
2033012,7172
2033204,7029
2033402,6900
2033432,7017
2033579,6974
2033684,7041
2033799,7026
2033835,7042
2033924,7171
2034050,7098
2034173,7096
2034359,6901
2035136,7172
2035220,7178
2035349,7380
2035363,7222
2035391,7285
2035514,7271
2035622,7441
2036204,6911
2036431,6733
2036590,6882
2036605,6643
2036716,6869
2036788,6977
2037532,7211
2037770,7725
2038247,6796
2038354,7076
2038545,6617
2039319,6011
2039528,5852
2039613,6946
2040921,5872
2040967,6326
2041147,6590
2041292,6515
2041460,6580
2041698,6394
2041854,6288
2042227,7141
2042394,7177
2042436,7532
2042773,7343
2042902,6884
2043725,6186
2043860,6308
2044000,6219
2044424,7665
2044581,7455
2044729,7412
2044879,7310
2045128,7130
2045267,7091
2045403,7052
2045535,7056
2045562,7158
2045725,7046
2045756,7434
2045888,7360
2046723,8828
2046833,8742
2046982,8505
2047016,8895
2047138,8840
2047149,8588
2047298,8544
2047334,8838
2047419,8666
2047469,8801
2047531,8739
2047632,8909
2047863,8624
2048038,8550
2048193,8514
2048317,8447
2048429,8616
2048558,8435
2048911,10263
2049093,10185
2049216,10111
2050335,9007
2050504,8902
2050734,8728
2050888,8646
2050923,8756
2051006,8953
2051140,8952
2051238,8782
2051242,9674
2051509,8640
2051581,10542
2051632,10291
2051696,10374
2051875,10320
2051998,10373
2052128,10300
2052263,11140
2052663,10682
2052837,10136
2053015,10927
2053281,10278
2053424,10571
2053557,9953
2053706,9751
2053742,10174
2054325,9818
2054498,9251
2054529,9582
2054665,9199
2054836,9173
2054999,10752
2055168,10696
2055321,11205
2055355,10753
2056311,9898
2057352,9239
2057507,9029
2057650,9032
2057898,8933
2058213,8524
2058381,8544
2058412,8634
2058572,8526
2058696,10233
2058900,10150
2059680,9451
2059832,9554
2059952,9487
2060151,9338
2060294,9453
2060475,9466
2060613,9201
2060804,9064
2060973,9103
2061166,8963
2061338,8859
2061422,8887
2061455,8979
2061596,11471
2061615,11505
2061681,11219
2061817,11182
2062467,10753
2062761,10712
2063013,10576
2063172,10359
2063185,11022
2063326,10919
2063460,10977
2064917,9128
2065156,8944
2065336,8815
2065391,8900
2065533,10009
2065541,10175
2065693,10092
2066280,9577
2066739,9343
2066881,9246
2066971,9360
2067707,9644
2067736,9696
2067901,9637
2067925,9731
2068070,9870
2068093,9780
2068251,9800
2068349,9752
2068504,9664
2068849,10355
2069055,10204
2069218,10232
2069248,10462
2069386,10376
2069538,10665
2069720,11635
2069959,10379
2070761,9593
2070918,9651
2070962,10872
2071099,11011
2071110,11072
2071180,10870
2071584,10643
2071799,10513
2071813,10612
2071936,10611
2072129,10505
2072147,10570
2072307,10681
2073233,10354
2073286,10391
2073409,10454
2073547,10428
2073873,10275
2073909,10478
2074048,10428
2074406,10229
2074518,10297
2074688,10312
2074812,10615
2074813,10366
2075016,10613
2075029,10717
2075139,10731
2075824,10175
2075989,10136
2076442,9805
2076539,9835
2077256,9266
2077427,9302
2077573,9262
2077666,9288
2077704,9375
2077880,9339
2077979,9362
2078279,9458
2078321,9141
2078342,9249
2078564,9303
2078982,9000
2079020,9090
2079150,9105
2079287,9089
2079324,9185
2079475,9157
2079496,9273
2080170,8730
2080370,8674
2080423,8752
2080583,8754
2081367,11936
2082821,11621
2082853,10754
2082986,11108
2083057,12219
2083210,12126
2083349,12044
2083418,11124
2083558,11464
2091409,3808
2091493,3445
2092057,3514
2092230,5703
2092374,5675
2092427,5720
2092473,6378
2092517,6379
2092572,7089
2092621,6963
2092743,3248
2092749,3101
2092937,3727
2092944,3490
2093126,3635
2093133,3813
2093298,4300
2093439,4011
2093472,4208
2093744,3889
2093921,4053
2095337,3330
2095495,3913
2095634,4514
2095688,4166
2095836,4071
2095892,4001
2096402,4080
2096963,3571
2097138,4004
2097288,4213
2097422,4200
2097689,4027
2098154,3647
2098303,3593
2098669,3477
2098714,3545
2098960,3618
2099100,3627
2099236,3545
2099497,3802
2099519,3704
2100141,3256
2100291,3208
2100438,3264
2100611,3208
2100710,3530
2100889,3404
2101198,3530
2101200,3595
2101390,3457
2102167,2992
2103400,3170
2103501,3956
2103673,3839
2103825,3935
2104047,3802
2104287,3300
2104492,3244
2104526,3368
2104713,3449
2104985,3339
2105006,3395
2106101,2846
2106290,2942
2106316,3816
2106425,3641
2106593,3801
2107286,3166
2107570,3318
2107773,3438
2107900,3531
2107961,4137
2108026,3897
2108720,3253
2108760,3393
2108940,3263
2109088,3665
2109239,3505
2109285,3669
2109359,3839
2109424,3610
2109460,4003
2109483,4145
2109796,3968
2109997,3817
2110224,3998
2110240,4054
2110393,3954
2110501,3909
2111069,3698
2111268,4058
2111534,3737
2111749,3656
2111813,3632
2111942,3608
2112100,3638
2112249,3600
2112314,3859
2112920,3598
2113081,3656
2113236,3553
2113566,4216
2113956,3883
2113974,4155
2114131,4065
2114294,3772
2114461,3751
2114943,3575
2115103,3832
2116006,3004
2116340,2795
2116545,2981
2116687,2943
2116926,2910
2117221,3052
2117349,3641
2117480,3872
2119486,3478
2119690,3379
2119870,3522
2119921,3589
2120000,3444
2120092,3488
2120117,3463
2120216,4045
2120326,4178
2120356,3783
2120506,4274
2120532,4176
2120627,4377
2120707,4620
2121017,4459
2121042,5025
2121184,4697
2121229,4734
2121369,4648
2121431,4994
2121483,4841
2121584,5148
2121624,4847
2121704,5086
2121901,4941
2121951,5002
2122106,4924
2123065,4347
2123228,4255
2123255,4371
2123410,4355
2123620,4198
2123676,4507
2123861,4991
2124011,5070
2124162,4985
2124281,4912
2124338,5286
2124372,5187
2124544,4964
2124690,5200
2125705,4773
2125934,4725
2126126,4651
2126354,4677
2127721,3686
2127901,3806
2128004,3608
2128061,4690
2128201,4159
2128414,4291
2128912,3931
2128986,4312
2129133,5086
2129270,4784
2129435,4679
2129586,4345
2130581,3584
2130707,3916
2130858,3732
2130888,3652
2131039,3817
2131094,4061
2131213,3923
2131232,4206
2131354,3981
2131446,3975
2131517,4209
2131712,4297
2131858,4302
2131971,4299
2132100,4226
2132402,4432
2132617,4353
2132748,4272
2133357,3776
2133519,3821
2133763,3632
2133989,3942
2134343,4098
2134943,3313
2134967,3492
2135195,3864
2135214,3892
2135434,3723
2135502,3741
2135558,3818
2135632,4311
2135725,3763
2136938,3370
2137065,3385
2137175,3414
2137242,3576
2137454,3351
2137686,3317
2138216,2930
2138499,3014
2138628,3997
2138686,3871
2139309,3551
2139451,3402
2140965,3084
2141055,3095
2141214,3345
2141247,3335
2141343,3269
2141425,3473
2141578,3368
2141596,4517
2141734,3378
2141899,3977
2142229,4488
2142378,4506
2142669,4376
2142695,4333
2142890,4086
2142934,4326
2142982,4227
2144358,3471
2144380,3346
2144668,5645
2144722,4120
2144895,4002
2145080,3866
2145172,3875
2145202,4273
2145316,4265
2145354,4245
2145407,4500
2145429,4624
2145489,5164
2145779,5076
2146236,4285
2146364,4366
2146493,4297
2146892,4207
2148072,3126
2148308,3530
2148332,3659
2148449,3881
2148506,3888
2148673,3698
2148794,5359
2148889,5253
2148925,5629
2148966,6130
2148989,5618
2149008,5729
2149157,3685
2149358,3572
2149648,4121
2149815,4005
2150037,3832
2151471,3835
2151626,3527
2151972,3526
2152040,3388
2152102,4044
2152167,3696
2152250,3858
2152504,3502
2152672,3482
2152910,3465
2153058,3684
2153219,3918
2153423,3766
2153596,4150
2153739,3853
2153907,3982
2153984,4267
2155385,3619
2155545,3243
2155584,4549
2155832,3526
2155989,3490
2156159,3371
2156203,4045
2156250,3936
2156508,3884
2156670,3815
2156858,3718
2157200,3670
2157283,4260
2157418,4017
2157434,3866
2157556,3924
2157698,4292
2157923,4064
2159325,3220
2159526,3207
2159585,3201
2159818,3647
2159973,3370
2160075,3379
2160696,3153
2160771,3211
2160920,3965
2161102,3936
2161245,3906
2161405,3824
2161591,3896
2161823,3797
2161866,3896
2163225,3683
2163401,3821
2163590,3564
2163617,3863
2163745,3316
2163950,3363
2164184,4027
2164225,4039
2164273,3612
2164444,3546
2164548,4169
2164577,3877
2164703,3886
2164744,4380
2164907,4125
2165027,4163
2165211,4064
2165311,4116
2165332,4259
2165450,4317
2166174,3720
2166360,3615
2166540,3681
2166722,3608
2167029,3525
2168071,3158
2168236,3245
2168299,3293
2168558,3613
2168694,3898
2168808,4092
2168923,4086
2169195,3753
2170069,3414
2170090,3352
2170336,3245
2170374,3337
2170508,3242
2170629,3697
2170682,3317
2170811,3240
2170958,3421
2171086,3743
2171294,3662
2171300,3593
2171708,3317
2171857,4059
2172007,3934
2172271,3783
2172435,3555
2172594,3723
2172749,3619
2172938,3480
2173226,3710
2174050,3337
2174095,3407
2174187,3386
2174358,3343
2174460,3344
2174611,3673
2174694,3846
2174864,3728
2175024,3697
2175345,3927
2175672,3666
2176027,3839
2176107,3811
2176157,3878
2176253,3874
2176394,3786
2176561,3692
2176754,3607
2177779,3832
2177817,3004
2178266,3563
2178319,3206
2178465,3431
2178610,3902
2178934,3559
2178955,3442
2179109,3574
2179236,3520
2179379,3914
2179681,3780
2179710,4050
2179847,4894
2179960,4175
2180074,4900
2180222,4868
2181343,3494
2181366,3699
2181531,3670
2181706,3580
2181882,3516
2182063,3694
2182108,3570
2182220,4128
2182755,3223
2184233,2987
2184416,2986
2184828,3051
2185604,3314
2185834,3030
2185993,3099
2186186,3053
2186227,3159
2186423,3352
2186581,3431
2186945,2883
2187039,3386
2187253,3379
2187380,3352
2187437,3779
2187512,3616
2187585,4022
2188086,3353
2188232,3463
2188354,3545
2188487,3411
2188608,3549
2188732,3980
2189520,3090
2189590,3437
2189773,3211
2189899,3693
2189945,4523
2190018,3782
2190052,3798
2190131,4242
2190243,4294
2190585,4429
2190738,4171
2190954,4203
2192355,3200
2192432,3300
2192736,3513
2193055,3441
2193247,2970
2193271,3325
2193424,3711
2193473,3754
2193624,3765
2193806,3736
2193947,4081
2193980,3766
2194123,3703
2194156,3772
2194305,3824
2194397,3826
2195706,2897
2195806,3121
2195880,3129
2195901,3373
2195930,3291
2195970,3361
2196028,3500
2196550,2893
2196742,3198
2196826,3338
2196912,3361
