190,2859
3213,2790
6104,2803
9008,2785
11886,2789
14766,2797
17652,2785
20544,2784
23419,2804
26314,2790
29193,2784
32065,2784
34935,2783
37806,2785
40678,2781
43593,2783
46465,2807
49361,2790
52239,2783
55112,2780
57981,2783
60849,2780
63715,2787
66588,2781
69456,2794
72338,2786
75210,2781
78075,2780
80943,2780
83809,2777
86673,2780
89570,2779
92436,2815
95339,2787
98211,2791
101102,2792
103986,2785
106862,2781
109731,2793
112612,2783
115504,2784
118375,2788
121250,2783
124120,2778
126985,2783
129853,2780
132720,2788
135595,2780
138464,2795
141346,2786
144218,2782
147085,2780
149952,2781
152818,2777
155682,2779
158572,2778
161437,2876
164402,2786
167276,2783
170148,2779
173015,2782
175884,2779
178751,2790
181626,2778
184508,2781
187387,2799
190274,2784
193145,2778
196010,2782
198878,2783
201748,2790
204626,2779
207516,2783
210385,2784
213256,2781
216122,2777
218990,2778
221853,2776
224716,2839
227638,2776
230513,2785
233384,2788
236260,2781
239127,2778
241997,2783
244865,2775
247727,2792
250603,2780
253473,2840
256400,2783
259271,2782
262139,2780
265010,2781
267878,2778
270742,2798
273625,2779
276497,2779
279364,2785
282237,2781
285104,2781
287971,2785
290844,2781
293712,2844
296642,2781
299537,2784
302406,2784
305278,2785
308149,2780
311017,2779
313881,2774
316742,2811
319639,2778
322528,2779
325391,2787
328270,2814
331186,2784
334058,2782
336929,2778
339793,2784
342666,2784
345550,2779
348416,2808
351311,2783
354180,2784
357053,2776
359917,2782
362783,2788
365659,2779
368535,2778
371412,2791
374291,2777
377155,2781
380021,2778
382884,2782
385752,2790
388629,2781
391515,2779
394379,2789
397253,2780
400118,2779
402983,2781
405850,2781
408718,2797
411600,2781
414469,2796
417351,2788
420225,2776
423087,2782
425955,2773
428814,2783
431683,2779
434575,2780
437443,2845
440376,2790
443252,2779
446121,2782
448989,2779
451854,2782
454722,2783
457591,2783
460460,2802
463347,2789
466221,2777
469085,2782
471954,2780
474818,2783
477697,2792
480575,2781
483443,2810
486339,2789
489215,2783
492083,2779
494953,2781
497819,2777
500682,2781
503640,2781
506516,2782
509385,2785
512258,2783
515127,2777
517992,2785
520865,2780
523733,2804
526623,2777
529544,2786
532416,2792
535306,2789
538182,2780
541049,2782
543919,2778
546783,2791
549659,2781
552559,2780
555426,2814
558328,2789
561202,2775
564063,2782
566930,2780
569796,2787
572668,2777
575547,2782
578416,2788
581291,2784
584162,2780
587029,2786
589901,2778
592766,2789
595642,2776
598526,2782
601394,2791
604270,2781
607137,2779
610004,2781
612872,2778
615737,2790
618613,2784
621511,2783
624380,2788
627254,2783
630123,2776
632985,2779
635848,2780
638714,2785
641585,2779
644449,2796
647332,2785
650202,2779
653067,2778
655931,2780
658796,2780
661663,2780
664550,2777
667411,2785
670281,2781
673147,2781
676014,2779
678880,2781
681747,2791
684622,2779
687507,2779
690371,2790
693248,2778
696119,2780
698984,2778
701848,2781
704715,2822
707622,2779
710492,2781
713366,2789
716241,2777
719103,2781
721969,2780
724835,2780
727700,2795
730581,2781
733447,2806
736338,2788
739224,2781
742091,2779
744955,2778
747820,2781
750685,2776
753615,2778
756503,2782
759370,2784
762248,2783
765115,2780
767982,2782
770847,2775
773710,2788
776584,2782
779475,2798
782365,2798
785249,2780
788123,2785
790993,2777
793858,2783
796727,2825
799637,2783
802516,2780
805383,2787
808258,2775
811118,2783
813985,2776
816847,2781
819715,2794
822594,2780
825460,2826
828371,2788
831245,2777
834109,2782
836976,2781
839852,2784
842725,2824
845638,2783
848513,2782
851381,2790
854258,2779
857125,2780
859993,2779
862858,2779
865723,2824
868630,2781
871502,2779
874379,2790
877258,2781
880126,2780
882989,2779
885854,2780
888770,2787
891646,2783
894538,2780
897403,2791
900285,2784
903160,2780
906026,2779
908894,2782
911764,2788
914639,2778
917520,2781
920388,2790
923266,2777
926128,2782
928999,2778
931865,2780
934731,2805
937625,2786
940508,2783
943377,2791
946257,2781
949125,2779
951988,2780
954855,2782
957724,2818
960629,2780
963522,2780
966387,2869
969342,2790
972220,2783
975087,2781
977954,2781
980823,2778
983687,2782
986572,2781
989442,2836
992363,2788
995237,2782
998103,2778
1000967,2779
1003833,2779
1006700,2821
1009604,2779
1012469,2848
1015401,2788
1018275,2778
1021138,2779
1024004,2784
1026881,2782
1029749,2789
1032624,2780
1035519,2783
1038389,2799
1041275,2781
1044143,2781
1047011,2777
1049874,2781
1052741,2807
1055634,2777
1058517,2785
1061389,2791
1064266,2782
1067132,2778
1069996,2778
1072860,2778
1075724,2788
1078597,2780
1081463,2798
1084345,2785
1087215,2780
1090081,2781
1092947,2782
1095814,2774
1098674,2778
1101551,2779
1104415,2809
1107309,2787
1110183,2784
1113051,2775
1115916,2782
1118782,2788
1121655,2781
1124526,2778
1127394,2792
1130272,2778
1133137,2781
1136001,2775
1138862,2778
1141727,2819
1144637,2805
1147555,2783
1150424,2850
1153360,2787
1156233,2780
1159100,2779
1161967,2781
1164834,2778
1167698,2791
1170572,2780
1173439,2840
1176366,2785
1179237,2781
1182105,2777
1184968,2780
1187832,2779
1190696,2781
1193569,2778
1196433,2792
1199312,2786
1202183,2778
1205045,2779
1207910,2777
1210774,2786
1213645,2778
1216536,2778
1219399,2787
1222272,2779
1225144,2779
1228011,2779
1230874,2780
1233739,2796
1236621,2780
1239507,2779
1242372,2788
1245246,2777
1248111,2779
1250975,2782
1253844,2778
1256706,2801
1259594,2781
1262461,2827
1265373,2790
1268248,2785
1271123,2783
1273994,2781
1276861,2782
1279731,2800
1282619,2782
1285504,2780
1288370,2790
1291247,2780
1294113,2778
1296975,2779
1299841,2779
1302704,2801
1305595,2780
1308463,2802
1311350,2788
1314222,2780
1317088,2781
1319954,2777
1322818,2780
1325683,2777
1328571,2783
1331439,2795
1334321,2789
1337197,2778
1340064,2781
1342932,2781
1345800,2784
1348669,2780
1351550,2780
1354415,2804
1357305,2789
1360179,2777
1363046,2779
1365910,2783
1368780,2786
1371651,2778
1374531,2782
1377398,2785
1380268,2780
1383132,2781
1386001,2779
1388865,2775
1391732,2837
1394652,2775
1397526,2782
1400395,2785
1403267,2781
1406133,2777
1408998,2780
1411862,2774
1414722,2791
1417597,2780
1420464,2812
1423361,2786
1426239,2783
1429106,2777
1431969,2782
1434835,2781
1437701,2789
1440575,2780
1443444,2794
1446323,2785
1449193,2780
1452057,2779
1454923,2777
1457784,2784
1460658,2781
1463548,2776
1466410,2832
1469325,2789
1472200,2781
1475076,2778
1477942,2779
1480806,2775
1483668,2780
1486553,2778
1489419,2815
1492318,2784
1495193,2779
1498058,2775
1500919,2778
1503781,2790
1506660,2778
1509530,2780
1512395,2785
1515268,2782
1518138,2778
1521003,2778
1523867,2780
1526732,2807
1529624,2780
1532498,2779
1535364,2783
1538234,2781
1541099,2777
1543962,2777
1546826,2773
1549686,2779
1552567,2776
1555428,2847
1558360,2785
1561230,2779
1564094,2778
1566959,2781
1569826,2775
1572687,2777
1575570,2780
1578436,2837
1581359,2782
1584228,2780
1587094,2775
1589955,2779
1592818,2779
1595682,2779
1598571,2776
1601434,2790
1604317,2785
1607189,2781
1610062,2781
1612928,2778
1615794,2785
1618665,2780
1621541,2777
1624403,2784
1627273,2777
1630136,2779
1633002,2778
1635866,2779
1638732,2831
1641697,2777
1644558,2782
1647427,2829
1650345,2786
1653218,2780
1656085,2776
1658947,2779
1661811,2779
1664675,2778
1667547,2779
1670412,2789
1673289,2779
1676155,2780
1679020,2782
1681887,2778
1684753,2791
1687646,2785
1690544,2783
1693414,2804
1696304,2778
1699170,2779
1702035,2782
1704901,2781
1707769,2790
1710644,2779
1713530,2780
1716397,2783
1719267,2782
1722134,2779
1725001,2777
1727863,2777
1730730,2837
1733651,2779
1736521,2782
1739387,2788
1742263,2782
1745131,2780
1748001,2785
1750873,2777
1753737,2796
1756617,2782
1759503,2784
1762374,2786
1765253,2783
1768122,2778
1770985,2781
1773850,2782
1776717,2786
1779589,2777
1782455,2796
1785336,2784
1788206,2781
1791074,2779
1793940,2780
1796805,2780
1799676,2780
1802563,2776
1805425,2854
1808363,2787
1811239,2779
1814103,2777
1816968,2780
1819835,2776
1822698,2791
1825572,2779
1828439,2837
1831360,2785
1834233,2782
1837099,2775
1839960,2782
1842825,2782
1845693,2778
1848557,2775
1851420,2790
1854294,2777
1857157,2782
1860023,2777
1862887,2779
1865750,2784
1868622,2781
1871515,2778
1874377,2785
1877248,2778
1880114,2781
1882980,2777
1885844,2778
1888712,2798
1891602,2781
1894469,2802
1897358,2787
1900231,2777
1903096,2780
1905961,2775
1908822,2783
1911688,2781
1914578,2779
1917442,2834
1920363,2792
1923241,2777
1926106,2780
1928971,2781
1931839,2778
1934702,2803
1937592,2781
1940459,2791
1943335,2791
1946211,2779
1949077,2783
1951945,2778
1954814,2781
1957682,2775
1960601,2779
1963462,2794
1966343,2783
1969212,2782
1972078,2781
1974944,2779
1977819,2781
1980687,2781
1983566,2778
1986431,2874
1989389,2789
1992263,2783
1995136,2777
1997998,2780
2000863,2780
2003729,2790
2006607,2781
2009476,2790
2012353,2786
2015224,2783
2018092,2779
2020957,2781
2023823,2778
2026688,2777
2029577,2778
2032440,2814
2035338,2787
2038210,2781
2041077,2779
2043943,2778
2046806,2777
2049671,2781
2052557,2779
2055427,2837
2058350,2786
2061224,2783
2064092,2780
2066957,2781
2069823,2777
2072686,2779
2075557,2781
2078424,2815
2081324,2786
2084197,2781
2087066,2780
2089933,2780
2092797,2786
2095668,2781
2098555,2781
2101422,2794
2104308,2785
2107179,2780
2110044,2781
2112910,2779
2115774,2796
2118655,2781
2121547,2786
2124419,2804
2127310,2791
2130187,2780
2133054,2779
2135918,2778
2138782,2785
2141652,2779
2144530,2782
2147399,2786
2150269,2779
2153133,2778
2155997,2780
2158862,2777
2161726,2842
2164655,2781
2167544,2780
2170409,2789
2173283,2780
2176149,2775
2179010,2779
2181877,2779
2184741,2801
2187630,2781
2190534,2787
2193410,2783
2196285,2784
2199155,2779
2202021,2781
2204886,2780
2207752,2789
2210626,2780
2213512,2782
2216379,2786
2219250,2779
2222114,2779
2224980,2781
2227848,2778
2230714,2813
2233613,2780
2236486,2796
2239367,2786
2242237,2781
2245104,2782
2247974,2782
2250842,2783
2253714,2826
2256625,2779
2259568,2786
2262439,2789
2265316,2792
2268193,2781
2271065,2783
2273934,2780
2276801,2785
2279669,2778
2282565,2780
2285430,2845
2288364,2789
2291239,2781
2294113,2782
2296978,2779
2299846,2783
2302714,2807
2305608,2779
2308472,2795
2311351,2790
2314227,2780
2317094,2778
2319956,2783
2322825,2776
2325686,2777
2328560,2791
2331446,2845
2334380,2791
2337258,2779
2340126,2805
2343019,2780
2345899,2781
2348767,2791
2351646,2779
2354529,2781
2357397,2787
2360269,2778
2363135,2779
2366000,2777
2368864,2781
2371731,2829
2374644,2778
2377527,2779
2380393,2788
2383269,2785
2386141,2777
2389003,2780
2391868,2780
2394732,2868
2397686,2782
2400567,2780
2403433,2791
2406313,2788
2409187,2781
2412053,2779
2414919,2778
2417782,2782
2420651,2782
2423535,2778
2426398,2789
2429272,2776
2432135,2781
2435001,2776
2437864,2779
2440730,2823
2443639,2780
2446524,2780
2449389,2786
2452260,2780
2455128,2780
2457994,2782
2460862,2779
2463724,2785
2466594,2781
2469461,2821
2472368,2788
2475243,3080
2478462,2807
2481371,2790
2484255,2797
2487141,2780
2490011,2783
2492880,2781
2495750,2806
2498645,2780
2501534,2785
2504408,2811
2507307,2792
2510187,2783
2513059,2780
2515925,2781
2518793,2788
2521665,2780
2524572,2785
2527443,2822
2530353,2791
2533231,2783
2536101,2780
2538966,2781
2541832,2784
2544702,2787
2547575,2784
2550445,2786
2553317,2788
2556190,2782
2559058,2781
2561924,2779
2564788,2790
2567664,2781
2570556,2780
2573422,2806
2576315,2792
2579194,2781
2582062,2781
2584930,2779
2587796,2786
2590667,2784
2593559,2778
2596422,2831
2599339,2790
2602215,2782
2605083,2781
2607952,2781
2610819,2780
2613684,2779
2616579,2781
2619446,2801
2622334,2787
2625208,2781
2628075,2780
2630940,2779
2633805,2780
2636671,2780
2639544,2779
2642408,2789
2645290,2781
2648157,2778
2651020,2780
2653885,2779
2656750,2791
2659625,2781
2662499,2782
2665366,2789
2668241,2782
2671107,2782
2673977,2781
2676842,2777
2679706,2820
2682609,2778
2685472,2845
2688402,2786
2691273,2782
2694140,2781
2697009,2779
2699874,2781
2702743,2803
2705631,2779
2708503,2781
2711370,2785
2714241,2781
2717111,2783
2719980,2781
2722849,2780
2725714,2799
2728597,2780
2731463,2810
2734361,2787
2737234,2782
2740100,2783
2742971,2785
2745843,2782
2748713,2828
2751627,2781
2754521,2781
2757388,2787
2760262,2781
2763132,2781
2765999,2779
2768863,2779
2771730,2823
2774636,2779
2777521,2784
2780391,2799
2783283,2781
2786152,2779
2789018,2781
2791885,2781
2794751,2783
2797620,2779
2800505,2781
2803372,2790
2806247,2782
2809113,2781
2811982,2781
2814849,2777
2817714,2840
2820638,2779
2823508,2783
2826376,2788
2829251,2779
2832116,2778
2834985,2781
2837851,2779
2840717,2792
2843592,2779
2846457,2809
2849351,2786
2852230,2782
2855097,2780
2857964,2779
2860827,2780
2863692,2779
2866561,2780
2869428,2794
2872308,2788
2875182,2781
2878047,2782
2880914,2780
2883780,2789
2886654,2781
2889544,2783
2892414,2803
2895305,2788
2898180,2780
2901047,2784
2903917,2786
2906796,2787
2909670,2781
2912543,2781
2915409,2785
2918281,2782
2921149,2781
2924017,2779
2926882,2779
2929749,2794
2932627,2784
2935502,2780
2938372,2794
2941254,2778
2944117,2781
2946995,2781
2949863,2781
2952729,2822
2955639,2782
2958530,2778
2961395,2787
2964269,2779
2967135,2780
2970001,2778
2972864,2778
2975732,2800
2978617,2778
2981500,2778
2984363,2787
2987237,2781
2990112,2783
2992984,2778
2995849,2782
2998717,2820
3001621,2779
3004491,2781
3007359,2786
3010231,2777
3013092,2782
3015960,2780
3018827,2782
3021695,2780
3024576,2780
3027441,2822
3030350,2788
3033226,2779
3036092,2779
3038955,2779
3041818,2780
3044684,2780
3047558,2780
3050425,2785
3053296,2780
3056162,2780
3059029,2779
3061894,2779
3064758,2791
3067636,2780
3070527,2780
3073391,2784
3076261,2782
3079129,2781
3082007,2781
3084873,2778
3087742,2809
3090636,2780
3093565,2782
3096431,2791
3099308,2787
3102182,2779
3105049,2780
3107915,2779
3110780,2790
3113655,2780
3116539,2781
3119407,2786
3122280,2781
3125148,2779
3128014,2781
3130881,2780
3133748,2788
3136622,2779
3139507,2779
3142372,2788
3145245,2781
3148112,2780
3150978,2781
3153844,2780
3156710,2839
3159635,2780
3162565,2780
3165430,2790
3168305,2788
3171179,2778
3174044,2779
3176907,2779
3179773,2788
3182645,2781
3185531,2783
3188400,2786
3191273,2780
3194140,2782
3197014,2781
3199879,2777
3202741,2799
3205624,2780
3208515,2780
3211382,2787
3214256,2782
3217123,2778
3219987,2782
3222856,2781
3225722,2789
3228596,2781
3231468,2793
3234348,2789
3237223,2784
3240091,2781
3242959,2780
3245824,2778
3248690,2779
3251578,2778
3254442,2833
3257363,2789
3260238,2781
3263106,2780
3265976,2781
3268842,2781
3271709,2801
3274594,2779
3277460,2825
3280372,2787
3283246,2782
3286113,2780
3288979,2781
3291844,2780
3294710,2793
3297588,2779
3300458,2791
3303334,2786
3306206,2782
3309072,2778
3311941,2779
3314805,2778
3317673,2784
3320564,2780
3323430,2875
3326391,2789
3329268,2783
3332139,2780
3335013,2786
3337887,2778
3340755,2786
3343625,2779
3346507,2780
3349372,2789
3352247,2781
3355116,2781
3357983,2780
3360847,2781
3363715,2790
3366590,2778
3369459,2796
3372339,2786
3375210,2782
3378076,2775
3380938,2779
3383803,2781
3386676,2778
3389562,2779
3392427,2851
3395364,2791
3398240,2780
3401106,2779
3403975,2781
3406843,2781
3409711,2788
3412582,2780
3415449,2842
3418377,2785
3421248,2782
3424115,2780
3426985,2781
3429852,2781
3432718,2799
3435601,2788
3438478,2790
3441359,2795
3444244,2781
3447111,2779
3449988,2785
3452859,2780
3455726,2789
3458601,2779
3461473,2787
3464347,2788
3467222,2784
3470093,2780
3472964,2782
3475835,2778
3478698,2843
3481629,2784
3484523,2783
3487393,2791
3490270,2780
3493136,2781
3496005,2783
3498876,2784
3501746,2788
3504618,2781
3507514,2780
3510379,2788
3513255,2781
3516122,2780
3518989,2781
3521854,2780
3524718,2809
3527615,2779
3530489,2781
3533357,2792
3536238,2781
3539106,2782
3541975,2782
3544844,2779
3547711,2789
3550586,2782
3553456,2789
3556331,2786
3559202,2783
3562070,2781
3564938,2784
3567808,2781
3570674,2779
3573543,2779
3576408,2812
3579306,2784
3582181,2780
3585046,2775
3587907,2780
3590774,2787
3593647,2779
3596541,2781
3599408,2823
3602317,2788
3605197,2780
3608063,2778
3610931,2782
3613799,2784
3616668,2781
3619550,2778
3622415,2787
3625289,2778
3628152,2779
3631016,2781
3633884,2780
3636749,2784
3639620,2782
3642514,2780
3645381,2788
3648252,2779
3651117,2776
3653980,2777
3656844,2780
3659709,2805
3662599,2779
3665465,2799
3668350,2789
3671225,2778
3674087,2779
3676952,2782
3679825,2781
3682693,2776
3685573,2781
3688440,2837
3691364,2789
3694240,2780
3697107,2778
3699969,2778
3702832,2782
3705700,2789
3708575,2782
3711443,2785
3714316,2788
3717187,2777
3720050,2783
3722919,2780
3725787,2787
3728661,2781
3731603,2781
3734470,2803
3737361,2789
3740236,2779
3743104,2783
3745972,2780
3748842,2780
3751707,2784
3754577,2784
3757447,2809
3760343,2787
3763215,2778
3766079,2781
3768945,2778
3771809,2781
3774675,2779
3777550,2782
3780419,2787
3783292,2781
3786157,2779
3789021,2778
3791884,2780
3794750,2784
3797620,2780
3800512,2781
3803376,2785
3806248,2781
3809115,2779
3811979,2781
3814845,2781
3817725,2787
3820599,2781
3823466,2803
3826353,2786
3829226,2780
3832094,2777
3834957,2778
3837817,2779
3840684,2782
3843570,2781
3846437,2836
3849360,2786
3852232,2782
3855098,2779
3857961,2780
3860827,2780
3863694,2778
3866564,2778
3869426,2803
3872314,2787
3875186,2780
3878051,2779
3880915,2779
3883780,2787
3886654,2778
3889591,2782
3892463,2798
3895348,2787
3898223,2780
3901090,2779
3903954,2780
3906820,2779
3909684,2780
3912559,2781
3915430,2835
3918349,2785
3921226,2783
3924095,2781
3926960,2780
3929825,2778
3932690,2780
3935635,2778
3938517,2782
3941385,2788
3944260,2781
3947126,2781
3949991,2781
3952858,2780
3955724,2823
3958634,2780
3961525,2779
3964388,2785
3967261,2780
3970130,2782
3972999,2780
3975864,2781
3978731,2835
3981653,2779
3984539,2781
3987405,2790
3990282,2780
3993147,2782
3996016,2777
3998881,2779
4001746,2788
4004618,2781
4007540,2781
4010409,2805
4013301,2782
4016168,2783
4019038,2778
4021900,2779
4024766,2792
4027650,2780
4030530,2781
4033398,2789
4036274,2775
4039134,2782
4042003,2782
4044870,2787
4047744,2790
4050622,2783
4053498,2781
4056364,2787
4059237,2782
4062104,2782
4064972,2779
4067835,2782
4070709,2801
4073596,2780
4076462,2792
4079340,2786
4082212,2779
4085078,2778
4087941,2778
4090806,2780
4093671,2780
4096553,2784
4099424,2810
4102319,2788
4105194,2777
4108055,2780
4110922,2780
4113785,2786
4116657,2778
4119555,2780
4122423,2791
4125300,2781
4128168,2783
4131036,2780
4133900,2778
4136762,2788
4139636,2779
4142520,2780
4145387,2788
4148259,2781
4151124,2778
4153986,2777
4156850,2778
4159714,2823
4162628,2778
4165519,2781
4168384,2786
4171256,2780
4174122,2779
4176988,2779
4179850,2777
4182715,2813
4185624,2782
4188558,2780
4191424,2793
4194303,2780
4197170,2779
4200039,2780
4202905,2777
4205770,2790
4208644,2777
4211527,2781
4214393,2802
4217283,2783
4220154,2779
4223020,2780
4225885,2779
4228749,2795
4231636,2781
4234529,2781
4237394,2788
4240271,2782
4243139,2780
4246005,2781
4248874,2778
4251739,2788
4254612,2780
4257477,2801
4260362,2786
4263236,2781
4266104,2781
4268971,2777
4271832,2779
4274696,2780
4277582,2779
4280448,2814
4283349,2786
4286222,2778
4289085,2779
4291949,2780
4294813,2783
4297696,2778
4300560,2783
4303432,2789
4306307,2787
4309181,2782
4312047,2782
4314915,2779
4317782,2783
4320652,2781
4323537,2784
4326406,2789
4329280,2782
4332148,2782
4335018,2780
4337885,2780
4340750,2789
4343626,2779
4346510,2782
4349378,2791
4352254,2780
4355120,2779
4357986,2777
4360850,2781
4363717,2824
4366627,2781
4369501,2781
4372369,2788
4375244,2777
4378108,2780
4380974,2780
4383839,2780
4386704,2787
4389579,2784
4392450,2784
4395320,2787
4398191,2776
4401052,2780
4403916,2781
4406783,2787
4409654,2779
4412530,2779
4415392,2785
4418264,2779
4421127,2780
4423994,2777
4426855,2776
4429717,2842
4432645,2782
4435533,2780
4438398,2790
4441273,2778
4444136,2779
4447004,2780
4449871,2781
4452738,2789
4455613,2780
4458500,2786
4461372,2788
4464248,2780
4467112,2786
4469994,2780
4472862,2783
4475731,2834
4478652,2784
4481540,2778
4484405,2788
4487280,2781
4490148,2780
4493014,2780
4495881,2781
4498750,2785
4501620,2780
4504493,2778
4507358,2788
4510230,2779
4513093,2778
4515955,2779
4518825,2778
4521689,2779
4524558,2779
4527423,2806
4530316,2786
4533188,2782
4536056,2782
4538924,2779
4541788,2787
4544662,2781
4547553,2780
4550417,2807
4553322,2791
4556199,2778
4559065,2780
4561931,2779
4564801,2782
4567669,2777
4570547,2780
4573412,2806
4576304,2779
4579168,2779
4582034,2779
4584902,2778
4587767,2790
4590642,2779
4593525,2783
4596394,2789
4599271,2780
4602137,2780
4605003,2783
4607870,2779
4610735,2786
4613605,2779
4616473,2804
4619364,2789
4622239,2783
4625110,2780
4627977,2781
4630844,2778
4633708,2797
4636596,2780
4639464,2806
4642354,2784
4645224,2781
4648090,2779
4650954,2782
4653820,2779
4656687,2779
4659609,2778
4662491,2787
4665364,2789
4668239,2785
4671109,2779
4673974,2781
4676840,2781
4679707,2812
4682603,2777
4685465,2797
4688348,2789
4691229,2784
4694100,2774
4696966,2782
4699833,2779
4702702,2817
4705608,2785
4708501,2784
4711370,2789
4714246,2784
4717118,2783
4719988,2783
4722858,2781
4725726,2788
4728600,2778
4731466,2800
4734352,2787
4737224,2783
4740093,2783
4742964,2780
4745829,2778
4748693,2781
4751579,2779
4754443,2877
4757404,2790
4760279,2781
4763147,2778
4766013,2781
4768878,2780
4771745,2792
4774623,2779
4777498,2782
4780367,2787
4783239,2780
4786104,2780
4788971,2779
4791835,2778
4794700,2812
4797596,2779
4800460,2803
4803347,2788
4806220,2784
4809092,2782
4811962,2780
4814828,2779
4817694,2782
4820602,2781
4823469,2811
4826365,2789
4829241,2785
4832118,2776
4834980,2782
4837847,2777
4840710,2787
4843582,2778
4846447,2796
4849331,2787
4852202,2781
4855068,2780
4857935,2783
4860803,2780
4863669,2779
4866545,2780
4869410,2813
4872308,2791
4875184,2784
4878054,2789
4880978,2808
4884284,2825
4887226,2871
4890224,2830
4893154,2799
4896048,2784
4898924,2785
4901800,2788
4904684,2787
4907572,2782
4910442,2832
4913365,2790
4916244,2781
4919112,2780
4922000,2781
4924868,2780
4927734,2800
4930621,2779
4933496,2782
4936366,2788
4939242,2782
4942108,2783
4944977,2780
4947843,2784
4950732,2794
4953615,2782
4956513,2785
4959386,2790
4962262,2781
4965132,2780
4967997,2779
4970863,2781
4973729,2810
4976626,2780
4979512,2780
4982379,2789
4985257,2780
4988123,2778
4990988,2780
4993860,2778
4996725,2821
4999633,2782
5002524,2784
5005396,2788
5008271,2781
5011138,2782
5014006,2780
5016872,2781
5019739,2797
5022622,2782
5025496,2782
5028364,2789
5031238,2780
5034106,2782
5036973,2781
5039841,2778
5042703,2784
5045572,2784
5048443,2833
5051362,2784
5054233,2784
5057108,2780
5059975,2779
5062841,2782
5065712,2791
5068589,2779
5071456,2808
5074352,2788
5077228,2781
5080096,2778
5082961,2782
5085828,2775
5088688,2779
5091583,2778
5094449,2801
5097336,2784
5100207,2782
5103072,2779
5105937,2778
5108802,2784
5111674,2781
5114555,2778
5117417,2835
5120340,2786
5123212,2777
5126076,2778
5128942,2781
5131809,2776
5134670,2781
5137546,2779
5140413,2806
5143304,2789
5146180,2781
5149046,2779
5151912,2781
5154780,2785
5157651,2779
5160535,2780
5163400,2790
5166276,2779
5169146,2777
5172008,2777
5174872,2781
5177740,2811
5180676,2780
5183553,2783
5186422,2807
5189316,2789
5192196,2781
5195063,2781
5197932,2786
5200804,2784
5203675,2783
5206551,2777
5209421,2796
5212304,2778
5215170,2782
5218036,2781
5220903,2782
5223771,2784
5226642,2777
5229511,2778
5232374,2791
5235252,2778
5238116,2782
5240983,2781
5243849,2778
5246714,2825
5249625,2779
5252509,2783
5255378,2789
5258255,2779
5261121,2780
5263988,2779
5266853,2781
5269718,2787
5272597,2786
5275470,2810
5278367,2793
5281245,2779
5284116,2780
5286980,2781
5289859,2784
5292734,2807
5295630,2780
5298513,2782
5301383,2793
5304262,2779
5307126,2782
5309992,2781
5312859,2779
5315722,2823
5318637,2783
5321532,2780
5324397,2788
5327270,2779
5330137,2783
5333008,2784
5335878,2780
5338745,2791
5341623,2783
5344511,2782
5347381,2790
5350258,2781
5353127,2782
5355994,2781
5358864,2780
5361728,2785
5364600,2781
5367467,2809
5370362,2791
5373238,2779
5376110,2781
5378975,2778
5381838,2779
5384702,2784
5387593,2779
5390460,2787
5393332,2790
5396209,2780
5399077,2778
5401939,2780
5404804,2783
5407672,2777
5410556,2784
5413425,2788
5416305,2778
5419168,2780
5422035,2781
5424903,2778
5427768,2793
5430646,2782
5433535,2782
5436403,2783
5439275,2785
5442146,2778
5445012,2783
5447882,2780
5450749,2790
5453624,2777
5456511,2782
5459380,2784
5462249,2781
5465115,2777
5467982,2780
5470849,2774
5473709,2801
5476593,2779
5479463,2806
5482353,2788
5485232,2780
5488097,2776
5490959,2781
5493826,2778
5496691,2780
5499571,2780
5502441,2790
5505316,2786
5508188,2785
5511057,2781
5513925,2777
5516787,2783
5519658,2780
5522538,2780
5525406,2789
5528282,2779
5531148,2781
5534014,2780
5536880,2779
5539746,2808
5542639,2784
5545571,2778
5548436,2795
5551316,2784
5554186,2780
5557053,2781
5559921,2778
5562786,2786
5565656,2780
5568537,2783
5571413,2806
5574305,2787
5577183,2782
5580051,2780
5582916,2780
5585781,2783
5588651,2779
5591537,2779
5594403,2788
5597278,2781
5600144,2779
5603006,2780
5605873,2782
5608740,2793
5611619,2783
5614513,2779
5617378,2787
5620252,2779
5623117,2778
5625980,2780
5628852,2779
5631716,2832
5634681,2776
5637552,2780
5640421,2806
5643314,2782
5646183,2782
5649051,2776
5651915,2782
5654781,2787
5657655,2783
5660536,2780
5663405,2791
5666284,2777
5669147,2780
5672012,2778
5674878,2779
5677742,2799
5680628,2782
5683514,2777
5686377,2794
5689256,2782
5692126,2782
5694994,2780
5697861,2781
5700728,2823
5703639,2780
5706521,2780
5709387,2790
5712264,2779
5715129,2782
5717999,2775
5720862,2781
5723727,2827
5726637,2782
5729517,2774
5732379,2791
5735258,2776
5738118,2780
5740983,2778
5743848,2778
5746711,2801
5749597,2781
5752466,2799
5755351,2789
5758224,2777
5761087,2779
5763953,2776
5766814,2780
5769679,2776
5772562,2779
5775425,2795
5778306,2786
5781178,2778
5784042,2781
5786910,2775
5789772,2790
5792649,2778
5795538,2782
5798407,2787
5801281,2780
5804146,2778
5807011,2777
5809871,2777
5812734,2811
5815630,2781
5818526,2781
5821392,2787
5824264,2780
5827129,2777
5829992,2777
5832857,2780
5835723,2788
5838595,2778
5841459,2824
5844368,2784
5847244,2780
5850107,2776
5852969,2784
5855837,2779
5858701,2788
5861573,2779
5864444,2790
5867319,2786
5870191,2782
5873057,2776
5875919,2781
5878785,2783
5881660,2778
5884541,2780
5887406,2787
5890410,2792
5893294,2780
5896164,2780
5899030,2780
5901896,2780
5904764,2789
5907640,2778
5910526,2781
5913393,2788
5916268,2778
5919133,2779
5921997,2777
5924862,2783
5927731,2837
5930697,2794
5933576,2782
5936622,2783
5939568,2792
5942448,2795
5945334,2792
5948213,2780
5951086,2783
5953955,2778
5956822,2782
5959689,2780
5962595,2784
5965465,2807
5968361,2790
5971238,2780
5974111,2781
5976979,2776
5979841,2780
5982705,2804
5985596,2780
5988461,2793
5991340,2789
5994217,2781
5997083,2777
5999944,2778
6002808,2780
6005672,2780
6008564,2783
6011433,2789
6014310,2790
6017184,2778
6020049,2783
6022916,2778
6025781,2787
6028652,2779
6031553,2783
6034422,2817
6037324,2788
6040195,2779
6043062,2779
6045926,2779
6048791,2785
6051660,2775
6054527,2777
6057390,2789
6060267,2781
6063136,2782
6066005,2778
6068867,2777
6071730,2832
6074646,2780
6077544,2780
6080412,2788
6083286,2780
6086152,2782
6089021,2779
6091886,2780
6094753,2788
6097627,2778
6100497,2782
6103366,2787
6106238,2779
6109103,2781
6111971,2778
6114834,2778
6117698,2778
6120576,2781
6123443,2812
6126339,2786
6129213,2783
6132083,2777
6134948,2780
6137813,2777
6140677,2778
6143552,2782
6146423,2809
6149322,2789
6152200,2782
6155068,2779
6157935,2779
6160800,2784
6163670,2780
6166562,2781
6169431,2790
6172307,2792
6175186,2783
6178056,2783
6180927,2782
6183794,2787
6186667,2783
6189542,2780
6192410,2822
6195320,2785
6198194,2782
6201062,2782
6203932,2780
6206796,2784
6209668,2782
6212558,2781
6215427,2885
6218399,2785
6221272,2784
6224142,2779
6227009,2781
6229876,2781
6232744,2798
6235626,2780
6238514,2782
6241381,2784
6244251,2781
6247118,2780
6249986,2781
6252853,2780
6255727,2809
6258621,2778
6261493,2778
6264358,2785
6267230,2783
6270097,2779
6272965,2781
6275831,2783
6278713,2789
6281587,2780
6284455,2809
6287351,2789
6290229,2779
6293094,2780
6295961,2781
6298827,2780
6301691,2781
6304582,2783
6307453,2792
6310332,2789
6313208,2781
6316074,2780
6318941,2780
6321805,2779
6324671,2783
6327619,2806
6330569,2795
6333461,2855
6336406,2813
6339310,2793
6342192,2785
6345066,2782
6347936,2781
6350805,2780
6353671,2781
6356549,2781
6359417,2804
6362306,2787
6365180,2781
6368048,2778
6370912,2779
6373777,2786
6376648,2777
6379517,2784
6382387,2790
6385262,2779
6388128,2779
6390995,2778
6393859,2776
6396720,2823
6399627,2779
6402512,2781
6405381,2784
6408254,2780
6411120,2777
6413984,2783
6416855,2779
6419719,2787
6422592,2781
6425467,2804
6428357,2788
6431231,2782
6434097,2780
6436964,2781
6439829,2777
6442698,2815
6445597,2780
6448464,2854
6451405,2786
6454278,2781
6457144,2777
6460009,2781
6462876,2778
6465740,2793
6468620,2778
6471515,2782
6474384,2785
6477257,2779
6480122,2778
6482988,2793
6486605,2786
6489516,2796
6492403,2800
6495298,2788
6498173,2779
6501040,2783
6503911,2783
6506782,2788
6509656,2781
6512557,2786
6515431,2795
6518314,2792
6521193,2782
6524060,2780
6526925,2780
6529793,2788
6532676,2782
6535559,2777
6538429,2829
6541344,2786
6544217,2782
6547086,2779
6549952,2776
6552814,2779
6555679,2778
6558562,2779
6561428,2790
6564306,2778
6567170,2780
6570034,2779
6572900,2778
6575763,2783
6578634,2781
6581525,2780
6584390,2788
6587265,2781
6590134,2782
6593001,2776
6595864,2779
6598729,2835
6601685,2781
6604564,2783
6607434,2828
6610349,2786
6613224,2785
6616096,2781
6618963,2782
6621830,2780
6624706,2790
6627582,2779
6630449,2796
6633332,2785
6636203,2782
6639068,2779
6641931,2779
6644796,2787
6647669,2781
6650550,2777
6653411,2825
6656322,2786
6659194,2780
6662058,2784
6664932,2787
6667805,2782
6670674,2782
6673549,2785
6676422,2812
6679320,2789
6682197,2785
6685070,2780
6687936,2778
6690802,2787
6693676,2780
6696557,2779
6699421,2807
6702313,2787
6705188,2782
6708056,2779
6710922,2781
6713788,2787
6716659,2783
6719554,2780
6722422,2799
6725308,2787
6728182,2780
6731047,2779
6733911,2781
6736778,2790
6739663,2780
6742552,2779
6745416,2804
6748306,2787
6751179,2782
6754045,2780
6756909,2782
6759776,2790
6762652,2777
6765533,2781
6768400,2790
6771276,2781
6774142,2778
6777006,2779
6779869,2780
6782736,2785
6785606,2782
6788475,2810
6791369,2791
6794248,2783
6797115,2782
6799983,2780
6802846,2781
6805713,2787
6808585,2782
6811455,2793
6814332,2786
6817204,2780
6820070,2779
6822936,2782
6825802,2781
6828673,2780
6831559,2780
6834424,2873
6837381,2793
6840260,2782
6843128,2781
6845996,2781
6848861,2778
6851725,2793
6854605,2782
6857473,2809
6860367,2787
6863242,2781
6866109,2780
6868976,2780
6871840,2779
6874705,2799
6877588,2781
6880455,2811
6883353,2788
6886227,2779
6889091,2779
6891956,2778
6894819,2780
6897690,2782
6900560,2780
6903428,2811
6906323,2790
6909200,2782
6912068,2780
6914940,2785
6917814,2779
6920680,2782
6923610,2782
6926498,2780
6929366,2790
6932244,2781
6935111,2781
6937976,2783
6940847,2777
6943710,2792
6946587,2780
6949455,2803
6952344,2784
6955215,2781
6958083,2784
6960952,2778
6963818,2779
6966684,2778
6969577,2780
6972441,2794
6975320,2787
6978194,2779
6981059,2778
6983925,2781
6986790,2784
6989657,2779
6992575,2782
6995443,2823
6998352,2790
7001230,2777
7004092,2780
7006955,2780
7009821,2777
7012683,2782
7015584,2779
7018450,2791
7021327,2786
7024204,2783
7027071,2778
7029933,2778
7032799,2784
7035670,2780
7038552,2777
7041417,2805
7044307,2785
7047179,2782
7050047,2779
7052911,2778
7055775,2787
7058648,2781
7061561,2782
7064427,2800
7067313,2789
7070189,2782
7073056,2779
7075920,2779
7078786,2783
7081655,2778
7084525,2782
7087392,2786
7090263,2779
7093135,2781
7096002,2781
7098869,2778
7101733,2798
7104616,2780
7107512,2779
7110378,2785
7113250,2780
7116118,2779
7118982,2781
7121847,2778
7124710,2786
7127583,2777
7130448,2792
7133327,2789
7136200,2781
7139066,2777
7141930,2779
7144793,2783
7147662,2778
7150557,2780
7153421,2806
7156312,2794
7159193,2779
7162062,2780
7164929,2781
7167798,2786
7170672,2778
7173551,2781
7176419,2804
7179309,2787
7182182,2781
7185050,2786
7187927,2779
7190794,2791
7193670,2780
7196557,2783
7199426,2821
7202336,2787
7205210,2781
7208075,2777
7210940,2778
7213803,2783
7216673,2778
7219550,2783
7222420,2808
7225312,2788
7228186,2781
7231053,2779
7233919,2779
7236783,2790
7239710,2839
7242647,2779
7245534,2781
7248401,2790
7251277,2782
7254146,2777
7257010,2781
7259878,2781
7262745,2789
7265620,2780
7268518,2787
7271395,2785
7274269,2782
7277137,2782
7280005,2780
7282870,2779
7285734,2798
7288616,2779
7291518,2779
7294383,2789
7297258,2780
7300125,2780
7302990,2781
7305856,2778
7308723,2788
7311597,2776
7314460,2787
7317333,2784
7320203,2782
7323069,2776
7325932,2778
7328794,2785
7331666,2782
7334560,2781
7337427,2809
7340321,2787
7343193,2781
7346060,2776
7348922,2779
7351788,2790
7354672,2785
7357589,2782
7360471,2799
7363358,2789
7366235,2781
7369102,2778
7371965,2780
7374832,2780
7377697,2780
7380587,2784
7383459,2805
7386348,2785
7389218,2781
7392084,2781
7394952,2777
7397816,2779
7400681,2778
7403570,2784
7406441,2873
7409400,2789
7412276,2782
7415144,2782
7418014,2781
7420880,2779
7423742,2785
7426612,2781
7429507,2782
7432374,2790
7435251,2777
7438113,2782
7440982,2779
7443845,2781
7446710,2803
7449600,2780
7452466,2800
7455351,2787
7458225,2778
7461087,2779
7463952,2781
7466819,2777
7469681,2777
7472566,2782
7475436,2790
7478314,2787
7481184,2778
7484047,2783
7486916,2781
7489783,2784
7492652,2780
7495525,2781
7498393,2788
7501269,2779
7504135,2781
7507003,2779
7509868,2780
7512733,2813
7515632,2778
7518517,2778
7521381,2788
7524254,2780
7527120,2776
7529982,2780
7532850,2780
7535715,2799
7538598,2777
7541461,2793
7544339,2788
7547212,2782
7550079,2778
7552946,2782
7555813,2779
7558677,2780
7561572,2778
7564437,2827
7567350,2789
7570228,2781
7573095,2778
7575960,2783
7578827,2779
7581693,2783
7584568,2781
7587442,2790
7590317,2784
7593186,2781
7596052,2780
7598918,2779
7601782,2784
7604654,2779
7607536,2781
7610401,2786
7613273,2780
7616140,2780
7619004,2778
7621867,2781
7624736,2818
7627638,2782
7630572,2780
7633436,2792
7636315,2787
7639187,2778
7642053,2778
7644916,2781
7647784,2787
7650656,2783
7653530,2781
7656400,2785
7659271,2778
7662136,2783
7665005,2779
7667871,2777
7670733,2784
7673602,2781
7676468,2810
7679364,2787
7682237,2781
7685107,2780
7687973,2779
7690838,2786
7693713,2792
7696591,2779
7699457,2816
7702357,2788
7705234,2783
7708103,2778
7710967,2779
7713831,2776
7716694,2782
7719563,2778
7722433,2794
7725311,2783
7728189,2780
7731057,2778
7733922,2777
7736783,2781
7739656,2781
7742537,2781
7745404,2803
7748292,2776
7751156,2785
7754027,2777
7756890,2781
7759756,2787
7762630,2780
7765501,2779
7768366,2790
7771241,2779
7774108,2782
7776976,2779
7779840,2779
7782703,2794
7785583,2784
7788452,2828
7791367,2787
7794241,2780
7797107,2780
7799971,2775
7802831,2780
7805695,2778
7808589,2781
7811457,2792
7814334,2788
7817210,2780
7820076,2780
7822940,2780
7825807,2780
7828672,2776
7831546,2781
7834415,2804
7837303,2777
7840164,2778
7843034,2779
7845899,2776
7848761,2791
7851648,2780
7854533,2777
7857398,2788
7860273,2783
7863142,2780
7866006,2779
7868870,2774
7871730,2785
7874601,2779
7877467,2786
7880338,2787
7883209,2778
7886072,2780
7888937,2781
7891803,2783
7894673,2803
7897582,2778
7900446,2793
7903326,2786
7906200,2786
7909071,2779
7911939,2780
7914803,2782
7917670,2778
7920550,2782
7923419,2812
7926318,2785
7929189,2780
7932057,2779
7934921,2778
7937783,2785
7940653,2781
7943551,2780
7946419,2789
7949295,2778
7952161,2779
7955025,2778
7957887,2780
7960752,2788
7963626,2777
7966510,2778
7969372,2785
7972244,2781
7975109,2782
7977976,2778
7980841,2778
7983705,2821
7986610,2780
7989475,2844
7992403,2790
7995281,2779
7998145,2778
8001010,2780
8003876,2777
8006739,2789
8009615,2781
8012511,2781
8015377,2784
8018247,2778
8021113,2778
8023977,2779
8026840,2780
8029706,2787
8032577,2779
8035443,2790
8038320,2787
8041192,2779
8044054,2781
8046921,2776
8049783,2783
8052651,2781
8055536,2778
8058399,2787
8061274,2778
8064139,2777
8067001,2777
8069863,2778
8072727,2836
8075685,2780
8078562,2783
8081432,2827
8084345,2784
8087215,2779
8090081,2777
8092944,2783
8095821,2781
8098691,2781
8101559,2779
8104426,2788
8107301,2777
8110165,2780
8113030,2779
8115895,2779
8118760,2786
8121631,2781
8124505,2781
8127371,2790
8130246,2781
8133112,2784
8135986,2781
8138854,2784
8141727,2825
8144639,2783
8147523,2782
8150391,2788
8153266,2779
8156131,2781
8159000,2779
8161865,2776
8164726,2786
8167597,2786
8170468,2816
8173370,2787
8176244,2780
8179112,2783
8181980,2779
8184844,2781
8187711,2787
8190584,2780
8193449,2784
8196319,2788
8199195,2781
8202062,2779
8204926,2778
8207791,2789
8210667,2781
8213539,2781
8216406,2786
8219278,2781
8222144,2777
8225005,2777
8227869,2776
8230730,2819
8233635,2781
8236519,2780
8239384,2785
8242256,2780
8245123,2780
8247989,2778
8250852,2776
8253713,2805
8256602,2778
8259464,2785
8262335,2788
8265207,2777
8268071,2782
8270939,2778
8273804,2781
8276669,2779
8279563,2780
8282427,2801
8285314,2788
8288190,2779
8291055,2782
8293920,2778
8296785,2789
8299671,2782
8302555,2781
8305421,2804
8308310,2784
8311180,2781
8314047,2779
8316912,2777
8319774,2786
8322644,2781
8325531,2780
8328398,2795
8331287,2779
8334153,2778
8337019,2782
8339886,2803
8342775,2785
8345645,2780
8348518,2780
8351385,2784
8354254,2779
8357118,2781
8359985,2775
8362847,2778
8365709,2817
8368612,2782
8371486,2796
8374366,2789
8377241,2778
8380106,2781
8382972,2778
8385842,2780
8388708,2784
8391579,2779
8394444,2818
8397350,2789
8400225,2777
8403089,2778
8405954,2778
8408818,2782
8411698,2790
8414573,2778
8417437,2828
8420352,2786
8423225,2782
8426093,2779
8428959,2779
8431822,2779
8434686,2791
8437571,2782
8440446,2795
8443330,2787
8446204,2783
8449072,2778
8451938,2783
8454806,2781
8457675,2780
8460565,2779
8463442,2800
8466332,2790
8469208,2781
8472075,2778
8474942,2782
8477811,2779
8480675,2780
8483565,2779
8486431,2830
8489346,2785
8492219,2781
8495085,2777
8497948,2782
8500816,2779
8503680,2781
8506559,2778
8509428,2789
8512303,2781
8515170,2782
8518036,2781
8520905,2782
8523773,2783
8526644,2779
8529528,2778
8532391,2788
8535265,2774
8538125,2781
8540992,2779
8543861,2780
8546727,2784
8549595,2785
8552465,2811
8555365,2788
8558237,2776
8561100,2781
8563965,2778
8566828,2779
8569690,2778
8572572,2782
8575440,2790
8578317,2788
8581192,2777
8584053,2779
8586917,2780
8589785,2786
8592658,2777
8595528,2780
8598394,2787
8601267,2782
8604134,2783
8607003,2779
8609866,2777
8612731,2822
8615639,2779
8618568,2780
8621431,2791
8624308,2790
8627182,2778
8630050,2782
8632919,2782
8635790,2785
8638660,2779
8641530,2785
8644402,2789
8647278,2781
8650147,2781
8653015,2780
8655881,2779
8658745,2797
8661627,2780
8664498,2781
8667366,2791
8670243,2782
8673110,2780
8675974,2778
8678838,2778
8681703,2814
8684606,2782
8687474,2806
8690364,2788
8693237,2779
8696102,2778
8698967,2781
8701836,2779
8704700,2788
8707576,2782
8710444,2817
8713348,2791
8716227,2783
8719098,2781
8721967,2779
8724832,2778
8727695,2779
8730576,2779
8733444,2790
8736322,2791
8739199,2783
8742066,2781
8744931,2779
8747795,2784
8750667,2779
8753578,2781
8756444,2809
8759339,2787
8762211,2778
8765074,2781
8767942,2781
8770810,2775
8773669,2779
8776609,2781
8779476,2789
8782351,2786
8785223,2781
8788092,2781
8790960,2782
8793828,2779
8796691,2782
8799577,2782
8802446,2883
8805414,2787
8808287,2781
8811154,2781
8814024,2781
8816890,2779
8819756,2789
8822632,2781
8825528,2785
8828398,2785
8831279,2777
8834142,2779
8837008,2779
8839870,2778
8842733,2804
8845621,2780
8848495,2782
8851360,2786
8854232,2783
8857100,2779
8859966,2782
8862834,2775
8865695,2775
8868561,2778
8871425,2839
8874350,2789
8877225,2785
8880097,2784
8882968,2780
8885833,2780
8888701,2800
8891587,2777
8894452,2792
8897329,2785
8900199,2778
8903064,2782
8905936,2781
8908806,2780
8911673,2781
8914567,2782
8917438,2856
8920383,2786
8923256,2784
8926129,2781
8928999,2780
8931864,2780
8934731,2791
8937607,2778
8940473,2787
8943347,2783
8946215,2779
8949079,2777
8951943,2778
8954806,2778
8957671,2782
8960567,2782
8963435,2812
8966333,2789
8969210,2782
8972076,2776
8974940,2780
8977808,2776
8980670,2778
8983552,2780
8986419,2801
8989305,2776
8992169,2778
8995031,2778
8997895,2780
9000761,2786
9003633,2781
9006529,2778
9009399,2789
9012273,2779
9015138,2779
9018001,2778
9020865,2777
9023729,2785
9026600,2781
9029469,2807
9032363,2789
9035238,2778
9038104,2779
9040969,2778
9043833,2781
9046698,2779
9049623,2781
9052504,2779
9055373,2784
9058243,2779
9061108,2781
9063975,2777
9066840,2781
9069705,2800
9072591,2779
9075456,2806
9078348,2789
9081221,2779
9084087,2779
9086951,2778
9089818,2779
9092682,2777
9095624,2781
9098509,2782
9101379,2785
9104249,2778
9107116,2780
9109982,2777
9112847,2778
9115711,2782
9118578,2784
9121466,2803
9124369,2789
9127246,2781
9130114,2783
9132982,2779
9135846,2778
9138710,2837
9141633,2779
9144517,2780
9147381,2789
9150255,2781
9153121,2777
9155985,2782
9158857,2782
9161726,2788
9164598,2782
9167468,2838
9170393,2788
9173269,2779
9176133,2777
9178996,2783
9181866,2780
9184733,2786
9187603,2781
9190469,2804
9193358,2785
9196229,2781
9199108,2781
9201975,2778
9204837,2779
9207700,2800
9210584,2780
9213450,2789
9216324,2785
9219194,2780
9222058,2779
9224922,2780
9227789,2785
9230662,2779
9233541,2780
9236406,2785
9239277,2778
9242144,2780
9245009,2780
9247873,2780
9250740,2798
9253622,2776
9256501,2783
9259367,2791
9262243,2778
9265107,2778
9267973,2781
9270841,2779
9273705,2784
9276575,2780
9279440,2824
9282350,2787
9285225,2782
9288092,2779
9290955,2781
9293822,2780
9296690,2779
9299560,2778
9302424,2802
9305311,2788
9308184,2782
9311052,2780
9313917,2777
9316780,2787
9319654,2779
9322540,2777
9325402,2788
9328274,2812
9331176,2786
9334052,2781
9336920,2782
9339788,2787
9342663,2778
9345544,2782
9348413,2808
9351307,2787
9354180,2780
9357048,2779
9359912,2780
9362778,2787
9365652,2783
9368528,2781
9371396,2790
9374275,2782
9377143,2779
9380009,2781
9382875,2780
9385742,2786
9388613,2775
9391476,2795
9394355,2784
9397225,2780
9400091,2775
9402950,2779
9405816,2778
9408681,2780
9411559,2782
9414426,2803
9417316,2786
9420188,2781
9423054,2779
9425919,2781
9428784,2786
9431656,2781
9434559,2779
9437426,2789
9440301,2777
9443166,2783
9446034,2781
9448902,2783
9451770,2788
9454644,2780
9457517,2780
9460382,2818
9463285,2777
9466148,2778
9469012,2777
9471876,2778
9474739,2795
9477620,2779
9480502,2781
9483371,2789
9486245,2777
9489109,2780
9491976,2779
9494841,2780
9497705,2795
9500584,2778
9503449,2787
9506323,2784
9509194,2782
9512061,2778
9514923,2779
9517790,2783
9520657,2777
9523528,2779
9526395,2798
9529277,2776
9532138,2778
9535003,2778
9537866,2777
9540730,2837
9543652,2781
9546541,2778
9549404,2787
9552277,2778
9555139,2778
9558003,2779
9560869,2779
9563736,2784
9566613,2778
9569478,2799
9572364,2790
9575240,2779
9578105,2779
9580970,2777
9583833,2777
9586695,2781
9589574,2781
9592442,2818
9595347,2789
9598222,2779
9601084,2778
9603947,2779
9606811,2778
9609676,2783
9612572,2782
9615440,2832
9618359,2790
9621238,2782
9624106,2775
9626967,2781
9629832,2780
9632698,2788
9635571,2778
9638436,2830
9641354,2788
9644228,2782
9647093,2777
9649956,2778
9652819,2776
9655686,2778
9658576,2777
9661437,2871
9664393,2786
9667264,2780
9670129,2778
9672994,2782
9675863,2777
9678728,2786
9681597,2776
9684459,2837
9687391,2791
9690270,2780
9693138,2780
9696005,2781
9698872,2778
9701735,2791
9704613,2779
9707507,2782
9710377,2784
9713249,2781
9716116,2784
9718986,2778
9721849,2777
9724712,2823
9727619,2778
9730512,2781
9733381,2787
9736255,2784
9739126,2780
9741991,2780
9744855,2779
9747720,2786
9750592,2779
9753457,2790
9756333,2786
9759203,2779
9762067,2777
9764930,2778
9767794,2781
9770659,2780
9773547,2779
9776410,2804
9779301,2779
9782166,2780
9785032,2779
9787897,2778
9790763,2784
9793633,2780
9796518,2780
9799385,2788
9802261,2776
9805123,2777
9807985,2776
9810846,2783
9813714,2791
9816589,2777
9819452,2810
9822348,2790
9825225,2780
9828092,2781
9830957,2777
9833818,2778
9836681,2775
9839561,2781
9842427,2791
9845306,2789
9848182,2782
9851048,2780
9853913,2778
9856777,2788
9859653,2782
9862545,2782
9865414,2799
9868298,2782
9871166,2780
9874034,2778
9876898,2776
9879761,2792
9882639,2777
9885565,2779
9888428,2792
9891308,2788
9894184,2781
9897050,2780
9899918,2780
9902784,2784
9905654,2775
9908521,2779
9911386,2787
9914258,2780
9917128,2778
9919991,2779
9922857,2778
9925719,2822
9928625,2776
9931546,2783
9934423,2793
9937302,2780
9940168,2778
9943034,2781
9945901,2775
9948764,2788
9951637,2780
9954518,2778
9957383,2785
9960253,2779
9963119,2777
9965983,2778
9968845,2776
9971705,2806
9974594,2777
9977457,2823
9980368,2787
9983242,2780
9986114,2779
9988977,2777
9991838,2778
9994700,2777
9997568,2778
10000433,2785
10003304,2777
10006165,2778
10009027,2776
10011889,2776
10014750,2782
10017618,2779
10020516,2777
10023378,2788
10026253,2777
10029115,2779
10031980,2777
10034844,2779
10037708,2796
10040591,2779
10043456,2783
10046324,2790
10049199,2775
10052058,2778
10054930,2780
10057795,2786
10060667,2776
10063534,2782
10066403,2785
10069276,2781
10072142,2775
10075004,2779
10077867,2775
10080726,2867
10083679,2780
10086549,2781
10089417,2785
10092290,2780
10095154,2777
10098018,2781
10100884,2780
10103751,2789
10106626,2779
10109499,2782
10112368,2788
10115240,2783
10118108,2779
10120973,2780
10123840,2778
10126705,2819
10129607,2779
10132470,2848
10135402,2786
10138274,2779
10141138,2775
10144000,2778
10146866,2776
10149727,2786
10152598,2779
10155463,2814
10158363,2784
10161235,2778
10164099,2780
10166966,2778
10169829,2774
10172688,2777
10175579,2778
10178444,2788
10181319,2785
10184192,2783
10187061,2778
10189924,2783
10192793,2782
10195661,2779
10198531,2778
10201395,2787
10204269,2777
10207132,2780
10209996,2777
10212859,2780
10215726,2820
10218632,2779
10221512,2777
10224373,2787
10227247,2778
10230111,2781
10232978,2779
10235843,2780
10238710,2803
10241598,2777
10244461,2786
10247335,2789
10250211,2777
10253073,2782
10255941,2778
10258805,2779
10261670,2781
10264560,2777
10267422,2810
10270316,2787
10273197,2787
10276071,2781
10278943,2777
10281808,2778
10284672,2776
10287548,2778
10290412,2802
10293299,2777
10296165,2781
10299032,2776
10301903,2784
10304774,2785
10307645,2778
10310514,2778
10313380,2788
10316254,2779
10319119,2779
10321983,2777
10324846,2778
10327709,2831
10330635,2788
10333536,2783
10336408,2815
10339309,2787
10342184,2779
10345050,2779
10347917,2784
10350787,2781
10353658,2782
10356537,2780
10359404,2785
10362274,2777
10365145,2783
10368012,2774
10370872,2780
10373737,2793
10376616,2781
10379489,2777
10382355,2786
10385227,2776
10388088,2781
10390954,2777
10393816,2779
10396680,2779
10399552,2778
10402418,2801
10405303,2780
10408170,2777
10411036,2776
10413898,2776
10416758,2791
10419649,2785
10422526,2780
10425393,2784
10428264,2781
10431131,2781
10433998,2783
10436867,2779
10439732,2826
10442643,2781
10445534,2777
10448396,2786
10451269,2778
10454135,2779
10457000,2782
10459869,2777
10462732,2836
10465689,2779
10468568,2781
10471436,2828
10474351,2788
10477226,2778
10480091,2777
10482962,2780
10485825,2776
10488687,2778
10491588,2794
10494531,2787
10497428,2803
10500320,2792
10503202,2784
10506076,2781
10508947,2782
10511815,2780
10514685,2781
10517616,2780
10520488,2781
10523356,2786
10526231,2783
10529099,2781
10531967,2782
10534835,2782
10537708,2810
10540605,2779
10543469,2846
10546399,2790
10549276,2781
10552143,2778
10555008,2781
10557874,2776
10560737,2785
10563606,2779
10566470,2808
10569364,2788
10572239,2781
10575106,2777
10577968,2779
10580831,2778
10583695,2778
10586561,2778
10589424,2789
10592302,2784
10595174,2781
10598041,2782
10600908,2781
10603776,2794
10606659,2785
10609567,2779
10612431,2818
10615335,2790
10618213,2782
10621082,2781
10623948,2779
10626814,2779
10629680,2780
10632558,2780
10635422,2806
10638312,2787
10641187,2781
10644053,2777
10646916,2782
10649782,2788
10652655,2782
10655535,2777
10658399,2788
10661273,2775
10664135,2777
10666997,2784
10669878,2779
10672743,2799
10675629,2779
10678516,2778
10681379,2789
10684253,2778
10687117,2780
10689982,2780
10692850,2781
10695717,2831
10698671,2779
10701547,2782
10704415,2804
10707307,2785
10710179,2780
10713046,2776
10715908,2780
10718772,2786
10721644,2779
10724514,2780
10727380,2784
10730251,2779
10733115,2777
10735976,2780
10738842,2773
10741701,2794
10744581,2776
10747443,2829
10750356,2785
10753224,2780
10756091,2779
10758956,2784
10761829,2780
10764696,2778
10767575,2781
10770442,2790
10773321,2787
10776194,2781
10779061,2779
10781930,2775
10784791,2782
10787656,2782
10790543,2780
10793410,2783
10796278,2778
10799140,2776
10802002,2778
10804864,2780
10807730,2783
10810599,2781
10813468,2801
10816355,2785
10819225,2781
10822091,2780
10824958,2779
10827825,2779
10830693,2778
10833569,2778
10836433,2875
10839403,2792
10842284,2782
10845154,2782
10848025,2778
10850892,2777
10853757,2789
10856630,2780
10859524,2782
10862391,2811
10865290,2779
10868156,2778
10871021,2780
10873885,2784
10876754,2785
10879626,2779
10882502,2778
10885368,2788
10888241,2780
10891106,2783
10893976,2777
10896839,2779
10899711,2821
10902616,2783
10905556,2786
10908429,2793
10911307,2788
10914181,2779
10917047,2782
10919915,2778
10922780,2786
10925650,2778
10928532,2779
10931397,2783
10934265,2785
10937139,2776
10940005,2780
10942870,2779
10945736,2789
10948612,2778
10951486,2780
10954356,2784
10957226,2784
10960097,2779
10962962,2776
10965825,2777
10968691,2777
10971599,2776
10974461,2799
10977346,2786
10980218,2780
10983083,2776
10985946,2776
10988814,2776
10991676,2782
10994561,2779
10997428,2812
11000328,2786
11003199,2778
11006064,2773
11008923,2778
11011784,2788
11014659,2779
11017536,2777
11020399,2785
11023272,2777
11026135,2779
11028997,2777
11031859,2777
11034722,2819
11037640,2779
11040521,2777
11043383,2787
11046257,2776
11049121,2776
11051982,2779
11054847,2778
11057711,2794
11060591,2782
11063458,2790
11066333,2789
11069209,2779
11072072,2776
11074936,2777
11077799,2784
11080667,2783
11083562,2784
11086435,2825
11089349,2789
11092226,2780
11095093,2778
11097956,2783
11100825,2778
11103689,2777
11106559,2779
11109425,2797
11112307,2786
11115179,2774
11118039,2776
11120900,2777
11123764,2792
11126642,2775
11129584,2781
11132449,2794
11135328,2788
11138204,2777
11141069,2780
11143933,2778
11146801,2786
11149672,2780
11152565,2783
11155435,2787
11158310,2788
11161187,2776
11164048,2782
11166914,2779
11169778,2786
11172650,2776
11175527,2780
11178393,2785
11181264,2782
11184132,2779
11186997,2777
11189859,2776
11192722,2837
11195644,2772
11198533,2783
11201403,2786
11204273,2781
11207141,2777
11210005,2779
11212872,2778
11215737,2785
11218606,2776
11221470,2802
11224358,2787
11227234,2783
11230103,2775
11232965,2783
11235832,2777
11238694,2780
11241560,2779
11244428,2791
11247305,2785
11250175,2782
11253041,2776
11255904,2777
11258765,2785
11261637,2779
11264527,2778
11267390,2787
11270263,2780
11273130,2779
11275995,2777
11278858,2782
11281727,2822
11284633,2777
11287513,2781
11290379,2788
11293255,2777
11296119,2778
11298984,2776
11301846,2779
11304710,2804
11307600,2781
11310466,2812
11313364,2788
11316240,2779
11319106,2779
11321970,2779
11324834,2777
11327696,2780
11330571,2780
11333440,2821
11336349,2791
11339226,2782
11342095,2779
11344961,2777
11347826,2777
11350689,2777
11353567,2782
11356433,2827
11359348,2783
11362219,2778
11365083,2779
11367949,2778
11370811,2781
11373676,2778
11376588,2778
11379454,2786
11382329,2787
11385202,2778
11388063,2778
11390926,2780
11393793,2784
11396663,2781
11399552,2779
11402416,2821
11405336,2792
11408216,2779
11411082,2781
11413949,2778
11416815,2778
11419677,2779
11422566,2777
11425430,2824
11428341,2784
11431216,2778
11434081,2777
11436942,2779
11439807,2782
11442674,2777
11445542,2778
11448404,2783
11451275,2779
11454138,2777
11457000,2776
11459862,2778
11462730,2837
11465651,2775
11468585,2782
11471450,2789
11474326,2790
11477201,2777
11480066,2779
11482930,2775
11485791,2788
11488663,2777
11491551,2780
11494419,2814
11497325,2787
11500199,2776
11503061,2782
11505927,2778
11508791,2783
11511659,2776
11514529,2779
11517392,2783
11520262,2780
11523128,2776
11525990,2777
11528852,2776
11531716,2812
11534611,2775
11537471,2846
11540401,2782
11543268,2781
11546135,2776
11548998,2779
11551862,2775
11554722,2786
11557592,2779
11560456,2806
11563348,2785
11566219,2779
11569085,2776
11571947,2778
11574827,2780
11577695,2794
11580577,2780
11583446,2787
11586320,2784
11589192,2780
11592058,2774
11594918,2779
11597782,2784
11600651,2778
11603552,2778
11606418,2790
11609294,2779
11612160,2783
11615029,2778
11617893,2776
11620754,2787
11623628,2778
11626520,2777
11629382,2788
11632257,2780
11635124,2777
11637986,2776
11640847,2781
11643715,2801
11646602,2783
11649470,2782
11652338,2783
11655206,2778
11658072,2775
11660933,2778
11663797,2786
11666667,2776
11669556,2780
11672423,2811
11675321,2786
11678192,2778
11681057,2783
11683926,2776
11686786,2784
11689656,2776
11692526,2778
11695389,2786
11698262,2778
11701124,2778
11703989,2778
11706852,2777
11709714,2818
11712618,2777
11715485,2797
11718367,2786
11721237,2778
11724101,2777
11726969,2779
11729834,2778
11732698,2778
11735570,2778
11738435,2837
11741358,2786
11744231,2779
11747094,2779
11749959,2782
11752826,2778
11755688,2778
11758618,2777
11761493,2781
11764359,2785
11767231,2780
11770095,2781
11772971,2778
11775897,2783
11778780,2788
11781653,2781
11784554,2781
11787424,2789
11790300,2779
11793166,2781
11796032,2781
11798900,2779
11801764,2786
11804637,2781
11807525,2778
11810387,2787
11813259,2780
11816125,2778
11818990,2782
11821857,2781
11824727,2810
11827623,2782
11830497,2779
11833363,2788
11836239,2778
11839102,2779
11841968,2778
11844832,2780
11847698,2777
11850565,2782
11853438,2832
11856355,2786
11859226,2778
11862089,2779
11864955,2776
11867819,2779
11870683,2779
11873554,2778
11876416,2802
11879305,2778
11882169,2779
11885035,2781
11887902,2778
11890767,2785
11893636,2780
11896529,2780
11899395,2787
11902270,2780
11905135,2780
11908002,2780
11910869,2782
11913735,2799
11916619,2776
11919488,2778
11922353,2786
11925225,2782
11928090,2779
11930955,2778
11933820,2774
11936681,2776
11939568,2779
11942431,2814
11945331,2788
11948204,2779
11951067,2778
11953932,2780
11956798,2787
11959670,2779
11962545,2776
11965407,2791
11968284,2778
11971147,2779
11974010,2777
11976874,2780
11979740,2785
11982610,2780
11985476,2803
11988366,2789
11991241,2780
11994108,2779
11996972,2778
11999836,2781
12002703,2785
12005575,2778
12008439,2790
12011316,2788
12014189,2775
12017049,2782
12019914,2774
12022774,2790
12025649,2779
12028526,2782
12031393,2798
12034277,2779
12037143,2778
12040006,2780
12042872,2778
12045739,2812
12048637,2781
12051570,2780
12054435,2785
12057306,2787
12060180,2778
12063046,2781
12065953,2779
12068825,2785
12071698,2817
12074600,2781
12077468,2846
12080400,2788
12083274,2779
12086139,2778
12089005,2782
12091872,2779
12094739,2785
12097609,2779
12100474,2808
12103368,2788
12106242,2780
12109109,2779
12111975,2781
12114841,2780
12117708,2785
12120579,2781
12123448,2789
12126324,2787
12129197,2781
12132062,2778
12134927,2779
12137791,2781
12140670,2781
12143560,2779
12146425,2802
12149311,2790
12152188,2776
12155049,2776
12157913,2780
12160780,2785
12163652,2781
12166527,2778
12169392,2798
12172275,2777
12175139,2779
12178003,2777
12180864,2779
12183727,2835
12186889,2783
12189764,2799
12192651,2780
12195555,2784
12198427,2806
12201318,2789
12204193,2781
12207063,2777
12209928,2779
12212794,2785
12215665,2778
12218536,2779
12221404,2789
12224278,2780
12227145,2782
12230011,2779
12232878,2782
12235745,2794
12238623,2780
12241494,2780
12244366,2789
12247243,2776
12250104,2779
12252967,2776
12255830,2778
12258693,2778
12261563,2782
12264430,2832
12267348,2788
12270221,2780
12273086,2779
12275950,2776
12278814,2777
12281676,2779
12284596,2778
12287458,2789
12290333,2784
12293206,2777
12296069,2779
12298934,2782
12301802,2781
12304669,2775
12307535,2777
12310398,2790
12313281,2781
12316148,2780
12319015,2779
12321880,2777
12324745,2790
12327621,2804
12330532,2780
12333399,2790
12336277,2779
12339143,2779
12342008,2779
12344874,2779
12347738,2797
12350621,2775
12353488,2778
12356354,2786
12359226,2777
12362089,2779
12364952,2781
12367820,2779
12370685,2778
12373567,2780
12376433,2828
12379349,2789
12382223,2780
12385089,2779
12387955,2778
12390820,2778
12393683,2777
12396615,2777
12399489,2783
12402360,2786
12405233,2786
12408103,2777
12410966,2779
12413832,2777
12416697,2777
12419566,2776
12422428,2852
12425364,2788
12428238,2778
12431102,2776
12433965,2780
12436830,2777
12439695,2782
12442609,2778
12445472,2808
12448366,2785
12451245,2781
12454112,2776
12456974,2780
12459839,2779
12462705,2785
12465576,2778
12468442,2792
12471319,2783
12474189,2780
12477054,2779
12479919,2780
12482783,2783
12485658,2783
12488560,2778
12491425,2848
12494357,2788
12497232,2778
12500095,2777
12502960,2778
12505823,2776
12508700,2792
12511576,2782
12514445,2813
12517343,2785
12520215,2781
12523082,2776
12525945,2779
12528808,2780
12531675,2778
12534545,2779
12537410,2790
12540286,2779
12543151,2779
12546016,2778
12548881,2780
12551746,2790
12554628,2784
12557521,2778
12560387,2789
12563263,2778
12566128,2781
12568994,2779
12571859,2782
12574726,2830
12577679,2783
12580561,2778
12583428,2816
12586330,2787
12589204,2780
12592071,2778
12594938,2780
12597803,2782
12600671,2781
12603565,2782
12606432,2828
12609346,2788
12612226,2781
12615092,2776
12617954,2780
12620819,2777
12623685,2780
12626560,2778
12629427,2843
12632354,2786
12635226,2780
12638092,2778
12640956,2780
12643821,2775
12646683,2783
12649571,2779
12652440,2837
12655362,2784
12658234,2781
12661101,2780
12663968,2779
12666832,2779
12669697,2777
12672573,2778
12675438,2790
12678315,2783
12681185,2780
12684049,2779
12686914,2777
12689778,2789
12692662,2782
12695563,2776
12698422,2812
12701320,2786
12704192,2781
12707059,2778
12709923,2781
12712791,2783
12715661,2780
12718534,2779
12721399,2788
12724273,2779
12727145,2782
12730012,2777
12732875,2782
12735741,2793
12738621,2779
12741493,2780
12744365,2789
12747242,2778
12750106,2781
12752973,2779
12755838,2781
12758703,2792
12761583,2781
12764449,2805
12767340,2787
12770211,2780
12773078,2780
12775942,2776
12778805,2781
12781670,2775
12784630,2782
12787516,2781
12790383,2804
12793272,2777
12796142,2781
12799008,2795
12801890,2782
12804760,2788
12807636,2782
12810542,2779
12813409,2789
12816284,2780
12819152,2782
12822020,2775
12824881,2778
12827745,2799
12830630,2781
12833505,2780
12836373,2788
12839246,2778
12842111,2776
12844973,2778
12847835,2781
12850701,2776
12853610,2783
12856473,2784
12859347,2791
12862223,2779
12865088,2781
12867955,2783
12870823,2784
12873695,2781
12876570,2783
12879440,2828
12882353,2785
12885225,2785
12888096,2781
12890964,2779
12893827,2782
12896695,2776
12899559,2779
12902427,2796
12905313,2791
12908192,2781
12911058,2781
12913926,2779
12916791,2785
12919664,2781
12922563,2782
12925431,2812
12928330,2787
12931204,2782
12934072,2781
12936940,2780
12939806,2780
12942671,2781
12945548,2777
12948413,2835
12951334,2788
12954210,2781
12957077,2778
12959947,2782
12962814,2773
12965673,2781
12968570,2777
12971434,2814
12974333,2787
12977208,2778
12980072,2777
12982935,2780
12985801,2784
12988671,2780
12991550,2781
12994418,2819
12997324,2786
13000196,2782
13003064,2780
13005932,2778
13008797,2785
13011668,2778
13014550,2777
13017414,2790
13020291,2779
13023157,2783
13026024,2779
13028888,2779
13031752,2785
13034623,2781
13037508,2779
13040373,2790
13043249,2778
13046115,2785
13048987,2782
13051858,2780
13054722,2821
13057629,2781
13060523,2783
13063391,2786
13066265,2778
13069130,2778
13071993,2777
13074858,2780
13077724,2833
13080677,2778
13083540,2780
13086408,2786
13089280,2780
13092148,2781
13095015,2778
13097882,2779
13100748,2790
13103624,2781
13106496,2780
13109368,2786
13112239,2775
13115100,2780
13117963,2776
13120828,2778
13123690,2776
13126562,2779
13129426,2805
13132317,2789
13135190,2782
13138057,2776
13140919,2776
13143786,2787
13146657,2781
13149531,2781
13152398,2789
13155274,2775
13158133,2783
13161000,2778
13163864,2777
13166726,2819
13169632,2779
13172524,2777
13175386,2827
13178299,2773
13181158,2779
13184022,2777
13186892,2781
13189759,2786
13192633,2779
13195506,2778
13198371,2793
13201250,2780
13204116,2782
13206986,2776
13209847,2779
13212712,2821
13215616,2783
13218491,2778
13221355,2787
13224230,2775
13227090,2778
13229952,2778
13232817,2782
13235686,2775
13238554,2782
13241423,2806
13244323,2787
13247196,2779
13250061,2779
13252925,2781
13255795,2784
13258667,2779
13261574,2781
13264441,2785
13267314,2791
13270191,2780
13273064,2780
13275935,2777
13278799,2784
13281670,2779
13284545,2782
13287415,2803
13290303,2781
13293171,2781
13296040,2780
13298906,2778
13301772,2787
13304643,2782
13307579,2782
13310447,2786
13313320,2787
13316193,2779
13319063,2781
13321929,2781
13324798,2788
13327669,2778
13330561,2785
13333434,2789
13336311,2790
13339186,2778
13342050,2781
13344920,2775
13347782,2788
13350655,2778
13353529,2781
13356396,2786
13359268,2778
13362131,2777
13365002,2781
13367868,2779
13370732,2808
13373626,2778
13376496,2781
13379363,2788
13382238,2783
13385106,2777
13387971,2782
13390839,2777
13393703,2800
13396591,2777
13399455,2808
13402349,2788
13405221,2781
13408088,2775
13410951,2780
13413817,2774
13416678,2776
13419545,2778
13422409,2825
13425322,2787
13428196,2780
13431062,2776
13433926,2783
13436881,2779
13439751,2796
13442635,2779
13445510,2783
13448380,2783
13451252,2783
13454121,2779
13456988,2779
13459853,2778
13462720,2839
13465644,2779
13468576,2782
13471445,2792
13474325,2792
13477203,2779
13480076,2778
13482939,2775
13485801,2782
13488668,2777
13491567,2782
13494436,2789
13497310,2788
13500184,2778
13503050,2779
13505915,2777
13508778,2789
13511666,2781
13514551,2779
13517414,2807
13520306,2786
13523180,2780
13526046,2777
13528910,2780
13531777,2787
13534649,2783
13537525,2780
13540392,2791
13543271,2780
13546138,2784
13549009,2773
13551869,2780
13554733,2796
13557613,2783
13560489,2778
13563354,2788
13566228,2776
13569089,2783
13571959,2779
13574824,2780
13577689,2778
13580561,2781
13583429,2804
13586318,2788
13589190,2779
13592056,2780
13594921,2775
13597783,2788
13600655,2777
13603583,2779
13606448,2792
13609327,2789
13612212,2779
13615078,2781
13617946,2775
13620805,2781
13623670,2776
13626567,2781
13629435,2784
13632308,2787
13635182,2776
13638043,2779
13640906,2776
13643770,2786
13646643,2778
13649514,2781
13652380,2783
13655248,2781
13658113,2778
13660976,2776
13663838,2776
13666701,2813
13669599,2776
13672458,2842
13675384,2789
13678260,2781
13681126,2778
13683989,2777
13686851,2776
13689715,2788
13692586,2775
13695446,2804
13698337,2782
13701204,2780
13704070,2779
13706936,2780
13709800,2784
13712670,2780
13715541,2781
13718407,2790
13721285,2778
13724148,2779
13727010,2776
13729872,2778
13732736,2791
13735613,2780
13738497,2777
13741359,2789
13744231,2778
13747095,2779
13749960,2779
13752825,2779
13755691,2777
13758573,2781
13761437,2787
13764309,2787
13767184,2777
13770047,2777
13772909,2776
13775772,2784
13778643,2778
13781516,2785
13784388,2785
13787260,2784
13790130,2778
13792995,2779
13795859,2777
13798728,2842
13801655,2777
13804585,2781
13807451,2785
13810324,2787
13813198,2777
13816062,2782
13818930,2775
13821790,2787
13824662,2777
13827542,2784
13830414,2797
13833297,2780
13836166,2778
13839031,2780
13841897,2780
13844762,2787
13847636,2778
13850518,2779
13853381,2787
13856254,2780
13859120,2777
13861983,2781
13864848,2778
13867713,2804
13870603,2777
13873465,2836
13876385,2786
13879257,2780
13882124,2775
13884987,2781
13887854,2775
13890714,2788
13893587,2781
13896455,2813
13899356,2786
13902228,2779
13905095,2775
13907956,2779
13910820,2779
13913684,2779
13916576,2779
13919442,2790
13922319,2784
13925189,2782
13928057,2779
13930920,2778
13933783,2782
13936652,2781
13939530,2778
13942393,2785
13945263,2776
13948126,2777
13950989,2776
13953851,2780
13956715,2802
13959603,2777
13962466,2786
13965338,2786
13968210,2778
13971073,2780
13973940,2777
13976803,2781
13979679,2782
13982574,2781
13985442,2825
13988355,2788
13991230,2782
13994098,2782
13996965,2777
13999827,2777
14002690,2775
14005557,2780
14008424,2814
14011324,2785
14014193,2779
14017058,2779
14019924,2775
14022784,2786
14025656,2781
14028528,2782
14031399,2788
14034273,2780
14037138,2778
14040003,2781
14042870,2777
14045734,2788
14048607,2776
14051469,2801
14054357,2784
14057228,2780
14060095,2775
14062956,2779
14065819,2778
14068682,2775
14071547,2774
14074409,2796
14077297,2778
14080161,2777
14083022,2777
14085885,2780
14088750,2789
14091625,2781
14094545,2779
14097409,2796
14100291,2780
14103157,2777
14106019,2779
14108883,2780
14111749,2790
14114624,2778
14117496,2778
14120360,2790
14123236,2777
14126098,2780
14128965,2776
14131827,2781
14134692,2775
14137575,2780
14140441,2785
14143317,2790
14146193,2774
14149052,2779
14151916,2775
14154776,2788
14157650,2777
14160529,2781
14163397,2783
14166268,2779
14169132,2777
14171995,2779
14174860,2778
14177724,2836
14180647,2776
14183529,2781
14186396,2787
14189268,2783
14192138,2780
14195003,2779
14197869,2777
14200732,2792
14203609,2775
14206471,2817
14209372,2786
14212246,2780
14215112,2782
14217980,2779
14220843,2775
14223703,2784
14226573,2780
14229440,2791
14232316,2786
14235186,2783
14238054,2776
14240915,2778
14243778,2783
14246648,2782
14249557,2776
14252419,2835
14255343,2786
14258215,2780
14261082,2778
14263948,2780
14266814,2776
14269677,2782
14272559,2782
14275431,2839
14278357,2789
14281235,2782
14284105,2774
14286966,2780
14289831,2778
14292694,2780
14295565,2778
14298430,2794
14301312,2784
14304181,2779
14307044,2778
14309909,2777
14312772,2778
14315635,2780
14318526,2777
14321388,2787
14324263,2780
14327131,2781
14329998,2852
14332945,2786
14335821,2781
14338689,2782
14341570,2780
14344439,2837
14347374,2788
14350251,2782
14353122,2775
14355983,2778
14358846,2778
14361710,2787
14364583,2777
14367446,2795
14370329,2788
14373201,2778
14376064,2777
14378928,2779
14381792,2783
14384661,2777
14387538,2779
14390402,2787
14393276,2780
14396142,2779
14399007,2778
14401871,2780
14404737,2825
14407647,2776
14410517,2778
14413382,2783
14416249,2776
14419112,2780
14421979,2773
14424838,2778
14427699,2777
14430615,2779
14433498,2781
14436366,2788
14439240,2779
14442106,2781
14444973,2778
14447837,2781
14450704,2802
14453591,2781
14456461,2793
14459339,2786
14462211,2778
14465076,2779
14467942,2779
14470807,2779
14473672,2779
14476623,2780
14479494,2778
14482357,2786
14485229,2777
14488094,2781
14490963,2777
14493833,2781
14496697,2780
14499626,3306
14503033,2792
14505913,2781
14508787,2791
14511666,2776
14514536,2784
14517407,2787
14520288,2786
14523162,2781
14526031,2783
14528902,2779
14531769,2790
14534646,2780
14537534,2784
14540403,2792
14543281,2782
14546150,2779
14549021,2779
14551886,2776
14554748,2785
14557617,2781
14560516,2782
14563383,2785
14566256,2784
14569124,2773
14571986,2778
14574849,2779
14577712,2789
14580586,2779
14583457,2793
14586334,2784
14589204,2783
14592073,2782
14594945,2780
14597812,2780
14600680,2779
14603564,2779
14606430,2794
14609311,2784
14612182,2779
14615047,2779
14617913,2779
14620777,2785
14623648,2781
14626545,2779
14629416,2790
14632292,2775
14635155,2781
14638023,2775
14640886,2777
14643747,2792
14646627,2782
14649510,2777
14652373,2787
14655245,2778
14658110,2780
14660976,2780
14663842,2778
14666707,2806
14669598,2777
14672460,2785
14675332,2790
14678207,2779
14681072,2782
14683940,2785
14686878,2782
14689756,2795
14692640,2777
14695537,2777
14698402,2788
14701278,2779
14704145,2782
14707012,2780
14709880,2780
14712745,2799
14715643,2785
14718564,2778
14721429,2854
14724369,2788
14727244,2780
14730110,2781
14732980,2781
14735847,2777
14738710,2793
14741587,2778
14744452,2839
14747377,2787
14750250,2781
14753117,2777
14755981,2779
14758845,2778
14761709,2787
14764583,2782
14767459,2795
14770341,2787
14773214,2782
14776080,2779
14778947,2781
14781814,2777
14784677,2781
14787595,2777
14790460,2831
14793381,2786
14796255,2781
14799122,2778
14801986,2779
14804850,2777
14807714,2789
14810587,2782
14813457,2791
14816333,2786
14819204,2782
14822071,2778
14824937,2776
14827797,2781
14830666,2782
14833563,2779
14836429,2855
14839368,2786
14842242,2780
14845107,2778
14847977,2782
14850845,2779
14853709,2810
14856606,2779
14859473,2812
14862372,2789
14865247,2783
14868115,2778
14870980,2781
14873849,2777
14876713,2790
14879588,2779
14882452,2837
14885375,2786
14888248,2781
14891116,2777
14893979,2780
14896844,2778
14899708,2786
14902579,2782
14905457,2801
14908347,2787
14911219,2780
14914082,2782
14916952,2779
14919817,2777
14922681,2782
14925572,2779
14928437,2813
14931336,2789
14934210,2781
14937077,2780
14939943,2780
14942809,2778
14945673,2780
14948557,2780
14951424,2816
14954326,2785
14957197,2781
14960062,2775
14962923,2781
14965788,2784
14968660,2780
14971530,2779
14974400,2791
14977278,2778
14980141,2782
14983008,2778
14985873,2780
14988739,2791
14991618,2781
14994508,2778
14997371,2788
15000246,2780
15003113,2780
15005979,2778
15008842,2779
15011712,2803
15014600,2780
15017465,2801
15020352,2787
15023227,2780
15026093,2780
15028959,2776
15031820,2784
15034689,2778
15037579,2779
15040444,2836
15043368,2790
15046245,2775
15049107,2782
15051973,2780
15054839,2780
15057707,2795
15060589,2784
15063458,2795
15066338,2790
15069213,2781
15072080,2781
15074946,2776
15077808,2780
15080672,2776
15083604,2779
15086467,2802
15089358,2782
15092228,2782
15095095,2776
15097956,2778
15100819,2774
15103684,2779
15106563,2778
15109426,2848
15112359,2785
15115231,2778
15118097,2774
15120962,2781
15123829,2778
15126695,2781
15129561,2777
15132425,2831
15135341,2786
15138218,2783
15141088,2776
15143952,2782
15146820,2777
15149683,2782
15152583,2778
15155448,2793
15158326,2782
15161195,2782
15164062,2777
15166925,2781
15169790,2782
15172660,2783
15175544,2778
15178408,2813
15181308,2785
15184184,2781
15187049,2781
15189916,2783
15192785,2786
15195657,2784
15198531,2780
15201397,2787
15204269,2779
15207133,2780
15210000,2777
15212863,2780
15215729,2825
15218640,2780
15221511,2779
15224375,2787
15227249,2779
15230116,2782
15232985,2776
15235848,2780
15238760,2789
15241634,2783
15244525,2780
15247392,2789
15250270,2776
15253134,2785
15256005,2782
15258875,2781
15261742,2793
15264621,2781
15267507,2778
15270371,2796
15273320,2797
15276249,2786
15279169,2780
15282080,2786
15285003,2786
15287898,2801
15290794,2794
15293685,2787
15296583,2783
15299451,2835
15302377,2796
15305263,2786
15308139,2780
15311007,2783
15313877,2780
15316745,2791
15319624,2783
15322501,2783
15325374,2787
15328247,2783
15331118,2786
15333992,2781
15336862,2782
15339730,2842
15342658,2779
15345544,2780
15348410,2806
15351302,2781
15354169,2778
15357034,2782
15359904,2777
15362767,2786
15365636,2786
15368540,2780
15371409,2803
15374301,2783
15377169,2779
15380036,2780
15382902,2781
15385769,2842
15388696,2780
15391601,2781
15394471,2786
15397346,2788
15400218,2779
15403083,2781
15405951,2779
15408819,2778
15411683,2777
15414607,2779
15417469,2790
15420346,2786
15423218,2783
15426086,2777
15428950,2779
15431814,2782
15434682,2780
15437562,2778
15440427,2848
15443360,2785
15446234,2781
15449101,2780
15451982,2781
15454852,2775
15457713,2793
15460591,2779
15463458,2811
15466358,2785
15469229,2782
15472097,2778
15474967,2781
15477834,2781
15480700,2787
15483573,2778
15486438,2792
15489317,2785
15492186,2778
15495049,2779
15497916,2780
15500800,2786
15503677,2780
15506610,2781
15509477,2789
15512354,2788
15515231,2776
15518094,2780
15520960,2780
15523827,2779
15526691,2776
15529561,2781
15532431,2832
15535348,2791
15538223,2783
15541094,2780
15543960,2779
15546825,2778
15549690,2776
15552559,2780
15555424,2806
15558318,2787
15561190,2778
15564054,2780
15566920,2777
15569783,2788
15572656,2784
15575546,2778
15578407,2824
15581321,2784
15584197,2785
15587068,2778
15589933,2780
15592800,2781
15595667,2780
15598544,2781
15601411,2808
15604307,2788
15607183,2781
15610051,2778
15612921,2781
15615789,2783
15618658,2783
15621578,2781
15624448,2789
15627323,2782
15630192,2782
15633058,2776
15635920,2784
15638793,2784
15641664,2781
15644557,2778
15647422,2860
15650366,2786
15653240,2782
15656108,2777
15658978,2781
15661845,2777
15664709,2796
15667588,2779
15670456,2817
15673358,2789
15676235,2784
15679103,2774
15681967,2782
15684833,2777
15687697,2779
15690569,2777
15693438,2789
15696315,2786
15699186,2783
15702053,2777
15704919,2779
15707782,2790
15710658,2780
15713548,2780
15716415,2804
15719305,2789
15722182,2777
15725047,2779
15727911,2778
15730775,2787
15733647,2781
15736530,2782
15739399,2786
15742271,2777
15745133,2784
15748005,2783
15750877,2780
15753744,2815
15756646,2777
15759533,2780
15762398,2789
15765273,2779
15768139,2781
15771008,2777
15773873,2778
15776736,2790
15779612,2781
15782508,2780
15785375,2786
15788247,2780
15791113,2779
15793979,2779
15796843,2779
15799708,2786
15802580,2777
15805445,2791
15808322,2784
15811191,2782
15814056,2778
15816919,2782
15819799,2784
15822671,2782
15825554,2778
15828417,2835
15831337,2789
15834212,2781
15837078,2778
15839944,2779
15842809,2776
15845672,2778
15848545,2779
15851412,2801
15854300,2780
15857166,2783
15860037,2777
15862901,2781
15865768,2786
15868640,2779
15871526,2777
15874388,2789
15877264,2779
15880130,2778
15882993,2778
15885859,2782
15888726,2783
15891595,2781
15894461,2835
15897383,2786
15900256,2777
15903120,2779
15905993,2781
15908860,2781
15911725,2809
15914620,2783
15917495,2778
15920360,2786
15923234,2778
15926097,2781
15928962,2778
15931827,2779
15934692,2780
15937571,2787
15940447,2833
15943369,2792
15946247,2778
15949115,2780
15951981,2776
15954843,2781
15957711,2795
15960591,2781
15963457,2783
15966326,2786
15969199,2778
15972064,2778
15974926,2774
15977786,2788
15980659,2781
15983556,2783
15986428,2834
15989350,2794
15992232,2781
15995102,2783
15997969,2778
16000835,2783
16003702,2783
16006583,2776
16009446,2785
16012317,2787
16015191,2777
16018053,2779
16020917,2778
16023780,2786
16026654,2777
16029549,2780
16032416,2802
16035303,2781
16038170,2778
16041035,2779
16043900,2777
16046763,2803
16049652,2779
16052539,2782
16055408,2787
16058280,2779
16061146,2780
16064011,2779
16066876,2773
16069737,2790
16072610,2779
16075476,2809
16078370,2787
16081243,2778
16084107,2777
16086970,2783
16089839,2775
16092700,2787
16095573,2780
16098442,2792
16101319,2787
16104192,2782
16107058,2775
16109919,2778
16112782,2789
16115671,2780
16118572,2782
16121439,2790
16124314,2785
16127186,2781
16130054,2778
16132920,2780
16135783,2784
16138654,2780
16141540,2778
16144406,2791
16147287,2781
16150156,2781
16153024,2777
16155888,2780
16158753,2784
16161623,2782
16164498,2776
16167360,2788
16170233,2779
16173098,2780
16175963,2774
16178824,2780
16181691,2775
16184573,2780
16187451,2791
16190331,2787
16193203,2779
16196068,2780
16198935,2777
16201800,2784
16204669,2779
16207560,2777
16210423,2799
16213311,2786
16216185,2777
16219048,2778
16221911,2777
16224775,2787
16227647,2776
16230518,2782
16233387,2785
16236318,2791
16239196,2782
16242067,2780
16244933,2780
16247800,2786
16250675,2778
16253560,2779
16256425,2796
16259307,2790
16262184,2780
16265051,2781
16267919,2780
16270784,2789
16273658,2780
16276592,2779
16279454,2785
16282326,2790
16285201,2779
16288067,2780
16290932,2777
16293796,2786
16296667,2776
16299549,2782
16302417,2802
16305306,2788
16308181,2777
16311046,2778
16313909,2779
16316773,2791
16319649,2778
16322530,2782
16325400,2793
16328281,2784
16331150,2778
16334016,2782
16336885,2780
16339750,2793
16342629,2780
16345523,2781
16348392,2788
16351267,2779
16354140,2779
16357002,2779
16359868,2781
16362735,2783
16365604,2784
16368474,2782
16371343,2787
16374215,2779
16377079,2779
16379944,2777
16382807,2779
16385672,2774
16388570,2784
16391443,2792
16394324,2790
16397201,2780
16400068,2780
16402934,2777
16405797,2787
16408668,2780
16411565,2782
16414432,2827
16417346,2790
16420222,2778
16423087,2778
16425949,2780
16428815,2777
16431678,2778
16434557,2782
16437424,2797
16440307,2788
16443181,2778
16446044,2778
16448908,2776
16451771,2796
16454651,2776
16457519,2781
16460386,2783
16463255,2783
16466123,2778
16468990,2780
16471854,2779
16474725,2787
16477598,2781
16480465,2808
16483361,2791
16486241,2781
16489108,2777
16491978,2781
16494842,2778
16497708,2795
16500589,2776
16503451,2795
16506334,2784
16509205,2782
16512071,2777
16514934,2779
16517799,2781
16520668,2783
16523552,2780
16526417,2809
16529311,2787
16532184,2779
16535049,2779
16537915,2781
16540781,2784
16543651,2779
16546523,2777
16549386,2788
16552258,2778
16555138,2782
16558007,2774
16560869,2783
16563736,2819
16566640,2779
16569511,2780
16572384,2789
16575258,2778
16578122,2781
16580988,2777
16583851,2779
16586715,2796
16589602,2780
16592468,2802
16595356,2791
16598234,2781
16601103,2779
16603968,2779
16606836,2780
16609700,2777
16612614,2779
16615477,2796
16618361,2788
16621235,2779
16624100,2778
16626966,2781
16629832,2778
16632694,2777
16635570,2779
16638434,2825
16641345,2790
16644222,2778
16647086,2780
16649951,2778
16652815,2779
16655679,2779
16658551,2779
16661419,2802
16664306,2776
16667167,2779
16670033,2778
16672897,2778
16675762,2791
16678638,2776
16681583,2780
16684447,2791
16687325,2788
16690199,2780
16693067,2778
16695930,2775
16698789,2786
16701659,2777
16704543,2778
16707406,2784
16710276,2779
16713141,2777
16716006,2780
16718871,2777
16721732,2809
16724626,2777
16727496,2781
16730364,2788
16733241,2781
16736106,2777
16738969,2781
16741834,2780
16744701,2788
16747574,2778
16750445,2792
16753322,2784
16756191,2782
16759057,2776
16761921,2779
16764785,2784
16767657,2782
16770530,2778
16773399,2788
16776273,2779
16779140,2782
16782007,2778
16784871,2783
16787741,2794
16790621,2776
16793488,2780
16796354,2785
16799224,2779
16802091,2781
16804957,2777
16807821,2780
16810689,2778
16813576,2779
16816440,2787
16819318,2790
16822193,2777
16825054,2781
16827919,2776
16830782,2789
16833656,2776
16836548,2782
16839416,2803
16842310,2789
16845187,2781
16848054,2780
16850920,2779
16853787,2785
16856657,2777
16859530,2784
16862399,2785
16865273,2782
16868141,2779
16871007,2781
16873873,2776
16876735,2797
16879617,2783
16882507,2781
16885372,2785
16888246,2782
16891114,2775
16893973,2778
16896835,2775
16899697,2778
16902596,2786
16905474,2804
16908368,2791
16911247,2783
16914116,2781
16916984,2780
16919851,2779
16922729,2840
16925658,2776
16928591,2782
16931458,2784
16934330,2790
16937208,2780
16940076,2781
16942942,2774
16945803,2781
16948669,2777
16951562,2776
16954421,2834
16957341,2790
16960217,2780
16963083,2777
16965947,2780
16968811,2776
16971675,2783
16974565,2781
16977435,2841
16980362,2788
16983273,2777
16986146,2783
16989015,2780
16991884,2784
16994755,2785
16997627,2778
17000495,2777
17003359,2789
17006233,2775
17009094,2779
17011961,2779
17014827,2777
17017690,2777
17020566,2782
17023435,2825
17026346,2788
17029226,2776
17032088,2777
17034950,2776
17037811,2779
17040675,2778
17043557,2779
17046424,2784
17049295,2780
17052160,2780
17055025,2776
17057886,2777
17060750,2793
17063638,2782
17066513,2776
17069375,2791
17072253,2776
17075114,2780
17077978,2778
17080843,2778
17083707,2796
17086589,2781
17089459,2802
17092346,2784
17095214,2780
17098081,2777
17100942,2777
17103805,2782
17106673,2775
17109558,2778
17112420,2796
17115302,2778
17118167,2779
17121032,2778
17123898,2775
17126760,2787
17129631,2782
17132529,2783
17135398,2784
17138268,2781
17141134,2777
17143998,2777
17146860,2779
17149725,2785
17152597,2781
17155468,2803
17158357,2784
17161227,2783
17164094,2780
17166961,2779
17169825,2776
17172689,2779
17175574,2776
17178436,2871
17181393,2788
17184268,2784
17187147,2783
17190020,2780
17192888,2776
17195752,2792
17198629,2778
17201514,2781
17204381,2787
17207255,2780
17210121,2776
17212986,2780
17215851,2778
17218730,2829
17221647,2781
17224534,2783
17227406,2789
17230283,2782
17233150,2779
17236015,2779
17238882,2778
17241746,2796
17244626,2774
17247499,2786
17250372,2787
17253244,2780
17256111,2777
17258975,2781
17261842,2779
17264705,2798
17267587,2779
17270453,2824
17273366,2786
17276240,2782
17279108,2777
17281969,2781
17284836,2777
17287699,2792
17290586,2780
17293455,2790
17296331,2785
17299201,2781
17302066,2775
17304928,2779
17307792,2781
17310660,2780
17313549,2778
17316413,2839
17319337,2786
17322209,2779
17325074,2775
17327935,2780
17330803,2781
17333672,2783
17336547,2776
17339410,2806
17342302,2775
17345163,2780
17348028,2780
17350942,2776
17353812,2785
17356731,2835
17359689,2787
17362598,2788
17365468,2787
17368374,2787
17371251,2785
17374125,2780
17376994,2782
17379864,2779
17382732,2789
17385607,2780
17388474,2786
17391347,2786
17394219,2781
17397085,2780
17399953,2781
17402819,2775
17405680,2784
17408609,2777
17411470,2800
17414357,2785
17417232,2780
17420097,2777
17422960,2779
17425824,2778
17428688,2778
17431568,2781
17434438,2788
17437312,2790
17440188,2779
17443054,2780
17445920,2779
17448784,2789
17451659,2784
17454563,2782
17457432,2845
17460364,2815
17463264,2786
17466138,2784
17469010,2778
17471876,2781
17474742,2798
17477627,2780
17480518,2782
17483388,2786
17486260,2778
17489126,2779
17491992,2778
17494858,2776
17497719,2784
17500589,2779
17503455,2809
17506350,2786
17509221,2777
17512085,2776
17514946,2779
17517810,2776
17520670,2779
17523561,2780
17526427,2821
17529337,2788
17532208,2784
17535080,2780
17537944,2776
17540807,2779
17543671,2778
17546558,2780
17549424,2794
17552306,2785
17555177,2777
17558042,2780
17560909,2779
17563775,2786
17566645,2779
17569528,2780
17572394,2782
17575263,2777
17578125,2777
17580989,2779
17583852,2782
17586721,2787
17589593,2778
17592459,2788
17595334,2786
17598205,2779
17601068,2780
17603935,2778
17606798,2780
17609670,2781
17612550,2778
17615413,2804
17618305,2778
17621171,2780
17624037,2776
17626899,2781
17629765,2782
17632633,2779
17635509,2777
17638371,2785
17641247,2778
17644110,2779
17646973,2777
17649837,2776
17652699,2772
17655567,2780
17658446,2812
17661344,2786
17664215,2780
17667083,2777
17669945,2777
17672809,2781
17675681,2785
17678566,2779
17681431,2840
17684356,2786
17687231,2780
17690098,2778
17692964,2778
17695827,2776
17698689,2779
17701560,2779
17704425,2788
17707300,2781
17710169,2780
17713034,2781
17715901,2780
17718766,2780
17721633,2780
17724516,2782
17727384,2787
17730258,2781
17733126,2782
17735992,2779
17738858,2779
17741722,2830
17744674,2780
17747555,2783
17750427,2821
17753336,2787
17756211,2781
17759078,2777
17761943,2779
17764808,2777
17767671,2781
17770572,2780
17773438,2828
17776352,2787
17779229,2779
17782095,2776
17784956,2782
17787823,2780
17790690,2780
17793565,2780
17796433,2793
17799311,2786
17802183,2783
17805052,2780
17807919,2778
17810782,2784
17813658,2781
17816539,2779
17819406,2786
17822278,2779
17825144,2779
17828009,2777
17830870,2778
17833735,2809
17836630,2779
17839563,2778
17842426,2796
17845307,2790
17848184,2779
17851049,2784
17853918,2780
17856784,2783
17859652,2778
17862549,2779
17865417,2805
17868307,2787
17871187,2779
17874052,2776
17876914,2780
17879779,2785
17882651,2781
17885531,2778
17888396,2788
17891272,2778
17894137,2779
17897001,2777
17899865,2779
17902729,2805
17905626,2780
17908518,2780
17911384,2788
17914258,2782
17917127,2779
17919992,2777
17922854,2779
17925718,2838
17928691,2782
17931561,2784
17934431,2825
17937342,2786
17940217,2779
17943082,2783
17945952,2778
17948814,2779
17951680,2780
17954581,2782
17957450,2791
17960329,2790
17963208,2779
17966071,2779
17968936,2776
17971796,2785
17974669,2778
17977562,2780
17980430,2789
17983305,2790
17986182,2780
17989047,2779
17991912,2777
17994774,2785
17997652,2779
18000538,2780
18003404,2789
18006279,2780
18009147,2778
18012011,2777
18014876,2778
18017739,2805
18020630,2781
18023518,2780
18026393,2790
18029270,2781
18032139,2779
18035005,2777
18037869,2778
18040734,2784
18043604,2781
18046473,2808
18049367,2790
18052244,2780
18055111,2778
18057974,2779
18060838,2778
18063700,2776
18066618,2781
18069490,2781
18072358,2784
18075229,2782
18078097,2778
18080960,2778
18083824,2776
18086692,2778
18089563,2777
18092425,2859
18095369,2789
18098244,2779
18101109,2778
18103975,2780
18106840,2774
18109700,2790
18112574,2782
18115443,2840
18118367,2789
18121243,2783
18124113,2781
18126980,2779
18129843,2780
18132707,2798
18135589,2778
18138454,2811
18141354,2786
18144226,2782
18147093,2778
18149956,2779
18152820,2779
18155685,2778
18158555,2779
18161423,2809
18164318,2788
18167193,2777
18170059,2777
18172922,2775
18175784,2786
18178655,2778
18181554,2781
18184422,2791
18187298,2778
18190163,2779
18193028,2778
18195889,2779
18198757,2786
18201629,2780
18204517,2779
18207382,2787
18210256,2781
18213123,2782
18215993,2778
18218857,2776
18221720,2836
18224640,2779
18227573,2779
18230438,2790
18233313,2790
18236189,2779
18239060,2778
18241924,2777
18244788,2786
18247659,2779
18250543,2780
18253409,2825
18256322,2786
18259193,2779
18262059,2782
18264926,2779
18267791,2790
18270667,2776
18273537,2783
18276407,2785
18279279,2782
18282146,2782
18285016,2778
18287879,2776
18290740,2799
18293623,2777
18296509,2781
18299376,2785
18302248,2783
18305117,2776
18307979,2779
18310841,2776
18313706,2788
18316577,2779
18319445,2790
18322319,2786
18325190,2780
18328054,2784
18330936,2785
18333809,2776
18336675,2787
18339582,2788
18342460,2788
18345338,2788
18348212,2779
18351077,2782
18353947,2781
18356815,2784
18359697,2788
18362571,2782
18365439,2829
18368355,2785
18371229,2781
18374103,2776
18376968,2779
18379835,2778
18382701,2801
18385630,2781
18388525,2782
18391396,2788
18394280,2782
18397149,2784
18400020,2778
18402884,2781
18405751,2790
18408626,2780
18411499,2782
18414367,2786
18417239,2778
18420102,2778
18422967,2780
18425832,2777
18428695,2779
18431572,2781
18434439,2823
18437348,2787
18440225,2787
18443099,2783
18445978,2783
18448851,2780
18451718,2789
18454592,2781
18457460,2825
18460371,2789
18463248,2783
18466117,2780
18468984,2782
18471853,2779
18474718,2796
18477599,2777
18480464,2784
18483335,2787
18486211,2779
18489073,2777
18491936,2781
18494804,2781
18497672,2778
18500554,2779
18503421,2792
18506300,2788
18509225,2785
18512114,2792
18514996,2780
18517870,2782
18520736,2783
18523608,2784
18526507,2780
18529374,2788
18532250,2782
18535121,2784
18537992,2776
18540854,2780
18543720,2789
18546597,2781
18549466,2783
18552337,2788
18555209,2780
18558075,2779
18560941,2775
18563802,2781
18566670,2778
18569565,2781
18572431,2792
18575309,2788
18578184,2776
18581046,2780
18583918,2779
18586784,2785
18589654,2778
18592528,2779
18595394,2788
18598270,2780
18601137,2781
18604006,2780
18606874,2779
18609739,2794
18612619,2782
18615517,2782
18618385,2787
18621261,2781
18624128,2777
18626992,2779
18629856,2776
18632717,2785
18635587,2775
18638449,2795
18641330,2789
18644205,2782
18647070,2779
18649936,2782
18652805,2777
18655668,2779
18658558,2779
18661422,2805
18664313,2787
18667185,2779
18670049,2780
18672915,2779
18675782,2788
18678655,2781
18681531,2779
18684395,2785
18687267,2778
18690132,2782
18693001,2780
18695873,2782
18698740,2781
18701606,2782
18704474,2812
18707373,2788
18710249,2775
18713111,2781
18715978,2776
18718839,2778
18721705,2796
18724587,2778
18727452,2793
18730331,2791
18733209,2779
18736073,2780
18738938,2777
18741801,2782
18744671,2779
18747555,2778
18750418,2802
18753306,2791
18756184,2780
18759051,2781
18761928,2777
18764789,2785
18767663,2780
18770546,2779
18773410,2786
18776281,2781
18779150,2779
18782016,2779
18784883,2779
18787747,2791
18790626,2776
18793496,2779
18796361,2784
18799232,2779
18802096,2780
18804965,2781
18807830,2777
18810693,2779
18813572,2779
18816436,2787
18819310,2786
18822181,2775
18825041,2778
18827905,2780
18830770,2782
18833639,2781
18836513,2779
18839378,2785
18842249,2776
18845111,2778
18847974,2775
18850837,2781
18853704,2804
18856594,2777
18859459,2793
18862338,2787
18865210,2774
18868070,2780
18870937,2774
18873797,2780
18876661,2777
18879546,2783
18882414,2800
18885302,2778
18888166,2781
18891034,2781
18893901,2778
18896765,2782
18899632,2777
18902501,2786
18905375,2787
18908249,2780
18911115,2779
18913979,2782
18916847,2775
18919709,2825
18922620,2784
18925517,2783
18928386,2785
18931258,2781
18934125,2790
18937049,2781
18939926,2789
18942805,2781
18945675,2784
18948550,2786
18951426,2848
18954360,2788
18957237,2787
18960111,2778
18962977,2782
18965844,2776
18968708,2806
18971598,2774
18974459,2846
18977391,2787
18980267,2779
18983132,2773
18985993,2781
18988859,2775
18991726,2788
18994599,2775
18997461,2797
19000343,2779
19003210,2782
19006076,2778
19008940,2780
19011805,2781
19014671,2780
19017581,2778
19020446,2790
19023323,2785
19026193,2781
19029058,2777
19031921,2779
19034786,2785
19037658,2780
19040529,2777
19043392,2790
19046268,2778
19049133,2780
19051997,2777
19054860,2778
19057724,2832
19060642,2783
19063578,2776
19066441,2788
19069316,2783
19072185,2781
19075054,2779
19077918,2775
19080780,2786
19083651,2780
19086539,2776
19089402,2788
19092275,2780
19095142,2781
19098008,2777
19100870,2778
19103735,2797
19106618,2778
19109488,2778
19112350,2786
19115222,2777
19118086,2778
19120951,2777
19123815,2780
19126679,2775
19129567,2779
19132445,2811
19135343,2786
19138218,2780
19141084,2779
19143950,2779
19146813,2778
19149679,2779
19152568,2781
19155436,2813
19158335,2792
19161214,2778
19164077,2779
19166943,2778
19169809,2779
19172677,2780
19175563,2780
19178430,2849
19181364,2787
19184240,2783
19187108,2778
19189972,2782
19192841,2779
19195713,2786
19198583,2779
19201449,2832
19204368,2787
19207244,2782
19210115,2779
19212981,2779
19215846,2784
19218718,2837
19221639,2779
19224572,2780
19227438,2790
19230315,2792
19233194,2779
19236059,2780
19238925,2779
19241792,2783
19244662,2779
19247541,2781
19250408,2800
19253295,2779
19256161,2779
19259025,2783
19261893,2779
19264759,2788
19267632,2780
19270519,2781
19273391,2788
19276264,2781
19279130,2778
19281995,2779
19284859,2777
19287724,2839
19290647,2776
19293572,2780
19296436,2791
19299315,2790
19302192,2778
19305056,2779
19307921,2776
19310783,2788
19313658,2776
19316527,2782
19319394,2784
19322264,2781
19325132,2783
19328000,2778
19330915,2781
19333781,2786
19336654,2784
19339557,2784
19342428,2790
19345306,2788
19348188,2780
19351053,2779
19353918,2782
19356784,2786
19359670,2783
19362553,2782
19365422,2802
19368310,2786
19371183,2783
19374052,2780
19376918,2778
19379780,2784
19382649,2777
19385532,2778
19388397,2788
19391271,2779
19394142,2778
19397004,2779
19399869,2778
19402732,2820
19405638,2780
19408521,2781
19411385,2786
19414258,2779
19417124,2780
19419991,2781
19422861,2780
19425726,2835
19428685,2782
19431565,2782
19434432,2823
19437342,2786
19440216,2780
19443084,2780
19445950,2779
19448814,2779
19451680,2779
19454550,2779
19457417,2789
19460292,2779
19463156,2781
19466023,2779
19468888,2780
19471753,2791
19474643,2782
19477537,2782
19480406,2784
19483277,2781
19486144,2779
19489009,2781
19491874,2779
19494739,2805
19497643,2780
19500515,2782
19503383,2789
19506260,2779
19509124,2780
19511991,2777
19514851,2778
19517717,2787
19520590,2777
19523453,2784
19526326,2788
19529198,2781
19532064,2778
19534928,2778
19537792,2781
19540659,2779
19543555,2778
19546418,2807
19549310,2787
19552182,2784
19555053,2779
19557917,2777
19560782,2787
19563654,2778
19566530,2780
19569396,2784
19572265,2776
19575129,2779
19577993,2780
19580858,2780
19583722,2823
19586629,2783
19589530,2778
19592397,2788
19595270,2779
19598136,2778
19601000,2777
19603862,2781
19606727,2809
19609623,2778
19612505,2779
19615371,2786
19618244,2776
19621105,2779
19623972,2780
19626839,2779
19629702,2797
19632583,2776
19635445,2825
19638355,2788
19641232,2777
19644094,2780
19646960,2780
19649825,2777
19652687,2778
19655566,2781
19658436,2824
19661346,2786
19664220,2777
19667082,2778
19669946,2779
19672814,2782
19675682,2778
19678636,2778
19681507,2784
19684379,2795
19687264,2783
19690138,2783
19693007,2782
19695875,2782
19698744,2785
19701614,2779
19704500,2784
19707371,2788
19710244,2780
19713108,2778
19715972,2781
19718838,2778
19721704,2811
19724599,2779
19727464,2849
19730400,2789
19733275,2780
19736140,2777
19739005,2781
19741872,2776
19744735,2791
19747612,2782
19750517,2782
19753384,2787
19756258,2780
19759126,2780
19761994,2780
19764861,2780
19767726,2824
19770634,2781
19773532,2783
19776402,2782
19779272,2781
19782141,2779
19785007,2781
19787873,2779
19790741,2788
19793615,2778
19796501,2779
19799367,2784
19802237,2779
19805101,2775
19807963,2779
19810826,2775
19813689,2778
19816575,2775
19819436,2817
19822339,2784
19825209,2780
19828076,2773
19830937,2780
19833803,2780
19836668,2777
19839608,2778
19842473,2786
19845344,2783
19848214,2782
19851085,2780
19853951,2781
19856819,2776
19859679,2779
19862576,2778
19865451,2845
19868385,2786
19871257,2781
19874126,2776
19876987,2779
19879850,2777
19882714,2787
19885587,2778
19888452,2808
19891345,2781
19894210,2780
19897078,2780
19899946,2781
19902811,2779
19905674,2781
19908587,2780
19911457,2789
19914332,2790
19917229,2776
19920100,2788
19922977,2778
19925841,2785
19928711,2796
19931592,2783
19934462,2786
19937337,2787
19940210,2781
19943076,2781
19945942,2780
19948809,2781
19951674,2777
19954545,2781
19957414,2806
19960306,2785
19963178,2779
19966044,2780
19968912,2779
19971776,2802
19974665,2781
19977585,2779
19980450,2873
19983410,2808
19986304,2776
19989166,2781
19992038,2781
19994905,2777
19997768,2784
20000638,2781
20003533,2781
20006401,2785
20009273,2780
20012140,2777
20015004,2780
20017870,2780
20020735,2809
20023631,2784
20026519,2779
20029385,2784
20032257,2779
20035123,2781
20037991,2781
20040858,2776
20043719,2820
20046626,2779
20049542,2783
20052413,2805
20055305,2787
20058180,2780
20061047,2776
20063908,2781
20066774,2795
20069654,2780
20072529,2777
20075392,2792
20078271,2781
20081137,2781
20084004,2778
20086869,2778
20089732,2815
20092633,2780
20095531,2786
20098402,2789
20101277,2780
20104144,2779
20107010,2777
20109873,2780
20112739,2794
20115618,2778
20118499,2781
20121367,2786
20124238,2778
20127100,2779
20129967,2781
20132833,2776
20135695,2780
20138572,2779
20141437,2831
20144355,2789
20147231,2782
20150098,2779
20152964,2777
20155827,2776
20158686,2779
20161580,2783
20164452,2796
20167336,2789
20170214,2780
20173079,2781
20175947,2781
20178813,2780
20181678,2778
20184561,2779
20187427,2806
20190318,2786
20193188,2779
20196053,2780
20198919,2778
20201782,2789
20204669,2782
20207566,2779
20210430,2846
20213362,2787
20216236,2780
20219104,2778
20221969,2778
20224834,2779
20227698,2779
20230585,2783
20233467,2806
20236361,2783
20239230,2782
20242096,2781
20244964,2781
20247832,2777
20250694,2779
20253572,2782
20256439,2807
20259331,2786
20262204,2779
20265068,2774
20267930,2778
20270795,2784
20273663,2782
20276610,2782
20279500,2782
20282369,2789
20285246,2781
20288113,2779
20290977,2780
20293845,2778
20296708,2794
20299587,2778
20302452,2815
20305352,2786
20308224,2783
20311093,2779
20313961,2778
20316826,2776
20319687,2781
20322579,2780
20325444,2792
20328322,2784
20331193,2779
20334060,2780
20336930,2780
20339795,2785
20342666,2776
20345536,2783
20348406,2790
20351282,2775
20354142,2782
20357011,2780
20359879,2777
20362743,2802
20365630,2780
20368515,2779
20371381,2788
20374256,2780
20377123,2779
20379988,2782
20382856,2780
20385722,2784
20388591,2778
20391457,2793
20394336,2783
20397203,2778
20400065,2780
20402932,2780
20405798,2788
20408673,2781
20411562,2782
20414430,2847
20417362,2790
20420237,2786
20423111,2781
20425979,2777
20428844,2780
20431712,2781
20434578,2782
20437445,2800
20440332,2786
20443204,2778
20446069,2779
20448934,2783
20451803,2781
20454670,2779
20457539,2779
20460405,2788
20463280,2776
20466142,2780
20469007,2777
20471869,2779
20474733,2819
20477637,2779
20480526,2779
20483391,2788
20486266,2782
20489134,2775
20491996,2778
20494861,2780
20497727,2842
20500702,2784
20503572,2783
20506444,2801
20509332,2788
20512207,2780
20515075,2778
20517941,2781
20520807,2780
20523672,2779
20526565,2782
20529434,2839
20532361,2791
20535239,2780
20538106,2780
20540972,2782
20543839,2781
20546707,2789
20549580,2779
20552447,2808
20555340,2785
20558212,2782
20561080,2779
20563945,2780
20566809,2780
20569675,2780
20572558,2777
20575423,2793
20578304,2788
20581180,2778
20584044,2779
20586907,2781
20589774,2789
20592649,2779
20595520,2780
20598386,2789
20601280,2783
20604154,2783
20607022,2780
20609890,2779
20612755,2788
20615630,2782
20618503,2779
20621367,2791
20624244,2776
20627108,2776
20629971,2779
20632835,2779
20635699,2797
20638582,2780
20641447,2800
20644336,2788
20647212,2779
20650076,2780
20652943,2782
20655811,2785
20658682,2779
20661581,2783
20664453,2788
20667327,2790
20670207,2783
20673074,2780
20675940,2781
20678808,2780
20681673,2780
20684549,2781
20687417,2804
20690305,2777
20693169,2780
20696035,2781
20698902,2780
20701766,2784
20704636,2777
20707576,2781
20710441,2790
20713319,2790
20716195,2778
20719060,2779
20721926,2779
20724791,2789
20727665,2782
20730561,2782
20733428,2786
20736301,2779
20739166,2777
20742028,2778
20744891,2778
20747755,2786
20750628,2779
20753511,2780
20756375,2786
20759249,2779
20762114,2778
20764976,2779
20767842,2780
20770706,2796
20773587,2780
20776453,2795
20779334,2784
20782205,2776
20785065,2780
20787932,2779
20790799,2781
20793664,2782
20796563,2780
20799430,2800
20802315,2786
20805188,2781
20808056,2776
20810918,2783
20813786,2786
20816658,2780
20819533,2780
20822400,2786
20825273,2779
20828138,2778
20831003,2777
20833866,2780
20836733,2821
20839641,2784
20842521,2784
20845395,2794
20848278,2779
20851147,2778
20854014,2782
20856883,2777
20859747,2790
20862622,2785
20865498,2781
20868365,2788
20871240,2781
20874107,2780
20876972,2781
20879840,2779
20882704,2794
20885584,2779
20888451,2838
20891374,2788
20894249,2784
20897120,2783
20899992,2779
20902858,2796
20905742,2811
20908686,2782
20911571,2779
20914438,2788
20917314,2786
20920187,2781
20923057,2780
20925931,2779
20928795,2784
20931664,2784
20934559,2781
20937438,2835
20940361,2788
20943240,2783
20946109,2777
20948972,2783
20951839,2779
20954706,2788
20957580,2777
20960446,2789
20963321,2787
20966196,2782
20969072,2782
20971942,2779
20974806,2779
20977675,2778
20980562,2778
20983426,2853
20986365,2788
20989239,2780
20992106,2779
20994975,2781
20997842,2779
21000710,2796
21003591,2783
21006462,2812
21009359,2787
21012235,2781
21015101,2777
21017965,2783
21020834,2778
21023699,2777
21026570,2780
21029439,2796
21032321,2787
21035194,2783
21038060,2779
21040926,2779
21043789,2786
21046663,2781
21049545,2778
21052410,2809
21055303,2777
21058167,2781
21061034,2782
21063908,2781
21066773,2784
21069643,2784
21072536,2779
21075402,2785
21078272,2777
21081135,2777
21083998,2776
21086859,2776
21089719,2822
21092625,2784
21095499,2781
21098368,2788
21101244,2777
21104105,2779
21106968,2779
21109833,2778
21112697,2780
21115581,2782
21118449,2807
21121342,2786
21124212,2778
21127076,2779
21129942,2777
21132806,2780
21135672,2777
21138557,2780
21141421,2797
21144306,2794
21147197,2789
21150074,2780
21152942,2782
21155811,2782
21158682,2775
21161548,2780
21164415,2807
21167309,2787
21170182,2779
21173048,2779
21175913,2779
21178778,2790
21181652,2782
21184541,2781
21187408,2788
21190285,2782
21193152,2780
21196018,2780
21198884,2781
21201753,2786
21204627,2782
21207516,2783
21210386,2789
21213261,2780
21216126,2781
21218994,2779
21221857,2779
21224724,2838
21227646,2782
21230581,2779
21233444,2794
21236326,2791
21239203,2779
21242069,2781
21244935,2778
21247800,2784
21250668,2775
21253537,2781
21256405,2787
21259277,2781
21262146,2781
21265013,2779
21267877,2775
21270740,2799
21273625,2781
21276521,2782
21279390,2791
21282267,2781
21285135,2778
21287999,2780
21290863,2781
21293732,2787
21296606,2779
21299470,2800
21302355,2787
21305227,2780
21308092,2781
21310959,2777
21313820,2777
21316682,2779
21319573,2779
21322438,2813
21325335,2787
21328207,2782
21331082,2787
21333956,2781
21336838,2783
21339708,2840
21342673,2779
21345540,2783
21348411,2806
21351305,2788
21354180,2781
21357048,2781
21359915,2780
21362780,2792
21365658,2781
21368537,2784
21371408,2786
21374281,2780
21377147,2779
21380010,2783
21382880,2778
21385744,2789
21388621,2784
21391523,2782
21394390,2789
21397265,2779
21400131,2779
21402998,2779
21405862,2782
21408730,2785
21411602,2778
21414467,2787
21417341,2789
21420215,2780
21423081,2780
21425946,2776
21428808,2776
21431670,2778
21434560,2778
21437423,2803
21440311,2788
21443185,2781
21446051,2778
21448917,2780
21451784,2787
21454658,2776
21457529,2781
21460396,2788
21463270,2779
21466133,2782
21469001,2780
21471876,2779
21474740,2789
21477615,2783
21480507,2781
21483375,2789
21486251,2776
21489115,2780
21491982,2780
21494846,2780
21497710,2796
21500592,2780
21503459,2792
21506336,2783
21509207,2783
21512074,2780
21514940,2780
21517806,2779
21520671,2776
21523539,2778
21526403,2788
21529279,2777
21532141,2778
21535003,2779
21537869,2778
21540734,2802
21543622,2781
21546554,2782
21549422,2794
21552301,2781
21555167,2782
21558036,2778
21560902,2779
21563768,2787
21566640,2779
21569521,2783
21572390,2800
21575277,2780
21578144,2782
21581013,2780
21583879,2778
21586742,2786
21589613,2780
21592507,2782
21595375,2785
21598245,2780
21601111,2778
21603976,2779
21606839,2779
21609704,2799
21612586,2778
21615450,2813
21618355,2786
21621227,2785
21624099,2781
21626964,2778
21629827,2782
21632694,2782
21635565,2781
21638433,2790
21641313,2786
21644184,2779
21647048,2781
21649917,2780
21652783,2784
21655653,2779
21658537,2781
21661403,2786
21664276,2781
21667145,2778
21670009,2779
21672875,2778
21675740,2800
21678627,2778
21681509,2781
21684377,2788
21687253,2779
21690119,2781
21692988,2782
21695857,2780
21698720,2783
21701590,2783
21704469,2808
21707364,2789
21710240,2782
21713108,2780
21715971,2780
21718837,2778
21721699,2775
21724601,2779
21727468,2802
21730356,2786
21733231,2781
21736097,2778
21738962,2778
21741826,2777
21744689,2779
21747564,2780
21750432,2832
21753348,2788
21756224,2783
21759092,2780
21761958,2778
21764821,2778
21767687,2779
21770577,2777
21773438,2868
21776392,2789
21779267,2778
21782130,2779
21784996,2779
21787860,2779
21790727,2785
21793597,2778
21796460,2832
21799378,2787
21802250,2779
21805116,2779
21807981,2775
21810840,2780
21813705,2805
21816597,2781
21819465,2801
21822352,2786
21825231,2778
21828094,2781
21830959,2783
21833828,2778
21836691,2778
21839562,2777
21842426,2825
21845337,2788
21848213,2780
21851078,2781
21853946,2780
21856811,2780
21859679,2779
21862569,2777
21865431,2847
21868364,2790
21871239,2781
21874106,2779
21876972,2779
21879837,2781
21882707,2786
21885582,2780
21888449,2810
21891344,2789
21894220,2780
21897089,2780
21899954,2780
21902819,2782
21905686,2779
21908574,2781
21911442,2788
21914318,2786
21917192,2779
21920055,2780
21922920,2779
21925785,2787
21928658,2779
21931531,2778
21934393,2785
21937264,2779
21940128,2782
21942996,2776
21945856,2776
21948718,2811
21951614,2773
21954474,2801
21957359,2791
21960236,2779
21963102,2780
21965968,2777
21968832,2780
21971698,2777
21974571,2782
21977439,2834
21980358,2784
21983229,2778
21986093,2777
21988957,2778
21991819,2776
21994681,2781
21997599,2780
22000467,2787
22003342,2789
22006219,2779
22009084,2776
22011946,2779
22014812,2780
22017680,2779
22020572,2777
22023437,2839
22026362,2789
22029238,2781
22032109,2778
22034973,2783
22037839,2782
22040708,2789
22043583,2781
22046450,2790
22049326,2786
22052198,2779
22055062,2778
22057926,2779
22060790,2783
22063659,2780
22066549,2778
22069411,2785
22072292,2779
22075159,2781
22078026,2777
22080889,2778
22083753,2792
22086630,2780
22089502,2781
22092368,2786
22095244,2781
22098111,2778
22100976,2777
22103838,2780
22106704,2818
22109608,2778
22112473,2798
22115354,2785
22118225,2781
22121091,2776
22123956,2780
22126825,2780
22129692,2779
22132570,2780
22135437,2839
22138362,2787
22141236,2778
22144098,2776
22146961,2780
22149826,2778
22152689,2780
22155609,2776
22158473,2788
22161347,2787
22164226,2782
22167093,2773
22169953,2779
22172817,2772
22175675,2779
22178550,2776
22181418,2803
22184307,2790
22187185,2778
22190054,2783
22192923,2781
22195794,2784
22198665,2780
22201536,2780
22204403,2790
22207281,2778
22210146,2782
22213014,2777
22215886,2780
22218751,2784
22221620,2781
22224522,2778
22227393,2789
22230268,2776
22233132,2780
22236000,2779
22238865,2778
22241728,2824
22244639,2776
22247517,2777
22250380,2800
22253266,2778
22256129,2778
22258992,2778
22261857,2777
22264719,2834
22267638,2780
22270522,2779
22273395,2795
22276276,2778
22279140,2779
22282005,2776
22284870,2780
22287734,2783
22290602,2777
22293464,2816
22296371,2787
22299244,2777
22302108,2780
22304974,2778
22307838,2778
22310701,2800
22313588,2779
22316452,2795
22319333,2788
22322207,2777
22325069,2778
22327932,2786
22330818,2786
22333692,2782
22336617,2783
22339492,2786
22342367,2789
22345243,2784
22348112,2781
22350978,2782
22353847,2777
22356711,2796
22359593,2782
22362463,2813
22365362,2789
22368238,2784
22371106,2783
22373975,2781
22376845,2778
22379711,2838
22382634,2779
22385570,2784
22388440,2790
22391316,2787
22394188,2779
22397054,2781
22399922,2778
22402786,2788
22405658,2781
22408544,2782
22411414,2804
22414304,2789
22417180,2781
22420048,2778
22422911,2778
22425775,2786
22428646,2779
22431518,2780
22434384,2786
22437259,2782
22440134,2779
22442998,2780
22445865,2782
22448733,2788
22451609,2779
22454474,2813
22457372,2783
22460242,2782
22463108,2782
22465978,2778
22468842,2778
22471707,2840
22474632,2782
22477522,2781
22480389,2788
22483263,2780
22486129,2777
22488993,2781
22491862,2782
22494730,2786
22497600,2779
22500464,2795
22503345,2784
22506217,2778
22509080,2781
22511947,3110
22515209,2783
22518093,2792
22520973,2782
22523844,2784
22526715,2799
22529601,2779
22532465,2803
22535355,2791
22538238,2781
22541108,2780
22543974,2780
22546839,2781
22549707,2786
22552578,2779
22555443,2791
22558322,2783
22561189,2780
22564054,2779
22566917,2779
22569782,2783
22572653,2779
22575521,2781
22578390,2787
22581261,2777
22584125,2779
22586991,2779
22589856,2780
22592721,2836
22595644,2780
22598531,2778
22601395,2790
22604272,2782
22607141,2780
22610007,2779
22612874,2780
22615741,2788
22618618,2783
22621517,2779
22624383,2785
22627255,2778
22630122,2778
22632989,2781
22635855,2779
22638719,2796
22641606,2775
22644467,2800
22647354,2790
22650231,2779
22653096,2779
22655960,2781
22658828,2780
22661694,2776
22664576,2782
22667443,2808
22670338,2786
22673209,2779
22676077,2775
22678937,2774
22681799,2783
22684667,2779
22687604,2784
22690474,2799
22693359,2791
22696237,2780
22699106,2778
22701969,2778
22704835,2777
22707697,2774
22710561,2781
22713429,2805
22716322,2788
22719196,2778
22722061,2778
22724926,2780
22727792,2784
22730661,2780
22733565,2778
22736431,2789
22739307,2789
22742183,2778
22745047,2777
22747909,2777
22750773,2788
22753645,2778
22756531,2778
22759395,2782
22762264,2780
22765129,2780
22767997,2777
22770858,2774
22773719,2838
22776640,2777
22779574,2779
22782439,2788
22785313,2784
22788183,2777
22791049,2781
22793919,2779
22796783,2786
22799653,2777
22802539,2781
22805406,2788
22808297,2779
22811161,2781
22814030,2778
22816892,2776
22819754,2791
22822631,2783
22825519,2780
22828387,2790
22831263,2780
22834128,2780
22836996,2782
22839864,2779
22842729,2785
22845600,2779
22848465,2810
22851362,2787
22854234,2781
22857102,2780
22859970,2780
22862835,2785
22865706,2806
22868599,2780
22871469,2800
22874355,2788
22877233,2780
22880098,2782
22882966,2780
22885833,2779
22888697,2780
22891578,2783
22894448,2809
22897343,2786
22900214,2780
22903081,2784
22905952,2780
22908818,2780
22911685,2779
22914576,2781
22917443,2811
22920339,2789
22923215,2782
22926084,2780
22928951,2778
22931816,2780
22934684,2780
22937556,2781
22940425,2809
22943320,2783
22946188,2778
22949051,2780
22951919,2780
22954784,2785
22957654,2781
22960539,2782
22963408,2785
22966279,2778
22969142,2778
22972007,2779
22974871,2775
22977731,2828
22980642,2777
22983527,2781
22986397,2786
22989271,2779
22992136,2781
22995002,2780
22997868,2775
23000729,2786
23003602,2781
23006470,2801
23009357,2786
23012229,2782
23015095,2779
23017959,2782
23020826,2776
23023690,2778
23026575,2781
23029442,2876
23032402,2788
23035277,2778
23038140,2775
23041004,2778
23043869,2777
23046735,2791
23049612,2779
23052487,2782
23055356,2785
23058228,2782
23061095,2780
23063963,2779
23066827,2775
23069689,2779
23072616,2781
23075499,2782
23078368,2787
23081242,2779
23084107,2779
23086971,2779
23089838,2779
23092702,2776
23095578,2783
23098447,2808
23101339,2786
23104210,2783
23107104,2777
23109967,2782
23112835,2779
23115702,2791
23118576,2778
23121443,2790
23124319,2787
23127192,2781
23130057,2780
23132923,2780
23135788,2783
23138660,2781
23141558,2780
23144424,2805
23147313,2788
23150188,2782
23153056,2781
23155923,2780
23158790,2786
23161662,2778
23164535,2778
23167399,2788
23170272,2782
23173141,2781
23176016,2780
23178883,2780
23181748,2790
23184624,2780
23187493,2780
23190364,2787
23193236,2777
23196099,2779
23198962,2781
23201829,2778
23204690,2778
23207561,2782
23210429,2834
23213348,2786
23216220,2781
23219088,2781
23221953,2777
23224816,2777
23227677,2778
23230619,2780
23233501,2780
23236366,2793
23239245,2780
23242113,2783
23244984,2781
23247852,2779
23250715,2793
23253596,2783
23256465,2810
23259364,2788
23262238,2778
23265104,2781
23267969,2832
23270921,2781
23273785,2786
23276659,2783
23279533,2781
23282403,2786
23285274,2779
23288138,2782
23291006,2779
23293872,2779
23296735,2836
23299702,2785
23302570,2782
23305439,2788
23308315,2787
23311188,2779
23314051,2781
23316918,2777
23319781,2783
23322650,2779
23325558,2777
23328422,2807
23331315,2789
23334192,2781
23337062,2781
23339930,2779
23342797,2784
23345667,2783
23348544,2781
23351409,2830
23354326,2790
23357204,2782
23360072,2779
23362939,2780
23365804,2780
23368671,2781
23371565,2779
23374431,2828
23377345,2787
23380220,2782
23383086,2775
23385948,2781
23388813,2780
23391679,2780
23394559,2778
23397425,2793
23400302,2774
23403162,2781
23406030,2782
23408900,2780
23411764,2785
23414635,2783
23417527,2783
23420395,2788
23423268,2779
23426135,2779
23429000,2780
23431867,2779
23434732,2799
23437624,2786
23440501,2780
23443370,2790
23446246,2779
23449117,2782
23451986,2779
23454855,2779
23457717,2784
23460588,2782
23463456,2808
23466353,2788
23469227,2780
23472094,2781
23474961,2781
23477827,2783
23480701,2791
23483576,2778
23486440,2826
23489353,2787
23492227,2783
23495097,2779
23497966,2781
23500834,2780
23503701,2790
23506576,2779
23509443,2791
23512320,2787
23515191,2782
23518057,2781
23520930,2775
23523789,2783
23526658,2781
23529539,2776
23532401,2786
23535273,2781
23538140,2777
23541002,2782
23543886,2779
23546800,2785
23549675,2784
23552571,2781
23555439,2838
23558362,2788
23561237,2781
23564105,2780
23566973,2781
23569838,2779
23572703,2788
23575576,2779
23578443,2786
23581316,2787
23584188,2777
23587050,2780
23589917,2779
23592781,2783
23595651,2784
23598540,2781
23601408,2809
23604302,2779
23607167,2779
23610033,2777
23612899,2779
23615766,2786
23618635,2779
23621525,2782
23624395,2787
23627268,2782
23630138,2779
23633002,2779
23635867,2781
23638733,2788
23641607,2782
23644474,2786
23647347,2790
23650221,2779
23653086,2779
23655950,2779
23658816,2780
23661681,2778
23664606,2778
23667490,2785
23670362,2787
23673237,2777
23676098,2777
23678961,2783
23681831,2779
23684696,2779
23687564,2777
23690426,2847
23693358,2786
23696229,2779
23699096,2777
23701960,2781
23704828,2778
23707692,2781
23710567,2778
23713430,2841
23716356,2786
23719235,2779
23722101,2776
23724963,2780
23727828,2778
23730692,2778
23733600,2777
23736465,2789
23739341,2785
23742213,2781
23745079,2777
23747942,2779
23750807,2780
23753675,2778
23756553,2777
23759416,2835
23762335,2789
23765211,2780
23768075,2777
23770940,2780
23773805,2778
23776669,2781
23779554,2779
23782419,2817
23785322,2786
23788196,2780
23791062,2777
23793925,2779
23796789,2782
23799657,2782
23802528,2775
23805390,2788
23808265,2779
23811129,2775
23813988,2777
23816852,2779
23819716,2820
23822622,2776
23825514,2780
23828378,2785
23831249,2779
23834115,2778
23836978,2778
23839843,2781
23842710,2834
23845669,2781
23848551,2781
23851420,2814
23854321,2787
23857197,2777
23860059,2777
23862925,2779
23865788,2786
23868659,2778
23871555,2777
23874419,2792
23877299,2778
23880165,2782
23883031,2778
23885895,2782
23888765,2784
23891637,2778
23894518,2780
23897386,2787
23900258,2779
23903124,2782
23905990,2775
23908851,2824
23911772,2787
23914648,2780
23917537,2780
23920402,2791
23923278,2777
23926142,2779
23929007,2776
23931870,2780
23934734,2797
23937616,2778
23940485,2779
23943350,2794
23946230,2777
23949093,2779
23951958,2777
23954821,2776
23957683,2778
23960571,2781
23963439,2828
23966354,2789
23969230,2781
23972097,2779
23974960,2783
23977827,2778
23980692,2777
23983567,2778
23986432,2827
23989344,2786
23992216,2779
23995081,2780
23997947,2778
24000809,2780
24003674,2776
24006616,2781
24009488,2778
24012350,2790
24015225,2778
24018091,2779
24020955,2778
24023819,2779
24026685,2776
24029572,2779
24032436,2847
24035370,2789
24038246,2782
24041113,2779
24043976,2777
24046838,2778
24049703,2793
24052582,2781
24055450,2798
24058335,2788
24061209,2783
24064078,2779
24066942,2777
24069803,2780
24072671,2776
24075549,2779
24078412,2788
24081285,2783
24084155,2776
24087017,2783
24089887,2780
24092755,2789
24095631,2782
24098521,2782
24101388,2798
24104273,2782
24107142,2781
24110008,2780
24112873,2779
24115737,2797
24118619,2776
24121488,2778
24124352,2782
24127220,2781
24130084,2779
24132947,2774
24135807,2779
24138672,2781
24141545,2778
24144409,2820
24147314,2786
24150187,2782
24153053,2780
24155921,2778
24158783,2786
24161655,2780
24164539,2783
24167408,2788
24170280,2781
24173147,2779
24176012,2780
24178877,2778
24181741,2810
24184636,2780
24187567,2775
24190426,2787
24193298,2779
24196164,2779
24199030,2782
24201896,2778
24204760,2786
24207630,2777
24210519,2776
24213381,2785
24216251,2782
24219120,2779
24221986,2777
24224848,2781
24227713,2821
24230617,2778
24233490,2782
24236363,2790
24239239,2779
24242103,2780
24244967,2779
24247834,2777
24250696,2778
24253569,2780
24256435,2828
24259348,2788
24262221,2780
24265088,2779
24267952,2777
24270817,2780
24273681,2778
24276628,2778
24279520,2784
24282392,2787
24285267,2780
24288132,2777
24290994,2782
24293862,2775
24296725,2833
24299642,2778
24302537,2782
24305406,2785
24308275,2777
24311139,2781
24314005,2775
24316863,2779
24319729,2785
24322599,2778
24325465,2804
24328355,2786
24331227,2784
24334096,2781
24336966,2783
24339836,2775
24342700,2801
24345585,2775
24348447,2787
24351319,2785
24354191,2780
24357056,2780
24359922,2781
24362789,2784
24365657,2780
24368539,2776
24371407,2786
24374280,2779
24377146,2779
24380011,2779
24382877,2776
24385736,2808
24388630,2780
24391513,2779
24394381,2789
24397257,2777
24400120,2781
24402985,2776
24405848,2780
24408712,2791
24411591,2781
24414458,2803
24417346,2790
24420223,2777
24423086,2779
24425953,2775
24428816,2780
24431681,2776
24434610,2774
24437489,2781
24440358,2789
24443234,2780
24446099,2779
24448962,2779
24451827,2777
24454689,2779
24457568,2779
24460433,2791
24463311,2787
24466182,2779
24469045,2780
24471910,2779
24474773,2788
24477648,2778
24480536,2780
24483400,2788
24486273,2779
24489139,2777
24492001,2780
24494865,2779
24497732,2840
24500657,2779
24503591,2780
24506457,2787
24509332,2791
24512210,2780
24515082,2781
24517949,2779
24520821,2779
24523686,2779
24526573,2778
24529438,2839
24532365,2787
24535239,2779
24538105,2777
24540967,2778
24543829,2780
24546696,2779
24549561,2780
24552427,2794
24555309,2788
24558181,2781
24561046,2779
24563912,2779
24566776,2787
24569648,2781
24572557,2781
24575423,2804
24578312,2791
24581191,2783
24584061,2779
24586928,2781
24589802,2780
24592669,2778
24595542,2779
24598406,2785
24601276,2778
24604143,2780
24607010,2779
24609876,2779
24612740,2790
24615616,2779
24618511,2778
24621376,2790
24624252,2781
24627120,2777
24629982,2777
24632844,2780
24635708,2804
24638598,2777
24641460,2787
24644332,2788
24647221,2781
24650088,2778
24652952,2779
24655818,2780
24658683,2778
24661553,2778
24664418,2802
24667305,2786
24670175,2780
24673041,2781
24675907,2778
24678773,2782
24681641,2779
24684528,2780
24687405,2814
24690305,2776
24693169,2781
24696036,2777
24698905,2782
24701773,2787
24704646,2779
24707527,2781
24710394,2798
24713280,2780
24716149,2781
24719014,2774
24721879,2783
24724746,2788
24727619,2775
24730513,2781
24733381,2786
24736254,2778
24739121,2780
24741985,2778
24744847,2780
24747713,2789
24750587,2780
24753454,2787
24756328,2785
24759198,2779
24762062,2779
24764927,2779
24767792,2782
24770660,2779
24773532,2780
24776398,2783
24779266,2782
24782135,2781
24785001,2780
24787868,2781
24790736,2793
24793615,2780
24796506,2781
24799372,2787
24802244,2778
24805108,2780
24807974,2780
24810839,2778
24813702,2808
24816596,2780
24819460,2800
24822345,2792
24825222,2781
24828092,2780
24830958,2779
24833825,2780
24836689,2776
24839556,2782
24842424,2809
24845319,2791
24848195,2777
24851060,2782
24853927,2777
24856791,2786
24859662,2782
24862554,2779
24865419,2786
24868292,2781
24871158,2780
24874022,2780
24876887,2777
24879749,2788
24882622,2780
24885509,2780
24888375,2786
24891247,2781
24894112,2779
24896977,2781
24899843,2778
24902707,2811
24905602,2780
24908470,2846
24911402,2788
24914276,2782
24917145,2777
24920014,2781
24922882,2778
24925748,2785
24928620,2779
24931508,2782
24934376,2786
24937249,2777
24940111,2773
24942972,2778
24945837,2774
24948696,2780
24951568,2777
24954432,2835
24957352,2785
24960224,2779
24963090,2779
24965954,2776
24968814,2778
24971678,2779
24974548,2776
24977409,2795
24980291,2780
24983156,2781
24986021,2777
24988884,2778
24991748,2786
24994619,2782
24997495,2780
25000360,2788
25003232,2777
25006094,2778
25008955,2778
25011820,2779
25014694,2777
25017563,2778
25020428,2834
25023347,2787
25026219,2778
25029083,2778
25031949,2780
25034815,2781
25037683,2777
25040549,2778
25043413,2799
25046298,2778
25049164,2781
25052030,2779
25054893,2779
25057758,2787
25060629,2777
25063521,2778
25066388,2789
25069262,2783
25072135,2778
25074999,2779
25077862,2776
25080724,2786
25083597,2776
25086460,2788
25089334,2786
25092205,2786
25095089,2784
25097963,2781
25100831,2781
25103697,2780
25106614,2782
25109500,2777
25112366,2790
25115242,2779
25118107,2780
25120972,2776
25123835,2779
25126700,2789
25129576,2781
25132448,2786
25135321,2787
25138192,2783
25141061,2779
25143926,2779
25146790,2788
25149663,2785
25152539,2779
25155404,2787
25158278,2781
25161143,2781
25164007,2781
25166875,2780
25169740,2802
25172629,2779
25175567,2780
25178433,2792
25181311,2788
25184185,2781
25187052,2778
25189917,2779
25192780,2785
25195650,2780
25198533,2778
25201398,2787
25204271,2779
25207136,2778
25209997,2781
25212864,2776
25215725,2823
25218633,2779
25221515,2780
25224381,2786
25227255,2779
25230119,2778
25232982,2781
25235850,2779
25238716,2832
25241671,2780
25244546,2777
25247411,2804
25250302,2780
25253169,2783
25256038,2777
25258902,2779
25261766,2788
25264639,2779
25267508,2779
25270374,2789
25273252,2780
25276119,2778
25278982,2782
25281850,2777
25284713,2807
25287605,2778
25290470,2806
25293360,2786
25296232,2779
25299097,2780
25301963,2780
25304829,2780
25307696,2779
25310576,2779
25313438,2792
25316317,2787
25319192,2780
25322059,2776
25324922,2782
25327788,2787
25330662,2780
25333555,2783
25336425,2787
25339300,2779
25342167,2779
25345032,2778
25347894,2783
25350763,2788
25353637,2780
25356509,2780
25359376,2785
25362246,2779
25365110,2777
25367973,2778
25370837,2777
25373700,2777
25376593,2779
25379457,2800
25382352,2787
25385224,2779
25388089,2776
25390952,2780
25393818,2777
25396681,2774
25399553,2780
25402418,2807
25405311,2785
25408183,2778
25411046,2779
25413911,2781
25416776,2787
25419649,2778
25422518,2781
25425384,2785
25428253,2778
25431120,2782
25433988,2778
25436853,2780
25439718,2793
25442596,2782
25445464,2786
25448338,2786
25451210,2777
25454073,2782
25456941,2778
25459805,2780
25462669,2778
25465567,2782
25468436,2834
25471355,2789
25474231,2782
25477100,2779
25479966,2780
25482833,2777
25485695,2779
25488641,2781
25491513,2782
25494380,2785
25497253,2777
25500114,2777
25502976,2779
25505840,2776
25508701,2813
25511599,2780
25514467,2812
25517366,2788
25520239,2780
25523104,2780
25525970,2775
25528831,2776
25531695,2781
25534566,2782
25537435,2838
25540358,2786
25543236,2785
25546111,2782
25548978,2779
25551841,2778
25554705,2788
25557579,2784
25560449,2792
25563328,2789
25566203,2781
25569071,2783
25571940,2778
25574803,2779
25577668,2780
25580561,2779
25583427,2806
25586316,2786
25589187,2779
25592053,2776
25594914,2779
25597779,2787
25600652,2779
25603530,2780
25606396,2785
25609267,2777
25612137,2781
25615006,2778
25617870,2780
25620735,2802
25623622,2779
25626552,2777
25629415,2786
25632286,2781
25635153,2780
25638021,2783
25640889,2781
25643757,2784
25646625,2776
25649503,2777
25652365,2788
25655238,2779
25658107,2779
25660972,2777
25663834,2783
25666702,2783
25669581,2779
25672447,2793
25675323,2786
25678195,2780
25681061,2782
25683929,2780
25686794,2785
25689664,2773
25692533,2781
25695400,2786
25698271,2779
25701134,2779
25703998,2777
25706861,2774
25709721,2838
25712642,2780
25715532,2782
25718398,2787
25721270,2778
25724134,2777
25726997,2778
25729862,2779
25732727,2789
25735599,2779
25738463,2802
25741349,2786
25744222,2780
25747088,2778
25749968,2782
25752836,2779
25755701,2798
25758584,2780
25761454,2787
25764327,2791
25767203,2780
25770067,2777
25772930,2778
25775794,2782
25778664,2778
25781558,2777
25784419,2836
25787340,2789
25790214,2780
25793079,2780
25795947,2779
25798811,2778
25801677,2780
25804559,2784
25807431,2825
25810343,2786
25813216,2782
25816081,2780
25818949,2783
25821819,2779
25824683,2780
25827601,2780
25830472,2787
25833346,2788
25836224,2781
25839089,2775
25841950,2779
25844816,2776
25847679,2780
25850549,2780
25853418,2806
25856308,2781
25859177,2779
25862042,2778
25864906,2778
25867771,2785
25870642,2779
25873522,2780
25876388,2785
25879261,2779
25882127,2779
25884993,2778
25887858,2781
25890725,2824
25893635,2779
25896518,2779
25899382,2789
25902259,2780
25905124,2777
25907986,2780
25910850,2777
25913715,2800
25916602,2781
25919469,2804
25922358,2786
25925231,2779
25928096,2778
25930959,2778
25933823,2782
25936737,2798
25939637,2774
25942507,2788
25945382,2786
25948261,2780
25951130,2780
25953999,2782
25956865,2784
25959737,2791
25962615,2781
25965491,2782
25968359,2791
25971237,2781
25974105,2779
25976971,2779
25979835,2775
25982697,2779
25985574,2778
25988436,2874
25991396,2783
25994266,2780
25997130,2778
25999997,2778
26002860,2777
26005723,2788
26008596,2780
26011463,2810
26014360,2785
26017233,2780
26020098,2779
26022964,2779
26025827,2782
26028693,2779
26031563,2778
26034428,2788
26037301,2778
26040165,2782
26043030,2778
26045894,2780
26048758,2786
26051637,2781
26054531,2782
26057399,2789
26060273,2779
26063139,2776
26066001,2778
26068865,2779
26071731,2824
26074640,2780
26077524,2780
26080389,2788
26083263,2779
26086129,2779
26088995,2779
26091862,2776
26094721,2787
26097594,2782
26100463,2835
26103385,2786
26106257,2777
26109123,2780
26111988,2779
26114853,2782
26117733,2788
26120609,2782
26123478,2783
26126348,2791
26129223,2779
26132088,2783
26134958,2776
26137821,2777
26140683,2778
26143572,2778
26146435,2816
26149339,2791
26152217,2779
26155084,2781
26157951,2780
26160824,2779
26163688,2778
26166572,2786
26169446,2810
26172342,2786
26175213,2777
26178077,2776
26180938,2778
26183802,2782
26186668,2780
26189566,2779
26192433,2792
26195311,2785
26198184,2781
26201052,2777
26203913,2779
26206779,2786
26209651,2777
26212522,2779
26215387,2800
26218272,2775
26221133,2780
26224000,2778
26226863,2780
26229730,2823
26232639,2784
26235536,2783
26238405,2785
26241278,2782
26244146,2779
26247012,2779
26249878,2778
26252744,2810
26255637,2779
26258571,2781
26261438,2791
26264313,2792
26267190,2779
26270057,2781
26272925,2782
26275795,2785
26278664,2778
26281552,2778
26284425,2804
26287313,2784
26290183,2781
26293050,2778
26295916,2784
26298788,2785
26301663,2783
26304575,2779
26307440,2879
26310405,2785
26313277,2783
26316147,2778
26319012,2779
26321876,2779
26324742,2822
26327649,2785
26330535,2804
26333431,2830
26336346,2791
26339227,2780
26342095,2775
26344955,2781
26347823,2778
26350686,2779
26353588,2779
26356455,2792
26359333,2787
26362210,2782
26365078,2778
26367940,2783
26370811,2779
26373677,2777
26376565,2780
26379432,2837
26382357,2789
26385232,2781
26388101,2779
26390965,2777
26393827,2783
26396697,2779
26399563,2781
26402429,2786
26405302,2780
26408168,2782
26411034,2779
26413897,2781
26416765,2786
26419637,2778
26422508,2783
26425375,2784
26428244,2782
26431111,2779
26433978,2778
26436841,2779
26439706,2785
26442577,2781
26445443,2796
26448327,2789
26451201,2780
26454066,2778
26456930,2778
26459794,2783
26462663,2778
26465550,2781
26468416,2806
26471306,2777
26474169,2779
26477034,2777
26479898,2777
26482762,2792
26485649,2777
26488529,2775
26491391,2784
26494260,2778
26497125,2778
26499989,2779
26502861,2779
26505724,2785
26508595,2782
26511464,2805
26514355,2788
26517229,2778
26520093,2792
26523603,2783
26526509,2790
26529391,2789
26532270,2788
26535144,2779
26538013,2783
26540918,2783
26543784,2789
26546664,2781
26549591,2781
26552459,2803
26555348,2789
26558225,2780
26561091,2778
26563956,2781
26566826,2782
26569697,2779
26572563,2781
26575430,2824
26578339,2788
26581215,2783
26584083,2778
26586948,2780
26589813,2781
26592681,2777
26595600,2776
26598464,2792
26601340,2787
26604216,2783
26607086,2775
26609947,2781
26612813,2781
26615681,2781
26618562,2780
26621429,2791
26624306,2790
26627182,2781
26630047,2778
26632911,2779
26635775,2788
26638657,2781
26641545,2780
26644411,2785
26647281,2777
26650145,2779
26653010,2780
26655877,2781
26658743,2782
26661611,2777
26664473,2807
26667367,2788
26670241,2779
26673109,2779
26675972,2776
26678833,2778
26681695,2779
26684574,2780
26687440,2789
26690316,2790
26693192,2779
26696057,2779
26698919,2779
26701785,2786
26704655,2779
26707535,2777
26710398,2786
26713268,2779
26716132,2783
26719002,2778
26721865,2776
26724727,2838
26727651,2779
26730521,2786
26733391,2787
26736266,2778
26739129,2780
26741996,2779
26744861,2779
26747724,2823
26750630,2782
26753520,2780
26756384,2786
26759259,2781
26762125,2780
26764991,2779
26767854,2778
26770718,2784
26773586,2778
26776456,2813
26779356,2787
26782228,2780
26785094,2783
26787966,2782
26790835,2780
26793702,2797
26796585,2779
26799452,2787
26802326,2787
26805199,2780
26808066,2778
26810929,2780
26813802,2781
26816670,2778
26819560,2785
26822433,2848
26825368,2788
26828243,2780
26831110,2780
26833976,2779
26836839,2782
26839707,2784
26842577,2780
26845445,2792
26848323,2788
26851196,2779
26854068,2783
26856938,2779
26859802,2781
26862669,2778
26865584,2780
26868451,2801
26871337,2788
26874211,2778
26877075,2780
26879942,2778
26882806,2779
26885671,2778
26888553,2782
26891422,2818
26894324,2788
26897198,2779
26900062,2777
26902926,2781
26905792,2784
26908666,2780
26911583,2781
26914452,2806
26917346,2789
26920221,2780
26923086,2781
26925956,2780
26928823,2781
26931689,2780
26934573,2779
26937440,2839
26940362,2786
26943235,2781
26946100,2777
26948965,2781
26951831,2783
26954699,2779
26957570,2780
26960438,2789
26963311,2786
26966182,2781
26969047,2778
26971912,2777
26974773,2785
26977646,2783
26980537,2780
26983406,2818
26986311,2788
26989186,2780
26992051,2781
26994921,2780
26997786,2785
27000656,2781
27003535,2780
27006402,2787
27009275,2777
27012139,2778
27015002,2776
27017862,2778
27020724,2805
27023615,2781
27026500,2780
27029365,2791
27032244,2781
27035112,2781
27037979,2783
27040849,2783
27043718,2831
27046635,2778
27049562,2781
27052430,2793
27055309,2786
27058180,2779
27061047,2781
27063915,2782
27066784,2785
27069654,2782
27072539,2781
27075408,2785
27078279,2778
27081144,2778
27084009,2779
27086873,2778
27089736,2855
27092676,2780
27095556,2782
27098426,2789
27101303,2781
27104168,2779
27107033,2780
27109900,2778
27112763,2786
27115635,2778
27118524,2780
27121391,2784
27124261,2781
27127129,2778
27129992,2778
27132857,2781
27135724,2833
27138679,2780
27141559,2783
27144431,2827
27147346,2787
27150221,2782
27153090,2779
27155957,2782
27158824,2777
27161688,2781
27164572,2781
27167439,2793
27170319,2788
27173194,2779
27176059,2778
27178923,2782
27181791,2784
27184660,2784
27187553,2786
27190428,2806
27193322,2790
27196201,2780
27199069,2782
27201937,2782
27204812,2782
27207681,2781
27210556,2780
27213426,2787
27216301,2779
27219167,2782
27222043,2781
27224910,2780
27227776,2787
27230652,2780
27233536,2781
27236402,2786
27239273,2780
27242141,2781
27245009,2776
27247869,2778
27250734,2833
27253651,2779
27256584,2776
27259446,2794
27262327,2787
27265202,2781
27268071,2783
27270984,2786
27273856,2782
27276726,2825
27279638,2780
27282539,2782
27285409,2804
27288301,2780
27291169,2780
27294034,2779
27296897,2780
27299765,2789
27302640,2779
27305513,2780
27308379,2788
27311253,2780
27314117,2782
27316983,2779
27319847,2779
27322713,2798
27325597,2781
27328465,2809
27331359,2791
27334238,2783
27337106,2784
27339978,2781
27342844,2777
27345710,2810
27348604,2779
27351468,2809
27354362,2788
27357236,2779
27360099,2778
27362963,2779
27365829,2778
27368693,2781
27371563,2784
27374431,2823
27377340,2786
27380214,2779
27383077,2778
27385944,2779
27388807,2778
27391671,2780
27394564,2779
27397430,2828
27400345,2786
27403221,2782
27406089,2780
27408956,2782
27411824,2778
27414690,2780
27417558,2778
27420424,2797
27423307,2786
27426180,2782
27429046,2779
27431912,2781
27434778,2788
27437652,2780
27440535,2783
27443404,2789
27446276,2780
27449144,2780
27452009,2776
27454873,2780
27457737,2795
27460618,2777
27463500,2780
27466366,2785
27469237,2778
27472102,2780
27474970,2782
27477839,2780
27480702,2786
27483618,2780
27486499,2779
27489366,2786
27492239,2779
27495105,2781
27497970,2778
27500833,2778
27503697,2776
27506562,2778
27509427,2789
27512301,2778
27515163,2776
27518025,2777
27520887,2778
27523752,2789
27526626,2778
27529523,2778
27532388,2782
27535258,2779
27538122,2781
27540990,2779
27543853,2777
27546716,2841
27549642,2779
27552575,2780
27555440,2787
27558312,2788
27561185,2777
27564054,2781
27566920,2779
27569789,2786
27572658,2778
27575529,2784
27578400,2784
27581270,2780
27584135,2778
27587001,2779
27589876,2777
27592738,2803
27595625,2778
27598510,2780
27601376,2785
27604249,2782
27607118,2779
27609982,2780
27612845,2783
27615715,2788
27618589,2778
27621457,2791
27624334,2783
27627202,2781
27630067,2777
27632931,2777
27635792,2781
27638660,2781
27641557,2778
27644421,2835
27647342,2785
27650213,2779
27653076,2777
27655941,2780
27658807,2778
27661671,2780
27664551,2779
27667418,2804
27670307,2784
27673178,2779
27676043,2779
27678910,2779
27681775,2786
27684646,2778
27687537,2777
27690402,2786
27693274,2779
27696139,2777
27699000,2777
27701863,2781
27704731,2885
27707704,2786
27710575,2779
27713440,2794
27716321,2786
27719193,2779
27722057,2777
27724921,2779
27727784,2781
27730652,2779
27733557,2780
27736424,2802
27739311,2783
27742180,2777
27745044,2776
27747908,2775
27750769,2789
27753642,2783
27756575,2778
27759441,2786
27762312,2785
27765183,2781
27768050,2781
27770918,2779
27773784,2787
27776656,2778
27779537,2779
27782404,2800
27785291,2780
27788157,2779
27791023,2776
27793884,2780
27796750,2802
27799638,2779
27802524,2777
27805389,2790
27808265,2778
27811129,2781
27813996,2779
27816863,2780
27819727,2821
27822636,2780
27825532,2779
27828398,2786
27831269,2779
27834135,2777
27836998,2778
27839861,2781
27842729,2820
27845634,2782
27848519,2783
27851388,2786
27854259,2777
27857123,2782
27859992,2779
27862859,2775
27865718,2784
27868588,2775
27871449,2809
27874345,2786
27877215,2779
27880080,2778
27882945,2773
27885805,2781
27888671,2780
27891564,2782
27894431,2837
27897362,2787
27900235,2781
27903103,2781
27905969,2777
27908831,2778
27911694,2775
27914571,2783
27917440,2789
27920322,2786
27923193,2777
27926055,2781
27928920,2780
27931786,2785
27934656,2775
27937523,2779
27940387,2785
27943258,2778
27946122,2777
27948985,2780
27951852,2777
27954715,2797
27957608,2783
27960477,2804
27963366,2790
27966243,2775
27969103,2773
27971963,2780
27974829,2774
27977690,2779
27980574,2780
27983438,2811
27986334,2786
27989206,2775
27992066,2777
27994929,2778
27997794,2781
28000662,2779
28003541,2778
28006405,2785
28009277,2777
28012140,2780
28015007,2777
28017871,2780
28020738,2784
28023608,2783
28026476,2813
28029376,2786
28032247,2776
28035110,2780
28037977,2779
28040841,2777
28043701,2783
28046589,2779
28049456,2787
28052330,2790
28055206,2777
28058070,2780
28060934,2778
28063800,2782
28066668,2778
28069568,2782
28072436,2831
28075354,2790
28078229,2779
28081096,2777
28083958,2776
28086821,2780
28089686,2778
28092610,2782
28095473,2791
28098349,2786
28101223,2783
28104093,2780
28106959,2779
28109823,2779
28112689,2779
28115568,2778
28118431,2847
28121362,2788
28124236,2780
28127101,2775
28129964,2779
28132828,2775
28135688,2781
28138574,2778
28141439,2837
28144362,2787
28147235,2781
28150104,2777
28152968,2778
28155831,2780
28158697,2779
28161581,2783
28164448,2845
28167380,2785
28170253,2783
28173123,2775
28175984,2780
28178848,2778
28181712,2786
28184584,2778
28187448,2789
28190324,2785
28193193,2779
28196057,2780
28198922,2777
28201784,2782
28204651,2778
28207535,2778
28210398,2784
28213268,2778
28216132,2777
28218994,2776
28221857,2779
28224721,2832
28227675,2780
28230554,2780
28233421,2789
28236299,2780
28239163,2780
28242031,2780
28244899,2777
28247761,2785
28250632,2781
28253526,2779
28256389,2786
28259260,2781
28262128,2784
28265001,2777
28267863,2778
28270726,2826
28273635,2778
28276525,2781
28279393,2786
28282268,2779
28285132,2777
28287995,2778
28290857,2779
28293723,2788
28296598,2780
28299471,2787
28302342,2790
28305218,2783
28308086,2782
28310956,2775
28313816,2776
28316680,2779
28319564,2777
28322427,2842
28325362,2786
28328234,2782
28331107,2780
28333976,2778
28336840,2778
28339705,2786
28342576,2779
28345442,2824
28348351,2786
28351226,2782
28354094,2778
28356960,2780
28359827,2776
28362689,2780
28365580,2782
28368449,2802
28371337,2790
28374215,2780
28377081,2779
28379946,2781
28382812,2779
28385676,2777
28388543,2779
28391408,2785
28394278,2779
28397141,2777
28400002,2777
28402867,2780
28405734,2799
28408619,2777
28411500,2782
28414368,2790
28417244,2779
28420112,2779
28422977,2779
28425847,2777
28428708,2781
28431574,2778
28434438,2842
28437378,2796
28440265,2787
28443142,2783
28446010,2778
28448881,2780
28451747,2788
28454622,2778
28457493,2780
28460360,2787
28463232,2780
28466099,2781
28468966,2775
28471829,2778
28474693,2780
28477572,2779
28480435,2804
28483324,2791
28486202,2778
28489068,2779
28491932,2782
28494801,2782
28497667,2777
28500545,2787
28503472,2803
28506409,2801
28509332,3064
28512537,2792
28515425,2848
28518366,2791
28521250,2785
28524125,2784
28526997,2783
28529866,2781
28532737,2791
28535618,2781
28538495,2783
28541366,2786
28544239,2782
28547108,2781
28549977,2778
28552840,2777
28555705,2820
28558610,2778
28561474,2810
28564369,2789
28567244,2781
28570112,2778
28572976,2778
28575843,2783
28578713,2786
28581583,2780
28584450,2841
28587376,2783
28590252,2781
28593120,2781
28595988,2781
28598856,2779
28601722,2785
28604592,2780
28607460,2788
28610335,2785
28613206,2787
28616083,2787
28618957,2781
28621824,2814
28624728,2839
28627654,2782
28630590,2781
28633457,2791
28636335,2790
28639213,2778
28642080,2779
28644944,2781
28647813,2781
28650679,2780
28653563,2785
28656434,2835
28659357,2790
28662233,2778
28665099,2780
28667964,2777
28670826,2780
28673690,2777
28676572,2781
28679438,2831
28682357,2789
28685232,2778
28688097,2782
28690963,2781
28693840,2778
28696703,2792
28699582,2781
28702449,2802
28705336,2790
28708212,2778
28711075,2782
28713943,2779
28716807,2778
28719672,2777
28722562,2782
28725426,2801
28728313,2793
28731192,2779
28734058,2780
28736922,2779
