1880,3459
2160,2969
2364,5017
2570,7467
2793,4733
2996,4474
3200,3665
3441,3680
3707,3221
4711,2864
4940,3632
5452,2866
5687,2874
5896,4663
6101,2993
6323,3837
6550,3188
6840,3072
10290,3204
10938,2927
11323,2948
11484,3218
11627,3236
11929,3286
12069,3331
12218,3540
12459,3397
12605,3364
12700,3573
12758,3341
12912,3450
13017,4018
13062,4032
13199,4186
13316,3587
13684,3620
13782,3407
13914,3360
14045,3514
14073,3576
14198,3577
14579,3999
14718,3904
14870,3571
14899,4219
15047,4212
15239,3968
15716,3661
16416,3833
16560,3636
17119,3337
17409,3129
18031,2901
18268,3727
18302,3695
18458,3603
18944,3203
19207,3366
19298,3481
19447,3269
19458,3386
19709,3561
20170,3372
21241,3676
21441,3529
21611,3638
21707,3463
21773,3393
21868,3754
22060,3651
22212,3577
22236,3653
22370,3851
22531,3739
22626,3718
22954,4213
23129,4030
23265,3728
23386,3546
23887,3439
24261,3580
24415,3483
24602,4198
24749,3382
24843,3416
24981,3392
25012,3509
25460,3679
26064,3492
26223,3510
26360,3744
26379,3872
26585,4238
26697,5004
26843,3695
27017,4360
27161,4267
27569,4077
27588,3890
27722,3940
28577,3290
28600,3377
28793,3302
28979,3185
29036,3294
29176,4163
29212,3418
29324,3400
29396,3666
29536,3483
29962,3606
30157,3463
30321,3995
30475,3893
30652,3765
30916,3848
31088,3846
31735,3842
32383,4169
32438,3814
32486,3343
32930,3006
33149,3654
33172,3635
33394,3367
33442,3834
33583,3645
33783,3281
33984,3402
34142,3326
34245,3331
34383,3366
34538,3758
34580,3433
35753,3363
35924,2857
36078,3092
36278,2964
37422,3107
38390,2891
38874,2891
39028,3042
39210,3090
39293,2910
39458,2888
39605,3010
39701,3503
39835,3513
39871,2863
40002,2823
40182,3561
40629,3436
40720,2979
40903,3001
41028,3259
41189,3200
41404,3159
41537,3649
41589,3971
42688,2856
42898,3002
43041,3366
43182,3277
43320,3195
43463,3245
43607,3882
43777,3433
43938,3606
44162,3457
44310,3450
44470,3377
44701,3232
46070,3000
46205,3139
46370,3038
46527,3032
46633,3387
46693,3572
46856,3324
47288,3109
47707,3334
47980,2974
48120,3129
48255,3241
49526,3096
49624,3376
49835,2989
49919,3156
50063,3080
50332,2887
50489,2939
50508,2992
50688,3801
50832,3706
50854,3414
51014,3465
51135,3695
51290,3852
51328,3936
51470,4694
51615,3850
51682,3875
51882,3807
53956,3343
54016,3678
54102,3496
54165,4594
54316,4704
54404,4127
54526,4235
54701,4393
54847,4277
54984,4220
55009,3942
55295,3960
55498,3814
55685,3755
55827,3701
55987,3672
56098,3796
56208,3617
56229,3831
56379,3795
56514,3743
56645,3867
56870,3775
57092,4262
57237,3922
57429,3746
57535,3734
58071,3421
58269,3721
58454,3869
59240,3793
59563,3789
59701,3715
59962,4620
60198,4521
60314,4510
60615,3982
60694,3618
60950,4026
61238,3689
61463,3414
61631,3488
61712,3313
61869,3347
62050,3332
62305,3869
62435,4006
62448,3339
62576,3412
62580,3508
63018,3175
63355,2932
63459,2960
64821,3468
65035,4127
65164,4147
65588,3949
66518,3243
66565,3491
66724,3019
66894,3085
67208,3106
67323,3039
67558,2974
67612,3144
67711,3025
67816,3380
67819,3162
67967,3281
68124,3174
68153,3406
68285,3576
68330,3639
68486,3536
68626,3445
68676,3485
68792,3454
68923,3456
69363,3389
69415,3702
69568,5239
69877,4457
70605,3952
70861,4239
71027,4225
71054,5430
71198,5219
71338,5210
71470,4758
71595,4646
71614,5100
71698,4923
71801,4702
73399,3418
73576,3345
73748,3267
73858,3272
73912,3469
74075,3470
74232,3928
74395,3821
74547,3560
75339,3169
75518,3431
75760,3241
76023,3292
76278,3090
76837,3351
76996,3257
77149,3202
77232,4272
77274,4312
77799,3932
77940,3894
78157,3727
78312,3619
78493,3289
78560,3198
78980,3000
79237,2913
79381,3195
79502,3159
80082,3088
80230,3031
80766,3246
80956,3638
81094,3793
81144,3822
81191,4368
81245,4541
81300,4587
81349,5109
82343,4012
82529,4022
82755,3924
83540,3780
83557,3727
83684,3676
83837,3662
83888,3683
84033,3619
84059,4130
84159,3672
84277,4155
84298,3890
84429,3848
84752,3863
84895,3826
85034,3741
85151,3907
85278,4308
85386,4221
85412,4395
85556,4311
85602,4140
85936,4451
86114,4325
87126,4248
87656,3727
87811,3512
88011,3697
88228,3533
88388,3496
89422,3866
89459,3826
89615,4512
89738,4266
89883,3986
90005,3930
90140,3855
90187,3859
90343,3885
90523,3802
90677,3843
91916,2919
91934,3012
92081,2936
92226,3022
92250,3093
92328,3107
92414,3324
92462,3380
92559,3409
92598,3471
92711,3448
92744,3512
92876,4377
92902,5462
92965,4378
93106,4424
93126,5432
93312,5297
93507,5524
94442,4719
96754,2985
96935,3121
97100,3254
97467,3216
97467,3448
97705,3545
98512,3339
99108,2885
99316,3059
99505,2987
99780,2769
99943,2949
100129,3486
100187,3180
100263,3263
100453,3394
100482,3465
100706,3336
100754,3570
100893,3855
101029,3635
101215,3280
101393,3405
101543,3304
101908,3017
102470,3088
102681,3810
102847,3360
102974,2887
103194,3708
103338,2845
103468,2957
104146,3279
104570,3268
104701,3232
104844,3197
104982,3413
105013,3200
105182,3331
106018,3111
106237,3021
106255,3366
106823,2880
106930,2848
107003,2872
107070,2923
107199,3240
108010,3375
108073,3856
108223,3601
108248,3821
108461,3764
108603,3914
108618,3662
108664,3728
109353,3356
110265,3008
110287,3192
110485,3437
110896,3616
110941,3133
111024,3751
111093,3565
111204,3438
111214,3667
111442,3836
111607,3752
111767,3687
111911,3649
112465,3835
112566,3561
112727,3452
112868,3363
113205,3216
113364,3239
113489,3360
113719,3314
113964,3287
114147,3293
114299,3792
114344,3824
114410,3295
115315,3201
115590,3863
115916,3024
116108,3200
116363,3714
116534,3465
116563,3359
116669,3566
117525,3358
117678,2862
117898,2901
118140,3069
118294,3090
118312,3158
118480,3283
118621,3662
118667,3358
118686,3649
118871,3800
120379,2998
120438,3392
120628,3332
120881,3163
121038,3289
121414,3000
121562,3473
121602,3790
121671,3421
121873,3433
122012,3775
122053,3814
122128,4483
122329,3708
122486,3695
122509,4215
123103,3721
123128,3648
123268,3632
123390,3598
124034,3448
124420,2878
124576,3176
124903,3205
125063,3907
125132,3803
125272,3717
125420,3620
125582,4151
125614,4592
126132,4126
126358,3949
127537,3216
127584,3088
127717,2875
127833,3292
128007,3101
128152,3154
128184,3215
128795,2964
129039,2907
129186,2917
129324,3137
130088,2887
130297,3163
130459,3390
130508,3604
130937,3781
131152,3619
131427,3396
131532,3599
131891,3598
132277,3264
132732,3107
132903,3199
133084,3014
133132,3157
133258,3983
133264,3332
133289,3256
133416,3257
133506,3298
133671,4034
133683,3546
133716,3937
134348,3548
134369,4164
134566,3606
134774,3899
134958,4008
135194,3822
135395,3672
135674,3730
136414,3415
136871,3010
136913,3089
137081,3545
137308,3442
137478,3336
137551,3382
138052,3380
138221,3278
138312,3404
138343,3417
138444,3716
138505,3813
138575,3499
138714,3511
138860,3664
139000,3907
140104,3235
140135,3805
140310,3515
140465,3413
140496,3367
140830,3098
141042,3055
141209,2954
142983,3028
143159,2903
143422,3114
144009,3045
144137,3168
144307,3071
145181,2816
145333,2958
145536,2948
145559,4144
145729,3221
145770,3452
145790,3967
145840,3128
146253,3699
146475,3265
146625,4158
146675,3464
146823,3762
146853,3986
146969,4144
147440,3610
147583,3564
147796,3493
147990,3599
148132,4522
148592,3576
148618,4172
148803,3194
149263,3779
149302,3645
149325,3640
149790,3363
149830,3413
149952,4185
150109,3950
150486,3701
150610,3625
150614,3884
151432,3832
151617,3749
151662,3352
151724,3361
152264,3051
152487,3082
153472,2911
153623,2976
153885,3332
153907,3392
154145,3345
154272,3873
154474,3530
154600,4021
155046,3313
155220,3350
155542,3188
156179,2876
156201,2944
156695,2911
156891,2997
157089,3775
157236,3682
157379,3704
157599,3367
157840,3278
158001,3613
158186,3780
158349,3560
159220,2972
159240,2999
159383,3347
159408,3538
159553,3438
159762,3467
159807,3589
160007,3314
160145,3586
160204,3645
160682,3600
161621,3563
161680,2914
161838,2892
161982,3191
162266,3044
162309,3181
162416,3410
162581,4587
162869,3343
163013,3541
163062,3828
163204,4015
163547,4149
163663,4070
163845,3941
164183,3752
164617,3344
164965,3245
165206,3167
166045,2972
166202,3595
166370,3379
166391,3501
166485,3771
166704,3697
166872,4325
167010,3762
167359,3950
167528,3717
167760,3635
168679,2835
168846,2914
168917,3095
169049,3069
169085,2880
169227,3275
169371,3303
169512,4359
169688,3220
169981,3954
170134,4114
170301,4139
170483,3146
170849,3103
171134,3134
172223,2912
172313,3088
172689,3153
172821,3102
172940,3352
173574,3252
173696,3535
174083,3250
174103,3698
174277,3342
174468,3633
174499,3542
174632,3521
175549,2812
175706,3432
175843,3242
175973,3213
175991,3445
176133,3355
176152,4405
176322,3769
176341,3783
176460,4715
176607,4479
176621,4709
176710,4275
176841,4234
177013,4279
178873,2881
179043,3023
179248,3760
179275,3800
179420,3814
179557,3758
179617,4106
179670,3755
179848,3874
180223,3578
180391,3729
180420,4285
180570,4187
180684,4472
180839,3788
182339,3119
182380,3146
182530,3189
182715,3443
182875,3335
183016,3515
183836,3091
183962,3553
184076,3992
184243,4012
184420,3548
184458,3849
184583,3824
184790,3568
184805,3466
185970,3353
185999,3425
186175,3107
186317,3389
186369,3463
186477,3412
186543,3426
186632,3907
186688,3550
186835,3654
187085,3534
187225,4122
187277,4017
187867,3877
188095,4386
189006,3444
189162,3372
189355,4174
189535,3893
189752,3728
189908,3710
189958,4100
190175,3605
190446,3601
190708,3428
190829,3408
190907,3635
191082,3545
191109,3633
191250,3562
191392,3499
191446,3554
191512,3566
191589,4135
191757,3525
191952,3486
192093,3476
192311,3320
193119,3365
193269,3479
193294,3813
193458,3701
193623,3668
195573,3301
195706,3277
195758,3222
195916,3039
195934,3191
196076,3095
196109,3147
196253,3262
196580,3673
196734,3238
196948,3386
196996,3625
197447,3425
197952,3004
199810,3268
200020,3428
200301,3243
200449,3352
200475,3252
200665,3242
200834,3183
200909,3344
201061,3163
201121,3397
201275,3357
201418,3330
201441,3440
201536,3575
201579,3909
201667,4148
201690,4001
201790,4089
201938,3811
201961,4291
202100,4004
202142,4428
202230,4670
202343,4076
202469,4554
202611,4358
203026,4000
204125,3319
204286,3509
204321,3642
204414,3759
204691,4290
204929,4116
205189,3921
205349,4378
205471,4326
205629,4255
205947,4341
206077,4121
206197,4024
207512,2953
207724,3222
208318,2778
208471,3381
208605,3574
208724,3403
208878,3082
209112,3117
209248,3031
209423,3131
209575,3806
209984,3562
210320,3592
210477,3633
211492,2869
211679,3254
211884,3136
212074,3276
212231,3206
212367,3168
212390,3229
212460,3800
212605,3380
212672,3702
212807,3630
212868,3438
212965,3548
213015,3542
213083,3536
213217,4059
213337,3994
213467,3913
218126,3867
218177,3282
218301,3973
218380,3229
219115,2883
219516,2880
219684,2810
219861,3148
220049,2933
220163,2837
220335,2824
220369,2883
220521,2823
220621,3835
220689,2892
220716,3146
220837,3341
220995,3408
221015,3425
221269,3587
222026,3155
222053,3344
222336,3377
223397,3094
223436,3224
223718,3137
223897,3076
224223,3087
224274,3126
224496,3759
224548,3412
224694,3361
224702,3496
224866,3927
224990,3751
225093,3445
225239,3602
225411,3478
225745,4104
225829,3299
225956,3274
226134,3959
226159,3406
226337,3466
227345,2953
227498,2974
227521,2992
227936,2938
228307,3454
228463,3349
228607,4985
228690,3718
228850,3618
229474,3868
229606,4274
229663,4159
231182,4184
231251,3057
231291,2980
231437,4019
231522,3020
231568,4186
232067,3131
232085,4979
232236,4620
232438,3441
232742,3280
232963,3315
233197,3180
233339,3193
234533,3178
234917,4211
234920,3042
234945,4465
235385,4450
235413,4562
235446,4973
235476,3008
235480,5218
235499,5388
235551,5532
235597,3138
236557,4595
236596,4155
236664,3809
236747,4094
236929,3861
237215,3765
237567,3925
237703,3872
237856,3869
237998,3840
238829,3120
239013,4104
239194,4055
239246,3203
239326,3872
239443,3256
239601,4490
239875,4348
240041,4117
240237,4037
240977,3922
242033,3830
242906,2905
242948,3643
243110,3117
243239,3153
243377,3733
243425,4274
243519,4088
243561,4188
243593,4629
243623,4544
243871,4121
244259,4155
244399,4142
244530,4338
245249,3503
245405,3418
245424,3506
245563,3724
245588,3684
245719,3676
245858,3689
246024,3962
246041,4213
246184,4121
246316,4903
246446,4870
246548,4366
246717,4694
246903,4597
247082,4654
247236,5103
248708,3960
248878,4011
248997,3924
249118,3679
249348,3588
249521,3566
249706,3765
249726,3905
250037,3687
250224,3548
250377,3740
250418,3970
250498,4112
250565,4459
250692,4611
250828,4085
251044,4834
251501,3914
251891,4513
251926,3560
252097,3632
252386,3436
252682,3420
252954,3198
254138,3300
254155,2976
254303,3640
254448,3547
254693,3607
255128,3711
255152,3818
255917,3329
255940,3307
256124,3330
256293,3674
256433,3734
256457,4552
256573,3934
258171,2965
258194,3139
258310,3798
258373,3097
258536,3416
258666,3498
258812,3402
259000,3792
259073,3769
259290,3641
259306,3740
259454,4766
259550,3611
259800,3571
260005,3886
260206,3803
260449,3732
260550,3510
260701,3472
262579,3220
263028,3765
263283,4910
263445,3537
263828,3374
264052,4217
264252,4104
264283,3499
264441,3536
264585,4167
264696,4102
264743,3818
264899,4230
264921,3926
265062,3872
265201,4089
265356,4023
265502,3929
265622,4128
265685,4311
265850,3992
266659,3388
266816,3559
266833,3784
267005,3554
267036,3630
267165,3641
267315,5026
267336,5450
267436,4975
268021,5039
268048,4668
268204,4635
268354,4751
268502,4652
268590,5180
268815,5148
268966,5184
269017,5244
269140,5179
270852,3568
270898,3664
271047,3568
271204,3790
271339,3603
271489,3954
271665,3726
271693,4498
271854,4279
271879,4483
272139,4620
272744,4350
273044,4063
273199,3831
273223,4292
274759,3122
274801,3351
274955,3348
275107,3327
275177,3552
275234,3459
275309,3730
275465,3499
275648,3812
275675,3895
275784,3883
275934,3948
275962,4088
276104,4246
276248,3993
276299,3832
276539,3974
276581,3907
277232,3455
277247,3986
277358,3458
278787,2831
279867,3281
281318,3303
281488,3278
281936,3340
282116,3362
282274,3255
282439,3465
282600,3673
282721,3808
282753,3249
282897,3475
282920,3253
283050,3471
283209,3263
283362,3354
283514,3556
284010,3004
284026,3148
284160,2966
284191,3152
284303,3091
284442,3408
284545,3367
284947,3166
285114,3081
285142,4172
285315,3247
285346,3416
286156,3331
286997,3282
287188,3144
287320,3299
287439,3265
288075,3990
288237,4143
288256,3685
288398,3940
288465,3797
288589,3905
289168,3453
289795,3347
289950,3399
290113,3931
290133,3835
290294,4196
290440,4264
290460,4100
290580,4226
290696,7237
290774,4675
290956,7582
291380,7706
291527,8822
291675,8679
291806,8644
292118,9061
292626,8706
292798,9188
293169,8921
293225,8883
293411,8793
293433,8863
293573,8805
293591,9214
293812,8670
294040,8788
294163,8716
294321,8620
294515,8471
294790,8587
295765,7824
295896,7808
296046,7856
296070,7450
296236,7226
296258,7702
296395,7441
296417,7347
296560,7303
296712,7268
296888,7242
297059,7486
297227,7299
297397,7927
297626,7786
298035,7527
298336,7655
298577,7451
298616,8053
298683,7122
298822,7073
298960,7076
299094,7038
299248,6990
299369,6992
299498,6982
299727,7072
300128,7827
300149,7840
300441,7840
300626,7447
301082,7380
301399,6984
301411,6969
302590,7601
302619,7485
302841,7388
303071,7628
304588,5828
304609,5988
304963,5792
305192,5707
305361,5673
305531,5594
305861,5358
306087,5210
306250,5271
307242,4330
307268,4334
307398,4325
307534,4653
307554,4993
307624,5238
307685,5115
307789,5229
308104,4965
308451,4691
308513,4674
308575,4976
308712,4763
308853,4963
308985,5576
311320,4886
311350,4397
311688,4151
311841,4085
311857,4154
312004,4745
312020,5265
312203,5218
312361,5602
312401,5146
312546,5742
312668,5695
312704,5429
312817,5968
312984,5854
313106,5480
313308,5086
313403,5541
313528,5053
313627,5071
313661,5217
313802,5193
313876,5143
313974,5092
313998,5396
314247,5250
315504,4738
315550,4242
315689,4719
315896,4647
316035,4460
316059,4279
316241,4690
316393,4800
316578,5203
316783,4346
316935,4248
317085,4837
317126,5756
317159,5617
319137,4149
319206,4011
319557,4585
319574,4384
319693,4409
319731,4571
319772,5100
319908,4297
320057,4702
320194,4762
320492,4904
320614,5308
320833,5138
321237,5580
321603,4876
321779,4410
321971,3940
322109,4032
322196,4511
322248,4460
322900,3860
323767,3789
323964,4127
324184,4070
324377,4026
324398,4162
324548,4200
324594,4631
325225,4124
325430,4006
325476,4052
325915,3688
325983,3733
326046,3753
326182,3730
326365,4526
326385,3938
326896,4269
327091,3348
327110,3424
327251,3599
327396,3820
327420,4150
327552,4071
327684,4012
327812,3940
327964,4035
328132,3959
328295,3889
329920,3596
330063,3548
330447,3539
330989,3301
331048,3542
331195,3406
331335,3522
331390,3553
331523,3532
331711,3473
331854,3568
333021,3044
333209,3074
333369,3207
334400,2876
334605,3607
335217,3090
335334,3994
335463,3445
335537,3779
335691,3395
335854,3690
336004,3446
336142,3732
336294,3696
336440,3837
336591,3978
336690,3696
336837,3636
336979,3703
337676,3324
338388,4330
338596,3826
338723,3170
339003,3307
339165,3344
339426,3285
339609,3443
339616,4260
340045,3104
340052,3171
340214,3282
340377,3184
340527,3209
340702,3092
341147,3016
341322,3052
341479,3126
341714,3196
341720,3289
341885,3274
342047,3307
342350,3563
342733,3126
343461,3072
343905,3104
344037,3026
344174,3269
344201,3593
344428,3311
344501,3654
344662,3558
344816,4157
344962,4290
345099,4037
345238,3949
345377,3958
345515,3886
345530,3842
346378,3364
346566,3261
346910,3264
347127,3097
347136,3184
347550,3385
347936,3052
348172,3934
348331,4233
348368,4121
348602,4553
348729,4400
349036,3286
349159,3438
349477,3301
349679,3524
349900,3352
350279,3022
350457,3235
350696,3544
350762,3935
350805,4570
351078,2790
351406,3137
351857,3044
352246,3324
353977,3743
354065,3100
354115,3137
354241,3333
354324,3520
354361,3414
354881,2997
355029,3196
355055,3522
355151,3241
355212,3587
355293,3248
355408,3325
355432,3548
355567,3527
355883,3411
356033,3465
356136,3624
356186,3426
356330,3380
356475,3602
356493,3769
356696,3851
356808,3950
356899,3982
358364,3834
358610,3894
358632,3938
358677,3706
358937,3737
359143,3632
359336,4277
359531,4164
359708,4036
359879,4020
359908,4401
360073,4032
360091,4245
360548,3867
360621,4444
361523,4980
361542,3695
362025,3440
362877,3141
363023,3082
363186,3005
363335,3832
363399,3692
363457,3631
363675,3681
363866,5875
363993,4715
364141,4035
364179,4158
364389,4092
364534,4243
364553,4328
364723,5071
364875,5001
364899,5527
366995,2931
367539,3160
367741,3091
367801,3177
367983,4237
368151,4129
368319,4012
368482,4043
368964,3580
369143,3628
369297,3562
369455,3496
370251,2982
371065,3129
371082,3398
371231,3255
371486,3374
371507,3444
371678,3714
371721,3998
371861,3805
372000,3769
372046,4282
372166,4263
372301,4078
372364,4422
372565,4279
372713,4237
372907,4152
373047,4106
373066,4186
373219,4246
373964,4036
374147,3904
374284,3814
374309,4333
374538,3653
374552,3740
375683,3156
375849,3318
376016,3477
376165,3535
376224,4127
376434,4234
376599,3842
376739,3667
377136,3478
377310,3426
377607,3702
377852,3645
378110,3513
378324,3639
378465,3366
378487,3430
378701,3314
378800,3519
378928,3290
379757,3739
379795,3242
379944,3758
380109,3652
380588,3252
380754,3134
380876,3206
381015,3264
381035,3341
382032,3066
382184,4060
382308,3035
382331,3970
382393,3110
382510,3319
382554,3348
383116,3318
383167,3371
383312,3312
383369,3731
383431,3390
383537,3614
384376,6160
384541,6480
384591,4165
384620,3728
384684,3109
384832,3612
385039,7046
385519,4218
385909,6734
386080,6697
386115,5022
386275,4968
386417,6354
386544,6363
386674,6319
386854,5996
387236,5860
387668,5478
388010,4955
388182,5246
388517,4850
388702,4886
388857,4620
388898,4629
389012,5137
389072,5405
389165,5212
389237,5509
389314,5235
389389,5429
389469,5461
389543,5324
389617,8047
389840,5916
390000,5745
390202,5957
390367,5902
390630,5724
391443,5172
391807,4904
391860,4956
392033,6357
392302,5435
392471,5356
393034,4890
393175,4835
393406,4692
393680,4716
394489,4824
395186,3554
395327,3701
395441,4070
395721,3693
395814,3928
397171,3348
397385,3681
397468,4652
398197,3805
398227,3645
398509,3874
398666,4126
398847,3998
399086,3394
399107,3944
399254,3732
399347,3566
399551,3470
399572,3545
399728,3672
399848,3661
399996,3592
400016,3848
400133,3645
400161,4143
400306,4060
401165,2914
401318,3407
401477,3299
401692,3576
402148,3270
402437,4001
402521,3350
402676,3433
403897,3033
404092,2918
404112,3022
404216,3320
404405,3446
404468,3482
404631,3457
405001,3198
405217,2879
405491,3101
405631,3694
405669,3284
405701,3831
405950,4188
406086,4295
406271,4222
406289,3971
408155,2925
408234,4487
408368,2897
408406,2918
408560,3150
408659,3206
408676,3276
408831,4123
408975,4054
408991,5053
409107,4064
409139,4411
409368,4170
409392,4719
409607,4153
409697,4011
411363,3347
411533,3314
412082,3097
412234,3268
412268,3101
412439,3026
412462,3102
412745,3751
413123,3738
413345,3876
413377,3606
413586,3662
413744,4002
413843,4012
413894,3374
414037,4293
414167,3975
414315,3625
414432,3598
415968,2811
416123,2857
416169,2908
416345,3007
416549,3201
416879,3388
417083,3237
417315,3652
417506,3991
417819,3774
417980,3739
418169,3735
418383,3680
419524,3225
419730,2896
419918,3001
420059,2991
420251,2912
420402,3636
420423,3160
420526,4182
420562,3281
420709,4065
420748,3298
420866,4220
421019,3930
421043,3567
421189,3847
421226,3942
421442,3693
421643,3715
421677,3578
423249,2858
423418,2870
423466,4599
424070,2834
424703,3723
424860,3673
425390,3191
425584,3132
425741,3196
425984,3340
426262,3164
426356,3396
426516,3366
426747,3877
426927,4118
427058,3881
427097,3996
427118,4024
427197,3101
427414,3177
427577,3842
427956,3471
428108,3452
428265,3450
428288,4031
428443,3929
428674,3747
428820,3650
428965,3597
429116,3709
429270,3707
429420,3753
429496,4180
429670,3809
430804,3051
431002,3127
431163,3226
431322,3582
431688,3269
431875,4263
432000,4271
432121,4306
432298,3595
432800,3249
433307,3297
433386,2929
433511,2860
433734,2945
433879,3033
434019,3148
434192,3230
434276,3255
434400,3318
434513,3567
434812,3393
435028,6248
435164,6170
435356,4749
436535,3558
436726,3606
436732,3148
436762,3239
436962,3636
437133,3312
437253,3546
437275,3606
437443,3671
438291,3191
438452,3124
438628,3377
438701,3439
438741,3606
438843,3864
438894,4198
438941,4323
438984,4360
439039,5641
439127,5490
439189,5754
439235,5760
439287,5758
439342,5395
441816,3154
442218,4095
442501,2896
442627,3338
443016,3384
443424,3293
443572,3377
443734,3330
444017,3704
444172,3367
444321,3675
444456,3306
444504,3414
444683,3442
444811,3576
445173,3399
445251,3724
445398,3670
445537,3596
445579,4249
445694,3521
445835,3755
445901,3872
445977,3621
446279,4513
446414,3759
446596,3660
446801,4041
446839,4058
447314,4152
447818,3769
447943,3630
448028,3900
448196,3839
448226,3723
448534,3908
448662,4058
449251,4327
449401,4395
449423,3966
449663,4267
449861,4123
450375,3638
450532,3727
450622,3883
450916,3234
452041,2992
452174,2961
452290,3033
452546,2946
452566,3626
452722,3105
452867,3410
452965,3550
452987,3847
453260,3804
453417,3751
454287,3293
454595,3470
454868,3007
455089,3257
455535,3957
455923,3052
456094,3228
456252,3144
456330,3504
456538,3375
456576,4022
456661,3338
456695,3502
456836,3449
456985,3372
457111,3404
457361,3449
458061,3062
458210,2966
458244,3185
458321,3163
458431,3842
458471,3668
458561,3252
458592,3958
458706,3195
459446,3603
461075,3097
461209,3076
461257,3083
461461,3397
461684,3552
461707,3549
461902,3504
462045,3418
462352,3511
462662,3272
462879,3111
463079,3734
463222,3325
463447,3147
465348,3256
465508,3329
465573,3327
465741,3390
465768,3504
465924,3736
466082,3431
466111,3761
466279,4093
466337,4039
466472,4127
466607,4195
466676,4864
466701,4280
466826,4282
466827,4961
466968,4763
467153,4176
467610,3935
469095,3077
469167,3161
469328,3531
469351,3422
469476,3855
469699,3249
469750,3229
469895,4318
470056,4186
470203,4217
470439,4491
470500,4327
471120,3762
471247,3685
471377,3754
472993,2846
473162,2892
473194,2903
473353,2797
473541,2829
473566,2890
473725,3701
473825,3206
473993,3552
474037,4192
474588,3708
474703,3501
474969,3419
476334,3429
476491,3413
476542,3442
476714,3321
476843,3241
476858,3348
477009,3284
477195,3179
477256,3230
477381,3826
477488,3771
477546,4516
477806,3711
477833,4431
478062,4396
478085,3994
478331,4079
478472,3887
478502,3769
478620,3887
478774,4361
478793,4141
478924,4170
479199,4143
480447,3638
480609,4394
480720,3676
480888,4817
481000,3700
481060,4143
481098,4112
481117,5209
481756,5055
481916,5003
482092,4913
482349,4991
482488,4901
482618,4670
482711,4693
482759,4478
482883,4828
483177,4592
483466,4354
483477,4294
484117,3918
484223,3894
484250,4099
484363,3935
484487,3948
485459,3322
485777,3660
485783,3552
485934,3892
485950,3949
486114,4194
486129,4585
486287,4617
486438,4374
486593,4301
487084,4218
487965,3785
488119,3649
488631,4202
488914,3811
488948,3362
489107,3670
489273,3670
489450,3544
489589,3599
489742,3302
489900,3194
490093,3576
490242,3480
490396,3374
490575,3594
490903,3414
491395,3499
491430,3294
491555,3398
491829,3442
491840,3530
492032,3427
492154,3583
493551,3397
493677,2896
493817,3189
493860,3389
494006,3173
494054,3350
494688,2923
494756,3236
494894,3574
495049,3506
495166,3503
495296,3685
495427,3854
495492,3949
495680,3832
495828,3749
497390,3672
497518,4515
497689,4125
497831,3892
497854,4242
498011,4206
498040,4186
498178,4134
498206,4255
498403,5199
498539,4723
498669,7413
498708,7662
498740,7752
499989,3493
500199,3903
500430,3724
500589,3614
500699,5850
500751,3960
500880,5422
500900,3913
501037,4981
501148,3949
501195,5003
501311,4064
501369,4403
501463,4271
501519,4792
501617,4928
501694,4263
501870,4243
501924,4323
502617,4457
502754,4442
502916,4383
503210,4038
503308,4078
503727,3995
503877,4076
504239,3694
504436,4902
505379,3095
505554,3420
505784,3469
505953,3471
506152,3327
506271,3293
506595,3660
506854,3633
506877,3663
507668,3348
507799,3269
507959,3319
509577,3356
509740,2825
509791,3213
509927,3450
510062,3332
510288,3246
510322,4051
510521,4078
510647,3778
510681,3891
510831,4022
510857,3934
510979,4094
511117,4147
511170,4165
511359,4069
511480,4051
511615,4133
511914,4118
512063,4028
513493,2985
513664,3313
513789,3241
513911,3402
514048,3677
514165,3875
514280,3710
514434,4089
514685,3986
514913,3821
515103,3705
515776,3153
516178,3094
516203,2985
516368,3416
516516,3215
516607,3352
517129,2993
517327,3106
517456,3672
517467,3442
517802,3164
517887,3294
518132,3132
518149,3441
519084,2930
519254,2834
519400,2942
520083,2806
520218,3480
520471,3281
520492,3349
520603,3650
520966,3524
521047,3450
521217,3334
521308,3404
521336,3525
522358,2977
522512,3236
522534,3803
522714,2989
522773,3005
522930,3240
522940,3182
523053,3992
523143,3106
523426,3203
523711,3740
524280,3262
524318,4043
524574,3589
524609,3138
524965,3004
524988,3068
526207,3062
526376,3108
526444,3137
526532,3137
526715,3091
526746,3148
526887,3102
526911,3198
527901,3280
528080,3048
528396,3113
528416,3159
528561,3561
528721,3215
528903,4611
529051,4678
529067,3439
530235,2970
530257,3580
530406,3381
530438,3270
530547,3339
530627,3248
530908,3216
530955,3347
531067,3244
531224,3576
531339,3575
531344,3735
531484,3648
531806,3630
531934,4068
532895,3466
532926,3677
533051,3358
533152,3583
534746,3161
534913,3180
534949,3198
535095,3140
535248,3374
535267,3426
535393,3642
535463,3689
535540,3546
535607,4388
536056,3920
536200,3705
536247,3735
536799,3397
536945,3307
537066,3511
537208,3754
537385,3634
537496,3640
537538,3695
538439,3967
538482,3439
538714,3496
538813,4066
538872,3434
538956,3975
539212,3769
539389,3650
539540,3544
539705,4222
540022,4316
540046,4345
540196,4320
540338,4247
540416,4311
540499,4309
540618,4268
540628,4355
541690,3667
542000,4239
542381,3213
542617,3268
542919,3197
543121,3264
543152,3606
543283,3187
543313,3429
543492,3647
543702,3674
543852,4244
544015,4288
544067,3988
544172,4187
544190,4103
545192,3336
545362,3222
545513,3198
545632,3849
545676,4094
545740,3801
545936,3779
546274,3785
546439,4010
546505,3785
546658,4740
546838,3973
546979,3924
547188,3769
548133,3483
549345,3078
549365,3195
549575,3133
549697,3096
549918,4085
550121,3469
550138,3917
550283,3565
550488,3709
550522,3782
550682,3718
550828,3645
550964,3579
551103,3523
551241,4206
551427,3434
551454,3923
551579,4232
553063,2875
553231,3304
553385,3211
554957,2931
555158,3804
555910,3588
556071,3572
556139,3357
556197,3506
556285,3648
556360,3870
556504,3779
556681,4345
556735,3741
556808,3944
556877,3824
556956,4123
557029,4115
557167,3926
557199,3931
557690,4084
557820,4081
558025,4010
558147,3940
558262,3911
558433,3845
558464,4131
558560,4765
558610,5317
558700,4231
558840,4891
559057,4734
559174,4805
559251,4803
560049,4136
560107,4122
560276,5015
560329,5016
560479,4939
560781,4688
560801,4943
560908,4887
560938,4995
561219,4767
561341,4732
561978,5330
562150,5255
562312,5045
562438,4816
562838,4206
563149,4748
564813,3914
564855,3600
565074,4586
565413,4514
565540,4234
565754,4123
565875,4063
566029,4138
566155,4082
566310,4023
566317,4114
566460,4170
566486,4598
566627,4508
566806,4395
566952,4302
567090,4218
567183,4411
567331,4165
567449,4458
567949,4014
568005,4529
568128,4355
568242,4188
568325,4426
568451,4275
568587,4531
568680,4238
568822,4312
569347,4163
569560,4110
569967,4214
570490,4693
570759,4479
570923,4366
571218,4141
571392,4196
571586,4645
571946,3879
572074,3882
572205,3837
572240,4141
572473,3977
572570,3966
572762,4143
572904,4080
572956,4211
573191,4078
573343,4029
575062,2986
575399,2997
575932,3343
576174,3183
576346,3485
576504,3565
577691,3166
577879,3100
577901,3010
578067,3088
578221,3181
578311,3299
578438,3282
578588,3200
578805,3211
578995,3448
579198,3745
579234,3007
579462,3526
580021,3249
580176,3073
580308,3578
580461,3476
580670,3318
580839,3534
580980,3821
581114,3822
581209,4076
582068,3413
582109,3354
582281,3317
582328,3380
582483,3310
582626,3455
582771,3154
582975,3173
583111,3416
583284,3439
583320,3521
583443,3550
583578,3726
583897,3842
584092,3783
584179,4259
584213,4232
584325,4216
584438,4191
584605,4967
586300,3310
586476,3364
586611,4307
586714,3365
586927,3230
587023,3220
587053,3292
587190,3608
587372,4074
587397,4195
587540,4155
587560,4389
587711,4330
587857,4271
588001,4279
588026,4309
588124,4737
588284,4680
588510,4542
588695,4471
590449,3255
590470,3320
590625,3620
590958,3066
590981,3178
591083,3354
591178,3344
591340,4791
591489,4740
591893,4386
592049,4281
592204,4175
592341,4093
592476,4007
592621,3912
592671,4031
592799,3996
594056,3054
595119,3107
595297,3042
595456,3126
595624,6097
595840,4244
595937,3362
596001,5095
596384,5130
597219,4643
597240,3055
597398,3312
597468,4453
597504,3066
597689,3342
597774,3457
597792,3074
597943,4048
598062,4633
598122,3439
598263,3349
598737,3030
599407,3155
599564,3258
599891,3019
600098,3001
600623,3335
601123,3790
602376,3353
602866,2923
603447,2895
603503,3069
604204,3124
604233,3388
604769,3125
605035,3240
605500,3060
606223,3119
606393,2941
606432,3862
606463,3989
606598,3000
606834,3060
607006,3164
607172,3395
607348,3677
607373,3888
607475,3753
607504,3849
607545,4799
607579,4465
607859,3618
608149,3687
608315,3579
608347,3837
608558,3611
608666,3345
608826,4103
609119,3165
609161,3175
609480,3798
610007,3146
610023,3810
610185,3699
610333,3834
610452,3767
611478,3665
611821,3484
611980,3549
612196,3533
612437,3825
612594,4172
612619,4093
612765,4070
612940,4189
613085,4100
613480,3755
613763,3628
613983,3673
614002,3730
614937,3319
614965,3357
615127,4148
615805,3300
615957,3242
615991,3560
616142,3667
616160,3873
616292,3593
616434,4279
616536,3846
617128,4136
617287,4180
617443,4073
617579,3837
617760,3944
617789,4452
617882,3992
617958,4374
618094,4286
618146,4645
618286,4560
618359,4840
618622,4628
620055,3447
620076,3480
620207,3451
620225,3505
620380,3658
620519,3594
620726,3697
620855,3977
620878,4039
620897,4287
621204,3809
621411,4036
622229,3920
622378,3670
622577,3625
622599,4724
622726,3624
622876,3840
623031,3735
623065,3772
623187,3731
623838,3623
624224,3701
624266,3630
624442,3537
624467,3692
624550,3646
624752,3866
624895,4056
625065,3938
625104,3949
625803,4044
625957,3945
626234,3707
626454,3795
626644,3671
626922,3481
626930,3597
627019,4154
627067,4163
627945,3919
628023,3381
628251,3660
628298,3713
628361,3765
628421,4504
628753,4345
628812,4165
628949,4145
629082,4113
629199,4248
629310,4414
630613,3622
630684,3018
630842,3139
630891,3187
631020,3122
631186,3200
631377,3193
631519,3476
631970,3287
632067,4246
632167,3179
632219,4177
632439,4287
632738,3648
633125,3624
633323,3455
633475,3487
634601,4103
634724,2980
634748,3255
634913,3273
635091,3619
635119,3640
635268,3997
635411,3904
635666,3764
635690,3844
635815,3815
635968,3812
636459,3821
637474,2991
637494,3101
637681,3309
637839,3088
637870,3170
638023,3219
638045,3394
638240,3618
638445,4416
638472,4256
638785,4474
638826,4795
638955,4892
639105,4974
639330,4129
639531,4029
641207,3073
641277,3168
641537,3369
641578,3251
641663,3033
641692,3164
641853,3672
641891,3622
641924,3951
641960,5201
642025,5283
642049,3027
642513,4034
642696,4169
642834,4412
643671,3381
643989,3378
644123,3338
644138,3417
645220,3026
645353,3099
645561,3445
645797,3316
645963,2858
645987,3072
646132,3987
646337,4518
646580,4785
646701,3743
646901,4399
647064,3481
647273,3693
647517,3654
647672,3957
647733,3737
647876,3693
648045,3664
649164,2876
649340,2890
649362,2890
649495,3277
649544,3527
649720,3253
649861,4052
649905,4159
649952,5054
650208,3729
650232,3592
650803,4466
651004,3899
651436,3621
652739,3141
653044,2914
653104,2905
653248,2878
653391,2869
653543,4071
654021,3066
654172,3555
654364,3451
654530,3431
654722,3651
654952,3497
655105,4096
655169,3893
655302,3704
655453,3796
655458,3816
656455,3332
656480,3440
656686,3357
656910,3231
656970,3225
657101,3634
657105,3519
657143,3570
657162,3769
657265,3565
657441,3923
657498,3647
658001,4169
658207,4337
658557,3805
658671,4071
658945,4010
659087,3972
659277,3887
661027,3050
661376,2815
661526,3791
661573,3137
661664,3353
661724,3408
661793,3424
661867,3561
662008,3854
662051,3880
662183,4002
662196,4126
662376,3901
662441,4450
663500,3321
663545,4292
663840,3189
663965,3462
664111,3598
664247,3824
664406,3714
664556,3614
664592,3788
665731,3207
665784,3238
666003,3548
666151,3794
666350,3493
666372,3463
666512,3413
666839,3756
666989,3752
667082,3826
667240,3895
667266,4173
667416,3833
667675,4132
667853,4006
668902,3325
669091,3734
670426,4833
670589,4617
670965,3480
670983,3923
671136,3860
671280,3965
671302,4014
671441,3931
671577,4175
671606,5247
671725,5313
671860,5296
672037,4952
672064,4229
672168,4770
672320,4784
672336,4721
672472,4735
672489,4920
672622,4518
673222,4036
673490,3818
673921,3682
674142,3755
674312,3774
674516,3760
674537,3951
674714,3974
674874,4087
675076,3808
675538,4787
675679,4696
675875,4588
676019,4520
676162,4505
676297,4777
676707,4577
676881,4539
677219,4370
677390,4990
677722,4395
677800,6176
678294,4204
678509,5520
678792,3805
679019,4742
679042,4263
679182,3897
679209,4679
679333,4185
679473,3960
679512,4619
679633,4447
679681,6284
679854,6060
679988,5865
680130,5146
680680,3917
680878,3878
680900,4719
681140,4570
681157,4630
682224,4193
682775,3898
682948,4503
683128,3868
683140,4344
683292,4304
683563,3840
683839,3694
684087,3757
684266,4031
684485,3870
684625,3997
684670,4109
684709,4375
684807,4458
684854,4600
684936,3778
685082,4910
685123,4238
685279,3592
685796,4568
685981,4433
686326,3867
686682,4184
686836,4320
687209,3944
687234,3973
687512,4043
687665,4285
687699,4082
687864,4010
687990,4113
688119,4095
688816,3922
688969,3858
689111,3813
689248,3923
689383,4120
689519,4216
689692,4272
689829,4126
689983,4889
690028,4089
690141,4308
690204,4331
690326,4318
690509,4263
690630,4733
690947,4337
692822,4209
693007,3810
693200,3446
693341,3759
693536,3050
693701,3719
693768,3765
693929,3699
694083,3671
694220,3662
694389,4494
694533,4413
694697,4329
696982,3068
697858,3129
698056,3195
698204,3136
698398,3298
698591,3924
698844,2987
699039,2976
699302,2911
699457,3414
699526,3768
699585,3998
699801,3171
699936,3336
700045,5079
700259,3481
700293,3591
700328,4131
700355,4209
700373,4830
701338,4746
701972,4439
702043,3789
702191,3696
702342,4766
702692,3779
702756,4165
702900,4366
703156,4260
703334,4155
703411,4562
703539,4201
703596,4437
703700,4249
703875,4160
703895,4191
704017,4391
704054,4402
704134,4713
704291,4955
705031,3967
705183,3749
705238,4972
705390,4768
705414,4471
705558,4702
705604,4791
705671,4561
705686,4657
705922,5064
706233,4812
706270,4845
706451,4841
708280,3751
708453,3530
708608,3541
708726,3479
708973,3303
709128,3198
709175,3215
709334,3899
709369,3781
709662,4048
709795,4083
710064,4016
710428,3780
710565,3719
710759,4047
710903,4106
711084,3965
712450,2807
712507,2931
712700,3213
712874,3363
713016,3440
713171,3190
713294,3319
713412,3675
713524,3991
713705,3908
713782,3949
713924,4129
714114,3990
714312,3857
714362,3894
716049,3048
717289,2895
717328,2977
717470,3779
717623,3823
717875,3624
718378,3061
718396,3303
718544,3222
718590,3855
718847,3277
718996,3215
719130,4146
719275,3951
719396,3777
719554,3576
719989,3473
720328,3227
720464,3750
720678,3365
720803,3583
720938,3644
721084,3778
721283,3693
721527,3673
721728,4043
721880,4201
722076,4633
722180,4699
722275,4212
722550,4217
722697,4193
722866,3885
722971,4001
723010,4086
723333,3822
723476,3781
723844,4015
723985,3933
724573,3700
724688,3292
724737,3438
724898,3425
725026,3524
725092,3666
725235,3589
725276,3912
725400,4195
725512,4305
725586,3861
727154,2897
727321,3485
727384,3357
727476,3098
727825,3601
727997,3482
728287,3560
728448,3745
728596,3855
728938,3408
729223,3280
729438,3170
729645,3324
729728,4133
729875,3895
729930,3124
730071,3032
730297,3558
730779,3326
730935,3485
730980,3175
731108,3428
731188,3283
731223,3513
732442,2909
732608,3860
733187,2940
733351,2978
733502,3125
733690,3539
733926,3666
734122,3598
734262,3666
734310,4084
734437,4098
734573,4140
734722,3745
735811,3071
736046,3198
736169,3230
736342,3279
736475,3421
736816,3160
736905,2964
736942,3087
737056,3381
737057,3763
737208,3700
737292,3934
737415,3901
737690,4727
737763,4082
737858,4451
737971,4184
738153,4052
738470,4239
738740,4042
739945,3114
740071,3053
740114,3099
740243,3202
740282,3282
740439,3243
740583,4448
740747,3195
740900,3129
741062,3142
741317,3799
741443,3838
741456,3885
741696,4022
741721,4306
741968,4111
742481,3902
742563,3869
744254,2873
744411,2802
744463,3546
744584,4630
744605,3107
744788,3317
744959,3263
745184,3906
745310,3622
745380,3768
745427,3741
745586,3657
745746,4153
745864,4156
745870,4215
746013,4344
746119,3848
746129,4312
747417,3311
747696,4082
748215,2907
748391,3049
748530,3917
748722,4246
749241,3712
749515,3493
749570,3677
749776,3531
749808,3964
750077,3748
750234,3622
750511,3412
750681,3300
750823,3658
750874,3655
750909,3423
750922,3947
750957,3965
751049,4021
751812,3162
752196,3863
752267,3575
752325,3809
752503,3485
752672,3591
753074,4216
753271,3535
753412,3533
753596,3586
753612,3663
753860,3616
754664,3395
754704,3448
754824,4131
754983,3914
755284,3723
755471,4318
755596,4258
755862,4087
756101,3508
756296,3411
756330,3663
757684,2812
757839,3153
757868,3279
757993,3200
758133,3677
758283,3579
758401,3513
758560,3804
758611,4670
758672,3660
758726,4407
761244,2794
761329,3151
761471,3061
761615,3675
761680,3411
761804,3642
761939,3790
761970,3505
762094,4117
762202,3862
762397,3898
762426,4031
762554,4010
762683,3996
762764,4165
762896,4186
763346,3772
763401,3825
763439,3840
764299,3292
764331,3392
764481,3297
764599,3275
765113,3299
765142,3863
765287,3768
765475,3628
765504,4199
765679,3917
765759,3653
765854,4204
765916,4370
766053,4285
767310,3807
767333,3683
767516,3635
767905,3665
768055,4921
768173,3904
768297,4655
768448,3683
768564,4304
768930,3638
769300,3726
769436,3639
770633,3307
770687,3739
770806,3297
770852,3894
770922,3533
771029,3769
771283,4140
771390,3706
771413,3832
771544,4469
771583,4313
771674,3792
772210,4216
772536,3702
772952,3339
773899,3372
774116,3262
774261,3438
774286,3478
774457,3652
774598,3887
774674,3594
775252,3628
775486,3705
775519,3760
775728,3722
775908,4008
776054,3956
776074,4546
776245,4592
776461,3959
776483,4460
776616,4317
776798,4474
776956,4196
777801,3521
777947,3425
777966,3266
778110,3281
778182,3639
778317,3555
778439,3690
778589,3850
778628,3585
778705,3637
778722,3809
780128,3276
780265,3347
780561,3534
780666,3480
781579,3857
781735,3183
781929,3206
782584,3117
782628,4367
782686,3148
782840,3090
782982,3155
783123,3203
783260,3191
783454,3406
783507,3190
783883,3239
783925,3241
783990,3249
784166,3218
784614,3513
784708,3270
784837,3191
784997,3308
785119,3290
785269,3607
785347,4016
785527,3896
785557,5245
786317,4217
786492,4253
787608,3662
787674,3829
787809,3394
787874,3485
788065,3666
788079,3662
788286,3661
788434,3879
788596,3772
788657,3868
788718,3992
789185,3636
789237,3698
789401,5101
789592,3595
789704,4302
790446,3057
790604,3793
791033,2916
791358,2826
791452,4058
791596,3638
791715,3237
791782,3281
791975,3411
792746,4526
792764,3104
792892,3064
793041,4444
793226,3063
793373,3414
793518,3351
794038,2999
794197,2965
794874,2872
795102,3169
795574,2905
795771,3274
795916,3181
796068,3189
796146,3334
796292,3271
796411,3303
797857,2928
798023,3330
798094,2887
798130,3005
798309,3410
798344,3480
798555,3227
798714,3477
798866,3665
802351,2797
802711,2800
802953,2866
803150,2766
803204,2923
803333,2968
803500,3238
803630,3028
803735,3089
803987,3217
804126,3584
804171,3253
804311,3251
804552,3405
804693,3720
804734,3316
805022,3401
805574,4556
805613,4646
805745,3134
805922,3326
806093,3235
806379,3806
806680,3757
806825,3753
806948,3736
807092,3653
807250,3580
807368,3580
808002,3373
808151,3791
808196,3486
808324,3716
808489,3604
808625,4212
808712,3988
808931,3953
809084,4101
809192,4197
809455,4297
809612,4200
811078,3044
811237,3918
811391,3616
811439,3499
811513,3483
811592,4702
811713,4881
811740,4181
811882,4113
811969,4851
812157,4340
812228,4358
812279,4426
812712,4197
812910,4086
813035,4078
814451,2900
814606,3602
814734,3299
814785,3475
815037,3320
815062,3385
815186,3920
815331,3893
815494,4627
815521,4218
816274,3778
816422,3818
817415,3090
817621,3614
817658,3381
817812,3317
818050,3252
818093,3860
818234,3776
818372,4037
818542,3723
818564,3755
818692,4154
818832,4139
818910,3996
819024,4041
819590,3453
819811,3443
819953,3352
821240,2808
821394,2821
821416,2919
821554,3541
821584,4094
821707,3562
821847,3522
822050,3998
822202,4173
822277,4248
822513,4108
822904,3822
823090,4020
824541,3188
824584,3909
824724,3201
824857,3689
824881,4326
824897,3564
825403,3216
825440,3617
825767,3416
825938,3195
826157,3098
826309,3700
826478,3590
826624,3547
826683,3437
826946,3276
827142,3130
827285,3144
827405,3261
827552,3168
827641,4223
827771,3302
828372,3670
828614,3760
828739,3561
830250,3171
830447,3459
830472,3472
830621,3885
830684,3272
830833,3487
830863,4561
831091,3513
831235,3618
831433,4007
831578,4340
831649,3977
831706,4263
831822,4520
834017,3828
834055,3482
834090,3620
834257,3737
834385,4952
834432,4965
834466,5164
834506,5205
834545,5257
834578,5315
834678,4012
834912,4079
835119,4803
835281,4693
835473,5281
835615,5259
835763,5228
835785,4847
836013,5079
836196,4948
836375,4667
836406,4630
836777,4412
836922,4319
837037,4254
837773,3629
837959,3847
838109,4087
838291,3957
838314,4192
838482,4347
838504,4625
838698,4815
838834,4463
838969,4596
839103,4512
841176,4032
841330,4228
841382,4125
841494,3647
841529,3877
841891,4213
842035,3802
842053,3933
842194,4077
842338,4044
842520,3766
842956,3597
843052,3790
843289,3606
843413,3524
843559,4460
843682,3353
843825,3334
843963,3263
844097,3237
844233,3152
844364,3072
844497,3039
844649,4144
844786,4267
844957,4198
845242,3675
848097,3099
848259,3466
848511,3223
849368,3132
849940,3043
850096,3126
850262,3068
850405,3323
850438,4061
850889,3912
851094,3599
851250,3501
851330,3590
851485,3509
851509,3561
851604,3951
851811,3797
851840,4000
851913,3884
852004,3886
852195,3870
852210,4010
852350,4077
852384,4311
852535,5174
852895,3924
853028,3926
853203,3952
853355,4156
853507,4055
853796,3820
854015,4729
854173,4831
854319,4787
854517,4540
854517,4484
854702,4615
855163,4125
855330,4115
855499,4311
855678,4184
856912,3628
856988,4084
857193,3775
857346,3782
857434,3827
857544,3819
857568,4351
857587,4579
857630,4730
857764,3796
858495,4126
858834,3849
858870,3829
859014,3882
860272,3257
860359,3381
860584,3393
860606,3652
860729,3185
860870,3142
861096,4182
861227,3937
861398,3594
861414,4187
861615,4401
861954,3611
862199,3518
862392,3376
862530,3351
862872,3335
863018,3722
863138,3656
864448,3097
864614,3579
864701,3207
864704,3335
864832,3309
865386,3208
865751,4570
865888,4685
866045,4222
866061,3449
866210,3393
866337,3462
866352,4273
866548,3824
866573,3423
866731,3351
866772,3480
866807,3551
868104,3111
868256,3213
868278,3246
868417,3521
868441,3608
868589,3530
869632,3425
870088,3043
870406,2951
870665,2936
870689,3297
870843,3437
870868,3726
870998,3527
871025,3827
871255,3860
871279,3928
871438,3942
871558,3873
873052,2913
873181,2931
873273,2990
873411,3167
873442,3286
873578,3331
873837,3523
874084,3584
874114,3897
874208,3541
874343,4599
874375,3935
874621,4405
874667,4165
874682,4445
874968,4187
876404,3077
876564,3108
876685,3076
876772,4219
876930,3805
877104,3155
877252,4138
877288,3636
877327,3741
877346,3822
877363,4246
877486,3429
878466,3239
878632,3256
878823,3630
880297,2872
880497,4497
880792,3236
881029,3066
881500,3602
881927,2816
882136,2770
882288,2950
882314,3273
882476,3059
882503,2912
882661,3056
882688,2927
882841,2971
882861,3167
883001,3236
883025,3343
883177,3268
883236,3370
883389,3483
883414,3715
883927,3157
884096,3040
886194,3188
886411,3407
886752,3787
886820,4560
886969,4898
887198,4964
887246,3600
887406,4513
887442,3574
887609,4501
887684,3794
887830,3744
887857,4336
888009,4225
888072,4170
888276,4017
888426,3953
888456,4677
888618,4463
888683,4734
888990,4992
889009,4720
889126,4988
889255,4987
889417,4504
889450,4921
889604,4703
889994,4557
890199,4598
890374,4534
890644,4928
890680,5322
890848,5263
891000,5171
891086,4964
891151,5078
891300,4989
891457,4925
891629,5477
891948,5330
892543,4788
892826,5083
892981,4561
893116,4484
893257,4622
893517,4976
893681,4863
893822,4472
894693,3901
894961,4073
895058,4123
895205,4388
895357,4623
895680,4350
895778,4650
895958,4371
896096,4283
896225,4052
896332,4957
897098,4182
897410,4027
897689,4065
897701,3856
897818,4097
897945,4046
898136,3906
898332,3796
898347,4020
898494,3824
898668,3716
898686,3825
898788,3777
899548,3763
899693,3698
899814,3757
899942,3767
900114,3680
900158,3797
900320,4021
900457,4206
900613,4806
900773,3934
900953,3807
903020,3119
903182,3422
903340,3467
903491,3736
903681,3684
903807,3738
904009,3587
904125,3933
904486,3929
904521,3555
904744,3430
904772,3493
904887,3487
905006,3564
905118,3503
905255,4261
905274,4501
905459,4333
905668,4187
905691,3896
905843,3825
905955,3773
906323,3663
906461,3836
908210,3168
908512,2963
908704,3910
908829,3680
908943,3620
909073,3855
909263,3762
909521,3552
909807,3336
909946,3391
910088,3426
910114,3563
910221,3643
910410,3610
911278,3792
911450,3320
911488,3517
911682,3475
911827,3663
911855,3509
912474,3122
912886,3141
913114,3197
913334,3660
913499,3641
913545,3734
913700,3723
913740,4137
913864,3734
913898,3973
914074,3921
914219,4143
914364,4051
915548,3974
915704,3246
916118,3082
916717,3210
916917,4326
917112,4322
917260,3601
917451,4124
917577,3898
917708,3921
917750,4000
917998,3882
918145,4003
918163,4055
918297,3978
918440,3885
919350,3110
919370,3209
919524,3188
919573,4601
919625,3229
919867,3102
920011,3052
920105,4646
920252,3161
920290,4332
920410,3818
920547,3732
920940,4028
921081,4212
921273,4071
921503,4284
922627,4928
922688,3466
922845,3378
923008,3269
923148,3602
923296,3889
923414,4683
923620,4363
923672,4257
923690,4343
923709,5175
923841,5163
923875,5077
923922,4319
924091,4099
924241,4050
924412,3961
924462,4414
924998,4055
925136,4029
926505,3241
926684,3534
926924,3410
927065,3645
927213,3785
927384,3178
927584,4278
927829,4279
928233,4029
928383,3826
928500,4003
928716,3840
928937,4211
929065,4135
929194,3772
929216,3959
929354,3902
930380,3334
930531,3237
930741,4145
930781,3417
930840,3506
931028,3695
931184,3206
931374,3560
931560,3322
931944,3038
932161,3891
932328,3528
932353,3651
932507,3586
932843,3767
932987,3906
933010,4431
933224,4270
933381,3645
934498,3399
934670,3292
934924,3122
935077,3346
935212,2926
935252,3022
935296,3527
935545,2888
936084,2892
936123,3008
936264,3548
936281,3647
936455,3619
936483,3989
936692,3981
936997,3704
937137,3703
937156,3849
937281,3949
938534,3965
938685,3659
938810,3588
938974,3476
939122,3428
939319,3419
939469,3177
939528,4527
939595,3805
939709,4408
939852,4575
940011,5015
940100,4652
940179,4444
940246,4747
940338,4926
940477,4841
941376,3667
941610,3907
941711,3991
941800,4075
941863,4306
941989,4403
942057,4872
942121,4892
942180,5305
943562,4022
944153,3648
944209,3556
944456,3407
944859,3088
945061,3815
945349,3281
945567,3567
945622,4141
945713,3586
945814,3716
945937,4299
946074,4434
946109,4100
946262,4351
946414,4146
946432,4277
946503,4264
947706,3559
947848,3425
948039,3334
948186,4105
948222,4016
948241,3545
948446,3513
948614,3450
948766,3402
948897,3473
949024,3842
949141,3852
949170,3983
949365,4493
949569,4184
949785,4274
950013,4487
950275,4389
950310,4385
950503,4261
952237,5306
952399,5381
952423,3312
952554,3513
953070,4961
953166,4563
953226,8642
953270,8725
953319,8740
953362,5376
953483,6937
953662,7119
953884,8408
953897,7184
954096,8095
954121,7218
954238,8152
955217,6388
955527,8930
956152,5842
956341,5817
956499,5770
956909,8151
956973,6821
957069,8041
957150,6757
957228,7982
957308,6703
957379,7781
957468,6648
957672,6683
957865,6373
958101,6907
958166,6352
958328,6138
958445,6183
958571,7023
958823,6890
958987,6809
959168,6799
959323,6855
959482,6858
959672,6718
959722,7157
959838,6618
959908,7097
960067,6886
960274,7818
960476,7742
960495,7654
960658,7618
960835,7493
960840,7714
960997,7609
961165,7925
961331,7723
961508,7500
961693,7265
962505,6448
962714,7517
962728,7450
962875,7340
963024,7271
963215,7744
963369,7303
963521,7628
963542,7333
963677,7714
964020,7247
964178,7164
965078,6408
965296,6630
965321,6447
965462,7271
965483,7290
965679,7121
966201,6680
966597,6412
967004,6071
967059,6145
967145,6177
967352,6097
967607,7159
967839,6556
968055,7070
968386,6452
969129,5844
969160,5916
969308,5716
969317,5986
969481,6731
970323,5786
970471,5833
970493,6021
970560,6033
970796,5917
970903,6043
970987,5893
971028,5939
971310,5760
971447,5714
971529,5950
971563,5962
971799,5861
972000,5727
973779,4418
973801,4478
973968,4526
973990,4476
974230,5121
974427,4339
974705,4138
975002,4148
975154,4457
975293,4462
975434,4372
975946,4668
976379,4584
976633,4430
978365,4537
978560,3951
978719,5203
978886,6381
978906,4098
978989,8751
979186,4893
979233,3952
979352,3927
979450,4887
979469,4066
980126,4108
980164,3609
980296,3654
980318,4381
980450,3686
980452,4126
980595,3883
980893,3363
981101,3792
981287,3317
982194,3350
982575,4279
982714,5675
982891,6144
982994,6130
983051,6163
983106,6215
983167,6303
983227,6401
983274,6432
983364,5578
983370,6850
983419,7368
983463,8673
983513,9348
983583,5463
983587,9330
983645,9873
983723,9846
985741,4470
985887,4927
986047,4076
986202,4620
986359,4664
986415,4539
986513,4552
986606,4784
986689,4717
986905,5347
986938,6209
987074,5235
987096,6340
987255,5734
987270,6217
988049,5659
988220,5654
988981,5092
989830,4364
989855,4475
990042,4378
990239,4287
990387,4350
990484,5584
990621,5342
990718,5402
991094,4923
991227,5386
992126,4636
992345,4492
992563,4975
993021,4046
993241,4119
994497,3392
994869,3200
994902,3163
995039,3427
995067,3653
995197,3333
995366,3453
995506,3606
995679,3636
995723,3879
995803,4168
995937,4143
996061,4243
996300,4929
996348,4260
996792,4172
996906,4523
997098,4226
997233,4305
997377,4689
997399,5205
998301,3972
998341,4359
998557,3994
998605,3588
998708,4200
998841,4175
998982,4104
999230,3905
999403,3829
999441,3745
999527,3757
999696,4169
999818,4655
999904,4339
1000051,4478
1000791,4219
1000929,3944
1001039,4321
1001724,3773
1001887,3724
1001903,3948
1002056,3847
1002382,3845
1003405,3238
1003444,3290
1003535,3470
1003713,3381
1003857,3383
1004027,3761
1004073,3810
1004210,4043
1004343,3969
1004510,3680
1004583,3925
1004665,4938
1005102,5138
1005300,5208
1005446,4964
1005588,4599
1005681,3784
1005754,5031
1005920,4645
1006548,3911
1006690,3598
1006865,3971
1006921,4114
1007193,3893
1007368,3294
1007824,3553
1007994,3828
1008170,3716
1008306,3660
1008359,3653
1008481,3915
1008622,4238
1010604,2898
1010867,3111
1010901,3126
1011068,2901
1011211,3261
1011408,3296
1011527,3363
1011668,3529
1011812,3474
1011957,3581
1012050,3696
1012075,3872
1013581,4336
1013880,3709
1014068,3409
1014212,3495
1014405,3410
1014662,3359
1014803,3863
1014925,3796
1015052,3865
1015196,3771
1015348,3429
1016081,2934
1016982,2882
1017157,2922
1017321,4586
1017383,4708
1017435,4861
1017480,4713
1017532,4976
1017582,5834
1018126,2954
1018587,4122
1018886,3120
1019594,3785
1019704,3569
1019741,6184
1019805,4749
1020071,3361
1020199,3283
1020347,3455
1020370,3507
1020575,5534
1020616,3742
1020683,3251
1020830,3340
1020852,3525
1021030,3451
1021306,3405
1021723,3427
1021899,3450
1022065,3957
1022412,4308
1022579,4327
1022705,3899
1022937,4438
1023096,4382
1024095,3763
1024209,3659
1024388,3701
1024555,3666
1024697,3516
1024751,4035
1024794,3735
1024911,4422
1024923,3959
1024953,4066
1025092,4081
1025460,4317
1025511,4448
1025929,4414
1026078,4417
1026253,4319
1026421,4140
1026782,3935
1027016,3811
1027211,3770
1027691,3738
1027921,3982
1028146,3624
1028292,3943
1028442,4000
1028589,3914
1029045,3548
1029113,3593
1029187,3637
1029366,3543
1029528,3745
1029547,3927
1029860,3864
1030001,4247
1030023,4351
1030160,4724
1030185,4599
1030341,4583
1031007,4257
1031214,4276
1031455,4121
1031471,4255
1032068,3841
1032824,3510
1033017,3321
1033049,3366
1033208,3514
1033443,3401
1033569,3883
1033726,3666
1033769,3674
1033789,3368
1033790,4155
1033954,4034
1034090,3959
1034310,4078
1034424,4056
1034437,4128
1034700,4235
1034989,4046
1035111,3874
1035942,4208
1036119,3261
1036598,3858
1036731,3476
1036867,3640
1037022,3534
1037215,3563
1037255,3659
1037426,3561
1037543,3603
1038470,3521
1038630,3989
1039022,3782
1039208,3063
1039273,3728
1039441,3074
1039461,3149
1039663,3031
1039849,3410
1040005,3340
1040141,3325
1040270,3444
1041104,3236
1041223,2858
1041415,3087
1041433,3639
1041669,3469
1041828,3367
1042439,3265
1042655,3319
1042835,3613
1042911,3841
1043054,3851
1043071,3802
1043419,3695
1043581,3716
1043668,3523
1045170,2846
1045236,2877
1045419,3833
1045477,3717
1045559,3331
1045678,3823
1045806,3916
1045851,4571
1045996,4373
1046122,4491
1046140,4346
1046280,4259
1046533,4166
1046705,4285
1048191,3127
1048214,3213
1048366,3425
1048405,3609
1048543,3665
1048698,3562
1048725,3642
1048876,3579
1049028,4824
1049304,4494
1049340,3815
1049429,3909
1049546,4064
1049682,4380
1049909,4302
1050075,4187
1050212,4099
1050452,3937
1050723,3764
1050811,3778
1051673,3168
1051851,3072
1052046,3859
1052100,3944
1052247,3847
1052390,3568
1052908,3306
1053089,3238
1053208,3544
1053355,3447
1053389,3751
1053918,3431
1054159,4019
1054308,3987
1055204,3260
1055225,3182
1055363,3946
1055591,3633
1055711,3625
1055774,4065
1056072,3886
1057164,2958
1057701,2881
1057889,2970
1058182,2792
1058931,3101
1059049,3566
1059102,3698
1059342,3526
1059669,3512
1059798,3443
1060011,3056
1060161,2980
1060303,3928
1060442,3511
1060608,3567
1060931,3676
1061106,3609
1061362,2962
1061520,2915
1061541,3012
1061724,3032
1061889,3159
1062124,2999
1062283,3072
1062332,4672
1062400,4672
1062448,4501
1062734,3106
1062886,3620
1063226,3866
1063379,3975
1063576,3934
1063707,4160
1064270,3910
1064439,3822
1065943,3091
1066117,3268
1066268,3532
1066461,3398
1067233,3033
1067443,3346
1067686,3257
1067979,3018
1067990,3102
1068189,3120
1068314,3715
1068326,3035
1068373,3049
1068498,3725
1068504,3618
1068676,4050
1068810,3967
1068923,3840
1069087,3831
1069224,3835
1069248,3942
1069397,4178
1069527,4211
1070015,3713
1070056,3768
1070230,3680
1070302,4061
1070472,3943
1071179,3357
1071305,3680
1071453,3633
1071571,3466
1071728,3431
1071952,3392
1072062,3520
1072231,3483
1072404,3512
1072580,4566
1073249,4177
1073273,4107
1073419,4037
1073467,4050
1074319,3238
1074463,3139
1075631,3223
1075691,3241
1075885,3158
1075962,3140
1076037,3622
1076110,3109
1076130,3025
1076318,3366
1076461,3214
1076494,3500
1078027,3138
1078119,3136
1078240,3086
1078448,3179
1078594,3780
1078931,3092
1079316,3671
1079375,3677
1079449,3487
1079526,3519
1079690,3457
1079827,3536
1079880,3676
1080027,3680
1080149,3614
1080264,3850
1080268,3674
1080409,3633
1080495,4357
1080810,3537
1080942,3497
1081893,3041
1082093,3528
1082202,3733
1082447,3319
1082624,3540
1082708,3630
1083781,3579
1083945,3469
1084161,3742
1084310,3813
1084462,3786
1084481,3446
1084617,4211
1084677,3863
1084885,3858
1085052,3628
1085296,3541
1085311,3598
1085460,3600
1086150,2977
1086300,2939
1086465,2880
1086618,4584
1086863,2982
1087006,2954
1087251,2963
1087415,3725
1087602,3662
1087706,3366
1087951,3515
1089232,2927
1089407,2946
1089681,2815
1089833,2880
1089963,3058
1090136,2936
1090355,3529
1090386,3982
1090497,3652
1090559,3666
1090729,3592
1090893,3901
1091022,4302
1091247,4341
1091300,3668
1091340,4195
1091806,3397
1092809,4006
1092842,3047
1092925,3100
1093069,3037
1093211,3164
1093307,3165
1093446,3273
1093685,3363
1093722,3722
1093852,3527
1093990,4010
1094009,4222
1094150,4783
1094284,4737
1095999,3228
1096191,3370
1096515,3344
1096531,3430
1096853,3382
1097025,3870
1097153,3287
1097215,3445
1097325,4208
1097465,4014
1097485,3712
1097560,4022
1097674,4176
1097736,4204
1097834,4203
1097947,4196
1098047,4209
1098185,4145
1098334,4145
1098683,4479
1098726,4184
1099009,4137
1099269,3959
1099387,4077
1100062,4168
1100084,3758
1100278,4352
1100460,3840
1100496,4269
1100618,4220
1100697,4083
1100909,4428
1101288,4459
1101304,4321
1101492,4231
1101629,4335
1102960,3979
1102982,3594
1103188,3665
1103280,3779
1103311,3594
1103403,3730
1103593,4388
1103614,4234
1104059,3843
1104083,3987
1104465,3650
1104804,3649
1106203,3316
1106623,3568
1106683,3505
1106821,3511
1107243,3307
1107367,3697
1107374,3388
1107546,3440
1107607,3708
1107682,3751
1107829,4159
1107976,4171
1108127,4167
1108263,4188
1108294,4711
1108396,4675
1108490,4473
1108573,4512
1108672,4466
1108733,4516
1108827,4801
1108920,4857
1108949,5751
1109040,4878
1109212,4813
1109717,4420
1109851,4373
1110790,3719
1110814,5100
1110963,3761
1111103,4004
1111157,5064
1111274,4253
1111328,4754
1111467,5098
1111501,4817
1111622,4773
1111677,5129
1112162,5236
1112304,5146
1113579,3921
1113753,4593
1114309,3619
1114341,4059
1114499,3949
1114797,4971
1114994,3860
1115169,3945
1115321,3883
1115354,3931
1115478,4046
1115666,5413
1115689,4095
1116179,3752
1116690,4814
1117012,3249
1117163,3195
1117425,3091
1117590,3716
1117609,3695
1117703,3323
1117851,3272
1118011,3194
1118686,3009
1118719,3115
1118918,3578
1119181,3450
1119474,3548
1119632,3966
1119673,3908
1120514,3612
1121135,3181
1121333,3056
1121541,2942
1121562,3027
1121706,3251
1121872,2895
1121891,2963
1122014,3026
1122979,3426
1123065,2810
1123262,3082
1123428,3073
1123669,2951
1123814,3335
1123962,3243
1128012,3402
1128272,3507
1128452,2977
1128617,3238
1128692,3565
1128871,3070
1129036,3127
1129208,3559
1129765,3247
1130247,2976
1130273,3037
1130391,3314
1130529,3998
1130704,3663
1130861,3674
1131041,5044
1131185,4969
1131452,3997
1131474,4064
1131604,4621
1131807,4469
1131953,4474
1132093,4384
1132295,4107
1132314,4171
1132395,4177
1132574,4116
1133081,3887
1133272,3686
1133429,3744
1133514,4340
1133552,4221
1133677,4267
1133739,4274
1133791,4084
1133860,4260
1134052,4833
1134174,4453
1134303,4566
1134449,4538
1134565,4371
1134592,5653
1134677,4337
1137259,3518
1137293,3601
1137459,4041
1137690,3862
1138214,3387
1138538,3753
1138735,3804
1139510,3298
1139542,3367
1139825,3439
1139882,3635
1140316,3395
1140470,3296
1140510,3499
1140593,3634
1141301,3541
1141339,3548
1141446,4547
1141484,3864
1141516,4046
1141571,4671
1141602,4704
1141700,3944
1141844,3871
1141978,3835
1142010,3697
1142129,3998
1142340,4074
1143339,3423
1143353,3469
1143497,3377
1143586,3374
1143727,4459
1143786,4294
1143802,3642
1143941,4316
1144081,4229
1144214,4145
1144265,4193
1144421,4492
1144518,4460
1144674,4609
1146362,3460
1146451,3253
1146616,3388
1146651,3420
1146794,3369
1147001,3423
1147032,3418
1147221,4170
1147242,4201
1147392,4364
1147550,4035
1147661,4104
1147821,3845
1149013,2970
1149311,2795
1149448,3067
1150778,3645
1150952,3533
1151133,3404
1152216,2958
1152237,3006
1152499,2963
1152935,3401
1152964,2969
1153111,3076
1153257,2981
1153476,3116
1153509,3230
1153616,3424
1153948,3392
1154097,3320
1154247,3228
1154285,3484
1154451,3370
1154484,3422
1155127,2970
1155287,2875
1155591,3459
1155736,3828
1155763,3034
1155817,4132
1155968,3337
1156010,3470
1156953,3342
1157168,3335
1157191,3547
1157583,3697
1158227,3484
1158464,3479
1158499,3393
1158557,3224
1159714,3034
1159777,3192
1159962,3096
1160122,3632
1160162,3248
1160285,3768
1160339,3604
1160397,3874
1160572,3649
1160776,3639
1162208,3019
1162228,3195
1162571,3268
1162659,3065
1162807,2971
1163033,3078
1163119,3790
1163160,3229
1163261,3565
1163403,3567
1163559,3505
1163600,3655
1163775,3675
1163795,3950
1163898,3699
1164067,3640
1164358,3449
1164525,3543
1164566,3480
1164884,3430
1165722,3006
1165914,3290
1166078,3380
1166232,3295
1166352,4058
1166482,4021
1167447,3285
1167861,3110
1167881,3174
1168134,3277
1168154,3418
1168274,4086
1168448,3504
1168528,3627
1168920,3818
1169025,3861
1169044,3991
1169169,4070
1170844,3089
1170984,3183
1171121,3098
1171268,3716
1171403,3529
1171458,4053
1171626,4253
1171682,3822
1171711,3894
1171855,4461
1171990,4414
1172010,4082
1172184,4270
1172210,4235
1172397,4161
1172416,4206
1172496,4053
1172626,4277
1172863,3994
1173967,3117
1173991,3279
1174147,4063
1174291,3683
1174312,3214
1174383,3488
1174588,3799
1174705,3632
1175613,3581
1176049,3501
1176524,3674
1176721,3317
1176929,3258
1177111,3628
1177262,3532
1177403,3542
1177570,3443
1177708,3577
1177896,3507
1178036,3671
1178071,3545
1178209,3490
1178624,3302
1179258,3322
1180200,2812
1181418,3533
1181462,3675
1181965,3304
1181990,3602
1182128,3325
1182293,3600
1182355,3598
1182616,3448
1182792,3220
1183032,3082
1183173,3091
1183215,3114
1183372,3074
1183432,3316
1183497,3133
1183726,3072
1183882,3063
1184085,3081
1184112,3142
1184241,3354
1184268,3451
1184399,3677
1184417,3962
1184593,4184
1184719,4305
1184895,4046
1186518,3112
1186718,3201
1186967,3435
1186985,4043
1187118,3463
1187270,3484
1187303,3949
1187435,3870
1187684,4000
1187837,3901
1187852,4039
1188073,3963
1188217,4068
1188422,3996
1188767,3837
1188958,3774
1189751,3763
1189782,3460
1190527,3458
1190711,4301
1190864,4442
1190890,3735
1191084,4273
1191110,3872
1191247,3783
1191341,4065
1191491,3968
1192102,3641
1192122,4399
1192263,3675
1192402,3596
1192562,3546
1192671,3534
1192795,3965
1192924,3892
1193060,4286
1193078,3957
1193218,3906
1193356,3923
1193568,3962
1193596,4407
1193817,4343
1194019,4372
1194187,4399
1195105,3721
1195432,3475
1195602,4649
1195887,3312
1196038,3309
1196271,3601
1196296,3766
1196440,3876
1196569,5505
1196868,4808
1196905,4388
1197052,4297
1197188,4213
1197392,4059
1197418,3892
1197539,4189
1198697,3039
1198943,3222
1199092,3131
1199256,3116
1199387,3114
1199507,3054
1199660,3163
1200354,3382
1200396,4065
1201359,4733
1201766,2813
1202087,3018
1202302,4491
1202691,2813
1202882,3087
1203078,3627
1203363,2924
1203776,3141
1203791,2992
1204115,3207
1209039,3724
1209204,3646
1209578,4332
1209603,4378
1209690,3646
1209855,3728
1209984,4070
1210130,4098
1210179,4106
1210300,4060
1210460,3998
1210500,4179
1210664,5562
1210718,4010
1210758,4126
1210868,4254
1210909,4307
1211044,4224
1211065,4661
1211134,4498
1211296,5055
1211513,4924
1211597,4925
1211646,5261
1211774,5109
1211796,5420
1211931,5151
1211950,5042
1212023,5501
1212155,5447
1212190,5705
1212842,5947
1212983,5639
1213123,5595
1213259,5613
1213395,5528
1213550,5589
1213624,5675
1213790,6554
1214336,6203
1214479,6111
1214540,6141
1214680,6489
1214922,5897
1214942,6684
1215014,6571
1215156,6759
1215340,6307
1216584,5864
1216762,5848
1216918,5639
1217036,5467
1217122,5600
1217272,5530
1217410,5448
1217704,5239
1217869,5174
1217932,5199
1218127,5105
1219311,4064
1219468,4056
1219512,4069
1219672,4095
1219685,4312
1219833,4421
1219989,4873
1220164,4748
1220374,4590
1220418,5056
1220561,4860
1220672,4955
1220814,5340
1220975,4969
1221300,5081
1221741,4847
1223014,3897
1223238,3754
1223426,3619
1223800,3372
1223820,3435
1224009,4129
1224076,4217
1224234,4147
1224300,4233
1224414,4599
1224559,5561
1224696,4521
1224905,5294
1225117,5133
1225257,5041
1225689,4206
1225876,3975
1225991,4402
1226233,4278
1227407,3038
1227429,3325
1227593,3112
1227667,3286
1227832,3350
1227857,3690
1228009,3567
1228129,3725
1228324,3882
1228697,3434
1228848,4174
1229046,4027
1229972,3321
1229996,3492
1230445,3647
1230611,3919
1230683,3364
1231847,3047
1232037,2999
1232062,3459
1232246,3043
1232398,3387
1232432,3033
1232569,3181
1232718,3113
1232857,3129
1233047,3313
1233191,3323
1233325,3452
1233345,3999
1233495,3621
1233527,3898
1233693,4057
1233844,4434
1234558,3376
1234744,4448
1236536,3998
1236560,3574
1236700,3512
1236865,3736
1236889,3842
1237010,4010
1237177,3801
1237202,3756
1237458,3614
1237483,3694
1237663,4226
1237788,4342
1237947,4297
1238084,4109
1238125,4319
1238302,4195
1238325,4136
1238422,4131
1238562,4463
1238693,4427
1238898,4870
1238918,4249
1239346,4008
1239436,4274
1239579,4496
1239743,4335
1239758,4230
1239916,4209
1241136,3928
1241229,3585
1241295,3757
1241423,4148
1241472,4499
1241530,4075
1241962,4124
1241979,4045
1242127,4719
1242270,4846
1242336,5107
1242610,4729
1242820,4575
1243455,4163
1243621,6508
1243739,4304
1245278,6276
1245395,3424
1245621,4530
1245926,3196
1246075,3167
1246135,4073
1246225,5248
1246329,4002
1246346,5501
1246393,5349
1246578,5035
1246785,5170
1246892,3576
1246980,3855
1247126,4008
1247167,3895
1247279,4031
1247457,4068
1248151,3854
1248327,3751
1248484,3670
1248988,6488
1249319,3844
1249492,3619
1249767,3949
1249907,4006
1249956,3523
1249967,4226
1250012,4277
1250059,4318
1250110,5487
1251229,3401
1251410,3976
1251552,4298
1252096,3641
1252260,3533
1252290,4048
1252453,3896
1252680,3311
1252826,3267
1252866,3402
1252943,3454
1252990,3587
1253168,3780
1253276,3506
1253510,3489
1254108,3248
1254314,3186
1254416,3538
1254453,3523
1254904,3406
1255080,3335
1255757,3951
1256087,3716
1256268,3643
1256396,3653
1256620,4131
1256902,4194
1257044,4284
1257191,4188
1257334,4094
1257468,4009
1257606,4238
1258836,3183
1258858,3324
1259050,3515
1259067,3310
1259089,3378
1259324,3394
1259345,3427
1259503,3356
1259526,3443
1259708,3806
1259854,3718
1259940,4203
1260121,4226
1260152,3767
1260161,4091
1260295,4018
1260596,4575
1260731,4093
1260929,3929
1261176,3878
1261534,4030
1263527,3905
1263620,3495
1263965,3537
1264072,3648
1264182,3539
1264446,3603
1264600,3530
1264692,3509
1264853,3874
1264987,3923
1265149,3738
1265214,3954
1265271,4329
1265408,4942
1265593,4499
1265675,3707
1265819,3478
1265947,3752
1266502,9813
1266713,3999
1266762,7587
1266878,3926
1266939,6901
1267034,3849
1267192,3812
1267340,9106
1268510,3322
1268722,3254
1268970,3495
1268992,7392
1269129,3609
1269280,3726
1269437,3655
1269776,3510
1269933,3447
1270172,3893
1270437,3532
1271127,3924
1271307,3853
1271470,5130
1271628,8663
1271955,4800
1272199,4527
1272360,3722
1272526,4053
1272589,4556
1272648,4570
1272710,4739
1272791,3448
1272802,4735
1272854,4832
1272899,4935
1272945,5405
1272997,5402
1273047,5402
1273094,5406
1273158,5764
1273217,6001
1273282,6067
1273333,7014
1273470,3172
1273628,3411
1273669,3315
1275911,3854
1276436,3417
1277068,3047
1277403,3118
1277551,3927
1277694,3128
1277841,3069
1278076,3671
1278119,3805
1278248,3691
1278392,3638
1278520,3594
1278738,4603
1278884,3738
1279560,3876
1280397,3154
1280433,2935
1280589,3144
1280714,3731
1280960,3113
1280992,3159
1281113,3800
1281244,3957
1282027,3212
1282215,3220
1282247,3310
1282321,3659
1282361,3747
1282392,4209
1282707,3010
1282860,2909
1283504,3007
1283694,3367
1283770,3617
1283909,3586
1283936,4190
1284070,4212
1284245,3928
1284562,3660
1284742,3600
1285008,3661
1287000,2896
1287157,3118
1287200,3515
1287437,5206
1287450,3790
1287590,3702
1287732,3683
1287880,3600
1288018,3688
1288155,3694
1288324,3756
1288479,3713
1288484,4009
1288698,3871
1288824,4135
1289020,4299
1289192,4196
1289260,4180
1289401,4166
1290246,4040
1290393,3967
1290427,4076
1290578,4603
1290694,4542
1290726,5157
1290762,5194
1290802,5302
1290832,5443
1290905,5455
1290941,5532
1290976,5720
1291018,5744
1291074,5914
1291151,6002
1291433,3919
1292327,4277
1292524,4326
1292710,4333
1292880,4362
1293002,4327
1293175,4750
1293699,4389
1293824,4389
1293964,4395
1294080,4425
1294329,4275
1294393,4830
1294529,4747
1294697,4628
1294846,4528
1297286,3504
1297516,3451
1297583,3444
1297733,3464
1297757,3522
1297998,3919
1298156,3862
1298307,3781
1298455,3731
1298658,3885
1298995,3536
1299078,3452
1299218,3548
1299352,3468
1299581,3785
1299698,3398
1299864,3526
1300133,3476
1300264,3620
1300393,3969
1300491,3967
1300542,4045
1302269,3543
1302554,4338
1302567,4615
1302770,4259
1302868,4127
1303026,4410
1303195,4322
1303338,4249
1303427,4353
1303530,4340
1303654,4378
1303724,4469
1303768,4527
1303879,4482
1303926,4536
1303989,4753
1304783,3919
1304970,4055
1305124,4044
1305185,3776
1305247,3976
1305340,3880
1305476,4232
1305507,4270
1305622,4227
1305678,4564
1305811,4262
1305900,4445
1305927,5235
1306041,5216
1306713,4553
1307062,4404
1307188,4780
1307229,4327
1308328,4576
1308480,4341
1308501,4400
1308768,4277
1308929,4181
1309064,4163
1309300,4135
1309319,4895
1309460,4830
1309711,4663
1309884,5201
1310032,4989
1310085,5135
1310179,4832
1310281,5236
1310402,5218
1310607,4663
1310810,4624
1313246,3351
1313286,3602
1313439,3505
1313673,3323
1313706,3511
1313804,3963
1313926,3893
1314040,3837
1314228,3807
1314454,3645
1314513,3773
1314585,4188
1314682,3634
1314808,3951
1314895,3802
1315298,3698
1315458,3587
1315547,5046
1316035,4504
1316058,3554
1316225,3672
1316358,3639
1316668,3769
1318820,3260
1318905,3547
1319060,3660
1319321,3642
1319470,3555
1319609,3502
1319769,3434
1319905,3391
1320040,3338
1320172,3534
1320311,3454
1320679,3135
1320838,3455
1320937,3461
1321034,3411
1321177,3261
1321313,3074
1321359,3129
1321414,3078
1321509,3061
1321613,3077
1321776,3150
1321911,3296
1321946,3373
1322142,3282
1322175,3388
1322446,4148
1322573,4976
1323216,4706
1323365,6376
1323515,5426
1323558,6008
1323875,5743
1323889,5708
1324049,5616
1324110,5683
1324226,5563
1326366,3526
1326742,3249
1326921,3273
1327087,3204
1327245,3154
1327429,3135
1327607,3915
1327630,3184
1327794,3159
1327986,3157
1327992,3234
1328182,3783
1328363,3785
1328520,3538
1328741,3516
1328748,3532
1328908,3542
1329061,3806
1329227,3832
1330179,3537
1330313,3495
1331109,3348
1331268,3314
1331284,3448
1331489,3489
1331535,3440
1331861,3533
1332119,3468
1332310,3341
1332449,3056
1332592,3730
1332613,3138
1332724,3105
1332888,3188
1333096,3671
1333207,3107
1334046,2920
1334221,3630
1334248,3745
1334766,3445
1334811,4538
1335040,5390
1335045,4876
1335834,4178
1336032,4074
1336150,4335
1336366,4354
1336385,4134
1336554,4135
1337022,3787
1339070,3240
1339304,3059
1339498,3284
1339693,3476
1339711,4037
1339858,4337
1340249,4418
1340839,3594
1340858,3725
1341001,3694
1341176,3936
1341296,3765
1341299,3696
1341441,3789
1341714,3691
1341860,3767
1341989,3706
1342138,3829
1342317,3956
1342504,3650
1342647,3680
1342805,3617
1342924,3812
1343011,4079
1343036,3844
1343245,3735
1343510,4056
1343631,4139
1343679,4967
1344028,4680
1344478,4283
1344700,4111
1344861,3998
1345274,3806
1345466,3662
1345832,3897
1345872,3948
1346057,4119
1346218,4034
1347244,3387
1347453,3397
1348131,3435
1348288,3136
1348304,3216
1348393,3759
1348456,3423
1348735,3196
1348861,3163
1349102,3022
1349765,3130
1349965,3100
1350104,3013
1350225,3128
1350427,3175
1350550,3734
1350891,3117
1350990,3014
1351176,3269
1351937,3250
1352238,2896
1352281,2934
1352381,3488
1352428,3587
1352504,3604
1352725,3373
1352811,3489
1352908,3421
1353288,3475
1353438,3379
1353672,3276
1353825,3308
1354562,3498
1354770,2944
1354924,3393
1355094,3805
1355253,3808
1355696,3286
1355931,3459
1356145,3333
1356166,4144
1356397,3743
1357223,3160
1357255,4347
1357355,3370
1357424,3413
1357467,3923
1357474,3313
1357514,4200
1357756,4457
1357779,4512
1357791,3339
1357912,3972
1358272,4428
1358571,3774
1358765,5287
1359770,4259
1359959,4141
1359981,4187
1360130,4158
1360189,4045
1360516,3846
1360684,4040
1360943,4103
1361006,4069
1361178,3955
1361350,4560
1361428,4509
1361474,4695
1361603,4518
1361726,4542
1361954,5213
1362327,4875
1362508,4719
1362572,5713
1362685,7705
1362741,8941
1363558,11725
1363721,11715
1363862,11945
1364086,11825
1364341,11146
1364518,10868
1364567,10291
1365187,9782
1365343,9678
1365689,9539
1365707,9366
1365858,9264
1365992,9178
1366113,9222
1366254,9289
1366315,9698
1366394,9098
1366455,9135
1366671,9292
1367263,8330
1367407,8462
1367544,8400
1367561,8502
1368068,8044
1368109,8069
1368263,7975
1368401,7895
1368418,7931
1368846,7556
1368989,7474
1369171,7356
1369292,7291
1369458,7249
1369476,7284
1369577,7206
1369628,7507
1369713,7125
1370024,7164
1370163,7078
1370383,6960
1370537,6756
1370564,6840
1370724,6671
1370957,6488
1371146,6781
1371176,6424
1371391,19009
1371732,18486
1371932,19724
1372059,14035
1372085,19669
1372347,13936
1372494,18384
1372542,13946
1372770,19075
1372963,18988
1373149,18901
1373331,18669
1373514,17028
1373703,17018
1373885,17140
1374050,17108
1374230,17204
1374408,16899
1374569,12885
1378606,8938
1378952,8771
1379028,8834
1379048,8931
1379187,8928
1379324,8948
1379462,8906
1379539,8991
1379611,9164
1379950,8913
1380087,8920
1380217,8979
1380514,11384
1380534,8974
1380687,8990
1380706,11393
1380833,9199
1380999,9224
1381019,10859
1381157,10617
1381178,9545
1381331,10496
1381506,11001
1381692,11028
1381747,11056
1381905,11033
1382062,11161
1382216,12328
1382366,11922
1382715,11328
1382723,13175
1382975,13115
1383180,13114
1383350,13124
1383508,13171
1383744,12860
1383926,12758
1384081,12467
1384372,12366
1384589,12220
1384780,12080
1384939,10875
1384954,12579
1385133,11094
1385144,11378
1385317,11354
1385350,12797
1385506,12244
1385541,12614
1385702,12160
1385867,12595
1386034,12519
1386190,12442
1386352,12957
1386534,12558
1386547,12698
1386739,12779
1386899,12710
1387052,13832
1387203,13768
1387358,13865
1387526,13846
1387874,13441
1388049,13429
1388220,13250
1388385,13174
1388581,13149
1388596,14006
1388744,13004
1388909,12969
1389076,12885
1389272,12757
1389286,12832
1389452,12801
1389663,12646
1389865,12554
1390038,12483
1392604,11790
1393318,10628
1393501,10560
1393667,10504
1393710,10654
1393822,11022
1393877,11908
1393974,10955
1394126,10890
1394378,10762
1394631,10770
1394709,11016
1395542,9982
1396952,8738
1397126,8682
1397228,8711
1397270,9153
1397330,9219
1397539,9152
1397884,8894
1397988,8916
1398242,8913
1398432,10577
1398625,10135
1398784,10384
1398911,10153
1398921,8934
1399065,8972
1399337,8962
1399624,9594
1399710,8745
1399791,9325
1399904,8709
1400030,8708
1400166,8698
1400195,9071
1400285,9873
1400315,9001
1400786,9101
1400914,9044
1400994,9238
1407259,6889
1407435,6393
1407612,6311
1407685,6522
1407760,6369
1407921,6310
1408095,5974
1408106,6176
1408266,6190
1408417,5989
1408580,5775
1409105,5348
1409269,5126
1409416,5403
1409557,5152
1409776,5102
1409871,5196
1410210,4878
1411514,3607
1411955,3452
1411974,3525
1412172,5991
1412321,6072
1412372,5829
1412460,5828
1412509,6191
1412562,5940
1412615,6618
1412716,5730
1412909,3723
1413106,4457
1413325,4550
1413512,4713
1415728,3338
1415984,3025
1416135,3338
1416306,3192
1416430,3779
1416677,3592
1416826,4465
1416909,3446
1417072,3364
1417198,3393
1417315,3782
1418370,3354
1418515,3390
1418562,3680
1418690,3461
1418713,3615
1418842,3584
1419172,4115
1419295,4093
1419302,4365
1419522,4282
1419554,4413
1419797,4272
1420002,4125
1420046,4165
1420971,3566
1421124,3721
1421165,5285
1421314,4868
1421380,3666
1421439,4872
1421527,3768
1422157,3506
1422311,3577
1422453,3634
1422473,4038
1422569,3999
1422759,3850
1422807,3924
1422850,3855
1423014,3989
1423146,4092
1424360,4306
1424714,4215
1424754,3424
1424926,3482
1425112,3443
1425120,3862
1425272,3758
1425436,3947
1425609,3908
1425791,3814
1425957,3962
1426135,4830
1426864,3391
1427329,3035
1427513,3414
1427699,3388
1427857,3448
1428016,3442
1428030,3513
1428346,3435
1429014,2916
1429164,2927
1429312,3388
1429460,3406
1429605,5645
1429696,3380
1429845,3334
1429984,3415
1430123,4117
1430261,5093
1430392,5329
1430520,3662
1430682,4981
1431503,3410
1432037,2974
1432188,2874
1432340,2825
1432462,3010
1432463,3130
1433028,2993
1433175,2935
1433225,3012
1433335,3371
1433475,3345
1433508,4234
1433590,3531
1433985,4276
1434004,3311
1434272,3149
1434493,4266
1435023,2871
1436540,2954
1436563,3013
1437287,3281
1437448,3173
1437951,3429
1437978,3775
1438083,3407
1438108,3494
1438361,3448
1438489,3691
1439790,2943
1439951,2971
1439975,3744
1440094,3478
1440237,3474
1440261,3600
1440404,3621
1440430,3757
1440588,4013
1440666,3626
1440689,3748
1440832,3869
1440938,3878
1441108,3984
1442006,3192
1442041,3260
1442171,3341
1442305,3731
1442445,3569
1442524,3676
1442581,3595
1442695,3795
1442801,3928
1442949,3872
1442966,3979
1443157,3876
1443296,4250
1443540,3882
1444398,3838
1444561,3524
1444702,3632
1444731,4209
1444958,4037
1445124,4273
1445568,3902
1445749,3771
1445894,3883
1446206,3604
1446224,3677
1447368,2787
1447590,2816
1447701,2922
1447870,3287
1448026,3813
1448034,3344
1448474,3418
1448628,3884
1448700,3732
1450230,4314
1450277,3439
1450454,3396
1450479,4174
1450622,4081
1450868,3358
1450993,3603
1451054,3933
1451206,4845
1451222,3598
1451251,3926
1451431,3904
1451509,3975
1451556,4024
1451663,4246
1451680,4318
1451955,4199
1452114,3991
1452151,4503
1452275,4319
1452622,4519
1452885,4453
1452889,4039
1453067,4015
1453497,4255
1453692,4040
1454238,3719
1454386,3720
1454455,3845
1454586,3797
1454678,3867
1454826,4133
1455736,4035
1455809,4082
1455940,4071
1456084,4211
1456214,4135
1456241,4504
1456304,4403
1456477,4439
1456518,4521
1457173,4151
1457458,3857
1457484,4307
1459007,3567
1459039,3221
1459189,3395
1459297,3028
1459532,3359
1459748,3771
1459808,3602
1460017,3579
1460046,4139
1460137,3775
1461385,2950
1461557,4148
1462038,3419
1462258,3496
1462474,3466
1462873,3119
1463053,3198
1463179,3678
1463312,3599
1463655,3763
1463699,3673
1463853,3575
1464004,3682
1464143,3661
1464246,3616
1464385,3696
1464424,3725
1464480,3827
1464595,4184
1464753,4124
1464868,4103
1465054,4143
1465097,4633
1465180,5312
1465358,5576
1465511,5032
1465586,4936
1465688,4594
1465818,5476
1466010,5338
1466178,4599
1466672,4692
1466739,4817
1466892,4732
1466949,4757
1467168,4622
1467450,4582
1467699,4762
1467843,4702
1467910,4447
1467958,4937
1468092,4752
1468829,4639
1468987,4721
1469012,4810
1469156,4713
1469425,4497
1469626,4760
1469763,4310
1469908,4309
1470127,4591
1470326,5187
1470356,4538
1471880,3680
1472088,3615
1472698,4131
1472885,3729
1472924,3178
1473040,3863
1473072,3452
1473195,3686
1473210,3879
1473497,3935
1474288,3308
1474476,3655
1474490,3507
1474672,3254
1474747,3347
1474883,3369
1475054,3215
1475192,3667
1475328,3639
1475470,3585
1475618,3470
1475827,3726
1475868,4166
1475948,3921
1475992,4114
1476115,4425
1476679,4073
1479155,3020
1479174,3055
1479407,3217
1479571,3793
1479614,3368
1479734,3743
1480013,3594
1480158,3834
1480181,3744
1480277,3938
1480333,3773
1480391,4075
1480529,3864
1480642,3874
1480679,3873
1480825,3894
1480965,3811
1481100,3780
1481128,4072
1481298,4142
1481331,3860
1481559,3932
1481757,3698
1482145,3458
1482300,3427
1482406,3394
1483121,3118
1483259,3083
1483381,3010
1483502,3665
1484921,4207
1484940,3833
1485997,2991
1486160,2933
1486483,3040
1486719,3086
1486873,3376
1487069,3238
1487204,3423
1487245,3337
1487382,4049
1487432,3876
1487704,3725
1487722,3558
1487827,4195
1487990,4183
1488125,4111
1488226,3806
1488580,4554
1488611,4198
1488994,3585
1489364,3710
1489613,3512
1489642,3797
1489840,4292
1489864,3724
1489935,3412
1490080,4630
1490116,4134
1490248,4053
1490386,3967
1490500,3942
1490625,3974
1490792,4398
1490970,4385
1491158,4344
1491289,4437
1491442,4348
1492894,3237
1493185,3327
1493329,3235
1493518,3323
1493709,4043
1493843,3852
1493959,3846
1494167,3857
1494306,4036
1494437,4177
1494568,4134
1494771,3898
1495888,3617
1495922,3106
1495943,3181
1496103,3211
1496353,3373
1496396,3610
1496693,4471
1496869,3038
1496988,3336
1497102,3364
1497231,3332
1497287,4615
1497360,3568
1497492,3826
1497800,3671
1497851,3895
1497892,4129
1498022,4067
1498966,4641
1499065,3372
1499298,3311
1499412,3863
1499456,5396
1499489,6465
1499592,5483
1500034,2893
1500317,3422
1500549,4198
1501056,2927
1501204,3600
1501598,4116
1501616,4429
1501681,4108
1501977,4216
1502679,4383
1502824,4899
1504208,3618
1504232,3112
1504368,3581
1504519,3639
1504540,3772
1504719,3699
1504861,3637
1504904,3981
1504959,3858
1505087,3988
1505207,3788
1505346,4178
1505367,5936
1505505,6057
1505521,4306
1506493,3485
1506718,3459
1506859,4564
1506885,3618
1507047,3684
1507168,3711
1507201,3782
1507350,3981
1507507,3922
1508211,3912
1509323,4815
1509609,4601
1509725,3610
1509907,3865
1510076,3933
1510233,3832
1510416,3891
1510589,4544
1510699,3757
1510858,3809
1511037,3775
1511051,4031
1511792,3439
1511956,3326
1512207,3605
1512459,3741
1512644,4363
1512822,4339
1513029,4189
1513206,4063
1513456,4105
1513621,3991
1514773,4733
1514922,4190
1514962,4239
1515097,4189
1515242,4140
1515376,4152
1515520,4203
1515565,4343
1516109,4035
1516235,5747
1516245,4124
1516283,4753
1516435,4807
1516579,5341
1516611,4393
1516884,4246
1517030,3914
1517172,4010
1517311,4369
1517406,4626
1517468,4360
1517589,4428
1517678,4239
1517749,4362
1517898,4734
1518032,4693
1518167,4648
1518305,4598
1518448,4562
1518499,4636
1518681,4586
1518877,4685
1520465,4628
1520618,4531
1520671,4601
1520780,4544
1520826,4581
1521043,4451
1521188,4398
1521686,5250
1522084,4983
1522230,5988
1522375,6052
1522512,6019
1523335,4993
1523382,5092
1523546,4752
1523608,5080
1523686,4931
1523829,4943
1523962,4916
1524187,4944
1525035,5373
1525621,3974
1526178,3565
1526401,3393
1526573,6086
1526734,3308
1526755,3543
1526922,3531
1527081,3456
1527183,4419
1527231,4336
1527371,4708
1527394,4513
1527540,4630
1527564,4430
1527719,4548
1527733,4555
1527785,4996
1527905,4312
1528057,4338
1528963,3910
1529221,4093
1529402,4408
1529719,3717
1530133,3914
1530224,3533
1530693,3686
1530802,3456
1531191,3474
1531415,3823
1531905,3697
1532384,3364
1532503,3687
1532680,3561
1532812,3537
1533058,3614
1533238,3880
1533390,3920
1533527,3954
1533555,4201
1533685,4240
1533827,4229
1533926,4891
1534459,3812
1534549,4061
1536165,2990
1536295,3797
1536450,3695
1536477,2953
1536703,2903
1536745,3680
1536855,3814
1536869,3627
1536999,3549
1537577,5915
1537723,3246
1537891,3534
1538057,3477
1538214,3434
1538381,3530
1538396,5207
1539239,3244
1539571,4354
1539790,2930
1539957,3209
1540089,3271
1540203,3414
1540330,3847
1540478,3590
1540865,3883
1541054,3804
1541261,3824
1541715,3227
1541742,3733
1541877,3421
1542028,3326
1542184,3224
1542338,3187
1542493,3169
1542659,3317
1542815,3272
1542986,3502
1543155,3414
1543320,3691
1544302,3037
1544471,2992
1544631,3984
1545504,3051
1545774,3285
1546051,2933
1546198,2783
1546391,3152
1546544,3220
1546666,3149
1546708,3237
1546853,3634
1547023,3529
1547158,4001
1547178,4080
1547350,3893
1547472,3871
1547585,3709
1547849,3872
1547972,3563
1548127,3952
1548344,3477
1549262,2894
1549395,3071
1549562,3491
1549586,3712
1549666,3874
1549812,3536
1550013,3568
1550152,4005
1550170,4912
1550315,4833
1550843,4586
1550988,4219
1552180,3131
1552372,3571
1552516,3059
1552545,3280
1553105,3456
1553124,3425
1553374,3450
1553418,3910
1553571,4571
1553820,3968
1553954,3968
1553987,3442
1554074,4341
1554139,4129
1554162,4160
1554169,3562
1554253,4506
1554885,3819
1555049,3933
1555605,3722
1556059,3286
1556101,3608
1556234,3904
1556384,3702
1556399,3818
1556597,3920
1556711,3902
1556835,3867
1556870,4232
1557059,4374
1557399,3913
1558226,4143
1558478,3638
1558497,3820
1558668,3755
1558822,3651
1558853,3759
1559006,3851
1559025,3954
1559165,3890
1559185,3940
1559764,4481
1560775,3221
1560793,3654
1560932,3241
1560952,3324
1561131,3802
1561152,3585
1561274,3762
1561468,3519
1561569,4151
1561912,3669
1562146,3926
1563243,3471
1563264,3687
1563412,3442
1563450,4225
1563485,3420
1563758,3727
1564374,3574
1564513,3517
1564572,3677
1564631,3756
1564702,3751
1564772,3528
1564937,3560
1565129,3903
1565281,3699
1565882,3442
1565904,3818
1566050,3744
1566182,3918
1566319,3939
1566572,4395
1566733,4179
1566935,4148
1567090,4473
1567313,3743
1567337,3953
1567477,3877
1568074,3488
1568092,3603
1568257,3580
1568500,3421
1568654,3851
1568680,4097
1568821,3859
1568907,3842
1569054,3886
1569069,4095
1569172,4215
1569210,4283
1569351,4239
1569576,5321
1570321,4763
1572504,3158
1572808,3531
1572972,3418
1573005,4206
1573165,3987
1573327,3666
1573485,3918
1573625,3828
1573688,3580
1573930,3796
1574131,3472
1574301,3508
1574440,3478
1574599,4086
1574983,4193
1575216,4098
1575384,3845
1575481,3671
1576161,3442
1576627,3218
1576683,3414
1576940,4274
1577113,4353
1577251,4338
1577300,3968
1577451,4072
1577599,4318
1577965,3711
1577983,4065
1578120,3990
1578253,3941
1578280,4024
1578423,4102
1578449,4166
1578582,4217
1579926,3014
1580128,3023
1580146,3087
1580400,3167
1580419,3292
1580675,3472
1580867,3354
1581059,3323
1581315,3358
1581579,3425
1581676,3795
1581832,3880
1582801,3291
1582985,3161
1583269,3103
1583286,3174
1583434,3137
1583567,3328
1583740,3416
1583766,3353
1583904,3581
1584409,3141
1584690,3175
1584709,3619
1584821,3428
1584847,4048
1584977,3516
1585114,3453
1585302,3532
1585507,3639
1585583,3720
1586954,3013
1587168,3120
1587300,3194
1587490,3525
1587614,4677
1587649,3814
1587695,3493
1588079,3701
1588475,3402
1588621,3771
1588967,3622
1588995,3804
1589144,3756
1589330,3520
1590244,3035
1590319,3101
1590530,3573
1590561,3601
1590708,3670
1590851,4111
1590884,3400
1591021,3409
1591293,3224
1591329,4771
1591451,4549
1591582,4093
1591710,4239
1591751,4299
1592067,4082
1592413,4284
1592431,4041
1592620,4134
1592691,4298
1593687,3444
1593845,3667
1593966,4056
1594002,4293
1594032,5185
1594063,5206
1594930,2789
1595403,3550
1595423,3531
1595581,3431
1595822,3990
1595993,3935
1596123,3857
1596238,4119
1596365,4118
1596518,4014
1597745,3105
1598017,3140
1598197,3018
1598376,3463
1598515,2886
1599001,3283
1599057,3157
1599200,5799
1599394,3098
1599587,4980
1599708,3343
1599834,3360
1599964,3486
1600122,4497
1600333,4906
1600515,4757
1602032,3294
1602180,3285
1602315,3249
1602336,3388
1602492,3334
1602774,3192
1602919,3253
1603077,3238
1603222,4040
1603322,4332
1603360,4390
1603384,4478
1603419,4390
1603451,4510
1603491,4566
1603524,4388
1603554,4454
1603589,4837
1603625,3963
1604393,3649
1604789,3702
1605051,3827
1605300,3915
1606380,3461
1606688,3470
1606874,3339
1607087,3693
1607518,3617
1607704,3484
1607869,3394
1608071,3604
1608099,3816
1608194,3768
1608253,4247
1608320,3935
1608460,3887
1608656,4541
1608710,4261
1608850,4233
1608953,4299
1609060,4292
1609114,4337
1610148,3751
1610316,3689
1610348,3899
1610556,3756
1610917,3765
1611447,3401
1611555,3928
1611762,4220
1611783,4107
1611994,4239
1612020,4355
1612165,4492
1612323,5423
1612381,6233
1612529,5926
1612695,6337
1613738,5173
1613878,4599
1614024,5183
1614198,5061
1614373,4941
1614456,4919
1614499,5103
1614682,6038
1614884,5881
1614909,4900
1615106,5664
1615316,4645
1615511,4624
1615675,4636
1615821,4699
1616032,5904
1616231,5358
1616376,5456
1616534,5176
1616565,6156
1617424,6594
1617462,6979
1617685,7232
1617813,9617
1617819,7425
1618327,7591
1618540,7474
1618803,8810
1618928,7393
1619055,7370
1619345,7270
1619466,7105
1619617,7422
1619824,7394
1620041,7096
1620150,7153
1620373,7072
1620546,6848
1621282,6343
1625030,4007
1625331,3172
1625511,3184
1625721,4601
1626068,3977
1626137,4386
1626270,4622
1626427,4687
1626582,4956
1626955,4251
1627112,4324
1627461,4028
1628016,3969
1628628,3518
1628865,3514
1628893,4341
1629387,3547
1629404,4056
1629553,3964
1629579,3622
1629708,3401
1630145,3426
1630162,3690
1630352,3480
1630377,3552
1630517,3527
1630553,4211
1630925,4165
1630951,4240
1631253,4119
1631275,4341
1631418,4356
1631559,4454
1631598,4241
1631619,4356
1631833,4938
1632493,3788
1633109,3885
1633263,3794
1633718,4252
1633892,3861
1633953,3552
1634112,3761
1634177,3780
1634327,3707
1634352,3851
1634497,3839
1634517,3956
1634593,3949
1635222,4123
1635493,3665
1636114,3821
1636132,4193
1636311,3522
1636445,3496
1636585,3912
1636801,3773
1636856,4043
1637133,3999
1637149,4340
1638606,3742
1638629,3825
1638785,3534
1639046,3573
1639188,3657
1639206,4021
1639367,4350
1639427,4377
1639448,4464
1639672,4943
1640025,4724
1640191,4690
1641331,3632
1641484,3876
1641627,3987
1641677,3869
1641818,3954
1642022,3832
1642161,3743
1642187,4061
1642362,3681
1642516,3785
1642682,3506
1642730,3620
1642872,3527
1642890,3450
1642993,3455
1643167,4276
1643367,4178
1643481,4237
1643619,4604
1643673,4081
1643810,4172
1643927,4170
1644056,4157
1644228,4109
1644566,5815
1644719,5995
1645187,5918
1645208,8200
1645356,6395
1645536,6312
1646049,5972
1646069,5969
1646225,5890
1646417,5794
1646550,5790
1648841,3586
1649043,3794
1649113,3962
1649224,3870
1649289,4629
1649389,4254
1649452,4589
1649542,4597
1649704,4544
1649902,4387
1650059,4294
1650215,4244
1651175,3761
1651199,3923
1651341,4583
1651396,5604
1651426,4703
1651457,4867
1651493,4884
1651522,5189
1651553,5760
1651589,5776
1651611,6020
1651650,5930
1651811,6108
1651868,6404
1653405,4697
1654449,3943
1655733,3409
1655961,3317
1656163,3812
1656535,3587
1656771,3293
1656986,3313
1657124,3860
1657217,3897
1657364,3842
1657419,3901
1657516,4192
1657662,4664
1657807,4571
1657963,3797
1658323,3530
1658615,4077
1658683,4899
1658730,3784
1658855,3709
1659019,3595
1659308,3560
1659490,3556
1659763,3383
1660005,3783
1660144,3571
1660180,3551
1660210,3904
1661370,3357
1661684,3470
1661896,3673
1661982,3420
1662186,3811
1662313,3798
1662433,3732
1662630,3585
1662716,3697
1663876,3170
1663941,3022
1664186,3080
1664335,3012
1664474,2954
1664611,3503
1664777,3279
1664845,3504
1664920,3619
1665123,3611
1665242,3733
1665248,3271
1665684,3681
1666799,3108
1666966,3307
1667113,3089
1667311,3563
1667477,3235
1667500,3508
1668148,3911
1668256,3628
1668432,3195
1668558,3813
1668680,3461
1668817,3733
1669004,3607
1669046,3436
1669201,3495
1669253,3691
1669374,3563
1669403,3586
1669486,3737
1670419,3043
1670583,2984
1670911,3383
1671059,3253
1671430,3272
1671454,3497
1671572,3962
1672030,3968
1672207,3886
1672442,3792
1673347,2994
1673515,2968
1673667,2867
1673680,3021
1673837,3136
1673986,3085
1674005,3148
1674147,3181
1674365,3115
1674610,4444
1674691,4185
1674794,2825
1674976,3007
1675074,2763
1675548,3610
1677710,3442
1677876,3266
1678025,3066
1678117,4038
1678140,3388
1678179,3727
1678209,3864
1678244,4470
1678342,3506
1678505,3846
1678590,4034
1678632,4929
1678891,3623
1679164,3922
1679310,3943
1679327,4476
1679533,4154
1679671,4081
1679971,3891
1680242,3718
1680541,4228
1680861,4016
1681009,3965
1681881,3645
1682050,3425
1682188,3387
1682210,3660
1682363,4913
1682522,4847
1682747,4795
1682784,4546
1682926,4232
1682967,4838
1683098,4362
1683503,4186
1683840,4016
1684038,3964
1684056,4030
1684189,3948
1685542,3022
1685619,3303
1685959,3312
1685977,3214
1686121,3739
1686147,3311
1686316,3255
1686333,3772
1686522,3528
1686874,3657
1687002,3786
1688375,3322
1688449,3269
1688597,4203
1688809,3592
1688940,3775
1689013,3697
1689115,3882
1689680,3387
1689940,3219
1690140,3575
1690295,3489
1690367,4431
1690575,3954
1690811,3313
1690945,3425
1691079,3413
1691233,3776
1691340,3948
1691381,4002
1691455,3948
1692473,3373
1692514,3411
1692766,3259
1692830,3280
1693033,3570
1693204,3965
1693223,3594
1693303,3674
1693483,3681
1694217,3264
1694368,3255
1694565,3168
1694613,3934
1694692,3703
1694850,3599
1695041,3457
1696496,2989
1696998,3066
1697201,2961
1697344,3104
1697495,3826
1697632,3590
1698091,3406
1698235,3383
1698256,4138
1698410,3932
1698625,5642
1698677,3400
1698857,3637
1698882,5452
1698888,3557
1699698,3815
1699896,4305
1700243,3335
1700554,4156
1700779,3055
1700956,2992
1701127,4076
1701286,3970
1701479,3844
1701830,3975
1702161,5566
1702299,3562
1702456,3458
1702609,3370
1702768,3259
1702907,5002
1703010,3971
1703046,4118
1703091,4155
1703137,4165
1703171,3385
1703354,3253
1703990,3306
1704163,4023
1704347,3755
1704501,3760
1704927,3388
1705167,3580
1705319,3418
1705461,3336
1705908,3229
1706140,3083
1706328,3261
1706462,3352
1706684,3495
1706816,3506
1707123,3624
1707509,3715
1707666,3757
1707786,3756
1707919,3777
1708788,3184
1708858,4187
1709016,4351
1709139,4063
1709272,4041
1709427,3989
1709563,3564
1709817,3441
1709931,3552
1709956,3555
1710092,3535
1710306,3579
1710446,3513
1710567,3494
1710578,3642
1710678,3657
1710886,3567
1711784,3228
1712048,3211
1712200,3395
1712257,3549
1712314,3733
1712376,4395
1712430,4616
1712499,4669
1714401,2875
1714506,3714
1714686,3384
1714708,5254
1714830,3145
1714998,5034
1715153,4636
1715189,4330
1715219,4658
1715247,4759
1715283,4800
1715312,4821
1715341,4840
1715369,4860
1715400,4556
1715430,3028
1716551,3727
1717456,3261
1717622,4430
1717872,2951
1718047,2877
1718308,3924
1718529,3199
1718539,4081
1718704,3767
1718867,3953
1719035,3904
1719188,3880
1719344,3830
1719601,3870
1719738,4077
1720059,3310
1720545,3791
1721509,3219
1722746,3257
1722920,3189
1723275,3047
1723466,3127
1723590,3465
1723628,3546
1723686,3322
1723862,4276
1723930,4304
1723944,3211
1724506,3446
1724818,3941
1724950,3538
1724983,3973
1725143,3908
1725301,3564
1725481,3640
1725771,4181
1725840,4151
1725964,4040
1726180,3927
1726354,4148
1726379,4092
1726689,4130
1726712,4572
1726849,4260
1726884,4791
1727266,3894
1727420,4197
1727583,4511
1727732,5041
1727739,4164
1727795,5091
1727917,4616
1728080,4507
1728234,4515
1728395,4483
1728560,4394
1729195,3927
1729267,3947
1729363,4219
1729516,4325
1729680,4271
1730049,3851
1730541,3850
1730667,3900
1730812,3857
1730850,4189
1731004,4121
1731123,4079
1731339,5245
1731967,3776
1732179,3679
1732380,3564
1732673,3851
1732946,3782
1733406,3403
1733474,3967
1733997,3634
1734027,3135
1734150,3161
1734292,3663
1734414,3629
1734429,3713
1734590,3800
1735733,3099
1735892,3023
1736031,3358
1736054,3790
1736091,4663
1736150,4656
1736186,4669
1736213,4795
1738452,2844
1738471,2902
1738713,3021
1738867,2923
1739067,2883
1739223,2867
1739246,3201
1739385,3115
1739428,3290
1739741,3218
1741316,3000
1742107,3130
1742130,3160
1742285,3320
1742310,3390
1742451,3562
1742602,3533
1742631,3272
1742796,3696
1742842,3837
1742991,3823
1743028,3746
1743098,3865
1743148,3916
1743236,4016
1743418,4035
1743535,3979
1743658,3955
1743829,3980
1743849,3955
1744062,3853
1744370,4010
1744402,3743
1744553,4194
1744669,3963
1745067,3917
1745118,3806
1745562,3795
1745712,3734
1745828,4259
1745972,3902
1746109,3880
1746248,4464
1746895,4180
1747074,4624
1747288,4329
1747308,4429
1747447,4369
1747604,4297
1748211,3798
1748517,3689
1749782,3303
1749957,3232
1750119,3022
1750143,3364
1750297,3262
1750330,3223
1750754,3362
1750773,3235
1750917,3141
1752302,2838
1752511,2885
1752540,3436
1752688,3115
1752884,3416
1753050,3887
1753186,3929
1753342,3858
1753623,3875
1753773,4088
1753954,3958
1754153,3655
1754173,3721
1754294,3673
1754430,3588
1754572,3618
1754744,3511
1754780,3971
1754818,4096
1755006,3583
1756093,3170
1756117,3429
1756318,3685
1756340,3562
1756442,4132
1756492,3951
1756697,3658
1756845,4375
1756867,4180
1757539,3935
1757603,3973
1757721,3950
1757923,3807
1759055,2987
1759082,3049
1759238,3135
1759376,3254
1759403,3740
1759547,3648
1759676,3937
1759723,3984
1759847,3938
1759932,4013
1760044,4425
1760052,4523
1760188,4529
1760319,4451
1762180,3665
1762219,3896
1762332,4125
1762422,3534
1762548,3668
1762802,4091
1762950,4051
1762973,3338
1763165,3438
1763312,3766
1763332,3614
1763472,4197
1763649,4093
1763786,4597
1763941,3948
1764084,4007
1764138,4095
1764395,3911
1765113,3292
1765287,3840
1765440,3738
1765594,4234
1767189,3055
1767208,3556
1767458,3628
1767511,3694
1767923,3351
1768122,3985
1768268,4247
1768458,4252
1768498,3789
1768631,3806
1768724,4200
1768960,4148
1769075,4240
1769262,4698
1769279,3538
1769607,3597
1769895,3421
1769935,4268
1770040,4060
1770076,3568
1770094,4289
1770132,4379
1771597,3422
1771751,3320
1771896,3675
1772191,4330
1772346,4630
1772544,4174
1772765,4162
1772952,4073
1773148,3931
1773350,3779
1773500,3679
1773696,3699
1773820,3883
1774987,2820
1775126,3860
1775163,2853
1775229,2881
1775358,3119
1775492,3124
1775629,3602
1775739,3734
1775926,3647
1776156,3819
1776310,3751
1776428,3717
1776541,3938
1776684,3845
1776805,4033
1778137,3304
1778309,3157
1778351,3147
1778501,3386
1778682,4041
1778826,4274
1779044,4207
1779280,4019
1779401,3751
1779550,3354
1779680,3521
1779686,4152
1779890,4526
1780040,4752
1780200,4541
1780240,3762
1780322,4159
1781574,3298
1781597,3594
1781890,3173
1782124,3276
1782342,3858
1782609,3451
1782922,3360
1782947,3273
1783095,3277
1783229,3252
1783357,4365
1783405,4850
1783441,4505
1783529,4300
1783867,4289
1784054,4153
1786015,3214
1786230,3129
1786385,3060
1786501,3062
1786684,3224
1786837,3331
1786979,3609
1787099,3956
1787226,3881
1787369,3789
1787534,3672
1787979,3403
1788029,3415
1788153,4069
1788254,3907
1788293,3617
1788420,3438
1788682,3319
1789748,2989
1789878,3414
1789976,3102
1789994,3386
1790151,3035
1790294,4662
1790333,3095
1790487,3384
1790680,3267
1790819,3382
1790946,3926
1791217,3842
1791547,3597
1791565,3679
1791715,3641
1791860,3595
1792838,3289
1793041,3185
1793373,2987
1793521,2982
1793989,3467
1795919,3077
1796765,2810
1796948,3010
1797108,3420
1797273,3054
1797283,3073
1797539,4370
1797941,2795
1798110,2882
1798265,2872
1798422,2861
1798574,3973
1798930,2924
1799197,3049
1799353,3072
1799517,4076
1799793,3002
1800035,2964
1800444,2780
1800813,3689
1800841,3023
1801138,2869
1801281,2825
1801400,2810
1801542,3505
1801565,3146
1802060,2904
1802078,3058
1804242,2795
1805870,3820
1806389,3363
1808588,3403
1808755,2794
1808942,2776
1809165,2908
1809277,2893
1809993,2770
1810141,2777
1810279,2943
1810418,2771
1810681,3026
1810863,4010
1813029,3166
1813260,2956
1813312,3104
1813435,3419
1813444,3737
1813562,3567
1813854,3405
1813871,3575
1814007,3517
1814145,4052
1814279,3857
1814566,3693
1814814,3439
1814980,3335
1815395,3233
1815846,3056
1816015,3084
1816049,3114
1816250,3311
1816283,3385
1816437,3388
1816453,3750
1816647,3951
1816680,4267
1817705,3428
1817723,3551
1817878,3524
1817926,3488
1818288,3303
1818426,3425
1819208,2892
1819368,3052
1819554,3316
1819883,3554
1819904,3425
1819959,3191
1820247,3373
1821488,3052
1821621,3757
1821683,2911
1821753,3280
1821949,3234
1822137,3139
1822312,3254
1822454,3489
1822573,3468
1822842,3338
1823364,3212
1823387,3122
1823589,3452
1824179,3083
1824341,3097
1824368,3221
1824624,3810
1824703,3416
1824896,3487
1825195,3338
1825435,3283
1826311,2993
1826347,3070
1826497,3096
1826616,3130
1826979,2971
1827165,3013
1827307,3198
1827438,3165
1827656,3530
1827780,3608
1827956,3049
1828214,3146
1828743,4000
1828760,3045
1829098,3209
1829498,4812
1829643,4376
1829713,4144
1830078,4281
1830203,4056
1830717,3407
1830886,3356
1831021,3786
1831224,4068
1831445,3790
1831586,3810
1831664,3683
1831671,3746
1831798,3689
1831922,3523
1831940,3594
1832120,3670
1832141,3588
1832269,3778
1832721,3469
1832848,3641
1833009,3492
1833189,3717
1833197,3730
1833352,4497
1833503,4686
1833690,4549
1833936,4354
1834099,4241
1835239,3712
1835548,3219
1835689,3212
1835856,3367
1836327,3589
1836517,3467
1836688,4575
1836721,3955
1837019,4702
1837070,3882
1837136,3916
1837321,4248
1837586,4420
1837710,4520
1837724,4340
1838017,4105
1838748,3779
1838913,4182
1838967,4251
1839001,3872
1839062,4314
1839123,4419
1839161,4696
1839198,4870
1839239,4926
1839255,3712
1839572,3816
1840153,3991
1840214,4017
1840451,4522
1840522,4774
1840694,4665
1840870,4549
1841014,4492
1841088,4525
1841175,4895
1841554,4372
1841763,4413
1841884,4385
1842270,4188
1842452,3974
1842592,4339
1843806,3401
1843897,3479
1844327,3141
1844439,3610
1844480,3897
1844709,4083
1844774,3954
1846595,3321
1847111,3570
1847249,3606
1847405,3501
1847688,3267
1847817,3492
1847953,3918
1847985,3234
1848086,3750
1848247,3679
1848408,3603
1848483,3737
1848527,3858
1848645,4145
1848711,3790
1848907,3976
1848916,4132
1849070,4081
1849319,3888
1849673,4181
1849804,4122
1850345,3748
1850555,4050
1850971,3756
1850993,3976
1851151,3883
1851358,3715
1851410,3787
1851484,3777
1851573,3927
1851767,4570
1851930,4128
1852313,4074
1852437,4000
1852730,4293
1852881,4279
1853018,4509
1853166,4415
1853284,4432
1853414,4407
1853576,4197
1853912,4365
1853977,4393
1855330,3373
1855557,3986
1855586,3789
1855822,3073
1856083,3843
1856123,4351
1856207,3877
1856345,4109
1856484,4265
1856671,4276
1856821,4453
1856849,4044
1857188,3903
1858077,3745
1858153,3207
1858212,3365
1858375,3391
1858522,3403
1858732,3139
1858901,3246
1859051,3339
1859072,4262
1859169,3282
1859217,3490
1859325,3830
1859430,4037
1859548,4057
1859664,4057
1860538,4210
1861159,3829
1861308,3514
1861764,3651
1862212,3232
1862233,3361
1862381,3289
1862551,4891
1862588,4905
1862683,3135
1862831,3072
1862968,4253
1863120,4048
1863222,3690
1863374,3784
1863666,3877
1863821,3777
1863847,4654
1863967,4590
1864138,3893
1864434,4018
1864609,3833
1865145,3606
1865293,3725
1865438,3671
1866213,3150
1866241,3341
1866391,3310
1866540,3949
1866561,4164
1866726,4105
1867313,4088
1867473,3980
1867592,4280
1867698,3805
1867830,3737
1867976,4115
1868160,4132
1868216,4095
1869734,2893
1869787,3203
1869864,3018
1870124,2842
1870143,2921
1870283,3178
1870318,3223
1871075,3516
1871222,3616
1871231,3683
1871371,3860
1871507,3866
1871661,3840
1872146,3765
1873471,3154
1873594,3367
1873663,3415
1873830,3762
1873952,3792
1873955,3401
1874080,3978
1874187,3608
1874334,3624
1874519,4377
1874669,3935
1874691,3766
1874835,3673
1875073,3810
1875253,3717
1875408,3700
1875927,3238
1876372,3373
1876742,3304
1876781,3201
1876914,3184
1877067,3432
1877181,3525
1877234,3640
1877439,4078
1877712,3795
1877862,4397
1878113,4351
1878222,4291
1879338,3428
1880068,3254
1880305,3069
1880328,3172
1880494,3437
1880538,3458
1880689,3421
1880753,3699
1880901,3602
1880928,3541
1881088,3795
1881227,3806
1881427,3759
1881577,3705
1881595,3873
1881696,3761
1881947,3651
1882097,4077
1882288,4399
1882889,3007
1883096,3034
1883403,2809
1883536,2784
1883685,4197
1883727,3221
1884105,3418
1884155,3450
1884294,3645
1885650,3507
1886209,2959
1886441,2902
1886461,3024
1886589,3256
1886851,3046
1886882,3436
1887001,3060
1887147,3279
1887165,3375
1887317,3466
1888148,3019
1888323,3272
1888408,2900
1888562,2884
1888612,3390
1888731,2802
1888866,3438
1889450,3178
1889656,3183
1889677,3302
1889866,3351
1889991,3305
1890148,3290
1891439,3180
1891705,3186
1891727,3436
1892291,3333
1892461,3470
1892498,3542
1893114,3301
1893523,3352
1893736,3130
1893921,3044
1893932,3112
1894102,3189
1894247,3096
1894306,3638
1894386,3067
1894542,3261
1894679,3473
1894698,3411
1894845,3638
1895094,3930
1895219,3859
1895331,3727
1895513,3647
1895698,3781
1895863,3686
1896003,3739
1896093,3993
1896181,3956
1897685,3294
1897976,3318
1898219,3514
1898376,3613
1898499,3629
1898533,3722
1898613,4140
1898683,3666
1898798,3764
1898824,3783
1899852,3378
1899915,3074
1899983,3194
1900124,4113
1900284,3139
1900303,3262
1900444,3552
1900470,3614
1900608,3572
1900673,4080
1900701,4086
1900853,4154
1900857,4413
1901042,4350
1901329,3916
1901534,3803
1901762,4225
1902811,3272
1903011,3211
1903035,3266
1903199,3765
1903336,5765
1903452,5549
1903607,5098
1903623,3893
1903690,4241
1903834,4184
1904064,4988
1904326,4102
1904515,4196
1904919,4000
1905044,3985
1906404,3059
1906442,3787
1906610,5771
1906684,3593
1906839,3487
1906999,3177
1907156,4034
1907202,4067
1907222,5206
1907246,5282
1907727,2838
1908225,3521
1908378,3425
1908453,3542
1910130,2802
1910286,2900
1910445,3286
1910906,3551
1911112,3398
1911266,4074
1911423,3304
1911573,3819
1911699,4070
1912848,2963
1912989,3042
1913010,3148
1913161,3198
1913300,3369
1913416,3337
1913552,3431
1914048,3061
1914291,2936
1914537,3932
1914787,2934
1914927,2847
1915063,3058
1915184,3033
1915674,3074
1915852,3085
1915879,3146
1916066,3551
1916226,3496
1916372,3710
1917843,3015
1917969,3089
1918185,3386
1918302,3550
1918340,3324
1918482,3550
1918512,3706
1918786,3346
1918996,3285
1919131,3546
1919288,3625
1919395,3742
1919431,3825
1919731,3594
1919777,3604
1919925,3813
1920527,3314
1920719,3262
1920891,3311
1921135,3625
1921399,3584
1921403,3444
1921546,3907
1921723,4214
1921747,3797
1921917,4079
1922051,3996
1922331,3880
1922348,3951
1923230,3705
1923382,3667
1923424,3563
1923528,3581
1923571,3794
1923619,4274
1923719,4486
1923869,4880
1924017,4819
1924062,4306
1924387,4570
1924563,4324
1924651,4339
1925040,4419
1925248,3923
1926477,3619
1926492,3395
1926512,3494
1926849,3320
1927010,3268
1927129,3236
1927196,3708
1927399,4070
1927453,3968
1927576,4126
1927687,4301
1927723,3993
1927879,4161
1928561,4429
1928592,4155
1928695,3875
1928871,3824
1929018,4127
1929143,3833
1930541,3620
1930558,3425
1930805,2944
1930959,2915
1930996,3267
1931193,3838
1931211,3636
1931295,3787
1931730,3401
1931890,3600
1932027,3598
1932181,3546
1932301,3797
1932683,3470
1933102,3397
1933175,3523
1935759,2983
1935818,3684
1935865,3713
1936074,4180
1936193,4076
1936203,4159
1936308,4357
1936351,4599
1936498,4505
1936711,4375
1936730,4947
1936874,4878
1937045,4916
1937121,4777
1937261,4752
1937696,4422
1937829,4384
1938219,4108
1938352,4117
1938491,4126
1938618,4543
1938888,3979
1938911,4834
1939051,4721
1939093,4776
1939127,4894
1939337,4999
1939530,4880
1939609,5473
1939721,5452
1939854,5371
1939875,5551
1940057,6011
1940309,5813
1940447,5756
1940462,5824
1940601,5904
1940701,5851
1942436,4824
1942675,4533
1942689,4423
1942819,4490
1942960,4522
1942988,4427
1943206,4355
1943249,4334
1943390,5057
1943408,5150
1943517,5195
1943540,5347
1943721,5296
1943872,5265
1944031,5192
1944175,5349
1944200,5670
1944683,4929
1944899,4857
1944915,5010
1945247,4768
1946369,4313
1946589,3969
1946854,4064
1947038,4253
1947139,5076
1947260,4159
1947396,4442
1947574,4520
1947692,4760
1947809,4647
1947848,4757
1948050,5398
1948928,5181
1949107,4931
1949315,4842
1949346,4192
1949474,4776
1949594,4286
1950356,3991
1950532,3827
1950730,3560
1950748,3840
1951104,3906
1951120,4550
1951519,3572
1951772,3434
1951922,3812
1951946,3835
1952019,4069
1952289,3867
1952878,3744
1953046,3656
1953173,3762
1953538,3804
1954385,3035
1954554,3210
1954896,3562
1955043,3328
1955175,3372
1955343,4091
1955486,4035
1955715,3603
1955887,3722
1955913,4329
1956155,4679
1956194,4100
1956280,4615
1956373,4581
1956580,4037
1956683,4341
1956718,4368
1957410,3357
1958040,3237
1958208,3119
1958770,3382
1958953,3323
1959015,3068
1959113,3250
1959270,3488
1959441,3370
1959611,3932
1959987,3522
1960151,3464
1960306,3431
1960441,3380
1960684,3511
1960719,4505
1961105,4051
1961144,3407
1961291,3341
1961427,3729
1961467,3605
1961694,3753
1961990,3572
1962422,3240
1962954,3004
1962967,3015
1963116,3062
1963598,3638
1963772,3713
1963939,3598
1963977,3555
1964517,3596
1964695,3497
1964717,3239
1964787,3274
1965781,3901
1965809,3215
1966017,3225
1966046,3285
1966154,3303
1966202,3537
1966223,3142
1966376,3505
1966522,3694
1966675,3592
1966826,3492
1966993,3570
1967774,3122
1968073,3723
1968251,3097
1968434,3306
1968581,3899
1968767,3189
1969367,3202
1969506,3500
1969539,3523
1969879,3452
1970046,3370
1970071,4038
1970338,4522
1970985,3523
1971027,4098
1971151,3570
1971160,4157
1971372,3684
1971501,4311
1971698,3967
1971974,3777
1971996,3854
1972123,3813
1973224,3363
1973455,3264
1973476,3332
1973601,4455
1973620,3583
1973690,3862
1973809,4120
1973938,4269
1973965,3551
1974248,3908
1974390,4281
1974531,4378
1974548,4415
1974662,4375
1974893,4387
1974912,4397
1975155,4342
1975401,4151
1975646,4130
1976541,3381
1977588,4589
1977613,3668
1977887,3289
1978040,3192
1978271,3083
1978290,3184
1978433,3501
1978485,3512
1979462,3196
1979590,3322
1979703,3093
1979827,3158
1979973,3133
1980014,3658
1980149,3579
1980269,3717
1980397,3797
1980468,3314
1980501,3435
1981194,4644
1981353,3787
1981383,3442
1983259,2931
1983396,2893
1984019,3279
1984053,3060
1984206,3272
1984323,3401
1984335,3221
1984531,3287
1984655,3392
1984814,4417
1984875,4268
1984976,3485
1985091,3001
1985241,2979
1985450,3361
1986386,3382
1986531,3303
1986713,3414
1986944,3263
1987016,3820
1987145,4465
1987187,4550
1987218,4644
1987247,5376
1987281,5291
1987304,3737
1987320,5494
1987344,5559
1987714,3260
1988043,3718
1988302,4475
1988500,4332
1988953,4049
1989534,3948
1990307,3316
1990343,3550
1990496,3429
1990878,3228
1991222,3060
1991439,3676
1991529,3140
1991716,3707
1991870,3605
1992018,3517
1992162,4195
1992873,3854
1993023,3914
1993082,3544
1993211,3654
1993326,3816
1993453,4588
1993593,3764
1994420,3733
1994513,3038
1994942,2811
1994959,3244
1995114,3480
1995262,3502
1995292,3748
1995430,3663
1995571,3572
1995697,3498
1995749,3825
1996175,4135
1996189,3818
1996356,3819
1998352,3134
1998501,3511
1998733,3609
1998877,3732
1998918,3984
1999124,3723
1999267,3664
1999319,3698
1999426,3762
1999882,3732
2000139,3418
2000548,3254
2000766,3298
2000932,3261
2000982,3378
2001053,3391
2001136,3421
2001191,3752
2001326,3687
2001354,3505
2001554,3664
2001669,3600
2001721,3714
2001838,3728
2001900,3953
2002087,4145
2002717,4250
2002944,4125
2003082,4073
2003216,4184
2003352,4165
2004550,3489
2004618,3438
2004681,3591
2004800,3524
2004952,3994
2005050,3962
2005088,4363
2005243,4320
2005339,4132
2005494,4341
2005601,3960
2005617,4119
2005963,3823
2006042,4220
2006248,4072
2006516,3769
2006744,4012
2007014,3820
2007197,3687
2007234,3933
2009077,3408
2009304,3409
2009589,4518
2009750,3318
2009903,3635
2009952,4179
2010037,4130
2010101,4082
2010404,3863
2010558,4348
2010568,4979
2010678,4205
2010793,4880
2011002,4724
2011246,4654
2011555,4292
2011712,3767
2011864,3752
2011891,3827
2012075,3820
2012215,3862
2012366,3652
2012486,3645
2012702,3528
2012832,3490
2013083,3338
2013118,3487
2013230,3447
2013404,3490
2013546,3755
2013580,4664
2013661,4263
2013815,4213
2013969,4644
2016705,3252
2016724,3125
2017054,3118
2017195,2843
2017313,3260
2017478,3145
2017507,2929
2017689,3456
2017718,3982
2017867,3907
2017976,3270
2018118,3463
2018141,3717
2018306,3749
2018450,4103
2018481,3479
2018622,3624
2018685,3420
2018711,4139
2018863,3931
2018938,3553
2019291,3609
2019596,3354
2022944,2974
2023404,2831
2023690,2888
2023853,3123
2023874,3256
2024057,4564
2024079,3322
2024156,3857
2024235,3523
2024278,3642
2024389,3541
2024424,3676
2024682,3520
2024851,3927
2024876,3637
2025426,4147
2025455,4576
2025603,4105
2025626,4584
2026061,3768
2026200,4061
2026335,3809
2026429,3889
2026587,3852
2026722,4372
2026878,4986
2027013,4955
2027138,4780
2027278,4892
2027997,5524
2029039,3365
2029217,3555
2029371,3474
2029530,3469
2029696,3648
2030051,3414
2031458,2921
2031669,3345
2031740,3095
2032003,3056
2032215,3260
2032241,3315
2032365,3379
2032540,4028
2032566,3587
2032691,3564
2032783,3556
2032850,3839
2033219,3408
2033858,2922
2034040,2842
2034201,3346
2034225,3037
2034368,3494
2034504,3408
2034774,3579
2034932,3370
2035079,3536
2035215,3691
2035769,3802
2036971,3019
2037085,2962
2037105,3044
2037237,3152
2037361,3234
2037512,3523
2037560,3928
2037698,3493
2037983,3875
2038008,3724
2038145,3848
2038302,4419
2038495,3850
2038628,3902
2038688,4109
2039128,3545
2039247,3651
2039263,3573
2039381,3572
2039472,3640
2040423,2955
2040475,3434
2040680,3230
2040710,3629
2040877,3458
2040920,3924
2041046,3853
2041175,3774
2041317,4250
2041511,4438
2041681,4648
2043507,3003
2043688,3181
2043723,3250
2043940,3805
2043958,3825
2044040,4066
2044174,4357
2044216,4542
2044345,4464
2044495,4676
2044514,4716
2044674,4717
2044701,5261
2044842,5246
2044993,5174
2045021,5781
2045164,5292
2045282,5467
2046564,5212
2046598,4631
2046615,4465
2046975,4351
2047123,4178
2047161,4315
2047300,4581
2047437,4687
2047507,4601
2047559,4619
2047800,4502
2047830,4908
2047948,4764
2048152,4730
2048170,4827
2048358,5186
2048719,5067
2048950,5263
2049178,4956
2049271,5016
2049424,5195
2049440,5381
2049580,5293
2050098,5205
2050289,4958
2050491,4901
2050613,4827
2050914,4674
2051070,4746
2051933,4578
2051951,4814
2052374,4502
2052499,4556
2052776,4341
2052939,4341
2053109,4295
2053136,4777
2053280,5479
2053306,5621
2053453,5117
2053513,5458
2055025,4413
2055062,4483
2055503,4299
2055814,6318
2055954,7970
2056006,8022
2056182,8897
2056360,8811
2056564,8757
2056587,8955
2057606,7972
2057669,8874
2057676,9037
2057829,8795
2057971,8753
2058090,8742
2058201,8735
2058393,8726
2058438,8704
2058587,8624
2058625,9155
2058672,8633
2058772,8765
2058791,8686
2058931,8771
2059140,8823
2059303,8530
2060605,8700
2060701,7253
2060841,7918
2060903,8306
2061054,8734
2061084,8407
2061173,8775
2061225,8498
2061364,8474
2061404,8484
2061521,8487
2062177,7893
2062342,8213
2062362,7967
2062461,8609
2062563,8047
2063081,7976
2063114,8309
2063195,7813
2063254,8156
2063372,7969
2063393,7966
2063592,8873
2063754,9709
2063756,8837
2064282,8467
2064427,8432
2064446,9313
2064617,8447
2064684,8458
2065090,8156
2065234,8110
2065618,8641
2065936,7590
2066127,7574
2066329,8477
2066510,8353
2066859,8129
2067257,7861
2067594,7521
2068188,7204
2068795,6545
2068826,6608
2069288,7716
2069434,7623
2069552,7817
2070147,7044
2070326,6952
2070447,6916
2070560,6887
2070900,6645
2071176,6455
2072012,5972
2072031,6084
2072207,7129
2072345,7043
2072491,6999
2072609,6665
2073613,5828
2073843,5745
2075150,4389
2075168,4149
2075317,4084
2075468,4041
2075502,4191
2075610,4597
2075631,4295
2075735,4416
2075965,4236
2076003,4305
2076125,4496
2076701,4903
2076805,4729
2076912,4810
2077054,4979
2077203,4974
2077446,5441
2078978,4556
2079138,4560
2079629,5640
2079677,4512
2079811,5288
2079966,5030
2080049,5384
2080332,5081
2080466,5085
2080683,4962
2080744,4987
2080805,5362
2080926,5172
2080959,5408
2081059,5245
2081088,5345
2081186,5306
2081203,5731
2081619,5265
2082277,4714
2082422,4620
2082552,4540
2082691,4524
2082693,4448
2082882,4465
2082940,4533
2083004,4900
2083088,4624
2083229,5151
2083366,5374
2083502,5296
2083680,5336
2083837,5446
2083844,5787
2083960,5565
2084013,6264
2084337,5998
2086512,4806
2086968,4454
2087181,4307
2087347,4243
2087480,4257
2087595,4211
2087741,4165
2087782,4178
2087916,4394
2087945,4229
2088091,4157
2088203,5061
2088211,5157
2088357,5117
2088435,5100
2088581,5233
2088688,4931
2088832,4887
2089125,4836
2089325,4781
2089712,4542
2089908,4584
2089946,4638
2090070,4636
2090354,4511
2090873,4036
2091903,3323
2092095,3183
2092257,3069
2092378,3015
2092392,3140
2092529,3349
2092543,3467
2092722,4726
2092774,4050
2092886,5245
2092915,4371
2093099,4368
2096504,3044
2097066,2799
2098234,2814
2098358,2841
2098520,2834
2099301,2948
2099482,4397
2100091,2780
2100239,2763
2100345,2916
2100502,3587
2100670,3481
2100824,3378
2101080,3177
2101214,3092
2101363,3019
2101499,3095
2101618,3081
2101763,3179
2101910,3082
2102019,3060
2102224,3195
2102347,3153
2102476,3076
2102613,3762
2102905,3257
2103088,3190
2103375,3104
2103488,3299
2103740,3154
2103912,3395
2104155,4765
2105087,4032
2105984,3239
2106570,6126
2106745,8951
2106939,4148
2106945,8802
2107074,3569
2107236,3955
2107396,6101
2107447,4663
2107495,5520
2107544,5725
2107600,5811
2107656,5936
2107702,6043
2107754,6045
2107801,6046
2107847,7396
2107891,6166
2107940,7201
2107986,7207
2108031,7434
2108078,7548
2108129,7666
2108186,7737
2109628,5236
2109949,5293
2110108,5186
2110249,5265
2110383,5644
2110524,5569
2110682,5590
2110819,5560
2110955,6436
2111110,6821
2111254,6757
2111389,6491
2111533,6293
2111680,6381
2111834,6388
2111973,6138
2112117,6240
2112259,6089
2112388,6126
2112525,6563
2112881,6439
2113100,6529
2114389,5539
2114425,5738
2114687,5772
2114931,6121
2115311,5405
2115466,5834
2115700,5348
2115846,5252
2116465,4683
2116628,4725
2116808,5480
2117007,6256
2117129,6187
2117440,5977
2117579,5787
2117664,5867
2118363,4610
2118558,4555
2118718,4541
2118857,4559
2118953,4827
2119116,4745
2119250,4661
2120323,3638
2120362,4054
2120677,3864
2120821,4258
2120847,3819
2121093,4319
2121266,3890
2121401,3703
2121422,4514
2121563,4724
2121615,4744
2122229,4168
2123048,3906
2123559,4423
2124571,3607
2124699,4006
2124720,3572
2124922,3914
2124942,3613
2125116,3670
2125256,3630
2125280,4119
2125422,4221
2125927,3769
2126711,4018
2126727,3835
2127073,4172
2127245,4191
2127403,4107
2127557,3800
2128427,3623
2128578,3416
2128657,3358
2128824,3581
2128969,3488
2129007,4123
2129093,3799
2129156,4064
2129238,3779
2129290,4165
2129447,4132
2129482,4207
2129712,4044
2129770,4192
2129958,4103
2130102,4149
2130254,4166
2130304,4182
2130399,4184
2131221,3658
2131531,3924
2131800,3434
2132094,3313
2132250,3655
2132373,4460
2132515,4589
2132686,3826
2133177,4071
2133297,3471
2133470,3771
2133646,3729
2134578,3805
2134694,3314
2134724,3357
2134911,3849
2135066,3785
2135091,3915
2135248,3847
2135453,3729
2135515,3753
2135671,4620
2135806,4499
2135825,3644
2136028,3578
2137677,3248
2137746,3693
2137897,4029
2138119,4776
2138146,3687
2138223,3697
2138513,3967
2139290,3749
2139560,3354
2139697,3815
2139879,3686
2140133,3479
2140395,3340
2140430,3292
2140554,3586
2140574,3836
2140693,3519
2140741,3541
2140876,3685
2141009,3753
2141036,3804
2141145,4054
2141278,3971
2141294,3819
2142302,3389
2142362,3342
2142492,3396
2142497,3483
2142717,3793
2142744,4477
2143096,3766
2143268,3805
2143484,3784
2143787,3737
2144869,3364
2144930,3238
2144977,3214
2145301,3452
2145332,3612
2145485,3583
2145523,3459
2145723,3419
2145750,3685
2145933,3738
2146071,3653
2146313,4767
2147023,3378
2147185,3360
2147341,3693
2147360,3345
2147430,3437
2147568,3565
2148977,2892
2149131,3228
2149275,3168
2149312,3572
2149474,3469
2149479,3506
2149615,3644
2149683,3449
2150397,3824
2150595,3880
2150626,3914
2150714,4832
2150888,3703
2150907,3969
2151121,3802
2151436,4598
2152515,3082
2152532,3492
2152696,3406
2152735,3790
2152780,3851
2152994,3288
2153275,3305
2153299,3297
2153450,3278
2153588,3660
2153615,3836
2153747,4053
2153881,3969
2153899,4165
2154055,4106
2154274,4281
2154442,4610
2154582,4418
2157009,3144
2157190,3092
2157355,3023
2157503,4220
2157535,3371
2157733,3288
2157944,3444
2158093,3380
2158270,3301
2158390,3358
2158545,3289
2158706,3320
2158841,3315
2159026,3182
2159094,3216
2159209,3124
2159298,3195
2159330,3424
2159481,3324
2159484,3472
2159952,3256
2162559,5510
2163695,3633
2163715,4474
2163970,3443
2164145,4150
2164157,3070
2164233,4311
2164280,4397
2164326,4474
2164370,4713
2165299,3165
2165478,3141
2165690,3152
2165851,4812
2165908,4339
2165969,3304
2166161,3227
2166208,3165
2166327,3242
2166362,3684
2166494,5761
2166513,3626
2166559,5595
2166605,5600
2166830,3514
2166979,3770
2167136,3952
2167338,3802
2167525,4571
2167698,4779
2167874,4593
2169495,5655
2169690,3354
2169712,5545
2169867,5218
2170467,4736
2171677,4193
2171725,8202
2171756,5076
2171790,5223
2171824,5905
2171856,5821
2171881,8562
2171907,6020
2171938,6115
2171964,6372
2171994,6537
2172024,6877
2172048,6802
2172073,7034
2172098,7740
2172123,8107
2172154,8135
2172178,8196
2172371,3746
2172752,4009
2173615,4332
2173820,4285
2173997,4814
2174264,5180
2174403,5312
2174522,5558
2174643,5489
2174856,5627
2174996,5583
2175118,6297
2175229,6252
2175341,6212
2175908,5924
2176116,5784
2176279,5743
2176445,5690
2176749,5563
2176897,5504
2177131,5864
2177294,5754
2177467,6253
2177809,5991
2178107,5779
2178148,5935
2178589,5500
2178891,5511
2179268,5036
2179611,5605
2179757,5314
2179910,5438
2180067,5257
2180282,5141
2180471,5116
2180617,5471
2181461,4678
2182267,3929
2182412,3832
2182678,3636
2182831,3554
2182865,3833
2183000,3759
2183208,3706
2184221,2903
2184455,3164
2184476,2940
2184618,3232
2184837,3270
2185754,3471
2185941,3521
2186682,3443
2187263,3577
2187424,3474
2187886,3144
2188150,2986
2188171,2948
2188368,2853
2188404,4055
2188496,3267
2188515,3856
2188552,4348
2188622,4703
2188662,3210
2188847,2778
2189126,2838
2189262,3348
2189530,3416
2189951,3532
2190070,3459
2190169,3601
2190337,3540
2190668,3404
2192003,2845
2192152,3035
2192373,4256
2192574,4438
2192660,4249
2192802,4160
2192940,3473
2193106,4076
2193145,4231
2193353,3904
2193573,3733
2193798,3659
2193922,3838
2194278,3737
2194414,3635
2194689,3427
2194837,3377
2194932,3934
2195288,3236
2195427,3282
2195470,3382
2195552,3557
2196130,3068
2196191,3095
2196253,3131
2196467,3022
2196674,3775
2196701,4038
2196798,4011
2196858,4079
2197849,3354
2197892,3467
2198054,3718
2198203,3400
2198690,3571
2198926,3559
2199108,3827
2199248,3819
2199377,3741
2199514,3690
2199660,4077
2199867,3944
2199989,3870
2200132,5034
2201405,3814
2201449,3060
2201578,3011
2201732,2964
2201884,3028
2201929,2865
2202156,2968
2202307,3025
2202476,2933
2202528,2990
2202665,3858
2202894,3394
2203147,3439
2203285,3474
2203415,3700
2203826,3413
2205567,3130
2205669,2911
2205767,3285
2205932,3266
2206308,3569
2206443,3527
2206586,3655
2206690,3781
2206825,3722
2207005,3758
2207275,3613
2207324,3493
2207472,3434
2207502,3794
2207593,3732
2207672,3859
2207794,3786
2207935,3548
2207951,4436
2208093,4145
2208153,3762
2208279,4182
2208428,4148
2208576,4430
2208690,3830
2208725,4403
2208744,4450
2208800,3561
2209293,3772
2209472,3675
2209551,3750
2209984,4005
2211002,3794
2211155,4022
2211394,3834
2211603,4167
2212471,3438
2212783,3419
2213590,2800
2213605,3348
2213674,3016
2213736,3514
2213863,3440
2214093,3049
2214134,3236
2214265,3088
2214536,3171
2214553,3221
2214902,3201
2214941,3931
2215028,4554
2215066,3858
2215244,3858
2215368,3684
2215503,3496
2215682,3468
2217208,2919
2218191,2820
2218366,2970
2218532,3403
2218784,3167
2219031,3554
2219230,3530
2219373,3364
2219405,3350
2219788,3260
2220436,3052
2220481,4705
2220616,5349
2220829,2942
2221162,3087
2221243,4938
2221407,4665
2221428,3303
2221566,3715
2221725,3903
2221766,4552
2221966,4303
2222117,4066
2222152,4678
2222277,4605
2222414,4565
2223139,3681
2223324,3587
2223581,3456
2223982,3194
2224074,3693
2224169,3163
2224309,3216
2224368,3945
2224470,4354
2224537,3283
2224812,4065
2224831,3596
2224979,3948
2225131,3844
2225296,3921
2225460,4536
2225466,4010
2225618,3967
2225797,3898
2227597,3011
2227771,3008
2227895,3945
2227932,4048
2227964,4059
2228454,3163
2228861,3051
2229031,3336
2229053,3380
2229157,4745
2229350,4618
2229484,4837
2229617,3763
2229668,3643
2230136,3096
2230463,3916
2230619,3405
2230873,2866
2230888,3084
2232570,3562
2232738,3495
2232966,3219
2233120,4595
2233167,4777
2233211,4860
2233416,4071
2233580,4143
2234059,3758
2234102,3359
2234268,3494
2234468,4376
2234581,3993
2234612,3590
2234692,4028
2234823,3455
2234961,3395
2235591,4089
2235621,4435
2235693,3886
2235869,3654
2235945,4013
2236114,3932
2236247,3902
2236393,4159
2236514,4089
2236627,4078
2236882,4138
2237036,4363
2237052,4436
2238456,3389
2238588,3800
2238686,3253
2238763,3560
2238915,3996
2239060,4572
2239248,4315
2239315,4451
2239465,4590
2240070,3796
2240274,3967
2240294,3752
2240396,3896
2240458,4035
2241445,3282
2241521,3420
2241661,3381
2241681,3501
2241841,3413
2242009,3445
2242153,3353
2242223,3625
2242415,3625
2242535,3618
2243127,3700
2243275,3696
2243405,3634
2243667,3980
2243928,3804
2244077,3730
2244109,4450
2244265,4541
2245212,3878
2245361,3785
2245394,3309
2245571,4321
2245773,3084
2245911,3257
2246050,3394
2246189,3477
2246242,3602
2246365,3664
2246476,3599
2246603,5059
2246623,3682
2246802,4067
2246862,3749
2247022,4733
2247196,3991
2248123,3236
2248280,3130
2248512,3230
2248733,3122
2248856,3196
2249186,3027
2249685,5625
2249850,5667
2250021,5391
2250128,5918
2250140,5630
2250288,5609
2250319,5590
2250429,5614
2250546,5796
2250685,5539
2250749,5728
2250903,5871
2250940,5741
2251023,5669
2251087,5633
2251204,5597
2251263,5916
2251404,5807
2251541,5517
2253086,5191
2253259,5046
2253392,4938
2253537,4906
2253818,5625
2254012,8699
2254022,11085
2254190,10770
2254204,11107
2254351,11038
2254367,11184
2254528,10548
2254536,11130
2254726,10974
2254745,11154
2254895,10910
2254911,11097
2255060,11036
2255082,11183
2255214,10962
2255373,11145
2255560,10648
2255578,10706
2255727,10659
2256587,10404
2256998,9484
2257148,9425
2257282,9767
2257415,9748
2257549,9360
2258069,9317
2258238,9076
2258359,9078
2258480,9059
2258665,8950
2258811,8965
2258956,8907
2259279,8720
2259482,8468
2259499,8556
2259964,8204
2260111,8177
2260133,8274
2260259,8274
2260425,8518
2260591,8484
2260613,8391
2260746,8229
2260984,8145
2261155,8112
2261202,8220
2261425,8097
2261599,14453
2261966,7918
2261982,13240
2262171,13379
2262407,14920
2262743,14446
2262911,14186
2263051,14151
2263214,13830
2263332,13929
2263456,13969
2263616,13980
2263724,13765
2263731,14528
2263788,14666
2263840,14823
2263922,14961
2263977,15027
2264145,13712
2264321,13508
2264501,13465
2264729,13370
2264813,13224
2264914,13231
2265196,13162
2265505,13049
2265911,12870
2266630,12491
2266727,12513
2267087,12277
2267836,11657
2271037,8570
2271178,8572
2271234,8627
2271441,8559
2271606,8901
2271628,8500
2271699,8564
2271820,8564
2271973,8657
2272122,8683
2272278,8615
2272434,8559
2272584,8650
2272910,8379
2273069,8277
2273137,8448
2273246,8412
2273408,8341
2273567,8322
2273730,8280
2273904,8226
