354,3474
1049,3553
1394,3501
1719,3862
2043,3449
2951,3724
2964,3546
3655,4500
4245,3840
4597,4032
5198,4313
6743,4337
6815,3729
7703,4445
7923,4332
9033,5336
9080,5088
9185,5390
9414,4308
10078,4805
10518,5463
11139,4785
12101,3602
12847,4085
12870,3814
13164,4255
13328,5191
13456,4227
14677,4367
15900,3483
16155,4629
16971,5072
18765,5137
18807,6179
19282,5321
19453,4247
19585,4475
20201,4923
20268,4794
20989,3875
21965,4157
22618,3676
22752,5594
22923,5528
23095,5305
24084,4740
24966,5354
26178,4537
26395,4600
27091,4386
27107,3843
27364,4023
28028,4626
28125,6419
28260,4638
28420,4636
28814,4800
28931,5111
29244,4681
29638,5165
32054,5281
32261,3608
33634,5332
34491,3712
35263,3721
35373,4913
35541,6071
36285,6129
36307,6002
36434,5852
36667,7017
36905,7234
37487,5413
37589,5460
39641,5111
39770,5183
39930,5600
40099,6515
40278,4526
40532,5942
40578,4523
40662,5201
41125,5946
41284,5246
42244,5805
43264,3396
43943,4924
47281,3534
47616,5784
47785,6522
47826,5310
48728,5088
49812,5937
49844,4517
50951,5997
51125,4436
51664,6654
51823,3724
51824,5117
51991,3944
52190,4563
53061,4850
53103,4371
53231,5376
53390,4596
54497,3966
55209,4957
55292,3782
55874,4588
56768,4359
58886,4941
58904,4098
59508,4900
61407,4557
61710,5438
62041,3581
62186,5570
62279,5170
62401,6064
63269,5248
63532,5069
63563,4767
63977,4990
64026,5128
65766,4099
65789,3614
66418,4517
66552,4534
66698,4481
66894,5866
68073,3691
69147,4931
69401,3905
70110,5054
70557,3573
71509,4636
71798,3431
72324,4450
73758,3641
73917,3721
74170,5290
74990,5025
75297,3828
77181,3672
78278,3828
78445,4227
78952,3729
79160,4424
79303,3528
80106,5070
80260,3602
80274,5092
81107,4537
81239,3948
81360,4268
81509,5465
81710,5086
82251,7294
83294,4561
84054,4790
84278,5245
84448,4621
85994,4306
86448,4223
87762,4246
88025,4922
88084,7320
89075,6479
89689,7631
89801,7630
91516,4944
91689,5701
92162,6736
92570,5162
92594,9683
93001,9650
93057,6927
93299,8585
93715,8260
93910,7915
94186,9728
94348,8461
94580,9417
94810,8900
95030,9365
95268,7866
95795,7191
96019,7381
96664,7442
100393,5163
101124,3574
101170,6750
101261,4053
102148,3486
102641,4663
105132,4445
105757,3764
105906,3740
106458,3505
107978,4650
108103,5082
108309,4610
108505,4178
108536,5142
108675,4920
108877,5247
109184,5326
109319,5679
111022,4926
113071,3513
113808,4344
114015,4306
114454,4246
114948,4375
115075,3924
115111,4739
115376,6422
115643,5919
116193,5483
116421,5991
117468,5160
117819,4295
117922,5474
118249,5011
118576,5564
118752,6144
119350,5069
119366,4081
119707,4909
119910,5039
120519,3953
123839,3688
124816,4557
124984,4455
125543,4270
125908,4001
126353,3720
126898,3703
127345,5700
127551,4868
127857,4626
128038,4674
128418,4128
130509,4095
130844,4121
131123,3460
131787,3466
132021,3681
132872,4712
133019,4434
133328,6022
133664,4903
133723,7328
133916,7207
133933,6378
134075,6148
136055,5926
136142,4334
136394,5436
136563,5619
137122,5262
137306,5302
137684,5347
137779,5377
138695,6468
138906,5304
139359,5816
140629,6022
140735,5239
141172,4586
144435,3885
145732,7325
145796,9251
146019,5879
146161,7186
146278,6899
146420,5774
146707,5240
146829,5453
146968,5034
147110,6674
147258,4448
148113,6301
148139,6198
149751,5380
150060,6019
150111,6560
150422,6592
150585,9464
151095,7924
151273,8148
151396,7334
151535,7345
151747,6460
152028,7642
152324,5528
152449,7652
152579,6561
152719,6898
152851,5440
157352,5190
157991,4615
159283,3621
160071,3489
160253,3506
160649,5864
160804,6122
161221,5341
161260,4499
163374,13185
163544,5541
163717,7418
163861,8709
164009,9040
164064,6708
164189,5561
164354,6343
167249,6674
167462,5050
167638,8282
167795,9864
167947,8044
168107,8571
168269,7392
168431,11608
168581,9150
168768,10800
168921,8277
169079,8856
169261,5929
170328,7124
172735,7242
172899,6989
173288,4823
174263,5878
174385,7807
174432,9767
174466,14818
174508,10111
174547,14793
174590,12412
174608,10827
174639,13001
174657,10480
174711,10093
174927,13435
175036,13667
176498,6927
176965,10159
177477,10293
181126,7525
181451,9513
181596,12774
181889,13178
183045,11938
183197,11269
183293,10544
183453,10477
183766,9441
183899,9257
184033,9291
184458,8380
184647,7503
184832,8736
184977,7523
185165,8457
185276,6634
185530,7099
185678,4731
189415,6092
189561,5332
190433,5911
190984,8910
191820,8358
191902,8822
192522,6205
193535,4438
195654,5250
197493,3677
198073,4538
198168,5861
198419,4554
198476,5714
198975,5875
199049,6060
199255,5692
199641,5132
200207,9679
201988,7140
202303,4510
202833,7353
203111,6840
203200,6822
203276,6824
203396,5921
203595,9050
206279,9039
206384,12814
206489,10959
206568,10430
206655,12630
207114,10569
207203,14520
207281,5527
207434,16348
207635,11487
207790,9760
207938,16686
208113,9259
208321,8872
208483,11015
210654,9979
210963,12620
211048,12342
211413,12729
211665,10541
212552,9194
212754,6929
212980,9305
213154,7222
213608,7881
213786,12964
213969,12695
214179,12285
214558,11952
214649,10720
215553,9332
215658,10037
215910,9412
215988,9523
216063,13222
216200,14494
216364,12280
216435,12312
216496,13304
219917,10692
220070,9956
220576,9818
220731,8994
221772,7624
222426,7256
227796,5832
228022,5367
228062,4639
228696,4669
228959,5088
229586,5973
230055,5132
230421,4547
230769,5302
230894,4711
233576,3557
233636,3442
233888,4953
234103,4417
235454,6890
235646,4600
235934,4231
236132,8219
237475,5132
237670,7001
237705,7093
237873,6859
237938,6222
238258,6348
239064,4601
239883,5078
240073,5095
240641,9198
240973,7833
241161,6038
241272,6713
241591,9942
241704,5751
241892,7650
242393,9014
242658,8388
242836,9012
243071,8231
243403,7765
243535,7821
247748,4458
248039,6721
248189,6367
248282,6569
248388,7116
248601,6049
248745,5679
248898,6200
249981,7471
250157,6247
250797,5525
250853,6550
252467,4701
252640,5117
252783,5307
252918,5538
253097,6311
253265,7265
256056,7004
256435,5486
256614,5421
256800,5613
257196,4934
257497,4842
257784,4741
257927,4503
258119,4777
259762,4808
259902,3747
260064,4319
263368,4028
263402,4301
263683,4652
264153,5351
264830,4553
264995,8007
265489,6879
265884,6006
265962,5164
266035,5020
266132,5049
266583,11829
267017,8992
267166,9400
267397,16377
267541,10195
267776,9649
268374,12242
268448,13395
268608,9779
268832,14210
270879,10567
271380,5953
272046,7836
272451,11909
272812,7032
273057,9785
273201,9747
273266,9633
273527,9586
273644,9001
273776,8970
273901,8413
274032,8665
274165,8629
274336,9094
274583,15886
274757,15368
275130,15290
275271,14906
275497,14823
275660,14832
275794,13962
276022,13507
276159,13648
276579,12302
276715,10936
277568,6039
277802,12055
277946,11965
278079,12291
278211,8276
280112,12806
280287,7420
280429,12152
280580,11317
280715,11051
281675,10159
281803,10570
282013,8926
282189,5574
288609,4362
289344,6817
289938,4000
290973,5375
291026,5214
294030,3601
294203,7130
294480,3247
294826,4843
294971,4861
295110,5487
295616,6086
295754,5899
297913,4793
298058,4451
298417,5877
298571,4816
298691,5856
298808,7156
298931,5669
299067,5641
299496,8247
299698,7265
299860,7158
300002,9103
300141,6527
300291,10530
300435,10239
300625,12978
300773,11576
300920,12738
301162,15912
301810,12040
302357,12566
302545,13125
302740,13565
303137,12636
303454,11721
303817,11157
303959,11277
304188,11534
306764,10364
307873,8161
308624,10093
308848,11251
310982,9260
311137,9413
311305,13400
311452,14031
311595,15450
311779,14963
311918,14279
312076,14209
312867,13157
313353,10932
313685,11155
313883,11546
314022,10487
314172,11023
314397,12710
314551,10466
314753,14360
315005,16435
315276,15827
315801,17123
316066,15264
316208,14947
316239,15673
316340,14566
316701,11124
319263,9753
320375,8787
320584,7500
320687,7835
320857,7865
320957,8184
321066,7526
321173,6410
321464,9741
328769,5341
329283,7650
329616,5339
329792,7358
329956,7846
330244,6753
330395,6464
330739,4888
330940,5748
332000,5723
332195,6010
332431,5228
333010,4175
334781,8118
335167,5145
335343,7455
335495,7354
336086,19545
336312,6430
338795,6957
339040,8938
339280,6412
339435,8663
339570,8578
339712,6404
339855,6317
339990,6325
340163,5777
343393,5554
343564,6128
343712,6078
343852,8490
343987,10298
344119,4656
344475,5365
344518,9922
344549,9941
344578,15965
344607,15567
344649,9301
344680,9690
344709,10772
344739,16022
344775,14968
344809,15261
344839,16846
344869,14980
344904,15397
344938,15018
344968,16828
344998,14626
345029,16068
348828,11820
348987,12215
349112,11751
349496,12405
349866,13881
350382,19667
351273,14191
351504,19167
351651,19122
351807,18712
351992,18180
352134,30005
352378,23895
352552,21763
352692,25125
352840,25640
353119,25266
353376,26457
353516,26442
353658,26386
353994,26306
354120,26032
355034,26503
355165,26426
355634,22337
355798,25666
355916,26186
356065,21236
356196,21228
357316,19135
357498,20223
357658,19019
357825,26627
358070,19455
358341,19285
358508,18054
358673,20264
358834,24357
358991,22942
359155,25156
359297,25723
359354,25418
359408,25885
359461,25130
361169,34474
362453,23348
362617,20688
362770,20688
362940,22171
363097,22609
363271,20553
363422,23736
363574,22558
365568,21893
365733,21909
365900,21921
366058,34914
366247,22506
366405,34667
366566,35046
366728,34622
366893,34589
367059,34689
367226,33281
367386,33216
367552,33155
367725,33078
367887,32415
368044,32830
368208,32192
368377,31747
368545,31478
368711,31200
368877,30937
369034,33236
369192,38252
369396,30280
369561,29576
369725,29281
369884,29678
370574,32744
371279,31117
371447,31067
371608,31027
371765,36532
371915,29965
372072,29949
372248,29892
372415,40217
372581,40042
372740,39827
373967,39027
374418,38642
374599,38691
374879,38507
375050,39379
375224,39324
375400,39704
375738,39734
375904,40096
376068,39880
378569,38185
378767,38036
379020,37833
379188,22002
379270,37631
379439,37512
390015,27773
390542,28025
390783,19006
390980,18859
391112,18542
391306,18583
391468,21213
391605,17964
391738,19567
391875,22418
392007,24144
392191,15751
392348,17099
392467,17033
392604,24096
394317,44827
394523,44504
394693,39832
394848,40448
395008,32101
395164,32311
395329,29073
395490,33476
395651,31106
395805,31070
395963,31394
396119,31488
396283,31435
396441,32302
396603,32255
396766,32409
396926,22902
397085,22236
397281,22779
397443,22567
397623,36222
397796,35948
397960,36021
398126,36166
398292,36110
398460,34991
398666,34265
398838,15930
403819,29748
404019,27867
404200,25285
404357,27637
404534,27555
404699,27602
404858,27531
405024,27632
405189,27291
405361,27468
405521,27509
405680,27068
405846,27295
406019,26554
406183,25988
406358,22715
406712,23213
407536,22045
407683,22057
407971,21859
408121,19948
408721,38918
408975,38762
409114,38329
409280,38063
410611,39812
410772,39134
411364,38660
411559,47644
411708,47672
411875,47705
412031,43902
412152,46939
412247,47235
412385,47404
413181,46497
413690,30179
414049,37371
415132,36077
415293,44601
415516,29134
415656,32176
415788,31750
418340,26009
418631,25817
418865,25685
419071,28150
419370,24739
419518,24725
419656,24345
419840,14268
420759,68110
421186,66171
421445,67585
421754,66835
421954,66770
422078,66578
422194,69434
422282,66506
422418,66553
422684,69042
422806,69021
422920,57282
423033,57826
423395,58137
423521,58887
423679,59207
423823,59316
423944,59246
424066,57363
424205,57824
424595,57871
425465,56318
425635,46113
425795,45863
425961,46175
426126,44679
426310,44680
426372,47251
426431,46078
426483,47230
426535,46173
426591,47568
426640,46876
430370,46966
430543,46665
430703,46142
430873,46250
431050,45987
431226,45719
431413,45295
431573,45046
431723,44770
435450,43113
435621,42857
435779,42604
435932,42736
436086,42657
436521,42536
436696,42304
436853,42031
437004,41936
437160,25284
437319,41507
437476,27693
437633,29903
437806,31294
437961,24598
438113,24549
438290,24004
438511,12799
438664,11660
438821,10965
440339,25504
440540,33398
440759,32364
440949,32008
441112,31221
441587,32694
441839,32935
442019,27299
442187,28116
442371,27129
442543,28710
442707,27999
442873,27748
443032,27872
443198,27319
443368,22157
443540,18487
443702,27659
445269,39519
445439,39451
445595,39672
445746,39706
445903,41415
446058,45424
446243,45433
446399,45376
446551,45031
446710,44823
446890,44124
447048,43812
448522,42548
448689,42438
448843,43172
449007,46265
449162,51032
449288,51477
449346,52666
449392,49961
449445,43236
449505,43302
449557,43438
449622,43454
453300,38993
453478,39007
453643,38968
453798,40956
453959,40959
454112,39910
454622,40571
454784,40185
454938,40705
455106,40958
455275,41505
455439,41463
455604,41838
455765,41518
456068,41497
456241,41379
456403,41342
456576,41340
456739,41128
456900,42296
457058,42203
457230,23686
457393,34844
457557,34786
457728,35201
457898,37469
458060,36013
458262,35672
458434,36275
458592,35592
458754,35653
458915,35708
460392,34931
460583,35160
460758,35198
460929,35085
461096,35135
461270,35458
461439,35692
461605,35347
461775,35303
461945,21742
462116,21440
463330,20675
463501,20640
463658,20534
463824,20611
463987,20500
464148,20693
464327,20994
464485,21189
464653,22452
464822,22346
464999,22039
465333,26579
465673,34701
466006,34780
467756,33428
471661,20510
474941,26464
475113,26475
475311,26652
476342,23501
477186,24877
477306,23995
478324,23032
479690,22664
481168,21022
482061,20660
482495,20590
482917,20469
483296,20070
483759,17108
486334,18355
489184,16133
510806,3727
511299,3937
511460,4438
511820,4023
511887,4435
512097,4336
512358,6751
512573,6186
512739,5970
512896,6711
513055,5527
513211,5111
513516,4860
513677,7148
513836,5721
513987,6383
517309,10006
517861,6727
518138,4321
518406,10191
518791,9760
518939,9941
519135,9696
519257,9672
519436,7256
519639,14942
519777,16275
519998,16352
520117,8382
520251,6542
520382,6494
520515,6918
520667,15484
520853,15891
520974,15483
521101,15550
521282,15569
521468,15085
521651,11964
522169,13326
523480,12460
523715,15180
523936,16149
524123,17611
524242,16196
524419,17727
524598,15957
524902,20713
525066,18880
525452,15217
525610,15308
525796,19305
525975,18906
526130,18355
526263,18727
526382,19014
526522,18230
526991,18327
527253,16602
527812,16344
528015,16023
528155,15215
528623,15994
529345,11689
530934,12149
531108,12178
531289,12175
531443,12104
531596,12084
531750,12021
531904,11275
532067,29728
532264,31193
532425,30721
532585,31149
532751,30798
532912,30725
533071,30747
533444,31037
533723,31011
533895,31271
534054,30895
534240,30823
534416,30431
534691,29702
534858,29064
535017,29548
535178,29001
535324,28682
535599,28491
535769,28538
535920,34158
537320,44984
537502,45069
537664,45498
537818,45192
538715,43726
539007,43847
539169,28248
539288,28437
539340,42656
539389,44078
539440,42669
539493,43214
539543,22202
539597,21175
539649,21818
539706,27588
539758,27871
539807,28256
539871,27982
540206,27316
546303,26442
546477,26775
546647,14998
546803,14792
546956,14738
547117,34746
547285,36412
547437,31502
547587,28106
547739,29093
547905,29828
548059,29020
548240,26449
548288,28444
548443,29164
548594,27788
548752,26845
548908,25877
549485,28922
549849,34219
550017,34409
550176,34142
552382,22999
552561,24059
552725,24609
552894,25063
553063,25469
553372,25445
553550,31218
553714,30885
553873,30646
554038,31163
554203,30731
554386,30764
554553,30496
554721,30734
554880,30003
555040,29791
555202,29798
555396,29704
555566,28624
555742,28190
555911,22155
556089,21758
556284,21192
556468,20732
556659,17818
556827,18202
556991,18148
557163,17417
557356,26033
557525,34067
557707,33991
557876,33917
558283,33605
558461,34183
558627,33951
559361,34333
559532,34488
559695,35917
559854,35917
560016,35918
560181,36254
560371,35656
560538,35444
561887,34855
562059,34736
562245,35327
562419,28936
562586,28873
562754,29236
563278,43091
568141,50369
568292,33711
568343,33842
568388,33934
568438,33991
568496,35015
568550,49418
568597,49435
568650,49506
568700,49406
568757,49762
568810,49881
568858,49939
568925,49822
568972,50024
569046,50285
569100,33395
569173,27935
569409,49183
569607,49441
569786,49368
569962,49521
570137,49326
570314,49625
570419,52201
570477,47427
570538,52197
570596,47944
570655,52544
570712,52668
570780,52669
570840,42175
570891,42568
570949,42620
571005,52544
571055,42928
571110,42668
571164,42515
571233,42653
571288,45759
571345,46496
573856,45426
574143,45806
574321,30286
574872,29453
575457,28184
586144,42566
586236,38034
586360,40073
586789,39500
586979,39595
587134,39578
587309,39560
587473,39488
588395,38724
588614,38635
588773,38639
588926,38582
589077,38607
589683,38093
589836,38209
589972,38153
590126,38348
590310,38260
590449,39558
590583,39624
590715,39968
590859,40110
590998,40133
591127,40394
593840,38244
594087,38094
594240,38197
594384,38673
594507,39104
594620,38900
594777,39098
595096,24906
595295,23108
595448,23651
595640,24545
596065,43644
596576,44242
596829,44076
597156,22316
597253,43831
597375,43864
598253,40734
598770,40370
598926,40266
599109,31159
599290,35907
599764,42864
599931,43088
600101,29489
600284,29778
600409,30378
600551,31194
600672,31811
600818,31836
600968,32359
601458,33002
601609,31830
601765,32444
603773,31257
603925,33433
603948,31452
604118,20301
604426,20136
604711,19986
604879,20315
605050,20465
605211,20536
605383,20549
605546,36268
605707,36296
605869,36285
606030,36936
606194,22965
607358,22283
607522,22591
607692,23045
607852,23453
608013,23784
608167,33846
608319,24516
608496,24402
608670,24522
608833,25686
608992,24980
609159,25718
609360,25508
609519,29321
609683,31482
609847,31546
610008,31521
610274,27936
610326,29025
611277,27635
611446,24486
611613,24803
611792,24827
611979,24735
612145,23383
612291,23517
612454,24113
612625,23739
612831,23481
613113,22940
613290,22465
614288,33493
614452,33279
614612,32612
614759,32520
614915,32150
615167,32482
615542,31426
615698,31275
615857,30483
616416,30236
616567,30028
616733,29331
616878,28878
624921,17601
636477,11145
639260,8222
640689,7024
644477,3686
651277,3651
651342,5283
651851,3552
652131,4874
652725,3758
653659,3643
653917,4200
655165,4578
655453,3863
655820,3553
655979,4584
656033,8298
656520,4217
657394,5178
658151,5880
658977,5385
659103,5437
659434,7072
659598,6471
659758,5210
659989,5611
660135,5518
660256,5033
660484,4536
660751,5664
660888,6240
661289,5497
661415,6754
661528,6134
661655,5647
662255,5409
662408,5599
662661,5138
662801,3883
670962,7209
672966,8988
673285,9102
673296,6176
673833,6473
674149,14293
674272,7938
674323,10512
674781,7332
674799,10508
675451,10008
675468,10511
675634,13768
675785,13671
675935,10405
676097,11012
676301,10988
676456,10841
676614,10622
676943,11529
677314,15162
678104,16864
678287,16598
678472,18179
678479,17099
678640,15536
678800,15200
678964,14690
679132,14398
679303,16342
679582,15691
679749,16607
679916,14406
680077,13831
680643,12954
680806,12923
680965,15059
681131,17004
681316,16033
681477,15207
681637,14312
681790,14106
682475,19510
682648,19446
682829,18189
682844,16796
683319,17083
683351,17508
683518,13302
683684,13796
683846,13777
684414,13812
684562,15206
684700,15006
684843,15565
685148,13317
685360,15437
685510,16543
685656,13672
685814,14724
686041,14440
686177,12346
686577,9493
688605,11999
692270,9768
692510,8992
694072,6999
694292,7139
697810,5174
697982,4708
699575,3316
700816,4170
700942,4992
701920,4472
704482,5575
704662,5289
704980,3997
705662,7900
705722,7058
705812,5965
705972,7197
706128,15628
706312,6659
706435,6636
706572,14961
706707,15477
706889,6414
708405,5012
708606,13700
708766,13302
708961,12999
709119,12533
709428,12424
710340,12699
710515,12425
710670,11815
710829,15729
711000,18839
711167,12387
711301,15455
711455,15607
711613,15392
711767,11587
711918,11533
712072,11066
712233,10611
712364,10878
712521,10224
715228,7421
715429,18398
715595,19344
715749,20141
715905,20074
716065,20251
716263,20280
716419,19956
716456,19832
716570,19869
716724,19768
716876,19719
717033,19692
717183,9475
717620,16674
717776,29841
717946,30005
718116,30165
718278,30115
718443,30054
718605,29840
718767,29933
718948,29852
719121,29525
719279,29318
719449,36620
719636,36318
719802,36380
719962,40410
720130,40108
720456,40136
720642,39851
720807,39897
720966,39838
721123,46354
721362,26695
724297,21599
724436,21672
724558,38013
724670,38208
724785,38387
724899,40375
725015,42318
725126,22733
725358,21398
725490,22237
725606,22500
725717,22487
725835,22916
725947,22906
726075,22471
726235,21770
726364,21790
726489,51359
726848,47981
727252,37573
727302,38763
727352,39631
727454,48936
727513,51023
727533,52180
727597,52783
727653,53679
727711,40173
727764,41501
727900,58784
728082,42538
728207,43347
729322,45837
729409,46141
729540,42364
729713,43064
730040,41960
730487,41719
730632,41468
730772,33775
730905,33872
731037,33843
731170,46126
731273,34346
731416,34462
731541,37534
732828,45538
732979,46939
733116,46905
733259,35378
733399,35462
733534,35418
733663,35090
734620,36329
734773,36269
734968,36847
735120,36064
735524,36251
735663,30320
737324,29238
737518,28771
737643,57548
737773,45384
738430,44149
738618,45093
738788,44874
738940,44671
739102,42612
739314,43896
739481,44071
739643,43351
739804,43006
739972,46569
741920,40361
742092,39726
742297,39783
742462,39873
742632,40048
742792,40150
742960,40803
743119,40894
743476,41513
743670,41197
743842,41362
744008,41267
744168,36747
744308,41183
744470,41073
744631,41175
744787,41120
744957,41501
745132,34984
745325,34290
745502,34228
745685,34146
745858,35808
746037,34523
746225,34540
746419,33784
746588,35176
746871,35157
747045,33573
747223,34321
747384,33658
750122,31482
750298,33592
750457,33646
750609,33596
750760,33733
750919,33846
751078,33469
751285,33532
751651,33943
751814,34043
751966,34039
752117,29780
753152,55124
753338,53577
753503,52514
753661,52547
753821,51881
753981,54011
754136,54727
754278,51451
754481,52229
754646,53862
754812,54625
754984,53830
755147,54443
755611,53930
755779,49839
757267,51290
757440,44380
757613,43162
757781,43376
757958,43030
758131,42775
758308,42796
758483,43255
758662,43062
758840,41279
759010,42041
759180,40999
759372,42424
759540,40331
759702,47340
759866,47279
760042,47284
761513,47665
761677,47909
761831,49662
761989,47171
762142,45420
762304,44194
762463,46447
762632,44000
762791,45432
762957,44746
763114,42756
763417,44150
763717,45801
763881,46278
764041,45606
764208,43548
765113,43212
765294,43539
765454,42464
765707,42236
766368,40494
766647,39480
766806,40059
766960,39438
767131,42363
767784,37228
767950,41171
768112,42994
768468,42910
768703,41505
769522,43771
769695,42227
769850,41308
770117,40937
770312,43111
770472,41503
770782,40543
772921,40566
773092,37940
773260,40097
773290,35206
773441,38906
773599,39680
773752,37793
773924,41807
774085,43731
774261,43309
774419,46048
774640,46526
774956,46398
775378,45041
775691,44654
777381,13959
795299,27743
795328,27395
795382,27219
798117,25019
801687,20696
801862,20425
801929,22003
802515,21392
803711,18539
803745,18137
804393,19443
805253,17054
810486,13353
811550,11310
812584,8397
812629,9319
812744,8043
812887,9165
813002,8548
813174,8466
813345,8659
813483,8660
813666,7368
815766,8530
815924,8059
816092,8952
816184,9019
816384,8333
816482,7816
817473,9335
817676,8904
817816,8881
817948,8582
818066,8873
818210,8263
818480,7752
818559,8089
830715,3184
838871,3883
839102,6378
839186,6605
839299,4908
839322,6725
839397,5956
839483,6612
839634,5798
839974,5672
840141,8287
840208,5636
840274,3831
842918,5478
843094,4709
843293,3667
844037,6888
844222,4862
844490,6360
844579,7513
844777,5414
845003,7204
845038,6581
845870,5864
847204,4834
848100,4349
848237,4516
849792,4897
851097,3885
851125,3665
852737,3433
852843,4758
853206,4346
853423,4957
853463,4353
854079,3694
855194,3603
855432,3899
855567,3533
856618,4970
856848,4712
857628,7152
859587,4712
859861,4982
860106,4788
860152,9939
860312,4712
860422,6094
860887,9229
861790,8932
861969,4358
862780,6742
863294,5727
863446,5388
865664,6251
865940,5414
866006,5965
866371,5235
866741,7927
866873,4780
867463,6169
868257,5888
868312,5778
868488,6879
868647,6243
868796,4744
870004,5939
870049,5840
870070,5232
872002,4136
872486,4038
873283,3606
873403,5237
874268,3553
877024,3878
877059,6221
877274,4468
877559,3838
877757,4226
878205,4602
878655,3848
878987,3723
879611,3562
879956,3626
880162,5654
880987,4137
881329,3905
882015,3972
882070,6220
882982,4057
883968,5896
884094,3948
884395,4877
885588,3427
886086,5238
886178,6170
886246,4171
886573,3609
887166,4832
887322,5517
887563,5539
887775,5280
888729,4713
889372,4737
890068,4781
890595,3567
890879,3831
891081,3927
891381,6282
891614,5392
892145,8004
892371,5693
892413,6341
892643,5689
895273,3932
895529,4247
895687,6565
895723,6412
895807,5377
896030,6486
896053,7216
896094,6560
897138,6901
897301,6688
900565,4459
900846,5257
901379,3954
902675,4752
902721,5043
902756,3965
903429,5104
903800,4313
904267,4443
904635,4935
905170,3824
905413,3436
905869,6176
905974,4855
906151,5174
906278,6678
906310,4472
909403,3965
909775,3953
909980,4310
910118,8616
910622,8050
910924,7678
911045,6375
911245,7808
914054,6129
914346,4125
914530,4754
914673,6999
914791,6662
914968,4466
915284,6210
915430,5973
915631,5217
915789,5216
915930,6410
917391,3937
918758,6554
919697,11345
919711,5759
919817,5289
919962,8992
920122,9201
920316,9213
922658,13969
922833,11942
922954,10269
923089,7907
923388,6086
924018,8923
924283,8211
924724,4872
924939,8793
925142,12909
925263,10147
925550,13082
926328,13756
926584,8062
926728,13633
926865,9899
927001,15053
927130,14394
927303,9259
927665,11072
927904,13409
928156,10938
928776,9911
928991,13868
929713,9476
930353,13618
930552,14784
930683,18218
930797,14988
931043,17910
931898,13800
932304,13085
932522,11815
932661,13112
932971,15326
933845,10858
934037,12084
934267,17360
934459,13944
935120,14086
935446,15630
935636,10536
935791,16582
935993,11543
936113,10973
936393,11775
936590,12019
937622,9518
937985,10675
938154,9959
942002,6848
943117,9715
943365,5791
943550,10056
943693,8148
944039,14399
944962,12162
945124,11436
945455,13390
945816,12244
947171,9615
947406,10418
947605,10667
947858,19420
948442,8736
948686,21665
948990,15585
949280,15840
949405,15365
949519,15344
951110,19177
951776,9167
951941,16652
952086,13811
952305,14087
952424,18323
952695,15771
952875,15657
953291,9218
953434,8927
954858,9595
955339,13052
955612,12256
955779,16486
955920,16751
956052,20797
956609,11469
956819,13880
956962,15146
957212,20503
957515,19822
957654,20171
957862,18089
958140,18042
958538,19224
959292,16199
959467,16150
959738,16159
959882,16687
960297,17164
960366,16336
960502,16854
960729,15851
961540,15476
961699,19096
962716,20842
963295,22670
964236,20137
964276,18963
964934,21089
965437,16693
965578,15860
966724,16670
966961,15637
967089,14821
967266,15092
967387,16391
967541,12575
967697,12802
967910,12035
968106,12068
973709,9212
973888,12012
974100,12223
974571,11141
975047,6682
978602,7206
980267,11059
980329,8349
980366,8140
980445,7555
980609,6574
981012,9112
981357,8649
981574,7471
983943,9002
984018,5704
984210,8995
985050,8416
986528,11441
986582,6447
986834,7684
986963,7375
987075,8325
987185,8110
987382,5476
988172,6856
988537,7087
989756,7642
990173,6352
990426,6232
990568,5188
990817,5140
990942,4685
991137,7552
991691,7818
991862,8898
991997,6259
997359,11833
997557,6902
997755,5955
997917,5512
999700,21729
999760,17322
999809,12591
999863,17656
999909,19083
999952,20487
1000019,22313
1000144,4615
1000607,3950
1000983,8916
1001165,9256
1001289,11482
1001463,8354
1001703,8367
1001867,8263
1002031,7936
1002205,10296
1002380,10072
1002544,21774
1002716,14748
1002883,15897
1005140,11293
1005339,17600
1005511,22178
1005699,17532
1006621,40912
1008534,15090
1008690,14728
1008830,17852
1010679,14517
1010835,14293
1010970,18155
1011102,18643
1011260,19214
1011407,18628
1011543,11185
1011674,15063
1011813,10962
1011949,11184
1012082,12715
1012237,10941
1012551,9112
1013714,17730
1013862,20201
1014034,17558
1014206,27179
1014279,26830
1014433,16736
1015195,29696
1015337,24662
1015667,26032
1015821,24319
1016521,24971
1016755,24682
1016944,20592
1017080,23112
1017259,23947
1017744,22830
1017897,19944
1018014,20094
1018164,20306
1018463,19740
1018586,26022
1018822,18472
1019045,17098
1019165,22033
1019256,16630
1019391,19366
1021119,17233
1021479,25567
1021738,24368
1021881,20218
1022015,25307
1022300,19577
1022422,25940
1022563,26348
1022786,31289
1022981,25883
1023258,25348
1023465,24812
1023659,25073
1023846,25202
1023967,25202
1024101,25278
1024264,25015
1024391,30090
1024505,30028
1026787,27085
1027073,26923
1027210,24025
1027522,23014
1027714,22986
1027847,22904
1028462,22341
1028625,22385
1028761,22165
1029167,21991
1029344,21768
1029519,22124
1029773,25531
1030061,30015
1030343,27519
1030506,29663
1030643,29620
1030785,30504
1030902,27802
1031049,27251
1031181,27493
1031837,27076
1032196,26666
1032418,25590
1032694,25686
1033487,25475
1033638,22426
1033787,22928
1033903,21621
1034091,21728
1034233,21493
1034321,20630
1034578,20468
1034699,15234
1043335,15000
1052489,9051
1053031,8458
1053172,8219
1053335,9091
1053455,7985
1053585,8937
1053717,7623
1056756,6126
1057625,7499
1058072,6757
1058411,6528
1059085,6243
1059423,6024
1064427,3589
1068615,3659
1068801,3751
1068958,4674
1069109,4575
1069274,4155
1069433,7594
1069584,6084
1069738,7343
1069891,6305
1070041,8525
1070198,5933
1070414,8106
1070469,7140
1070516,6722
1070571,4733
1072783,5939
1073980,3899
1074782,4689
1075060,4298
1075720,3815
1075797,7600
1075829,6260
1075856,7962
1077654,4596
1078414,6019
1078815,4800
1079086,5870
1080302,7547
1080543,6770
1080686,4954
1080877,7224
1081056,6076
1081322,6403
1081736,11874
1081875,7307
1082541,5493
1083206,14758
1083436,14013
1083655,12787
1083847,5727
1084000,13760
1084385,11496
1084510,12150
1084643,8237
1085440,10750
1085855,10120
1086159,11919
1086259,11428
1086579,13021
1086989,6125
1088132,8642
1089333,9633
1089386,9229
1089641,9535
1090179,9489
1090276,8601
1090886,7911
1091151,7148
1091344,9126
1091710,8692
1093329,7850
1093761,8254
1094125,7439
1094285,7816
1094307,7406
1094570,5338
1094841,5470
1095126,5972
1095356,5180
1097292,3818
1098608,7510
1098679,7308
1099781,9822
1101757,6900
1102482,4082
1104193,4141
1104301,4765
1104688,5304
1104875,8585
1105090,6000
1105283,6977
1105425,5303
1105454,4934
1105582,4295
1106299,5485
1106968,8038
1107015,6314
1107354,4923
1107640,4030
1107869,8140
1107928,7635
1108038,7034
1108630,5775
1109206,7483
1109636,6774
1110114,4345
1110520,4222
1110619,7425
1111799,4023
1112404,4059
1112824,4528
1113054,3739
1113751,3500
1114079,3878
1115183,3747
1117179,6432
1118179,9421
1119323,6695
1119486,4241
1119648,6064
1119799,6580
1119954,6526
1120113,7131
1120279,7169
1120329,7765
1120435,6964
1120729,7032
1120887,6823
1121037,4849
1121289,9547
1121339,10472
1122280,7647
1122458,6993
1122630,5507
1122794,6951
1122961,8078
1123132,7898
1123310,7809
1124199,7202
1124426,9254
1124613,8953
1125098,8521
1125543,6782
1126283,8190
1127536,6366
1128796,5275
1128931,4878
1129269,4739
1131524,3573
1131824,4310
1132150,5415
1132713,4905
1135006,3641
1135161,3537
1136250,4430
1136488,5820
1136722,5974
1136903,5845
1137038,7186
1137173,7364
1137295,6997
1138474,7122
1138753,4650
1139090,5075
1139256,8696
1139394,6592
1139541,7279
1139661,7107
1139809,8194
1139947,5817
1140062,6031
1140193,6677
1140362,7108
1140518,8737
1140707,7717
1140841,7215
1140958,8123
1141145,7495
1141250,6946
1146546,3620
1147555,4011
1147607,5039
1149489,4379
1149664,3954
1150955,4835
1151656,4016
1151862,5062
1152425,4263
1153457,3418
1153663,4307
1153961,6709
1154075,3797
1154449,6756
1154568,3500
1154734,6630
1154853,7833
1154963,5904
1155072,5655
1155178,13109
1156239,11801
1156526,9175
1156716,9226
1158432,9693
1158509,4123
1158935,5612
1159100,6893
1159452,6590
1159573,9053
1159739,6700
1159930,6559
1160047,7925
1160262,7664
1161441,8560
1163141,6140
1163300,7404
1163463,7016
1163584,10923
1163716,7038
1163894,10788
1164025,11093
1164162,10399
1164369,15584
1164578,15486
1164718,16196
1164853,17510
1164982,14781
1165123,15046
1165281,18133
1165416,18198
1165542,15863
1167440,19187
1168082,12736
1168211,12394
1168237,12477
1169468,11036
1169665,14130
1169837,12589
1170014,15973
1170159,12345
1170514,13145
1170807,12104
1171596,20493
1171787,18703
1171926,15910
1172094,19613
1172220,19443
1172365,17746
1172487,19463
1172600,18706
1174742,9972
1175159,18263
1175285,16126
1175504,16004
1175597,19223
1176474,18671
1176929,18022
1176966,16139
1179696,13824
1181055,11877
1181501,12179
1188431,6215
1193725,6243
1193890,7252
1194031,5811
1194174,5568
1194296,7808
1194459,7126
1194478,7722
1194981,6095
1195157,12525
1195303,7444
1195549,10013
1195724,7308
1195915,8949
1196034,7335
1196169,10834
1196277,10311
1196300,9543
1196333,7267
1196363,7060
1197200,11488
1197265,9348
1197584,6301
1197736,6255
1197900,10502
1198064,9034
1198206,9956
1198408,9494
1198646,9711
1198782,8000
1200524,6719
1201204,6123
1204049,5013
1204272,6849
1204697,6660
1204903,6067
1205061,6077
1205293,5096
1205432,6091
1205588,4858
1206416,5470
1208680,3272
1208768,4226
1209634,3557
1210136,6234
1210657,4304
1213827,6541
1214019,6788
1214176,6329
1214413,6274
1214577,6013
1214731,10053
1215276,4807
1215462,8889
1215616,8686
1215766,7993
1215925,6843
1216279,7667
1216474,7705
1216628,7266
1216786,8183
1216945,7474
1217463,7004
1217641,6598
1217776,8154
1218325,8203
1218496,8155
1218648,7210
1218818,5714
1218971,10449
1219168,10481
1219332,11150
1220028,7000
1220192,6978
1224993,12635
1227563,8100
1227761,7793
1227932,7820
1228086,8043
1228206,10494
1228295,10056
1228347,10092
1228367,9771
1228489,9247
1228738,9452
1228988,9275
1229460,11322
1229781,8709
1229914,11227
1230053,8486
1230182,9309
1230324,12757
1230524,16162
1230690,21288
1230844,16583
1231050,16736
1231245,16634
1231408,19413
1231587,17907
1233546,12614
1233725,17808
1233880,13306
1234033,12891
1234189,12624
1234263,15947
1234414,11941
1234572,11959
1234731,10575
1235177,6960
1235311,9772
1241944,12612
1242203,8903
1242694,11851
1244038,5314
1244128,7333
1244444,9025
1244556,7042
1244570,10095
1244814,13590
1244874,11168
1245310,13832
1245603,12967
1245864,11462
1246011,17597
1246404,8578
1246650,14104
1247975,17355
1248007,7281
1248177,10215
1248364,7511
1248812,13733
1248960,7672
1249159,9848
1249543,5918
1249861,7638
1250878,7758
1251299,7141
1256456,5302
1256700,7165
1257620,4917
1257885,5348
1258034,9389
1258156,8589
1258471,8326
1258702,7354
1258848,8251
1259034,9810
1259188,8736
1259336,13016
1260270,12941
1260394,10412
1263622,5160
1264274,8196
1264458,4541
1264605,7585
1265640,6603
1266196,4877
1266825,5838
1267059,8592
1267259,6383
1267659,9832
1269040,7249
1269184,7618
1269252,9205
1269389,17569
1269448,7265
1269586,8984
1269726,7811
1269866,8818
1270007,9273
1270914,20232
1271107,10091
1271255,21656
1271389,16006
1271528,16182
1271756,19712
1271894,15693
1272028,14018
1273321,14992
1273888,14192
1274206,13722
1274398,13471
1275188,13552
1275258,11109
1275427,11896
1275677,10229
1275884,17469
1276091,16370
1276244,12219
1276390,16150
1276512,9800
1276851,9122
1276901,9629
1277024,11512
1279028,6508
1279178,12795
1279241,6164
1279420,12969
1279577,5886
1280550,11109
1280997,11693
1284295,6071
1284889,9952
1284906,10268
1285577,7023
1285730,6574
1286657,8440
1288151,4636
1288337,6237
1289006,5886
1289100,5408
1289703,6456
1290267,5733
1295600,3893
1296019,3962
1296066,4616
1296347,4249
1296774,4577
1296903,4543
1297865,7446
1297916,4259
1298075,3672
1298766,5073
1299154,4422
1299620,8666
1299989,7522
1300159,5753
1300652,6976
1300828,5132
1300979,7389
1301251,7760
1301393,8474
1301547,6332
1301729,7048
1302166,7122
1303083,9709
1303256,6612
1303391,5960
1303543,6891
1303691,6269
1303926,3956
1304257,7453
1304849,6936
1306081,7242
1306138,6975
1307038,7143
1308481,6030
1309005,6196
1310143,6052
1310355,3272
1310852,6077
1310880,7802
1313683,4102
1313803,5746
1314345,4029
1315086,7104
1315418,5040
1315479,4476
1315637,4750
1315754,5953
1316047,4462
1316182,4206
1316664,4813
1317207,5141
1317940,3824
1318143,4239
1318729,4054
1319133,4414
1322158,6362
1322313,4155
1323930,4292
1326556,3895
1327042,4361
1329380,5915
1330456,3307
1331013,4564
1331152,6241
1331310,6743
1331442,9715
1331719,6096
1331861,5721
1332172,9915
1332641,6991
1332791,7971
1332885,7949
1332993,7791
1333118,7523
1333279,6220
1333482,7471
1333847,7433
1334026,7777
1334617,6266
1334827,6266
1334981,6042
1335104,11301
1335414,6319
1335674,6200
1336083,7076
1336320,7003
1336539,6972
1336679,7325
1336903,6986
1337051,9322
1337183,10819
1337439,11708
1337624,10570
1337859,11340
1337971,10806
1338192,9937
1338495,10813
1338726,10532
1339034,9795
1339693,9778
1339964,9768
1341466,6858
1342135,5645
1344711,4913
1345141,5427
1345866,5207
1347136,4988
1348606,3544
1349904,3498
1350633,5908
1352539,3910
1352560,4042
1352995,6124
1353151,4696
1353287,10004
1353451,5437
1353630,6485
1353840,8902
1354228,10164
1354350,4420
1354636,6404
1354683,8949
1354723,12756
1354758,12522
1354792,12541
1354826,13857
1355088,5089
1355577,8750
1355746,4279
1355882,8577
1356099,5783
1357487,7812
1357896,9634
1362062,5320
1362254,10851
1362409,10878
1362565,10835
1362701,10783
1362819,9226
1362946,4484
1363083,8661
1363255,8596
1363460,9051
1363644,8510
1363779,8180
1363959,8438
1364102,12841
1364247,14573
1364399,14326
1364536,14366
1364652,9799
1364778,11464
1364915,11045
1369325,7041
1369503,7211
1369666,9398
1369819,6049
1369980,8650
1370147,12499
1370491,8709
1370647,11415
1370794,9746
1370942,9530
1371099,11476
1371275,8319
1371428,14223
1371578,13713
1373895,12956
1374068,10918
1374231,9378
1374703,11270
1374869,11920
1375285,13663
1375449,18503
1375608,14600
1376791,12096
1377100,15513
1377366,14381
1377541,17644
1377715,17763
1377867,22725
1378019,16759
1378169,16508
1379676,20124
1379844,19894
1380211,19650
1381434,18237
1381603,16405
1381759,16110
1381928,16452
1382354,18502
1382879,16243
1383086,14643
1383441,17213
1383636,13818
1383772,16757
1383913,15352
1384047,16252
1384177,15748
1384323,17681
1384454,15729
1384584,10830
1384699,15584
1384828,13334
1385123,15390
1389728,10985
1389879,10100
1390012,10226
1390342,11951
1390526,12823
1390688,12114
1390825,11365
1391151,10916
1391193,10543
1391547,10119
1404685,4205
1404745,5037
1404941,3812
1405109,4575
1405292,5401
1405470,4826
1405617,4562
1405957,5024
1406115,8359
1406443,5684
1406596,7581
1406741,8451
1406931,9619
1407070,9566
1407270,9235
1407405,9048
1407533,9599
1407706,10323
1407851,9617
1409041,7349
1409225,7103
1409335,9507
1409463,6795
1410281,9134
1412061,8452
1412161,6906
1412637,9549
1412677,7092
1412721,6177
1412778,8087
1412798,8586
1412847,8884
1412866,8853
1412909,8789
1412943,8607
1412965,8364
1414518,10288
1414834,12353
1416283,11421
1417939,12498
1419476,9093
1419606,8585
1422263,13934
1422665,9392
1423462,5853
1423623,5219
1423764,10183
1423914,10092
1424036,5141
1424314,5054
1425582,8751
1425755,8039
1425896,7734
1426043,10841
1426180,10650
1426290,7896
1426328,10961
1426399,20376
1426419,12626
1426654,7432
1426809,10135
1427076,12358
1427877,18263
1430340,7329
1430520,8470
1430683,16171
1430845,14455
1431002,15380
1431154,12948
1431373,13273
1431531,11780
1431686,11520
1431844,11920
1431995,10974
1432148,11843
1432335,13988
1432489,13950
1432641,12920
1432846,12773
1432996,10944
1433150,11555
1433311,10291
1433466,8608
1435291,5624
1435463,6620
1435617,6542
1435770,6179
1436051,6249
1440429,9230
1440467,8210
1440975,8536
1441013,10495
1441044,7961
1441081,10372
1441114,11765
1441149,11342
1441184,12917
1441221,9080
1441250,10766
1441291,11786
1441650,10279
1441794,11171
1442759,5769
1449428,4025
1449870,3886
1450379,4926
1450463,4662
1450548,4191
1450649,5886
1450802,6343
1450877,5200
1450983,6138
1455201,5987
1455667,4803
1455761,5232
1457650,9049
1457858,4680
1459506,6661
1459911,4765
1460945,5158
1461105,4389
1461282,5236
1461423,5969
1461557,6134
1461693,6174
1461834,7517
1461976,4772
1462116,4505
1462294,7735
1463541,3578
1463695,4675
1463834,5669
1464122,7739
1464164,8128
1464198,8147
1464612,4243
1464791,6318
1464949,4182
1465100,6706
1470493,3533
1471153,4776
1471708,4128
1472464,3539
1472999,5225
1473506,4950
1474074,4261
1474242,9614
1474415,8429
1474464,9449
1474594,9192
1474754,6680
1474958,6778
1475016,9162
1475281,8817
1475458,8088
1476048,10539
1476321,9485
1476347,8237
1476600,10217
1476713,5530
1476771,9136
1476898,7710
1478741,7744
1478935,9485
1479083,8202
1479316,9592
1479859,7942
1480276,8719
1481063,6487
1481225,6214
1481529,6784
1481895,7553
1481922,7800
1481941,9425
1481963,7644
1485987,7829
1486520,5364
1486851,5209
1486894,4749
1490015,4777
1490049,3897
1490396,4758
1490628,4622
1490792,4395
1490891,4760
1491092,5740
1491155,4574
1493361,4748
1493718,4444
1493897,6872
1495996,4304
1496249,8632
1496532,6832
1496663,11472
1496807,12743
1497171,11339
1497311,7405
1497498,7070
1497807,13180
1497948,12384
1498412,6057
1498595,5924
1498770,4491
1499249,10270
1499570,4844
1499766,14278
1499937,10473
1500086,9498
1501375,11364
1501672,8789
1502147,14061
1502339,14699
1502708,9652
1502733,9858
1502836,8464
1502949,9093
1503031,8651
1503524,6987
1504145,6743
1505255,6097
1505445,7251
1505629,6511
1506431,11925
1507267,10487
1507405,10069
1507538,9184
1507657,10342
1508055,9473
1508269,8692
1508448,8617
1508571,8339
1508818,9232
1509344,7256
1509620,6763
1509776,6743
1514520,3896
1515171,3990
1517150,4978
1519251,4039
1519502,3318
1520185,4535
1520593,4282
1521346,4847
1521558,4450
1521867,3797
1522424,4268
1523000,3958
1523046,3920
1523183,3951
1523523,4724
1523749,5288
1523938,4947
1524120,6265
1524406,6037
1524634,3860
1527640,6293
1527791,7119
1528112,7181
1528266,4694
1528413,5405
1528774,4917
1528890,6489
1529116,4309
1529277,5425
1530417,5937
1531027,5606
1531537,9391
1531855,12002
1531932,6956
1531979,7779
1532152,8767
1532172,6653
1532318,6811
1532731,7585
1532759,6533
1533290,6133
1536972,4319
1537053,3649
1538089,4393
1538486,6327
1538899,6780
1539424,6385
1539833,6012
1540241,5490
1540487,9090
1540715,5182
1541975,5114
1542534,5069
1542951,4761
1543130,6802
1543293,8511
1544583,5563
1544967,4312
1545771,10000
1545901,8466
1545955,11435
1545994,11589
1546129,10195
1546173,10617
1546287,7626
1546309,11495
1546406,7068
1546525,4368
1546706,7387
1547116,7779
1551114,7849
1551879,7191
1552088,6793
1552338,10113
1552477,9348
1552646,13383
1552788,9134
1552961,12608
1553080,12565
1553210,12507
1553298,12129
1553621,11730
1553929,11862
1554158,18756
1554455,11047
1555319,11071
1555519,10935
1556151,10690
1556340,9615
1556565,9957
1556733,9450
1556865,10137
1557026,9073
1557143,9559
1557292,9635
1557409,9376
1562644,11842
1562783,12055
1562932,11647
1563530,12577
1563677,10202
1563853,7855
1564000,7968
1564263,11560
1564387,10911
1564533,11768
1564670,10482
1564802,10971
1564940,10413
1565076,8039
1568601,9977
1568732,6996
1568834,6716
1569086,6218
1569295,9753
1569472,8432
1569614,8328
1569823,8004
1570001,7920
1571001,6607
1572041,6857
1572694,6450
1573488,5422
1574036,6011
1576105,5563
1576502,4831
1578556,4111
1579355,3420
1580309,5154
1580824,5206
1580882,5084
1581364,4701
1581721,5849
1581921,4482
1582048,4990
1582150,4144
1583321,4687
1583536,4588
1583851,5161
1583977,5436
1584406,5683
1584771,5533
1584877,5730
1585048,5500
1585415,3786
1588207,3710
1588302,3488
1592842,6400
1593030,5646
1593509,7221
1593644,5691
1593718,7383
1593953,8009
1594148,7760
1594302,7738
1594531,7676
1594751,7338
1595137,6121
1595194,6383
1595549,5479
1595840,5017
1596362,6932
1596667,4490
1597637,8160
1597681,7650
1597716,6312
1597842,8591
1597920,8695
1598035,10036
1599600,6401
1600044,6634
1601356,6626
1601613,5339
1602349,7839
1602489,4482
1602940,7771
1603305,7239
1604129,5549
1607057,4225
1607251,4308
1607401,4211
1607541,5192
1607680,4569
1607822,5186
1608296,10283
1609764,3977
1610638,6413
1610772,4381
1610942,6172
1612121,6874
1613858,4518
1614153,5263
1614324,7405
1614707,7638
1614986,5496
1615177,7784
1615920,5104
1615962,4732
1616453,7201
1616641,9270
1617807,7962
1617999,7327
1618180,6616
1618313,5737
1618444,7362
1618612,8570
1618835,7357
1619020,7612
1619373,7159
1620282,7143
1620429,7049
1620657,6902
1620825,7852
1621302,5116
1621341,7395
1624350,5119
1624489,7049
1625057,6592
1625467,5660
1625953,5223
1626158,5576
1626948,5335
1627285,5184
1629764,4771
1629786,4671
1629961,4473
1630166,5310
1630506,4594
1630978,4747
1632772,4702
1632982,3899
1633034,5176
1633285,4808
1633396,4933
1635656,5168
1635713,5063
1636032,3673
1636663,3882
1637845,6046
1638147,10929
1638390,10449
1638560,21419
1638822,10473
1638848,8440
1638887,10243
1638906,8046
1639198,22344
1639451,23068
1639772,17031
1639880,17624
1641381,7812
1641607,25789
1641764,26109
1641932,29562
1642523,24445
1642849,12708
1642992,16126
1643131,17110
1643305,26251
1643458,25965
1643628,29484
1643950,24815
1644205,25131
1644578,23224
1644764,18062
1644900,23042
1645032,26275
1645171,24449
1645284,26073
1645422,24268
1645554,23092
1645691,25364
1645810,25597
1645923,24130
1646153,22421
1646567,24623
1646707,22783
1647504,23620
1647655,22206
1648118,15610
1650047,19412
1650123,29170
1650156,32288
1650187,32157
1650235,32315
1650266,32379
1650290,30697
1650433,21558
1651072,19482
1652389,19049
1653373,19329
1654289,19588
1654400,33645
1654481,29924
1654583,17047
1654780,17227
1655355,17156
1655677,15264
1655980,24362
1656097,17635
1656584,16409
1656928,14793
1657128,22472
1657314,15298
1657328,16801
1657613,15011
1657805,15238
1657989,14388
1658167,26616
1658332,14230
1658343,17970
1658524,15831
1658833,13369
1659238,13206
1659331,13968
1659565,12585
1660530,11766
1663869,19159
1664058,19978
1664326,19946
1664623,23102
1664821,16771
1664830,13939
1665998,21926
1666727,22073
1667123,20485
1668533,20333
1674548,24596
1674703,25893
1676360,21474
1676383,21513
1676566,19844
1676724,19971
1676883,19953
1677036,24753
1677192,25385
1677366,25694
1677528,19650
1678347,21911
1678631,22227
1678821,19137
1678888,18806
1679058,19103
1679387,18968
1679581,18625
1679804,16750
1681597,16167
1681725,12512
1681923,12540
1682054,10915
1682105,25166
1682150,11529
1682202,13182
1682341,12317
1683309,9811
1683875,18411
1685685,18096
1685903,20493
1686064,17345
1686227,17361
1686382,17339
1686541,19786
1686694,18498
1686854,17063
1687005,16874
1687155,16840
1687328,18673
1687340,19175
1687504,15255
1687512,15930
1687788,17166
1687799,14426
1688490,21222
1690661,7899
1691398,6838
1692115,8800
1692929,13532
1693699,11102
1694424,10304
1695313,11578
1695657,11782
1695975,15833
1696044,11117
1696157,8819
1696724,10229
1697496,8812
1699572,9779
1699708,9006
1699851,11545
1700297,10883
1700458,8060
1700624,8669
1700747,8425
1700893,10046
1710121,3486
1710199,6546
1710242,6714
1710336,6541
1710693,6110
1714737,4635
1715179,5585
1715389,5745
1715794,4721
1716305,4761
1716712,5119
1717054,5141
1717327,5698
1717453,6970
1717619,5649
1717759,4613
1717903,4390
1718042,4959
1719332,5259
1719485,5283
1719626,4980
1722006,6469
1722477,7249
1722632,7013
1722806,6867
1723571,5516
1724689,6068
1724837,6133
1725026,6280
1725435,5728
1725676,4699
1725966,5290
1726142,4899
1726270,4824
1726405,5009
1726557,6912
1726765,5826
1726932,6167
1727163,5939
1727272,5572
1728300,4587
1729744,7675
1730451,6904
1733860,4578
1733887,4886
1733977,6416
1734284,5058
1734781,5006
1734854,5408
1734886,6531
1734926,6783
1734946,6565
1735770,8259
1735794,4749
1736017,5393
1738107,5275
1738261,5851
1738438,4651
1738588,6886
1739061,6368
1739208,5883
1739484,4186
1742071,5694
1742489,3268
1742808,3736
1743315,5244
1743756,4203
1744753,4142
1744989,4389
1746854,4892
1747300,4272
1747907,4496
1749509,5856
1749546,4788
1749704,4919
1749828,4303
1749976,4699
1750125,5231
1751045,5878
1751199,5476
1751373,4407
1751545,6783
1751684,6442
1751863,5664
1752004,6070
1752124,5322
1752240,5140
1752434,4848
1752571,5056
1752704,5023
1754942,4914
1756100,4635
1759041,4087
1759078,3833
1760275,4139
1760398,4087
1760659,6235
1761155,5814
1761651,4816
1763253,3916
1763530,4670
1763720,4554
1763805,5683
1763941,3964
1764949,4708
1765149,4219
1765658,4843
1765690,5173
1765915,5925
1767048,7090
1767160,4850
1767289,6097
1767578,5733
1767726,7198
1768310,7054
1768385,7068
1768557,6472
1768678,7000
1768786,5811
1771277,5545
1771375,5004
1772416,4056
1772439,5110
1774037,5621
1774093,6008
1775075,5998
1775223,4582
1775365,7482
1775530,6951
1775732,7160
1776167,4392
1776483,5528
1777876,5249
1778256,3697
1779080,4347
1779752,3874
1780464,3379
1780604,4781
1780783,6781
1781248,5078
1781278,3891
1781814,5046
1784287,9018
1784297,4412
1784460,6551
1784606,5280
1785303,8058
1785563,7809
1785674,5796
1785915,5173
1786563,7159
1786744,6954
1787138,6281
1787418,6731
1787593,6847
1787855,5655
1789769,5051
1790256,8777
1790640,6049
1790742,4291
1790870,8294
1791390,5662
1791628,6877
1791818,7482
1791960,7724
1792332,4798
1792485,7344
1792693,7604
1792962,6445
1793532,5379
1793871,5662
1794499,5246
1797785,3493
1798440,4224
1798942,7907
1800163,8291
1800255,7272
1800275,3648
1800637,7110
1800839,7605
1800953,5817
1801044,7461
1802021,6533
1802427,6152
1804267,3393
1804849,4357
1805074,4475
1805317,4994
1805460,8298
1805680,4438
1805835,9166
1806347,8538
1806807,8129
1807069,8036
1807282,7897
1807698,8843
1808267,8093
1808617,6213
1810494,7709
1810741,3926
1811404,4715
1811527,4765
1811689,5498
1811825,6276
1811955,5485
1812098,4942
1812176,6434
1812510,4483
1814151,4701
1814973,3972
1815310,3643
1816394,6129
1816621,4726
1819088,5045
1819269,4158
1819404,4359
1820103,6662
1820299,6637
1820581,7021
1820849,6973
1821006,6395
1821147,4818
1821571,6426
1821602,4729
1822827,3652
1823211,6093
1823544,7064
1823802,11005
1824204,7890
1824262,5357
1824721,6579
1824965,8691
1825364,7767
1825998,7159
1826621,6708
1826988,7393
1827193,7264
1827475,7080
1827696,6937
1828053,6822
1828879,8575
1830614,4678
1830782,8768
1831336,4970
1831504,9679
1831614,7747
1831747,8415
1831979,9202
1832062,5447
1832125,7178
1832393,10029
1832875,9317
1833267,7673
1833774,7643
1836666,3765
1837550,5167
1838039,6387
1838109,4176
1838269,6361
1838586,5933
1838906,6439
1839051,6110
1839312,6131
1840268,5199
1841532,8015
1841643,6226
1841837,6607
1842016,6584
1842621,6241
1842937,5855
1846558,5101
1846830,6195
1846933,5351
1847098,4646
1847150,6250
1847273,4271
1849020,4076
1849162,4585
1849275,4271
1850274,3892
1850356,3755
1850663,3565
1851002,6011
1851466,7406
1851578,7383
1851805,6331
1852038,6294
1852093,4852
1855151,4312
1855654,4839
1855687,5018
1855966,7067
1856182,6403
1856941,5725
1857330,4550
1857396,5356
1857570,4560
1857631,6690
1857923,6362
1858174,4936
1858387,5698
1860407,5387
1860769,4213
1860804,5060
1863396,6686
1863498,4195
1864379,5711
1864551,5716
1864569,3896
1864642,3673
1865693,5952
1865919,5456
1866146,4982
1866325,5843
1866397,5431
1866411,5350
1867996,4458
1869341,3194
1869523,5056
1869603,5277
1869809,5501
1873066,4871
1873100,3867
1873261,5082
1873555,7841
1873661,6072
1874042,5248
1874083,9673
1874305,4649
1874944,6616
1875013,8127
1875373,9120
1875559,6537
1876007,9722
1876083,8390
1876375,7955
1876605,7590
1876763,6883
1879690,4884
1879861,6528
1880022,8926
1880197,8569
1880334,9178
1880496,8798
1880662,8688
1880914,9103
1881064,11492
1881382,12366
1881546,11117
1881695,11302
1881846,11211
1882002,10543
1882158,9880
1882312,8896
1882474,9838
1882627,8219
1882784,9074
1882940,7416
1883092,6631
1883270,9702
1883441,8368
1886950,6251
1891113,6044
1892098,9291
1894188,7422
1894208,11569
1894293,7995
1894450,11602
1894679,8043
1894810,3992
1894990,7361
1895148,3954
1895254,9909
1895321,5861
1895361,10401
1895458,4849
1895613,4796
1895938,9186
1896458,4865
1896779,7699
1896978,9178
1897156,7620
1897423,6858
1897480,11201
1897500,10665
1897558,10447
1897587,10253
1897720,7996
1898155,10165
1899279,8567
1901452,7206
1901628,6020
1901749,6148
1910132,3774
1911030,3626
1911817,4160
1912177,5767
1912278,3263
1912428,3406
1912583,4707
1913103,5218
1913248,4550
1913447,4581
1914585,5083
1914719,7446
1915202,5334
1915515,3904
1917105,5195
1917335,5067
1917482,5057
1917637,8029
1918168,7258
1918503,7034
1919336,7714
1919509,8487
1919663,8957
1919819,8642
1919977,7844
1920133,8189
1920321,7821
1920476,8190
1920629,8335
1921329,5871
1921492,7689
1921655,7217
1921813,6971
1921976,6905
1922619,9115
1923296,8641
1923475,8206
1923922,7040
1924082,7973
1924241,6960
1924782,7104
1924948,7055
1925109,5991
1930064,8696
1930359,5323
1930651,8653
1932402,5007
1932655,4659
1933175,5395
1933286,4649
1933546,10745
1933814,10253
1933924,7882
1934081,9845
1934270,6231
1934501,6047
1934673,6262
1934838,4566
1935001,5811
1935161,5207
1935347,6068
1935515,8316
1936327,5616
1939618,6737
1939921,6610
1940095,7715
1941177,5614
1941502,6994
1942130,6456
1942561,5341
1942729,5482
1943047,5088
1944335,6150
1944535,5180
1945289,6663
1945539,5839
1945676,6128
1945818,5934
1946071,5931
1946853,4702
1948796,3746
1949015,12456
1949251,3749
1949585,3735
1949722,7803
1950171,5717
1950321,5232
1953203,5810
1953609,7658
1953773,6561
1953918,8007
1955311,6236
1955433,6178
1955484,7252
1955518,7488
1955601,9469
1956175,6167
1956505,6996
1957201,5287
1957319,6760
1957656,6246
1958564,5437
1958692,5477
1958742,5155
1959332,6113
1959794,4389
1959846,6676
1959885,6487
1959903,7008
1964891,4086
1965265,3659
1965593,5548
1965677,5495
1966279,4031
1968170,3699
1968526,6509
1968605,4112
1969028,6135
1969075,5613
1969568,5533
1969722,5739
1970101,5609
1971809,4658
1971921,4642
1972077,5210
1972539,3805
1972875,5652
1972917,5269
1972981,5385
1973096,4290
1973410,5379
1973605,5785
1975538,5032
1975795,5482
1975893,4133
1977311,3785
1978169,4913
1978369,5334
1979057,5243
1981275,3694
1981414,4025
1981661,3689
1982391,6334
1982619,4782
1982769,4158
1982917,4337
1983145,4336
1984026,7982
1984178,6140
1984345,4185
1984617,5504
1984838,4153
1984966,6590
1985055,5477
1985158,4781
1986087,4673
1986750,4943
1987460,5233
1988037,4239
1988549,4966
1988703,4434
1988849,4518
1988989,4044
1989255,4649
1990350,4287
1990586,4163
1990772,4083
1995012,3505
1995359,4268
1995657,4797
1995744,4428
1995816,3671
1995964,4009
1996147,3761
1996694,3781
1996955,3799
1997354,4057
1998180,5984
2002052,3687
2002416,6075
2002466,4911
2002666,6409
2002775,7258
2002870,5828
2003073,4113
2004142,6064
2004395,4071
2004420,4710
2004570,7520
2005276,5915
2005513,8279
2005791,8331
2006073,8118
2006112,7950
2006287,8164
2006440,12020
2006576,10418
2006736,9782
2006873,8864
2007286,10034
2007531,8556
2007724,5791
2007847,6657
2008027,5710
2008166,8299
2008533,5950
2008725,7916
2009039,7840
2010660,6632
2010853,5957
2014649,4317
2015090,4574
2015299,4427
2017040,5032
2017731,4040
2017964,3999
2018590,3604
2018914,3391
2019632,4294
2019786,3968
2019839,3979
2022711,3320
2022793,3632
2023479,4129
2023699,4249
2024388,6637
2024552,5729
2025053,5283
2025069,4273
2025387,5707
2025991,5233
2026149,5011
2026188,6809
2026261,5357
2026589,5406
2026634,4832
2027589,4852
2027783,4852
2027981,4750
2028300,3748
2029451,3231
2030013,3554
2030121,5520
2034116,4310
2034376,3883
2034545,3993
2035208,6602
2035716,4687
2035851,5681
2035987,6025
2036122,3461
2036388,4276
2036615,5141
2038632,7095
2038784,7415
2038984,6209
2039136,4863
2039279,5232
2039442,4455
2039622,6842
2039767,7650
2039931,7189
2040437,4456
2040723,8789
2040954,8253
2041245,7479
2041373,6109
2041580,7499
2041849,6934
2043681,6654
2045161,4300
2045447,4113
2046688,10245
2046900,5680
2047153,5621
2047278,10709
2047319,18851
2047565,4486
2048226,10062
2048526,20251
2049884,8632
2050015,17287
2050174,8197
2050308,8666
2050659,7938
2050826,16211
2050993,14973
2051138,17742
2051242,14633
2051443,15635
2051592,19260
2051741,15088
2052293,14347
2052435,13618
2052815,19512
2052951,11821
2053097,13830
2053608,15032
2053759,14934
2053942,16690
2054097,14268
2054273,14154
2054411,15654
2054545,12198
2054660,13824
2056252,9766
2056390,9370
2056645,13356
2056903,13085
2058670,18666
2059431,13530
2059644,17297
2059806,14688
2059948,17808
2060092,18283
2060605,16102
2060752,21577
2061554,17529
2061706,9963
2061920,18092
2062061,24319
2062199,24059
2062348,17975
2062494,23873
2062692,18610
2062898,19896
2063119,19266
2063303,18755
2064403,19978
2064574,21956
2064738,19725
2064900,16461
2065065,12176
2065349,14558
2069846,12524
2070769,11625
2071222,10664
2071352,10654
2071979,10225
2072118,10038
2072264,10649
2072975,8320
2077396,4711
2077628,6723
2077784,7614
2077931,6558
2078079,10545
2078206,9770
2078260,10414
2078870,8673
2079193,14386
2079768,24590
2079873,20445
2080310,23853
2080529,23279
2080755,27299
2080984,19397
2082680,17755
2082852,26634
2082954,28562
2083080,29335
2083279,25102
2083404,25730
2083536,24567
2083672,24663
2083813,31161
2084689,26461
2084838,29611
2084959,30333
2085108,29800
2085240,27129
2085473,10822
2086464,17259
2088071,16452
2088719,14591
2088851,12855
2089105,14809
2089798,18413
2089976,13572
2090099,21962
2090258,25207
2090547,22007
2090707,14621
2091208,14444
2091439,14264
2091654,14099
2091862,13940
2092045,11156
2092167,14403
2092241,13719
2092399,13876
2092544,13842
2092763,14060
2092902,19251
2093037,15919
2093184,19317
2093476,19746
2093611,19792
2094208,19770
2094265,18577
2094413,19268
2094696,19588
2094840,18611
2094965,18908
2095080,18942
2095270,20546
2095393,20192
2095533,20308
2097467,18482
2097744,14250
2097913,13771
2098054,14690
2107313,9098
2115843,7255
2116102,5142
2116271,5530
2116444,5994
2116604,4870
2116796,4774
2116944,6024
2117086,8996
2117264,7351
2117406,6790
2117548,6986
2117703,6234
2117849,8334
2117966,6971
2118106,8500
2118271,8471
2118406,7954
2118554,9378
2118691,12417
2118810,10730
2118966,10681
2119121,10234
2119445,9987
2119571,8410
2120386,7991
2122911,9276
2123149,8190
2123360,8057
2123580,7596
2124687,7456
2125047,6415
2125272,6367
2125404,6614
2125530,6055
2132681,3203
2133244,3593
2133533,3874
2133628,4226
2134036,3272
2134527,3617
2134572,4849
2134703,3386
2134853,3503
2135713,3316
2136394,4487
2136640,5833
2136883,3708
2137723,5250
2138564,3458
2138735,4017
2139052,3868
2139719,5583
2139754,3869
2139925,6619
2140694,3687
2140946,4419
2141095,3805
2141240,5221
2141406,6257
2141527,6301
2141665,5645
2141797,4604
2149275,5082
2149284,7099
2149635,4816
2149821,3925
2150978,8797
2151117,7364
2151439,9096
2151607,8788
2151768,9533
2151920,9515
2152322,8385
2154273,12690
2154567,7071
2154748,8625
2154916,12971
2155353,14531
2155417,14866
2155451,8279
2155473,13485
2155524,16282
2155575,16470
2155610,8389
2155644,18057
2155701,18393
2155783,7345
2155789,12042
2155936,7351
2156087,10332
2156949,17504
2157009,14018
2157192,12630
2157308,14439
2157406,12899
2157583,14418
2157682,13754
2157757,11965
2157929,13192
2158014,11873
2158099,10064
2158742,9937
2159076,10986
2159280,10277
2164575,9702
2164955,9537
2165378,9061
2165666,9777
2166029,10175
2166518,8613
2166677,8963
2166837,7866
2172128,8983
2172328,4055
2172837,6723
2172893,7707
2173069,6244
2173193,7797
2173396,7896
2173782,6210
2174007,5900
2174533,5648
2175272,6155
2175475,6198
2175690,7549
2176039,6164
2177311,5211
2177523,4534
2177644,5757
2177811,5849
2177933,7083
2178063,4360
2178720,5220
2178869,5250
2178947,3876
2179607,5064
2180225,5534
2180720,4643
2181699,4271
2184124,3553
2184972,3524
2186438,3648
2186518,3306
2189208,4412
2189293,5046
2189558,6383
2190885,3991
2190955,4749
2192104,6092
2192140,4665
2192166,3851
2192463,6227
2192758,5614
2192978,5117
2193305,4256
2194183,5994
2194523,5265
2194673,4294
2194995,4243
2195461,4542
2195973,3980
2196843,5501
2196976,4749
2197120,4215
2197329,5343
2197489,4980
2197686,4112
2200432,4695
2201004,4519
2203171,5327
2203361,3666
2203583,3194
2204093,4050
2204280,3916
2204419,3364
2205208,4775
2205266,4379
2205828,4817
2205990,6401
2206479,5342
2207633,5621
2207843,7846
2208273,5616
2208415,6902
2208550,5994
2208962,7192
2209090,5368
2209243,6173
2209634,6833
2209822,6117
2210015,6479
2210177,9512
2210397,6455
2212425,5486
2213050,5527
2213150,5945
2213272,5729
2213435,5303
2213604,5738
2217020,4358
2217498,3907
2217824,4460
2218279,5518
2218548,5011
2218771,4634
2218907,5266
2219059,4604
2221595,3271
2222181,4280
2222377,5219
2222665,4325
2223076,4699
2223252,4048
2224181,4839
2224206,4090
2225544,7980
2225649,6347
2225790,8395
2226170,5440
2226444,7243
2227486,7572
2228109,5083
2228836,10723
2229062,4723
2229250,10056
2229291,6474
2229608,6791
2229754,7865
2230446,7105
2230596,7822
2231616,7975
2231807,7439
2231947,9162
2232107,11193
2232255,10174
2232392,10262
2232534,9614
2232659,10367
2232774,11089
2232916,9290
2233034,8155
2233421,7730
2233574,8104
2235755,6263
2239349,4942
2239484,6852
2239589,6992
2240203,4347
2242417,8768
2242705,5150
2243131,9216
2243311,11060
2243461,8829
2243590,13092
2243707,6366
2244798,8003
2244982,11650
2245176,11249
2245240,12252
2245461,10696
2245665,6758
2246315,8258
2246468,10356
2246853,9652
2247006,10976
2247145,15397
2247261,15846
2247936,15611
2248106,14377
2248280,12664
2248442,15094
2248598,16797
2248738,16308
2248878,14176
2249019,13370
2249322,14033
2249454,17185
2249570,13890
2249685,14808
2249880,12868
2250412,16332
2250835,16164
2251000,16288
2251120,15335
2251796,16564
2251964,12003
2252086,13872
2252201,14176
2252638,17274
2252992,17046
2253484,13054
2253680,14209
2253843,14304
2254096,14163
2254273,14137
2254412,15195
2255636,9292
2255817,10719
2259716,10259
2259871,10791
2260014,8295
2260149,9249
2260292,7906
2260506,7439
2260645,11020
2261020,9291
2261180,8363
2264680,9003
2264962,7173
2265135,7288
2266350,7859
2266814,8722
2267300,8444
2267977,6610
2269097,5855
2269146,6445
2269182,5666
2270375,7079
2274162,9597
2274545,6634
2274687,5887
2274994,9493
2275248,6604
2275376,7115
2275597,8153
2275766,4697
2275785,8418
2275886,8417
2275930,7338
2278788,5578
2279203,8924
2279508,9642
2279578,6904
2280281,5924
2280541,6899
2280701,7681
2281407,7037
2282189,12523
2282337,5495
2282497,5476
2282669,7480
2282833,9809
2283265,9719
2283423,7645
2283594,6775
2284744,6792
2285491,7490
2285730,8128
2289819,4505
2289984,5330
2290197,6361
2290397,5890
2290541,4428
2290678,8353
2290809,6366
2290925,8408
2291053,10629
2291182,7902
2291376,5229
2291516,5451
2291739,10596
2292207,7890
2292443,9862
2293319,4883
2297288,5133
2297444,5138
2297565,6735
2297726,5649
2297861,11158
2298015,8333
2298148,6856
2298270,7894
2298356,6023
2298392,8260
2300334,8528
2301783,6780
2302089,6867
2302374,4481
2302973,5012
2303014,6385
2303043,7539
2303072,6879
2304262,5594
2304315,8168
2304910,5176
2305556,4842
2306325,5434
2306568,7708
2307093,8207
2307132,6900
2307208,6314
2308204,5219
2308234,4915
2308373,4877
2311687,4883
2313553,3276
2313711,3625
2314078,4516
2314536,3878
2314687,8886
2314822,5482
2314955,4582
2315070,4620
2315313,4648
2316839,5131
2317001,5714
2317130,5861
2317441,5991
2317592,4464
2317735,6391
2317924,6053
2318090,5781
2318709,8469
2318982,6892
2319242,6381
2319388,7164
2319529,4867
2320348,9827
2320391,7681
2320439,6362
2320512,7122
2324787,5389
2324801,5659
2325284,5124
2325426,6307
2325685,6153
2325749,5251
2325970,5208
2326704,5038
2326950,4540
2327273,5472
2327419,5082
2327470,5095
2327653,5068
2333136,3555
2333490,5320
2333663,4838
2333843,3637
2334013,4932
2334152,4999
2334836,5308
2334878,4604
2334902,4525
2334987,5703
2335063,4635
2335286,6623
2335408,5606
2337526,5044
2337834,5189
2337878,5640
2337915,5469
2338038,4618
2339447,7622
2339696,4276
2340191,5137
2340469,5818
2340604,5336
2341725,6830
2342293,4246
2344128,3719
2344187,8463
2344399,5897
2344558,8146
2344808,5269
2345358,4238
2345542,4447
2345774,7076
2345968,7474
2346113,7731
2346315,8679
2346679,7787
2347097,7926
2347748,7746
2347851,6567
2347895,6740
2350963,5563
2351152,5036
2351248,4629
2351406,7083
2351592,4190
2351774,6131
2352049,7441
2352169,7213
2352302,7255
2352733,6705
2353436,6197
2356771,4400
2356806,7035
2356942,3920
2357281,4129
2357418,6373
2359132,5677
2359452,5488
2359674,8735
2359685,5503
2360005,6046
2360068,7074
2360195,7295
2360304,6879
2360561,6100
2360601,5721
2361087,5377
2361247,5842
2363603,3463
2365609,5577
2366494,4216
2367308,3546
2367664,6684
2367895,3839
2368536,7228
2372454,4469
2372856,3825
2373262,3948
2373882,6270
2374181,5028
2374306,4717
2375663,4931
2375674,4231
2375691,4586
2376452,5192
2376814,4096
2377291,4505
2377354,5123
2377440,7163
2377768,4566
2378220,5750
2378474,4238
2379285,4857
2379445,4915
2379592,4951
2379730,4300
2379915,5175
2380624,4902
2382744,5985
2382931,5082
2383298,3821
2384945,3832
2385249,3719
2385547,6967
2385602,5271
2386201,5107
2386391,10779
2386652,7128
2386818,7739
2387165,7807
2387409,7780
2387558,6864
2387704,10086
2387846,6651
2388102,7952
2388803,8732
2389103,5503
2389264,7676
2391020,8891
2391180,8478
2391320,7860
2391479,6337
2391634,6999
2391781,7929
2392683,5637
2393025,7451
2393369,8383
2393901,7986
2394042,7418
2394230,7947
2394354,6061
2395476,8360
2395705,8183
2396079,4853
2398882,5443
2398904,8269
2399386,5594
2399744,5804
2400504,8121
2400768,5768
2400972,7154
2401126,6946
2402449,7481
2402647,7336
2402820,13923
2402943,14118
2403057,16490
2403168,15212
2403285,11823
2403476,13635
2403631,13578
2403919,13241
2404160,12845
2406027,13449
2406199,21215
2406339,17161
2406581,16390
2406743,23020
2406885,12027
2407021,12404
2407155,12153
2407296,11668
2407434,14014
2407570,20018
2407782,19307
2407905,17631
2408231,17257
2408854,24995
2409002,29413
2409264,20042
2409626,15469
2410178,24623
2410350,19025
2410530,20850
2410651,20258
2410786,20459
2410915,20296
2411419,21360
2411597,20566
2412252,20859
2412381,18689
2412786,23003
2412928,18375
2413070,24925
2413204,19144
2413341,18986
2413475,21812
2413622,23631
2413742,21696
2414475,22937
2414666,21931
2414835,23509
2415004,24894
2415172,20828
2416105,18787
2416284,18916
2416450,20524
2416619,23373
2417400,22736
2417819,22546
2417976,22607
2418119,20704
2418307,20162
2418449,20545
2418587,20732
2418728,18918
2421119,20692
2421287,22391
2421431,22854
2422421,21663
2422593,21910
2422978,21609
2423150,22135
2424840,23968
2425784,22758
2425982,21785
2426365,21509
2426527,21606
2426686,20800
2427119,21834
2427254,20793
2427962,20224
2428177,20141
2428414,19577
2429069,18072
2429761,17333
2429995,15981
2430155,16048
2430385,15735
2430611,19355
2431517,18148
2431989,17399
2432519,16802
2433149,16017
2434359,13651
2434562,11204
2441427,10881
2442753,7161
2444128,6696
2444608,6085
2445257,5497
2445985,5087
2446634,6168
2448135,7473
2448267,6827
2448786,6954
2448987,6635
2449786,6236
2453814,3574
2454612,5834
2454861,4826
2454991,4779
2457629,7270
2457705,8306
2457885,5845
2458138,6802
2458297,8372
2458789,8736
2459090,4963
2460880,7469
2461045,6299
2461149,7870
2461242,8473
2461293,7200
2461319,4515
2462095,8551
2462318,8667
2462379,7763
2462484,6460
2462643,7258
2462757,7555
2462796,5918
2464198,6685
2464451,7440
2464571,7468
2464711,8456
2465068,7546
2465667,5978
2466126,7630
2466383,6899
2466511,7004
2466624,8648
2469173,6781
2469420,5004
2469839,5933
2470961,6127
2471079,4260
2471694,4671
2474468,4615
2474682,6069
2474830,4096
2476787,7179
2477060,6534
2477128,6017
2477286,5180
2477523,5890
2477599,6508
2477980,6379
2478203,6441
2478268,7089
2478439,6277
2478593,8114
2479462,4303
2479611,7851
2480095,7394
2480155,6696
2480879,6421
2482137,6516
2482301,6013
2482716,4831
2483633,5297
2484386,4823
2484749,4677
2484956,6986
2485386,5344
2485576,4928
2485915,5610
2486065,5817
2489357,5171
2489591,3867
2489873,4313
2490024,4185
2490349,6072
2490448,4884
2490588,6023
2491016,3709
2491474,5836
2492594,3937
2492992,4902
2493126,3929
2494951,4439
2495108,6689
2495355,8130
2495578,7607
2496412,6572
2497570,3893
2499206,5472
2499265,6662
2499559,6319
2499695,8628
2499728,5166
2500120,6284
2500141,4866
2500974,5780
2501046,6033
2502496,4798
2503106,4774
2503194,6089
2503642,7647
2503707,3879
2504433,6945
2505371,4529
2505549,6919
2505672,7810
2505803,9035
2506183,10101
2507028,10055
2507185,8979
2507346,8169
2508272,7424
2508501,7348
2508699,7328
2508898,9895
2509021,11391
2509193,9153
2509308,10112
2509489,9678
2510151,9131
2510347,9169
2510523,8824
2510713,8913
2510847,10772
2510973,9413
2511159,10169
2511289,9481
2511428,10809
2511949,9039
2512159,6396
2512419,6181
2512579,5390
2513252,7859
2513647,8652
2513817,8612
2514075,8040
2514242,7479
2518991,5045
2519031,4494
2521813,3326
2521954,3881
2524315,6618
2524481,5061
2525627,15468
2526358,6102
2526385,11217
2526898,10298
2527070,9874
2527270,9549
2527417,13275
2527582,11148
2527738,19285
2527887,8696
2528044,8668
2528201,12343
2528559,6749
2528770,11288
2528921,11758
2529135,11582
2529341,12158
2529505,12450
2529699,13399
2529862,17052
2530021,9288
2530184,10182
2530364,9835
2530523,9786
2530684,8889
2532288,10168
2532459,16457
2532615,18245
2532781,10740
2532942,10450
2533099,11060
2533266,7189
2533427,13377
2533584,13433
2533741,11884
2533892,17407
2534051,13399
2534209,13192
2534376,12999
2534638,25466
2534697,28066
2534757,28428
2534814,28253
2535795,32188
2535986,30510
2536171,28134
2536376,26826
2538670,28681
2538865,25706
2539117,27216
2539508,31397
2539760,24965
2544060,28507
2544413,27971
2544655,27833
2545286,47580
2545457,23627
2545768,21019
2545941,18461
2546108,18355
2546283,18066
2546450,32423
2546617,17678
2546780,17837
2547987,21508
2548307,15138
2549321,14279
2549489,14164
2549640,14063
2549792,13960
2549951,13851
2550109,13791
2550278,13769
2550426,13425
2550579,13419
2550729,13220
2551064,12244
2551579,22913
2551753,27050
2551891,23866
2552022,19778
2552162,17524
2552303,19666
2552442,30964
2552586,30549
2552731,30495
2552864,32332
2552995,33473
2553120,30364
2553322,26024
2553474,33480
2556072,37858
2556240,36896
2556381,33277
2556522,33029
2556659,25280
2556793,32601
2556930,25108
2557069,32379
2557204,32397
2557367,36359
2557499,36276
2557634,36191
2557782,29077
2557922,29212
2558070,28589
2558462,30874
2558602,23680
2558732,35148
2558857,32143
2558973,32704
2559099,32063
2559421,28758
2559547,30552
2559665,31976
2559783,30674
2559902,30712
2560032,30726
2560301,33832
2561273,30900
2561439,31543
2561591,30995
2561771,31851
2561953,31132
2562115,30919
2562412,31262
2562591,33167
2562893,31433
2565138,28791
2565261,28569
2565402,27923
2565535,27653
2566442,27905
2566619,25975
2567449,27170
2567624,24270
2567780,24392
2567932,25071
2568082,26486
2568259,26260
2568423,26026
2568577,23870
2568734,25513
2568901,24007
2569271,25027
2569435,21723
2569771,24629
2569929,24258
2570521,26475
2570653,25514
2570768,26146
2570885,26495
2572908,26801
2573244,26930
2573419,26742
2574829,16577
2574988,24651
2575127,24441
2575588,24930
2575770,25411
2575912,24612
2576057,18726
2576298,19750
2576437,22432
2576573,22758
2576718,19611
2576838,20593
2576963,19837
2577076,21253
2593441,10171
2593963,12614
2601148,7294
2601287,5568
2601330,7461
2601416,12841
2601490,10218
2601629,10219
2601765,10442
2601900,8690
2601952,8317
2602019,9205
2602185,8526
2602341,7606
2602475,7432
2602606,7088
2602744,5435
2603086,9319
2603498,9038
2603691,7868
2603880,11388
2604076,9306
2604233,9079
2604332,10920
2604469,10448
2604759,10929
2612666,5587
2614691,4627
2614908,4920
2615594,6862
2615693,7595
2615751,8537
2615943,8447
2616008,8120
2616134,7492
2616248,7460
2616366,6236
2616499,6265
2616640,6606
2616808,6517
2616972,7202
2617112,9708
2617257,9887
2617450,9820
2617597,9798
2617715,8906
2617779,8641
2617934,7660
2618163,9030
2618309,8784
2618444,5897
2621578,7993
2621770,6586
2621973,5555
2623397,10728
2626236,4299
2626450,4914
2626898,4785
2627451,7524
2627606,8764
2627742,8793
2627880,5198
2628187,7989
2628348,10125
2628425,9770
2628480,8003
2628599,5034
2628748,9388
2628895,9522
2629163,10146
2629335,10169
2629597,8693
2629743,8779
2629946,9321
2633210,7086
2633285,6406
2633800,5164
2633837,7214
2633856,7247
2633862,5991
2634310,6830
2634920,5489
2635272,6534
2635588,7918
2635672,5212
2636193,6090
2636250,7199
2637669,3484
2639048,5151
2639678,5154
2639899,4752
2641897,7052
2642102,9318
2642246,7712
2642360,12939
2643025,12534
2643256,13485
2643381,19149
2643534,7118
2643654,22216
2643769,14696
2643903,14489
2644038,15027
2644235,15121
2644369,8704
2644665,18904
2646357,12514
2646403,11924
2646533,6444
2646729,12275
2646888,5899
2647047,5838
2647495,11446
2647649,16822
2647800,14864
2647964,16329
2648121,18411
2648311,18322
2648468,21623
2648620,25054
2648771,26682
2648926,22726
2649082,22435
2649255,22889
2649409,22854
2649609,22899
2649818,21555
2650030,21283
2650476,13024
2651304,19256
2651484,19173
2651645,19079
2651797,19113
2651957,19020
2652136,18907
2652305,18805
2652459,18682
2652621,17417
2653381,13829
2654172,21767
2654349,12986
2654515,12975
2654690,12890
2654847,12905
2654998,12845
2655152,20774
2655482,18327
2655652,22015
2655836,20880
2656001,17610
2656170,10790
2656305,20473
2656494,20345
2656660,19721
2656821,20263
2656982,19667
2657149,16031
2657325,18855
2660464,13082
2660621,17142
2660767,16132
2660909,12090
2661045,11731
2661188,12832
2661312,16108
2661350,15078
2661388,11897
2661428,14689
2662346,13038
2674156,3667
2674334,3365
2674516,4816
2674772,3586
2677981,5722
2678135,5377
2678421,5862
2679491,4295
2679558,5337
2679750,4202
2681450,3734
2682138,5468
2682770,5388
2683934,3468
2685693,5181
2686192,3887
2686375,3811
2686685,4708
2686800,3460
2687420,6099
2687766,7805
2687822,5502
2688063,6263
2688512,5788
2688684,5674
2689098,6205
2689358,6003
2689648,5648
2689674,8775
2689718,6460
2689752,8640
2690017,5614
2690584,5446
2690814,7720
2691184,7813
2691648,7657
2691700,6558
2691782,7458
2692279,5558
2692430,6650
2692583,5405
2692841,6517
2693090,5917
2693617,6032
2694039,5645
2694185,6564
2695401,5428
2695446,5317
2696107,4452
2696545,3612
2697645,3497
2702335,3240
2704174,5402
2704292,3953
2704427,5009
2704566,4780
2705181,5137
2706159,3782
2707135,4148
2707575,4890
2707726,9119
2707873,4648
2708018,12340
2708155,9613
2708293,12160
2708430,12328
2708564,13883
2708711,6322
2708869,15538
2709009,16413
2709150,19135
2709688,18657
2709827,22470
2710009,20366
2710147,11292
2710315,12856
2710478,12804
2710727,10283
2710879,12561
2711014,12218
2711122,12266
2711348,12143
2711548,12775
2711696,10819
2711871,11425
2712008,9109
2713470,15841
2713928,21389
2714088,24877
2714269,9725
2714432,9627
2714611,9626
2714771,8562
2717204,24263
2717396,24927
2717550,32831
2717695,26985
2717830,31860
2717964,27871
2718099,24026
2718343,24069
2718501,24126
2718636,39021
2718782,36765
2718923,42924
2719057,42382
2719188,34358
2719258,42126
2719393,41912
2719529,39000
2719680,42193
2719822,20474
2719959,33338
2720094,29656
2720253,29367
2720407,27056
2720548,26855
2720683,26613
2722072,18972
2722469,20100
2722656,20078
2722802,19715
2722995,19582
2723616,18852
2724512,61459
2724659,21488
2724808,51317
2725240,51809
2726492,44140
2726641,34690
2726775,34608
2726907,34252
2727039,34189
2727178,33887
2727340,43161
2727512,33595
2727664,43315
2727787,44563
2727900,44358
2728071,44536
2728314,44392
2728437,42331
2728634,63063
2729005,41863
2729130,11798
2729650,19960
2729790,20319
2729908,20934
2730531,20561
2730677,20467
2730824,16570
2730943,16813
2731586,16033
2731752,15816
2731909,15995
2732075,15977
2732278,15674
2732445,15557
2732615,15092
2733162,26161
2733301,14801
2733465,14685
2733625,14575
2733790,19619
2733948,12080
2735444,56796
2735619,56533
2735783,56910
2735960,56789
2736126,55433
2736309,56119
2736496,56524
2736669,57592
2736830,58137
2736991,57501
2737166,73656
2737371,58408
2737535,42526
2737705,42482
2737877,42527
2738036,43291
2738200,55439
2738626,66824
2738871,65034
2739564,62883
2739728,67603
2739911,77776
2740081,52750
2740271,59736
2740435,40219
2740597,40188
2740758,40228
2741402,46061
2741561,57913
2741760,58437
2741955,58694
2743455,57179
2743948,56921
2744285,57737
2744557,64329
2744699,50227
2744849,48943
2744987,56368
2745121,47794
2745261,49139
2745417,46899
2745546,45917
2745673,56044
2745852,46845
2746609,47703
2748247,45702
2749164,28990
2749304,45269
2749446,52482
2749640,48862
2749778,48832
2749912,48646
2750157,28616
2750265,48916
2750400,27241
2750534,27358
2750665,49726
2755024,17471
2755162,23325
2755439,23614
2755577,23707
2755709,23849
2755843,23866
2755977,26542
2756113,27005
2756255,30290
2756388,52089
2756520,45782
2756652,46036
2756785,46095
2756931,46127
2757069,44784
2757203,35938
2757345,36855
2757482,35609
2757616,64943
2757750,64981
2757880,61904
2758019,62276
2758152,67850
2758292,62549
2758447,64401
2758586,63207
2758718,65463
2758854,64051
2759000,64641
2759140,64915
2759353,51632
2759491,55784
2759635,61908
2759771,55845
2759901,61045
2760031,48952
2760168,49210
2760313,49429
2760445,49490
2760586,57396
2760726,57298
2763276,66371
2763441,59098
2763963,47817
2764368,48135
2764544,49783
2764665,47976
2764830,48296
2764966,47867
2765097,47974
2765209,48758
2765552,48831
2765697,48277
2765838,52094
2765997,47789
2766221,52052
2766371,53654
2766510,59144
2766683,58061
2766817,59137
2766934,60072
2767076,60837
2767194,58688
2767258,59855
2768293,55526
2768465,41484
2768637,41488
2768799,49071
2768955,41165
2769114,42320
2769288,42297
2769481,41324
2769638,41246
2769801,41445
2769962,41124
2770120,42735
2770337,41047
2771284,40847
2771447,40734
2771604,41143
2771759,40805
2771923,46358
2772084,40608
2772782,40102
2773605,40232
2773771,53287
2773923,39808
2774088,39455
2774495,49566
2774659,51396
2776333,46118
2780269,31808
2781841,47198
2783470,43479
2784528,41779
2784769,41521
2784802,41964
2784852,42774
2784888,44406
2784918,41240
2784946,39432
2784975,45820
2785003,42841
2785038,42931
2785069,39597
2785105,39799
2785141,36853
2785170,41040
2785195,40852
2788416,39080
2788826,40159
2789901,39333
2802204,28527
2802903,24164
2803692,28332
2803896,29492
2804090,27988
2804353,28291
2804727,27915
2804962,26549
2805087,26214
2806327,26465
2806645,25809
2807093,24612
2807148,23846
2807205,26633
2807463,24946
2815299,17547
2834526,3442
2834562,5347
2834742,4726
2835252,5426
2835299,4555
2835418,5199
2835484,4822
2836192,3770
2836737,4894
2836790,3869
2837002,4068
2837502,4919
2837881,5394
2838629,5085
2839041,4752
2839110,3852
2839912,4245
2840118,3995
2841391,5017
2841673,4731
2841895,4183
2842494,4684
2843187,3928
2843690,3843
2844361,3564
2845046,3748
2845070,3499
2845442,4067
2845756,4607
2852906,3191
2853602,3363
2853652,4152
2854245,3991
2854434,3882
2854733,4519
2860418,3276
2860899,8505
2860975,5615
2861191,5457
2861829,4706
2862195,3472
2862454,5071
2862627,9170
2862864,4780
2863048,4251
2863300,7265
2863325,7644
2863492,7576
2863861,7664
2864031,6428
2864382,5492
2864466,6428
2864944,7912
2865127,5572
2865608,5680
2867206,5421
2867959,6880
2868612,4517
2868757,4622
2869131,7210
2871990,5138
2872767,7172
2873053,6833
2873360,6350
2874829,6035
2875038,4784
2875792,3689
2875893,7854
2875967,4886
2876040,5258
2876149,5587
2876404,5434
2876822,6456
2877238,5750
2877468,5203
2877877,6733
2878012,5859
2878136,8041
2880037,3976
2881087,4923
2881442,7025
2881763,6607
2881910,5424
2881949,5374
2882042,6248
2884503,5557
2884768,4267
2884969,4324
2885312,4149
2887029,3992
2887325,5004
2887542,7169
2887726,5611
2887872,8482
2887996,7540
2888127,7431
2888243,6824
2888380,8248
2888526,8222
2888669,7071
2888811,6485
2889403,6564
2889550,6952
2889902,6850
2891471,7030
2891640,5729
2891782,5441
2891923,6353
2892203,6975
2894035,4696
2894155,6807
2895943,4345
2896438,5209
2896831,4966
2897493,4223
2899564,3859
2899589,4206
2899766,4208
2900281,4177
2900641,4162
2900862,4864
2901783,4230
2903602,3750
2904043,6631
2904505,3410
2904909,3920
2905827,3836
2906408,3576
2906878,3966
2906971,5251
2907664,4395
2907838,4101
2908192,3951
2908488,3849
2909153,4987
2909293,5181
2909928,4843
2910398,4619
2910755,7127
2911114,5065
2911944,4478
2912189,5148
2912372,5811
2912987,5428
2913201,5947
2913362,5298
2913729,7527
2915975,7358
2916228,7078
2916563,5239
2916711,14824
2916850,9338
2917190,10322
2917405,13974
2917717,15865
2917906,14649
2918071,15089
2918256,12919
2919037,12267
2919182,13242
2919364,12603
2919487,12537
2919644,11430
2919825,10972
2919947,12417
2920109,11978
2920656,17702
2920879,11030
2921039,11552
2921281,10568
2921515,16883
2921643,9812
2922623,12518
2922726,12159
2922782,15443
2922820,15484
2922853,11494
2922885,21445
2922924,22926
2923113,24957
2923134,28061
2923171,30922
2923759,10534
2925438,24980
2925477,28321
2925632,28117
2925668,28326
2925687,28161
2926879,18309
2927080,18416
2927297,18376
2927480,18507
2927669,20657
2927847,15415
2928030,15696
2928073,15482
2928561,16418
2928740,14668
2929390,19976
2929648,24730
2929854,24573
2930058,23477
2930267,23432
2930453,23135
2930700,23606
2935257,17917
2936174,17970
2936305,12988
2937012,16885
2937437,15069
2937573,16220
2937860,16615
2938082,15557
2938821,13474
2938978,15298
2939353,14976
2939523,10430
2939704,12698
2939846,13499
2939981,9472
2940120,12231
2940258,8325
2940400,8827
2940560,8450
2940710,8197
2940845,8523
2940963,8186
2941103,12840
2941460,12585
2941609,12616
2943429,11893
2945294,10085
2948016,9468
2948731,9216
2950065,8030
2953349,6964
2957153,5134
2957679,5790
2958203,5383
2958360,4446
2958880,6662
2959417,10602
2959619,8022
2959780,5990
2959940,7837
2960112,7857
2960423,9361
2960583,7292
2960748,8229
2960905,6156
2961064,14440
2961245,43358
2961401,23569
2961553,13827
2961716,17608
2961878,13445
2962032,13162
2962255,12819
2962433,20871
2962608,19866
2962782,14622
2962957,12363
2963127,10170
2963298,18023
2963704,17282
2964296,18038
2964465,14216
2964627,43418
2964779,40536
2964930,41848
2965091,25237
2965267,24063
2965436,21030
2965602,19258
2966273,28893
2966446,12102
2966562,13558
2966628,11667
2966683,15925
2966735,15805
2966787,14878
2968389,19235
2968551,19162
2968705,19080
2968859,16633
2969028,28793
2969201,38669
2971291,37843
2971501,39759
2971672,38209
2971828,36865
2971990,40738
2972152,19818
2972329,39452
2972490,24630
2972649,24727
2972821,24623
2972983,28250
2973163,39772
2973526,25263
2973687,25165
2973848,25058
2974029,25038
2974188,24387
2974277,25045
2974439,24937
2974604,25688
2974762,26007
2976365,22369
2976538,19766
2976637,21245
2976692,21449
2976740,21208
2976804,21275
2976852,21033
2976912,25059
2976965,36388
2977016,36718
2977072,36652
2977133,34829
2979693,33251
2979852,42442
2979990,33153
2980124,32613
2980269,43049
2980406,33130
2980540,28536
2980684,29007
2980826,28494
2981015,27668
2981149,26404
2982907,29072
2983061,28529
2983198,46809
2983254,27392
2983395,27436
2983534,28820
2983669,27583
2983801,45934
2983934,45885
2984064,44069
2984358,53245
2985935,36090
2986108,35805
2986302,43907
2986443,35674
2986584,35640
2986719,53615
2986853,56451
2986987,56377
2987129,56693
2987272,59574
2987409,51912
2988170,40965
2988370,57670
2988568,58796
2988712,41203
2989127,40520
2989384,41066
2989570,40966
2989766,40350
2990385,38370
2990513,37361
2991156,38379
2991311,37716
2991453,37778
2991589,37843
2991724,37601
2991878,35713
2991998,49298
2992312,78644
2993317,77984
2993484,78240
2993884,77930
2994055,78019
2994400,77895
2994586,78698
2994735,75708
2994870,77079
2995002,77902
2995139,77950
2995306,78612
2995446,79694
2995587,80297
2995751,80312
2995887,63462
2996004,65978
3002172,60950
3003989,59837
3004272,60280
3004564,61207
3004689,61833
3004829,60311
3004984,49360
3005102,50943
3005272,47035
3005393,50134
3005518,50946
3005653,51177
3005795,51382
3006176,53084
3006514,50990
3006677,50912
3006831,58750
3007092,51225
3007252,51573
3007373,52105
3007524,52639
3007657,52772
3007899,52755
3008038,52843
3008176,53159
3008379,39873
3009145,39434
3009354,39422
3009548,39640
3010289,39353
3010488,39442
3010727,40055
3010869,40656
3010994,38565
3011141,39512
3011252,59629
3011887,59945
3012083,60060
3012434,60420
3012671,60004
3012894,51648
3014099,51031
3014382,49673
3014531,51586
3014713,52115
3014859,39238
3015575,37577
3015787,38923
3015959,39840
3016141,40537
3016295,40571
3016415,40750
3016559,41010
3016704,41032
3016823,50109
3016952,49215
3017093,41588
3017320,41744
3017458,42306
3017597,35139
3017727,34959
3017861,34700
3018053,34250
3018262,52927
3018590,54974
3018759,54977
3019536,54699
3019715,54984
3019879,39746
3020040,41078
3020209,42115
3020876,43044
3021054,43667
3021238,44470
3021412,43873
3021579,43015
3021737,42592
3023905,40582
3024062,38744
3024203,39434
3024367,41097
3024501,40837
3024632,41347
3024785,41831
3024922,41420
3025061,28931
3025193,28854
3025342,28806
3025478,30506
3025609,32755
3025740,26766
3025882,26754
3026021,26132
3026163,30291
3026272,28757
3027082,29543
3027255,29558
3027421,20973
3027702,20253
3027962,33055
3028257,32489
3028423,31843
3028587,31432
3028850,42879
3031372,37755
3033331,37634
3033396,37432
3033452,37284
3033505,36426
3033554,36206
3033601,35875
3033658,34822
3033706,34954
3033754,35638
3033803,35376
3033850,35406
3033894,35413
3033941,33268
3033998,35199
3034050,25529
3034184,32941
3034311,34252
3034500,34534
3042355,24042
3044328,24427
3044382,23568
3045274,22825
3049674,27673
3050399,16754
3051978,32403
3052330,34198
3057320,27176
3057796,22209
3061310,21026
3061912,27387
3062173,26520
3062845,27177
3063009,26473
3063668,25402
3064750,29282
3078761,11664
3078947,13363
3079103,12549
3079286,10764
3080391,10423
3080582,10781
3080741,10396
3080907,10520
3081009,9312
3081061,10242
3081266,10552
3081638,14677
3081694,14860
3081747,16531
3082328,10599
3082521,10653
3082693,10558
3082941,10385
3083126,12276
3083335,6797
3083572,9421
3083845,10866
3084280,7249
3084594,8864
3084799,8722
3084983,8408
3085352,7702
3085654,7460
3086092,8025
3086164,9656
3086328,8241
3086620,10082
3087005,9079
3087863,11855
3088291,8086
3088491,7244
3092411,4932
3096727,4156
3096933,3702
3097059,3593
3098506,3974
3098563,4025
3099012,3817
3104758,4364
3104762,7193
3105265,3755
3106919,8524
3107403,8173
3107599,11360
3107770,7881
3107809,7907
3107929,7848
3108079,7757
3108245,7864
3108407,10309
3108558,6965
3108707,6720
3108856,9905
3109397,10477
3109555,9913
3109709,9380
3109858,9248
3110013,6143
3111109,9211
3111554,9725
3111732,8342
3111892,8621
3112047,7653
3112203,7967
3113419,7525
3113579,7843
3113713,7576
3113852,7484
3113986,11362
3114119,7708
3114255,8871
3114405,11259
3114538,10897
3114670,8217
3114799,7392
3114938,10359
3115071,8115
3115202,6907
3121104,10104
3121385,9891
3122204,6147
3122594,8994
3122739,9511
3122885,7947
3123030,7229
3123255,7469
3123442,7575
3123750,8052
3124621,7273
3124801,8237
3124960,6572
3125098,11305
3125284,7404
3125426,7388
3125564,7836
3125707,7857
3125828,8251
3125986,8324
3126104,8423
3126225,9020
3126747,9646
3126872,9465
3127007,9366
3127238,7560
3129310,6201
3129442,5589
3130252,5130
3130401,5536
3130548,6511
3130687,5345
3132121,7471
3132473,6308
3132865,6844
3133069,6693
3133636,6200
3137730,3299
3137871,3952
3138296,5711
3138499,4551
3138937,5179
3139006,5480
3141167,14510
3141378,8062
3141692,4669
3141899,7819
3142130,10301
3142299,19429
3142459,8264
3142610,9841
3142759,12045
3142917,18695
3143144,9388
3143280,9400
3143457,11404
3143647,9675
3143804,8878
3144724,17732
3144892,17990
3145047,17885
3145204,18077
3145530,17554
3145684,17351
3145937,17245
3146087,17047
3146269,23826
3146496,15655
3146638,26309
3146763,15255
3147503,14851
3147648,11191
3147780,11201
3147917,11161
3148050,14934
3148181,21206
3148404,21457
3148554,20730
3149267,20451
3150017,19188
3150160,19177
3150310,19355
3150445,24952
3150580,29796
3150722,31738
3150866,29080
3151013,28440
3151186,11646
3153388,27933
3153547,29779
3153694,21599
3153831,27558
3153962,35399
3154094,35379
3154249,35432
3154384,35246
3154518,35007
3154651,34766
3154785,31529
3154926,30925
3155058,36420
3155193,23139
3156274,33027
3156424,33154
3156559,39765
3156717,41421
3156893,37331
3157013,22783
3157146,22752
3157284,22562
3157810,21884
3157980,21765
3158140,39626
3158310,36781
3158474,38843
3158640,34675
3159160,51343
3159224,58365
3161296,24493
3161472,24237
3161711,17619
3163433,44359
3164525,43389
3164675,43445
3164810,44606
3164944,43384
3165076,43365
3165219,40643
3165380,44926
3165525,45532
3165656,45140
3165803,31250
3166023,40831
3166154,40580
3166384,42161
3166525,43886
3166666,44219
3166809,43872
3166942,43651
3167075,44219
3167207,44182
3167351,45354
3167489,47992
3167626,43346
3167755,50453
3167888,38332
3168027,38465
3168160,38502
3168286,38626
3168428,38693
3168564,38845
3168698,38847
3168852,50688
3169013,49085
3170648,49270
3170827,49800
3170985,54074
3171136,48575
3171282,52773
3171437,51248
3172729,46040
3172891,48859
3173028,50279
3173172,57140
3173262,57678
3173295,58203
3173325,59245
3173361,61707
3173391,62073
3173421,64469
3173450,64497
3173482,58245
3173511,60814
3173540,61103
3173575,57313
3173620,54777
3173640,51904
3175517,56389
3175678,52546
3175831,51097
3176389,59416
3177298,50660
3177474,51205
3177637,53933
3177797,49128
3177963,51630
3178125,53296
3178335,48354
3178498,48898
3178654,49080
3178818,55445
3178976,52642
3179190,52536
3180137,42859
3180588,42924
3180731,44803
3180864,45239
3180995,39925
3181133,40924
3181337,46176
3181475,36441
3181611,37512
3181743,36607
3182400,45468
3182562,46912
3182716,46126
3182868,45830
3183029,43605
3183180,38975
3183971,43670
3184131,35285
3184288,45135
3184445,46964
3184600,46753
3184762,46702
3184915,45094
3185069,42054
3185400,34710
3185607,33926
3185742,34609
3185875,35556
3186013,37783
3186148,36283
3186419,18803
3187093,45475
3187280,45643
3187571,45509
3187755,45807
3187909,45900
3189743,44208
3190412,43675
3190570,39155
3190704,42599
3190839,43589
3190980,41982
3191112,43263
3191316,43804
3191460,45872
3191602,44540
3191733,43862
3191872,39526
3192015,39328
3192150,35941
3192296,38376
3192437,32769
3192572,33141
3192704,33582
3192844,32305
3192978,32884
3194014,41918
3194187,37590
3194360,37519
3194513,37314
3194664,35939
3194816,38275
3194972,34396
3195282,29413
3195512,30976
3195651,31801
3195792,35725
3195929,35740
3196069,33690
3196189,29766
3196520,35603
3196679,38178
3196837,27290
3197208,32604
3197585,28949
3197904,29076
3198330,34004
3212342,24851
3212532,22204
3212787,22363
3212955,22303
3213110,22376
3215298,22750
3215571,22113
3215736,21898
3215906,21679
3216068,21419
3216250,21287
3216414,21022
3216577,20809
3216741,21405
3216909,21187
3217072,20926
3217248,18972
3242078,7894
3242111,5732
3242491,5464
3243088,8341
3243233,7408
3243271,4874
3243657,6416
3243840,4054
3243985,5353
3244878,8158
3245423,6093
3245628,5971
3245813,7313
3245956,8486
3246077,8966
3246192,7540
3246322,6906
3246409,7222
3246431,7147
3246470,7057
3246502,6949
3246760,6419
3247140,5327
3249260,6659
3250131,5837
3250189,5538
3250996,5055
3251076,5038
3251121,4067
3252533,3720
3253276,4690
3253674,4951
3254285,4792
3255179,4254
3256710,3673
3256803,3376
3257277,3425
3263914,18258
3264132,13594
3264789,9247
3266504,15795
3266679,17224
3266713,12655
3266857,17110
3266913,15191
3267131,9835
3267142,19744
3267523,6288
3267729,10748
3267894,14111
3268053,12007
3268212,12400
3268401,13438
3268564,15049
3268738,11285
3268898,11748
3269072,11523
3269242,11066
3269402,17541
3269568,16918
3269763,22164
3269769,14705
3269821,16933
3269870,20861
3270118,15161
3270385,11895
3270590,17248
3270753,12289
3270891,11992
3271024,15800
3271159,19679
3271411,11988
3271552,20312
3271750,20049
3279144,11048
3279443,24946
3279588,25241
3279735,23616
3279863,25505
3280119,22682
3280675,17136
3280827,16925
3280961,18915
3281106,24514
3281263,24661
3281407,22107
3281553,22018
3281697,22889
3281837,23267
3284035,22165
3284189,14238
3284302,20027
3284435,16193
3284573,19860
3284708,18731
3284848,16622
3284988,17069
3285123,12546
3285271,12347
3285404,12382
3285543,11922
3285683,11878
3285815,11245
3285948,10643
3286087,9021
3286246,18322
3293299,10879
3293477,11862
3293627,10995
3293773,10280
3293924,9701
3294072,14318
3294265,14041
3294412,10874
3294534,9569
3294672,10036
3294821,10568
3294990,8805
3295144,8429
3297199,9254
3298190,10328
3298931,7262
3307464,3616
3307509,4669
3308841,5448
3308900,7387
3309325,5629
3309806,4093
3309976,4782
3310140,4141
3310841,13396
3310862,7059
3311012,7579
3311169,7477
3311353,12529
3312403,11011
3312580,20018
3312794,5250
3313717,4521
3313935,7111
3314104,8979
3314316,8873
3314484,8815
3314604,4532
3314791,8179
3316245,9060
3316683,8560
3316724,8180
3316758,10421
3319388,12337
3319898,9407
3320061,9523
3320316,12217
3320445,8721
3320652,8619
3320946,13557
3321679,12381
3321741,11303
3321796,10624
3322068,10819
3322380,11420
3323500,9860
3323678,13489
3323992,7896
3325962,10243
3326111,9041
3326257,10555
3326391,9566
3326537,12289
3326671,9933
3326819,8029
3326958,8892
3327100,8303
3327486,7696
3327628,10468
3327769,7868
3327883,10821
3328016,6591
3328394,9576
3328561,9473
3328805,5944
3328957,6948
3332691,7420
3336279,3894
3336446,6045
3337124,4562
3337598,4946
3337752,6458
3337790,5508
3340489,5840
3340631,3988
3340781,4888
3341030,3942
3341181,4097
3341511,3881
3341734,6361
3342319,8644
3342530,7928
3342670,6077
3342815,5483
3342980,5582
3343164,5276
3343382,4971
3343506,6239
3346501,6401
3346673,6164
3347564,12390
3348773,6548
3349423,4281
3349574,4054
3349801,3743
3349942,5890
3350103,6779
3350689,19861
3350839,5193
3351135,7150
3351294,25613
3351429,19265
3351561,21928
3351693,18823
3351825,6323
3351967,24745
3352111,22582
3352308,17599
3352447,21142
3352607,15865
3353003,17959
3353860,21229
3354252,14017
3354435,21701
3354683,13459
3354833,14545
3355039,21734
3355265,8301
3355453,11357
3355671,14386
3355863,14445
3356063,14397
3356416,13253
3356542,12960
3356689,11689
3357356,13006
3357812,17386
3358398,15813
3358558,15055
3358723,15704
3358940,11806
3359315,10510
3359463,20373
3359729,16028
3359855,21157
3359977,19914
3360375,19575
3360542,19460
3360999,19949
3361125,20022
3361618,21061
3361819,24698
3362068,24701
3362233,25366
3362406,26059
3362581,25154
3363867,23948
3364048,13780
3364207,13453
3364297,13647
3365440,14703
3366286,24682
3366476,20818
3366640,19449
3367285,18703
3367304,15020
3367461,12227
3367643,12733
3367807,12505
3367972,12829
3374713,17565
3375572,14214
3375747,14252
3375945,16258
3376090,14045
3376209,15462
3376273,14402
3376547,15562
3377022,12840
3377317,10673
3377470,10592
3377708,10620
3377974,10963
3378206,9201
3378425,13920
3378567,8538
3378705,8485
3378842,11721
3378986,7938
3379121,12902
3379296,12854
3379642,9381
3383226,10859
3383488,10652
3383637,6091
3388532,6610
3391030,4167
3392111,4469
3392280,4167
3392411,3773
3393109,3801
3393263,3512
3393490,3659
3394453,3812
3394708,3978
3394836,3570
3399132,4924
3399193,3677
3399340,5955
3399420,5012
3399727,3700
3400150,5198
3400391,5007
3400578,5132
3400753,5085
3401056,5539
3401093,5818
3401113,5574
3401517,5631
3401886,4618
3401911,5051
3402943,5857
3403529,4117
3403584,4133
3404158,4688
3404265,3907
3405737,3781
3410133,8654
3410461,5823
3410718,8120
3410877,5495
3411415,5880
3411490,5281
3411667,7449
3411847,7180
3411923,7467
3412156,13566
3412297,7574
3412304,6990
3412475,9564
3412579,16228
3412708,5959
3412881,14246
3413334,15574
3414067,7274
3414384,10435
3414435,15771
3414891,13908
3414992,13793
3415062,9379
3415271,13362
3416049,12771
3417429,14244
3417607,9921
3417932,9930
3422200,6838
3422563,8335
3422717,9478
3422774,7088
3422943,5182
3423285,8231
3423460,7691
3423745,7343
3424047,6917
3424327,6700
3425338,7215
3425511,6642
3425671,7307
3425813,5611
3425829,7247
3425984,6643
3426436,6374
3427306,8760
3427376,8757
3427433,6903
3427509,6068
3434647,4057
3434813,4995
3434960,3908
3435072,4379
3435344,7495
3435782,4951
3435924,5392
3436456,5855
3436481,6417
3436629,4640
3436748,5171
3436905,3673
3437074,3613
3437554,3361
3438497,4126
3439083,3888
3439163,3857
3439899,5993
3440106,5192
3441045,4757
3444075,6233
3444325,5976
3444907,7217
3445080,6805
3445256,6572
3445422,6009
3445681,4922
3446959,6316
3447448,5055
3447766,6397
3447919,8756
3447977,7067
3448024,9324
3448069,8323
3448178,6258
3448378,5926
3448545,4432
3448904,4944
3450578,6305
3450756,7534
3451439,5966
3452747,4438
3453719,4313
3453844,4935
3453917,5742
3453937,7301
3454016,7335
3455637,4118
3456439,7882
3456664,9678
3456881,7581
3457300,5635
3457516,6862
3460685,5715
3461101,5213
3461441,6464
3461957,4579
3462127,6218
3462388,5121
3462839,4574
3463006,4278
3463406,5789
3463993,6682
3464601,6034
3465053,5525
3465269,8476
3465410,7043
3465552,6995
3465688,6985
3465823,7030
3465965,8197
3466102,6652
3466248,6555
3466396,7227
3469673,4532
3469874,4823
3470017,6697
3470153,7711
3470294,6353
3470411,6905
3470544,6656
3470763,7293
3470802,7004
3474886,7153
3475117,6992
3475729,4447
3475890,5675
3476069,4331
3477243,6244
3478223,8066
3478245,11162
3478254,9236
3478316,6166
3478471,7107
3478642,6494
3478764,6318
3479804,7572
3480210,6826
3480431,6666
3480573,7006
3481249,11649
3482250,10293
3482372,5520
3482532,8963
3482673,7232
3482790,7483
3483283,6903
3483410,8025
3484515,7533
3485290,4412
3485443,8081
3485786,6075
3486282,10036
3486322,11271
3486361,7400
3486381,7758
3486431,9076
3488011,6814
3488840,5688
3489047,5628
3489347,7304
3489742,9468
3489907,6826
3490309,4657
3491838,6757
3492114,6626
3492375,5419
3492728,4692
3492943,6515
3493130,6491
3493331,6515
3493807,6612
3496665,5461
3497299,4378
3497440,3940
3497649,4611
3498444,3973
3499967,4813
3500134,4909
3500691,4492
3501265,6494
3501959,5596
3503502,5972
3503713,9369
3503800,6236
3503858,6953
3504818,8552
3505077,8768
3505261,6064
3505803,8948
3506103,5499
3506344,6638
3506523,5784
3506604,9544
3506638,6150
3506887,8310
3507998,6777
3508529,6816
3508697,8694
3508897,10351
3509066,6705
3509338,7997
3509584,7764
3509877,5988
3510015,5998
3511076,5115
3511762,8133
3512195,8490
3512483,6765
3512840,6618
3513031,8163
3513144,8857
3513594,8567
3513643,8589
3516929,5361
3518330,4405
3518657,6738
3518994,6729
3519290,6766
3519443,7472
3519934,6470
3520285,6036
3522441,4536
3522584,4704
3522894,4718
3523083,5667
3523342,5259
3523666,6757
3523909,3864
3523979,5224
3524082,5729
3524445,4755
3525605,3806
3525986,6896
3526185,6234
3526829,5718
3526969,5967
3527471,8891
3530171,7109
3530346,4281
3530470,11016
3530799,5625
3530947,3770
3531080,8357
3531302,5297
3531602,5907
3532962,8495
3533377,8741
3534078,7601
3534207,5620
3534245,7587
3534708,3841
3534922,6619
3536540,6475
3536641,5892
3536817,7108
3536864,7926
3536999,6299
3537827,4868
3538443,5299
3539261,4430
3539506,6936
3540103,10356
3540486,6339
3540491,5398
3540649,6166
3540809,4482
3541412,4357
3542794,8404
3542854,7256
3543110,5620
3544144,5688
3544264,5326
3544341,5651
3546933,6666
3547133,4508
3547403,4601
3547508,4688
3547600,5026
3547822,5925
3548160,5418
3548785,3769
3548922,3795
3550090,4234
3553707,3489
3554461,7542
3554843,8342
3555052,4552
3555638,9664
3555921,4907
3556050,6008
3556243,5657
3556442,8126
3556583,8826
3556701,8657
3556845,7071
3557053,7187
3557187,7576
3557240,9042
3557356,6758
3557470,7228
3557859,6439
3557904,6258
3557937,11967
3560489,8498
3560671,14884
3560824,14782
3560968,11493
3561115,16889
3561269,14387
3561406,14303
3561546,13808
3561698,14751
3561838,13610
3562085,17204
3562580,13374
3562790,12970
3562964,13622
3563149,10245
3563379,12189
3563564,11728
3563753,10424
3563942,11185
3564325,11769
3565974,10996
3566251,10056
3566434,11428
3566622,8882
3566830,11454
3567025,14045
3567179,13017
3567246,18248
3568096,15476
3568325,17064
3568530,16792
3568704,17610
3568825,15478
3569037,15821
3569185,16502
3569244,15738
3569383,15170
3569515,16593
3569741,11241
3569940,13356
3570060,14231
3570309,16221
3570866,13587
3570937,13425
3570957,13547
3571178,13223
3571912,13520
3572115,11630
3579651,8124
3582033,5801
3582121,4648
3582947,6087
3583291,4986
3587941,4470
3588299,5050
3588613,8331
3588738,8436
3588896,6577
3589017,4564
3589131,4356
3589316,4328
3589477,7542
3589620,7713
3589740,5897
3589917,7706
3590034,8431
3590191,8727
3590346,11067
3590579,8701
3590620,8833
3590734,8869
3590773,8924
3590836,9263
3595781,4592
3596466,4626
3596500,5907
3596668,6656
3596751,4166
3597412,6310
3597651,5883
3598278,6406
3598584,5872
3598892,5238
3599383,6956
3599725,5844
3599960,5564
3600243,5085
3600514,6636
3601243,6073
3601292,6337
3601443,7275
3601914,5023
3602438,4367
3605908,4375
3606164,8656
3606582,5727
3606714,8300
3606931,6667
3610366,6205
3611553,5123
3611800,5909
3611882,4974
3611999,4097
3612544,4227
3612780,4976
3613221,3758
3613595,5454
3614027,6170
3614362,5723
3614528,4738
3615113,4440
3615321,4630
3616325,6072
3617519,8618
3617688,5860
3618291,6028
3618395,6189
3618471,5415
3618627,7578
3618794,4973
3619395,7760
3619634,5112
3619769,7745
3620467,5024
3621561,7271
3621620,10808
3621668,12361
3621725,10976
3621781,11508
3622046,8787
3622153,10814
3622282,6850
3622296,6673
3622828,4762
3623173,7298
3624131,8752
3625960,6467
3626291,4852
3627576,4984
3629409,3409
3629912,4099
3631141,4922
3631273,7621
3631300,6014
3632462,4827
3633324,4680
3634045,4058
3634306,3946
3634342,4455
3635861,5921
3636032,4699
3636250,5742
3636420,4413
3636617,5672
3637322,5105
3637737,4453
3639247,4844
3639769,4086
3639936,4386
3640437,6038
3642778,4072
3642990,3812
3643272,3459
3643276,4157
3644097,4598
3644503,5785
3644651,4724
3645053,6256
3645332,4269
3646077,6532
3646987,5648
3648049,6768
3648131,5553
3648418,5140
3648778,7011
3648967,5940
3649038,6023
3649484,6505
3649865,4648
3650168,5145
3650482,8763
3650735,5979
3650916,6205
3651115,5715
3651391,7410
3652408,4228
3652932,6135
3653993,5448
3654041,5519
3654624,4831
3655328,4735
3656908,5107
3656939,7904
3657189,6496
3657241,7661
3657364,6267
3657563,5937
3657829,6187
3660670,4802
3660782,4055
3660856,4305
3661814,6435
3662706,3173
3662792,6341
3663083,3691
3663651,4252
3664049,5144
3665834,4012
3665998,7093
3666019,3787
3666464,4138
3666868,5807
3667188,4323
3667478,4607
3668344,3522
3668383,6534
3668909,5028
3669339,4836
3669660,6956
3669887,8005
3669997,7026
3670381,6385
3670848,6346
3670908,7066
3671014,6440
3675620,3752
3675911,6478
3676010,5508
3676039,3390
3676726,4159
3677177,6347
3677458,3655
3677527,7227
3678379,3641
3678561,3100
3679567,7409
3679721,3674
3680210,5100
3680258,3902
3680634,4441
3681896,4450
3682436,4640
3682738,4773
3684571,4528
3684731,4969
3685343,5346
3685704,4978
3685853,7467
3685990,7946
3686758,8393
3687123,7919
3687389,8544
3687835,6042
3688052,5504
3688186,6311
3690512,5789
3690952,7232
3691053,7072
3691144,5737
3691197,7200
3691248,4528
3691315,5417
3691535,7170
3691941,5163
3692066,7379
3693357,6240
3694038,6107
3694873,5739
3695182,8718
3695624,5628
3695739,5780
3697936,3882
3699004,7885
3699314,10108
3699462,6516
3699611,8132
3699812,7550
3700050,7142
3700168,6670
3700444,6655
3700595,7329
3700868,8618
3701864,8654
3702057,6132
3702537,5920
3702699,6668
3702916,7549
3703091,7095
3704293,6818
3704500,7852
3704621,7559
3704754,7074
3704893,7390
3705064,9477
3705225,8644
3705329,8344
3705384,8392
3705416,8310
3705453,8618
3705480,6935
3710753,3950
3711034,4615
3711158,3798
3712046,9761
3712206,17382
3712405,12925
3712561,11148
3712698,12690
3712830,13514
3713173,13470
3715031,14893
3715184,10470
3715257,12302
3715396,14119
3715513,10297
3716340,14763
3716725,14252
3716929,13997
3717081,12790
3717343,12676
3718280,14249
3718451,11010
3718603,13317
3718750,7186
3718900,11894
3719057,13434
3719220,11833
3719388,17505
3719539,19646
3719695,15676
3719853,15014
3720003,14736
3720166,15979
3720304,16536
3720459,14682
3720618,15653
3720813,13775
3720972,18116
3721130,17718
3721314,17599
3721477,12389
3721943,13594
3722036,12630
3722588,13023
3722894,11858
3723057,12133
3727872,14618
3728054,9253
3728196,13135
3728383,9741
3728516,8991
3728656,9195
3728797,11489
3728932,14997
3729113,15194
3729292,14961
3730103,13713
3730254,13419
3730412,14122
3730549,13081
3731351,11619
3731501,14583
3731630,12408
3732966,11430
3733296,10143
3733848,11080
3734346,8942
3735252,9264
3735466,9892
3739623,8121
3739796,5201
3740301,5294
3740454,6375
3744074,5784
3744392,4438
3745046,5619
3745201,7401
3745374,5990
3745518,7090
3745650,4516
3746124,4956
3746303,5582
3747324,4208
3747518,4844
3747779,4006
3749738,4270
3753267,4392
3753348,4686
3753413,4188
3754886,4094
3755076,3804
3755144,4015
3755904,4497
3756087,4016
3756313,3943
3756720,7098
3756779,7316
3756827,7058
3756971,6189
3757021,6334
3757345,6590
3760782,5048
3761020,4755
3761282,5852
3761429,6081
3761698,4787
3761847,4755
3761993,5152
3762138,4744
3762406,5056
3763640,7290
3764636,3249
3764909,4809
3765592,4000
3765841,5021
3768308,6277
3768489,5280
3768633,5994
3768824,4235
3768973,5468
3769091,4844
3769253,6145
3769401,4798
3771594,4296
3771796,4390
3772349,4547
3772761,5225
3773269,4714
3773508,6781
3773828,6225
3774825,5357
3774985,6578
3775129,5373
3775409,6264
3775555,5734
3775696,5340
3775964,5657
3778413,3527
3778570,5446
3778734,3779
3778996,5986
3779134,5951
3779513,5642
3779565,4267
3782615,4042
3782662,6048
3782962,4218
3783163,4458
3784658,4415
3785228,6847
3785350,6937
3785418,6771
3785601,5251
3787740,4613
3787906,3833
3788029,5928
3788165,7806
3788322,7067
3788466,6869
3788609,6434
3788778,5892
3788916,7507
3789057,6589
3789329,6286
3790001,7582
3790188,7173
3790369,5681
3792890,4953
3793326,5794
3793498,4928
3793546,5824
3794014,6000
3794263,6250
3794515,6420
3795177,6079
3795368,5976
3795702,6170
3795822,6043
3795943,5163
3798100,4142
3798435,4526
3798776,7285
3799972,6482
3802064,4572
3802408,5904
3803041,5821
3803275,5443
3803407,5365
3803513,4425
3803721,8787
3803886,5750
3804100,4567
3804532,7853
3804695,6075
3804999,5361
3805106,7750
3805260,7060
3805609,6528
3805797,7349
3806741,6212
3806829,5820
3806886,6410
3808540,5863
3809567,5124
3809991,5534
3810487,4404
3810796,3822
3811050,4642
3811117,4050
3811392,5667
3811452,6984
3811513,7577
3816092,3624
3816676,4770
3816826,7928
3817519,8823
3817744,6555
3818154,4245
3819974,8506
3820159,6231
3820314,7679
3820476,7574
3820622,6883
3820731,8019
3820867,6375
3821004,5914
3821179,7137
3821278,5818
3821417,7448
3821560,6581
3822051,6605
3822176,8784
3822441,7731
3822589,8253
3823051,7952
3823883,5870
3823907,6720
3823941,7212
3825292,6231
3825420,5920
3825679,5524
3828826,4935
3831327,7378
3831594,5225
3831655,4466
3831924,4615
3831991,3877
3832277,3898
3832510,5140
3832665,4397
3832700,5957
3834933,5185
3835234,4713
3836096,7682
3836333,5499
3836682,3753
3837504,3457
3838141,4281
3838701,3401
3838781,4373
3839183,5667
3839668,4872
3839771,6668
3840455,4743
3842565,5495
3843125,6561
3843376,4712
3843645,5744
3844127,7183
3844713,4605
3844874,6041
3845020,8627
3845166,6922
3845404,5988
3845500,7701
3845537,9762
3845734,8848
3848476,5014
3848804,5595
3849503,7554
3849739,4918
3849888,6951
3850033,5949
3850417,7156
3850581,7971
3850709,6596
3850848,6300
3850967,6095
3851472,9960
3851602,8514
3851713,5808
3851879,10013
3851937,9647
3852184,7805
3854770,4386
3854929,6863
3855305,8047
3855711,5498
3855841,6486
3856549,5528
3859318,4284
3859477,3670
3859917,4040
3861432,4646
3862461,5685
3862557,5177
3862769,4828
3864525,5307
3864607,5997
3865018,4511
3865359,3936
3865576,4619
3865892,5179
3866160,5945
3866554,4869
3867080,4065
3867826,4771
3867933,5052
3868342,4420
3868668,4166
3868827,4673
3869030,3892
3870449,3546
3870727,5567
3871274,5324
3871498,5302
3871616,4784
3874315,8642
3874559,11193
3874645,5491
3875144,7176
3875382,7370
3875526,5227
3875710,8019
3875876,7180
3875997,6843
3876432,9418
3876634,9676
3876852,7890
3877006,7792
3877131,7861
3877257,8082
3877468,8577
3877892,8064
3878049,6543
3878925,6879
3879452,6560
3879639,8314
3879720,8603
3880319,5104
3881029,5780
3882405,6092
3882570,5377
3882723,6130
3886459,4373
3886996,5878
3887104,3929
3887602,4555
3888740,5334
3888921,5542
3890071,4820
3890131,6432
3890330,5552
3890516,4185
3891006,3935
3891266,5506
3891419,3925
3891941,6918
3892191,5976
3892302,4634
3892416,5017
3892583,4564
3893400,5101
3893732,5407
3894088,5376
3898279,3761
3899301,6446
3899578,5610
3899736,6019
3900191,4287
3900349,5658
3900842,3566
3901400,13357
3901460,11425
3901529,8968
3901549,3390
3901972,4895
3902171,8986
3902436,4188
3902596,7736
3902757,4319
3902870,4831
3903051,8486
3903180,10615
3903341,13248
3903678,8859
3903879,10149
3904063,8274
3904617,11502
3905077,10938
3905267,8647
3905532,10168
3905692,9125
3906241,8909
3907400,6034
3907555,5700
3908282,6007
3908880,5737
3911601,4043
3911685,3959
3911859,4209
3913172,5437
3913377,3885
3913958,5695
3915184,4218
3916035,3611
3917778,4958
3917817,4372
3918029,5570
3918099,5223
3920381,3307
3920792,4272
3920834,4124
3921475,3818
3921653,5410
3921806,5372
3922051,5702
3923115,4795
3923918,5397
3924586,5550
3924939,6268
3925453,5744
3925822,5862
3926300,5009
3926432,5308
3926892,4944
3927234,5048
3927396,5694
3927786,4751
3928114,5237
3928857,5025
3929345,5388
3929710,8771
3929860,6204
3930282,6130
3930829,5907
3933185,5264
3933967,4632
3934358,5294
3934486,5293
3934806,5309
3934823,5465
3935146,5824
3936669,4619
3936850,4236
3936966,4587
3937751,3726
3938205,5710
3938704,3909
3938744,4945
3938896,5271
3938994,5721
3940799,4187
3942053,3780
3942297,3591
3943054,4779
3943205,6349
3943455,4525
3943806,5875
3946071,4917
3946287,5501
3946599,5132
3946644,4444
3946861,5429
3947007,5734
3947159,5925
3947763,4058
3948093,4444
3949960,4328
3950000,5059
3950233,5266
3950294,4106
3950347,4496
3951343,4083
3951994,3719
3952669,5059
3953135,5778
3953174,6361
3953609,3373
3954022,4389
3956400,6287
3956587,6914
3956812,5536
3956985,4206
3957184,6106
3957714,6069
3958422,5311
3959448,7395
3959645,3908
3959709,5003
3959856,5508
3960022,5715
3961117,5643
3961503,5843
3961848,5329
3962064,4610
3962516,5794
3963330,8294
3963569,8065
3963795,7108
3963932,7462
3964068,4779
3964187,6490
3964257,5852
3964402,6424
3964792,5187
3967790,3732
3967970,4421
3968266,3773
3969181,5209
3969271,4427
3970475,4640
3972729,5084
3972924,9269
3973121,7287
3973210,7599
3973261,9782
3973399,9228
3973623,4091
3973734,9415
3974063,5804
3974503,9113
3974590,4936
3975369,4680
3977971,5723
3978188,8403
3978430,4244
3978795,6779
3978943,6352
3979115,3807
3979599,5954
3980049,5240
3980515,7200
3980541,6375
3980873,7533
3981074,7045
3981390,6942
3981613,6957
3982125,4997
3983368,5327
3986022,4509
3988516,4034
3988609,5011
3988745,4261
3988903,4005
3989112,6180
3990788,4565
3990832,4062
3991114,4541
3991357,5440
3991543,5183
3991894,3912
3992297,4182
3992732,3910
3993716,3367
3994474,4066
3995041,4153
3995878,3504
3996088,3618
3996840,3516
3997300,3456
3997309,5343
3997470,3679
3997920,3931
3999642,4774
3999711,4300
4000388,4333
4000556,4942
4000690,6173
4001335,3915
4001704,4605
4002444,5207
4002630,5534
4002907,5154
4003117,4236
4005185,4695
4005609,4362
4005840,3581
4006336,5073
4006607,5212
4007007,4962
4007085,5420
4007163,6388
4007466,6970
4008018,4573
4008099,4233
4008265,7047
4008325,7043
4009314,6105
4009859,6543
4010021,5448
4011106,5649
4011696,5588
4013587,4950
4013809,5176
4013915,5528
4014059,5708
4014379,7114
4014766,5660
4014978,5097
4015369,5262
4015877,5252
4016384,7379
4017017,5129
4017068,7548
4019396,4911
4019429,5134
4020115,5005
4021165,3564
4021332,4619
4021523,4167
4021978,4408
4022111,4714
4022279,4276
4022942,4669
4022955,4747
4023112,3962
4023499,5476
4023865,5905
4024295,5421
4024808,5149
4025491,6130
4027190,5348
4029141,4479
4029298,4125
4029494,4433
4029727,4565
4029781,4364
4030019,4479
4030705,4759
4030997,3729
4031539,3612
4031895,4442
4031952,3625
4032075,3908
4036414,3614
4036707,4170
4036757,3694
4037561,4257
4038131,5325
4038211,5410
4038319,7725
4038492,6216
4038647,6207
4038800,4258
4038968,5290
4039533,6564
4039688,6658
4040009,6807
4041001,5145
4041485,5031
4041664,5383
4042818,4901
4043191,5550
4043378,5441
4044211,6111
4045456,6537
4045612,3446
4046045,5760
4046772,5303
4047309,5024
4048748,4825
4048793,3972
4049070,4703
4049192,6381
4049608,6164
4050359,5162
4050493,5444
4051777,3733
4052827,3804
4053084,4725
4053294,5801
4053776,5538
4053875,4438
4054009,4594
4055620,5945
4056173,4473
4056316,5416
4056750,4691
4056938,5761
4057008,6005
4059157,6480
4059321,5492
4059867,8999
4059985,6907
4061127,9511
4061492,4802
4061713,8976
4061894,8378
4062081,8747
4062312,8569
4062566,9730
4062740,9834
4062930,8428
4063240,8181
4063475,6952
4063548,7995
4063658,7641
4063807,7675
4063915,8800
4064178,8300
4065777,8358
4067207,6910
4067296,7163
4068122,9565
4068307,4997
4068373,5462
4068659,9693
4068753,9436
4069701,4619
4074869,6206
4075001,7038
4075244,6259
4075245,7900
4075869,7195
4075994,7127
4076163,5572
4076876,6552
4077033,6459
4077391,5314
4077995,4160
4079057,4435
4079096,5191
4079552,8290
4079744,5173
4079847,6927
4080013,5733
4080594,7543
4080839,9301
4081200,6844
4081855,6047
4082094,7813
4083326,6884
4083525,5619
4083684,5940
4083823,5568
4083965,6774
4084205,6913
4084285,6514
4084332,5981
4084404,6271
4086576,6063
4091137,4116
4091200,6481
4091631,5344
4091788,8188
4091936,7018
4092084,7985
4092261,6191
4092395,7145
4092946,6135
4093113,6669
4093350,7129
4093491,4681
4093718,5314
4093902,5786
4095401,4042
4096457,4953
4097858,5597
4098095,5301
4098282,5475
4098490,6235
4098634,6677
4098777,5733
4099296,5082
4101525,4079
4101771,9824
4101856,6378
4102057,6262
4102183,5535
4102275,4735
4102666,5861
4103087,9206
4103484,7421
4103637,6663
4104540,6314
4104788,5228
4104911,9448
4106499,8783
4106734,8604
4107262,5498
4107553,8434
4108358,7540
4109834,5803
4110133,5297
4110498,4859
4110650,4847
4111653,5642
4111915,6002
4112287,6889
4112595,5404
4112719,6468
4112939,5148
4113082,4692
4113194,6863
4113380,5661
4113483,7960
4113586,6435
4113828,7571
4114023,6937
4114484,6620
4114653,5919
4118850,3737
4119090,9623
4119381,3570
4120363,4844
4120595,4405
4121924,3956
4123391,4049
4123695,6269
4123845,3298
4124473,5092
4124651,5704
4124839,5315
4125039,4726
4125366,12586
4125987,10476
4126135,10785
4126676,10905
4126962,11383
4127269,10238
4127471,10184
4127636,10130
4127777,8617
4127926,18744
4128609,18552
4128809,18782
4128931,17984
4129052,18228
4129165,17375
4129393,17386
4129597,17418
4129801,7401
4129995,14161
4130183,17609
4130389,17108
4130526,17169
4130678,17213
4130811,17183
4130945,16444
4131335,35780
4131529,22344
4131697,22227
4131858,35214
4131981,16993
4132875,15982
4133102,18187
4133266,16092
4133328,25985
4133651,14699
4133806,26976
4133961,21509
4134504,20189
4134649,13934
4134843,13885
4135017,13440
4135146,13102
4135240,33027
4135403,12700
4136009,32197
4136615,31536
4138554,28230
4138839,11300
4138969,18631
4139047,13473
4140749,12993
4140937,12857
4141127,21622
4141322,12244
4141641,19319
4141815,26270
4142084,22641
4142516,23899
4143294,23932
4143472,18905
4143636,34064
4143810,34057
4143972,25991
4144134,26162
4144283,33325
4144490,25611
4144655,26398
4144822,26596
4144985,26764
4145467,27736
4145637,30674
4146359,26088
4149445,20567
4149613,24850
4149782,24579
4149968,24341
4150127,21892
4150420,22398
4151273,20569
4151446,19620
4151613,23404
4151774,22639
4151928,22782
4152079,21263
4152264,18409
4152427,19145
4152585,19152
4152746,20966
4152897,35923
4153060,36341
4153592,34117
4154144,35198
4154644,34641
4154790,17979
4154928,33955
4155060,29371
4155553,28094
4155703,26779
4155760,29609
4155812,30075
4155861,28868
4158385,24291
4158540,24517
4158727,24534
4158870,24570
4159004,30692
4159147,24639
4159293,24888
4159433,25176
4159566,25479
4159713,18040
4159849,25470
4159982,19952
4160292,20210
4160436,24725
4160586,13052
4162867,10822
4163053,10812
4163405,12071
4163571,21524
4163742,21253
4163912,21722
4164076,21344
4164249,18618
4166292,25718
4166499,23879
4166529,25659
4166698,31053
4166875,23333
4167040,24559
4167332,27312
4167424,25059
4167496,25127
4167520,24820
4167704,25138
4167855,25282
4167875,25720
4172291,21607
4172444,21940
4174298,20467
4174711,20298
4175295,14853
4178593,13205
4178989,13399
4180532,10830
4180653,11682
4180705,10317
4181677,19142
4183242,19852
4185460,16332
4185720,12025
4185930,14784
4186187,12730
4186239,14711
4186437,13855
4186465,15120
4186526,14957
4186833,14006
4186903,14939
4186923,15002
4187908,13095
4188317,12840
4188504,12894
4188929,8458
4195263,8063
4195436,8137
4195560,7820
4195703,7271
4195839,7187
4196020,6473
4196353,6764
4197916,6189
4198109,6048
4198504,5787
4198668,5743
4201952,4725
4202186,8610
4202933,8138
4203151,11897
4203184,13993
4203411,12195
4203434,13714
4203621,9998
4203796,8198
4207354,7922
4207532,7632
4207690,11276
4207850,7252
4208010,9562
4208162,9135
4208413,9705
4208575,10455
4208736,7685
4208897,7914
4209047,12225
4209198,9724
4209384,7680
4209864,9551
4210029,9328
4210197,13336
4210405,13023
4210603,8726
4211478,7428
4211676,9757
4211830,11816
4219468,6694
4219640,6730
4219786,10283
4219925,5868
4220061,9894
4220200,24762
4220250,9762
4220389,10735
4220529,10415
4220666,11332
4220800,12158
4220989,10261
4221135,8685
4221264,10669
4221408,8469
4221544,8215
4221675,13104
4221809,11197
4221942,9817
4222081,12339
4222262,10932
4222411,14513
4222548,18491
4222678,12729
4223256,16036
4225858,9769
4226017,11280
4226447,10359
4226624,12151
4227023,14163
4227183,10159
4228277,15257
4228446,15824
4228528,14677
4228587,15499
4228744,15863
4228813,22133
4229028,26599
4229204,13335
4232492,24604
4232652,18180
4232797,12262
4233033,18703
4233255,16578
4233402,22327
4233597,17463
4233788,22311
4233926,16263
4234063,15924
4234204,25628
4234454,12182
4234613,16824
4234817,16749
4234953,16383
4235087,25146
4235356,25011
4235662,21379
4235801,24619
4235919,24552
4237478,18366
4237654,18085
4237813,20964
4237967,22704
4238139,20451
4238275,14262
4238385,17661
4240014,32578
4240070,36113
4240115,35987
4240160,38381
4240211,20542
4240470,38222
4240663,32374
4240836,32255
4241909,32845
4242152,35749
4242343,34844
4242662,35660
4242850,30777
4243314,30479
4243722,31103
4244685,30649
4244888,32023
4245392,27336
4245447,28338
4245513,27858
4246728,23889
4247013,23500
4247192,30353
4247368,23977
4247459,19487
4247687,19359
4247969,19418
4248147,18679
4248367,18003
4248513,26522
4248571,29804
4248631,24944
4249287,24415
4250384,39143
4250522,23532
4250721,34801
4251760,35540
4252598,28281
4252741,17658
4253363,13780
4253455,14834
4253527,13966
4253687,13901
4253862,13419
4254017,23300
4254168,34569
4255294,33192
4255466,36301
4256694,36765
4257320,46649
4257350,39355
4257516,26428
4257675,25274
4257830,25766
4258034,25811
4258181,20089
4258307,25434
4260499,38804
4260779,24144
4261613,23430
4261784,24924
4261965,19244
4261976,26391
4262123,18470
4263852,18233
4264748,16982
4264931,16895
4265106,17327
4265276,17112
4265459,17335
4265623,16882
4265833,16151
4266004,16296
4266182,16468
4266487,15392
4266661,16164
4268111,36676
4268288,36818
4268459,36703
4268620,39954
4268772,34811
4268923,26741
4269079,33437
4269386,33435
4269553,32275
4269712,31481
4271098,31247
4271443,29246
4271596,36204
4271735,29117
4271869,29216
4272130,30633
4272278,30180
4276432,38252
4276464,38614
4278392,23890
4279440,22962
4279613,35835
4279763,22462
4279914,24260
4280048,23978
4280199,25127
4280466,24573
4280606,21358
4280725,33877
4283163,30647
4283767,31154
4283975,30993
4284235,29805
4284394,30877
4285807,28370
4285960,28573
4286097,26973
4286226,27091
4286384,27191
4286544,26276
4286723,30452
4286857,30221
4286997,30157
4287186,35803
4287469,28620
4287669,25253
4291578,24546
4291939,22404
4293280,24531
4293543,24975
4293716,27278
4293894,29021
4294061,23640
4294225,23065
4294381,28936
4294538,28516
4294691,18980
4294968,23465
4295022,23487
4295069,23680
4295114,25799
4295166,23951
4295226,23752
4295275,24736
4295789,26507
4295974,25291
4296154,24752
4296333,25718
4296517,25474
4296887,23877
4297070,24863
4297318,23195
4297526,24344
4297814,21561
4297877,23903
4297937,23396
4297996,21616
4298054,23694
4298112,25526
4298257,22015
4298447,23363
4298628,23237
4298802,23673
4298982,24630
4299164,18916
4299293,20707
4299467,20708
4300046,19057
4300206,18217
4300385,19307
4316149,7057
4316419,5942
4316586,5099
4323476,5206
4323674,5356
4323862,4589
4324018,3650
4324718,4653
4324823,4562
4325836,4498
4326004,4869
4326149,3987
4326323,3953
4326957,5486
4326995,5575
4327150,5372
4328419,4482
4328715,4416
4328868,4835
4329062,4630
4329253,6087
4329875,5720
4330231,5083
4330389,6913
4330753,6750
4334067,6671
4334116,4785
4334284,6308
4334320,5556
4334339,5404
4334421,6069
4336765,3128
4341724,5681
4342005,7686
4342081,4438
4342276,4310
4342367,4498
4342812,5385
4343035,6282
4343094,5426
4343147,6357
4343664,6840
4344356,4473
4346154,5525
4347622,3398
4347774,9534
4348108,8235
4348326,9236
4348608,8770
4348986,8518
4349147,8296
4349347,6638
4349530,8302
4349721,10984
4349860,10795
4350000,10541
4350171,10432
4353278,7191
4353477,6551
4353634,7567
4353795,5803
4354284,6779
4354690,6892
4354850,6783
4355000,7684
4355450,4526
4358137,6108
4358183,5192
4358314,6581
4358351,6448
4358389,6917
4358471,8067
4358607,8042
4358760,7142
4358797,8281
4360058,5982
4360863,4326
4363569,4640
4363730,3554
4363870,5579
4364044,5630
4364166,5469
4364392,4394
4365506,5347
4365682,3475
4366363,3518
4367413,3691
4367576,3834
4368509,5591
4369172,4624
4369839,3654
4370396,3202
4370937,5092
4371044,3793
4371174,3817
4371462,4958
4371730,4400
4374395,4645
4374572,3911
4375382,3987
4375434,4466
4376584,4200
4376961,4005
4377135,4962
4377272,5903
4377433,7572
4377594,6991
4377774,4973
4378911,5540
4381021,4501
4381173,5794
4381543,4445
4381786,4377
4382133,8749
4382408,8546
4382776,8618
4383222,9345
4383262,9090
4383292,9768
4383321,6219
4383357,7672
4383387,7025
4383415,7373
4383450,10055
4383480,9100
4383523,9480
4383565,10460
4383624,8188
4383823,10250
4387696,5636
4388096,4835
4388809,4048
4388852,4297
4390507,8850
4390890,10902
4391223,8235
4391534,7153
4391629,8991
4391764,6633
4391875,7437
4392787,7590
4392965,7080
4393532,6222
4393575,6557
4395800,6043
4395986,6216
4396882,5108
4396942,4616
4397004,4848
4397510,6667
4397707,6197
4398381,5742
4398532,6636
4398672,5585
4398838,5980
4403204,5260
4403915,4580
4405008,6145
4405169,3621
4405418,12738
4405566,6373
4405713,9289
4405859,9198
4406004,14453
4406171,8994
4406490,8634
4406661,27647
4407251,7664
4407586,10166
4407742,11188
4407874,15375
4408004,14335
4408270,25580
4408527,15846
4408675,12340
4408821,10210
4408960,10996
4409337,11011
4409947,19327
4410090,21251
4410455,10226
4410602,10730
4410735,26573
4410865,25135
4411006,26497
4411188,22529
4411251,26150
4411387,8359
4411518,16078
4411635,22362
4412000,13729
4412148,24724
4412283,21375
4412430,31939
4412625,44691
4412751,20640
4415773,9503
4415930,17668
4416073,28459
4416732,17385
4416909,44446
4417065,44934
4417223,44597
4417295,16643
4417340,16713
4417376,26356
4417412,44788
4417460,34231
4417499,26809
4417535,19132
4417573,45893
4417617,45592
4417654,46503
4417690,46517
4417728,46598
4417768,47135
4417810,47156
4417848,47188
4417878,47373
4417978,47116
4420895,23880
4421552,17185
4421723,29317
4422159,29967
4422231,31810
4424544,22143
4424741,19098
4424912,30157
4425077,27986
4425369,28364
4425544,28642
4425827,28448
4426007,36577
4426181,35881
4426382,32120
4426559,30135
4426861,31942
4427031,32884
4427223,18302
4427405,34078
4427697,18318
4427883,31263
4428064,16586
4428254,17456
4428440,17151
4428621,10484
4428806,26450
4428989,30875
4429166,31142
4429353,24771
4429536,26806
4429714,28915
4429889,14812
4430069,33223
4430260,15502
4430446,23522
4430627,14213
4430805,38129
4430979,24156
4431159,31835
4433747,30905
4435240,29168
4435410,29082
4435568,29059
4435713,29094
4439856,19252
4440029,29155
4440258,23650
4440406,18976
4440539,32551
4440731,24544
4440774,23179
4440810,29444
4441651,30431
4441821,27547
4441982,27025
4442144,23201
4442310,22395
4442466,23867
4442618,19791
4442777,19861
4442932,19757
4443084,20636
4443275,20553
4443429,17162
4443569,19476
4445042,23585
4445829,22956
4446160,23152
4448458,24428
4449160,24605
4449854,21398
4451055,21358
4451246,19675
4451333,20529
4451443,20588
4451541,20437
4451692,19072
4451792,20731
4451941,19986
4452057,18387
4452175,18443
4452295,18548
4452449,17738
4452557,19319
4454511,15320
4454584,15418
4456880,16157
4474288,3503
4474331,4272
4474867,3954
4475488,4204
4475541,4135
4476067,6005
4476440,5766
4476595,5330
4477194,5279
4477267,4557
4477626,4665
4477929,4741
4477968,5859
4478121,6550
4478269,6430
4479833,4363
4480180,4997
4481495,4634
4482878,3781
4483023,4283
4483198,5693
4483238,5896
4484922,3711
4489147,6288
4489381,4827
4489562,4541
4489773,6782
4489938,5941
4490092,5156
4491357,5784
4491375,6547
4491545,5372
4491708,9771
4491860,6284
4492011,5310
4492164,12822
4492295,4666
4492447,4704
4492594,4189
4492749,10882
4492899,9359
4493047,10243
4493195,20403
4493362,12252
4493514,10979
4493662,10806
4493820,10696
4495000,8772
4495117,8787
4495174,7148
4498550,6017
4499206,13004
4499327,8580
4499541,7074
4499598,9265
4500302,15384
4501547,12300
4501687,12558
4501821,12495
4501959,12413
4502093,12483
4502244,12388
4502386,12443
4502518,15421
4502654,18475
4502790,11926
4502934,11209
4503068,14271
4503183,14212
4503439,10468
4503566,14721
4504856,11281
4505020,16383
4506096,11735
4506286,19502
4506659,16306
4506834,18465
4506979,18686
4507493,17012
4507724,18161
4508001,45342
4508172,45595
4508372,40294
4508622,40178
4508784,44629
4509006,51785
4509270,53029
4509394,52396
4511048,51498
4511246,50221
4511607,27180
4511675,27433
4511735,27711
4511789,27136
4511840,22495
4511889,27416
4511946,30608
4511997,34106
4512179,27536
4515422,25723
4515831,24198
4516407,23725
4516546,23684
4516678,24122
4516816,24703
4516947,23944
4517078,23255
4517205,51122
4517326,22592
4517486,22334
4518399,47599
4518568,47166
4519081,50633
4519277,49333
4519430,49251
4519586,49245
4519746,49322
4519897,49307
4520047,48335
4520204,27087
4520468,48019
4520624,48010
4521241,57773
4521399,47138
4521787,47917
4521952,44117
4522111,48533
4522282,47003
4522453,46485
4522610,26671
4522791,26343
4523275,42049
4523442,31066
4523605,29445
4523764,44672
4524340,42975
4524612,53904
4524780,31656
4524954,36353
4525116,40040
4525497,33009
4526266,36224
4526425,35973
4526581,36168
4526734,35552
4526887,33163
4527063,26583
4527321,35621
4528292,29656
4528467,29000
4528633,44530
4528793,44917
4528957,45008
4529126,45287
4529347,45314
4529512,49737
4529671,45815
4529835,46255
4530003,45976
4530161,49388
4530355,40957
4530752,46634
4530916,35214
4531074,45778
4533953,42564
4534143,44560
4534458,39075
4534628,45228
4534789,41624
4534957,44749
4535116,42205
4535287,44159
4535448,36102
4535621,53158
4535781,51399
4535948,53006
4536105,35227
4536293,56434
4536352,54062
4536410,56468
4537159,52981
4537558,51471
4539269,49051
4539544,53719
4540438,42325
4540634,47733
4540982,46399
4541017,54425
4541346,46180
4541705,45963
4541762,48970
4541885,47166
4542159,47108
4542506,45387
4543419,44322
4543478,51285
4544178,38330
4544238,46541
4544287,46991
4544334,28369
4544392,46301
4544441,46118
4544487,49092
4544531,57147
4544583,35812
4544629,35870
4544674,36997
4544719,37624
4544774,36846
4545822,34935
4545890,26622
4546067,48784
4546201,41846
4546683,41522
4546869,41663
4547076,41783
4547400,41704
4548299,40190
4548378,41082
4550789,44175
4550963,40215
4551135,39816
4551276,40790
4551449,41452
4551480,40578
4551615,48560
4551672,39801
4551782,47196
4552004,40911
4552337,41662
4552519,41393
4552694,42599
4552868,43293
4555073,39637
4555278,34465
4555522,41398
4555700,25046
4555866,26530
4556137,24903
4557600,43732
4558493,32606
4558559,41879
4558615,32715
4560902,21657
4561106,41252
4561281,32076
4561577,32334
4561922,31533
4562107,31400
4562592,28912
4565432,35073
4566278,28888
4566652,27709
4567347,22609
4567490,22614
4567633,33700
4578149,27275
4578400,27317
4579058,26028
4579325,23903
4579734,24277
4579907,25394
4580111,24895
4580533,23065
4580861,21465
4581071,25239
4581714,20948
4582597,21947
4583272,24937
4583407,24343
4583458,25351
4583484,25432
4583540,23129
4583578,23312
4583607,22696
4583646,22460
4583657,23742
4612503,3347
4613858,14433
4614010,3780
4614324,6057
4614507,4441
4614674,9670
4614833,9458
4614983,9248
4615142,6233
4615303,5799
4615457,7724
4615609,9882
4615766,8629
4615919,11219
4616079,11886
4616963,12338
4617531,11833
4617694,6750
4617854,6937
4618007,6964
4618164,6949
4618330,7083
4618486,8797
4618641,7188
4618803,7475
4621281,9407
4621465,8258
4621622,5854
4621781,8794
4621942,9091
4622108,9054
4622719,8710
4623056,8273
4624605,7679
4627823,5036
4627992,5493
4628145,6534
4628316,8230
4628453,8918
4628592,8138
4628739,8552
4628873,9653
4629004,7790
4629142,6843
4629256,6947
4629390,6543
4629565,4797
4630716,4199
4631174,4706
4633686,4424
4633946,5479
4635031,6309
4635451,6420
4635700,6594
4636045,6999
4636222,8565
4636303,8902
4636369,8986
4636388,8296
4636421,8621
4636939,9355
4637329,7649
4637701,8608
4640042,4543
4641740,8055
4641942,5062
4642075,7226
4642159,5297
4642464,4344
4642641,4286
4642869,4156
4644858,4183
4645281,4992
4645425,4132
4645615,3534
4646085,4549
4646123,5658
4646142,5378
4646184,6705
4646254,7814
4646274,6718
4646346,6887
4650793,5946
4650833,3458
4651595,4503
4651797,4157
4651911,5819
4652188,4828
4652671,4792
4653540,4076
4653700,4612
4653836,5084
4654143,5792
4654323,3663
4654524,4055
4654938,5561
4655174,4573
4661543,4234
4662447,6045
4662627,6015
4662784,5181
4662944,5335
4663171,6660
4663434,7297
4663486,7540
4664036,6105
4664411,5565
4664676,4873
4665072,4222
4666712,5619
4666737,6859
4667036,9409
4667083,9383
4667349,5631
4667552,5824
4667996,4884
4669455,8700
4669629,4578
4670305,9057
4670530,6027
4670658,5994
4671246,7443
4671412,7010
4671618,9368
4671751,7493
4671984,6243
4672125,7578
4674307,7293
4674455,7213
4674982,7988
4676007,5872
4676265,5851
4676441,4828
4677307,6945
4677438,5725
4677556,5342
4677688,4747
4678255,3924
4678462,4806
4679272,8282
4679408,5036
4679544,7298
4683112,7582
4683311,4296
4683544,3599
4684172,6850
4684387,6778
4684580,4386
4686784,3839
4686944,6000
4687952,8441
4688064,6273
4688373,3699
4688529,5524
4688670,4859
4688808,4671
4688996,5392
4689140,13641
4689284,5941
4689420,5971
4689537,7333
4689701,8350
4689863,5822
4690288,7828
4691413,5263
4693314,5306
4693732,7544
4693890,9482
4694152,9145
4694306,7589
4695456,7839
4695521,4088
4695728,4875
4696274,5896
4697462,4955
4699303,4836
4699412,5016
4699565,6344
4699728,5679
4699954,6298
4700190,6415
4700282,6842
4700484,4167
4701299,3786
4702713,3336
4704121,5670
4704204,5642
4705121,5608
4706629,3633
4706658,3808
4707114,3514
4707304,3831
4707448,4553
4707708,5880
4707920,5251
4708034,4669
4711827,5176
4712593,4077
4713326,3501
4713892,3808
4714010,4685
4714237,4180
4714515,3814
4715116,3490
4715493,4265
4715543,5240
4715720,4959
4715856,5722
4715975,5811
4716123,5827
4716413,5876
4716564,6602
4718973,3635
4719016,4326
4719119,4958
4720029,5146
4720077,5194
4720394,5745
4720906,5844
4721081,6068
4721158,8848
4721722,6795
4721960,4013
4722532,5472
4722790,7765
4723500,6138
4723811,4759
4724304,3554
4726232,4140
4726502,6323
4726693,6810
4727001,4932
4727178,5336
4727396,6825
4727722,5726
4728133,4354
4730464,4479
4730693,7019
4731117,6180
4731584,5928
4731964,7357
4732375,5672
4732549,6832
4732908,5657
4734259,4468
4734425,5634
4734789,5147
4736114,5721
4736311,12005
4736428,4941
4736641,6369
4736837,10804
4737574,6912
4737747,4867
4738103,9989
4738597,11600
4738791,9013
4739067,8935
4739278,11067
4739346,8584
4739641,7519
4739703,8052
4739810,6487
4740508,11755
4740654,7202
4741078,11334
4741293,6914
4741565,7494
4741930,8381
4742129,6734
4742182,8692
4742482,13272
4743336,11159
4743422,11164
4743848,13758
4744256,13446
4744553,11421
4745294,8312
4745465,10528
4745607,9031
4745783,10621
4746029,11458
4746606,8570
4747331,8254
4748282,7572
4752470,5727
4752515,5789
4752684,6539
4752775,5369
4752927,6082
4753042,7421
4753153,6873
4753269,7664
4753362,5448
4759121,5226
4759851,3724
4760052,3373
4760394,3897
4761194,5498
4761386,5105
4761602,4944
4761861,4166
4762012,3831
4762586,5097
4763079,5544
4764150,4849
4764414,5179
4764672,6385
4764890,6349
4764940,5604
4765127,5057
4765315,5164
4766587,4297
4767524,4777
4767644,3785
4771463,3502
4771514,3622
4771747,4882
4771795,3398
4772267,3899
4772660,4247
4772814,4264
4773341,4305
4773465,6115
4773827,5022
4774155,10680
4774326,7865
4775295,6999
4775472,6638
4775635,9307
4775797,7049
4775938,8218
4777158,6170
4777430,6624
4778371,4992
4778568,4853
4779883,6737
4779908,6726
4779928,5774
4780120,4758
4781483,5996
4782398,5512
4782561,4447
4784107,4182
4785605,4924
4786034,4571
4786114,4923
4786445,5669
4786662,5521
4786929,6119
4787032,7283
4787207,7372
4787302,5276
4787348,6908
4787864,6210
4788243,6121
4789797,4617
4790780,4541
4791205,4525
4791267,4777
4791433,4670
4791610,3556
4792529,3964
4792877,4720
4793437,4470
4793502,5031
