362,3264
958,5896
1382,5515
1635,3892
1773,5854
1984,4509
2413,5256
4143,3965
4169,4826
4539,7519
4569,4924
4916,6151
4941,7065
5019,7113
5717,5829
7758,5540
7961,5517
8161,5739
8367,3669
8550,4450
8730,4322
9714,4984
9732,5669
9878,4818
10274,4128
14197,3911
14848,3742
15086,4082
15464,4880
15621,5033
15745,4268
15856,4627
16739,3682
17156,4125
17189,5666
17391,4679
18447,4077
18641,4524
18870,4119
19457,3343
20071,7079
20250,4860
21963,5939
22052,5777
22177,6092
23361,5786
23642,5884
23920,5282
24929,5762
25318,3523
25540,3951
25685,5090
26020,4969
26535,5343
27065,3983
27363,4068
27946,3561
28222,5990
28901,4112
31870,3305
32961,3366
33370,3734
33507,8643
34288,5419
34380,5435
34504,6606
34863,7389
35023,6625
35318,6745
35549,6196
35874,5766
36170,5423
36437,6003
36695,6731
37280,5363
37615,5644
37744,5592
37908,5881
38134,5367
38333,6764
38451,6812
38904,6246
39094,5562
42482,3928
44078,3899
44213,4791
45249,3933
45686,3453
46399,4125
46468,3906
46743,3425
47604,3566
47670,4562
48181,6702
49315,3120
50348,4874
51531,5219
51550,4632
51746,7286
51837,4619
52596,8041
52646,5472
52841,7604
52856,9051
52889,7807
52999,5957
53302,9732
53402,7128
53517,8868
53742,6030
53921,8781
54604,7135
55266,5486
56822,5363
56914,6560
57599,5039
57741,7160
57874,5301
58301,6291
58348,6778
58397,7501
58461,6614
59076,3891
59565,3816
62004,6049
62212,5687
63615,4385
64285,4801
64431,6539
64617,5729
66937,3954
67223,5518
67987,5980
68524,4357
68787,9713
68916,4175
69504,5160
69553,5061
69588,5186
69633,5371
69682,7917
70200,7421
70235,7785
74098,3662
74832,5674
75049,7168
75172,6446
75304,7345
75442,6342
75614,6653
75747,7130
75892,6567
76035,7604
76168,8142
76317,7685
76445,7289
76574,8006
76742,7114
77094,6484
79423,6027
81108,7599
81612,5751
82048,5742
82299,5694
82491,6142
82781,5915
83059,5980
83400,5477
85556,3693
85907,4840
86000,5351
86108,4942
86223,5062
86462,4002
86802,4399
87053,4127
89077,3906
89195,4225
89332,4051
90805,4891
91651,4967
92201,4271
93757,5966
94071,4360
94189,9353
94326,4450
94455,8682
94669,4934
96021,8505
96704,3844
96722,3975
96981,4294
97101,7886
97389,6526
97595,7444
97966,6625
98984,6235
99089,6676
99238,5633
101881,3505
102027,4906
102396,4281
102536,5509
102699,4365
103379,8659
104035,5237
104076,5472
104543,5186
104673,5891
105901,5622
106143,5289
106402,6671
106936,7237
107273,6283
107756,6440
107926,6744
108097,6201
110124,4502
110356,4560
110589,4647
110719,5198
111128,4979
111574,5018
111802,5091
112592,5431
113434,5907
113908,5040
114700,4305
117281,6927
117352,4286
117540,4356
118224,6201
118487,6437
119423,6049
119976,4449
120090,4230
120241,5148
120444,4820
120567,4090
120753,5247
121237,4938
121346,5177
121686,5714
121977,4755
122033,4467
122395,4609
123363,3973
124248,4703
127549,5729
127870,10048
127953,7555
128094,5205
128315,5770
128394,5293
128903,5143
129003,9660
129089,4672
129239,6721
129434,6291
129552,6251
129749,6138
130294,5941
130417,12326
132520,5846
133610,5264
134251,4265
134476,4237
134625,4716
135217,6374
136091,5941
136370,4713
136491,5029
136684,4545
137148,5089
137411,5675
139606,4782
139686,4880
139858,5068
140223,4417
140965,6086
141265,6003
141421,4983
141890,6319
142081,4658
142355,5780
142819,4911
143156,6129
143212,5648
143442,6987
143547,6122
143624,6894
147838,6439
148013,8906
148290,5842
148460,5309
148648,5294
149747,4650
150065,4579
151784,6440
152168,5720
152332,5732
152462,5520
152617,7614
153621,6942
153905,4586
154994,5074
155167,4637
155395,13637
155552,10877
155745,13498
155915,7992
156000,13980
156133,10003
156217,12963
156241,7512
156367,5181
156518,4644
156670,9764
157562,8260
157978,5423
158366,11565
158632,7366
159023,8414
159390,7721
159489,14092
159787,6496
161020,8477
161294,8137
161461,5776
161736,4836
164311,6813
164910,10440
165637,8480
165691,9741
165746,8022
167521,8521
167645,6021
167943,7391
168624,7568
169429,7365
169595,5051
171139,5793
171338,5033
171474,5710
172178,7351
172203,6062
172412,5672
172876,5378
173057,6213
173730,5821
173887,5671
174008,7220
175665,3852
176531,4735
176790,4759
177409,4922
177558,4633
180048,3606
180149,5740
180273,6077
180472,3303
180620,3810
180953,4149
182433,5956
183855,4789
184895,8298
185075,8229
185239,7843
186170,12163
186224,9145
186278,16332
186330,9344
186403,5289
186496,7994
187103,6923
187292,6668
187463,6616
187634,9387
187799,9394
188027,9068
188121,9228
188202,8629
189866,7413
190047,7097
190203,7144
190354,7566
190508,9858
190665,10119
190840,14028
190912,11707
191079,10839
191247,7026
191520,9355
192061,9303
192230,9994
192474,10619
192643,12709
194521,11190
194687,11415
194965,11535
195513,13855
195701,9834
195857,10048
196257,9396
199103,5598
200139,6609
200565,6086
200911,5867
202417,6712
202968,8387
203290,11229
203394,10799
203499,4665
203710,8150
204153,8101
204202,7284
204355,8694
204502,9232
204714,8574
204880,8440
208387,7110
209156,6902
209923,5911
210084,5535
210229,7226
210364,7243
210501,8723
210848,5038
212643,4878
213083,7139
213556,6058
213780,7594
213858,5830
214207,7699
214359,7851
214569,5881
214718,7250
214874,6798
215010,6507
215300,5306
218364,3990
218535,4853
218638,4612
218764,4749
221162,5590
221405,7537
221594,5946
221743,9999
222134,5928
222277,9127
222464,6166
225130,4607
225154,5809
225268,6080
225314,6160
225885,4145
226155,3934
226520,5669
226832,6055
226896,9497
226978,11295
227056,4353
227231,9027
227541,5148
227715,6995
228140,9986
228574,4646
230131,3461
234001,3594
234167,8004
234370,7850
234510,4005
234737,5679
234856,5816
235037,6520
235178,6148
235471,6283
235621,6183
235788,17439
235940,5335
236418,9606
236869,9017
237145,12379
237291,7021
237433,8327
239010,11158
239197,11052
239353,13693
239488,6587
239620,20435
239763,8406
240246,9647
240454,9545
240733,9049
241107,8979
241398,7312
241592,19676
241856,20829
242005,16280
242247,15210
242400,26713
242535,14147
242652,15483
242793,30293
242833,13708
243915,20581
244119,21007
244356,20410
244494,20463
244637,22099
244755,20298
245081,20213
245401,20307
246187,22716
246371,19247
246498,18906
246675,18829
246937,18966
247093,19383
247251,14839
247408,14215
247993,15754
248219,13145
248393,15101
248552,11391
248794,11209
249187,9619
249348,15861
249602,27801
250937,23119
251107,10066
251266,10272
251426,26101
251598,26350
251764,31467
251901,25822
252062,16953
252230,16972
252395,17222
252560,15340
252665,25177
253507,24802
253669,24383
253902,24802
254041,29513
256982,22696
257181,30259
257637,23761
258394,21099
258625,12520
260090,9441
260553,10891
260721,9857
261004,10343
261901,23311
262179,9347
262360,8877
262517,22012
263582,14644
263843,26901
264173,21950
264331,22517
264596,22597
266272,21124
266566,14681
266820,23765
266980,17347
267133,17504
267322,19577
267534,13017
269721,17287
269890,16122
270060,10660
270231,10677
270393,20809
270665,10408
270897,15175
272049,16106
272645,15974
273149,15518
273301,15416
273511,15626
273675,15508
273863,13488
274221,19537
274412,21113
274463,19988
274583,20708
274627,19936
274719,19888
274767,19573
274911,18797
278976,15218
279319,14643
279861,14383
280039,13404
280209,12535
280380,13114
281642,11964
281844,9575
282881,10668
283068,9852
283939,9720
288230,6793
288398,7728
289540,6920
291829,5272
292135,3611
295781,4728
296046,4400
296251,5313
298521,3653
298958,4845
299062,5208
299137,5630
299230,6072
299536,6196
299610,7775
299754,4756
300103,4844
300310,4476
300573,6728
300828,6637
300985,6988
301265,6656
301391,5924
305987,5338
306062,3672
306256,3845
306804,4757
306936,4816
307531,4275
310585,4449
310606,3431
310770,14026
311283,5694
311440,5482
311911,4126
312680,6239
312752,7775
312986,5398
313007,8343
313179,7145
313233,10608
313382,9303
313607,9022
313677,10479
314017,8845
314160,8227
314442,8463
314454,8928
314623,10573
314665,9430
314814,6939
314839,9080
315920,10613
315944,9890
316101,10604
317702,7846
317895,8758
318071,7112
318397,7697
318777,6824
318882,7267
319468,7464
319895,8787
321600,6526
322192,6610
323192,7690
323519,7093
323667,7616
324185,6208
324676,6504
325289,6296
325781,6023
326282,5242
329044,3841
329230,6428
329392,4154
329435,6144
329609,6503
330102,4772
332443,5167
332625,8363
333170,5319
333187,4715
333348,7928
333437,5889
333653,5436
334423,6092
334588,8004
334947,5691
335414,5163
336278,4807
336344,4565
336715,8497
336960,8099
337178,7151
337699,5213
337924,4826
338224,5228
338544,5577
339458,4271
339806,5993
341306,6138
342059,4335
343074,4702
343334,5054
343602,4735
343876,4739
344647,8190
344847,6045
345099,4953
345279,5637
345625,10928
345941,4855
346174,6013
348427,7023
348554,4840
348695,10255
348805,6507
348922,9761
349003,4586
349237,6416
349349,6326
349447,4217
351090,7432
351541,5499
351583,5037
352045,6405
352310,4878
352737,5611
353215,10201
353921,6372
354256,7588
354679,7009
355816,6283
356219,5174
356804,4439
357238,6268
357680,5570
357876,6012
358003,5326
358544,6826
358753,6367
359117,6330
359193,7105
360153,6539
360334,7193
360553,7447
361108,11889
361315,9959
361515,8135
363579,7106
364001,7743
364457,7253
365003,8626
365243,12808
365495,9494
365804,6230
365918,7535
366163,14934
366380,9713
366850,6839
366875,6306
368486,7628
368574,6978
369082,9443
369387,9367
369704,7563
369819,7684
370149,6992
370392,7384
370540,9369
370762,10395
372141,10025
372437,8095
372479,9935
373225,7138
373770,7541
373923,6978
374176,7815
374514,7144
376358,5466
378884,5649
379050,5125
379117,6436
379420,5041
379511,6132
379659,5703
379979,5214
380996,5864
383186,3940
383540,5497
383713,7225
385842,8372
386256,8568
386432,9063
386668,7706
386713,9242
389046,5861
389200,6828
389326,12080
389525,15214
389619,11837
389702,5528
389784,14583
390123,6655
390310,12860
390421,9457
390591,9527
390675,11226
391038,9045
391086,10454
391216,7079
391393,8099
391567,8022
391749,9842
391923,7877
392233,8877
392421,8176
392664,10489
392798,7745
392993,8724
393188,8834
395722,7519
396497,6290
397674,7117
397735,4952
397922,5671
403708,4914
403774,4395
404603,4692
404626,8930
404801,6268
405369,6853
405434,5500
405544,8600
405566,8745
405621,6888
405653,7356
405791,6781
406256,6230
406493,4961
407002,4407
409720,4764
409886,4548
410019,8319
410143,8249
410416,5165
410581,7433
412611,4947
414834,3864
415245,4204
416007,5106
416132,4313
416482,5435
416729,7674
416955,5198
417327,4473
417615,7444
418285,5006
418435,4663
418741,4059
418880,7160
419183,5954
419350,4799
419520,8091
419636,6145
419983,6209
420224,5620
420593,5385
420876,5898
423613,3648
424342,3344
424848,4150
425283,4315
426335,7395
426990,5482
427163,4912
427637,4922
427764,3817
428395,3560
430095,4048
430293,5463
430442,4865
430575,4384
431368,4017
432495,5133
432818,5953
432988,4925
433466,5221
433601,6487
433793,5977
433893,7733
434206,5704
434368,4873
435933,5789
436492,7574
436854,11444
437134,4754
437389,4971
437748,11652
438175,6783
438300,7149
438607,5840
438785,5594
438938,6091
439339,6418
439639,5577
441424,6816
441806,7534
442126,7156
442412,7559
442628,6479
442908,7487
443112,7233
443190,8018
443357,6112
443655,7701
444232,7045
444782,5897
445304,5478
447852,4322
448358,4093
448597,6807
448715,5901
448885,4654
449221,5472
449518,5737
450022,6662
450434,6203
450931,5313
451388,5049
451605,6320
451756,6010
453706,5330
453798,7125
453867,7227
454014,6997
454181,8137
454428,6015
454909,6369
454971,5296
455298,5399
455494,5433
455638,5361
455979,5786
459368,6945
460301,5129
461992,4029
462240,3902
462572,4733
463475,4942
463747,6297
463882,6726
464247,4298
464417,4546
464509,5954
464854,5348
464980,5661
465829,5658
466503,5038
466684,5589
467416,5728
467690,5388
468465,5374
468589,5106
469044,8799
469174,7406
470112,7605
470237,7330
470894,8096
471131,6985
471698,6564
472397,6159
472457,5980
472592,6155
472680,5980
473463,6691
474463,8786
474870,8275
475098,4265
475234,12637
475311,11866
475487,10876
475572,10274
475701,10247
475791,12223
475922,9419
476140,8757
476168,10528
476387,11149
477158,12023
479534,8405
479621,7357
480447,9230
480518,8014
480684,12110
480881,14565
481159,12618
481210,12816
482213,7575
482833,7918
483419,7278
483720,7185
484083,7605
484232,11282
484595,7387
484783,6979
484993,7181
485177,7670
485542,7656
487566,6603
490345,4385
490575,4549
491404,3730
491800,3466
492041,6458
492486,3959
492637,4129
492940,5391
493256,4790
493474,4762
493611,4419
496949,4261
497482,4662
499105,3969
499139,5302
499656,5358
499684,5215
499887,4864
500126,4834
500382,4453
500548,4556
500764,4592
501065,4366
501982,5541
502674,5530
502958,4300
503899,6027
504059,5004
505298,10547
505500,9803
505690,6521
505743,8986
505888,9714
506099,4156
506272,9817
506526,4176
508351,4966
508654,7582
508746,7656
508896,7269
509006,4617
509121,7242
509361,10305
510433,8537
510736,16935
510999,6505
511162,6864
511506,7736
511606,6478
511684,7019
512010,9953
512300,6482
512430,9698
512655,8082
513701,7712
513876,8220
514141,7011
514313,7269
514465,6349
515638,12100
517606,6911
518170,9377
518269,6596
519386,7818
519530,6977
519989,10226
520114,6470
520426,10862
520594,11403
520861,13846
521437,7568
522378,8924
522453,7375
523010,8142
523389,7971
523572,7949
524262,10507
524437,9809
524891,9199
525045,6725
525233,10052
525478,8567
525660,6272
525881,6523
526115,7757
526330,9113
526628,10264
526779,16082
529465,14432
529579,11063
529673,10473
530572,9403
530888,9702
531569,10335
532089,14153
532144,13741
532492,13554
532725,15894
533087,12670
533388,16640
533570,13423
534364,11776
534533,17841
534594,23267
535714,10967
535931,16968
536147,16619
536418,16016
538031,7912
538127,12570
538291,9197
538458,8985
538677,16468
538921,13874
539210,8173
539393,13670
539713,13498
540396,18337
540930,7578
540996,11670
542464,19780
542678,19841
542800,18899
542873,18359
543159,18507
543329,14691
543610,21394
543680,16539
543797,17791
543848,16924
544132,15148
544416,16045
544521,15389
544662,13289
545372,18276
546729,6709
546925,14144
547598,12721
547691,12924
548937,11218
549356,9914
549912,8640
550273,14150
550433,17728
550520,10184
550786,13172
551059,12983
551377,12902
552163,12177
552275,10649
553518,9474
553663,11239
554955,9273
555196,9758
555734,19153
555986,20184
556400,15297
556528,17963
557243,16596
557470,17259
557716,13816
558062,18845
558331,14900
558590,14719
559053,16747
559635,15315
560006,14884
560523,13394
562644,13247
563465,8559
563832,9190
564072,8040
566714,9396
566988,8094
567184,9214
567440,9541
567605,7575
567862,8197
568038,6976
568130,6687
570782,5909
572169,7759
572347,6192
572622,6143
573623,8431
574028,7980
574309,7715
574580,7184
575412,7364
575553,8608
575856,6294
576218,7733
576455,7024
576817,6891
576922,6504
577109,6290
577464,7563
578232,4018
578798,8084
579300,4356
579337,6492
579376,5987
579409,6104
579496,7272
585451,4594
585553,8586
585869,8144
586166,7911
587042,6902
587400,6801
588213,8080
588396,8531
588559,8956
588717,11292
588919,7509
589052,10839
589194,7027
589343,9760
589494,11389
589647,9638
589803,7357
590023,10598
590232,10230
590384,8805
590534,14086
590689,8297
590872,7952
591259,9075
591413,6488
591567,7145
593683,9292
596296,6646
597249,10298
597606,9897
597961,12012
598094,8853
598213,7423
598331,8472
598440,6172
598560,8577
599366,8643
599494,10896
599613,7184
599732,7727
599866,6920
599988,7236
600107,10511
600936,5360
601349,8685
601412,12155
601460,11024
601507,13373
601553,15140
607719,6966
608090,5653
608219,5005
608353,5303
608521,8553
608672,13366
608848,12191
608984,6400
609129,7483
609414,12695
609600,7528
609785,12530
610162,10409
611081,13898
611339,15646
611476,15643
611609,14088
611737,18197
611843,16317
612848,16022
613055,12101
613256,20615
613393,15998
615416,14136
615625,15988
615816,14703
616792,12863
617254,12825
617397,12636
617538,14853
617754,15741
617887,13537
618084,13437
618266,12014
618558,13914
618703,13940
619088,13912
619236,15875
619376,17038
619493,18118
619606,16188
619842,16302
619987,16505
620612,11522
620757,20422
621019,15203
621157,16631
621294,16698
622403,20120
623135,18074
623283,19142
623439,15158
623621,14647
624110,16382
624253,15919
624897,14022
625216,13000
625380,12664
625513,14110
625763,12885
625882,14974
626672,14259
627890,10542
627919,13137
631344,14381
631983,12108
632745,11395
633295,12493
633654,9771
634017,11652
634472,12308
634553,10855
637046,8913
639741,6165
640205,5098
640965,9072
641296,6942
641327,8571
641370,8307
641911,8830
642317,9992
642570,8003
643099,5986
644281,6523
644314,9143
644460,8444
644582,8407
644963,6794
646932,5896
651251,4073
651280,4310
651789,5695
651928,6608
651983,6726
652345,6756
652539,6324
653087,5131
653243,3871
653400,6404
653522,8861
653700,4876
653850,7706
654003,12663
654295,9891
654568,13412
654671,11394
655782,10253
655831,8558
656166,8015
656393,10077
656514,10145
657081,7799
657130,8243
657582,7844
658156,8900
658803,7452
658996,6901
663182,8384
663392,7139
663502,7071
663548,7509
663709,6639
663791,8245
664300,7317
664504,7141
664633,7561
664702,8373
665503,6501
666281,6629
666533,7445
667674,7187
667719,6739
667760,6766
668028,9977
669417,3795
673539,4037
673775,4177
674262,4116
674701,7083
674890,6385
674988,4620
675284,5036
675500,4889
675681,5545
675912,5745
676110,5274
676308,5937
676499,7495
676738,5583
676981,6415
677206,6843
677459,5811
678011,6250
682695,5903
685386,5092
685743,4625
686172,3900
686670,6754
686854,6043
687117,11858
687198,12161
687469,9822
687522,9689
687569,9448
687633,10394
687639,9222
687693,8764
687707,9974
687740,8618
687865,12902
688136,8162
688889,8108
689026,8473
689153,7538
689446,8917
689626,8102
690930,7277
691180,8740
691662,8748
691709,7799
692238,11635
692376,11098
693036,10125
693352,9905
693753,9013
693998,10020
694472,10541
694996,8667
695316,9816
695596,8893
698517,4038
701732,5317
703672,5768
704024,5850
704064,6377
704235,5095
704612,9051
704899,12285
705043,15672
705206,8889
705290,9470
705441,4879
705560,4482
706527,8184
706820,7838
707149,7265
707694,5994
708413,14086
708741,13839
708818,7411
709255,12807
709471,9109
709652,13795
710579,12810
710721,12491
711904,18337
712195,10009
712333,15340
712625,11676
712768,10570
713040,16045
713452,10901
713597,15572
713730,13990
714217,13395
714345,13527
716502,10587
716671,11876
716832,12657
716874,11725
717018,6855
717843,15563
717979,12941
718297,13296
718463,12510
718673,13001
718723,11530
719132,14005
719483,12403
719697,12328
719868,7620
720195,11208
720487,11022
720716,10827
720929,12382
721296,11700
721370,11001
721473,8574
724789,8261
725110,10771
725718,9383
731205,4757
731426,4622
732156,5866
732634,5565
733193,5594
733341,5198
733463,4310
733625,5778
733766,5168
734187,4508
736346,4125
736407,5274
736547,4728
736631,4003
736849,6611
737069,4081
739352,5393
742073,14886
742497,3922
743055,9194
743237,10389
743393,10002
743554,9974
743703,5087
743866,8499
743925,9357
743984,11499
744036,14956
744087,9748
744143,15272
744196,12234
744246,7226
744296,10789
744352,10525
744410,13811
744462,13483
744523,13523
744588,18081
744647,22571
744705,14178
748010,11647
748202,12259
748358,12157
748519,12103
748571,11872
748673,13599
748941,16125
749097,13441
749255,13540
749407,13023
749779,16122
749961,16385
750128,18409
750281,18621
750434,16624
750591,17803
750747,16607
750888,16684
750944,15350
751000,15485
751052,28510
751111,26339
751162,26896
751220,22542
751269,23243
754183,21357
754348,11475
754501,24016
754654,23957
754806,19513
755562,19154
755732,21363
755985,20636
756141,21027
756290,17420
756521,17138
756682,19822
756891,18695
757085,16091
757365,15873
757525,16015
757675,14971
759083,14807
759249,12849
759492,12299
761026,11290
761231,9850
761264,11114
761332,19358
762961,7352
762981,8614
765864,8835
767938,13472
769609,13426
769647,10984
769674,11509
769793,11166
770303,11717
770326,11547
772968,8773
773252,8208
773785,8285
774121,9950
774346,10109
774539,9480
774745,9494
774908,8817
775130,8544
775304,8012
776696,6784
776878,7527
778537,9865
782279,3796
782462,4437
784602,3982
785588,6022
785747,6652
786635,4498
787347,6474
787563,5750
787650,5205
788230,6541
788996,5252
789424,5607
789643,4895
789822,4575
789975,5302
790281,9911
790481,9511
790618,9021
790767,6538
791161,4350
791955,8125
792155,8089
792374,5861
792500,4924
792709,7422
796273,11514
796546,4129
797016,8901
797176,7814
797569,11654
797638,5519
797708,11567
797836,8344
798078,11705
798767,10876
798947,9710
798958,9707
799143,11306
799935,7709
800045,7996
800755,9249
800905,10893
801063,8869
801204,7183
801380,8869
802429,7162
802593,4996
802931,6512
803076,8455
803663,9676
803773,7921
803873,7398
806901,6100
808709,5260
810074,4823
810502,4063
810891,4060
811085,5415
811471,5458
811905,4403
812908,4734
813127,5586
813535,5107
814014,3197
814272,3922
815363,4991
815682,7583
815890,9150
816076,9007
816336,7164
816654,8338
817034,8606
817169,7297
817321,6359
818995,7256
819212,7271
819525,9817
819612,7382
819773,7613
820361,7160
820499,5568
820694,8239
822887,9185
823883,8143
824168,7328
824337,6589
824885,7005
827179,7065
827292,5331
827676,6077
827724,7081
827769,6902
827816,9638
827855,7197
827889,7229
827919,7512
827976,8313
828464,8183
828500,8626
828527,9113
828582,8218
828614,9265
832775,5613
833255,4914
833315,6141
833350,6539
835491,4645
838135,4005
838381,4077
838476,4481
838574,3619
839448,3798
840045,5468
840457,4001
840644,6369
841691,3429
843328,4325
843347,4555
843842,6285
844131,3946
844793,3788
845733,5161
845925,3673
846167,4840
846306,5731
846451,4983
846587,6108
848233,7629
848347,8303
848417,9174
848614,4401
848926,7833
849010,7102
849046,5126
849221,7066
850382,5098
850942,6717
851199,4870
851521,5666
851752,4665
852109,6241
852298,5034
853579,4821
854921,3542
855203,3841
856408,4059
859118,3781
859338,4799
859424,4027
859541,4671
859572,7488
859876,7427
860455,7929
860788,8471
860967,6267
861211,11333
861458,7833
862318,7907
863778,11309
864401,6265
864479,7989
864888,6892
865251,14025
865270,6219
865388,10504
865476,10027
865545,7973
865921,13051
866050,12622
866167,11873
866274,5428
866435,11866
866547,13713
866655,11721
866772,6697
866850,8732
866958,6109
867066,6351
867383,12153
869381,9234
870235,7290
870806,6365
871444,6280
871793,8055
871965,8317
875951,6479
876026,7332
876144,5272
876473,7804
876702,8180
876750,6532
876980,6660
877036,5878
877222,10100
877331,7469
877587,8849
880343,6013
880830,4847
881085,4505
883884,4704
884067,8169
884137,5695
884622,5554
885053,4999
885841,6580
885923,8031
886086,7695
886149,10078
886644,7251
886906,7146
886959,5022
887373,6460
887591,5307
887721,5578
888617,5389
888762,7667
889052,7228
889233,3837
889611,6770
890414,6956
890599,7114
891414,5086
891547,4786
893647,4943
894125,6583
894687,3966
894899,4559
895065,4179
895186,3704
895787,5131
895843,4918
896748,5800
897197,5421
899629,6935
899703,6011
899845,4954
900056,6600
900328,6899
900590,6514
900922,6750
901067,6628
901156,7813
901271,3792
901864,7039
902007,7013
902148,7073
902221,6711
902410,7131
902560,6792
905354,5354
905374,6517
905434,4686
905614,5442
907552,4815
907747,4857
908085,6222
908216,9138
908244,6043
908290,6137
908319,6591
908347,6030
911473,4258
911570,3991
912211,5158
912755,4559
913967,4200
914077,5625
916407,4713
916540,4440
916627,5458
916806,5102
918237,4137
918285,3655
918575,4469
918853,3678
919082,4497
919325,3878
919728,4650
920983,4135
921503,5148
921526,7820
921781,6338
921981,6236
922122,6445
922274,6161
922450,5089
922587,6095
925629,6873
926155,5518
926178,4410
926349,7963
926495,7759
926615,5992
926785,6297
926926,5854
927161,7012
927317,7177
929682,4226
929862,3995
930004,6116
930308,6296
930446,7488
931148,5316
931676,6878
931945,7443
932391,5784
933097,6450
933247,5641
933571,6517
935667,3795
936206,4857
936532,6242
936694,6534
936915,5235
937274,10270
937457,6569
937637,8374
937851,6566
938387,6164
940418,5337
940769,5673
941099,5950
941255,6455
941428,4740
942064,5681
942969,5366
943473,7625
943508,5574
943608,4742
943776,7202
944280,7112
944466,5715
944578,6469
944642,8817
949200,3926
949764,4985
949834,4791
949972,4533
950031,4581
950254,5487
950528,5300
950650,4609
951268,6217
952204,5500
952711,4916
952882,4400
955637,5532
955886,5492
956138,5187
956359,6308
956532,5664
956764,3957
958339,4593
958551,8546
958740,6139
958885,4602
959118,4763
959240,4046
959378,8134
959532,10704
959677,10703
959795,10503
959837,7344
960329,8713
960593,7519
960816,9644
960887,8728
961158,9370
962720,6760
962977,5393
965072,3714
965381,7546
965411,7577
965961,9057
966078,6643
966217,7360
966469,8685
967062,6563
967763,6010
967849,5561
970678,5382
970891,4690
970982,4499
971652,6268
971711,5618
971831,5351
971836,6506
972238,5063
972962,5147
973617,4014
974840,4087
975310,3729
975470,4435
976282,4372
976315,3420
979438,3772
979466,5985
979946,5391
980090,4235
980696,6579
980860,5076
981016,3963
981171,5924
981358,4037
981494,7976
982074,4566
983434,4984
983528,4963
984421,6848
984596,4930
984753,5459
984882,10435
984946,11100
985147,10237
986061,6509
986428,9265
986672,8958
987406,8613
987543,8375
987922,7978
988069,7687
988199,7368
990903,6871
990966,8230
990987,7566
991027,7408
991063,9158
991218,4999
991530,6149
991584,4781
991885,7049
992520,5864
992923,5367
993371,7070
993619,4570
994135,4791
996283,4223
996501,6424
996633,3696
998021,4443
1000957,7054
1001232,3940
1001316,6995
1001665,3701
1002759,6286
1002889,7067
1003040,6483
1003551,4164
1003653,4570
1003966,4601
1004524,6391
1004621,6351
1004983,5913
1005145,5776
1005548,8304
1006150,4820
1006533,7127
1007115,5241
1008507,6940
1008668,6925
1008908,8056
1009060,8155
1009354,7909
1009579,6672
1009765,7400
1009912,7400
1010028,6034
1010197,5540
1010559,6518
1011611,5054
1011763,4382
1011940,5182
1012093,4734
1014179,3780
1014326,3819
1014634,4002
1016985,4446
1017993,4256
1018426,3446
1018897,6839
1019143,3492
1019166,5054
1019309,3936
1019427,6319
1019800,5246
1020079,5802
1021379,4640
1021614,4493
1022729,3805
1023580,4394
1023750,9256
1024220,3326
1024234,8076
1024516,6475
1024803,3659
1027346,7361
1027538,5702
1027663,6060
1027828,7239
1028094,4670
1028181,5123
1028285,6974
1028739,5897
1029137,3749
1029804,4748
1030308,6441
1031095,5378
1031325,5007
1031468,4588
1033416,4225
1033898,4942
1034846,4977
1034931,4100
1035577,3765
1036727,8271
1036872,10434
1037036,6151
1037182,4709
1037329,9772
1037474,11279
1037724,10883
1037888,10080
1038042,10752
1038196,9477
1038316,4396
1038700,6510
1038862,5332
1040163,5595
1040235,6166
1040621,8009
1040682,8194
1042331,5417
1042370,4728
1042412,6662
1043641,5879
1044093,6454
1044324,5795
1044759,6360
1044913,4662
1045339,5501
1045488,5248
1045817,7789
1045988,4983
1046274,3787
1047165,4129
1047564,5173
1047883,6219
1048907,4259
1052243,4131
1052436,4681
1052511,4690
1052795,4551
1052893,4497
1054390,4948
1054656,5124
1054691,4125
1055957,5096
1057545,4390
1057659,5853
1057768,4877
1058194,4144
1058376,5379
1058589,6030
1059056,12876
1059357,10245
1059836,13929
1059898,10275
1060017,4777
1060229,9215
1060397,5141
1060696,6863
1060906,4701
1061140,5031
1061587,5379
1061623,7062
1062406,6946
1062480,5142
1063054,5570
1063561,5017
1063935,4531
1066045,5988
1066298,7431
1066609,5565
1066996,6750
1067307,7248
1067933,6396
1068005,7075
1068770,4723
1068921,5315
1069695,4565
1069897,5515
1070525,5180
1070588,5406
1070772,4398
1071371,3883
1073169,5431
1076026,3611
1076200,3936
1076403,4007
1076529,4833
1076605,9270
1076869,5151
1077416,4521
1077845,6349
1078394,4041
1078838,5593
1078978,4341
1079495,4080
1080566,5771
1080771,4851
1081261,6457
1081554,5912
1081791,6141
1082083,6915
1082170,7942
1082797,7106
1083618,6167
1083876,7508
1083908,7374
1084219,9519
1084286,9503
1084515,6650
1084588,6896
1088191,3606
1088802,5187
1089040,4451
1089585,9174
1089936,7248
1090152,7088
1090305,6985
1090504,4797
1090734,4696
1090869,4605
1091004,4553
1092039,3558
1092609,5579
1092845,7357
1093000,7637
1093225,6198
1093569,5550
1093820,5653
1096140,8142
1096216,8945
1096590,5033
1096717,9868
1096875,8726
1097022,10043
1098319,8319
1098614,7559
1098788,6876
1099150,7548
1099509,7609
1100044,6756
1100232,6625
1100470,6452
1100835,5916
1101327,6625
1103364,4773
1104134,4489
1104685,7162
1105360,3318
1105790,6504
1106249,5535
1109321,5413
1109884,3724
1110053,5077
1110196,5346
1110408,5982
1110652,4654
1110862,4496
1111507,4628
1111630,4957
1112341,6553
1112434,7705
1112590,7458
1112710,7333
1112861,7237
1112982,6107
1113115,5874
1113315,6913
1113703,5535
1116287,6209
1116561,7415
1117467,9030
1117517,13388
1117692,8522
1117851,12695
1117870,14571
1117976,10737
1118019,11138
1118162,9136
1118213,10201
1118403,8556
1118751,8395
1119288,7607
1120324,10976
1120404,9647
1121178,8419
1121875,7861
1122575,8821
1122613,6888
1122643,8655
1122702,13069
1122879,23102
1122913,10727
1122963,9125
1123184,12242
1123205,14242
1123223,14484
1123240,23422
1124149,12341
1124184,20705
1124213,12585
1124766,20181
1125068,4236
1125441,9638
1125746,9408
1130744,15161
1131551,16009
1131607,10371
1131840,11293
1132143,11892
1132731,8723
1134692,12537
1134879,10096
1135224,15430
1135456,11665
1135834,8665
1135991,9959
1136548,18843
1136735,14430
1137029,15561
1137172,21007
1137291,20579
1137524,13732
1138006,15480
1138486,12008
1138642,14899
1138782,13303
1138834,14809
1138998,7067
1139233,11154
1139634,13595
1139843,5043
1140115,8259
1140158,17315
1140880,5525
1141082,4552
1142678,14126
1142806,13948
1144066,12947
1144330,12373
1144578,8585
1144719,10716
1146092,9479
1146245,10966
1146444,9207
1146588,10480
1146708,9495
1149077,9416
1149605,6646
1149871,8433
1150091,8490
1151386,6871
1151521,6129
1151661,5960
1151881,6763
1152113,6291
1152626,6262
1152658,5396
1159084,3113
1159497,4039
1159588,4390
1159654,3594
1159673,4362
1159961,4121
1160924,3166
1161067,4689
1161426,4728
1161569,4463
1164321,9759
1164357,7222
1164495,8648
1164658,8613
1164785,9447
1164879,10263
1165016,8387
1165153,9003
1167137,11233
1167321,7055
1167501,8128
1167507,6540
1167663,6046
1168117,5494
1168349,5165
1168512,6700
1169615,11238
1169781,11250
1169945,7394
1170097,7082
1170262,12349
1170416,12757
1170574,12543
1170729,18158
1170871,15416
1171028,14735
1171177,19212
1171326,15761
1171480,14172
1171681,17834
1171842,14811
1171994,20382
1172144,20738
1172303,26148
1172454,19548
1172611,18484
1172773,24939
1172967,20004
1175490,23744
1175574,15150
1175610,17009
1175639,23368
1175669,22384
1175705,22498
1175740,21468
1175769,21235
1175798,18576
1175900,23214
1176064,17538
1176212,17471
1176477,17036
1178490,19121
1178776,19997
1178987,31680
1179161,28236
1179283,27273
1179646,27460
1179887,27131
1180025,30743
1180142,30410
1181093,19799
1181624,15061
1181685,15616
1181738,17956
1181797,15093
1182186,16381
1182374,31367
1182660,30363
1184741,15311
1184965,24316
1185131,15622
1185283,14194
1185440,16086
1185974,21325
1186136,20321
1186440,20477
1186790,20410
1187218,12170
1189396,9537
1193260,16155
1193880,21011
1194521,9865
1195603,17603
1195746,10902
1196062,18082
1196123,18474
1196181,17027
1196195,17801
1196256,17986
1196308,24088
1196382,25291
1196438,26706
1201065,13632
1201242,13242
1201624,12674
1201799,12382
1201888,12167
1202082,11549
1202675,12688
1202870,10820
1203043,11498
1203208,11553
1203585,11243
1203748,12183
1203925,11937
1204103,11301
1204587,11655
1204753,11809
1204993,16007
1205889,12908
1206074,20195
1206236,11877
1208409,15074
1209618,12642
1209682,12450
1209734,11634
1209780,12161
1209839,16078
1209886,13501
1209976,14072
1210862,5872
1211722,10155
1212433,10171
1212612,9940
1212828,8925
1223792,6173
1223985,5842
1224420,7815
1224535,4650
1224691,7722
1224831,6947
1224911,7765
1225026,4351
1225147,4211
1225341,7780
1225455,4113
1226064,7104
1226236,4883
1226611,6001
1227429,5669
1227565,5371
1227942,5387
1228380,5105
1229905,4037
1230293,3407
1230488,5761
1231159,10064
1231161,5720
1234987,7474
1235258,4487
1235428,6087
1235793,5594
1235976,6380
1236321,5473
1236519,5897
1236688,9225
1236870,5423
1237252,5416
1237321,7810
1237800,8959
1237865,8799
1238473,7822
1242801,4373
1242999,4747
1243120,6581
1243260,8665
1243397,6399
1243532,3653
1243667,5237
1244052,8211
1244192,5969
1244839,7793
1244971,4902
1247149,11768
1247397,6903
1247884,7379
1248242,6459
1248388,6811
1248562,7867
1248721,9848
1248970,9544
1249113,6262
1249286,9118
1249405,7776
1249543,9637
1250619,9940
1250858,8095
1251424,7044
1251579,8067
1251724,11302
1251953,9798
1252099,7889
1252297,10178
1252474,8320
1252676,10950
1252933,8200
1253056,10303
1253299,7986
1253383,8474
1255847,6657
1259883,4292
1260409,5919
1260910,4641
1261333,5048
1262855,5323
1263436,4602
1264233,7203
1264290,6427
1264394,5626
1264538,4126
1264756,8319
1264918,6657
1265131,8476
1265603,8499
1265658,7673
1265767,6734
1266829,5964
1266980,5750
1268002,4025
1268756,6907
1268990,5401
1269566,6874
1270242,4440
1271596,3985
1272219,7224
1272389,5753
1272565,6785
1272776,6484
1274660,6920
1274870,7840
1275031,8323
1275171,5328
1275502,6586
1275697,7491
1275894,7740
1276101,7792
1276142,10673
1276182,10709
1276836,5516
1277017,6235
1277167,6140
1277433,10799
1277602,10354
1277989,8914
1278743,5330
1279862,6377
1280025,7859
1284480,3989
1284760,6129
1284951,7448
1285206,7015
1285266,5612
1285500,6945
1285803,7104
1285843,5126
1290071,5493
1290228,4855
1290611,4848
1291007,4022
1291528,7802
1291600,9731
1291648,9370
1291821,6872
1291982,6169
1291992,10633
1292332,10777
1292678,8250
1292846,9223
1292887,11032
1293051,7261
1296504,4287
1297949,5025
1298184,7549
1298349,13031
1298523,9916
1298731,9807
1298943,14334
1299368,18614
1299504,14436
1299635,14216
1299774,11510
1299941,12922
1300152,8492
1300339,8555
1300480,12913
1300631,14288
1300841,16332
1301003,16883
1301168,15745
1301862,13672
1302135,12405
1302291,15972
1303042,10703
1304092,15594
1304315,13863
1304556,13995
1304731,13904
1304865,24322
1305019,13988
1305034,13767
1305318,13103
1306241,11835
1306410,16600
1306893,10792
1307073,17048
1307237,24678
1307389,14524
1307550,14605
1307702,17520
1307944,24142
1307966,24971
1308121,24844
1308274,15555
1308988,15565
1309160,18952
1309312,16784
1309464,18563
1309513,23499
1310954,16960
1311120,17549
1311475,17016
1311636,16947
1311803,12942
1311959,16794
1312512,11477
1312678,11968
1312711,20353
1315024,15015
1315212,17819
1315456,14283
1315634,17523
1315804,14085
1316351,16859
1316518,16379
1316725,16066
1319604,36433
1319900,14783
1320102,14713
1320937,18445
1321784,19444
1321905,11659
1322754,33000
1322833,11356
1322910,35240
1323008,17156
1323193,17070
1323370,9725
1324885,31087
1324976,24711
1325366,30734
1325549,25333
1325913,31597
1326397,16985
1326521,31145
1326844,20085
1326986,18562
1327206,21638
1327451,23619
1327606,23774
1327764,10604
1327926,26152
1328334,26233
1330751,19318
1330973,18126
1331149,20590
1331305,22949
1331456,24660
1331614,9101
1331772,9842
1331877,9635
1331927,9969
1331976,8364
1332031,11450
1332083,9433
1334356,21794
1334518,16770
1334744,16677
1335837,15839
1335972,15844
1336506,15516
1337711,15680
1338498,17407
1338545,13742
1338703,20485
1338833,15923
1338966,17597
1339103,17665
1339371,18095
1340070,19906
1340382,12643
1341020,16866
1342094,11937
1343209,14000
1343586,14708
1343806,12706
1345185,14724
1345347,15044
1345515,14374
1345637,7893
1345751,13488
1346086,8778
1346420,11184
1346633,15415
1346785,15164
1347169,15036
1349058,12237
1349211,12077
1350869,10430
1352571,9171
1353340,11060
1355462,8902
1356931,8061
1357120,7625
1359283,5045
1360507,4797
1361420,4564
1361581,5307
1361785,4676
1362239,4322
1362420,3931
1362583,4026
1362730,5160
1362859,5083
1362988,5390
1364706,4020
1369498,5009
1369921,5843
1370027,4623
1370354,4961
1370528,5011
1370682,5188
1371455,6525
1371513,6824
1371623,7155
1371685,9243
1371775,8245
1371888,7202
1372048,9037
1372077,7892
1372213,6337
1372234,9897
1372365,6650
1372383,8325
1372523,9384
1372566,7577
1372676,7483
1374176,8488
1374884,6725
1375987,7353
1376153,6982
1376340,6188
1376667,5667
1380525,6217
1380779,11342
1380981,5695
1381124,9482
1381309,10544
1381450,8090
1381648,8907
1381830,9390
1381973,7773
1382172,9440
1382363,9849
1382555,8874
1382683,9228
1382837,7444
1382978,9306
1383181,8785
1383403,6082
1386795,8610
1387366,5255
1387542,5603
1387762,5977
1388025,5484
1388277,5348
1388965,8336
1389106,6975
1389576,8246
1389793,10003
1390309,7662
1390633,7476
1390774,8391
1390928,11944
1390964,12081
1391005,12096
1391046,11177
1391247,8340
1394844,7598
1395123,7564
1395271,8413
1395403,7915
1395555,7813
1395696,8039
1396295,7488
1396788,6767
1399959,14130
1400009,5224
1400146,13576
1400262,8029
1400553,16734
1400718,16055
1400916,16991
1400931,7210
1401489,5905
1401744,5370
1401909,18144
1402002,10584
1402037,9257
1402076,8069
1402254,7407
1403394,21539
1403862,18320
1405051,11582
1405439,13998
1405677,10297
1405903,14361
1406062,10066
1406214,25387
1406365,18870
1406552,24855
1406684,21199
1406799,12483
1407141,23894
1407911,16505
1408128,15620
1408357,13042
1408500,17289
1408675,11782
1408834,12390
1408998,12496
1409118,14812
1409249,14377
1409369,25001
1409501,27789
1409693,22572
1409870,23331
1409991,23972
1410332,25562
1410829,15190
1410969,27132
1411130,24076
1411410,23344
1411837,23654
1412025,23649
1412198,22221
1412337,23665
1412470,23582
1412694,23406
1412880,23071
1413120,26258
1413536,21761
1413602,21231
1414014,25956
1415265,20357
1415628,20261
1415793,21894
1416209,19934
1416470,19724
1417005,20383
1417416,19040
1418079,18849
1418249,8870
1419527,6799
1419739,13622
1420887,17058
1421055,9547
1421574,11952
1421911,9980
1423188,8892
1423375,13014
1424507,18152
1424672,18625
1424877,18482
1425074,19461
1425439,17280
1425611,18274
1426108,17142
1426460,19783
1426492,17439
1426948,16984
1427288,15486
1428032,12554
1431661,12740
1431943,13712
1432397,12484
1433408,11638
1433619,12634
1433834,15404
1434052,13022
1440107,8434
1440618,8237
1440765,13676
1440947,14997
1441090,11909
1441734,12772
1442395,8805
1443128,18215
1443386,11313
1443971,8717
1444124,8440
1444374,9325
1448140,4807
1448183,5300
1448248,13693
1448283,10938
1448325,21043
1448386,18705
1448416,17640
1448445,20017
1448474,21259
1448512,21602
1448571,33353
1448629,35208
1449139,10117
1449521,8371
1449687,5640
1449860,6523
1450125,17089
1450270,13552
1450853,7263
1451003,7331
1456491,18474
1456651,18402
1456792,18616
1457206,15480
1457429,15351
1457572,19119
1457691,12851
1457805,9928
1457842,15706
1457958,18701
1458558,13859
1459313,20314
1459484,9789
1459620,19862
1459751,15395
1460143,16660
1460266,20121
1460442,23021
1460589,20889
1460752,24326
1460850,19723
1461817,17941
1461970,14590
1462109,11241
1462248,12065
1462379,12497
1462518,12208
1462656,17829
1462801,15127
1462884,16441
1462924,22206
1464153,18133
1464316,23296
1464635,17144
1464792,17281
1464947,17433
1465113,17382
1465277,21830
1465421,19315
1466318,19220
1466561,25612
1466922,14773
1467411,14189
1467572,26331
1467885,24823
1468671,18359
1469855,17491
1470098,15083
1470648,15047
1472245,20975
1472838,22959
1473044,19520
1473691,19850
1474033,20075
1474553,7617
1475505,22197
1475693,24626
1475707,21603
1476060,16927
1476225,17763
1476383,18696
1477318,12033
1477482,22763
1478650,22374
1478850,22428
1479071,20541
1479226,19739
1479344,19353
1480899,17437
1481072,19435
1481230,17240
1482226,14741
1482636,17792
1482794,18165
1482967,17617
1483124,16669
1483282,15820
1483489,11518
1483638,13469
1487522,10443
1487925,11794
1488055,9425
1488169,10515
1488354,9770
1488650,8127
1489140,11196
1491035,8486
1491300,6886
1491429,8034
1491581,9319
1491834,7496
1501071,3935
1501259,4410
1501473,3820
1501522,4168
1501607,4211
1502761,4041
1502885,4314
1503018,4877
1503154,4305
1503919,3712
1504649,3939
1506016,4294
1506051,3801
1509201,4028
1509708,4465
1510905,9013
1510933,9237
1511176,8179
1511296,6505
1511559,7630
1511752,8584
1513057,6033
1513224,6845
1513414,13361
1513572,6685
1513729,11641
1514312,9749
1514387,9225
1514471,9496
1514620,6866
1514786,5758
1515490,9502
1515652,7224
1515889,7701
1516022,6644
1516136,7270
1516188,7257
1516314,10321
1516346,11682
1516390,10034
1516497,11404
1516668,7826
1516675,6539
1517112,11217
1517460,10506
1520674,7069
1520894,8938
1521192,7149
1522047,7154
1522463,6598
1524184,5755
1524919,5188
1525642,7678
1526351,4570
1526522,5954
1529195,4872
1529865,4637
1530088,4823
1530246,9345
1530441,8035
1530606,5545
1530747,7426
1530860,7419
1530995,7229
1531163,7508
1531303,9616
1531433,8806
1531549,9532
1531711,10215
1532047,8436
1532272,9991
1532436,9195
1533254,8902
1533988,8553
1534238,7778
1534900,7918
1535066,8198
1535212,7152
1535405,7992
1537995,7103
1538310,5680
1538507,5266
1538699,6006
1538956,5418
1539139,5617
1539627,4842
1540202,4059
1540509,4009
1545033,7590
1545162,6115
1545180,6196
1545338,5620
1547032,3724
1547222,6500
1547371,5507
1547509,5693
1547641,4955
1547736,14640
1547884,6463
1548039,6680
1548172,12326
1548305,4950
1548467,10650
1548586,9218
1548734,8610
1548912,7340
1549053,10114
1549187,8521
1549711,7091
1550071,8630
1550315,9828
1550525,7583
1550713,7760
1551099,7467
1553747,4633
1554943,8641
1555027,7748
1555252,4838
1555435,6863
1555880,6469
1556029,7981
1556202,6915
1556343,7391
1556562,6620
1557092,6313
1560585,3531
1560735,4086
1565060,4195
1565532,8737
1566140,8212
1566237,9224
1566465,8338
1566624,8436
1566648,8876
1567110,8966
1567335,8642
1567419,8819
1567883,7762
1567890,7996
1568114,7810
1568161,7434
1568312,8941
1568428,8442
1568494,8449
1569422,6940
1569705,6737
1570073,4672
1570506,3995
1571010,4447
1571174,6144
1571504,6497
1572480,4437
1577575,3852
1578233,6446
1578558,13151
1578611,5456
1579167,4584
1579460,6382
1579602,5504
1579659,6109
1579893,5705
1581250,3774
1581692,3953
1581836,5204
1581992,3853
1582269,10231
1582429,4958
1582615,6847
1582833,11364
1583485,9933
1584025,6054
1586387,9099
1587176,7435
1587495,7415
1587644,7584
1587783,7867
1587917,10747
1588142,6821
1588299,10139
1588438,12080
1588594,6411
1588727,10192
1588866,6284
1589039,10875
1589178,11669
1589476,11428
1589593,9757
1589760,7097
1589855,7085
1590503,8035
1590539,8202
1590679,7809
1590701,7684
1590730,10296
1591199,7537
1592104,8003
1596255,4723
1596419,5207
1597183,5040
1597556,5351
1597982,5064
1598570,6714
1598952,6621
1599563,10303
1599707,7484
1599947,7699
1600189,5565
1600329,5406
1600590,5244
1600753,7498
1603475,6402
1603663,4897
1603786,6154
1604538,5600
1604591,5165
1606649,4871
1607586,5027
1607687,6183
1607722,5616
1608701,5310
1608962,6452
1609124,9007
1609303,6467
1609457,5893
1609595,10351
1609790,5746
1609979,5496
1610197,10025
1610315,9530
1610449,9117
1610569,7204
1610712,8351
1610844,8661
1610885,7335
1614275,5491
1614435,8835
1614592,9280
1614730,8115
1614847,8336
1615010,7925
1615177,7942
1615926,4830
1616388,5006
1616541,5416
1620393,5028
1620550,4675
1621115,4295
1621222,4574
1621281,6221
1622525,4855
1622888,4800
1623402,3474
1623664,4393
1625912,3534
1626865,3790
1627646,4492
1628068,3466
1628231,3745
1628377,4219
1628563,4436
1629073,4058
1629376,4954
1629514,3831
1629645,4594
1629784,4356
1630179,5690
1630265,5771
1630457,6535
1634480,5400
1634521,4608
1635901,5723
1636112,8258
1636254,4831
1636416,4325
1636539,6051
1636672,6681
1636865,6176
1636999,7160
1637151,6726
1637324,10601
1637470,6468
1637617,9452
1638088,10245
1638245,8071
1638598,6930
1639589,6080
1639911,5748
1641061,7635
1641193,7242
1641358,7025
1642881,5621
1643182,9141
1643402,7777
1643552,7852
1644172,7590
1646163,11152
1646422,7830
1646632,9632
1646855,9452
1647331,7350
1647499,5711
1647657,5649
1647960,5520
1648777,8349
1648861,6503
1648902,6409
1648936,6522
1648954,7574
1648972,7109
1648989,6520
1650047,7915
1652562,4905
1653421,6020
1653617,8051
1653772,5226
1653981,5630
1654123,7385
1654149,8981
1654221,5330
1654871,6188
1655009,7429
1655136,5980
1659015,3529
1659333,5205
1659566,5660
1659708,4469
1659870,4165
1660410,5297
1660542,5117
1660688,9041
1660857,8817
1661035,8588
1661155,8414
1661318,6267
1663617,5838
1663676,5444
1663831,6429
1664407,7109
1664600,4930
1666058,5222
1666128,4526
1666330,4354
1666886,4312
1667047,6279
1667511,5422
1667632,5489
1667746,5033
1668197,5314
1668480,5482
1671455,5956
1671550,5214
1671591,6399
1671796,4771
1673551,5094
1674769,5744
1675090,5808
1675446,5183
1675631,5094
1676000,5332
1676253,5234
1678147,10813
1678175,6396
1678347,11071
1678632,4961
1678786,13011
1678866,5611
1679365,13128
1679625,7538
1679673,11559
1680116,12207
1680132,13629
1680308,7876
1681337,11733
1681504,6976
1681664,8786
1681892,11549
1682405,12177
1682565,15399
1682724,9350
1683115,10815
1683321,11467
1683459,11538
1683593,11914
1683725,10459
1683876,11063
1684020,10863
1684617,10577
1684770,10501
1684952,11298
1685113,9417
1686233,12949
1686402,13140
1686556,13152
1686728,13088
1686926,12832
1687088,11630
1687258,11872
1687426,11345
1687593,12627
1687764,12703
1687942,8577
1688120,8846
1688284,8133
1688450,8563
1688614,12610
1688781,8905
1691696,9701
1693157,10426
1693338,10493
1693512,9829
1693657,10982
1693793,10359
1693944,10752
1694063,10931
1694238,9855
1694371,7251
1696534,5163
1698285,7182
1703179,4483
1703357,7202
1703786,5319
1704181,6037
1704882,5844
1705547,4206
1705972,4158
1706062,5429
1706522,4368
1706639,4608
1706891,5759
1706927,6024
1707939,7726
1709549,5002
1712137,5553
1713141,3599
1713463,5078
1713654,4775
1713664,13258
1713770,8564
1714105,5349
1714945,5223
1715209,7946
1716300,6103
1716906,5152
1717770,5494
1717918,8445
1718075,5241
1719001,5043
1719473,6159
1719633,5658
1719683,6093
1719893,7900
1720052,4435
1720332,5133
1720444,4453
1720672,5212
1721258,6475
1721404,6498
1722910,7240
1723319,6070
1723360,9812
1723381,9695
1723480,8105
1723857,5458
1724075,4550
1724852,4271
1725941,4510
1726245,5978
1727264,5104
1730874,3860
1731007,6259
1731091,4909
1731265,5351
1731330,5447
1731449,5324
1733887,3707
1734275,3763
1734437,6593
1734579,5150
1735935,3971
1737662,4566
1738110,6990
1738185,5333
1738295,4765
1738739,4159
1739630,5692
1739674,6027
1740025,4382
1740222,5018
1740488,4398
1740643,5042
1740873,6479
1741162,7947
1741360,6439
1741589,7552
1741701,5909
1742402,6160
1742880,3355
1743238,6445
1743663,5328
1746730,4542
1747035,4960
1747837,3443
1748282,4351
1748722,6376
1749172,5019
1749382,4579
1749628,4129
1751323,4270
1751549,6645
1751687,6428
1751801,6495
1752064,4756
1752182,5332
1752393,5993
1752580,4992
1754497,4739
1755138,3937
1755380,6383
1755672,5330
1755724,3733
1755960,6087
1756150,4091
1756313,5093
1756591,4637
1756893,6166
1760001,4724
1761111,5665
1761265,7248
1761431,6162
1761587,6188
1761721,5672
1762012,4508
1762175,6298
1762317,5944
1764135,4425
1764775,6219
1764849,5502
1764882,7640
1765416,7181
1765581,5027
1765724,6853
1766607,6801
1766776,9275
1766876,9041
1766994,8101
1767132,7988
1767427,6626
1767618,8562
1767834,9736
1768093,8028
1768289,7617
1769928,5844
1770067,6130
1771176,4895
1772047,5365
1772623,5301
1772994,3672
1773349,4420
1773506,6073
1774070,4784
1774439,6262
1774842,4804
1778310,6260
1778333,5430
1778481,5927
1778701,4991
1778827,5805
1778904,7553
1779461,7722
1779717,7129
1779913,5713
1780206,8196
1780409,6206
1780557,9451
1784557,6319
1784721,5234
1785033,4855
1785636,7414
1785688,5252
1785745,4965
1785921,6373
1787292,3945
1787440,6275
1787571,6168
1787678,5652
1787864,6037
1788207,5706
1788269,5995
1788541,6469
1788695,6099
1789806,6626
1790169,4517
1790414,3879
1790757,6440
1791097,4593
1791669,4791
1791882,5510
1797548,4353
1797634,3582
1797973,8572
1798037,7061
1798341,8097
1798784,6146
1798906,6529
1799087,6195
1799290,4399
1799381,6239
1799473,6286
1799640,7575
1800010,6076
1800332,6076
1800457,6517
1800954,6075
1801295,5465
1801396,6844
1801488,5618
1802425,5623
1802628,6425
1802673,5045
1802844,4573
1803065,5396
1809458,7318
1809953,5966
1810523,4593
1810677,4411
1811083,4060
1811209,4070
1811311,3929
1811506,6027
1811886,4249
1812202,4781
1812238,6884
1812540,6746
1812593,5875
1812893,4418
1813614,5084
1814430,4911
1815486,4685
1816066,3901
1817748,5249
1817781,7233
1818036,5098
1818079,6788
1818956,5045
1819158,4767
1819467,8248
1820208,6111
1820534,6052
1820719,7323
1820937,6788
1821425,6666
1821891,6214
1822167,5808
1822426,5735
1823168,5247
1823685,6422
1825548,4915
1825712,5432
1826233,6269
1828364,6704
1828832,5966
1828968,4323
1829396,5851
1829690,5944
1829725,6457
1829994,8233
1830031,8376
1830187,8467
1830260,5877
1830759,7944
1831209,7298
1831324,6927
1831644,5416
1831659,6948
1833917,4641
1833983,5569
1834252,5086
1834380,9552
1834497,6296
1835048,6543
1835998,6084
1836252,7712
1836641,9751
1837057,9929
1837416,8356
1838350,15566
1838551,18674
1838775,16814
1838839,13132
1838957,7486
1840275,23128
1840471,16417
1840591,17384
1840793,17270
1840855,9332
1841150,9522
1841294,13380
1841849,16059
1842172,13864
1842316,15723
1842458,18470
1842596,11780
1843005,19191
1843213,12325
1843350,18536
1843480,10019
1844391,24886
1844537,23336
1844671,26086
1844803,25825
1844945,25597
1845063,21175
1845231,20700
1845386,20750
1845519,15839
1845658,16281
1845792,16782
1845857,16748
1845895,15744
1846041,22601
1846193,19773
1846433,18324
1846798,13419
1847210,13512
1848052,17986
1848202,22249
1848504,18406
1848687,18502
1848875,16120
1849053,13620
1849174,13590
1849427,20685
1849581,17526
1849746,18410
1849874,21099
1850007,21070
1850343,21566
1851046,20172
1853273,17684
1853636,17999
1854032,14945
1854503,17530
1854935,15439
1855764,22305
1856055,14964
1856328,11179
1857226,13070
1857337,13940
1858309,12721
1858664,13052
1858898,21010
1858950,19187
1860362,15208
1860861,21384
1861078,19277
1861897,18732
1862012,18482
1863102,17660
1863384,19171
1863797,17854
1863891,17026
1864050,16062
1864309,19723
1864462,16935
1864787,16958
1866333,15812
1866989,17123
1868114,14827
1868455,14619
1868800,14591
1869183,11032
1869574,13421
1869879,12979
1871308,12077
1875117,9087
1875293,8894
1875441,9083
1875911,7987
1876208,5710
1878114,5774
1878283,5338
1878625,5747
1878779,6296
1886235,5356
1886307,3964
1886448,4490
1886856,4457
1887004,4401
1887139,3976
1887468,6949
1887608,4504
1887866,3974
1887992,4983
1888098,5011
1888277,6096
1888610,4685
1888643,5614
1888778,5675
1889510,4189
1890421,4168
1891441,4222
1895148,4323
1896716,4211
1896952,4463
1897093,5960
1897364,6940
1897452,4522
1897627,5809
1897780,5492
1897933,4817
1898312,6273
1898767,5410
1899413,7901
1899563,5371
1899996,7311
1900231,7003
1900437,5340
1900527,6837
1902056,6806
1902200,8141
1902322,10791
1903249,7175
1903438,6320
1903682,5423
1904198,7103
1904451,8200
1905346,7680
1907898,5781
1908147,3425
1908547,8105
1908688,6077
1909140,4968
1909292,7371
1909415,6738
1909615,5743
1909737,6697
1909968,5625
1911629,4581
1912088,4631
1913220,3167
1913946,3808
1914126,4636
1914834,3654
1916697,3972
1917196,3417
1917219,4751
1917264,5706
1917294,5086
1917908,5052
1919684,5164
1920177,5101
1920463,5591
1920729,4261
1921474,4055
1922139,3315
1922996,3970
1923545,4914
1923593,4968
1923695,4712
1924402,3842
1924787,4273
1925481,4908
1925621,6533
1925864,4994
1926155,6164
1926294,5929
1926480,3756
1926898,4921
1929525,6778
1929545,5800
1929709,4519
1929850,5070
1930820,8110
1930897,6049
1930974,6561
1931560,5876
1931938,5697
1932917,4658
1934249,6027
1934676,6096
1934713,8943
1934756,6808
1934955,4020
1935745,5884
1935796,5409
1935864,5280
1937857,5053
1938558,3467
1939038,4191
1939465,4777
1939671,5767
1940068,6167
1940306,6698
1940359,5726
1940876,4655
1942034,5243
1942058,4698
1942840,4078
1944567,4331
1944658,6080
1944725,6068
1944902,4757
1947734,5733
1947753,4733
1947894,5065
1948340,4763
1948614,4283
1949352,4422
1949851,3554
1949869,4919
1950556,3786
1951224,6749
1951385,8038
1951506,5397
1951665,3924
1951718,3818
1951862,4866
1952090,6002
1952263,5408
1955199,4366
1955625,5080
1956011,3911
1956440,4938
1956571,5229
1957003,4857
1957565,4088
1957925,5126
1958461,6085
1958518,7533
1958606,5135
1960699,7970
1960759,6707
1960837,5964
1960913,5391
1960952,7780
1960970,7932
1961041,5707
1961377,6200
1961949,7093
1962193,6940
1962610,4569
1963986,5455
1965370,5294
1965752,4864
1967504,4598
1967806,4922
1968226,3579
1969615,3812
1969939,5203
1970327,6465
1970463,6571
1970584,6395
1970816,6122
1970997,5219
1971548,5763
1973600,6744
1973652,8233
1973855,7041
1974009,5296
1974137,7962
1974257,7272
1974405,7892
1974524,11254
1974673,11232
1975377,6504
1976069,7835
1976313,8805
1976604,6650
1977081,5414
1979190,4116
1979575,8445
1980114,4187
1980417,9350
1980579,7747
1980679,7781
1980908,7854
1981174,6915
1981361,9186
1981562,7492
1981710,6184
1981925,4814
1982129,6058
1982331,7290
1982559,7580
1986101,3949
1986395,4587
1986617,4557
1986851,5914
1986977,6038
1987205,6616
1987457,4206
1987636,7501
1990648,4924
1991414,12460
1991502,4937
1991630,12316
1991892,4693
1992530,5690
1992881,11143
1993057,5544
1993295,11079
1993394,10802
1996370,4411
1996576,7867
1996967,9014
1997601,4205
1997704,6950
1997773,8131
1998905,4026
1999084,6218
1999210,4686
1999332,6696
1999612,6796
2000044,6937
2000325,6782
2000602,6108
2001045,5458
2001878,5179
2001926,4395
2002417,4856
2002438,4783
2002766,6167
2003165,5974
2003370,4817
2008674,4474
2009016,4184
2009352,8776
2009398,5826
2009558,3691
2009690,5304
2009847,5491
2010222,5203
2010265,4791
2010480,5825
2010779,7974
2010926,7148
2011088,7263
2011197,6277
2011304,6042
2011410,9041
2011849,3839
2012179,5783
2012288,7267
2014090,7374
2014198,5804
2014328,6700
2015949,12891
2016692,14909
2017344,12565
2018901,8003
2019376,8526
2019546,8479
2020180,7927
2020673,8388
2021725,9363
2021884,4815
2021953,9772
2023101,10097
2023360,12646
2023463,11003
2023558,10862
2023637,7073
2023965,4649
2024224,4257
2024652,5857
2024827,13168
2024906,11734
2025046,12060
2025134,9817
2025253,4730
2025418,11477
2025510,11016
2025590,8486
2025954,5775
2026062,12406
2026138,7255
2026226,11558
2026348,11882
2026435,10732
2026531,12158
2033360,8405
2033552,8124
2033711,7155
2033874,4807
2034556,6306
2034739,5616
2034970,6516
2035379,6688
2035634,5763
2036107,8035
2036338,5131
2039267,5654
2039334,4316
2041163,7385
2041693,4290
2041829,4381
2042109,11450
2042225,10157
2042375,11790
2042452,18021
2042662,11599
2042742,11501
2043030,11008
2043151,9677
2043270,11562
2043423,11544
2043524,7402
2046523,13381
2046720,12077
2046861,10661
2047511,9000
2048009,8608
2048205,9895
2048381,18632
2048576,14911
2049055,16961
2049225,11904
2049408,10941
2049556,11694
2049697,10366
2049853,11339
2049988,9643
2050120,9368
2050269,13836
2050387,16409
2050518,14978
2050635,9572
2050914,12415
2051053,14002
2051881,12448
2052049,16137
2052215,17156
2052485,15939
2052655,13964
2052917,14511
2053081,23040
2053240,17948
2053397,23263
2053676,16862
2053872,19316
2055065,22851
2055235,15141
2055394,22686
2055551,20645
2055704,20873
2055988,19076
2056197,18476
2056350,18326
2056833,20224
2057353,19313
2059191,16289
2060775,14343
2060947,14766
2063361,11856
2063530,16192
2063749,14583
2064506,14050
2064674,14604
2064842,15044
2067272,12710
2067403,12267
2067990,9380
2068599,8883
2068783,8880
2068979,8800
2069254,11068
2069564,7466
2069855,6894
2071350,9111
2072248,7152
2073827,6765
2080930,5023
2081025,7173
2081105,5818
2081251,4489
2081393,4935
2081537,4929
2081691,4997
2081818,4267
2081963,5524
2082099,5045
2083459,4266
2083615,7601
2083732,7324
2083895,8895
2084063,5950
2084328,8195
2084490,6091
2084786,6216
2084959,6187
2088389,5225
2088423,4794
2088451,5551
2088754,5962
2088789,7691
2089235,7148
2089293,7139
2089335,11085
2089531,9650
2089650,7915
2089716,9374
2090370,5959
2090954,5190
2094775,7615
2094880,5775
2095051,8939
2095204,6975
2095362,5355
2095950,7839
2096107,7617
2097658,9926
2097804,4692
2098192,6159
2098338,6717
2098920,11567
2099354,12274
2099598,12094
2099741,10727
2099858,10760
2099995,10873
2100123,8986
2100239,9884
2101267,8718
2102212,5947
2102527,8186
2102695,9213
2102854,8818
2102992,7800
2103130,7798
2103272,8316
2103411,8311
2103547,8226
2103677,7017
2103826,8155
2104003,7754
2104145,4322
2107170,4391
2107332,3907
2107689,4879
2108183,5132
2108625,4940
2109192,4605
2114267,4191
2114478,6772
2114612,5401
2115008,6574
2115054,3881
2115691,5801
2115844,5510
2115895,4390
2117542,8487
2117617,4306
2118240,6216
2118411,5286
2118732,8428
2118865,5300
2119315,7645
2119480,4320
2119637,4112
2119871,3630
2120911,5779
2120989,9316
2121084,6269
2121980,5547
2122199,5805
2122391,6089
2124282,4110
2124910,5632
2125216,3935
2126197,5781
2126381,5442
2126527,5934
2126785,7386
2126997,5385
2127206,9533
2127446,6066
2127581,6149
2127713,9267
2127968,8269
2128001,8921
2128106,8308
2130957,3960
2131564,4519
2132383,3913
2133020,3743
2134271,4820
2134350,5293
2134512,6363
2134546,6665
2135094,4427
2136381,4143
2136796,4857
2137337,5086
2137377,5532
2137465,5804
2137545,5526
2138395,4593
2138595,4829
2141467,3726
2141533,6144
2141799,6971
2141841,4073
2141845,6886
2142015,10520
2142381,6291
2143911,8786
2146268,3900
2146537,4944
2146645,7515
2146971,4221
2147126,5468
2147195,7308
2147278,9793
2148433,5495
2148801,4373
2149476,7433
2149525,8159
2149565,8169
2149899,5203
2149976,4577
2150133,4217
2150301,5134
2150452,7020
2150492,4450
2150650,8239
2154963,6200
2155541,9829
2155691,7400
2155859,8017
2156069,9425
2156218,8209
2156451,6694
2157130,6164
2157271,6160
2157521,8331
2159009,6137
2159184,6538
2159329,5236
2159478,4776
2159684,5074
2159836,7014
2160009,6506
2160596,5608
2160984,4904
2161148,4868
2161747,5186
2161987,4349
2162747,6470
2162924,6476
2167303,3967
2167687,4521
2167816,11112
2167919,8299
2168047,8602
2168159,7699
2168449,10616
2168728,8758
2169047,10684
2169252,10414
2169426,11491
2169581,10032
2169799,9983
2171153,8744
2172330,11131
2172774,12822
2172863,10839
2173012,9530
2173156,13079
2173306,10450
2173446,12719
2173588,12114
2173703,12103
2173770,12129
2173805,13916
2174239,10892
2174407,10864
2174699,10355
2174878,12789
2175221,10302
2175261,13105
2175294,10129
2175327,16596
2175361,12949
2175393,12549
2175432,13032
2175463,11242
2175492,9728
2175522,9365
2175555,9155
2175626,13502
2178403,9487
2179092,9323
2184148,6231
2184418,5741
2186584,5738
2187100,5162
2187754,5212
2188029,5071
2188641,4976
2189174,4848
2189268,4900
2191987,6917
2193994,4685
2194188,5460
2194728,3975
2194897,7362
2194964,5294
2195121,4807
2195170,7470
2195315,5594
2195367,4512
2195436,5144
2195652,4876
2196144,4861
2196890,4798
2197709,5774
2198236,3944
2199064,3966
2199117,4445
2199343,4374
2199883,3887
2200805,3683
2201081,3835
2202062,4035
2202472,4173
2203980,4017
2205965,3787
2206016,4158
2206273,4307
2207169,4125
2207221,8126
2207301,3589
2207380,3508
2208037,3203
2208481,4757
2208668,3625
2208853,4088
2209629,8715
2209980,5522
2210150,10119
2210188,5632
2210934,9658
2211327,9113
2211481,7693
2213749,7678
2214010,4909
2214044,5869
2214376,6361
2214539,7196
2214691,7596
2214959,8362
2215152,6177
2215797,17356
2216642,5796
2217036,5847
2217335,11556
2217492,11983
2217610,7015
2217750,9160
2218017,15942
2218579,7678
2218721,12778
2218947,9265
2219129,12769
2219660,8085
2219697,9925
2220379,7315
2222132,10279
2223377,10165
2223621,10117
2223791,10319
2223827,14754
2225021,9728
2225181,11218
2225357,11931
2225505,11961
2225629,12371
2225779,10700
2225921,10808
2226080,9985
2226284,9150
2226411,7623
2226734,8285
2226939,7732
2227178,9624
2227333,7349
2227524,8659
2228234,8330
2228414,8210
2228627,8253
2228790,9263
2229088,7248
2229939,8164
2230286,10347
2230527,9965
2230775,9571
2231058,7154
2234219,5729
2237023,4817
2238565,3435
2241283,6922
2241608,6703
2241764,8370
2242059,5204
2242231,5379
2242370,16630
2242487,15191
2242629,4749
2242845,12448
2242984,10127
2243133,8928
2243289,8204
2243439,7945
2243577,6451
2243743,12389
2244909,13075
2245080,11622
2245241,11875
2245393,11524
2245543,11468
2245694,12798
2245865,12215
2246017,11544
2246168,12521
2246319,13329
2246477,12900
2246630,13430
2246781,10670
2246875,12896
2246940,20571
2246987,14283
2247031,14699
2247076,14346
2248898,11330
2249067,13681
2249225,15066
2249384,18915
2249549,10585
2249709,14253
2249867,14196
2251594,8938
2251759,8855
2252293,15752
2253278,9618
2253461,20415
2253880,11732
2254231,11560
2254301,13085
2254915,9753
2255100,9465
2255409,8503
2262999,9762
2263167,9160
2263332,6864
2263500,6792
2263663,6443
2264123,12989
2264400,11704
2264767,10008
2264941,12897
2265106,18428
2265271,12666
2265449,12104
2265935,18720
2266072,17801
2266119,20642
2266236,18896
2266286,22551
2266395,13716
2266553,16627
2266661,12639
2266716,14189
2266890,15534
2267277,11261
2267598,15757
2267710,27163
2267762,27798
2267887,23728
2268120,27004
2268284,27064
2268438,26635
2268676,26933
2268780,29740
2269007,28541
2269256,15906
2269659,25581
2269834,25112
2270014,21486
2270723,20489
2270880,18077
2270935,21502
2270991,23367
2271171,22814
2271311,20087
2271497,18876
2271665,14696
2271918,19430
2272431,14184
2272614,18256
2273162,17486
2273429,8789
2273469,22945
2274861,16928
2276506,13030
2276692,12986
2276920,10151
2277231,12551
2277407,12054
2279204,18948
2279395,16622
2279465,16221
2279556,17776
2279649,17381
2280364,16373
2280996,16276
2281233,17257
2282784,12993
2282992,6610
2283764,15033
2284883,8723
2285309,9878
2285618,13950
2286021,17341
2286883,12739
2287070,16272
2288329,12221
2290966,12097
2292540,10130
2292788,10635
2294039,6563
2298651,6398
2298841,6260
2299011,6154
2299160,6095
2299392,7049
2299527,7028
2299647,5351
2299776,5566
2299874,5543
2300152,6045
2300371,5275
2307443,8250
2307905,6060
2307936,5502
2308192,7310
2308287,8634
2308475,7811
2308678,6765
2308762,8892
2308929,8485
2308946,7522
2309043,7660
2309298,8302
2309588,10086
2309738,8929
2310028,9658
2310224,9742
2310405,8662
2310419,9762
2310767,8193
2311166,11190
2311504,6244
2311759,4941
2314304,7871
2314871,7724
2315029,10547
2315769,7338
2315797,4538
2317081,9073
2317708,5598
2320470,8305
2320620,4690
2320636,7918
2321453,7448
2321571,7635
2321614,10792
2321876,10310
2322010,8976
2322192,8965
2322352,8870
2322962,7264
2323113,7569
2323256,7530
2323376,6350
2323956,4085
2324116,5808
2324315,5122
2325356,9677
2326608,7531
2327068,7112
2327221,5309
2327343,7435
2327456,5862
2327586,6119
2328583,5206
2331211,5508
2332226,9555
2332902,4436
2333464,4169
2333734,5742
2333996,7662
2335073,6653
2335106,5984
2335415,6752
2335698,6322
2335804,5445
2337873,6321
2338025,6399
2338252,8699
2338446,7835
2338533,7229
2339012,8969
2339337,10096
2339412,9960
2339587,8837
2339739,6781
2340034,9118
2340550,8410
2341598,8360
2341835,7433
2342831,7597
2342990,8423
2343114,6523
2343274,8258
2343433,7184
2344355,6972
2344521,9183
2344762,7757
2345265,5417
2345999,5023
2346322,6255
2346752,7363
2346794,8337
2346882,5335
2347040,5627
2347448,4515
2348110,5541
2351731,3590
2352643,10962
2352755,4230
2353032,5011
2353482,9962
2353728,4201
2356335,6344
2356508,7326
2356669,7312
2357011,7851
2357330,7075
2357514,6904
2357699,5140
2358270,6353
2358933,6499
2359412,5670
2359741,3878
2359879,5756
2360538,5161
2360896,5696
2361080,7173
2361137,3741
2361342,3862
2361716,6397
2361892,4137
2362175,4359
2362793,3734
2363748,4160
2366727,4391
2366772,4628
2367029,3602
2368897,4411
2368989,4753
2369524,3840
2369561,6323
2369740,6899
2371448,3253
2371853,4834
2371947,4172
2372198,7441
2372348,4011
2373000,5270
2373394,5651
2373581,6402
2374070,4918
2374431,5604
2374643,4910
2374801,4615
2375803,4142
2376628,4397
2376728,5321
2377095,10542
2377306,3784
2377674,10855
2377731,4822
2377856,5574
2378008,5997
2378314,5912
2378456,5940
2380596,7991
2380854,6089
2381136,6374
2381355,5189
2382675,4317
2385047,5243
2385071,3931
2385258,6811
2385353,6536
2385410,6497
2385772,7796
2385879,6914
2386005,6485
2386121,7034
2387036,5981
2387091,6184
2387265,5617
2388621,3837
2389740,4417
2389783,5567
2389966,5195
2390582,4958
2393758,3899
2394259,5729
2394351,4833
2394408,5489
2394508,9146
2394605,5222
2395078,5536
2395472,10909
2395613,7377
2396608,8991
2399068,6297
2399134,7173
2399257,8040
2399420,7864
2399747,7428
2400172,8204
2400302,5706
2400699,7620
2400734,7154
2400976,5357
2401273,6828
2401477,6567
2401973,5784
2402127,5475
2402398,5232
2402574,7197
2402801,5674
2402989,5437
2403256,5438
2403554,5305
2408919,3798
2408978,3661
2409345,3823
2409650,4575
2410433,4588
2411343,5208
2411471,5913
2411658,4653
2412870,6703
2413462,5190
2413606,4879
2413731,5923
2414052,5206
2414262,6296
2414406,8486
2414575,6763
2414712,9970
2415081,5937
2415277,5649
2415935,9145
2416116,6477
2416795,7830
2417578,5306
2418348,6327
2418985,5787
2420550,4511
2420711,6978
2421039,5697
2421439,6637
2421573,6450
2421741,5238
2422087,9247
2422402,7684
2422922,6374
2423383,8002
2423688,10527
2423749,9449
2423783,6305
2424716,10734
2424805,11378
2426531,9600
2426722,9355
2427041,6900
2427903,7091
2428106,6344
2428150,7093
2431655,3676
2431684,3934
2431868,5447
2432174,4523
2432210,6317
2432366,5066
2432567,5035
2432932,6033
2433257,7006
2433704,7747
2435557,3867
2436352,3682
2436540,7300
2436744,7030
2436954,5215
2437339,6988
2437482,6996
2437749,6737
2437886,6365
2438274,5761
2438417,6697
2439049,5044
2441252,4894
2441336,6764
2441410,4774
2441574,6760
2441716,6785
2441863,6459
2442141,4998
2446857,6459
2449387,10583
2449856,6744
2449935,6998
2450117,8604
2450274,5937
2450430,5835
2450459,5086
2450582,5788
2450732,6253
2450904,14793
2451064,13317
2451217,14088
2451365,20540
2451515,17370
2452163,18677
2452342,12550
2452499,12248
2452656,15659
2452815,14071
2452895,17886
2452984,15460
2453053,15184
2453148,20081
2453214,15158
2453368,16760
2453545,16960
2453881,10758
2454036,14071
2454197,13725
2455410,14324
2457370,11339
2457799,11411
2458377,8275
2458415,12146
2458447,12617
2458484,13916
2458513,12025
2458542,12054
2458572,21850
2458607,11599
2459896,8607
2460048,10306
2460199,12567
2461288,17851
2461426,22445
2461941,19939
2462085,17625
2462853,21638
2462925,25344
2463170,17090
2463441,31307
2463636,28010
2463872,23388
2463931,23276
2463981,17377
2464027,18426
2464079,29767
2464154,30400
2464206,30093
2465241,18136
2466370,14255
2467438,11552
2467719,11747
2469378,24821
2469908,24341
2472460,15905
2473893,16869
2473982,15943
2474125,16322
2474262,18531
2474393,18498
2474538,19608
2474655,18903
2474830,14067
2475347,10633
2475491,12338
2475627,13404
2475777,16164
2475834,13727
2475978,14038
2476846,13441
2477002,13543
2477225,16265
2477368,20977
2477502,24168
2477560,20442
2477795,22455
2477933,24697
2478074,24994
2478345,6281
2479731,16463
2480712,18208
2481198,17899
2481987,13261
2482230,16339
2482602,23287
2482875,16239
2483966,20412
2484116,15492
2484194,14566
2484782,14630
2484871,11434
2485253,10862
2486129,15805
2486526,20465
2487440,16827
2487583,20310
2487613,19855
2488109,18056
2488745,15054
2489112,17276
2489389,14807
2490722,14179
2491790,13929
2492041,12313
2492974,13090
2493587,12429
2495569,12308
2495788,17150
2496362,12110
2496507,11616
2496660,12014
2496781,9458
2497038,12419
2498274,11233
2498598,14402
2499530,8398
2500726,13843
2500770,13199
2500818,14349
2500846,15695
2500876,15850
2500913,14700
2501701,13852
2502385,16284
2506620,9361
2506791,10281
2507690,7653
2507959,10783
2508172,10770
2508396,12421
2508519,10267
2508716,12316
2508894,12189
2509059,12076
2509207,6683
2511856,15495
2512075,18004
2512117,16773
2512136,15321
2512154,14780
2512207,14790
2512226,18028
2512244,18242
2513025,9616
2513202,10739
2513341,16634
2513572,16591
2513881,16059
2513982,12315
2518612,9478
2518793,11852
2519129,8128
2519619,14942
2519889,10509
2520068,15382
2520247,13990
2520391,16122
2520534,16288
2520651,16349
2520866,21245
2521161,15720
2521305,16626
2521453,15789
2522118,16196
2522386,22405
2522671,22238
2523128,22070
2523322,22311
2523566,24319
2523602,21907
2523652,23662
2524724,23259
2524938,23153
2525085,23091
2525217,24105
2525374,21194
2525518,24534
2525661,24487
2525777,24702
2525989,24396
2526139,15937
2526512,17977
2526729,15856
2527031,15756
2527857,15235
2528007,16329
2528140,15353
2528273,22603
2528686,16712
2528859,18348
2529015,18619
2529133,18296
2529314,18207
2531880,18646
2532283,18490
2532347,18201
2532450,19201
2532602,19157
2532790,20979
2532864,18708
2533046,17597
2533495,19897
2533635,16004
2534397,15066
2534705,9178
2536328,13491
2536654,14066
2537341,14503
2537529,18720
2537718,13978
2538098,14120
2538196,14691
2540102,12894
2542253,15324
2542420,15915
2542840,14817
2543191,14138
2543350,11862
2543646,14296
2544039,12827
2544574,12492
2544997,11595
2545753,14194
2546874,12682
2547041,12696
2548630,11437
2548918,10294
2549081,10050
2550850,8617
2557288,9586
2557502,6396
2557844,7082
2557869,11484
2557888,6400
2558069,8467
2558444,5974
2558609,6340
2558727,7479
2560963,12611
2561054,18051
2561087,15946
2561121,19209
2561140,18740
2561182,12866
2561231,15031
2562081,5537
2562397,9261
2562572,7211
2562593,11176
2562764,13548
2563194,12910
2563372,10093
2563731,5852
2563875,8254
2566013,10939
2567447,16705
2567611,17394
2567777,14241
2567971,14147
2568308,13653
2568483,14680
2568615,13811
2568748,12173
2569072,13432
2569198,12927
2571304,11849
2571494,14905
2571748,11503
2571921,11727
2572078,11124
2572235,10719
2572399,9951
2572551,10453
2572714,9202
2573111,8943
2573259,15698
2574150,12512
2575923,13120
2577108,11717
2577950,13397
2578104,13478
2578280,15448
2578418,13836
2578548,15970
2578685,17374
2579049,13522
2579191,13077
2579322,12827
2579451,12761
2579639,5981
2580496,11585
2580639,6071
2580772,13300
2581035,12109
2581186,11903
2581320,10092
2581453,11987
2587116,7451
2587274,7791
2587427,6704
2587648,6859
2587858,6585
2588161,5892
2588381,8084
2588502,5120
2588636,7619
2589593,10081
2589853,8608
2589889,9106
2589927,8797
2589982,8796
2591121,7754
2596124,6742
2597019,5756
2597600,7126
2597784,6297
2598897,4998
2599293,7359
2599341,6909
2599758,6943
2599889,6987
2600037,7010
2600098,8211
2600159,6375
2600272,6064
2603357,4248
2603870,4340
2604869,5009
2608858,11154
2609268,9625
2609511,10708
2609698,10205
2610101,6677
2610292,11123
2610448,9693
2610633,5258
2610787,5596
2610979,10498
2611099,14411
2611237,12648
2611391,14064
2611545,12401
2611676,13590
2611793,18305
2611883,17077
2612106,13921
2612277,13939
2612435,17265
2612608,17794
2612772,20185
2612899,17744
2613250,12516
2613411,14527
2613544,12815
2613698,12848
2614159,18850
2614278,15492
2614427,17628
2614545,15493
2614672,15501
2614917,16252
2615070,17825
2615294,16648
2615417,13895
2615553,12458
2615716,12888
2615928,13011
2616077,13008
2616221,11298
2616447,10450
2616636,10560
2617564,14100
2617730,11820
2618002,13487
2618197,13721
2618361,13709
2618516,12777
2618674,12344
2618856,8862
2619025,9122
2619182,9283
2619430,10106
2625347,8337
2627133,6452
2631847,4135
2632084,3528
2634355,4808
2634615,3662
2634759,6696
2635114,6027
2635159,5485
2635340,4793
2635414,5676
2635541,7469
2636085,4849
2636148,6161
2636170,4665
2639337,3919
2641203,3906
2641617,3933
2642457,4510
2642511,5247
2643060,4937
2643455,4453
2643553,4677
2644223,6844
2644455,7566
2645183,7514
2645702,5211
2645736,6027
2646309,8838
2646411,5756
2646598,8842
2646640,7449
2646889,7127
2647267,7032
2648173,4581
2648601,7813
2648692,3914
2648843,7635
2649358,6660
2649626,6450
2649778,6331
2652795,5198
2652872,4886
2652979,4406
2653087,5991
2653244,6670
2653618,5881
2653854,7792
2658201,4757
2658353,3650
2658580,4676
2659598,5479
2659669,5288
2660267,4820
2660628,5282
2661307,5091
2661851,5710
2662155,7106
2662591,6884
2662629,6755
2662666,9571
2663168,8857
2663441,10474
2663559,10595
2663960,7097
2666796,5097
2666894,9265
2666938,6670
2666993,6508
2667358,7957
2667547,7951
2667649,9111
2667749,6821
2667887,6191
2668275,5596
2668328,6568
2668532,9023
2669868,7833
2669924,6491
2669963,7339
2670007,8751
2670050,10877
2670069,10047
2670099,10962
2674334,5709
2674954,5529
2675986,5370
2676199,4766
2676789,6559
2676891,6027
2677128,7099
2677326,7380
2677501,6826
2677623,4788
2681277,4944
2681314,4437
2681486,4575
2681699,4591
2682070,4682
2682442,4071
2682951,3657
2683410,4090
2683457,5682
2684002,4460
2684267,4897
2687777,5398
2689279,5226
2689296,4102
2689596,7571
2689651,5824
2689791,4936
2689934,7183
2690483,4730
2690539,4506
2690921,4762
2691330,5683
2691404,5668
2692096,5851
2692125,9786
2693520,5354
2695269,6747
2695356,6757
2695529,5991
2695585,5693
2695839,6225
2695988,7092
2696189,5777
2697988,4047
2698438,4443
2698605,4542
2699532,5362
2699561,6239
2699722,4613
2700568,4836
2700987,4042
2701348,5015
2703206,3946
2703652,4841
2703925,5703
2704145,5881
2704428,4968
2704858,5320
2705054,5184
2705198,4900
2706666,5040
2706858,4177
2706990,4762
2707188,4451
2707442,6466
2707618,5759
2707757,5143
2707913,9656
2707980,7186
2710366,6037
2710870,6373
2711019,12120
2711177,11529
2711413,7449
2711889,11068
2713015,5126
2713170,8035
2714475,7029
2715216,7945
2715259,11688
2715293,12437
2715326,11777
2715356,8986
2715638,11249
2715652,7116
2715665,7841
2715741,8217
2715788,9759
2716051,13629
2717877,8260
2717958,9049
2718171,8404
2718245,9114
2718528,7769
2719073,6534
2720982,5786
2721663,8423
2722241,7245
2722495,6658
2723359,6013
2723548,6174
2723903,5732
2724925,5530
2725197,5391
2726120,7093
2727165,4871
2727594,4951
2730747,4226
2731500,3720
2732064,5928
2732316,4114
2732767,5220
2733674,6712
2733796,5715
2734033,6960
2734688,4935
2734914,4842
2735125,4320
2735308,5934
2735431,6874
2735591,6396
2735729,5854
2735844,5583
2736469,5958
2736638,5160
2736768,7753
2736926,6962
2737094,5928
2737272,4906
2738024,6072
2738150,7035
2738264,5807
2738457,5060
2738857,6275
2742859,4591
2743034,4332
2743317,5052
2744136,6303
2744206,3779
2744911,3761
2745457,4263
2745725,4982
2746842,3435
2747031,6872
2747448,5283
2747484,6759
2747564,6155
2751630,6037
2751652,4034
2751788,4977
2751939,7935
2752034,5558
2752174,7600
2752318,6240
2752464,5849
2753059,7323
2753166,7366
2753732,5726
2753884,6208
2754027,7098
2754872,6424
2755022,6978
2755456,6829
2756406,5486
2757405,4984
2757447,5707
2757679,5948
2757859,6027
2758014,7711
2758151,5100
2758710,4781
2759103,5861
2759764,6466
2759912,5486
2760762,5878
2762466,4799
2762931,6680
2763092,5245
2763399,5180
2763545,6768
2763630,4299
2764505,4186
2764873,5284
2765786,4622
2766031,4456
2766437,5444
2766889,5230
2768802,6089
2769119,5397
2769174,5486
2769546,5162
2772415,3564
2772576,5847
2772780,5696
2773250,3656
2776279,4064
2776631,6307
2777251,4643
2777491,5504
2777633,5603
2777829,8793
2777971,9350
2778088,8781
2778259,10199
2778487,8524
2778624,7381
2778762,13752
2778889,7830
2779024,11320
2779207,12337
2779356,12371
2779493,13310
2779625,13499
2779777,12788
2779982,16094
2780183,14437
2780391,12604
2780539,11489
2780657,11235
2780899,15692
2781037,15684
2781180,13388
2781300,10574
2781433,10686
2781567,11041
2781710,12750
2781928,14587
2782764,14742
2782971,9787
2783078,9809
2783271,14044
2783456,13964
2784360,10840
2784849,12260
2785553,11991
2785941,9646
2786082,12660
2788033,9601
2788533,9260
2788680,6665
2788855,8620
2789034,8670
2789165,8205
2789296,9677
2790387,9244
2790473,8448
2794281,5011
2797106,6361
2798257,4041
2800260,4030
2800340,3366
2800547,3954
2800886,3773
2800945,4369
2801160,4907
2801425,5690
2801464,4758
2804013,4377
2806008,3642
2807285,4058
2807375,5343
2807527,6442
2807643,5008
2807752,5503
2807917,5805
2808549,4882
2808690,4893
2808876,4533
2809782,4240
2809975,4635
2810149,4784
2810521,3548
2810700,5554
2811056,6850
2811181,6774
2811653,6017
2811753,7179
2811798,7166
2812125,4551
2815905,3663
2816832,7551
2816940,7258
2817384,4606
2817466,7142
2819052,3530
2819268,6924
2819636,5397
2819716,3871
2819954,7416
2820182,7446
2820469,6955
2820587,7145
2820723,6395
2820938,5368
2821060,4370
2821344,5562
2823648,5813
2824645,3872
2824875,4383
2825681,4733
2825824,4981
2826133,4332
2826723,5508
2826887,4896
2827436,4981
2829878,3412
2830206,4166
2830496,4898
2830694,4802
2831068,4379
2831185,5870
2832986,4558
2833287,4685
2833378,4635
2833898,5888
2834044,7712
2834176,6372
2834395,8121
2834546,5923
2834671,8626
2834856,9200
2834989,9876
2835128,7072
2837187,6796
2837356,8240
2837603,7291
2837748,9267
2838999,9882
2839270,7838
2839412,10752
2839567,8508
2839856,8854
2840035,11355
2840299,11212
2840875,11171
2841070,9619
2841507,7643
2841645,7566
2841786,8726
2841931,9396
2842055,6479
2842278,7172
2844790,6654
2844978,6580
2845120,5144
2845359,6134
2847654,5405
2848027,6469
2848158,5316
2848311,6344
2851175,5421
2851338,5510
2851457,4875
2852058,3514
2852260,4470
2852886,6571
2853087,6259
2853224,6181
2854219,4698
2856320,6624
2856460,4929
2856887,4362
2856979,6104
2857092,5842
2857300,5771
2857685,7384
2858091,5218
2860321,7581
2860343,7376
2860535,5549
2860757,5034
2860883,6304
2861027,6553
2861157,7573
2861457,7183
2861540,7733
2862625,5700
2864069,4580
2864289,5838
2864478,5183
2864625,6373
2864791,7876
2865025,4901
2866116,5763
2866136,4248
2867581,7296
2867970,6157
2868161,9242
2868358,13679
2868491,14053
2868674,14454
2868849,9433
2869001,12870
2869119,12274
2869307,6432
2869441,9799
2871131,8741
2871326,10762
2871475,22139
2871616,12712
2871734,14602
2871899,15004
2872038,13029
2872155,16014
2872283,11886
2872398,12525
2873186,11730
2873407,6279
2873587,17112
2873753,11786
2873851,19313
2873968,13914
2874183,11921
2874406,14016
2874524,9130
2874648,14240
2874790,14713
2875285,20663
2875485,20406
2875655,20447
2875861,22439
2876875,16520
2877029,12907
2878500,12948
2878655,7556
2878980,15958
2879448,18385
2882281,11399
2882433,11083
2882926,14526
2885376,8250
2885537,8034
2885698,7762
2885921,8407
2886303,9765
2886442,13224
2886575,7435
2886711,14887
2887212,17386
2887561,20498
2888455,18741
2888660,17459
2888866,17438
2889026,17539
2889183,17031
2889338,18741
2889544,21173
2889698,21499
2890663,20268
2890880,19649
2891047,18113
2891256,14979
2891332,19892
2891376,19273
2891413,18129
2891993,20967
2892151,16466
2892299,16017
2892766,13660
2892951,17626
2892991,17229
2894565,18663
2894713,17480
2895045,16369
2895187,16091
2896528,15196
2897000,14768
2897506,14411
2897694,14447
2897974,17962
2898131,18243
2898249,18177
2898413,16558
2898533,15244
2898917,15178
2899768,12716
2899971,15521
2900173,12363
2900884,14751
2900909,14457
2901162,11455
2901435,12480
2901628,12385
2901747,14253
2901835,10943
2901980,14447
2902300,9227
2903722,10429
2905995,9317
2916394,3489
2916439,4492
2916679,4240
2918534,3997
2918550,3744
2918710,11318
2919199,4065
2919237,5294
2919266,10427
2919304,6637
2919350,7341
2923042,5260
2923430,8489
2923644,8028
2923762,8033
2923843,7579
2923875,8261
2923906,8434
2923936,8303
2923972,21093
2923999,24525
2926165,13339
2926339,8269
2926508,11017
2926769,10843
2926955,11084
2927127,11012
2927299,10693
2927465,10431
2927629,10098
2927794,12149
2927973,20005
2928138,14122
2928301,15301
2928473,20188
2928639,17975
2928818,20244
2928987,16795
2929152,18745
2929315,13636
2929491,18541
2929791,18524
2929975,11934
2930154,15962
2930328,11367
2930508,11652
2930682,11315
2931234,13405
2932887,15715
2933049,16244
2933198,15014
2933355,18218
2933516,20214
2933667,17931
2933902,19765
2934056,17318
2934243,16509
2934399,16859
2935207,15133
2935352,14636
2935516,16924
2935830,16078
2935955,16640
2936113,17134
2936272,16220
2936434,15654
2936863,15322
2937036,15855
2937200,17076
2937358,14924
2938473,14363
2938641,15294
2938794,12856
2938935,14418
2939126,12184
2939277,11821
2939663,13940
2941163,12715
2941324,7558
2950727,7022
2950995,5768
2952871,5301
2956123,4018
2956324,4212
2956892,7618
2956940,7739
2957099,7457
2957125,8067
2957220,5753
2957399,5107
2957887,6052
2957928,5888
2958040,8373
2958150,9151
2958356,5099
2958497,8217
2961695,6289
2961726,5036
2962383,10981
2962667,9908
2963001,7396
2963145,12962
2963280,8681
2963764,8463
2963975,13343
2964110,12564
2965427,11572
2965667,9214
2966011,10555
2966159,11027
2966385,8655
2966553,10573
2966788,8973
2966877,10513
2967108,9852
2967241,8422
2967572,9654
2967721,11202
2968232,11174
2968376,10287
2968509,10466
2968653,10700
2969133,8743
2969288,8657
2969426,10473
2969730,7928
2972773,6298
2974799,4115
2976090,3224
2977530,6192
2977691,7609
2977923,6284
2978050,6555
2980519,6223
2982570,3728
2982591,3941
2982871,5119
2983023,4865
2983384,5942
2983662,5601
2984287,4599
2984788,5179
2984952,4604
2985332,4348
2986775,4909
2987038,5436
2987074,3559
2987610,4632
2987803,6337
2987849,4033
2987997,4470
2988719,5335
2990883,6329
2991038,3364
2991963,7109
2993009,6855
2993329,3938
2993683,7182
2993711,6374
2994554,6434
2994587,6475
2994732,6722
2994846,7235
2994871,7897
2994903,7842
2994922,8833
2994953,7980
2996459,5457
2996622,7301
2996786,6733
2996885,7593
2997210,6162
2998015,8862
2998062,8636
2998433,9087
2998474,10658
2999444,5126
3000130,9087
3001098,8292
3001371,3993
3005460,4428
3005635,4772
3005763,8625
3005899,5150
3006042,4794
3006193,8914
3006324,9064
3006465,7991
3006821,7688
3006959,7239
3008033,7270
3008279,6936
3008432,8580
3008698,8819
3008837,6191
3011694,5573
3012206,8332
3012343,9530
3012506,7693
3012679,7399
3013072,10827
3013201,5776
3013342,4723
3013500,5611
3013654,8950
3014028,8003
3014234,7740
3014540,7386
3014860,6239
3015449,8476
3015511,8946
3015638,7213
3015765,6349
3018220,6283
3018369,4633
3018646,5705
3018928,5728
3020240,3881
3021059,3952
3021486,3781
3023053,5374
3023318,5197
3025737,4272
3026130,5443
3026270,11363
3026459,8217
3026599,11493
3026751,9129
3026876,5363
3027013,10366
3027213,11100
3027837,5206
3027986,11162
3028118,8425
3028263,8380
3028440,7991
3029926,6943
3030104,8884
3030265,6703
3030419,6326
3030577,14560
3030727,7929
3030894,12770
3031048,13875
3031201,12228
3031363,12191
3032030,7295
3032319,9675
3032890,8763
3033059,9180
3033214,10163
3034260,10431
3034312,11218
3034530,11049
3034574,10806
3034613,10091
3034836,9090
3034995,8981
3035154,10051
3035310,6872
3035462,10563
3035621,8940
3035776,9705
3035949,10025
3036104,7051
3036258,9175
3042916,4000
3043694,4231
3044193,6021
3045029,5383
3047050,4305
3047077,4475
3047207,3968
3047346,4259
3047496,3566
3047658,4578
3048956,5072
3049235,4850
3052521,5707
3052620,7290
3052663,5844
3052854,5259
3053021,5427
3054148,5477
3054276,5205
3054433,5650
3054569,7343
3054777,5845
3054930,7498
3055043,5675
3055066,5831
3055160,6161
3055449,7302
3055473,6446
3055506,7193
3055543,10537
3055562,8718
3055591,10364
3055635,11364
3055724,4907
3062924,6880
3062992,5032
3063006,4820
3063068,5903
3063317,6916
3063606,6710
3063727,6366
3063858,5689
3064080,6652
3064434,5740
3064876,6902
3066102,4815
3066877,4503
3067329,4736
3067642,11782
3067986,11657
3068226,4488
3068458,11077
3069983,11072
3070363,6566
3070550,9823
3071574,8416
3071909,7943
3072051,7697
3072106,16288
3072945,5297
3072984,7101
3073135,7139
3073286,11214
3073425,10165
3073541,6638
3073655,11127
3073803,13808
3074270,13439
3076088,13138
3076314,12341
3076482,10997
3076646,14283
3076799,11800
3076875,14793
3077028,16617
3077188,15743
3077346,16204
3077503,15594
3077658,11314
3077908,20057
3078061,20466
3078212,18018
3078439,18057
3078603,11541
3078755,11157
3078917,11410
3079076,17252
3079256,16147
3080681,13786
3080878,19453
3081643,21397
3081821,20677
3081864,17698
3081986,12728
3082137,19140
3082288,20891
3082441,18633
3082599,19292
3082608,18157
3082758,19249
3082890,20653
3083057,20631
3083222,39176
3083381,38513
3083742,16721
3083919,41032
3083977,18762
3084201,19706
3084655,15429
3085113,17245
3085119,13935
3085925,38112
3086228,34986
3086496,26723
3087141,33367
3088781,25450
3089308,28098
3089588,13750
3090646,16384
3091065,22204
3091977,20817
3092708,18545
3093774,17520
3093872,19295
3094037,16166
3095017,15397
3095244,25853
3095610,17092
3095713,18161
3096634,27262
3096878,22695
3097024,23956
3097138,16555
3097213,21021
3097383,23661
3097905,26063
3098698,20040
3098886,20128
3099096,22299
3099478,23905
3099649,18425
3101029,17405
3101535,23478
3101839,17050
3102187,22480
3102607,20293
3102685,9877
3103900,9213
3104118,8900
3104299,13562
3104487,10663
3104769,11764
3104992,12934
3105586,13658
3105702,15212
3105839,18767
3107208,16812
3107914,18475
3108177,12987
3108701,20706
3110633,15544
3112520,15758
3112903,15621
3113533,15226
3114859,13759
3115115,15093
3115264,15957
3115408,13952
3115548,11458
3115932,10984
3116102,12471
3116238,13811
3116396,13210
3116550,13550
3116670,12873
3116910,12953
3117276,10580
3118967,12918
3119451,14745
3119669,10104
3120676,13617
3121661,8834
3121954,13240
3122258,8187
3122507,8945
3122747,13660
3124417,10041
3124709,11861
3125482,11322
3132247,3439
3132683,4533
3134226,10070
3134426,5544
3134579,8357
3134704,6254
3135000,6921
3137714,12187
3137737,5329
3137943,8018
3138109,7401
3138259,7474
3138414,10121
3138565,8460
3138715,8192
3138760,18121
3138873,6750
3138971,20038
3139025,17019
3139071,14415
3139114,15883
3139176,20023
3139221,7883
3140863,15304
3141023,8830
3141173,10131
3141345,8676
3141512,16709
3142610,24308
3142778,25140
3142894,15786
3143150,24716
3143207,21577
3143246,21834
3143285,21898
3143330,21964
3143373,20698
3143420,20903
3143463,15656
3143622,14557
3143774,19941
3143976,19218
3144140,18944
3144304,18067
3144470,15227
3144629,14649
3144793,18871
3144974,23054
3145131,22848
3147347,19946
3147584,15359
3147798,19558
3148139,18969
3148347,19057
3148388,15501
3148408,18463
3148428,12114
3149925,17120
3150967,9781
3151406,16747
3151691,11889
3152192,11238
3152361,10932
3152650,14582
3152798,14184
3153915,13256
3154130,13973
3154265,14081
3154381,13917
3154669,16844
3155015,13235
3157078,13099
3157278,10924
3157536,11648
3157708,6165
3164390,4932
3164558,5521
3164916,5343
3171361,4923
3171543,6169
3171701,6040
3171874,4912
3172332,5360
3172467,7765
3172545,8132
3172587,7102
3172606,6673
3172708,4573
3173373,6023
3173532,5974
3173668,7158
3173794,5659
3173906,5650
3174061,11735
3174201,5131
3174612,4148
3175228,9782
3176299,8220
3176430,8111
3177493,7450
3177559,8017
3181172,4976
3181700,5022
3182283,5683
3182581,6638
3182752,8107
3182773,8407
3182874,5755
3182894,7377
3182960,6511
3183943,7762
3188180,5411
3188237,4560
3188704,6690
3189424,5829
3190392,3821
3190552,4593
3190978,4474
3191595,5990
3191905,4117
3192064,5466
3192632,5252
3192647,6026
3192842,8694
3193028,5243
3193980,7405
3194167,5972
3194648,6911
3195378,6760
3196182,6080
3196362,7274
3196542,7348
3196906,8673
3197041,8366
3197211,8251
3197362,8154
3197626,8049
3197749,10011
3197899,8039
3198120,8192
3198281,7979
3198419,9949
3198457,6023
3198544,9514
3198995,7440
3200283,7589
3202041,5621
3202223,7451
3202396,7681
3202523,5195
3203438,6153
3203805,8708
3204304,5074
3204896,8109
3206011,7368
3206156,6992
3206325,4693
3206940,3364
3207484,6193
3208197,10052
3208448,9150
3208750,8317
3208971,3665
3209981,8179
3211069,6147
3211088,5696
3214450,6599
3214946,7834
3215065,8809
3215241,11375
3215411,6816
3215575,5899
3215728,5221
3215902,11504
3216064,11242
3216227,10735
3216421,10345
3216583,10528
3216742,4965
3216897,4476
3219289,7915
3219535,15893
3219678,14713
3223195,13146
3223369,5789
3223541,16591
3223698,5551
3223953,4355
3224121,5341
3224281,6026
3224436,4905
3224598,8317
3224751,17165
3224909,14983
3225322,12449
3225379,13610
3225509,13971
3225716,14305
3225959,19112
3226094,6918
3229038,15176
3229358,16128
3229920,14508
3230098,14790
3230279,4724
3230501,14059
3231235,9033
3231432,13006
3231620,9623
3231906,13504
3232465,12340
3232640,12745
3232873,11815
3233140,15815
3234200,17759
3234258,16874
3234494,11494
3234900,10705
3235510,11365
3235691,10588
3235877,9901
3236052,10447
3236432,10271
3236612,10726
3236931,10806
3237119,12951
3237308,9788
3237561,11255
3237755,13361
3240226,7681
3240886,9660
3241070,9441
3241246,9541
3241418,6891
3241607,9695
3242495,8904
3242851,11232
3243268,8597
3248644,5377
3252099,4684
3252257,8795
3252378,5408
3252533,5676
3252668,5601
3252850,5266
3253039,8576
3253283,9294
3253425,10534
3253851,6348
3254119,8534
3254381,9140
3254577,9634
3254731,7711
3255088,7603
3255712,9268
3255896,9778
3256119,8998
3256615,8732
3256868,8873
3257008,9156
3257127,7429
3257246,9243
3257381,8531
3258693,7964
3258876,10414
3259063,5254
3259901,7693
3260045,6936
3260190,6888
3260315,6946
3260468,7799
3260710,11018
3260854,8183
3261687,7404
3262027,6851
3268404,4857
3268851,4531
3269125,6425
3269338,6065
3269486,6112
3269794,8007
3269861,7566
3269896,7513
3269929,8258
3270259,4403
3270687,4684
3274143,6913
3274198,6956
3274309,6662
3274440,4988
3275146,6315
3275447,6264
3275706,6181
3276070,6713
3276893,5006
3278007,4816
3278170,5636
3278522,7564
3278572,5855
3278608,5021
3278762,4944
3279366,4681
3279531,4428
3279767,7200
3280310,4745
3281186,5892
3281506,5191
3282610,3921
3285101,4868
3285160,5383
3285320,7971
3285708,3896
3286500,5957
3286672,5709
3286796,5510
3286941,4593
3287107,5499
3287244,6668
3287515,5246
3287700,6543
3288055,5725
3289236,5093
3289477,4130
3289523,4806
3294933,3977
3295357,6186
3295630,9692
3295790,9929
3295967,9066
3296118,8227
3296208,10240
3296298,8181
3296379,9781
3296593,8521
3296682,5493
3297206,6456
3297213,5458
3297391,9170
3297521,7666
3297603,7261
3297733,8600
3297816,8833
3297900,7747
3298201,5811
3298285,6117
3300394,5605
3300678,5823
3301208,5551
3301620,5356
3304690,4493
3307216,4348
3307246,5215
3308192,6608
3309904,5018
3309940,3644
3310098,3819
3310235,6197
3310370,6253
3310483,5184
3310671,6358
3310883,5280
3311065,4916
3311229,6070
3311457,5282
3312651,4981
3313750,6099
3313994,4193
3314144,4766
3314281,5376
3314393,6498
3315100,5444
3315403,5591
3318353,4424
3318604,5020
3318902,4939
3319901,3840
3320080,4503
3320145,5121
3321584,5901
3321895,5910
3322073,5643
3322139,5426
3322336,5287
3322560,4501
3323855,4345
3323923,3718
3324061,4567
3324305,5811
3324621,5944
3324976,5391
3325291,7573
3325524,5185
3326404,4355
3326564,3949
3327923,5360
3328085,5253
3328993,3698
3329645,6251
3330903,5889
3330953,8941
3331255,6998
3331451,4443
3333257,4519
3333407,13466
3333443,7667
3333494,4103
3333863,11188
3334249,8896
3334307,7232
3334490,8694
3334609,8122
3334737,10459
3335023,10121
3335265,8239
3335565,8175
3335956,7935
3336843,7790
3337439,11711
3338040,7080
3338316,12446
3338666,8918
3338831,8474
3339018,13881
3339110,21810
3339194,8376
3339947,21732
3340375,16920
3340532,16360
3340695,16413
3340895,14037
3341005,12235
3341273,15145
3342168,18820
3342279,22272
3342472,13747
3342525,13121
3342606,13974
3344093,21390
3344166,14907
3345274,16689
3345437,15257
3346301,20402
3346481,23417
3346553,19898
3346664,16416
3346775,16489
3346987,16190
3348487,15091
3348720,14945
3349097,14248
3349279,11309
3349540,14416
3349787,20351
3350181,20508
3350815,15362
3350979,12777
3351098,18472
3351507,19309
3351628,20925
3352607,17355
3352731,19529
3352914,15599
3352998,16883
3353200,17425
3353284,23591
3353487,16141
3353575,15629
3353656,16299
3353909,16132
3354011,15212
3354475,15104
3354667,18259
3354756,16676
3358251,8716
3358453,12700
3358579,8623
3358787,13954
3358919,10016
3359006,9697
3359656,15231
3359804,15705
3359882,17467
3360241,14197
3360369,14778
3361784,13778
3362236,12415
3362480,11231
3362926,12535
3364424,12635
3365208,11542
3365673,14245
3365929,17954
3371625,6903
3374303,5250
3374351,7879
3374427,8607
3374492,5721
3375197,6410
3375409,7805
3375472,8389
3376257,5592
3376381,11592
3377518,6909
3377870,5642
3378141,4603
3378750,6015
3378925,6840
3379235,16791
3379609,6851
3380923,8939
3381093,7604
3381174,7963
3382043,6192
3382119,5797
3383893,4624
3384561,3743
3385332,4471
3385691,10401
3385803,7270
3386027,8104
3386361,9433
3386475,9455
3386678,9199
3387042,6996
3387234,5836
3387358,7526
3389664,5759
3390066,6686
3390530,4507
3391273,4148
3391762,5073
3391890,5762
3392065,7392
3392228,6915
3392499,5103
3392548,5056
3396196,3519
3396797,4097
3397966,4133
3398086,4683
3398249,3454
3399479,3998
3399850,4464
3399909,4981
3400256,9224
3400301,5044
3400400,4581
3400934,5080
3401109,5548
3402133,3501
3402757,5126
3403009,4232
3403070,4058
3403244,5491
3403359,4153
3403906,3681
3407774,4126
3408095,5063
3408232,4803
3408481,4606
3408862,5144
3409067,4564
3409285,5262
3409543,4239
3410228,4503
3411112,7551
3411285,4200
3411389,5610
3411524,3798
3411719,6687
3412036,5021
3412465,4329
3415662,4113
3415700,5053
3415991,5124
3416102,6052
3416365,5130
3416742,4119
3417271,4828
3418611,4017
3418906,4103
3419357,3855
3420068,4580
3420139,4179
3420273,4881
3421170,3564
3421707,4225
3422376,5765
3422415,4546
3422576,5045
3425310,4263
3425363,4947
3425505,5042
3425688,3710
3426465,3496
3426617,3876
3426934,4289
3427447,6641
3427729,7807
3427917,5473
3428290,5109
3428462,5633
3428539,5623
3428798,6306
3429121,5391
3429917,5693
3431688,4657
3431940,4924
3435041,3414
3436029,7202
3436422,4067
3436599,4439
3436839,8032
3436983,8492
3437120,4019
3437775,5395
3437911,6689
3438044,5982
3438272,6040
3438500,6777
3438758,12641
3438908,6660
3439047,8655
3439470,7511
3439520,8981
3439552,9861
3439623,10754
3439658,10773
3439693,14038
3439725,13940
3439762,14463
3440080,13781
3440520,13544
3440597,13292
3440655,13322
3440678,15795
3441189,8144
3441323,4143
3442080,5468
3442550,6052
3446119,8027
3446535,11011
3446981,8702
3447122,8593
3447719,9236
3447858,8375
3448082,8419
3448245,9371
3448291,6778
3448492,6896
3448992,3639
3451090,6396
3454474,4600
3454724,5603
3455120,4435
3459273,4257
3459591,7003
3459733,6898
3460084,6571
3460295,6166
3460483,5927
3460609,5935
3460725,5601
3460840,5851
3461386,9910
3462218,4125
3462402,8145
3462779,7854
3463074,6399
3464173,8355
3464216,9300
3464393,11871
3464430,9698
3464471,9605
3464494,11819
3464565,10864
3464603,10880
3464640,11474
3464655,4673
3464676,12538
3464711,12441
3464744,10352
3464779,8441
3466048,6567
3466118,6168
3466690,7528
3468018,8898
3471613,5350
3473178,4456
3473755,6756
3474711,5017
3475155,4890
3475519,3716
3475890,4612
3475955,4946
3477951,4723
3478058,4579
3478232,6165
3478290,4749
3480656,5519
3481015,6897
3481035,7104
3481202,7895
3481348,5664
3481486,7789
3481861,8029
3482005,7466
3482234,6299
3482454,8914
3482622,9520
3483244,6277
3483382,5448
3484105,10286
3484469,8432
3485307,8992
3485468,11102
3486436,4215
3486627,9769
3487261,6482
3487386,5418
3487518,9114
3487640,9052
3487827,8832
3487972,14970
3488572,6349
3488914,11616
3489102,11210
3489308,13761
3489552,15795
3489693,9448
3489932,9053
3490075,8854
3490375,10059
3490530,5968
3490649,9119
3490781,12221
3491512,8554
3493564,11488
3493873,7693
3494232,14073
3494348,12055
3494553,9192
3494710,10406
3495111,6406
3495300,8743
3495574,12787
3497513,8804
3497714,6957
3497951,10569
3498735,8283
3500870,4908
3501180,6120
3501339,5298
3501591,5658
3501729,8799
3502248,10486
3502303,10325
3502348,11633
3502368,10170
3503168,11391
3503572,10676
3504131,11245
3504402,7830
3504564,7614
3506071,7971
3510768,7624
3511101,6076
3511359,5622
3511634,5775
3511871,5684
3512270,7773
3512706,6063
3512754,7514
3512802,8395
3512855,7123
3513194,6296
3513473,4304
3514059,5486
3514390,7760
3514600,7119
3514751,5349
3514877,4538
3515405,4235
3515546,6525
3515687,6518
3521123,4765
3521297,4086
3522033,5365
3522999,4329
3523462,8525
3524104,3758
3524313,7314
3524330,7446
3524481,6158
3524694,6185
3524875,7207
3525246,7018
3525434,5963
3525506,6368
3526067,7026
3526180,5561
3526263,6664
3526458,6035
3526673,5737
3529991,4548
3532988,4999
3533066,3857
3533180,4765
3533536,3784
3533675,4058
3534247,4432
3534736,3637
3535498,5390
3535569,4320
3535618,5822
3536023,3870
3536698,4199
3537426,4834
3537663,6508
3537778,6885
3538097,6296
3538396,6429
3538861,6833
3539008,5332
3539293,6336
3539425,6078
3539591,6029
3539766,5805
3539941,8015
3540525,6787
3540773,6141
3541049,7754
3541372,5794
3541502,4870
3541597,5165
3541754,5755
3542940,5853
3548016,3851
3548157,5951
3548375,5662
3548782,8095
3548852,5304
3548984,5434
3549100,6700
3549115,7831
3549247,4376
3549330,4653
3551085,3876
3551542,5057
3551726,11340
3552212,6432
3552238,9722
3552432,10481
3552462,10198
3552709,6086
3552990,8119
3553278,7818
3553468,8604
3553774,6879
3557176,6620
3557279,10196
3557321,7265
3557392,7909
3557556,7868
3557655,7978
3557765,7327
3558146,8496
3559124,11042
3559278,8234
3559414,8312
3559556,9601
3559701,8345
3559853,11074
3560005,8511
3560140,7198
3560276,10685
3560509,9786
3560656,9238
3560897,6121
3561569,6883
3561707,9232
3563550,7573
3564038,5746
3568530,4369
3569017,8242
3569150,8744
3569187,7262
3569221,9156
3569418,4996
3569594,6987
3569797,8554
3569846,5498
3569983,5459
3571441,5195
3571515,5385
3571742,5955
3572613,6365
3572760,8096
3572931,8047
3573537,7947
3573568,6521
3574008,5690
3574149,6230
3574287,6226
3574596,6020
3574721,5393
3577947,4324
3578203,3834
3578474,5321
3578599,5488
3582002,5860
3582325,4447
3582488,5518
3582643,4681
3582792,5177
3584353,4411
3584411,5605
3584703,5092
3584868,3707
3585604,9754
3585654,9822
3585785,10301
3585877,11902
3585884,11738
3586048,9441
3586070,9935
3586310,10291
3586461,7027
3586695,10335
3587515,10048
3587679,9009
3587718,8163
3589035,7900
3589089,8961
3589392,5934
3590161,8346
3590408,9178
3590786,9915
3590854,7419
3591009,8633
3591498,8018
3591524,8172
3591573,8898
3592037,7085
3594136,6298
3594478,4470
3594708,6459
3595518,5427
3599150,3864
3601610,5112
3601696,7347
3601948,4878
3603896,3679
3604063,4921
3604212,7488
3604375,5495
3604522,5525
3604665,6775
3604803,7248
3605429,9066
3605577,6625
3605586,9646
3605732,8455
3605877,8750
3605993,8367
3606103,8434
3606313,11035
3606347,10639
3606499,7668
3606533,7734
3606784,7187
3606863,8801
3608543,8411
3608697,6968
3608873,8664
3609075,8728
3609221,7864
3610911,6740
3611527,5902
3612316,6582
3612396,6866
3612450,6064
3613202,5090
3613567,5769
3614714,7351
3614800,5315
3614847,5437
3615174,6266
3619614,5718
3619853,8287
3620323,6441
3620720,5349
3621239,4278
3621734,4914
3622310,4585
3623341,6543
3623392,4376
3623572,5416
3623720,4601
3623894,5489
3624121,6681
3624502,5418
3624907,5981
3625100,6104
3625633,5872
3625697,5207
3626131,5492
3626940,5591
3627964,4689
3628226,4649
3628901,4303
3629420,4734
3629449,4418
3629625,5266
3629950,5464
3632450,6070
3632954,9442
3633295,5123
3633706,11832
3634014,8259
3634414,6508
3634452,10942
3634488,14581
3634531,18148
3635578,4709
3635778,3660
3635956,7485
3636915,4491
3637093,5366
3637699,15266
3637913,15405
3638090,15852
3638258,15140
3638632,10675
3638690,15370
3638749,26586
3638795,15386
3639879,13759
3640072,13212
3640256,12216
3640432,11515
3640857,11342
3644146,10745
3644781,23543
3645173,10026
3645737,23917
3645782,9271
3646155,9167
3646646,8525
3646696,7465
3647339,8239
3647682,7044
3647915,8000
3647944,7348
3648225,7407
3648389,7068
3648882,15143
3648965,21741
3649521,21475
3650109,18972
3650145,19035
3650356,15422
3650674,17623
3650751,15801
3650756,19550
3651002,15679
3651430,17937
3651476,14005
3651662,14427
3651873,15801
3652075,16817
3652153,17023
3652268,14831
3652904,20410
3652960,15454
3656583,13573
3656932,13722
3657113,12017
3657275,13229
3657430,8584
3657585,11031
3657742,12264
3657989,12369
3658057,14119
3658117,15148
3660885,11068
3661055,14906
3661278,13089
3661355,13998
3661533,14694
3661710,14396
3662511,13291
3663190,12861
3663344,8684
3663963,13448
3664124,13087
3665131,12412
3666766,9908
3666932,10988
3673005,5996
3673356,7795
3673584,4708
3674038,5429
3675506,8075
3676135,6159
3676725,13349
3676919,6826
3677048,7106
3677237,6222
3678924,5287
3679518,5009
3679681,9506
3680090,8331
3680310,9652
3680464,9427
3680634,9481
3680869,8568
3681884,9501
3682056,8851
3682218,7158
3682386,8107
3683079,8946
3683249,7185
3683897,8697
3685674,5701
3685962,6104
3686132,5031
3686299,6912
3686461,7868
3686721,6541
3686914,8031
3687118,5351
3687434,9766
3687500,8236
3687553,9445
3687599,12022
3687650,11667
3687699,11749
3687743,11991
3688174,5756
3690141,6406
3693337,6089
3693535,8178
3693898,5773
3694058,6375
3694405,6540
3694543,7218
3694678,7140
3694851,6811
3695055,6812
3695191,6727
3695323,6930
3699760,7144
3702648,4782
3702930,5566
3702962,6761
3703110,6186
3703266,6307
3703419,5750
3703577,5539
3704802,4839
3705779,4868
3705939,5479
3706086,4844
3706232,11862
3706375,6874
3706769,17462
3706937,16672
3707192,13695
3707401,17813
3707543,17549
3707685,20724
3707877,18009
3708012,19396
3708155,17008
3708291,14622
3708424,18030
3708554,12282
3708671,16347
3708964,16973
3710023,16064
3710184,16413
3710304,21614
3710418,15774
3710563,19168
3710708,15329
3711146,17059
3711630,18504
3711770,18094
3712233,18025
3712677,19287
3712853,17658
3713078,12908
3713304,17692
3713428,17087
3713543,11494
3713656,11260
3716629,15662
3717868,10670
3718054,13855
3718226,11716
3720027,12005
3720197,13848
3720367,9715
3720551,11684
3720718,11306
3721000,11183
3721184,11990
3721909,8953
3722078,10968
3722889,10598
3723106,15069
3723877,12739
3724061,10579
3734715,5243
3735869,5673
3735930,10696
3736103,9814
3736276,9290
3736440,10142
3736703,9599
3736922,9511
3737083,7814
3738448,4291
3738648,7724
3738706,8414
3738954,8541
3739328,7175
3739782,7766
3742547,8536
3742577,10647
3742760,8914
3742916,9217
3743081,9196
3743237,8966
3743408,8665
3743607,9532
3743649,7425
3743994,7154
3744779,8096
3745068,8285
3745281,8840
3745465,6621
3745638,7057
3746399,9332
3748922,8081
3748974,9531
3749010,7389
3749042,7874
3749080,5235
3749311,4602
3749753,6550
3749875,6124
3754756,5712
3754793,5165
3754928,4693
3755084,4266
3755217,5344
3755364,8734
3755541,5525
3755649,5804
3755773,5841
3759602,6373
3759774,5940
3760514,5056
3761007,4423
3761233,3854
3762095,6600
3762332,4262
3762497,6808
3762599,4582
3762737,4931
3762857,6300
3762974,7349
3763308,7383
3763546,8444
3763727,5498
3764110,7229
3764852,7083
3767403,5278
3767745,5031
3767931,5383
3768053,4861
3768107,7638
3768242,5349
3768535,4899
3768788,6378
3768891,4962
3769028,7256
3769361,5668
3769695,7168
3769850,5548
3773941,4186
3773963,4764
3774173,5903
3774294,5950
3774679,4355
3775750,5549
3776056,5809
3777185,4139
3777702,4636
3777871,9228
3778174,5349
3778461,7252
3778487,6360
3778606,8001
3781545,3994
3781737,5244
3781854,4875
3782003,8891
3782230,4618
3782325,6288
3782353,6082
3782764,7479
3783067,5292
3783670,4780
3783950,5812
3784133,6057
3784357,6585
3786195,8753
3786790,8392
3787385,6499
3789544,5023
3789617,6445
3789760,6496
3790125,7070
3790197,7140
3790512,7414
3790568,7595
3791432,8214
3791521,7046
3791870,7311
3792830,6220
3795005,3714
3795016,5835
3796215,6692
3796347,7306
3796746,6612
3800955,6865
3801050,3980
3801640,3887
3803613,4655
3803735,8969
3803762,8797
3804053,4959
3804226,10236
3804347,9311
3804654,8641
3804778,9820
3806896,7574
3807023,7520
3807170,7378
3807302,7122
3809063,4543
3810143,13558
3810868,14904
3811043,8274
3811221,8985
3811241,11118
3811429,9264
3811520,14375
3811604,10970
3811732,7041
3812137,10603
3813397,6857
3813543,12135
3814688,4803
3814786,6620
3816574,4046
3816641,4681
3816799,4920
3816984,5815
3817411,3499
3817482,9309
3818164,4856
3818656,9473
3818824,8829
3818972,8103
3819187,8258
3819757,8842
3819899,8632
3820084,9810
3820321,8571
3820753,10266
3820843,10987
3821147,7655
3821400,4976
3821634,7415
3822220,7445
3822401,5591
3823154,6621
3823420,7125
3823560,7405
3829536,6883
3830231,6338
3830456,5699
3830763,4676
3830990,6898
3831165,5672
3831349,5167
3831798,6099
3831987,5147
3832173,6202
3832446,6089
3832716,6202
3832844,5743
3833302,4876
3833525,5463
3833649,5380
3834424,10283
3834691,9562
3836350,8407
3836522,11672
3836718,12224
3836782,12118
3836938,9764
3837103,10812
3837537,6793
3839317,8102
3839488,9857
3839640,9560
3839780,8803
3839853,7235
3839989,6444
3840124,9997
3840256,5042
3840397,8852
3840534,7897
3840653,8644
3840767,7334
3841256,7890
3845706,6207
3845751,5319
3846266,7127
3847166,7072
3847671,5134
3847997,5019
3848978,6012
3849121,6779
3849594,6100
3849742,5225
3849845,6744
3850271,6135
3850408,11522
3850549,5806
3851155,9700
3852381,5841
3853325,12882
3853456,3706
3853610,7145
3855171,9136
3855393,9196
3855536,8955
3855744,8652
3855895,20738
3856065,7372
3856196,16830
3856431,12497
3857959,16200
3858129,16163
3858289,14602
3858451,13242
3858611,14397
3858768,19159
3858974,14142
3859131,16534
3859291,14305
3859444,17470
3859601,17098
3859772,16000
3859904,16292
3860054,13128
3860237,16612
3860398,9877
3860557,13423
3861459,17111
3861619,15521
3861775,13360
3861883,13190
3861934,14414
3861985,15504
3862034,10657
3862085,15580
3863106,15100
3863272,15180
3863515,12117
3863668,13403
3863825,9931
3863984,14352
3864136,13213
3865348,14627
3865519,13871
3865685,13886
3865880,14916
3866034,12358
3866185,12618
3866344,12862
3866514,12995
3866674,11956
3866990,12880
3867877,10262
3868062,12123
3868221,9528
3868380,9312
3868582,9371
3869064,10964
3881703,4423
3881843,5129
3882046,14292
3882300,4372
3882456,15585
3882503,14244
3884066,4145
3884261,5386
3884766,8877
3884784,12014
3884964,10146
3885166,14802
3885330,17095
3885483,9446
3885906,13026
3886291,9860
3886501,11607
3887058,9822
3887447,9973
3887596,14501
3889178,12743
3889855,11362
3890061,9445
3890260,9676
3890425,8099
3890588,10199
3890743,8575
3891269,13883
3891432,14159
3891589,12787
3891741,14698
3891891,11262
3892046,11067
3892203,8252
3892352,10043
3892500,11782
3892649,10386
3892820,10135
3893066,15134
3893124,15228
3893170,15375
3893235,14092
3893936,11579
3894118,12084
3894290,11846
3894472,10373
3895035,7646
3895991,6887
3896371,12304
3897604,9980
3898072,11537
3898228,9457
3899054,7853
3906659,5281
3907390,4716
3907550,5089
3909105,4816
3909157,3824
3909405,8456
3909527,6739
3909710,5631
3909832,4509
3909935,4612
3910768,10292
3910806,5723
3910925,12363
3911054,9623
3911167,9463
3911272,5410
3911428,5577
3911639,5671
3913464,12107
3913719,10343
3913881,12205
3914315,10831
3914470,11559
3918479,6428
3921752,8714
3921869,9317
3921989,8570
3922212,7432
3922333,11120
3922524,8089
3922719,7801
3922947,5815
3923234,6956
3927257,3987
3927547,3926
3927699,6102
3927912,6521
3927912,5714
3928381,3778
3928671,5562
3928873,4323
3929572,4594
3929732,4294
3930921,4337
3930978,5188
3931442,3224
3932130,4471
3934509,3935
3934723,8553
3935025,3853
3935294,10133
3935351,6216
3937361,7806
3938142,5003
3938317,7999
3938862,5133
3939042,5086
3939207,4644
3939362,7346
3939514,6359
3939664,6361
3939827,6394
3940038,7875
3940199,6936
3940359,11218
3940520,11101
3940680,8090
3940858,10493
3941025,8083
3942277,8750
3942738,5036
3944637,6430
3947328,6577
3947565,5934
3948002,7225
3948223,7058
3948366,4561
3948520,5858
3948653,5578
3949222,7191
3949347,6563
3949585,7039
3949841,7309
3950022,6450
3950163,6576
3950540,7324
3950849,5635
3951010,6569
3953018,4598
3953955,4397
3954126,4286
3954439,5235
3958010,5921
3958178,6156
3958322,5667
3958889,7336
3959034,5110
3959170,5290
3959856,6043
3960006,5400
3960150,5953
3961976,4503
3962152,4229
3962288,4242
3968872,3405
3969911,8622
3969953,7048
3970096,6263
3970137,6699
3970261,8773
3970297,9170
3970420,10246
3970463,11522
3970592,9447
3970624,9596
3970760,7535
3971016,7783
3971144,8738
3971301,6685
3975159,7214
3975332,7108
3975948,7944
3978095,6455
3978360,6829
3978574,8835
3978732,10496
3978869,14149
3979067,19391
3979214,13816
3979392,20498
3979526,24463
3979669,17004
3979805,20161
3980096,21219
3980257,12940
3980393,22538
3980511,19250
3980707,16421
3980832,17790
3980973,18802
3981116,18201
3981277,18273
3981413,16705
3981523,22521
3981723,19372
3981887,16330
3982055,19839
3982169,19197
3984917,15622
3985678,18445
3985891,11619
3986056,11562
3986184,11577
3986362,12524
3988105,12860
3988259,15963
3988414,15685
3988552,11880
3988704,12175
3988874,11305
3989027,15121
3989178,13041
3989318,13673
3989463,9598
3989609,9567
3989743,10541
3989882,12985
3990040,11700
3990234,9242
3990366,9332
3990497,13677
3990639,10080
4002259,3241
4003195,4422
4003351,4386
4003577,7214
4003733,5534
4006144,6604
4006340,5720
4006497,5677
4006650,6239
4007507,6091
4007678,8051
4008344,8035
4008510,9538
4008922,10717
4008986,9548
4009546,8877
4009641,10851
4009661,8822
4009717,8459
4009770,9134
4009797,9301
4010007,11447
4011188,7396
4012582,10044
4013065,10103
4013247,10245
4013383,9015
4013657,10023
4013998,10138
4014047,8624
4014507,8579
4014555,7692
4014638,10080
4015314,5970
4015372,10204
4015617,6686
4016439,11032
4016472,10225
4016617,10653
4016758,7543
4017166,9700
4018199,6194
4021569,4309
4021738,5478
4022871,5217
4023329,4869
4024150,4494
4025654,3723
4026188,4078
4026738,4227
4027303,4102
4027588,3758
4028516,3534
4030407,5108
4030681,5296
4030690,4571
4031290,3617
4031661,5525
4031870,5263
4032069,4373
4032320,4999
4032499,4872
4032645,5025
4032796,3708
4038025,4891
4038078,7168
4038251,7655
4038401,6744
4038548,9884
4038868,4640
4039019,7113
4039158,7712
4039843,17499
4040080,13233
4040098,7348
4040265,13368
4040290,9793
4040385,6405
4040685,6110
4040984,8394
4041110,7947
4041223,8525
4041283,7466
4041436,11746
4041588,8843
4042758,13259
4043011,12109
4043168,10419
4043309,11990
4043572,6232
4043717,11456
4043922,10490
4044059,11336
4044199,10279
4044337,10210
4044489,9820
4045260,8129
4045717,13337
4045943,13315
4046176,13129
4046340,13315
4046479,12233
4046629,12931
4046898,11163
4047036,10594
4047477,11379
4047647,15153
4048749,13230
4051086,11184
4051246,11365
4051428,9922
4051550,11986
4051689,10783
4052305,10228
4052514,9678
4052990,8410
4053226,8653
4053427,7867
4053656,9246
4053794,9483
4060011,5301
4060040,3874
4060220,6374
4060362,6311
4060526,6206
4060756,4901
4060870,5808
4061138,6763
4064126,8720
4064143,5132
4064157,3605
4064431,8533
4065701,7502
4065947,7358
4066141,7246
4066982,6454
4067125,6408
4067402,6083
4067528,10531
4070063,6096
4070260,5713
4070417,5649
4070582,8443
4070735,7379
4070992,8917
4071153,7201
4071311,15578
4071468,14922
4071621,10549
4071777,8146
4071857,14479
4072008,8467
4072159,9946
4072394,13837
4072546,14096
4072702,13811
4073036,13143
4074238,12558
4074609,6488
4074755,6296
4074896,8622
4075044,11658
4075635,11560
4075770,7968
4076422,13658
4079069,12072
4079226,10342
4079444,9310
4079965,10740
4080113,12618
4080275,9005
4080880,6447
4081129,5925
4081423,9347
4081700,7140
4081871,7120
4081942,7082
4082037,9316
4082088,6983
4082130,9796
4082166,10912
4082544,12640
4087388,9801
4088138,6120
4088291,8057
4088560,7034
4091163,6447
4091332,7903
4091543,5722
4091709,7675
4091873,7778
4092374,7015
4092522,6769
4092674,6667
4093124,8181
4094073,7472
4094299,7191
4096770,4294
4097312,4563
4100124,4296
4100416,7298
4100514,3955
4100645,6240
4100759,4372
4100766,10886
4101886,4554
4102027,3871
4102656,7209
4102948,4493
4103204,5365
4104773,4236
4105177,6837
4105327,6476
4105676,6535
4105929,6335
4106280,6321
4106471,5283
4106943,4806
4109131,3944
4109239,5229
4110322,3801
4110697,3650
4111090,6749
4111354,7019
4111582,7459
4112047,5441
4112301,11164
4112443,8592
4112632,8964
4112766,8048
4112919,8030
4113099,8780
4113267,7173
4113389,4497
4114542,5999
4114741,5934
4114911,6824
4115260,7259
4115445,9064
4115585,8851
4116853,10104
4117133,6431
4117319,6390
4117526,5612
4117669,5326
4117918,5459
4118057,6296
4118215,8505
4118411,8116
4118551,7557
4118667,7490
4118816,6347
4118887,7170
4124576,4407
4124781,13073
4124836,6672
4125345,9587
4125511,11436
4125734,6640
4125893,6184
4126233,8114
4126370,9617
4126562,6511
4126646,10243
4127383,5829
4129311,6743
4130279,10271
4130418,5781
4130570,7534
4130688,5817
4130884,5259
4131024,9129
4131140,14085
4131255,15723
4132630,14391
4132892,17048
4133045,8008
4133224,18015
4133371,11323
4133489,11635
4133707,8348
4133744,13045
4133885,11008
4137172,10745
4137428,9642
4137656,9713
4137800,12835
4137941,12268
4138147,17775
4138293,12014
4138413,12055
4138594,11972
4138734,19420
4138971,11137
4139097,11062
4139229,11029
4139354,12761
4139589,10829
4139743,7220
4140185,10333
4140376,7068
4142026,8669
4142877,6913
4145184,13759
4145332,13829
4145469,14536
4145631,16073
4145802,13808
4145944,13780
4146116,14773
4146404,14144
4146586,14716
4146724,12916
4147805,21135
4147881,21340
4148008,20920
4148125,20867
4148258,15057
4148401,20647
4148537,20534
4148653,20470
4148995,12768
4151464,11039
4151619,12591
4151756,13909
4151858,10440
4152050,21568
4152300,18863
4152339,15363
4152368,15670
4152396,14566
4152430,14480
4152460,13933
4152718,12590
4153687,17527
4153896,17803
4154874,21634
4155056,14182
4155226,14064
4155394,13959
4155568,13836
4155738,13843
4155929,15131
4156107,14210
4156280,16644
4156483,11271
4156662,10856
4159110,9635
4159271,10004
4159294,9876
4159467,13725
4159473,8513
4166561,10398
4166722,7534
4166999,9787
4167144,14605
4167290,9613
4167819,8889
4168418,13478
4168560,13593
4170684,10305
4171470,10795
4171943,13829
4172098,12548
4172220,10461
4172492,11773
4172956,9843
4173131,9618
4173403,8700
4173461,9427
4173498,12995
4173516,12379
4173534,8669
4177493,8019
4177664,9076
4177845,8329
4178012,7556
4178176,11713
4178344,7486
4178507,15521
4178708,11074
4178886,14298
4178944,18300
4179000,15004
4179058,17933
4179110,10473
4179627,10027
4180381,11799
4180532,12958
4180680,12565
4182307,11678
4182452,13013
4184299,11393
4185332,8836
4185595,8863
4185874,8540
4186050,8634
4186191,8983
4186521,8338
4188280,5839
4190457,6826
4191071,5275
4191227,5240
4191440,5161
4191587,5519
4191786,7431
4192212,3920
4193275,6007
4193653,5420
4193843,6865
4196876,4028
4197518,6386
4197869,6357
4197972,3452
4198150,6886
4201627,6337
4201860,5035
4201944,5318
4202211,5805
4202371,7272
4202788,7594
4202898,6658
4202906,8372
4203079,7425
4203226,7360
4203473,4624
4203794,4756
4203924,5170
4204594,5850
4205588,5483
4207026,3839
4208325,4387
4211362,6145
4211469,5425
4211679,5307
4211726,6472
4212063,4452
4212257,3209
4212363,5362
4212540,6464
4212750,5907
4212760,6039
4213561,5151
4214391,6254
4214777,4586
4215612,5476
4215722,4989
4215879,4674
4216797,7065
4217040,5920
4217177,6334
4217464,5986
4218295,6108
4220417,4334
4220566,10725
4220798,5592
4220899,10292
4221017,4331
4221438,5149
4221629,9430
4221893,10157
4222315,4690
4225441,6961
4226050,5044
4226199,4301
4226423,6496
4226672,6416
4226796,5685
4227023,5857
4227162,6259
4227434,5236
4227572,8706
4227709,7000
4227883,8217
4228643,9958
4228986,10316
4229045,5401
4229408,5590
4229611,5972
4229792,9956
4229944,6401
4230156,7554
4230635,8739
4230691,8178
4230719,8849
4233789,5322
4236529,3537
4236638,4246
4236763,7180
4237224,3155
4237596,5182
4237769,5547
4237905,5324
4240987,6980
4241009,7088
4241321,6042
4241344,5678
4241522,9575
4241546,9040
4241694,5800
4243099,4926
4243308,4314
4244146,9219
4244360,7565
4244408,9690
4244485,6412
4244774,4829
4245471,8445
4248458,5460
4248488,4246
4248673,5611
4248804,7849
4248887,6605
4249044,6498
4249191,6649
4249341,6813
4249635,7123
4249781,7113
4249965,5956
4249993,6889
4250300,6644
4250552,6026
4250909,4329
4253963,4483
4254153,5171
4257059,4292
4257186,6055
4257281,5851
4257447,6212
4257591,6087
4257897,5394
4258706,7674
4258766,7763
4259982,6110
4260310,3759
4260405,3740
4260515,3930
4261206,5665
4261496,5676
4261660,5457
4261849,4855
4262297,7519
4265019,6511
4265205,7964
4265366,10437
4265549,11332
4265749,10273
4265904,9327
4266053,10208
4266214,8751
4266354,8809
4266838,12041
4267204,10833
4267355,10016
4267495,10488
4267630,11307
4267974,11919
4268097,10361
4268381,7633
4270048,8818
4270405,10739
4271149,7359
4271321,7853
4271507,8899
4271646,8783
4271781,9963
4273409,8486
4273543,13768
4273593,9882
4273657,8238
4273857,12292
4274143,13921
4274490,12994
4274553,11054
4274583,13641
4274618,13362
4274642,9696
4274730,10323
4278137,9625
4278683,11850
4278895,8697
4278996,8691
4279202,5405
4279805,5659
4280044,6630
4281238,9234
4281396,9130
4281569,11809
4281802,9652
4281908,10292
4282713,11706
4282733,12323
4282777,13650
4282966,12915
4283090,8889
4283372,13999
4285823,12672
4286495,9787
4286744,10389
4286883,12083
4287032,9199
4287227,8863
4287455,13368
4287481,13735
4288270,9244
4289022,11912
4289335,17609
4289778,15172
4289996,11075
4290303,16859
4290580,16183
4293175,14038
4293461,12731
4293616,12811
4294075,13357
4294301,20599
4294336,20330
4294449,10696
4294616,10688
4294778,9418
4296470,15669
4296775,14397
4296889,14617
4297124,15106
4297404,14572
4297713,12870
4297963,22546
4298090,22803
4298151,23217
4298170,22534
4298598,23594
4299442,22409
4299757,25201
4299917,24289
4300145,19808
4300349,22882
4300480,21424
4300617,15644
4302025,21385
4302414,13305
4302455,18534
4302484,17065
4302521,14415
4302561,24360
4303372,18887
4303879,15923
4304242,12987
4305417,21340
4305673,18336
4305890,18212
4306030,19558
4306219,21826
4306454,16822
4306601,9038
4306993,19227
4307269,19156
4307455,18875
4309207,14505
4309367,13463
4309505,13655
4309641,16641
4309860,14033
4310050,16124
4310174,14403
4310308,11408
4310676,15704
4310854,15622
4311008,12364
4311598,15017
4311763,14232
4312311,10269
4313208,14909
4313302,15732
4313355,15822
4314836,13476
4315059,14344
4315932,8361
4316338,11928
4316571,9551
4317174,10566
4320146,8766
4324382,7804
4325852,6420
4329531,3505
4329839,4070
4330674,7383
4330701,8370
4332737,9165
4332850,5443
4333417,8794
4333616,7984
4334020,8132
4334234,8222
4334443,5728
4334672,8952
4334876,6894
4334953,9138
4335087,9153
4335351,7064
4335511,8201
4335678,8734
4336340,9549
4336516,9427
4336660,9334
4337005,9112
4337276,9228
4337315,8117
4337354,10393
4337382,10278
4338859,8316
4338883,6698
4339770,6454
4343888,3724
4344753,5975
4344891,6147
4345045,4414
4345191,5008
4345323,3995
4348330,3437
4348653,8404
4348964,4935
4349778,9745
4349878,7129
4350025,10014
4350163,5616
4350725,8058
4350872,3651
4352131,4085
4352266,4342
4352713,7654
4352741,7091
4354084,6077
4354608,4332
4354920,6806
4355122,6310
4355314,4784
4355454,10920
4355599,9429
4355806,9667
4356028,7888
4356248,9738
4357416,9564
4357566,9330
4357710,10082
4357882,10402
4358289,9642
4358443,10763
4358595,9039
4358978,9914
4359100,8232
4359241,10762
4359488,8382
4360595,8852
4360725,8330
4360981,8677
4361557,7931
4361756,8713
4362501,6737
4362637,6354
4363426,6869
4363722,5278
4366287,4557
4366439,4129
4368361,4751
4370913,3674
4370924,3780
4371193,3859
4371456,5077
4371887,4884
4372562,3778
4373337,7561
4373553,6437
4373659,7291
4373956,6766
4375766,7307
4375904,4992
4376731,7268
4376908,7014
4377076,7047
4377666,5953
4377924,6974
4378095,6128
4378261,7310
4378345,7431
4378419,6566
4378581,6909
4378746,7899
4378999,10666
4379206,6681
4379459,5496
4381240,4809
4381961,6439
4382294,5062
4382617,5614
4383356,4291
4383531,4802
4383655,4433
4386613,3371
4387179,4891
4388623,3798
4388661,4308
4388843,4244
4389022,3749
4390256,3442
4390626,6028
4390990,4550
4391047,3256
4391372,3881
4391599,5135
4393629,5350
4394141,5432
4394299,6822
4394508,5172
4394778,7008
4394875,5581
4395336,6427
4395516,6255
4395581,7593
4395680,5202
4395901,6123
4396017,5540
4396127,6705
4396237,5732
4397290,5727
4397892,5890
4398630,4946
4399101,4984
4399681,5070
4400322,4844
4400531,8124
4400645,4584
4400685,5407
4405181,3937
4405384,3848
4405878,3509
4406185,5191
4406328,4370
4406868,4113
4407083,4959
4407367,6057
4407709,6848
4407853,4334
4409453,5868
4409505,3498
4409666,5076
4409847,6363
4410085,5557
4410932,4042
4411473,4806
4411624,4528
4411820,5983
4411871,6913
4412955,5940
4413483,6136
4413634,11496
4413877,6714
4414188,7070
4414383,6320
4414590,7423
4414734,7944
4417800,5597
4418065,7947
4418224,7727
4418344,8115
4418511,9329
4418671,7877
4418791,10294
4419046,9403
4420982,8049
4421350,7568
4421637,7596
4421783,9927
4422711,7433
4422946,7725
4423165,7554
4423311,7602
4423454,5706
4423634,6559
4423752,8012
4423901,6575
4424038,6582
4424178,6065
4424326,7803
4424454,9750
4424618,9732
4424736,9316
4424870,9575
4427607,9591
4427972,8343
4428911,6292
4429116,6234
4429257,7097
4429389,6023
4429508,5397
4432674,3563
4432894,3885
4433247,4157
4433440,3920
4434560,3982
4435566,4323
4436157,5216
4438727,5138
4438959,4833
4439019,4911
4439455,4207
4439598,4129
4439725,3884
4440066,4321
4440325,5819
4440376,5123
4440870,4059
4441038,5343
4442718,6598
4444743,4901
4444909,4792
4445044,5061
4445175,6360
4445337,7647
4445844,5700
4446171,5666
4446413,6121
4446534,6327
4446674,7061
4446876,8071
4447049,7950
4447193,7592
4447337,9153
4447468,8046
4447596,7452
4447725,7598
4447932,6914
4448615,3825
4452805,7699
4452901,4601
4453112,5522
4453151,6741
4453882,6179
4454136,8172
4454157,6568
4455677,6660
4455722,5313
4456175,7044
4456676,5284
4456995,6801
4457956,5460
4458104,5804
4458282,4888
4458444,6147
4458563,4069
4459536,5735
4460228,7389
4460374,6265
4460508,6766
4460766,7215
4461578,7455
4464393,4691
4465100,6820
4465304,7591
4465463,6638
4465760,4977
4466093,5955
4466389,5075
4466545,5288
4466684,6818
4466885,6240
4468095,5267
4468229,5215
4468403,5756
4468862,5212
4469069,4951
4469222,6499
4470576,6663
4474909,4415
4474965,4698
4475246,5289
4475698,8281
4475949,4992
4476156,4911
4476340,4924
4476532,5206
4476893,5128
4477054,7676
4477265,5086
4477414,7947
4477534,9352
4477675,9122
4477820,13110
4477954,12320
4478100,12780
4479061,11756
4479251,13538
4479417,9824
4479598,12549
4479771,10112
4480070,10524
4480234,9829
4480409,12469
4480656,10426
4481102,10497
4481296,10044
4481779,8549
4481954,7344
4486945,5122
4487105,4544
4487272,7428
4487429,7737
4487566,11055
4487706,10855
4487742,11081
4489514,7585
4489669,7734
4489836,7371
4490102,6226
4490638,7961
4490959,5029
4491186,6561
4491371,6594
4491495,7202
4495454,4540
4495620,5457
4496585,4870
4498670,4764
4498949,4746
4498998,3886
4499486,4358
4499558,3938
4500189,4632
4501258,4497
4501497,6565
4501790,3756
4503957,3630
4504058,3710
4504309,6544
4504432,7647
4504526,7361
4504637,8617
4504769,8830
4504880,3685
4505277,6704
4505514,5443
4505962,3542
4506228,4118
4506480,3644
4508003,5053
4509233,5907
4510189,5040
4510609,5274
4510747,6674
4511191,5004
4511454,6168
4511775,6289
4512037,5467
4512120,5798
4515478,3115
4515933,9377
4516136,3807
4516348,8438
4516494,6916
4516626,11529
4516802,10304
4517071,8746
4517118,9239
4517660,9407
4517966,8824
4518194,8964
4518295,10846
4518483,11123
4518650,9954
4518770,9251
4518802,9167
4518949,10948
4519232,7828
4519265,8130
4519458,8618
4519597,6403
4520611,8043
4520834,9564
4521606,10646
4522057,9075
4522262,6825
4522870,9551
4523542,9488
4523776,7657
4524785,8524
4525021,8131
4525442,8099
4526039,7538
4526299,8151
4526544,6086
4526800,7846
4527290,6074
4527548,6833
4530684,4520
4535357,4398
4535439,5202
4535617,5999
4535750,4950
4535996,4821
4536169,9681
4536945,6772
4537003,8741
4537038,8974
4537176,4718
4537361,3620
4537766,6802
4538298,5961
4538993,11540
4539243,7461
4539361,6112
4539453,5715
4539658,6036
4541709,5558
4542062,5393
4542072,6645
4542184,4452
4543333,5599
4544196,3837
4544993,6202
4545337,5743
4545548,6440
4545880,5054
4546418,4255
4546470,7453
4547251,7776
4548072,4846
4548951,4021
4550055,4111
4552280,4921
4552453,6761
4552602,6781
4552745,8163
4552874,7158
4553003,7358
4553205,7809
4553470,8800
4553605,6497
4553750,4149
4553880,5898
4555431,5137
4555600,5571
4557167,5120
4557444,4977
4557704,4118
4557792,4380
4558412,6516
4558677,7858
4558908,5825
4559000,4475
4561424,3699
4561669,4291
4563537,3862
4563648,4742
4564174,3677
4564534,4408
4564762,5690
4565245,4451
4565931,4603
4566276,6753
4566362,7578
4566394,5671
4566964,7032
4567973,5817
4568056,5584
4568683,6398
4568872,4844
4570317,5566
4570670,4777
4570925,7246
4571033,10018
4571165,9770
4572287,8614
4572386,6526
4572564,6858
4572645,8350
4572865,6634
4573903,7471
4574381,6688
4574679,7703
4576351,6119
4576880,6084
4577310,6233
4577449,7929
4577713,7505
4578003,5131
4578197,8733
4578422,7603
4578646,10267
4578684,10023
4579147,7280
4579641,9287
4579866,11696
4580540,11358
4580740,9401
4581202,9197
4581441,8753
4581691,10480
4581965,14992
4582202,12479
4582530,13596
4582640,11283
4582715,9613
4584328,10636
4584558,9767
4584903,6982
4585053,11004
4585099,7836
4586170,10272
4587034,6234
4587412,10291
4587719,11652
4588245,12558
4588446,8917
4589173,11092
4589246,11182
4589360,9567
4589756,15060
4591316,9477
4591769,7630
4592027,8863
4592235,6877
4592460,9051
4592822,8338
4592996,6659
4595433,5689
4596190,6224
4596483,8248
4596898,5784
4596931,8082
4600072,4097
4601754,5195
4601909,4831
4602036,6464
4602149,4643
4602274,5084
4602469,7019
4602583,6456
4602672,6845
4602763,6676
4604554,5973
4604647,5965
4605387,9625
4605548,6034
4606376,6536
4607263,4867
4607963,6371
4608248,7827
4608719,7169
4609409,7708
4609635,6868
4610000,7778
4610441,9209
4610647,6442
4610865,6440
4610990,7431
4612259,6624
4612422,7850
4612575,6552
4612723,7160
4612897,11822
4613031,9200
4613172,9184
4613330,9244
4613450,8847
4613564,8337
4613938,7583
4614219,11325
4614354,12895
4614482,13195
4615158,10197
4615970,10117
4616427,10489
4616916,9118
4618108,7645
4618257,7643
4619442,8779
4620695,13201
4622874,4472
4623013,8741
4623319,14626
4623473,10839
4623591,8719
4623765,16578
4624578,13633
4625167,15285
4625380,12260
4625590,14915
4626539,13155
4626688,16202
4627164,6830
4627844,12823
4627988,19898
4628192,8570
4628364,8507
4628517,8446
4628684,14732
4628854,14966
4629035,22687
4629209,12249
4629369,21533
4629936,18092
4630311,8740
4630534,8805
4630715,9561
4630876,9672
4631014,12578
4631178,12893
4631323,21076
4631456,21003
4631593,20397
4631783,22231
4632014,8994
4632151,22843
4632335,22437
4632562,24242
4632891,22629
4633187,20007
4633377,19610
4633540,18992
4633674,19242
4633805,18673
4634292,18305
4634474,18231
4635040,17166
4635193,23153
4635323,16254
4635481,16536
4635620,15501
4635951,14753
4636272,14315
4636434,13927
4636595,20668
4637171,20895
4637329,20617
4637479,20639
4637772,16015
4638596,16493
4638873,15452
4639518,15678
4639996,15369
4640146,15123
4641559,13911
4641869,13756
4642107,12712
4642363,10774
4642640,12288
4642890,17620
4643150,21152
4644179,19998
4644248,17297
4644687,19689
4645057,18902
4646892,16143
4648717,14974
4649654,14240
4650042,13363
4651297,10415
4651697,11613
4655842,8718
4655979,9029
4657417,7949
4658156,7396
4658408,6044
4658798,6087
4658825,6838
4659076,7173
4661221,5822
4663539,3916
4664361,5701
4665647,4992
4667623,4156
4667674,6083
4667836,7073
4667999,4538
4668409,5557
4668529,4159
4668641,6623
4669067,4864
4669263,4908
4669735,4346
4670072,4397
4670321,4979
4670583,5401
4670959,4717
4671767,3912
4672498,3906
4672726,3972
4673577,4431
4676753,3813
4676912,4278
4677121,4893
4677307,6032
4677469,4785
4678088,4748
4678784,4769
4679082,4081
4680151,4633
4680383,4760
4680761,4959
4680784,4672
4681844,6789
4682227,3574
4683341,4097
4683371,6173
4683674,6449
4684001,3754
4684643,3614
4686316,3820
4686459,4439
4686594,4303
4686748,6725
4687138,5245
4687318,6019
4687490,6933
4687615,6539
4688318,4875
4688486,4175
4688985,4868
4689446,12932
4689473,8916
4689764,4239
4689947,8716
4690791,6133
4691063,6871
4691189,6098
4694804,4109
4694865,4627
4695072,5127
4695400,7318
4695520,4988
4695764,4385
4696286,5768
4696971,5600
4697166,5616
4697351,4038
4697518,6198
4697803,6863
4698289,4821
4700417,6027
4700471,4333
4701089,5197
4701795,4995
4702184,5198
4705020,5899
4705644,6594
4705724,4552
4706581,3665
4707207,3985
4707416,3164
4707868,4936
4707919,4753
4708022,3495
4708134,5316
4708312,5261
4708443,4694
4708525,4833
4709009,4964
4709771,5287
4710459,3955
4711083,4824
4711657,3739
4711853,3838
4714565,4667
4714761,4263
4715099,6020
4715435,4654
4715690,4572
4715922,5167
4716725,4641
4716732,3891
4716975,3985
4717054,4980
4717213,3994
4717762,4248
4718541,4484
4718598,5250
4718666,6268
4719276,10497
4719476,9062
4722926,7174
4724074,5886
4724143,3744
4724251,4027
4724784,8102
4725033,4152
4725051,3681
4725216,5014
4725718,10404
4726007,7290
4726165,6262
4726316,6919
4726792,5868
4726869,5742
4727418,5081
4727577,4973
4728364,6556
4728634,8188
4728804,8415
4729018,7073
4729185,4813
4731299,4938
4731448,5027
4731618,7489
4731851,11433
4732307,8604
4732883,6334
4733145,7095
4733374,8858
4733497,7141
4733649,9461
4734222,5120
4734471,5493
4735603,8559
4735763,6142
4735865,7637
4736395,7181
4737409,8846
4739011,7383
4739247,7405
4740871,4015
4741048,4633
4741208,4582
4741377,7678
4741500,7609
4741764,8483
4741911,6349
4742051,8597
4742185,8389
4742323,8015
4742465,7576
4742613,7829
4743758,8864
4744795,8536
4746967,5600
4747400,9775
4747488,6422
4747635,7824
4747752,7222
4747839,6647
4748064,6534
4748794,7322
4749084,7934
4749631,6504
4749848,6675
4751218,5195
4751410,7521
4752547,5379
4752780,4929
4752967,8399
4753238,10661
4753465,6687
4753878,6453
4754692,4464
4755170,5101
4755665,5654
4756143,5746
4756200,5851
4756307,7675
4756573,6068
4759420,4695
4759552,5934
4760253,8652
4760312,6700
4760650,8987
4760896,7463
4761290,6513
4761561,8320
4761680,9033
4764717,6722
4765119,4218
4765291,4135
4765529,8074
4765850,5351
4766231,5528
4766511,10991
4766776,9577
4767070,6956
4767470,10321
4767651,9475
4767783,9686
4767930,7822
4768038,8546
4768197,9091
4768427,7702
4769600,7445
4769648,5803
4769804,5254
4770154,4596
4772427,5134
4773895,4979
4774142,3730
4774414,3835
4774532,5047
4774884,4781
4775673,4636
4776500,3545
4778255,5103
4778615,4416
4780371,4217
4780450,3516
4780869,6009
4781100,4931
4781292,3711
4781345,4122
4782867,8574
4782934,4236
4783781,6164
4784974,5457
4785042,6669
4785445,7270
4785476,8644
4785889,5010
4786076,4920
4786221,5767
4786277,7204
4786588,6214
4787038,8358
4787093,4724
4787396,7174
4787593,8174
4787725,7983
4787902,6302
4788020,4954
4788231,6470
4789115,4596
4792270,5271
4792380,4921
4793084,5028
4793307,6262
4793450,6725
4796191,4288
4796398,5312
4796910,5667
4797456,5242
4798050,5670
4798079,6939
4798437,8911
4798596,6331
4798775,7530
4799100,7158
4799321,6444
4799443,7201
4800805,4765
4801163,5712
4801423,6854
4801829,6741
4802037,6192
4802253,6846
4802501,5875
4802804,5522
4803015,7172
4803260,7490
4803486,7406
4803565,5422
4804024,5317
4805191,5778
4807393,4329
4807540,3746
4808110,4387
4809093,7507
4809624,6000
4809891,3872
4812766,3871
4812866,6143
4814227,6003
4814380,7802
4814571,13274
4814695,11334
4814895,11190
4815119,10653
4815404,11861
4815655,10065
4815694,9928
4815767,9909
4815916,11857
4816107,7769
4816413,11121
4817212,9586
4817316,10779
4817535,10679
4817893,10381
4818153,10844
4818558,7816
4818595,10062
4819134,10820
4819178,7970
4819326,9359
4819447,9186
4819586,9150
4819721,9363
4819862,7533
4820450,9113
4820957,8258
4821270,6629
4821693,6643
4822033,8909
4822614,8038
4823041,6830
4824022,6385
4824282,5434
4824508,3997
4830533,6491
4830709,4861
4832713,5232
4833246,5853
4833441,5763
4833994,6749
4834165,8017
4834320,9076
4834473,5240
4834624,5180
4834876,6859
4835101,6498
4835799,5122
4836425,9998
4837537,6176
4837578,5962
4837612,5991
4837646,6022
4837685,11198
4837714,9932
4837747,10206
4837781,10135
4837828,7697
4837864,10910
4838425,10741
4838577,9122
4841853,8913
4842018,9029
4842263,10255
4842421,10733
4842589,6658
4842765,12109
4843188,12400
4844885,8732
4845144,8057
4845391,9589
4845535,8903
4845676,13141
4845815,12510
4845947,8271
4848803,10650
4848971,8540
4849369,10945
4849526,5084
4849699,11056
4849939,12421
4850038,10029
4850346,8961
4850499,9234
4850779,10563
4850925,8672
4852273,10176
4852466,9066
4852660,9335
4852989,9013
4853232,9657
4853377,9019
4853497,8643
4853640,8562
4853759,7975
4855242,7554
4855886,8070
4856219,7029
4856373,7358
4860115,5025
4860318,5027
4861770,7267
4862233,6490
4862480,4568
4863049,8130
4865663,6052
4865943,7938
4866002,9779
4866189,9799
4866218,8971
4866251,8780
4866368,7931
4866421,4880
4866577,9659
4867074,10404
4867091,11033
4867144,8194
4868390,8191
4870984,4967
4871198,5983
4871498,4396
4871749,5338
4872007,6730
4872165,8307
4872634,7425
4872777,7438
4872893,6429
4873035,6592
4873186,5820
4873344,6674
4873784,5404
4874063,7684
4874331,6947
4874475,7064
4874608,7675
4874820,8565
4875529,6987
