1097,3781
1277,3701
1420,3511
1549,2838
2954,2821
3159,2789
3368,4811
3559,4146
6895,3295
7073,2810
7225,2839
7414,3490
7553,5459
7734,3222
7881,3324
8016,3137
8243,3011
8383,2919
8520,2847
9039,2826
9185,2798
9323,3393
9459,2908
9593,3320
9716,2847
10252,2951
10714,2814
10987,3559
11927,3006
12979,3419
13524,3025
14034,3767
14203,3228
14335,3022
14398,3300
14574,3769
16618,3624
16856,3230
16905,3332
17122,3350
17261,3412
17403,3341
17533,3388
17713,3576
17897,3287
18125,3115
18496,3531
18622,3347
18706,3045
18823,2920
18961,3016
19186,3233
19333,3164
19491,3119
19614,4093
19679,3530
19774,3434
19926,3400
20386,3437
21294,2868
21525,3330
21592,3783
21793,3211
21812,3281
22062,3227
22596,3439
22669,3645
22729,3481
22869,3501
22976,4078
23451,3659
23855,3547
24437,3024
24583,3341
25483,2893
25669,3248
25688,3331
25869,3839
25926,4304
26051,4312
26068,4016
26214,3947
26458,3791
26666,3911
27111,3486
27990,3836
28013,2906
28156,3282
28175,3097
28316,3122
28459,3474
28597,3277
28861,3328
29122,3130
29228,3811
29272,3342
29358,3919
29573,3872
29735,3779
31159,2987
31470,2995
31682,3447
31704,3484
32002,4132
32028,3910
32211,3871
32379,3794
32805,3404
33093,3864
33527,3888
33714,3611
33753,3408
34509,3728
34533,3737
34716,5203
34859,7225
35044,6861
35202,6819
35681,7572
35899,7633
36801,6379
36834,6462
37002,6377
37142,6324
37280,6287
37447,6470
37585,6386
37654,6239
37740,6282
37893,6177
38050,6069
38073,6679
38168,6113
38383,6308
38395,6391
38747,6356
38940,6264
38983,6583
39218,6427
39513,6191
39687,6157
39938,6178
40140,6025
40162,6371
40345,6255
40470,6293
40583,6298
40832,6564
40851,6272
40992,6234
41242,6577
41379,6494
41495,6425
41651,6280
41745,6593
41911,6486
42203,6381
42368,6639
42549,6509
42727,6221
43008,6046
43328,5860
44056,5422
44213,5320
44423,5159
46004,5394
46216,5334
46348,5416
46371,6386
46483,6709
46612,7291
46702,6737
46933,7063
47045,7949
47204,7004
47656,6658
47963,7300
48160,6968
48272,6765
48415,6725
48475,7332
48605,6598
48725,6694
48851,6618
50249,5270
50418,5434
50584,5472
50736,5381
50752,5479
50909,5402
51071,5314
51238,5252
51400,5321
51552,5285
51889,5842
52083,5595
52242,5241
52399,5031
52626,5191
52944,5137
53139,4863
53297,4814
53517,4773
54163,5460
54489,6029
54663,5939
54711,5055
54825,6241
54873,5056
55381,5743
56846,4211
57006,4102
57042,4177
57174,4101
57306,4024
57512,3871
58459,3389
58482,3715
58677,3623
58698,3245
58897,3469
59060,3813
59203,3962
59442,3724
60342,3136
60599,3579
61517,3512
61546,3740
61686,3890
61729,3610
61870,4003
61988,3963
62311,3890
62459,3885
62501,3912
62708,3641
62885,3635
63001,3939
63220,3474
63288,3660
63508,3737
63695,3328
63899,3219
65167,3163
65368,3226
65740,3436
65870,3256
66009,3594
66809,3208
67038,3143
67302,3134
67338,3225
67484,3229
67509,3385
67652,3437
67728,3482
67875,3392
68051,3267
68195,3230
68373,3136
68511,3959
68545,4308
68579,3965
68597,4893
68639,3772
69619,3161
69913,3452
70170,3567
71391,3212
71621,3117
71811,3052
71829,3580
71981,3627
72151,3642
72378,3365
72546,3648
72695,3147
72868,3067
73002,3290
73187,3372
74045,2916
74083,2972
74241,2974
74279,3082
74687,3200
74843,3123
75163,3187
75441,3046
75489,3470
75659,3661
75812,3565
75940,3514
76056,3738
76102,3790
76134,3844
78022,2898
78044,3187
78238,3234
78260,3336
78466,3836
78641,3413
78784,3320
78862,3241
79027,3872
79045,3784
79154,3795
79555,3611
79757,3629
79903,3660
80013,3818
80093,3620
81503,3167
81875,3298
82135,3101
82334,3019
82433,3419
82592,3315
82671,3871
82884,3437
83034,3810
83190,3987
83351,3686
83398,3731
83520,3806
83668,3625
84044,3366
84330,3377
84352,3527
84495,3333
84519,3721
84719,3690
84737,3673
84955,3835
85157,3797
85467,4287
85620,4212
85688,3394
85861,3494
86111,3820
86230,3652
86358,3620
87488,3249
87510,3304
87622,3288
87764,3684
87910,3590
88075,3742
88233,4068
88252,4104
88504,5754
88860,4180
89509,4577
90961,3349
90984,2966
91131,3044
91284,3099
91314,3235
91465,3115
91607,3959
91630,3478
91690,3535
91936,3783
91966,3528
92077,3699
92237,3717
92390,3766
92424,4074
92617,3966
93589,4609
93901,4347
95212,3320
95281,3742
95413,3504
95600,3779
95680,3587
95855,3599
95998,3550
96029,3615
96178,3588
96202,3698
96347,3752
96375,3865
96529,3805
96738,3751
96885,3690
97049,3855
97068,4168
97212,3972
97991,3390
98275,3612
99956,3076
100150,3939
100302,4038
100461,3931
100601,3542
100703,4359
100764,3982
101020,4072
101092,4791
101225,4020
101331,4010
101393,4541
101519,4032
101544,4463
101959,4260
102101,4308
102327,4133
102432,4271
102720,4035
103829,3534
103915,3540
104174,3527
104202,3592
104343,3721
104472,5201
104495,3958
104763,3857
104791,4180
104935,4256
105100,5034
105686,4397
105712,6186
105860,6265
106056,4140
106077,5753
106248,4798
106273,5952
106484,5693
107525,4990
107546,3622
107748,4866
107902,3690
107931,4535
108073,4490
108221,4159
108253,4626
108419,4405
108509,4229
108702,3989
108753,4020
108879,5237
109239,4179
109360,4148
109685,4578
110237,4054
110467,3872
110590,5639
110717,4632
110953,4493
111099,4442
111245,4316
111392,4471
111418,5049
111491,4492
111663,4369
111902,4476
111939,4166
112261,4052
112999,3410
113311,3840
113466,3744
113614,4182
113689,3890
113816,3927
113953,3856
113998,3461
114139,3631
114403,3948
114437,3662
114533,3890
114578,3729
116164,3010
116662,3136
116971,2803
119908,3141
120184,3730
120355,5536
120435,3019
120483,3091
120588,3326
120675,5494
120695,3140
120833,3175
121015,3104
121159,3062
121187,3144
121330,3584
121370,3157
121481,4939
121490,3135
121585,3751
121623,4747
121691,3098
121697,4621
121868,3347
122043,3440
122171,4203
122229,4105
122301,3537
122434,3572
124191,3589
128054,2965
129378,2865
129562,3343
129736,3101
129749,3215
129909,3261
129985,3134
130072,3664
130229,3971
130383,3567
130549,3307
130851,4258
131095,4218
131252,3957
131469,3258
131856,3538
131890,3590
132047,3268
132069,3494
132226,3389
132359,3489
132661,4053
132704,3610
132929,3457
133409,3936
133583,3823
133787,3404
134028,3592
134281,3435
134434,3346
134593,3991
134802,3579
134938,3691
136332,3112
136514,2868
136699,3102
136860,3037
137002,3702
137047,3956
137080,3199
137227,3284
137383,3444
137997,3272
138146,3318
138311,4186
138422,3304
138538,3805
138782,3010
138859,3229
139021,3393
139262,3364
139990,2968
140146,3040
140275,2985
140415,3311
140560,3320
140742,3768
140962,3251
141084,3496
141109,3593
141678,3655
141846,3578
141964,3469
142104,3394
142509,3055
142658,3076
143355,3638
143405,3348
143467,3286
143552,3281
144013,3205
144173,3149
144389,3163
144413,3058
144675,3070
145823,2869
145845,3172
145994,2973
146018,2936
146175,3673
146195,3045
146342,3323
147056,3141
147903,2999
147929,3387
148080,3840
148106,3207
148732,3188
148769,3286
149086,3110
149234,3055
149278,3170
149403,3821
150021,2829
150044,2888
150199,2840
150346,2786
150505,2874
150519,2957
150697,3383
150727,4003
150869,3978
151003,3895
151027,3549
151148,3821
151688,3380
151983,3162
153340,3221
153510,2949
153536,4076
153712,3245
153735,3269
153872,3979
153896,4132
154547,3431
155660,3323
155861,2857
155910,2993
156074,3123
156097,3355
156252,3955
156277,3882
156418,4126
156562,4066
156719,4111
157137,3855
157479,3566
158440,3051
158463,3286
158693,3442
158851,3366
159008,3476
159030,3779
159151,3705
159291,3703
159313,3746
159463,3657
159506,3707
159582,4803
159648,4275
159715,4503
159826,4150
159851,4419
160049,4532
161225,3444
161381,3351
161519,3582
161540,3480
161702,3512
161968,3826
162282,3980
162358,3760
162563,3784
162585,4725
163298,3244
163535,3341
163746,3225
164046,3240
164413,3319
164464,3915
164613,3736
164697,3284
164851,3698
164936,3609
165096,3671
165226,3523
165767,3451
165914,3384
165943,3451
166102,3481
167126,3041
167360,2978
167511,3145
167905,3910
168034,3852
169128,3351
169284,3296
169497,3035
169669,3192
169778,2999
169840,3135
170003,3598
170025,3391
170162,3936
170415,3319
170602,4025
170884,3211
171033,3492
171051,3512
171247,4482
173064,3422
173099,4177
173219,4177
173275,4351
173507,4356
173686,4232
173836,4248
173859,4871
173936,5195
174130,5054
174153,4754
174365,4871
174400,4558
174680,4657
174703,4417
174846,4541
174886,4624
175025,4565
175144,4948
175462,4734
175480,4817
175628,4773
175784,4669
175812,4796
175950,4754
176466,4719
176688,4896
176713,5648
176818,5285
176859,5949
176997,5769
177143,5715
177292,5616
177411,5551
177549,5441
178234,5152
178372,5321
178509,5235
178629,5784
178963,5156
179420,5040
179625,4737
179863,5474
179901,5493
180032,5425
180779,4832
180822,4764
180974,4678
181049,4819
181215,4722
181495,5345
181767,4775
181915,4683
182528,4202
182722,4068
183204,4598
183318,5023
183509,4344
183603,4804
183874,4405
184023,4489
184167,4614
184194,4264
184344,4185
184466,4669
184484,4283
184657,4201
184798,4155
184915,4131
185065,4667
185176,4368
185188,4682
185335,4598
185452,4681
186282,4425
186438,4322
186586,5066
186880,4362
187002,4323
187189,4521
189001,4483
189336,3678
189530,3994
189589,4426
189765,3669
189920,4087
189972,3735
190174,3405
190210,3738
190296,4070
190445,3880
190618,3813
190800,3941
190826,4355
190951,3849
191090,3851
191239,3790
191404,3744
191467,4072
191554,3830
191850,4197
192086,4051
192270,3919
192448,3790
193918,3105
194549,3185
195207,3510
195256,3604
195389,3586
195571,3455
195958,3222
196077,3197
196216,3719
196292,3258
196720,2941
196835,3083
196940,3149
197156,2982
197341,3185
197368,3309
197537,3355
197697,3427
197792,3454
197815,3605
197971,3439
198129,3638
198251,3623
198416,3576
198572,3560
199583,3647
199751,3542
199775,3222
199924,3315
200014,3374
200176,3256
200210,3368
200348,3829
200382,3827
200501,3862
201073,3759
201579,3588
201754,5187
202182,4660
202342,4390
204056,3556
204682,3856
204701,4199
204990,3877
205248,3569
205429,3521
205596,3914
205750,3248
205757,3197
205925,3257
205932,3592
206106,5733
206113,3973
206157,3771
206202,4173
206251,4349
206296,4627
206345,4769
206397,4788
206447,5808
206491,4884
206534,4988
206578,4849
206624,4851
206683,5910
206744,5954
208182,3774
209247,3544
209313,3799
209695,3736
209962,3608
210159,3623
210412,3487
210439,3571
210749,3354
210951,3578
211215,3532
211239,3685
211424,3627
211555,3580
211647,3837
211694,4285
211753,4493
211926,3677
212195,3880
212349,3786
212561,3634
212782,3576
214151,2822
214180,3534
214336,3383
214462,3306
214576,3462
214580,3324
216197,3268
218573,5565
218749,2952
218921,3103
219089,3083
219281,3179
219314,3252
219477,4779
219609,4302
219697,4661
220249,3774
220446,3829
220627,5060
220735,3679
221028,4698
221156,4642
221324,4685
221330,4552
221500,4885
221671,5412
221848,5504
222015,5458
222190,5333
222354,5974
222515,6140
222716,5454
222762,5422
222878,5389
222931,5420
223051,5526
223083,5450
223247,5377
223255,5478
223433,6195
223442,6306
223588,6234
223614,6293
223748,6347
223790,6296
223964,6222
224107,6766
224498,6430
224687,6290
224844,6182
224934,5980
224993,6322
225142,6245
225300,6886
225712,6425
226149,5674
226190,6251
226275,5674
226585,5817
227164,5352
227204,5073
227346,5522
227465,5203
227596,5323
227625,6291
227901,5865
228413,5647
229374,5235
229551,5153
229969,4818
231119,4853
231404,4120
231964,4172
231996,4192
232129,4111
232272,4135
232509,3962
232700,3859
232794,3973
232947,4056
233006,4110
233074,3981
233151,4426
233254,4659
233298,4700
233342,4765
233395,4431
233518,4692
233562,4782
234658,4559
235032,3857
235212,3769
235350,3929
235494,4045
235615,4307
235660,3671
236594,4070
236828,3572
236927,3651
237153,4086
237297,4056
237369,3681
237419,3995
237526,3761
237674,4440
237794,4370
237907,4305
238473,3920
238625,4355
238713,4211
239027,4002
239080,4501
239361,4347
239382,4051
239525,3993
240859,3053
241159,2897
241344,2775
241459,2812
241618,3618
241697,2780
241877,3230
242215,4099
242364,4177
242544,3965
242573,4135
242686,4217
244796,3074
244951,5752
245127,5639
245250,4040
245320,3858
245380,5551
245423,5180
245518,4205
245537,3482
245724,3549
246263,4576
246351,4352
246537,4217
246738,4098
246757,4299
246939,3637
247089,3938
247103,3935
247254,4061
247315,4017
247453,4201
247479,4384
247507,4647
248059,3914
248255,3662
248412,3615
248585,3835
248730,3457
248783,3586
248952,3531
249123,3586
249377,4478
249538,4398
249739,4518
249816,4918
249921,4688
249972,4919
250123,4752
250258,5267
250337,5045
251147,5662
251421,5489
251443,5329
251703,5290
251728,5129
251906,5045
252040,5039
252165,4996
252279,5011
252419,5002
252856,4696
254171,3545
255690,3381
255913,2971
256086,3342
256249,3571
256403,3546
257020,3347
257613,3439
257699,2837
257876,3068
258027,2967
258222,2826
258277,3073
258409,3322
258450,3244
258572,3307
258758,3341
258907,3265
258983,3106
259107,3197
259218,3242
259333,3502
259527,3217
260378,4537
260403,4138
260830,4168
261090,4161
261112,5022
261919,4268
262145,4611
262336,4184
262562,4778
262583,5045
262756,4699
262980,4885
263188,4832
263411,4760
263474,4966
263784,4712
263820,4742
264044,4787
264215,4762
264374,4665
265365,3904
265515,3802
265541,3832
265651,3756
265811,3925
265833,4196
265961,4527
266013,4136
266148,4105
266259,4513
266267,4598
266383,4558
266406,4602
266541,4574
266573,4796
266750,4871
266826,4897
267154,5452
268205,4277
268220,4463
269009,3968
269085,4004
269479,3670
269836,3395
269895,4052
270033,3966
270234,4065
271195,3697
271417,3424
271447,3621
271761,3242
271958,3537
272167,3432
273114,2936
273258,4071
273303,3004
273438,2962
273452,3088
273600,3358
273676,3554
273686,3353
273829,3491
274109,4112
274327,3805
274492,3693
274669,3775
274674,3848
274852,3751
274986,3743
275158,3619
276153,5082
276191,3119
276397,3022
277026,4261
277163,4173
277409,3975
277574,4008
277592,3341
277749,3252
277905,3141
279049,3025
279098,3123
279399,2982
280897,3206
281070,2979
281415,2908
281620,3346
281773,3251
281913,3501
282087,3530
282240,3514
282359,3550
282522,3833
282673,3913
283911,2970
283942,3022
284097,3192
284195,3339
284236,3302
284372,3517
284505,3594
284525,3727
284677,3723
284816,3887
284953,4274
285086,4144
285220,4875
285240,4650
285362,4785
285456,4670
285496,4962
285971,4451
287157,5027
287201,4620
287357,4728
287568,4773
287606,4530
287627,3756
287804,4125
288085,4169
288239,4152
288538,4298
288680,4272
288763,4147
288795,4206
288913,4443
288936,4221
289044,4365
289075,4594
289263,4471
289412,4309
289544,4827
289687,4965
289824,4951
290212,4782
290959,4154
291577,3994
291891,3810
292054,3743
292173,3764
293009,3435
293183,3314
293207,3535
293371,3875
293491,3702
293602,3713
293791,3765
293925,3566
293938,3858
294069,4695
294212,4367
294598,4585
294697,4194
294856,4125
294988,4044
295138,3944
295298,3832
296578,3752
296772,3052
297034,4130
297088,3646
297257,3998
297327,4176
297426,3864
297560,4165
297839,4008
297966,3930
299352,3168
299430,3563
299592,3368
299618,3096
299765,3972
299831,3946
299960,3118
300161,3772
300167,3189
300365,3245
300509,3553
300969,3768
301092,3909
301329,3732
301434,3403
301560,3904
302061,3611
302081,3434
302220,3744
302360,3981
302761,3637
304534,3405
304559,3526
304828,3310
304890,3281
305042,3671
305164,3635
305302,3771
305347,3938
305494,4428
305557,3742
305685,4064
305699,4013
305880,4032
306047,4006
306066,4289
306169,4231
306257,4456
306400,4629
306443,4793
306536,4590
306753,4481
306943,4375
308849,3339
308908,3508
309108,3674
309363,4184
309519,3682
309543,4080
309740,4441
309879,4353
310013,4321
310159,4125
310298,4084
310441,4168
310483,4584
310710,4108
310863,4221
310883,4405
311044,4236
311449,3931
312013,3470
312033,3534
312207,3602
312396,3463
312541,3639
312698,3335
312941,3457
313255,3259
313459,3555
313619,3446
314054,3727
314234,3652
314359,3476
315868,3034
316034,3236
316233,3133
316256,3189
316416,3124
316666,3352
316721,3289
316852,3404
317063,3548
317339,3435
317536,3329
317826,4284
318009,3281
318371,3072
318431,3101
318504,3173
319419,3017
319576,3371
319600,3737
319765,3427
320045,3448
320222,3442
320303,3446
320461,3415
320502,3438
320675,4112
321325,3402
321476,3300
321609,4474
321877,3027
322158,3336
322303,3416
322479,3738
322507,3630
322626,4450
322801,3795
322928,4231
324155,3109
324318,3122
324342,3321
324477,3496
324726,3546
324891,3563
325033,3336
325055,3548
325171,3736
325199,4629
325338,4436
325358,4043
325580,4316
325592,4715
325915,4262
326938,3937
326944,3466
327539,3696
327701,3342
328090,3625
328111,3292
328711,3317
328720,3454
328875,3387
329037,3879
329045,3959
329198,3888
329230,3943
329348,4211
329508,4560
329514,4091
329928,3920
330217,3717
330753,3707
330821,3685
330888,3940
330966,3892
331117,3846
331261,3753
331804,3358
331956,3417
332081,3400
332198,3358
332311,4136
332423,3973
332552,3540
333201,4022
333365,3763
333504,3770
333668,3750
333878,3785
334094,3500
334227,3636
335683,4179
335702,3500
335747,3238
335977,3439
336106,3392
336138,3228
336352,3276
336558,3530
336684,3454
336805,3387
337578,3851
338033,3473
338096,3246
338146,3393
338186,3710
338510,3449
338536,3830
338999,3531
339151,3454
339288,3533
339455,3496
339572,4194
339686,3404
339711,3473
339908,3680
339930,3903
340154,3729
340295,3641
340314,3778
340452,4079
341537,3215
341756,3511
341796,3255
341939,3235
342087,3557
342208,3853
342917,3028
343035,3103
343209,3404
343345,3585
343362,3692
343575,4158
343689,3770
343837,3846
344038,3685
344564,4169
344683,3493
344832,3467
345015,3994
345212,3745
346573,3150
346751,2860
347053,2851
347209,3034
347492,3125
347519,3328
347762,3321
348430,2975
348586,4411
348790,3820
348892,3364
350069,2908
350123,3059
350284,3134
350306,3315
350437,3370
350459,3365
350587,3734
350884,3387
350916,3529
351094,3612
351247,3934
351416,4058
351562,3996
351573,3915
351683,3937
351837,4234
351879,4537
352049,4899
353011,3615
353446,3739
353695,3872
353853,3596
353997,3770
354091,4348
354147,3944
354354,3791
354474,3949
354497,4027
354681,4625
354747,4203
354900,4100
354960,4560
355107,4723
355306,4577
355786,4013
355825,4588
355914,4249
355993,4819
356134,4617
356159,4361
356252,4551
356307,4655
356892,3969
357061,4004
357899,3534
357921,3820
358097,3796
358261,3987
358497,3697
358778,3534
359345,4372
359368,3887
359533,4222
359556,3929
359674,4259
360753,3133
360922,3239
361074,3137
361212,3385
361354,3348
361481,3432
361857,3277
362221,2999
362386,2935
362410,2992
362561,2978
362586,3041
362674,3157
362854,3170
363506,2996
363755,3518
363992,3101
364013,3842
364180,3293
364304,3671
364345,3680
365963,2796
366096,2775
366234,2937
366335,3489
366374,3512
366555,3718
366580,3177
366845,3989
366871,3439
367111,3859
367133,3960
367303,3718
367502,3664
367691,3851
368175,3870
369198,3208
369240,3312
369369,3237
369500,3305
369946,3019
370087,3401
370103,3469
370306,3711
370458,3583
370904,3861
371134,3760
371206,3612
371359,3981
371571,3906
371739,3538
371883,3489
371912,3939
372049,4071
372093,4126
373102,3241
373133,4358
373292,4921
373345,4925
373616,3406
373696,4627
373853,4285
373886,3431
374091,3380
374229,5136
374348,4109
374478,4145
374616,3957
374733,4137
374904,3884
375043,3873
375930,3319
376422,3177
376654,3229
376856,3265
377562,3237
378126,3419
378289,3373
378720,3178
378881,3101
379027,3054
379197,3061
379365,3723
379507,3234
379726,3069
379905,3053
380151,3003
380250,2819
380270,2980
380422,3238
380531,3069
380616,3657
380665,3505
380816,3407
382106,2911
382138,3020
382343,3133
382582,4167
383126,3335
383275,3385
383480,3642
383724,3476
383848,3493
383961,3620
384972,3014
385084,2923
385233,3572
385313,3298
385463,3487
385526,3429
385593,3485
385740,3289
385892,3202
385910,3289
386050,3376
386100,3252
386218,3683
386247,3770
386433,3739
386474,3761
386568,3785
388431,3259
390715,2816
390799,3649
390959,3543
391127,2876
391351,3410
391496,3214
392027,3968
392047,4183
392193,4224
392240,4469
392275,4743
392526,4259
393056,4209
393102,4344
393303,5116
393395,5134
393584,5653
393757,5055
393916,5077
394081,4863
394211,5079
394238,4826
394365,4819
394479,6140
394617,6530
394697,6045
394831,6057
394967,6027
395031,6513
395092,6115
395184,6106
395281,6108
395302,6295
395415,6346
395424,6441
395527,6211
395562,6418
395687,7882
395720,7491
395739,8346
395756,8522
395796,8237
395881,7225
396064,7639
396258,7504
396694,7196
396855,6984
397465,6474
397669,6664
397684,6321
397927,6243
398063,6364
398392,6787
398559,6793
398787,6563
398910,6494
399031,6589
399329,6382
399495,6493
399707,6187
399921,6153
400167,6315
400438,6887
400454,7135
401172,6582
401382,6632
402222,5882
402254,5936
402374,5918
402420,5956
402618,6726
402955,6090
403224,5917
403373,5997
403866,6312
404114,6288
404962,6403
405002,5275
405193,5429
405431,5988
405458,5555
405684,5786
405829,5691
406424,5108
406573,5792
406588,4981
406749,5708
406892,5667
406938,5019
407021,5489
407887,5092
408106,5345
408302,5200
408479,4127
408625,5236
408680,4354
408750,4816
408912,5180
409046,5266
409179,5348
409208,5151
409384,5039
409579,5829
409723,4787
410955,4747
411623,4996
411885,4536
412062,4448
412123,4133
412275,4456
412465,4660
412609,5851
412685,4639
412854,4870
413086,5320
413123,5641
413280,5953
413294,5215
413417,5875
413557,5381
413694,5486
413742,4815
413889,5476
413920,5121
414025,5395
414153,4963
414272,4896
415272,4199
415424,4158
415557,4140
415748,4102
415770,4127
415924,4127
415998,4223
416746,3563
416826,3734
417028,4223
417261,3923
417433,5168
417480,5069
417555,4388
418072,4054
419199,3390
420685,3079
421010,3143
421221,2987
421369,3157
421402,3227
421573,3567
422165,2847
422376,3179
422915,2919
423126,2853
423285,2777
423383,2822
423410,3630
423535,3484
423588,3519
423730,3704
423875,3633
423918,3779
424110,3872
425233,3027
425388,3209
425426,6079
425523,5899
425574,5012
425606,3001
426047,3133
426221,3167
426252,3561
426359,4715
426375,3752
426513,3467
427053,4553
427233,4322
427266,4283
427399,4283
427531,4201
428286,3967
429002,2854
429155,2872
429469,3406
429705,3747
429745,3359
429917,3664
430075,3455
430220,3730
430270,3865
430315,4505
430370,4527
430420,4530
433206,3024
433364,3052
433601,3979
433674,3534
433782,3109
433850,3127
434055,3758
434177,3705
434282,3943
434301,3742
434427,3719
434473,3993
434547,3971
434612,4192
434658,4012
434685,4335
434728,4343
434762,4659
434792,4554
434890,4556
435707,4004
435820,4178
436551,3498
437035,4017
437066,3479
437203,3575
437244,4381
437294,4483
437657,3914
437913,3787
439023,4074
439182,4151
439217,3712
439478,3511
439502,4375
439611,3594
440113,3395
440327,3232
440459,3228
440650,3114
440893,2953
440931,3878
441117,3583
442336,4041
442360,2952
443674,3182
443956,3668
443984,3951
444186,3581
444210,3572
444472,3346
444499,3336
444678,3373
444835,3219
445582,3126
446073,3002
446129,3114
446214,3191
446303,3221
446466,3075
446500,3563
446655,3357
447064,4596
447210,4872
447394,4746
447431,3897
447897,3757
448089,3794
448134,3704
448250,3731
448257,3631
448389,3835
448545,3930
448668,4082
449653,3351
449685,3779
449847,4132
449912,3770
450037,3699
450150,3675
450314,3907
450341,4195
450541,4657
450562,4281
450670,3825
450837,3916
451016,4252
451121,4242
451345,3846
452301,3665
452345,3473
452494,3376
452622,3465
452807,3803
452832,3867
452960,4448
453076,4472
453231,4896
453937,4252
454166,4245
454305,3567
454328,3650
455912,3180
456121,2869
456146,3210
456280,3267
456304,3129
456568,5173
456736,3211
456989,3062
457201,2960
457353,3513
457510,3411
457613,3573
457793,3811
457837,4205
457880,4377
458437,3973
460236,2866
460258,3000
460421,3019
460561,3532
460604,3686
460703,3338
461034,4094
461037,5003
461193,4117
461253,4142
461408,4141
461662,3997
461871,4123
462094,3985
462299,3867
462479,3786
462674,3701
462801,3684
462921,3838
463673,3344
463844,3298
463878,3336
464062,3287
464202,3676
464232,3892
464248,3276
464404,3654
464408,3514
464528,3659
464789,4656
464940,4852
465208,4647
465568,4381
465734,4305
465877,4588
466076,4605
466214,4778
466365,5383
466512,6412
468177,3759
468335,3448
468396,4450
468680,3394
468687,4214
468816,3958
468877,3393
469021,4001
469113,7347
469186,3785
469309,4829
469460,4627
469675,4513
471210,5690
471463,3139
471861,3373
472032,3291
472206,3418
472443,3135
472642,4938
472821,3262
472964,4072
473099,3440
473246,4439
473293,7091
473335,4855
473376,5938
473472,6367
473515,6153
473552,6035
473917,6499
474403,6770
475611,4481
475882,4872
476250,4565
476278,4325
476379,4491
476540,4495
476675,4575
476695,4628
477005,4669
477137,4736
477279,4646
477346,4836
477407,4582
477472,4760
477603,4785
477659,4640
477758,4782
477912,4679
478047,5786
478207,5165
478377,5566
478405,5637
478559,5429
478590,5611
478677,5414
478698,5194
479415,5440
479679,5280
480200,4918
480236,5017
480474,5030
481407,5077
481488,5133
481709,5098
481732,5170
481874,5179
482021,5695
482063,5177
482187,8158
482340,7868
482507,5504
483048,7362
483359,7114
483420,4701
483485,7041
485076,3945
485178,3603
485339,3288
485390,3854
485531,3662
485728,3647
485883,3556
486001,3488
486128,5675
486263,5523
487335,4014
487506,3741
487716,5660
487772,5441
487834,3881
487850,5418
487917,5401
487977,5316
488024,5357
488072,5622
488131,6040
488179,6044
488229,5944
488290,5982
488349,6096
488405,6146
488771,4322
489814,4264
490007,4351
490222,4468
490365,4449
490504,4458
490652,4650
490792,4614
490923,4622
491056,4571
491193,4610
491324,4530
492162,4180
492328,4067
492485,4138
492581,5034
492904,3758
493048,3670
493415,4148
493998,5308
494252,4950
494396,6882
494545,6645
494790,6885
496079,5855
496302,3695
496460,3673
496485,5507
496681,3619
496865,3520
496886,4646
496983,3611
497347,4457
497524,3392
498218,2867
498432,3320
498645,3249
498700,3426
498809,3385
498868,3851
498970,4372
499034,3785
499121,4464
499288,4246
499394,3859
499587,5116
500367,3479
500539,3974
500916,3626
501168,3210
502303,3102
502473,3476
502625,3438
502691,3321
503125,2986
503465,2909
503628,3285
503675,3063
503824,3197
503986,3907
503997,3559
504032,3764
504195,3606
504353,3589
504965,3558
505356,3825
505534,3607
506001,2964
506176,3104
506196,3170
506336,3239
506402,3870
506876,3260
507040,3179
507078,3230
507322,3623
508148,3103
508315,2987
508438,3270
508468,3099
508911,3132
509219,3071
509393,3039
509415,3169
509542,3447
509703,3460
509833,3470
510073,4062
510612,3389
510752,3332
510904,3381
511083,3327
511114,3421
511648,3058
511827,3006
512393,3176
512462,3586
512606,3390
512629,3721
512898,3211
513002,3258
513157,3779
513329,3630
513354,3666
513522,3607
514066,4276
514919,3685
514939,3318
515079,3647
515118,3324
515258,3452
515380,3743
515704,3273
515730,3489
516149,3205
516353,3161
516377,3290
517168,2793
517341,3679
517363,2944
517440,3086
517589,3668
517671,3576
517827,3613
517966,3188
518392,3497
518620,3360
518948,3127
519182,3100
520009,3426
520191,2975
520369,2896
520583,4144
520713,3124
520857,3653
521011,3790
521278,3573
523198,2875
523389,3239
523553,3497
523589,2957
523667,3332
523746,3402
523944,3415
524096,3615
524217,3721
524353,3734
524552,3585
524956,3262
525099,3728
525134,3463
525338,3690
525503,3312
525717,3399
525811,3393
526155,3354
526449,3516
526485,3409
526685,4206
526838,4238
526856,3627
526991,3585
527177,3877
527316,3824
527497,4097
527505,4162
528164,4158
528299,4110
528430,4032
528604,3906
529671,3240
529717,3045
530014,4544
530038,3284
530136,3282
530278,3197
530409,3491
530549,3778
530711,3797
531188,3825
531248,3654
531398,4103
531423,3780
531765,4040
531953,3945
532269,3735
532417,3689
532589,3649
533526,3178
533695,3471
533730,3842
533887,3841
534013,4051
534015,4495
534126,4332
534160,4125
534212,4166
534339,4128
534401,4177
534601,4440
535037,3994
535122,3983
535305,3953
536079,3404
536232,3823
536383,3766
536523,4209
536551,3887
536873,4169
537015,4075
537136,3855
537270,3870
537408,4021
537751,3727
538119,3829
538800,3265
539055,3866
539188,4030
539355,3805
539506,3472
539625,3885
539745,4147
539773,4333
539893,4660
539899,4718
540187,4526
540463,4329
541242,4115
541500,3908
541738,4229
541849,3759
542007,4256
542123,4097
542201,4141
542248,4240
542345,4661
542486,4626
542518,4822
542608,4832
542673,5214
542757,4963
542817,5366
542993,4859
543294,4674
543619,4442
543740,4477
543892,4475
543942,4591
544037,4856
544141,4609
544841,4531
544873,4840
545036,4529
545055,4495
545192,5010
545213,4592
545408,4445
545484,4794
545697,4345
546094,5381
546395,5175
546512,5579
547735,4412
547902,4342
548026,5187
548228,4936
548525,5089
548672,5059
548902,4926
549045,5455
549064,4963
549195,5510
549402,4951
550244,4194
550383,4163
550406,4288
550675,4168
550797,4494
550954,4884
553798,3781
553879,3709
554060,3609
554190,3916
554335,3834
554539,3719
554776,3599
554917,3544
555051,3491
555185,3913
555338,3711
555473,3477
555591,3410
555899,3661
556044,3569
556935,3515
558565,3776
558590,4901
558686,4013
558778,3631
558921,3838
559061,3810
559199,3770
559218,4370
559346,4091
559388,4180
559532,4089
559678,4060
559812,3993
559831,4072
559930,4215
560075,4307
560208,4262
560328,4249
560611,4316
560926,4056
561024,4215
561104,3925
561260,3850
561401,4010
561429,4036
562164,3465
562189,3715
562356,3598
562512,5067
562535,4658
563266,4451
563288,4632
563443,4584
563829,4301
564711,3891
564939,4291
565094,4188
565247,5314
565442,5289
565582,5266
565677,5111
565813,5043
566012,4889
566040,4869
566147,4996
566342,5481
566395,5367
566780,4931
567383,4531
568374,3833
568431,3877
568605,3992
568694,3730
568715,3797
568908,4296
568931,3863
569066,4298
569115,4336
569277,4346
569413,4406
569437,4686
569582,4488
569599,4605
569696,4896
569852,5132
570161,4876
570338,5398
571094,4665
571213,5384
571215,4645
571349,4905
571363,4588
571610,5113
572251,4257
572397,4553
572538,4194
573012,4407
573264,4422
573460,4167
573511,4244
573843,3984
573910,4056
574048,4016
574134,4016
574308,4004
575110,3502
575280,3629
575438,3566
575462,3587
576350,3467
576758,3483
576809,3927
576983,3310
577128,3936
577262,3856
577467,3702
578674,3119
579086,2902
579123,3158
579272,3157
579332,3037
579375,3153
579473,3444
579655,3343
579696,3466
579848,3371
579922,3816
579968,3731
580069,3721
580103,4518
580782,3387
580932,3390
581109,3620
581253,4002
581273,4034
581839,3407
583374,5958
583541,5872
583574,3860
583736,3590
584006,4723
584036,5485
584203,5396
584224,5396
584352,4862
584376,5507
584697,5301
584819,5290
584870,5202
584984,5314
585024,5307
585148,5274
585336,5242
585433,5303
585452,5817
585596,5507
585617,6468
585795,5352
586612,5270
586690,5156
586714,5114
586855,5132
587009,5039
587164,5153
587326,5041
587536,4881
587718,5774
587740,5550
587879,5731
587915,5631
588037,5671
588076,6750
588187,5595
588228,5773
588342,6383
588377,6996
588492,6690
588542,6778
588839,6634
588969,7211
589050,7167
589214,7220
589391,7512
591242,6028
591447,6026
591575,5646
591669,5756
591924,5243
592108,5337
592136,5183
592337,5721
592541,4990
592776,4747
593028,5091
593045,5215
593250,5096
593506,4934
593722,4651
593903,4661
594043,4628
594197,4527
594340,4634
594457,4599
594572,4350
594667,4439
595002,6709
595202,6563
595970,5903
595988,5962
596145,6139
596250,5793
596274,5875
596515,5856
596730,6574
596960,6397
597136,7070
597284,7074
597479,6926
598752,5507
599036,5483
599196,5384
599229,5079
600779,3674
600953,4039
601120,4203
601275,4148
602487,3331
602677,4042
602716,3356
602862,3327
603266,3209
603426,3204
603585,3920
603620,3732
604164,3289
604461,3253
604682,3557
604710,3506
604868,3929
604986,3566
605036,3410
605094,4083
605255,4222
605385,4234
605517,4053
606920,3100
607063,3754
607267,3499
607365,3586
608247,3157
608395,3151
608587,3467
608610,3948
608832,3138
609043,3942
609180,4281
609318,3121
609545,3386
609678,3438
609724,3855
609848,3442
609851,4348
609988,4314
610058,4209
610235,4302
610412,4363
610535,3925
612099,3163
612139,3281
612272,3289
612406,3308
612587,5013
612914,4116
613144,3807
613183,4236
613304,3775
613352,4127
613505,4029
614739,3732
614825,3253
614979,3546
615413,3375
615702,3232
615850,3172
615905,4111
616230,2971
616422,3495
616533,3290
616584,3432
616611,4008
616920,3343
617251,3983
617292,3627
617484,3593
617700,3964
617913,3802
618081,3671
618092,3792
618226,3864
619140,3122
620076,2873
620099,3257
620295,3124
620434,3540
620452,4158
620590,3931
620710,3864
620891,3981
621063,3635
621271,3713
621302,3901
621404,3844
621423,3914
622357,3067
622512,3001
622568,3485
622699,3550
622763,3292
622955,3736
623037,3367
623179,3472
623199,3587
623334,3539
623497,3641
623521,3758
623764,3715
624258,3213
624275,3723
625364,3414
625561,3358
625589,4423
625719,3433
625870,3833
626163,4077
626282,4466
626437,5066
626684,4538
626827,4492
626978,4426
627003,4976
627126,5111
627177,4610
627314,4524
628466,3421
629525,3036
629706,2920
629882,2941
630167,2859
630315,3081
630463,3146
630508,3203
630858,3257
631041,3220
632287,3439
632391,3674
632422,3458
632871,3320
633046,3323
633139,3454
634097,2991
634364,2996
634395,3108
634527,3358
634603,3559
634641,3937
634689,3063
634831,3266
634987,4025
635138,3972
635207,3759
635262,3699
635362,3700
635490,3734
636271,3338
636430,3266
636463,3351
636595,3149
636928,3058
637016,3343
637159,3579
637189,3562
637342,3772
638220,3152
638396,3327
638557,3426
638681,3382
638727,3498
639351,3184
639405,3311
639772,3162
639933,3364
640119,3466
640450,3387
640600,3206
640615,3270
640781,3269
640914,3237
640932,3295
641095,3245
641208,3356
641246,3271
641388,3463
642110,3222
642321,3262
642709,3462
642991,3367
643055,3753
643135,3389
643415,3291
644394,2863
644620,2840
644887,2901
644910,3024
645021,3315
645040,3157
645173,3379
645218,3355
645385,3939
645389,3722
645560,3542
645715,3470
645720,3556
645911,4444
647330,3275
647525,2957
647544,3510
647991,3512
648017,3509
648174,3898
648373,4399
648392,4022
648603,4372
648620,4617
648789,4226
649014,4014
649157,4018
649354,3906
649380,4133
649442,4036
650957,2864
650978,3633
651087,3469
651122,3604
651342,3729
651362,3798
651533,3877
651562,4458
651725,4140
651869,4231
652014,4211
652152,4166
652803,4067
653073,3725
654052,2944
654075,3187
654227,3699
654272,3860
654397,3932
654398,4663
654554,4392
654755,4250
654771,4748
654909,4803
654966,4820
655204,4718
655210,5024
655801,4199
657429,3163
657457,3248
657565,3216
657619,4237
657683,3186
657950,3990
657968,4752
658106,4252
658169,4341
658395,4927
658412,4863
658469,4577
658509,4919
658716,4763
658743,4838
658896,4847
659336,4477
659354,4678
660864,3319
661064,3214
661099,3337
661225,3747
661253,3636
661374,4240
661413,4285
661447,3975
661618,3892
661692,4451
661907,4218
662043,4332
662062,4683
662199,4815
662659,4484
662863,4556
663032,5234
663152,5255
664323,3687
664496,3707
664616,3950
664695,3634
664970,4772
665103,4689
665135,4140
665246,4595
665301,4315
665421,5942
665570,4321
665738,5567
665941,5273
665968,5447
666838,4678
667202,4116
667457,4007
667493,4065
667599,4203
667627,4122
667668,4182
667690,4239
668393,3779
668489,3906
668678,4299
668691,4401
668848,4307
668999,4323
669115,3914
669148,4231
669333,4133
669347,4617
669498,4369
669670,4226
669976,4042
670123,4059
670390,4509
670561,4904
670730,4786
670897,5367
672504,4043
672530,3556
672610,3686
673428,3530
673562,3450
673705,3356
673727,3439
674001,3242
674177,3192
674232,3245
674353,3087
674442,3773
674473,3760
674579,3804
674664,3626
674757,3728
674907,3709
674970,3758
675121,3679
675179,3715
675273,3732
675434,3667
675540,3701
677195,3018
677306,3696
677506,3725
677712,3468
677722,3188
679349,2960
679560,3251
679752,3005
680049,4156
680310,3516
680475,3798
681622,2896
681855,2761
682002,2996
682123,3162
682131,3133
682159,3012
682413,4284
682551,3321
682718,3459
682822,3752
682853,3406
682985,3973
683032,4408
683172,4367
683314,3910
683462,3921
683486,4102
683731,4559
685024,3685
685561,3674
685699,3773
685707,3624
685856,3699
685995,4659
686016,4371
686100,4671
686267,4777
686409,4583
686458,4239
686583,4916
686680,4158
686800,4495
686866,4554
686991,5396
687261,4954
687311,4578
687472,4508
687620,5386
687709,4650
687987,5296
688252,4800
688398,4816
688536,4592
688576,5185
689423,4412
689690,3966
689765,4042
689911,4098
690057,4014
690208,4151
690356,4351
690477,4283
690807,4063
691877,3862
692039,4107
692078,4313
692208,4131
692229,5486
692387,4141
692521,4380
693085,3902
693227,3856
693366,4009
693538,3970
693843,3755
693889,3808
694066,3726
694114,4119
694188,3793
695195,3121
695234,2876
695326,3087
695466,3572
695482,3510
695617,3480
695804,3407
695924,3917
695984,4010
696023,4085
696182,4114
699424,2942
699451,2947
699668,3663
699697,4079
699834,3727
699874,3577
700703,2922
701305,2783
702983,3084
703164,3043
703907,3381
703940,2859
704150,2762
704267,2766
704746,2989
704909,3274
705052,3191
705221,3072
705363,3027
705514,3250
705754,3065
705916,3182
706082,3248
706202,3178
706444,3312
706585,3656
706964,2929
707137,2962
707352,3268
707372,3227
707508,3278
707765,3511
707939,3431
708517,3764
708542,3071
708754,5266
708901,5216
709147,3566
709209,5115
709507,4649
709724,4697
709901,3252
710093,3650
710266,4277
710422,4032
711022,3675
711184,6552
711456,3382
711948,3212
712111,3365
712367,3517
712527,3354
712718,3353
712797,3727
712875,3728
712971,4001
713033,4800
713128,3897
713257,3919
713297,4126
713418,4001
713455,4129
713562,4533
713618,4302
713833,4188
713990,4190
714255,4017
714707,3736
714958,3577
715295,3433
715518,3330
715620,3468
715715,3523
715908,3422
715969,3444
716223,3663
716246,3680
716353,3743
716438,4508
716536,5189
716953,4785
717243,5124
722032,3945
722179,3635
722454,4106
722619,6175
722715,6197
723071,4243
723102,4833
723160,6550
723206,5965
723244,5278
723266,6314
723318,7713
723361,7343
723422,5534
723427,7186
723477,7460
723867,4149
723940,4184
724118,4208
724292,4305
724468,4393
724644,4459
724827,4482
724995,4386
725368,4230
725555,5643
725830,5419
726082,3611
726261,3316
726502,3320
728423,3398
728688,3385
729411,2972
729861,2961
729894,3017
730038,2950
730059,3304
730291,3972
730788,3603
731073,3456
731127,3349
731352,3380
731643,3341
732578,3469
732855,3242
733032,3452
733065,3604
733201,3521
733223,3707
733374,3645
733399,3901
733538,3752
733564,3812
733727,3734
734032,3757
734284,3978
735068,4217
735090,3416
735168,3579
735403,3308
735622,3420
735846,3401
736005,3395
736133,3912
736274,3881
736302,3791
737056,3468
737105,3597
737235,3522
737376,3462
737515,3407
737613,3842
737728,3892
737875,3825
738061,3693
738223,3659
739074,3406
739110,3636
739293,3579
739432,3529
739711,3362
739891,3240
740069,3295
740189,3394
740884,3187
741042,3081
741183,3226
741328,3935
741450,3604
741691,3403
741948,3314
741990,3403
742128,3455
742533,3261
743237,3070
743392,3350
743446,3375
743528,3610
743700,3584
743884,3525
743905,3557
744564,3632
744723,3612
744948,3458
745135,3581
745989,3138
746012,3199
746163,3154
746188,3404
746328,3947
746398,3909
746563,3808
746583,3844
746773,3755
746969,4034
747082,3788
747251,4139
747296,3748
748534,2871
749062,3646
749223,3544
749403,3413
749484,3571
749745,3123
749931,3269
750106,3198
750180,3786
750442,3570
750830,3514
751085,3521
751228,3638
751420,3645
751605,4134
751688,3468
751852,3972
752349,3797
752552,3648
752817,3310
753736,2889
753892,3146
754040,3175
754183,3084
754227,3481
754436,3819
754450,4269
754619,4164
754699,3695
754708,4395
754904,4255
755210,3974
755386,3878
755514,3942
755664,3901
757104,3009
757266,3106
757385,3135
757532,3087
757578,3537
757678,3134
757793,3426
758050,3720
758327,3765
758431,3639
758516,3679
758685,3827
758734,3616
759871,2887
760027,3291
760169,3890
760191,4572
760263,3346
760397,3988
760535,3758
760708,4236
761165,3861
761365,3455
761379,3479
761560,3630
762912,4521
763421,4585
763706,4409
763725,3802
763869,4257
763940,4303
764128,4100
764135,4633
764302,4574
764461,4497
764617,4429
765414,3772
765581,3704
765761,3575
765926,3792
766049,3684
766218,3751
766270,3636
766416,3660
766441,3685
766576,3988
766604,4338
766700,3743
766916,4127
767067,4033
767216,4544
767372,4614
767529,4606
767689,4511
767839,4465
767951,5044
768383,4216
768508,4852
768559,4698
768701,4711
769614,4553
769792,4473
769944,4274
770061,4253
770224,4138
770367,4069
770506,4677
770619,4741
770747,4695
770864,4658
771204,4182
771447,4047
771811,3799
771828,3947
772272,3807
772422,3732
772630,3825
772689,3519
772715,3899
773070,3435
773087,3928
773484,3354
773991,3472
774278,3428
774483,3493
774535,3630
775006,3280
776249,3308
776734,3459
777082,3190
777245,3375
777379,3301
777513,3388
777806,3307
778382,2905
778401,3029
778550,2953
778778,3697
778813,4306
778922,2957
779077,3233
779131,3584
779279,3557
779420,3482
779545,3565
779596,4315
779770,3593
780023,3729
780220,4131
780413,3766
780580,3796
781353,3274
781546,3581
781685,3547
781698,3600
781818,4012
781942,3719
782091,3661
782583,3639
782601,3599
782786,3746
782935,3379
782950,3647
783132,4258
783830,3363
784015,3316
784050,3513
784181,3559
784216,3682
784387,3681
784423,3671
784672,3509
785042,3401
786033,3476
786064,3756
786227,3771
786372,3730
786566,4164
787046,3269
787218,3572
787604,3513
788477,3503
788576,2877
788873,3051
789043,2991
789222,3161
789304,3265
789312,3465
789592,3455
789691,3822
789753,3377
789895,3817
790026,3752
792210,2895
792372,3089
792536,3207
792679,4024
792869,3641
793037,3523
793203,3406
793243,3521
793349,3546
793462,3665
793693,3459
793813,3391
793919,3427
794170,3319
794262,3458
794527,3395
794557,4033
794718,3769
794873,3670
795068,3747
795231,3635
795363,3707
795502,4738
795582,3332
795616,3377
795843,3240
795978,3500
796101,4516
796155,4369
796315,3420
797611,4095
797746,3862
797806,3493
798622,3280
798846,3295
799096,3145
799233,3806
799270,3672
799323,3613
799440,3567
799820,3564
799854,3219
800849,3043
800868,3063
801019,3215
801167,3143
801304,3077
801443,3166
801664,3095
801811,3399
801966,3295
802114,3594
802307,3617
802494,3461
803169,2966
803233,2992
803325,3678
803495,3617
804417,3129
804788,3249
804937,3646
805043,3043
805305,3302
805445,3259
806402,3462
806492,3287
806717,3374
806877,3301
807004,3280
807123,3305
807188,3302
807323,3275
807365,3525
807418,3593
807455,3998
807486,5577
807518,4912
807560,4661
808259,3018
808285,3081
808435,3413
808628,3855
808802,3252
808968,3840
809066,4240
809140,3795
809278,3901
809408,3948
811200,3280
811411,3120
811572,3481
811927,4073
812079,4061
812254,4206
812285,3955
812455,3897
812612,4100
813173,3828
813303,3770
813458,3881
813477,3524
813706,3418
813751,3687
813877,3622
814014,3692
814131,3713
815214,3394
815382,2988
815415,3619
815531,3722
815559,3606
815730,3679
816608,4056
816691,3866
816839,4108
817038,3980
817179,3954
817242,3998
817368,4014
818271,3284
818412,3376
818437,3271
818594,3717
818679,3521
818851,3510
819092,3684
819242,3584
819360,3519
819473,3460
819607,3469
819655,3596
819890,3406
820012,3338
820150,3309
820282,3605
820469,3960
820604,3811
820706,3951
821557,3361
821720,3279
821855,3303
822037,3750
822524,3862
822930,3881
823135,3823
823275,3840
823444,3867
823513,3894
823536,3969
823939,4055
823981,4112
824196,4151
825256,3301
825280,2955
825363,3345
825570,3035
825591,3370
825818,2882
825838,2983
825984,3410
826020,3194
826048,3468
826083,3651
826102,5304
826218,3222
826547,3854
827523,3263
827823,3047
829503,3283
829677,3168
829880,3490
830027,3398
830210,3270
830234,3481
830414,3946
830475,3810
830927,3640
831110,3550
832225,4045
832359,3572
832378,3503
832516,4424
832566,4045
832610,4300
832722,4241
832930,4117
833048,4279
833206,5051
833244,4473
833378,4547
833511,4664
833688,4658
833868,4963
834013,5115
834031,4983
834198,5261
834373,5140
834509,4588
834675,4530
834847,4463
834972,4425
835099,4791
835668,4606
835700,4668
835865,4571
836003,4541
836046,4768
836118,5015
836304,5482
836464,5542
836599,5290
836749,5310
837545,4699
837601,5283
837764,4902
837793,4718
837947,4774
838024,4975
838140,4790
838189,4865
838618,5183
838952,5053
839157,4895
839527,4429
840408,4209
840570,4122
840626,4135
840783,4349
840927,4260
840952,5213
841063,4237
841252,4965
841379,4950
843099,3073
843172,3313
843330,3773
843392,3939
843466,3769
843654,3597
843806,3532
843948,3537
844154,3708
844303,3787
844446,3799
844692,3670
844817,3637
844953,4051
844990,4206
845169,4148
845668,3747
845798,3964
845989,3891
846419,3743
846511,4141
846661,4079
846939,3850
848487,2934
848508,3004
848681,3542
848703,3663
848845,3671
848870,3587
849022,3986
849046,3960
849184,4085
849463,4056
849642,4161
849704,4048
849930,3920
850175,3859
850360,4244
850544,4812
852512,3078
852606,3427
852665,3157
852783,3305
852841,3240
853050,3239
853064,3436
853217,3364
853384,4218
853538,4369
853558,4586
853683,5212
853804,5183
853933,5104
854075,5012
854093,4901
854253,4792
854289,4847
854373,4538
854453,5042
854600,4905
856687,3185
856708,3247
856859,3200
856883,3262
857022,3219
857041,3309
857174,3264
857189,3665
857320,4557
857351,4351
857463,4533
857600,4472
857715,4505
857736,4604
857970,4915
857999,4827
858182,4790
860197,3562
860359,3577
860499,3381
860531,3780
860686,3452
860886,3306
861036,3787
861215,3309
861272,3339
861408,3606
861437,3729
861570,3886
861718,3837
861908,4064
862035,4041
862714,3461
862935,3328
863137,3881
863161,3413
863242,3828
863395,3728
863419,3690
863766,3594
863977,3449
864571,3896
864691,3354
864876,3539
865035,3696
865173,3622
865361,3981
865522,3906
865668,4040
865817,4369
867483,5331
867500,3266
867869,4888
867891,4533
868024,4192
868084,4785
868250,4293
868265,4274
868427,4198
868523,4087
868546,4171
868678,4224
868890,4062
869048,3911
869177,3868
869818,3366
869912,3471
869988,3438
870281,3335
870451,3412
870605,7392
870857,2926
871057,2990
871080,3073
871224,3049
871334,3184
871388,3226
871509,3232
871584,5496
871709,3390
871877,3752
872035,4489
872204,4591
872370,5195
875423,2862
875843,2785
876015,2994
876185,3226
876243,3457
876291,3607
877330,2921
877514,2917
877720,3284
877986,2847
878134,2850
878343,3041
878493,2958
878610,3642
878699,3341
878802,3557
878973,3331
879048,3847
879313,3374
879464,3352
879505,3553
879553,3418
879727,3445
880278,3455
880306,3181
881176,2891
881372,3090
881522,3202
881720,3251
881873,3149
882037,3356
882084,3168
882713,3882
883756,2796
883911,3036
884033,3002
884152,3029
884308,3415
884345,3154
884496,3528
884747,3650
884765,3809
884911,3873
885200,3796
885353,3714
885511,3653
885935,3313
886078,3316
887025,3061
887485,3177
887532,3957
887620,3201
887688,3054
887847,3178
887977,3611
888143,3397
888221,4218
888427,4069
888555,3702
888924,3591
889085,4001
889227,3597
889368,3593
889551,3517
889795,3419
890111,3179
890861,3202
891090,3295
891215,3390
891221,3811
891333,3526
891391,3751
891534,3555
891958,3240
892127,3267
892259,3213
893505,3207
893546,3993
893690,3524
893889,3753
893941,3539
894086,3446
894226,3418
894245,3509
894941,3136
895720,3032
895867,3409
895906,3519
896010,3375
896043,3580
896163,3673
896182,3435
896339,3568
896456,4134
896592,4140
896744,4263
897179,4009
897283,3780
897307,4662
898129,3147
898334,3114
898359,3671
898502,3589
898529,3370
898794,3728
898946,3635
899105,3558
899108,3606
899255,3541
899460,3975
899668,3818
900263,3648
900426,3539
900446,3651
901145,3067
901303,3794
901488,3670
901715,3496
901842,3463
902015,3339
902874,3215
902908,3346
903106,3239
903267,3249
903416,3340
903687,3594
903928,3182
904170,3264
904338,3669
904357,3532
904478,3482
905294,2782
905444,3091
905485,2892
905568,3225
905781,3705
905908,3241
905915,3873
905939,4155
905980,4633
906010,4668
906066,4917
906802,3623
906952,3587
908150,3190
908341,3559
908579,4211
908615,2992
908802,3127
908951,3104
909186,3075
909328,3142
909353,3274
909569,3318
909966,3351
910021,3389
910106,3442
910163,3532
910703,3232
910899,3139
911713,3012
911944,2992
912090,3062
912243,3084
912535,3646
912691,4342
912754,3253
913219,3495
913408,3566
913761,3350
913889,3824
914179,3216
914336,3148
914485,3112
914684,3034
915586,3145
915618,3642
915772,3041
916056,3112
916199,3120
916246,3103
916438,3535
916695,3329
916773,3504
917896,3066
917924,3513
918312,4207
918348,4271
918414,3087
918478,3798
918520,3672
919374,3415
919526,3392
919578,3390
919820,3347
919947,3296
920062,3321
920253,3297
920418,3274
920582,3372
920696,3062
920704,3133
920860,3222
920898,3262
920931,3345
920968,3454
920988,3590
921672,3039
921811,3286
921856,3556
921932,3731
922149,4342
922186,4089
924124,3758
924365,3157
924510,3069
924666,3187
924790,3738
924938,3641
925081,3507
925220,3465
925238,3312
925405,3632
925626,3348
925806,3974
925839,3423
925981,3462
926311,3578
926411,4319
927935,3112
928084,3261
928221,3684
928696,3680
928830,3741
929108,3755
929313,3690
929475,3582
929549,4159
929676,3497
929727,4061
929854,3640
929893,3711
929912,3922
929929,4017
930047,3959
930195,4032
930327,4025
930525,4100
931060,3719
931148,3362
931201,3344
931405,3446
931566,3595
931820,3224
931950,3337
932025,3316
932113,3382
932215,3346
933281,3957
933731,3259
934005,3822
934260,3793
935473,2855
935612,3358
935676,2843
935796,3230
935831,3207
936010,3572
936035,3294
936135,3598
936209,3910
936362,3855
936522,3647
936742,4120
936807,3810
936921,4154
937069,4421
937087,4035
937262,3946
937468,3837
937654,3867
938446,3773
938613,3918
938802,4001
938876,4106
939053,3981
939138,3970
939175,4052
939269,5089
939405,5006
939441,4696
939578,4877
939892,4400
939929,4575
940055,4650
940537,4224
940695,4120
940899,3968
940931,4416
941052,4346
941189,4371
941329,4286
942350,3814
942374,4357
942574,4351
942593,4598
942713,4522
942834,4588
942985,4345
943259,4167
943434,4080
944608,3344
944790,3359
944970,3502
945007,3550
945163,3809
945329,3562
945531,3693
945683,3550
945711,3724
945836,3747
945860,3837
946064,4179
946269,4225
946394,4157
946518,3966
946763,3990
947000,3888
947169,4756
947488,4695
947628,4659
947772,4460
948172,3909
948362,3605
948443,3603
948465,3870
949470,3038
949628,3611
949692,2881
949831,4285
950049,4119
950260,3954
950986,3260
951155,3139
951319,3052
951487,2972
953296,2873
953518,2896
953876,3369
953939,2928
954513,2855
954553,2916
954719,3383
954763,3592
954902,3387
954965,3319
955118,3371
955138,3416
955143,3556
955298,3920
955337,3730
955371,3925
955412,3707
955449,3761
955495,3296
957168,4424
957347,4751
957525,4190
957571,4399
957691,4690
957982,4883
958116,8221
958128,5059
958302,4985
958447,4937
958610,4871
958779,4988
958834,4995
958898,4977
959009,4928
959151,5245
959298,4870
959441,5227
959458,4760
959562,5216
959595,4936
959668,5731
959848,6690
960796,5793
960959,5687
960979,4336
961143,4268
961314,4261
961499,5027
962204,4564
962548,4431
962692,4235
962766,3684
962956,4573
962963,4232
963020,4592
963077,5753
963134,5953
963187,6086
963237,6085
963287,6432
963339,6480
963390,6478
963449,6525
963551,3900
963556,6679
963606,6883
963674,6945
965698,5026
967588,3420
967857,4023
967894,3228
967920,3406
968101,3828
968269,3786
968342,3636
968441,3834
968517,3587
968561,3964
968898,4450
968952,4239
969089,4152
969103,4299
969220,4315
969355,4356
969492,4925
969527,4450
969547,5721
970038,4247
970241,4905
970617,4629
971439,3763
971690,3694
971717,4139
971930,3690
972141,4166
972282,4079
972288,4733
972420,4195
972574,4359
972733,4255
972898,4144
974080,3428
974270,3262
974421,3262
974563,4249
974693,3044
974838,3002
974972,3407
975090,3390
975283,3712
975435,3848
975468,4079
975692,3830
975891,3697
976025,4006
976222,4124
976462,3767
976834,3592
978027,3415
978074,2840
978252,3654
978438,4037
978577,3843
978618,4133
978657,3524
978925,5090
979099,4852
979116,4325
979262,4957
980580,3144
981266,2814
981522,2784
981722,2892
981740,3758
981882,2958
982049,3458
982569,3628
982872,3157
983036,3210
983177,3121
983320,3064
983464,3545
983503,3651
983722,3182
985008,2985
985169,3118
985421,3074
985597,3581
985699,5019
985709,3809
985782,3769
985817,4012
986380,4545
986519,4240
986538,3822
986578,5105
986598,5241
987231,3724
987403,4408
987537,4469
987564,3949
987832,4230
988697,3829
988864,3807
989007,3872
989210,4004
989357,4574
989376,4665
989550,4725
989721,9219
989735,7709
989894,9275
990459,10440
990584,10982
990922,10279
991086,10266
991108,10402
991187,10656
991323,10594
991372,10591
991493,10634
991558,10631
991609,10717
991690,11024
991727,11089
992680,10300
992718,10255
992839,10263
993430,9775
993573,9846
994259,9280
994305,9349
994451,9363
994591,9398
994607,9858
994834,9739
994863,9414
995032,9671
995180,11446
995205,10206
995342,10154
995361,10226
995475,10219
995616,10165
995670,10887
996176,10198
996314,9844
996332,10361
996481,10018
996504,10063
996683,10557
996919,10991
997192,9608
997262,9686
997480,9813
997680,9512
997701,10420
997844,10366
997984,9577
998309,10239
998324,9478
998459,10143
998596,9668
998612,9374
998965,10097
999233,8900
999481,8714
999882,8377
999962,9151
1000041,8347
1000216,8228
1000381,8124
1000709,13399
1000989,13208
1001114,13169
1001316,13125
1001479,13059
1001577,13045
1001657,13351
1002256,13096
1003156,11932
1003302,11838
1003524,11681
1003674,11627
1003822,11566
1003977,11577
1005235,11479
1005258,11663
1005419,11624
1005587,11774
1005671,11937
1005722,12027
1005774,11967
1005857,11274
1006000,11342
1006072,11768
1006185,11236
1008375,9554
1008626,9521
1009144,9171
1009285,9157
1009423,9525
1009569,9432
1010320,8597
1010479,9698
1010498,8556
1010514,8707
1010678,8763
1010944,8866
1010984,9290
1011202,8999
1011208,9118
1011438,9187
1011489,10083
1012090,9858
1012255,9783
1012413,9410
1012564,9346
1012763,9414
1012982,9255
1013157,9194
1013329,9162
1013493,9298
1013937,9815
1014104,9809
1014285,9680
1014405,9802
1014522,9493
1014679,9949
1014781,10387
1014807,10132
1014928,10042
1015046,9970
1015185,9936
1015384,9834
1016142,9158
1017013,9312
1017176,9237
1017234,9267
1017391,9328
1017449,9305
1017593,9448
1017710,9094
1017847,9021
1017978,8979
1018192,8944
1018486,8752
1018670,8790
1018835,8677
1020709,6880
1021074,7314
1021233,7345
1021611,6964
1021782,7054
1022790,6135
1022860,5765
1023006,5867
1023149,5825
1023242,5695
1023370,5674
1023487,5788
1023686,5762
1023712,5657
1023855,5689
1024037,5678
1024242,5574
1024466,5943
1024748,5752
1024769,6244
1025006,8142
1025198,8064
1025382,8904
1025428,8421
1026356,7596
1026525,8797
1026556,8695
1026752,8761
1026906,8659
1027046,8722
1027270,8719
1027293,8628
1027376,9235
1027522,9328
1028087,8471
1028118,8784
1028227,8677
1028416,8606
1031467,5607
1031484,5589
1031691,5434
1031931,5292
1032106,5381
1032259,5649
1032411,6115
1032963,4876
1033422,5052
1033442,4634
1033592,4572
1033696,5425
1033806,5444
1033935,4324
1034092,4406
1034157,4539
1034317,4977
1034475,4872
1034593,4872
1034692,5000
1034853,5733
1035028,5664
1035156,5638
1035348,5437
1036214,4793
1037490,4786
1037663,4807
1037740,4747
1038306,4284
1038326,4366
1038696,4845
1038727,4231
1038822,5354
1038940,5499
1039826,3347
1039988,3259
1040123,4137
1040270,4044
1040460,4121
1040675,3687
1040801,3611
1040969,4001
1041144,4182
1041175,3775
1041267,3786
1041431,3845
1041613,4140
1041690,3734
1041811,3564
1041927,3544
1042786,3237
1043351,3357
1043373,3377
1043560,3405
1043625,4343
1043686,3511
1043847,3559
1043985,3795
1045323,2998
1045587,3529
1045794,3235
1045930,3329
1046223,3082
1046261,3164
1046423,3185
1046611,3271
1046748,3531
1047009,3242
1047227,3103
1047250,3148
1047790,2837
1048503,3105
1048717,3281
1048871,3177
1050777,3755
1050798,3080
1050964,3706
1051011,3024
1051136,3015
1051364,2974
1051392,3167
1051540,3203
1051686,4651
1051837,4642
1051882,3339
1052022,3290
1052091,4512
1052138,3456
1052293,4602
1052529,4306
1052576,3509
1052725,3667
1052885,3457
1053019,3485
1053112,3832
1053551,3773
1053710,4420
1054101,3278
1054291,3180
1054893,3284
1055061,3163
1055408,3630
1055710,3730
1055772,3948
1055879,3837
1055958,4191
1056147,3787
1056168,4062
1056763,3727
1056942,3599
1057132,3457
1057352,3531
1057556,3414
1057699,3391
1057773,3482
1058220,3388
1058371,3607
1058580,3660
1058611,3269
1058869,3290
1058905,3326
1058933,3623
1059010,3794
1059745,3469
1059803,3346
1059944,3437
1060208,3668
1060319,3645
1060336,3721
1060452,3690
1060577,3714
1062273,2785
1062425,3151
1062567,3372
1062601,3320
1062772,3433
1062909,3557
1063104,3496
1063241,3477
1064434,3354
1064602,4024
1064926,3791
1065188,3280
1065356,3461
1065536,3232
1065614,3271
1065972,3456
1065995,3854
1066182,3409
1066291,3613
1066344,4029
1066557,3633
1066731,3696
1066871,3623
1066894,3690
1067037,4271
1067071,4004
1067221,3928
1067243,3997
1067419,3926
1067567,3993
1068575,4151
1068988,3278
1069061,3129
1069211,3698
1069248,3845
1069363,4000
1069504,3812
1069832,4692
1070013,4704
1070256,4528
1070292,4123
1070670,4441
1070713,3868
1071135,3704
1071336,3582
1071473,3529
1071866,3342
1071948,3478
1072091,3393
1072294,3255
1072394,3250
1073150,2999
1073189,3512
1073344,4096
1073375,3721
1073471,3914
1073689,3800
1073907,4030
1074109,3879
1075777,3140
1075798,3188
1075968,3193
1076268,3446
1076415,3377
1076535,3342
1076693,3725
1076739,3318
1076876,3666
1076881,4042
1076926,4061
1077216,3862
1077521,3641
1078054,3806
1078213,3766
1078393,3693
1078479,3552
1078553,3640
1078692,3832
1078899,4065
1079691,3320
1079872,3188
1079995,3149
1080107,3169
1080206,3638
1080390,3880
1080538,3680
1080668,3687
1080747,3612
1080986,3861
1081127,3961
1081298,3843
1081689,3820
1081758,3976
1084028,3430
1084052,3666
1084416,3096
1084568,3098
1084595,3353
1084741,3285
1084891,3381
1084913,3443
1085041,3409
1085249,3289
1085388,3480
1085419,3946
1085584,3729
1085669,3991
1085703,3766
1085882,3533
1086041,3430
1086074,3654
1086218,3627
1086337,3925
1086531,3409
1086664,3227
1086789,3394
1087053,3439
1087217,3330
1087343,3257
1088290,5635
1088484,3558
1088672,4459
1088714,5355
1088884,5292
1089003,5320
1089138,5186
1089177,5341
1089316,6631
1089523,6529
1089543,5529
1089673,6471
1089886,5945
1090021,6592
1090063,6151
1091134,5150
1091302,5036
1091459,4993
1091621,4766
1091741,5000
1091832,4671
1091915,4776
1092152,4687
1092312,4577
1092463,4496
1092622,4790
1092865,4599
1093028,4486
1093183,4431
1093336,4226
1093507,4230
1093729,4119
1094712,4197
1094728,4340
1094904,4449
1095149,5026
1095347,4877
1095508,4614
1095746,4565
1095913,4939
1096186,4548
1097415,3369
1098039,2972
1098245,2844
1098397,3028
1098539,3188
1098554,3588
1099174,3299
1099407,3567
1099515,3211
1099896,2995
1099918,3155
1100078,3221
1100370,3120
1100446,3089
1100604,4574
1100881,3212
1100902,3397
1101040,3355
1101175,3562
1101287,4516
1101471,4257
1101494,3554
1101674,3464
1101849,4216
1101998,3555
1102023,3964
1103542,3250
1104530,3317
1104814,3200
1106114,2821
1106216,2871
1106835,3117
1107050,3504
1107093,3756
1107310,3591
1107462,3492
1107583,4218
1107946,3072
1108119,2954
1108262,3034
1108407,3039
1108614,3424
1108657,3274
1108796,3186
1108947,3146
1109204,2939
1109329,2863
1109487,3498
1109505,3377
1109618,3418
1109783,3556
1109801,3700
1110043,3537
1110224,3480
1110669,3269
1110688,3556
1110827,3654
1111972,2981
1112119,2907
1112259,3308
1112291,3156
1112400,3220
1112573,3421
1112716,3817
1112958,3381
1113488,3429
1113640,3439
1113740,3693
1113795,3769
1113952,3772
1114086,3768
1114281,3522
1114298,3575
1115362,3122
1115499,3457
1115684,3379
1115830,3331
1115960,4938
1116108,4483
1116168,3409
1116242,4581
1116374,4619
1116431,3734
1116569,4129
1116613,3735
1116770,4517
1117400,3671
1118310,3077
1118573,3204
1118828,3833
1119010,3389
1119150,3704
1119295,3520
1119444,3604
1119581,4656
1119833,3616
1119977,3527
1120110,3485
1120244,3485
1120376,3483
1120676,3806
1120846,3687
1120985,3639
1121126,3581
1121493,3384
1121554,3618
1121723,3380
1121863,3379
1122020,3345
1122139,3277
1122278,3495
1122476,3394
1123006,3218
1123259,3800
1123322,3845
1123697,3583
1123879,3391
1123899,3563
1124263,3636
1125013,3587
1125195,3550
1125299,4081
1125469,4154
1125476,3676
1125501,4069
1125789,4495
1125977,4616
1126126,5328
1126280,4207
1126319,4421
1126436,4363
1127109,3587
1127257,3663
1128388,5349
1128451,3257
1128593,3958
1128616,4090
1128699,4745
1128759,3560
1128830,4983
1129337,3968
1129467,3983
1129581,3965
1130070,3594
1130219,3535
1130322,3602
1130357,4241
1130387,4570
1130425,4109
1131026,3069
1131678,3922
1132078,3658
1132124,4746
1132182,5110
1132285,5823
1132594,5276
1133840,3402
1134126,3571
1134170,3642
1134314,3737
1134447,3796
1134564,3745
1134677,3736
1134828,3867
1134955,3780
1135027,3850
1135110,3749
1136153,3017
1136331,3129
1136695,3283
1136920,3181
1137143,3408
1137374,3212
1137567,3632
1138584,3567
1138709,3385
1138911,3290
1138949,5081
1139181,3348
1139206,5039
1139440,3412
1139583,3642
1139666,3431
1140015,4650
1140114,3336
1140255,3297
1140395,3306
1140579,3227
1140714,4082
1140737,3255
1140892,3233
1141621,3383
1141670,3399
1141769,5296
1141827,3696
1141870,3805
1141910,4189
1141948,4264
1141986,5705
1142036,5705
1143707,3922
1144059,3375
1144273,3518
1144534,3542
1145730,3196
1145800,2984
1146099,3316
1146268,3241
1146301,3694
1146455,3406
1146478,3188
1146627,3822
1146702,3342
1146888,3439
1147098,3526
1147130,3435
1147299,3441
1147465,3756
1147509,3406
1148410,3305
1148459,3091
1149007,3747
1149188,3111
1150601,3458
1151054,3281
1151259,3167
1151410,3412
1151554,3177
1151750,4298
1151783,3159
1151913,3846
1151939,3318
1152054,4109
1152202,4031
1152239,4050
1152374,4092
1152414,3693
1152435,3365
1152596,3687
1152718,3615
1152854,3856
1153292,4333
1153312,3474
1153590,3755
1153747,3548
1153910,3694
1154153,3883
1154564,6305
1154919,3474
1155158,3468
1155314,3976
1155371,4599
1155425,4822
1155470,5035
1155535,5036
1155590,5412
1156153,3893
1156408,3723
1156541,5463
1156793,4197
1156934,4889
1157132,4704
1157221,4999
1157344,4820
1157436,4834
1157676,4642
1157692,4883
1158707,3699
1158874,3631
1159035,4032
1159338,3747
1159513,3668
1159699,4047
1160090,3969
1160206,3930
1160338,4190
1160417,4248
1160814,3933
1161046,3794
1161106,3843
1161227,5056
1161250,5085
1161531,4870
1161608,4850
1161671,4388
1161990,5066
1162172,5119
1162334,5389
1163239,4556
1163384,4184
1163407,4215
1163569,3919
1163593,4287
1164303,3698
1165093,3075
1165158,2905
1165198,2925
1165346,2855
1165495,2826
1165649,4529
1165670,3040
1165996,3900
1166168,4405
1166300,4594
1166514,3909
1166812,4591
1166889,5087
1167085,4913
1167321,4708
1167337,4748
1168426,4019
1168431,3848
1168690,4871
1168765,5216
1168817,5072
1168972,5077
1169168,4946
1169309,4863
1169532,4705
1169559,5741
1169770,5232
1170382,4681
1170507,4613
1170687,4535
1170710,4604
1170860,4629
1171009,4670
1171170,4957
1171484,5273
1172302,4680
1172563,4187
1172591,4261
1172726,5071
1172780,4696
1172822,4256
1172967,4241
1173083,4409
1173212,4842
1173351,4804
1173401,4892
1173451,4926
1173586,5864
1173719,4754
1173908,4836
1174048,5109
1174208,4957
1174314,4800
1174715,5447
1175106,5067
1176113,4503
1176210,4388
1176349,4369
1176595,4378
1176814,4282
1177275,4661
1178255,4064
1178516,3677
1178534,3535
1178776,3417
1178958,3937
1178977,3461
1179262,4632
1179289,3652
1179388,4615
1179612,3551
1179708,3890
1179727,4444
1179890,5265
1180011,4717
1180218,5267
1182598,5208
1182723,3199
1182777,5145
1182993,3116
1183053,3325
1183215,3263
1183398,4628
1183405,3614
1183571,3739
1183726,3689
1184303,3204
1184464,3144
1184833,3311
1185003,3236
1185160,3347
1185318,3597
1185561,5278
1185924,3597
1186172,4254
1186190,3383
1186347,3275
1186532,3799
1186545,3694
1186731,3150
1186866,3724
1186921,3927
1186973,4098
1187019,3997
1188349,2835
1188522,2832
1188985,3038
1189150,3148
1189311,3949
1190230,2980
1191121,2898
1191375,2987
1191397,3015
1191545,3066
1191687,3154
1191716,4002
1191901,3558
1192338,3613
1192546,3282
1192834,3173
1192857,3255
1193010,3195
1193102,3250
1193250,3158
1193295,3316
1193448,3505
1194050,3407
1194193,3812
1194333,3406
1194471,3806
1194674,3385
1194714,3485
1194868,3382
1195004,3500
1195175,3381
1195411,3465
1196369,3052
1196980,2802
1197241,2880
1197407,3370
1197469,3284
1198026,2924
1198094,3035
1198312,3153
1198331,3226
1198533,3198
1199202,2985
1199266,3098
1199501,3207
1199662,3868
1199799,3915
1199943,3924
1200126,3459
1200204,3694
1200351,3796
1200492,3801
1201589,3440
1201947,2954
1202057,3512
1202215,4238
1202276,4588
1202306,4445
1202376,3719
1202409,3638
1202592,4965
1202644,5015
1202809,3920
1203272,3729
1203338,4494
1203500,4399
1203660,4304
1203984,4116
1205192,2967
1205215,3067
1205393,3732
1205543,4133
1205688,3135
1205780,4318
1205803,3871
1205826,4947
1205936,4224
1206882,4034
1207059,3914
1207277,3770
1207552,3609
1207993,3462
1208171,3348
1208450,3135
1208677,3223
1208697,3373
1208806,3578
1208919,3689
1209108,3652
1209246,3655
1209390,3752
1209428,3818
1209513,3854
1209759,3761
1209790,4000
1209882,4184
1209997,4155
1210165,4037
1210289,3764
1210475,3776
1211281,3206
1211310,4489
1211514,4521
1211660,4508
1211662,4388
1211785,4386
1211817,4275
1212392,4348
1212555,4136
1213886,3380
1214106,3457
1214252,5241
1214281,5149
1214345,5354
1214524,5203
1214549,5829
1214665,6785
1214766,6833
1214947,7060
1215098,7476
1215870,7108
1216231,6865
1216324,7242
1216521,7031
1216701,6811
1217267,6350
1217344,6913
1217396,6304
1217472,6912
1217607,6186
1217659,6229
1217783,6204
1217800,6275
1217938,6748
1217979,6280
1218065,6612
1218098,6477
1218296,6462
1218416,6480
1218548,6513
1218581,6771
1218804,7364
1218939,8059
1219279,7089
1219404,6870
1219539,6944
1219561,6859
1219727,6745
1220109,6461
1220131,6804
1220304,6743
1220424,6730
1220565,6532
1220957,6758
1221114,6127
1221300,7086
1221406,7045
1222072,6939
1222255,6885
1222423,6788
1222673,6333
1222958,7484
1223194,7301
1223317,7261
1223353,7687
1223585,7560
1223684,7411
1223913,7280
1224468,6776
1225179,6114
1225406,5991
1225685,6510
1225849,6084
1226006,6383
1227211,5067
1227368,4960
1227517,4915
1227554,4822
1227758,4815
1227931,4914
1228151,5377
1228216,5036
1228687,4646
1228844,4588
1229038,4478
1229180,4445
1229320,4459
1229343,4967
1229501,4705
1229524,4752
1229991,4859
1230044,4914
1230171,4846
1230242,4872
1230285,4949
1231722,4905
1231854,5006
1232036,4874
1232106,5083
1232228,5153
1232415,5108
1232467,4970
1232666,5372
1232678,5394
1232824,5156
1233052,5368
1233199,5290
1233337,5344
1235268,3149
1235289,3501
1235447,3430
1235496,3372
1235659,3425
1235696,3597
1235728,3860
1235780,3427
1235932,3661
1236078,3685
1236226,3673
1236439,3677
1236461,3790
1236691,3765
1237789,3419
1238212,3329
1238225,6372
1239286,5196
1240256,4459
1240452,4398
1240619,4095
1241029,2835
1241292,3003
1241463,3382
1241871,3095
1242033,3031
1242191,2986
1242352,2872
1242515,3789
1242687,3756
1242853,3940
1243012,3866
1243170,3526
1243324,3231
1243486,3494
1243665,3786
1243830,3238
1243984,3278
1244144,3205
1244307,2916
1245312,3028
1245480,3147
1245708,2996
1245858,3312
1245908,3498
1245955,4122
1246002,4287
1246046,5824
1246091,5918
1246141,5645
1246186,5377
1246230,5730
1246273,5401
1248441,3959
1248709,3636
1248818,3687
1248889,3648
1249058,4540
1249109,4598
1249161,5159
1249241,3645
1249246,5259
1249299,5733
1249346,6248
1249390,6370
1249463,3946
1249467,6535
1249518,6951
1249571,6977
1249626,3874
1250491,3930
1250712,3947
1250867,3914
1251020,4069
1251154,4565
1251278,4583
1251406,4747
1252067,4920
1252605,4811
1252752,4423
1252912,4341
1252987,4363
1253168,4382
1253312,4651
1253506,4746
1253734,4684
1253858,4610
1254469,4138
1254536,4768
1254707,4749
1254863,4646
1255128,4033
1255222,4255
1255549,4854
1255984,4495
1256123,4377
1256279,4336
1256302,4565
1256544,4374
1256787,4626
1257991,3565
1258181,3426
1258326,3795
1258473,3708
1258614,4323
1258766,4001
1258925,3901
1258959,3637
1259018,3560
1259540,3346
1259839,3146
1259883,3856
1260038,3724
1260161,3651
1260293,3568
1260560,3705
1260666,3670
1260691,4269
1260824,4228
1260963,3900
1260992,3742
1261114,3716
1262419,3667
1262878,3307
1263063,3073
1263215,3017
1263366,3333
1263535,3373
1263703,3326
1263919,3582
1265768,3233
1265908,3348
1265941,3223
1266099,3381
1266256,3313
1266290,3599
1266438,3668
1266712,3792
1266852,3705
1267000,3605
1267059,4335
1267119,3780
1267198,4356
1267342,4375
1267368,4864
1267577,4819
1267683,4087
1267842,3982
1268465,3996
1268622,3889
1268908,3695
1269066,3640
1269277,4641
1269297,4187
1269316,4460
1269462,4365
1269926,3949
1270089,3858
1270228,4549
1270291,4729
1270348,4741
1270511,5189
1271116,4963
1271301,4849
1271459,4775
1271601,5692
1271678,4643
1271818,4589
1271955,4973
1271999,4726
1272077,5166
1272212,5005
1272342,5580
1272946,5096
1272983,5197
1273169,5095
1273322,5004
1273473,4879
1273592,4960
1273611,5979
1273733,5152
1273959,5001
1274108,5282
1274333,5429
1274822,4583
1274844,4655
1275001,4821
1275077,4835
1275202,4672
1275203,4819
1275349,4782
1275497,4738
1276071,7288
1276222,7399
1276504,5870
1276545,6962
1276761,6946
1276821,5680
1276967,6888
1276995,6812
1277087,7298
1277354,7445
1277585,7880
1277712,7620
1277923,7554
1278059,8214
1278852,7518
1279002,7460
1279042,7515
1279181,7831
1279419,7719
1279658,7391
1280875,6338
1281196,6671
1281374,6580
1281603,7120
1281691,6559
1281728,6705
1281869,6433
1281893,6590
1282026,6757
1282043,6490
1282181,6725
1282342,6692
1282504,6594
1282668,6548
1282720,6360
1282840,6428
1282884,6387
1282999,6371
1283043,6480
1283173,6700
1283195,6589
1283339,6753
1283964,7246
1284114,7151
1284359,7033
1284504,6936
1284644,6739
1284824,6564
1285167,6341
1285314,6243
1285490,6117
1285628,6379
1285781,6070
1286001,6001
1286145,7242
1286445,6889
1286623,7394
1286722,7097
1287625,7708
1287961,7426
1287985,7102
1288130,7258
1288272,7307
1288362,7077
1289960,5943
1290125,5910
1290160,5719
1290247,5931
1290585,5508
1291823,4411
1291883,4808
1292146,4554
1292166,4800
1292324,4697
1292474,4663
1292665,4419
1292717,5834
1292878,5369
1292937,5036
1293059,4965
1293173,4734
1293455,5350
1293580,5021
1293615,4694
1293699,5023
1293854,4926
1293883,5038
1294019,4758
1294206,4750
1295212,3987
1295417,3864
1295612,4433
1295979,3830
1296233,3863
1296350,3912
1296487,3865
1296738,4605
1296766,5188
1298424,3919
1299212,3184
1299405,3932
1299451,3758
1299600,3707
1299759,3600
1300242,4120
1300466,3610
1300600,3554
1300764,3441
1300972,3281
1300996,3474
1301187,3356
1301324,3269
1301463,3324
1301486,3119
1301586,3154
1301756,3154
1301988,3548
1302022,3481
1302175,3590
1302190,3660
1302330,3663
1302441,3683
1302479,4003
1302596,4932
1302602,3809
1302716,4732
1305130,3823
1305297,3237
1305565,3491
1305820,3667
1306034,4035
1306218,3951
1306242,4193
1306321,4212
1306453,4575
1306530,4501
1306714,4365
1306760,4450
1306853,4322
1308116,3683
1309045,3349
1309219,3277
1309661,2996
1309708,4003
1309846,4416
1309904,6121
1309952,6171
1310018,6203
1310063,6294
1310112,6371
1310159,6419
1310273,3602
1310560,3557
1310622,5247
1310727,3979
1310869,4099
1311264,3964
1311527,4415
1311873,4284
1312061,5176
1313083,3498
1313276,3527
1313481,3439
1313571,3722
1313649,3385
1313919,3303
1313938,3409
1314097,3307
1314358,3931
1314535,3853
1314748,4163
1314762,4247
1314918,4163
1315074,4090
1315226,4047
1315385,4400
1315548,4184
1317776,2811
1317952,3224
1318123,2998
1318991,3368
1319153,3708
1319292,3490
1319429,3661
1319459,3258
1319979,3171
1320167,3043
1320306,3268
1320441,3185
1320581,4316
1320611,3150
1320910,3246
1320917,3598
1321075,3337
1321195,3520
1321289,3660
1321548,3615
1321723,3191
1321893,3217
1322072,3209
1322403,3354
1322438,3150
1322590,3487
1323126,3068
1323263,3297
1323410,3577
1323476,5616
1323669,5366
1323856,5287
1324249,3526
1324275,3647
1324728,3346
1326225,3375
1326392,3506
1327100,2845
1328265,4470
1328498,2921
1328684,3078
1328878,3244
1329427,3555
1329940,3179
1330242,2928
1330410,2821
1331113,4043
1331311,4088
1331440,3936
1331495,3439
1331586,3841
1331775,3700
1331913,3598
1331937,3511
1332046,3671
1332189,3686
1332215,3593
1332302,3658
1332475,3562
1332724,4747
1333322,2926
1333375,4386
1333501,4324
1333605,3569
1333660,4225
1333690,3071
1333858,4509
1334067,3342
1334231,3485
1334406,3528
1334567,3709
1334757,3655
1336322,2987
1336593,2946
1336751,3260
1336885,3260
1337027,3208
1337162,3220
1337291,3303
1337429,3644
1337570,3461
1337773,3531
1338007,3364
1338143,3336
1338275,3447
1338413,3363
1338546,3462
1338704,3284
1338927,2975
1339779,2962
1339805,3162
1339973,3218
1340686,3128
1340723,3228
1340867,3853
1341048,3737
1342219,2964
1342258,3106
1342438,3128
1342460,3427
1342624,3864
1342792,4585
1342884,3307
1343026,3214
1343067,4502
1343212,4551
1343346,4369
1343473,3975
1343524,3991
1343686,3933
1343734,3779
1344070,3740
1344243,3923
1344365,3708
1344743,3841
1344905,3669
1345628,3545
1345743,3252
1345911,3175
1346627,3959
1346700,3185
1346851,3889
1346992,3853
1347093,3830
1347113,4222
1347275,4133
1347396,4062
1347526,3981
1347665,4047
1347794,3971
1347854,3890
1348816,3153
1348987,3072
1349204,3191
1349233,3163
1349383,3693
1349402,3293
1349503,3957
1349557,3574
1349679,4259
1349740,4260
1349916,4137
1350108,4850
1350150,4374
1350277,4340
1352024,3150
1352187,3285
1352229,3495
1352425,3364
1352445,3401
1352621,3794
1352786,3714
1352820,3764
1352912,3959
1352973,4695
1353224,3763
1353357,4222
1353688,4282
1353839,4365
1353973,3949
1354102,4154
1354126,4085
1354262,5505
1354768,3945
1354972,3825
1355137,3757
1356501,3389
1356695,3340
1356745,3197
1356818,4900
1357027,3397
1357048,3516
1357169,3553
1357324,3538
1357455,4094
1357597,4264
1357696,3967
1357745,4006
1357994,4000
1362518,3163
1363699,2787
1364062,3094
1364219,5451
1364380,5473
1364537,5411
1364700,5325
1364707,5126
1364876,5417
1365047,5325
1365215,5205
1365372,5097
1365528,5510
1365700,4822
1365861,4713
1366021,4725
1366175,4773
1366351,4958
1366620,5086
1366809,6836
1366955,6930
1367351,6688
1367592,7822
1368059,6156
1368222,7693
1368441,6841
1368704,6449
1368905,6341
1369079,6225
1369170,6162
1369260,6317
1369333,6612
1369495,6599
1369684,6630
1370107,6455
1370719,5938
1370885,5950
1371026,5753
1371188,5540
1371311,5533
1371363,5518
1371569,5374
1372157,4985
1372304,5087
1372337,4990
1372600,5359
1372775,4704
1372790,5073
1373027,5038
1373161,5003
1373298,5000
1373431,6101
1373567,6048
1373680,5597
1374072,5281
1374338,5107
1374442,5324
1374794,5407
1374965,5330
1375349,5352
1376142,6318
1376360,6150
1376961,5960
1377201,5207
1377340,5510
1377519,5516
1377818,5319
1378019,4832
1378331,4855
1378354,4613
1378588,4786
1378655,4609
1378811,4603
1378909,5102
1378981,5239
1379446,5271
1380363,3936
1380512,3839
1380567,4704
1380673,4868
1380697,5416
1380736,5968
1380771,3629
1380828,5501
1380873,5901
1380960,4185
1381151,4029
1381324,4063
1381489,3956
1381863,4659
1382011,4781
1382159,4577
1382322,4952
1382484,4922
1382562,4978
1382689,4972
1383048,4712
1383176,4599
1383490,4710
1383802,5602
1383805,4745
1384036,4578
1384258,4535
1384526,4389
1384750,4365
1385563,4591
1385604,4471
1385763,4363
1385918,4596
1386430,4182
1386616,5013
1386820,4241
1386858,5221
1387015,4401
1387891,3624
1388042,4398
1388080,3858
1388223,3766
1388388,4343
1388407,3969
1388904,3528
1389093,3890
1389236,3874
1389276,3819
1389397,4368
1389458,4095
1389606,4075
1389666,4607
1389805,4216
1389842,4304
1389923,4362
1389980,4217
1391182,3537
1391334,3451
1391469,3384
1391904,3237
1392106,3904
1392240,4435
1392551,3307
1392682,3276
1392823,3612
1394853,3407
1394997,3312
1395120,3080
1395269,3442
1395428,3345
1395569,3263
1395724,3632
1395885,3417
1396004,3414
1396072,3386
1396247,3456
1396270,3516
1396392,3461
1396536,3418
1396688,3355
1397064,3092
1397265,3011
1397425,3703
1397926,3324
1398064,3239
1398242,3112
1398463,3442
1398615,4387
1398668,4278
1398797,3486
1400429,3131
1400580,3889
1400603,3456
1400698,3029
1400853,3140
1401089,3182
1401171,3218
1401395,3205
1401532,3263
1401572,3172
1402036,3271
1402170,3751
1402430,3096
1402715,3268
1402864,3180
1403032,3835
1403177,3361
1403336,3481
1404881,2857
1404904,3142
1405074,3290
1405137,3257
1405286,3546
1405351,3580
1405496,3522
1405658,3637
1405800,3562
1405934,3525
1406052,3495
1406696,3111
1406899,3009
1407100,3358
1407222,3476
1407387,3501
1407511,3717
1407744,4087
1407845,4396
1407872,4337
1408010,4333
1408172,4123
1408191,4196
1409270,3467
1409435,3381
1409560,3471
1409681,3617
1409791,3620
1409942,3519
1409974,3773
1410068,3776
1410139,4137
1410294,4421
1410305,4576
1410489,4605
1410512,5043
1410699,4554
1410732,4955
1410875,4733
1410985,5430
1411055,4738
1411339,4550
1413217,3866
1413329,3810
1413484,3725
1413503,3846
1413605,4216
1413867,3810
1413892,3833
1414104,3850
1414129,3872
1414323,4165
1414504,4206
1414796,3810
1415100,4388
1415245,4241
1415392,4377
1415422,4305
1415580,4539
1415669,4134
1415805,4263
1415946,4221
1416154,4093
1416253,4481
1416487,4302
1416679,4165
1417852,3548
1418030,3040
1418171,3284
1418213,3139
1418327,3243
1418576,2976
1418757,3217
1418822,3073
1418928,3842
1418985,3928
1419041,4797
1419140,4046
1419201,4690
1419329,4800
1422978,3786
1423700,3246
1423855,3201
1423948,3266
1424183,3127
1424327,3068
1424475,3038
1424621,3918
1425095,2905
1425351,3239
1425499,3721
1425896,3510
1425925,5597
1426025,4848
1426063,4924
1426102,5041
1426145,5276
1426186,4920
1426341,5143
1427217,4866
1427424,4708
1427699,4805
1427711,5003
1427836,5241
1427864,4977
1428028,5375
1428079,5495
1428151,5425
1428210,5901
1428346,5822
1428501,5352
1428687,5258
1428710,5345
1428815,5352
1428954,5801
1429029,6391
1429124,5812
1429242,5758
1429374,5712
1429479,6039
1429509,5748
1429658,5698
1429879,5688
1429911,5744
1430033,5719
1430168,5697
1430326,5704
1430443,5641
1430557,5683
1431215,5694
1431554,5535
1431589,5473
1431746,5426
1431836,5536
1431863,5577
1432272,5276
1432848,4803
1433111,4979
1434300,4803
1434536,5078
1434693,6404
1434913,6215
1435069,6156
1435215,6126
1435686,5944
1438699,3861
1438786,3308
1439271,3342
1439445,2941
1439710,3788
1439727,3175
1439879,3833
1439896,3250
1440036,3514
1440052,3493
1440219,3513
1440382,3507
1440544,4268
1440754,4129
1440917,3513
1440975,3401
1441426,3120
1441756,2943
1441867,2980
1441935,3106
1442101,3206
1442258,3155
1442658,3272
1442802,3912
1442950,3772
1442971,3800
1443101,3734
1443233,3687
1444192,3047
1444476,3185
1444731,3871
1445114,2963
1445692,3571
1445709,2877
1445856,3000
1445994,3016
1446131,3161
1446268,3494
1447135,2839
1447270,2993
1447477,2875
1447752,3125
1448278,2841
1448425,3112
1448679,3329
1448993,3071
1449058,3070
1449329,2902
1449877,3427
1450012,3239
1450173,3342
1450343,3522
1450470,3527
1450587,3329
1450697,3181
1450920,3346
1451215,3038
1451396,3166
1451559,3216
1452523,3558
1452726,2990
1452890,2944
1453035,3425
1453200,3425
1453352,3690
1453556,4120
1453706,3843
1453973,3737
1454098,3358
1454676,2928
1454865,2972
1454920,3107
1455050,3050
1455229,2963
1455397,2925
1455523,3393
1455685,3310
1455818,3227
1455930,3589
1456044,4035
1456247,3307
1456919,2995
1457105,3423
1457320,3487
1457508,3530
1458085,3312
1458263,3147
1458355,2929
1458605,3096
1458760,3015
1459025,3070
1459067,3496
1459225,3622
1459364,3534
1459550,3476
1460023,3603
1460184,3943
1460365,3711
1460915,3407
1461905,2895
1461925,3002
1462081,3260
1462251,3128
1462276,3182
1462392,3235
1462672,4045
1462725,3598
1462868,3813
1463315,3463
1463463,3498
1463905,3480
1464158,3321
1464190,3870
1464343,3684
1465589,3148
1465699,3106
1465855,3162
1465873,3210
1466012,3515
1466039,3708
1466190,3804
1466330,3877
1466745,3771
1467901,3592
1468169,3159
1468187,3257
1468440,3252
1468487,3277
1468566,3292
1468848,3258
1469013,3358
1469123,3236
1469134,3572
1469328,3638
1469505,4258
1469678,4135
1469827,3874
1469861,3695
1470000,4172
1470039,3823
1470345,3874
1470604,3968
1470621,3645
1470691,3691
1472177,2967
1472199,3174
1472403,3582
1472426,3090
1472507,3295
1472755,3737
1472871,3864
1473014,3945
1473163,3917
1473304,4020
1473443,3963
1473996,3677
1475201,2792
1475422,3348
1475580,3417
1475604,3757
1475997,3737
1476049,3151
1476124,3777
1476152,3400
1476298,3678
1476329,3601
1476486,3529
1477278,2964
1477893,3180
1478163,2943
1478330,3530
1478494,3199
1478731,3214
1478817,3231
1478905,3425
1479077,3504
1479457,3420
1480328,2937
1480718,3008
1480849,3467
1480872,3647
1481127,3574
1481163,3274
1481247,4810
1481289,3525
1481310,4952
1481349,3963
1482155,4194
1482348,3591
1482370,3679
1482520,3623
1482692,4217
1482715,3826
1482935,4796
1482994,3901
1483156,3850
1483518,3731
1483795,4599
1483803,3982
1483970,4533
1483978,3856
1484122,4105
1484145,4093
1484307,3983
1484553,3870
1484925,3628
1485082,3793
1485171,3968
1485237,3752
1485414,3775
1485641,3961
1485800,4087
1486091,4122
1486488,3775
1486659,4077
1487080,4274
1487329,3888
1487497,4010
1488490,3212
1488809,3186
1488976,3106
1489017,3250
1489164,3427
1489283,3723
1489424,3633
1489571,3456
1489761,3317
1489962,3760
1490044,3738
1490086,3908
1490200,3940
1490361,3774
1490484,3801
1490485,3961
1490905,3692
1491178,5083
1492049,2993
1492373,3235
1492603,3744
1492605,3290
1492839,3107
1492865,4063
1493118,3120
1493143,3604
1493278,3593
1493345,3666
1493385,3848
1494587,2843
1494735,2840
1494888,3006
1495084,4345
1495104,3177
1495265,3892
1495471,3761
1495512,4004
1495548,3830
1495568,4419
1497289,2988
1497463,2889
1497588,3268
1497681,2902
1497831,2898
1498046,3035
1498194,3190
1498314,3517
1499543,3366
1499819,3099
1500991,3122
1501203,3554
1501226,3007
1501368,2963
1501435,3107
1501582,4003
1501621,3450
1501667,3143
1501874,4255
1502048,3899
1502353,3265
1502862,3499
1503030,3408
1503173,3551
1503213,4175
1503404,4099
1504086,3579
1504247,3704
1504405,3605
1504570,3497
1504586,3683
1504711,3488
1504856,3598
1504995,7103
1505155,7058
1505277,7047
1505420,4574
1505617,6824
1505680,6875
1505743,4497
1505863,5460
1505982,5499
1506069,5512
1506242,5492
1506749,6181
1506887,5885
1507025,5644
1507134,5915
1507330,5423
1507535,5610
1507697,6403
1507774,6384
1507985,6447
1508331,5877
1508489,5723
1508505,5855
1508758,5736
1508923,5439
1509148,5376
1509302,5575
1509462,5471
1509613,5450
1509707,5445
1509774,5515
1509880,6115
1510061,5831
1510218,5727
1510370,5675
1510523,5570
1510853,5287
1511041,5153
1511202,5815
1511400,5892
1511561,5910
1511918,5427
1513238,4771
1513404,4695
1513568,4762
1513742,4641
1513900,4985
1515117,4043
1515244,4699
1515301,4147
1515720,3822
1515739,3887
1515923,4023
1516069,3868
1516107,4099
1516137,4278
1516242,3886
1516418,3831
1516577,3893
1516651,3879
1516678,3946
1516820,4287
1516955,4208
1517079,4193
1517095,4388
1517231,4533
1518209,3459
1518227,3593
1518386,3491
1518441,3561
1518623,5690
1518698,3457
1520630,2853
1522235,2858
1522429,3527
1522588,3742
1522706,3575
1522782,3082
1522937,3036
1523094,2981
1523255,2975
1523426,2960
1523587,2901
1523714,4208
1523757,2992
1523848,2994
1523904,3535
1524325,2915
1524486,3082
1524794,3011
1525210,3047
1525382,3230
1525563,3344
1526075,3075
1526781,2831
1526936,3139
1527077,3372
1527120,3319
1527277,3215
1527580,3274
1527695,3178
1527950,3249
1528075,3361
1528091,3934
1528201,3457
1528303,3671
1529376,3242
1529538,3860
1529737,3131
1529957,2961
1530096,3205
1530245,3322
1531075,3330
1531230,3385
1531269,3497
1531467,4326
1531493,3917
1531646,3921
1531807,3684
1531911,3935
1532074,3823
1532198,3771
1532412,4448
1532614,3711
1532841,3370
1532957,3702
1533107,3648
1534084,3209
1534259,3538
1534411,3783
1534449,3882
1534505,3898
1534711,3882
1534864,3938
1535207,3691
1535937,3756
1536109,5351
1536206,3689
1536349,3709
1536373,3898
1536494,3743
1536716,3623
1536891,4616
1536983,4638
1537170,4396
1537188,3691
1537435,4448
1537657,4178
1537844,3942
1537871,4426
1538036,4470
1538600,4410
1538681,3887
1538825,3801
1538958,3986
1538997,3703
1539030,3466
1539158,3774
1539367,4016
1540422,3361
1540504,3543
1541010,3942
1541164,3841
1541207,3538
1541288,3810
1541357,3701
1542011,3661
1542141,3589
1542327,3511
1542502,3575
1542741,3799
1542758,3589
1543853,3284
1543876,3603
1544026,3515
1544770,3331
1544799,3385
1544922,3428
1545696,3296
1545892,3156
1545915,3238
1546069,3214
1546104,3371
1546245,3820
1546383,3982
1546569,3695
1546621,3675
1546742,3574
1546827,3760
1546976,3561
1546995,3697
1547129,3997
1547189,4196
1547264,4196
1547313,4432
1547653,4124
1547730,4243
1547774,4198
1548014,4089
1548158,3999
1549331,3535
1549505,3119
1549562,3554
1549903,3255
1550096,3915
1550120,4722
1550336,4557
1550507,3585
1550620,4641
1550695,3498
1550892,3967
1550912,4096
1552691,3119
1552899,2973
1553213,3040
1553246,2876
1553405,3045
1553430,3099
1553587,3650
1554231,4335
1554623,3991
1554917,3140
1555058,3455
1555216,3315
1555359,3401
1555480,3330
1556608,3532
1556916,3049
1556959,3151
1557115,3200
1557281,3157
1557423,3297
1557557,4542
1558094,3625
1558145,3079
1558230,3921
1558288,3277
1558355,4000
1558564,3391
1558877,3127
1559076,2976
1559312,2927
1559600,3123
1560477,3098
1560534,3398
1560684,2993
1560811,2998
1560883,3201
1561757,3307
1561891,3412
1562185,3343
1562388,3983
1562427,3933
1562507,3442
1562760,3331
1562903,3352
1562965,3655
1563114,3431
1563132,3624
1563272,3576
1564200,2878
1564261,3002
1564407,2909
1564557,2991
1564696,2903
1564745,3678
1564898,3470
1564916,3815
1565071,3485
1565133,3591
1565249,3908
1565426,4348
1565611,4259
1566385,4241
1567492,3970
1567595,3491
1568046,3362
1568065,3326
1568259,3330
1568405,3419
1568587,4018
1568765,3143
1568796,3629
1568920,3557
1569129,4594
1569273,4904
1569291,3903
1569418,4510
1569445,4174
1569553,4427
1569710,4074
1569891,3978
1569981,4567
1570188,4408
1571609,3692
1572003,3430
1572131,3604
1572265,3689
1572332,3846
1572481,3790
1572678,3679
1572822,3636
1572962,3565
1573095,4140
1573260,4668
1573273,4442
1573380,5440
1573458,4308
1573494,5469
1573763,4301
1574015,4201
1574064,4524
1574231,4509
1574388,4441
1574420,4608
1574564,4515
1574768,4361
1575196,4308
1575346,4253
1576654,3192
1576663,3504
1576785,3153
1576811,3583
1576994,3620
1577018,4060
1577171,3734
1577359,5016
1577393,4949
1577497,4828
1577684,4833
1577953,4615
1578113,4505
1579575,3426
1579833,3218
1580224,2921
1580262,3222
1580435,3547
1580456,3856
1580597,3999
1580908,3205
1581109,3110
1581129,3174
1581270,3280
1581355,3592
1581385,3456
1581541,3713
1581675,3786
1581886,4013
1582066,3884
1583542,3971
1583584,3929
1583674,4233
1583699,3249
1584396,3674
1584449,3675
1584609,3986
1584999,3169
1585102,3379
1585272,3268
1585297,3458
1585371,3430
1585558,3747
1585604,3559
1585698,3551
1585841,3999
1585963,3609
1586122,3665
1586171,3617
1586288,3973
1586507,3959
1586673,3842
1586799,4376
1586989,4366
1587260,4491
1587731,4072
1587879,3973
1588788,3502
1588944,3497
1588985,3575
1589137,3476
1589333,3813
1589456,3799
1589603,3749
1589836,3868
1589976,3778
1590092,4254
1590210,4226
1590304,4222
1590323,4914
1590434,4614
1590555,4557
1590625,4660
1590798,4818
1591012,4706
1593332,3765
1593522,3502
1593566,4751
1593719,3297
1593912,3526
1594076,3417
1594236,3627
1594435,3505
1594620,4272
1594675,3745
1594688,3910
1594884,3820
1594955,4198
1595079,3845
1595317,3862
1595457,3920
1595590,5327
1595808,3698
1596049,4029
1596471,4619
1596769,4422
1597045,4097
1597200,4082
1598397,3530
1598505,3724
1598712,3957
1598974,4096
1599015,4168
1599210,3910
1599259,4210
1599333,3948
1599402,4129
1599546,4666
1599581,5166
1599805,4597
1599951,4932
1600090,4860
1600207,4932
1600335,4857
1600787,4547
1602050,5914
1602077,4974
1602227,4928
1602398,5173
1602564,5578
1602672,5519
1602730,5294
1602896,7343
1602960,6133
1603099,6046
1603214,5980
1603293,6001
1603347,6043
1603528,5961
1603569,6540
1603679,6121
1603751,6208
1603894,5992
1604168,7090
1604354,7009
1604506,7036
1604553,7055
1604674,7065
1604861,7031
1604980,6852
1604999,7054
1605141,6859
1605305,7377
1605423,7320
1605552,7252
1605687,7208
1605808,7137
1605943,7291
1606104,7081
1606164,7257
1606304,7218
1606424,7263
1606862,7904
1607248,8001
1607410,7990
1608244,7274
1608352,6949
1608547,6804
1608568,7059
1608739,6961
1608881,7843
1608931,8340
1609026,7875
1609160,7828
1609295,7903
1609437,7807
1609597,7733
1609619,8546
1609781,7749
1610057,8236
1610182,7666
1610296,7946
1610393,7558
1610525,7679
1610898,7545
1611255,8073
1611677,7866
1611831,7782
1612396,7214
1612753,6960
1612964,6817
1613070,6830
1613260,6730
1613312,7117
1613900,6291
1613916,6564
1614089,6822
1614229,6479
1614276,6462
1614400,7367
1614539,7304
1614578,7491
1614825,7241
1615044,7077
1615080,7435
1615303,7001
1615585,7124
1615741,6723
1615764,6847
1615903,6936
1616409,6574
1616588,7248
1617030,6663
1617067,6900
1617310,6649
1617908,6156
1618006,6449
1618353,6155
1618493,6064
1619370,6097
1619701,6475
1619926,6029
1620126,5886
1620270,5791
1620289,6089
1620519,5832
1620582,6133
1620748,5919
1620830,6105
1621077,6066
1621896,6346
1621899,5588
1623480,4909
1623664,4861
1623803,4959
1624008,4696
1624158,4659
1624295,4640
1624357,4518
1624512,4417
1625141,4273
1625168,4090
1625254,4481
1625394,4393
1625561,4034
1625934,4801
1626133,4233
1626216,4396
1626473,4372
1626501,4831
1626751,4529
1626793,4324
1626981,4224
1627196,4186
1627364,5244
1627743,4654
1629980,3374
1630148,4323
1630173,3891
1630256,4266
1630418,3936
1630446,4141
1630718,4380
1630831,4413
1630859,4822
1630977,4748
1631097,4956
1631275,4657
1631416,4619
1631552,4433
1631679,4498
1631686,4400
1631853,4643
1631992,4554
1632123,4751
1632242,4733
1632263,4826
1632448,4739
1632480,4864
1632622,4774
1633360,4171
1633424,4152
1633609,4293
1633987,4010
1634141,3970
1634264,3945
1634456,3837
1634600,3897
1634691,3849
1634936,3900
1635230,3746
1635378,3747
1635766,4505
1636083,4271
1636246,4198
1636296,4877
1636379,4336
1640223,3475
1641872,3503
1642113,2778
1642276,2770
1642459,4249
1642762,2836
1643344,3246
1643480,3054
1643805,2977
1643937,3198
1643966,3622
1644058,3210
1644142,3511
1644358,3269
1645158,2840
1645181,3261
1645352,4204
1645462,4023
1645507,3920
1645545,4402
1645590,4693
1646261,3953
1646314,3764
1646508,3628
1646790,3648
1647095,4145
1647319,3405
1647982,2976
1648111,3382
1648265,4036
1648305,3451
1648454,3248
1648495,3327
1648565,3436
1648647,4077
1648909,3256
1648935,3371
1649087,3942
1649246,3652
1649746,3338
1649980,3243
1650122,3221
1650533,3190
1650765,3610
1650914,3631
1651081,3517
1651323,3686
1651575,3977
1651668,4305
1651690,4102
1651709,4163
1651745,4376
1653308,3011
1653451,3852
1653492,3449
1653804,3297
1653828,4045
1653932,3327
1653964,3782
1654015,3965
1654095,3568
1654239,3658
1654379,3728
1654428,4422
1654567,4145
1654661,3819
1654804,3771
1654922,3874
1655428,3569
1656522,2933
1656710,3803
1656771,3497
1656954,3405
1657116,3424
1657472,3511
1658090,3797
1658290,3460
1659031,3284
1659215,4173
1659355,4251
1659840,4646
1660055,5663
1660280,5543
1660404,5444
1660584,5365
1660840,5133
1661010,5431
1661153,5403
1661203,5505
1661359,5287
1661393,5325
1661481,5277
1661528,5394
1661762,5370
1662123,5152
1662137,5208
1662282,5307
1662475,5327
1662699,4827
1662845,4822
1662969,4754
1663109,4793
1663229,4664
1663441,4574
1663785,4386
1663955,4288
1664201,4577
1664229,4277
1664328,4568
1664394,4852
1664548,4481
1664610,4426
1664716,4484
1664878,4424
1665029,4508
1665185,4632
1665334,7327
1665486,7831
1665652,8492
1666089,8459
1666303,8356
1666756,7568
1666954,7283
1667104,7325
1667293,7302
1667676,6837
1667883,6819
1668481,6304
1670315,4521
1670505,4767
1670555,6152
1670770,4606
1670928,4533
1671081,4866
1671252,5585
1671426,5572
1671590,5986
1671724,6221
1671731,5867
1671892,5972
1671915,5763
1672058,5580
1672085,5646
1672289,5492
1672442,5387
1672596,6742
1673028,4850
1673230,4844
1673396,4831
1673580,5811
1673744,5319
1673915,5370
1674079,5160
1675096,4822
1675545,4458
1675578,4647
1675744,4730
1675764,4526
1675803,5597
1675850,5603
1675894,5660
1675944,6563
1676063,4553
1676230,5025
1676396,5403
1676529,5221
1676674,5054
1677085,5054
1677338,4888
1677905,4945
1678577,4223
1678706,5113
1679107,4659
1679524,3713
1679769,4370
1679938,3761
1680097,3842
1680125,3768
1680310,3673
1680327,3917
1680460,3850
1681051,4174
1681217,3852
1681285,4279
1681421,4278
1681810,3805
1682059,4165
1682217,4094
1682351,4199
1682546,4061
1682906,4138
1683476,3681
1684869,4580
1684892,3551
1685042,3741
1685199,4391
1685259,3698
1685401,3868
1685432,4513
1685574,4247
1685736,3978
1685945,3852
1686077,3947
1686207,4515
1687346,3091
1687527,2785
1687701,3356
1687826,3511
1688010,3434
1688170,3397
1688390,3583
1688564,5116
1688696,3501
1688863,3432
1689044,4384
1689211,4269
1690569,5281
1691151,2901
1691339,3117
1691519,3427
1691693,3354
1691858,3435
1692521,3386
1692697,3263
1692860,3299
1693002,3488
1693147,3555
1693175,3561
1693522,3312
1693541,3399
1693709,3475
1693728,3550
1693866,3514
1693892,4491
1694029,4275
1694103,3775
1694241,3855
1694375,3821
1694509,3773
1694673,3855
1694715,3776
1694847,4306
1694993,4105
1695257,3948
1695370,4108
1695539,4259
1695570,4173
1696291,3828
1696311,3918
1696523,4222
1696879,3504
1697105,4363
1697261,4138
1697985,4128
1698142,3920
1698371,4647
1698698,4373
1698886,4395
1698928,3795
1699232,4242
1699248,3814
1700161,3134
1700327,3836
1700823,3033
1700831,3171
1700957,3499
1701026,3532
1701248,3902
1701604,3542
1701720,3225
1702045,3294
1702297,3427
1702462,3328
1702690,3322
1702852,3289
1702884,3372
1703100,4110
1703130,3786
1703357,3905
1703396,3632
1703557,3520
1703711,4040
1703848,4109
1703971,4046
1704603,3616
1704775,3185
1704969,3384
1705176,3231
1705392,3155
1705433,3275
1706516,3208
1706922,2957
1707274,3142
1707555,2851
1707786,3270
1708052,3189
1708126,4018
1708399,3820
1708580,3385
1708729,3587
1708763,3642
1709622,3992
1710080,2855
1710185,3145
1710279,3251
1710457,3281
1710517,3566
1710612,3841
1710801,3496
1710941,3989
1711078,4204
1711268,4088
1711297,4281
1711445,4277
1711568,4213
1712581,3736
1713047,3522
1713068,3664
1713248,4838
1713372,3833
1713400,4224
1713532,3923
1713702,4411
1713813,3965
1713943,4261
1714113,4183
1714133,4300
1714235,4305
1714392,4212
1714520,4666
1714553,4467
1714691,4380
1714748,4491
1714822,4297
1714989,4179
1716206,3331
1716370,3318
1716397,3378
1716523,3451
1716693,3897
1716880,3781
1717041,3684
1717246,3551
1717408,3478
1718729,3281
1718884,3259
1719024,3396
1719338,3401
1719474,3337
1720036,2872
1720252,3367
1720275,3719
1720427,3620
1720545,3470
1720798,3353
1720950,3255
1720987,3536
1721113,3360
1721923,3367
1721947,3112
1722101,3445
1722227,3700
1722250,2976
1722303,3953
1722341,4181
1722359,4413
1722795,3081
1723219,4358
1723806,3631
1724108,3613
1725381,3435
1725422,3678
1725602,3553
1725710,3486
1725832,3373
1725979,3326
1726002,3438
1726096,3779
1726315,4183
1726363,3991
1726451,4307
1726578,4031
1726658,4154
1726798,4063
1727518,3711
1727606,3903
1727720,3706
1727877,3789
1728047,3713
1728193,3658
1728301,3720
1728342,3800
1729496,2902
1729528,3032
1729674,4548
1729695,4007
1729721,4635
1729756,4832
1729848,4298
1729930,4200
1730082,4195
1730325,4403
1730718,4286
1730936,4479
1730958,4422
1731077,4490
1732927,2831
1733147,2814
1733318,3732
1733492,3984
1733506,3839
1733675,4101
1733800,3909
1733828,4137
1733978,4017
1734775,3895
1735066,4051
1735434,3296
1735966,3176
1736104,3113
1736136,3301
1736313,3235
1736334,3352
1736514,3227
1736929,3014
1737120,3407
1737144,3766
1737302,3548
1737391,3570
1737530,3624
1737715,3593
1737813,3924
1738195,3873
1738465,3725
1738712,3603
1738856,3746
1738900,3775
1739544,3705
1740073,2774
1740272,2888
1740614,3423
1740882,3104
1741166,3204
1741344,3078
1741540,3473
1741769,3193
1741845,3459
1742402,2970
1742425,3108
1743433,2785
1743610,3542
1743616,3314
1743814,3074
1743870,3001
1744165,3118
1744704,3056
1744793,3373
1744917,3356
1745098,3259
1746152,2832
1746364,2861
1746492,2871
1746714,3263
1746966,3224
1746989,3222
1747143,3263
1747826,3067
1747857,3173
1747979,3204
1747999,3217
1748114,3187
1748210,3419
1748386,3186
1749476,2905
1749495,3413
1749662,3355
1749802,3688
1749835,3201
1750022,3691
1750051,3355
1750248,3546
1750265,3400
1750554,4161
1750669,5780
1751288,5274
1751332,4716
1751416,5361
1752373,3992
1752587,3572
1753094,3794
1753304,3671
1753796,3125
1753962,3060
1754139,2978
1754301,3023
1754470,3258
1754624,4586
1754728,3971
1754794,3348
1754894,4050
1754953,3451
1755054,3948
1755110,3493
1755223,3832
1755265,3664
1755386,3723
1755425,3694
1755537,3787
1755708,3720
1755859,3640
1755881,3702
1756016,3829
1756204,3963
1756217,4280
1756416,4249
1757805,3319
1757966,3431
1758223,3385
1759460,3358
1759993,3301
1760153,3196
1760321,3183
1760354,3387
1760495,3301
1760532,3358
1760673,3268
1760817,3334
1760846,3333
1760970,3307
1761185,3186
1761358,3670
1761497,3811
1761670,3690
1761838,3619
1761964,3560
1762405,3304
1762423,3357
1762552,3337
1762701,3626
1762845,3740
1763045,3784
1763386,3493
1764244,3024
1764482,3539
1764512,3655
1764620,3849
1764694,3523
1764853,3998
1764980,3878
1765135,3651
1765424,3527
1765568,3903
1765590,3651
1766033,3842
1766171,3649
1766228,3688
1766424,3958
1766613,3547
1766716,3258
1767508,3277
1767728,3072
1767860,3157
1768135,3314
1768307,3219
1769983,3261
1770213,3082
1770266,3231
1770405,3295
1770445,3636
1770814,3391
1771063,3187
1771089,3249
1771608,3226
1771685,2827
1771834,2872
1771972,3320
1772115,3227
1772173,3065
1772381,3110
1772503,3089
1772694,3145
1772823,3114
1772936,3322
1773079,3261
1773187,3461
1773335,3634
1773371,3694
1773494,3686
1773629,3962
1774407,3580
1774584,3349
1774732,4226
1774769,3676
1774797,3871
1774817,4268
1774835,4457
1774853,4535
1774870,5021
1775736,3484
1776348,3656
1776518,3585
1776676,3378
1777418,3064
1777455,3665
1777585,3586
1777697,3522
1778091,3260
1778279,3418
1778486,3281
1778546,3334
1778705,3556
1779875,2977
1780154,3056
1780174,3288
1780301,3150
1780395,3380
1780525,3329
1780661,3279
1780781,3261
1780916,3855
1781090,3745
1781225,3662
1781541,3646
1781715,3673
1781860,3913
1782033,3915
1782100,3799
1782346,4118
1782456,3958
1784286,2866
1784308,3006
1784475,3225
1784512,3944
1784830,3295
1784984,4912
1785009,4424
1785134,4880
1785310,4841
1785400,5147
1786082,4645
1786250,4350
1786542,4559
1786705,3537
1786874,3418
1787041,3493
1787211,3398
1787373,3300
1787529,3957
1787954,3055
1788237,3580
1788681,3365
1788926,3772
1789092,3840
1789266,3747
1789531,3533
1789707,3759
1789714,3904
1789871,3855
1790032,3745
1790326,3683
1791146,4451
1791374,3510
1791391,3191
1791539,3130
1791826,3023
1791879,3073
1792082,3646
1792120,3362
1792214,3408
1792242,3606
1792371,3591
1792506,3680
1792769,3513
1793007,3363
1793144,4129
1793269,4057
1793383,3645
1793942,3433
1794090,3228
1794259,3615
1794707,3555
1794731,3626
1795002,3428
1795197,3583
1795424,3444
1796316,2869
1796494,3713
1796512,3763
1797059,3267
1797122,3797
1797289,3698
1797409,3471
1797432,3773
1797540,3538
1797579,3816
1797747,3500
1797917,3671
1798063,3641
1799537,2964
1799551,3156
1799797,3326
1799815,3165
1799864,3060
1800110,3519
1800706,3004
1801026,3194
1801235,3350
1801425,3823
1801465,4223
1801591,4017
1801736,3675
1801886,3464
1802062,3467
1802110,3644
1802235,3571
1802351,3503
1803257,3363
1803421,3075
1803461,3114
1803562,3259
1803686,3184
1803911,3008
1804052,3156
1804080,3178
1804186,3421
1804327,3380
1804687,3860
1804842,3758
1805029,3978
1805444,3883
1805585,4464
1805665,4324
1807339,2915
1807489,2865
1807671,3065
1807750,3472
1807789,3013
1807904,3912
1807936,2970
1808027,3106
1808168,3550
1808193,3890
1808364,3766
1808390,4042
1808525,4090
1808680,4036
1809000,3770
1809109,4073
1809667,3534
1810996,2926
1811149,2826
1811383,3405
1811529,3325
1811659,3436
1811792,3416
1811943,3582
1812106,3506
1812175,3889
1812225,3740
1812464,3749
1812648,3812
1812678,3685
1812815,3895
1812975,4039
1813701,3262
1813838,3306
1814006,3514
1814154,3418
1814246,3462
1814274,3772
1814393,3603
1814396,3971
1814532,3597
1814575,4381
1815418,3488
1815596,4577
1815717,3492
1815884,3419
1816089,3704
1816262,3738
1816480,3848
1816622,4107
1817596,3719
1817619,3435
1817692,3848
1817805,3329
1818174,3391
1818204,3687
1818340,4371
1818526,4076
1818549,4370
1818692,4341
1818726,4295
1819344,3809
1819544,4598
1819626,4199
1819662,4071
1819938,3938
1821026,3425
1821230,3169
1821378,3248
1821400,3441
1821569,3397
1821725,3363
1821749,3447
1821940,3983
1821960,4468
1822127,4445
1822156,4232
1822308,4173
1822445,4125
1822629,4158
1824209,3357
1824363,3252
1824487,3943
1825035,3455
1825208,4568
1825349,3196
1825475,4011
1825516,3916
1825536,4172
1825554,4271
1825615,4257
1826770,3150
1826958,3175
1827131,3104
1827268,3223
1827408,3173
1827677,3251
1827739,3338
1827821,3309
1828156,3354
1828314,3410
1829519,3002
1829680,3096
1829883,3367
1830107,3191
1830274,3072
1830439,3867
1830605,3872
1830672,3581
1831930,2820
1831996,2853
1832131,2825
1832253,2929
1832397,3144
1832461,3773
1832481,3946
1833294,3044
1833547,3066
1833601,4093
1833715,3316
1833868,3670
1833893,3351
1834029,3579
1834053,3723
1835365,3144
1836059,3069
1836224,3004
1836578,4258
1836837,3057
1836866,3255
1836994,3783
1837974,3442
1838372,3099
1838536,3320
1838566,3125
1838660,3129
1838787,3360
1838945,3389
1839154,3316
1839308,3266
1839475,3315
1839607,3655
1839694,3577
1839856,3514
1839944,3507
1839992,3687
1840127,3771
1840195,4699
1840357,4666
1840386,4137
1840506,4106
1840661,4081
1841017,3808
1841168,3839
1841421,3960
1841719,3771
1841982,4674
1842100,3932
1842510,3752
1842717,4566
1842728,3833
1842844,4384
1842949,3963
1842958,3864
1843525,4276
1843735,4138
1843774,4838
1843957,4599
1844203,3983
1844363,3916
1845622,3495
1845832,3394
1846060,3099
1846084,3230
1846259,3642
1846463,3611
1846605,3911
1846671,3453
1846814,3359
1846950,3270
1846997,3291
1847123,3609
1847328,3582
1847604,4149
1847998,3928
1848303,3209
1848480,3469
1848610,3288
1849569,3234
1849591,3676
1850115,3405
1850331,4033
1850353,3563
1850815,3604
1850968,3353
1851100,3623
1851181,3657
1852334,3061
1852656,3213
1852837,2979
1853030,3031
1853077,3345
1853193,3317
1853338,3468
1853545,3422
1853690,3384
1853889,3370
1854099,3246
1854116,3663
1854408,3555
1854541,3373
1855000,3180
1855048,3288
1855123,3481
1855193,3332
1855238,3660
1855331,3565
1855376,3601
1855409,4292
1855439,4177
1855483,4273
1856037,3809
1857185,3021
1857493,3128
1857723,3306
1857893,3320
1857993,3517
1858207,3877
1859047,3681
1859188,3915
1859315,4140
1859454,3704
1859898,3357
1860031,3280
1860045,3489
1860278,3292
1860422,3467
1861117,3239
1861123,3024
1861277,3279
1861518,3270
1861825,3534
1861983,3258
1862119,3252
1862252,3474
1862452,3327
1862483,3488
1862623,3896
1862664,4162
1862691,3550
1862761,3621
1862814,3633
1863069,4131
1863942,3312
1864109,4153
1864223,3597
1864393,3815
1864586,3814
1864768,3681
1864931,3567
1865067,3676
1865201,3656
1865409,3622
1865550,3698
1866337,3164
1866509,3425
1866669,3320
1866815,3221
1867003,3106
1867054,3776
1867207,3673
1867373,3401
1867533,3396
1867654,3345
1867739,3612
1867928,3785
1868141,3887
1868307,3960
1869246,3354
1869261,3039
1870347,4331
1870480,3768
1870665,3919
1870828,3815
1870968,3911
1871054,3476
1871145,4090
1871186,3570
1871333,3789
1871410,3455
1872556,2980
1872721,3149
1872800,2901
1873119,4011
1873148,3382
1873220,3356
1873482,3859
1873514,3250
1874328,3185
1874557,3145
1874674,3428
1874933,3194
1874950,3495
1876060,3154
1876231,3196
1876383,3099
1876905,2813
1877165,2889
1877190,3145
1877320,3678
1877381,3592
1877531,3494
1877548,3582
1877940,3644
1878140,3393
1878260,3829
1878451,3461
1878656,3407
1878673,3354
1878854,3458
1878873,3519
1879685,3013
1879857,2920
1879882,3010
1880102,3110
1880295,2968
1880537,2984
1880796,3361
1881091,3847
1881186,3421
1881328,3625
1881409,3765
1881571,3656
1881704,3796
1882982,2962
1883002,3358
1883204,2970
1883445,2845
1883575,3519
1883718,3022
1883745,3568
1883839,3355
1883938,3557
1883960,3791
1884282,3562
1884415,3621
1884702,3672
1884966,4144
1885116,4052
1886446,3925
1886537,4473
1886692,3824
1886814,4295
1886949,4283
1887193,4140
1887319,4066
1887341,4212
1887473,4410
1887546,4593
1887591,5453
1887717,4634
1887816,4630
1887865,5552
1887948,4997
1888081,4749
1888134,5343
1888277,5250
1888422,5202
1888569,5006
1888727,5381
1888853,5039
1888951,4984
1888988,5316
1889233,4805
1889376,4761
1889493,5117
1889628,4932
1889944,4738
1890720,4406
1890914,4377
1891043,4288
1891152,4300
1891265,4255
1891678,4532
1891717,4592
1891878,4477
1891916,4986
1892116,5227
1893160,4372
1893384,4313
1893724,4159
1893945,3985
1894146,3844
1894339,3957
1894370,4055
1895551,2940
1895579,4331
1895665,2943
1895854,2886
1896007,3974
1896030,4746
1896213,3818
1896341,3738
1896405,4107
1896485,3923
1896587,4131
1896981,3717
1897151,3824
1897515,3761
1897722,3502
1899013,3190
1899055,3057
1899149,3187
1899166,3553
1899373,3704
1899603,4265
1900052,3934
1900181,3744
1900345,3515
1900809,3593
1900837,3572
1901037,3511
1901056,3741
1901294,3592
1901339,3633
1901422,3657
1901505,3894
1901675,4099
1902363,3856
1902386,3364
1902469,3411
1902674,3262
1902759,3362
1902803,3792
1902913,3391
1902993,3416
1903696,3455
1903901,3306
1904044,3455
1904198,3983
1904216,4276
1904433,4005
1904533,3854
1904685,4187
1905919,3586
1905962,3798
1906112,3607
1906254,3595
1906437,3491
1906465,3546
1906624,4101
1906692,3389
1907241,3289
1907263,3738
1907409,3614
1907554,3700
1907580,4903
1907941,3339
1907990,3519
1908114,3821
1908227,3811
1908560,3526
1910337,3329
1910404,3341
1910544,3442
1910557,3243
1910876,3032
1911052,3284
1911287,3548
1911541,3386
1911565,3923
1911971,3057
1912125,3334
1912151,3014
1912221,2994
1912514,3036
1912682,3678
1912836,3688
1912981,3116
1912998,4007
1913149,3957
1913174,3277
1914019,3157
1914599,2969
1916181,2861
1916800,3228
1917242,2855
1917261,2994
1917422,3001
1917577,2987
1917809,3392
1918114,3182
1918150,3028
1918349,3113
1918379,3153
1918506,3222
1918669,3109
1918682,3384
1918827,3239
1918852,3927
1919027,3892
1919166,3316
1919317,3523
1919340,3491
1919485,3631
1919609,3422
1919643,3562
1920058,3263
1920425,3141
1920580,3379
1920701,3031
1920847,3029
1921031,3593
1921685,3600
1921878,3466
1921902,4062
1922504,3514
1923995,2846
1924031,2895
1924201,4956
1924263,3050
1924334,4623
1924428,3046
1924465,4551
1925284,2897
1925504,2774
1925749,2765
1927576,3152
1929218,2801
1929579,2955
1929599,3638
1929914,3062
1930071,3071
1930289,3303
1930327,3620
1930412,3073
1930718,3040
1930879,2968
1931187,2929
1931337,3033
1931478,3066
1931598,3142
1931693,3141
1932326,3529
1932351,3266
1932492,3548
1932569,3986
1932697,3926
1932820,3598
1933480,3262
1933829,3298
1933993,3284
1934119,3271
1934983,3956
1935017,3104
1935149,3472
1935198,3566
1935267,3209
1935397,3317
1935576,3721
1935695,3753
1935883,3615
1936078,3716
1936260,4076
1936739,3499
1936839,4035
1937446,3552
1937681,3408
1937831,3607
1938052,3567
1938161,4105
1938246,4073
1938288,4433
1938318,4470
1938351,4911
1938424,3471
1938502,3460
1939228,3888
1939394,4045
1939587,3939
1939611,4096
1939882,3949
1940008,3930
1940142,3934
1940291,3930
1940502,4370
1940539,4024
1940821,4230
1941276,4344
1941548,3864
1941726,3966
1941874,4007
1942128,3901
1942299,3828
1942496,3802
1942539,3758
1942757,3844
1942908,3622
1943611,4045
1943686,3586
1943836,3599
1943975,3544
1944150,4859
1944316,4639
1944347,4149
1944491,4276
1944591,4469
1944609,4359
1944844,4265
1946353,3060
1946435,3094
1946685,3206
1946756,3537
1946814,3133
1946969,3027
1947198,3250
1947360,3501
1947507,3428
1947667,3908
1947670,4001
1947810,3661
1947993,4118
1948220,4061
1948430,3977
1948794,3500
1949982,3212
1950139,2988
1950344,3157
1950486,3592
1950617,3520
1950749,3436
1950915,3465
1951092,3477
1951263,3488
1951506,3688
1951699,3549
1953225,3074
1953254,3135
1953385,4160
1953427,4521
1953462,4544
1953581,3251
1954015,3265
1954217,3534
1954414,4210
1954967,3500
1955189,3654
1955371,4179
1955551,3829
1955668,3664
1955762,3517
1955874,3041
1956896,2856
1956998,2954
1957064,3178
1957160,3309
1957224,3587
1957375,3920
1957428,4119
1957570,4180
1958036,5054
1958067,4436
1958208,5967
1958259,5849
1958324,5982
1958461,6023
1958891,5848
1959116,5704
1959516,5172
1960275,4594
1960450,4459
1960617,5243
1960624,4656
1960851,5120
1961021,4998
1961547,4374
1962009,4210
1962182,4268
1962338,4089
1962578,6567
1962716,3811
1962740,3872
1962872,4489
1962915,4016
1963030,4159
1963188,4432
1963210,4585
1963340,4515
1963375,4596
1963500,5044
1963540,4825
1963677,4921
1963726,4932
1963832,4880
1963890,4869
1963987,4849
1964517,5311
1965193,4740
1965340,4645
1965478,4557
1965540,4819
1965707,4968
1966287,4731
1966477,4591
1966612,4392
1966683,4445
1967193,4475
1968085,3991
1968121,3982
1968271,4314
1968291,4392
1968389,4195
1968407,4063
1969350,3452
1969366,3522
1970180,2897
1970207,3108
1970362,3529
1970504,3438
1970706,3780
1970858,3691
1971047,3561
1971212,3201
1971463,3373
1971624,3719
1971660,3733
1971680,3232
1973256,3317
1973405,3095
1973430,3089
1973575,3326
1974028,4014
1974064,3494
1974303,3791
1974441,3702
1974587,4382
1974723,4105
1975053,3799
1975082,4255
1975188,3948
1975674,3711
1975774,3830
1975987,3757
1976134,4358
1976330,4716
1976351,3860
1976550,3755
1976628,3882
1976735,3668
1977379,3950
1977410,3895
1977588,3807
1977669,4739
1977705,4371
1977814,4543
1977911,4343
1977933,4524
1978052,4830
1978243,4555
1978363,4863
1978495,4857
1978552,5367
1978596,5548
1978995,5098
1979783,4409
1979960,4281
1979982,4354
1980186,4613
1980328,4784
1980529,4329
1980728,4440
1980885,4168
1981061,4376
1981158,4345
1981980,4031
1982329,3667
1982479,3598
1982618,3672
1983259,4009
1983439,3412
1983587,4432
1983727,3445
1983878,3873
1983945,4016
1983985,4392
1984053,4546
1984083,5170
1984968,3509
1985286,4253
1985429,4621
1985561,4423
1985678,4331
1985700,4593
1985818,4644
1985835,4268
1986059,4618
1986121,4219
1986186,4580
1986312,4512
1986594,4162
1986982,3890
1987301,3708
1987627,3912
1987752,3777
1987791,3829
1987938,3842
1988086,3998
1988558,4163
1988747,4061
1988903,3957
1989090,3820
1989380,3578
1989572,4164
1990014,3865
1990295,3595
1990498,3483
1990706,3582
1990849,3635
1990972,3557
1991892,3195
1991919,3252
1992086,3435
1992294,3621
1992420,3545
1992579,3774
1992662,3351
1993037,3119
1993166,3098
1993300,3507
1993545,3438
1994538,3035
1995210,2920
1995245,3341
1995350,3120
1995403,3636
1995539,3565
1995598,4383
1995999,4488
1996144,3755
1996397,3669
1996431,3746
1996573,3775
1996675,4215
1996906,4101
1996995,4018
1997072,4857
1997663,4068
1997809,4171
1997834,3734
1997973,4210
1999327,2959
1999353,3249
1999518,3337
1999555,3494
2000100,4042
2000188,3977
2000315,4183
2000521,3967
2000545,4075
2000721,4051
2000742,4821
2001028,4588
2001169,4531
2001762,3827
2002009,3800
2003495,3672
2003531,3954
2003562,4312
2003959,4070
2004196,3982
2004241,4029
2004434,3921
2004556,3886
2004716,3838
2004854,3875
2005015,4138
2005137,4084
2005250,4024
2005406,3929
2005426,4022
2005625,3920
2005725,4126
2005855,3951
2005999,4400
2006077,4102
2006211,4154
2006521,3781
2006937,4226
2006962,3983
2007117,4139
2007320,4146
2007471,4088
2007887,3863
2008151,3831
2009233,4010
2009502,3793
2009598,3700
2009687,4090
2009818,3780
2009878,4120
2010025,4316
2010148,4184
2010282,4593
2010401,4365
2010561,4253
2010694,4249
2012445,3087
2012619,3163
2013124,3177
2013358,3026
2013479,3504
2013613,3435
2013832,3267
2014128,3401
2014163,3459
2014475,3346
2014740,3531
2014897,3189
2015050,3819
2015100,3386
2015264,3802
2015420,3838
2015660,3697
2015805,3679
2015986,3323
2016115,4258
2016387,3864
2016425,3564
2016442,3165
2017726,3128
2017912,3212
2017934,3289
2018110,3984
2018127,3861
2018690,3966
2018902,3869
2019098,4294
2020321,3794
2020466,3127
2020492,3753
2020658,3367
2020683,3510
2020821,3397
2020892,3456
2021002,3546
2021041,4104
2021309,3735
2021459,3802
2021492,3604
2021569,3641
2021701,4191
2021765,4132
2021941,4153
2022117,3938
2022278,3866
2022378,3915
2022616,3576
2022745,3549
2022945,3565
2023102,3569
2023273,3607
2023626,3645
2024499,3502
2024580,3586
2024936,3386
2025288,3967
2025309,4355
2025429,4714
2025464,4864
2025502,5088
2025522,4980
2025726,5088
2025933,5149
2026120,5090
2026324,4961
2027724,3539
2028402,3609
2028571,3497
2028699,3304
2028774,3419
2028867,3388
2029020,3923
2029087,3789
2029175,4063
2029324,3765
2029355,3733
2029475,3709
2029530,3817
2029800,3787
2029973,3728
2030374,3598
2030676,3354
2030892,3238
2030917,3323
2031016,3822
2031350,3614
2031475,3711
2031672,4171
2031824,3968
2032222,3799
2032468,3842
2033125,3261
2033305,3217
2034245,2850
2034418,3208
2034461,3798
2034565,3607
2034670,4131
2034725,3676
2035053,3431
2035081,3492
2035259,3994
2035349,3972
2035577,4161
2035709,3823
2036712,3252
2036895,3173
2036911,3505
2037171,3343
2037344,3121
2037394,3548
2037468,3487
2037577,3721
2037692,3681
2037729,4715
2037993,3510
2038005,3656
2038292,4428
2038614,4324
2038648,3861
2038833,4158
2038870,4030
2038992,4008
2040019,3539
2040252,3475
2040271,4061
2040552,3587
2040569,3506
2041059,3344
2041235,3731
2041924,3095
2042000,3208
2042169,3568
2042200,3721
2042349,3660
2042768,3572
2043029,3408
2043074,3455
2044289,3026
2044481,2995
2044627,3627
2045048,3067
2045332,3151
2045354,3234
2045544,3576
2045692,3375
2046415,3323
2046544,2822
2046718,2775
2046874,2848
2046923,2963
2047067,3077
2047101,3205
2047232,3501
2047327,3464
2047483,3522
2047510,3331
2047601,3778
2047945,3764
2048091,3709
2048215,3636
2048343,3786
2048484,3738
2050092,2890
2050291,2847
2050477,4311
2050508,3439
2050700,3344
2050845,3348
2051059,3381
2051212,3316
2051281,3453
2051477,3417
2051858,3352
2052054,3380
2052230,3348
2052310,3402
2052363,3404
2052459,3585
2052524,3610
2053434,3054
2053587,3151
2053903,3379
2054593,3340
2054839,3169
2054984,3141
2055050,3390
2055237,4147
2055383,3998
2055527,3715
2055708,3611
2056820,2887
2056936,2829
2057113,2876
2057143,2879
2057295,2834
2057439,2789
2057604,4388
2057794,3703
2057810,3330
2057959,3734
2058165,3720
2058196,3952
2058330,4289
2058473,4097
2058713,3680
2060189,2827
2060267,2994
2060323,3077
2060446,3857
2060509,2948
2060543,3472
2060666,3105
2060810,3404
2060849,3246
2061120,3330
2061320,3798
2061524,3868
2061543,3831
2061726,3770
2062174,4042
2062409,3901
2062700,3543
2062922,3477
2064475,2833
2064721,2818
2064914,3259
2064949,4133
2065093,3874
2065216,3964
2065220,3856
2065462,3669
2065541,3664
2065809,3546
2065972,3483
2065980,3577
2066689,3241
2066710,2995
2067029,2786
2067299,2949
2067362,3065
2067548,3231
2067975,3132
2068261,3227
2068476,3262
2068833,3396
2069887,3022
2070073,2868
2070106,3427
2070259,3520
2070298,3213
2070441,3272
2070468,3234
2070613,3976
2070689,4423
2070720,3655
2070807,3488
2070848,3579
2071052,4009
2071323,3837
2071446,3795
2071539,3848
2071588,4398
2071782,4441
2071945,3964
2074017,3467
2074118,3658
2074227,3773
2074461,3597
2074485,3827
2074644,4155
2074774,4124
2074964,3990
2075092,4184
2075266,4531
2075388,4493
2075558,3818
2075699,3992
2075898,4034
2076058,3923
2076082,3889
2076252,4058
2076269,4015
2076397,4125
2076423,4090
2076535,4244
2076692,4404
2076834,4212
2076872,4084
2077058,4123
2077352,4038
2078138,3379
2078183,3926
2078704,3671
2078725,4295
2079088,3998
2079220,4000
2079347,4027
2079585,4204
2080551,4285
2080727,3896
2080883,4144
2081202,3802
2081219,3937
2081358,3954
2081421,4048
2081561,4161
2081588,4312
2081724,4258
2082190,4382
2082252,3959
2082401,3901
2082403,4046
2082549,4077
2082819,4221
2082842,4539
2083979,3167
2084005,3444
2084188,3739
2084240,3653
2084412,3533
2084533,3466
2084664,3746
2084666,3599
2084857,4578
2085052,4793
2085196,4589
2086800,3082
2087002,2965
2087208,2901
2087545,3487
2087575,3158
2088027,3172
2088045,3208
2088199,3279
2088443,3100
2088591,3357
2088768,3314
2088797,3027
2088867,3164
2089009,3243
2089125,3253
2089263,3166
2089688,3094
2089981,3146
2090117,3209
2090251,3127
2090298,3845
2090438,3968
2090803,3398
2090980,3596
2092706,4241
2092923,4133
2092962,3185
2093161,3241
2093344,3203
2093471,3184
2093673,3245
2093698,3308
2093801,3318
2093852,3344
2093994,3332
2094017,3377
2094239,3293
2094456,3171
2094478,3286
2094685,3198
2094821,3187
2094837,3284
2098594,3012
2098686,2817
2098991,2953
2099045,2965
2099217,5083
2099259,2887
2099321,2985
2099383,3017
2099466,3038
2099603,4151
2099702,3043
2100004,3931
2100224,3826
2100320,4162
2102116,3212
2102364,3356
2102582,3282
2102606,3342
2102883,3284
2103022,3079
2103154,3033
2103286,3062
2103427,3019
2103572,3446
2103673,3946
2103831,4013
2104002,3899
2104173,3290
2104204,3894
2104368,3931
2104491,3996
2104623,4251
2104709,3328
2104846,3886
2104860,3492
2105157,3628
2105998,3211
2106220,3254
2106347,3423
2106483,3233
2106562,3269
2106709,3576
2107299,3634
2107451,3807
2107673,3669
2107928,3881
2108132,4000
2108328,3992
2108515,3929
2108715,3653
2108901,3635
2110084,4022
2110104,2949
2110198,3608
2110328,3827
2110375,4382
2110400,3507
2110472,3585
2110502,3480
2110630,3846
2110758,3375
2110913,3317
2111045,3623
2111236,4562
2111898,3580
2113145,3184
2113355,3617
2113520,3536
2114820,3183
2114852,3004
2114994,3058
2115037,3432
2115295,3384
2115385,3135
2115526,4015
2115655,3461
2115690,3551
2115849,3593
2115882,3089
2116011,3333
2116195,3575
2116347,3482
2116390,3535
2116531,3593
2116559,3597
2116667,3638
2116691,3708
2117882,3010
2118064,3313
2118240,3337
2118462,3445
2118768,3204
2118816,3271
2119648,3738
2119779,4094
2119961,4148
2119993,3714
2120245,3942
2120430,3813
2120453,3789
2120618,3949
2120682,3781
2120834,4168
2120974,4188
2122406,2834
2122429,2900
2122559,3730
2122673,3125
2122697,3211
2122813,3669
2122899,3358
2123052,3840
2123617,3397
2123901,3648
2123925,3636
2124079,3783
2125199,2901
2125354,3422
2125384,3495
2125514,3766
2125713,3794
2125957,3894
2125979,3600
2126081,3626
2126131,3764
2126323,3902
2126347,4151
2126678,4454
2126718,4155
2126938,3992
2127075,3906
2127224,3805
2128087,3157
2128257,3169
2128415,3626
2128539,3400
2128683,3702
2128907,3569
2129044,3481
2129962,3835
2130054,3798
2130150,3817
2130280,3464
2130462,3337
2130604,3835
2130723,3815
2130841,4387
2130893,4500
2130945,4536
2130992,5161
2131059,3228
2131521,4071
2131685,4052
2131727,4309
2131864,4225
2132048,4362
2132291,4559
2132443,4487
2132741,4327
2132965,4155
2133999,3776
2134152,3998
2134303,3899
2134519,3733
2134649,3680
2134673,3855
2134765,4025
2134880,4867
2135030,3994
2135538,4518
2135697,4317
2135804,4306
2135874,4391
2135897,4526
2136032,4781
2136210,4801
2136236,4876
2136297,4906
2136430,4921
2137006,4862
2137170,4797
2137206,4847
2137373,5092
2137539,4877
2137971,5064
2138931,4352
2139422,4220
2139573,3969
2139594,4121
2139753,4064
2139891,4131
2140043,4070
2140172,4052
2140327,3979
2140517,3913
2140554,3947
2140646,4081
2140665,4596
2141376,4210
2141397,5101
2141547,4228
2142096,3769
2142116,3834
2142226,3822
2142259,3883
2142369,3879
2143104,3945
2143354,3799
2144569,3373
2144590,3133
2144694,3142
2144758,3374
2144820,2936
2144946,3090
2145105,3361
2145875,4187
2146123,3817
2146330,3669
2146349,4497
2146532,3747
2147949,3091
2148152,2963
2148298,3264
2148319,3077
2148472,3235
2148509,3263
2148685,3183
2148853,3213
2148902,3304
2149071,3379
2149088,3303
2149239,3288
2149378,3891
2149417,3653
2149451,3335
2149487,3426
2149514,3878
2150235,4281
2150546,3907
2150903,3848
2151179,4014
2151372,3870
2152210,3120
2152562,3047
2152601,3440
2152801,3436
2153011,3175
2153559,2999
2153733,4515
2153783,3176
2154117,3091
2154190,3591
2154299,3558
2154417,3497
2154543,3749
2154882,3530
2155021,3461
2156174,3035
2156385,2952
2156408,2962
2156571,2913
2156602,3448
2156683,3299
2156771,3355
2156908,3229
2157045,3487
2157067,3698
2157559,3809
2157582,4770
2157712,4201
2157859,5081
2158086,4772
2158282,4639
2158461,4136
2158667,4074
2159947,3024
2160153,2866
2160313,3067
2160342,3123
2160465,3088
2160581,3395
2160664,3147
2160788,3111
2160822,3207
2161025,3571
2161075,3618
2161382,3721
2161531,3945
2161577,4013
2161752,3945
2161944,3808
2162152,3677
2164298,3017
2164483,3405
2164699,3455
2164725,3097
2164885,3043
2165140,3483
2165311,3396
2165520,3715
2165726,4037
2165900,3387
2165924,3494
2166109,3684
2166130,4207
2166281,4004
2166316,4270
2166465,3998
2166734,3612
2166748,3880
2167156,3702
2168232,3009
2168262,3073
2168419,3718
2168454,3449
2168587,3617
2168714,3851
2168849,4282
2169026,4224
2169056,4341
2169196,4348
2169827,4424
2169842,4936
2170010,5119
2170129,5052
2171844,2994
2172012,3056
2172038,3193
2172261,3044
2172408,3173
2172430,3093
2172574,3535
2172608,3149
2172772,3510
2172794,3453
2172940,4385
2172969,5407
2173052,5001
2173218,4907
2173395,4978
2173543,4777
2173738,4877
2173972,4578
2174099,4856
2175407,3658
2175588,4496
2175785,4557
2175942,4350
2176077,3792
2176123,3825
2176260,3771
2176352,4039
2176444,3892
2176543,3900
2176620,4471
2176719,4186
2176864,4130
2177092,4215
2177237,5109
2177376,4079
2177509,4760
2177552,5136
2177586,4812
2177683,5564
2177753,4626
2177891,4554
2178107,4640
2178389,4534
2179431,4455
2180120,3648
2180174,3450
2180374,3667
2180522,3610
2180663,3844
2180874,4050
2181041,3940
2181193,3922
2181492,4604
2181515,3984
2181706,4205
2181840,6439
2182794,3554
2182952,3501
2183090,4126
2183295,3824
2183329,5077
2183420,3899
2183501,4992
2183720,4897
2183915,4808
2184124,4767
2184246,4867
2184321,4274
2184386,4781
2184512,4549
2184559,4345
2184751,4384
2184789,4294
2185562,3674
2185738,3660
2185921,3619
2186176,3437
2186343,3526
2186520,3439
2186533,3507
2186765,4624
2186934,4383
2187007,3957
2187220,3833
2187376,3777
2187534,3813
2188004,3886
2189591,3295
2190219,2799
2190392,3960
2190567,3572
2190745,3657
2190762,3548
2190931,3457
2191440,3128
2192071,2825
2192083,3139
2192212,3067
2192304,3517
2192333,3192
2192437,3689
2192473,3902
2192501,3650
2193250,3176
2193416,3971
2193589,3850
2193729,3379
2194180,3474
2194737,3177
2195040,3073
2195375,3675
2195404,3413
2195557,4089
2195595,4244
2195697,4082
2195851,4212
2195988,4024
2196212,3900
2196356,3804
2196476,3763
2196616,3729
2196687,3609
2196940,3677
2197155,3561
2199191,3389
2199330,3324
2199447,3367
2199600,4588
2199657,4584
2199881,4243
2201057,2865
2201198,2918
2201207,3012
2201341,3059
2201478,3002
2201603,3071
2201616,3132
2201817,3025
2201862,3068
2201946,3098
2202005,3143
2202089,3317
2202122,3362
2202357,3578
2202394,4065
2202499,4044
2202671,4021
2202790,3914
2202903,3926
2203225,3674
2203377,3660
2203932,3432
2205197,2979
2205236,3072
2205329,3077
2205439,4293
2205584,3577
2205605,4166
2205686,3464
2206232,3792
2206260,3765
2206477,3497
2207993,4066
2208169,4422
2208316,4369
2208465,4155
2208495,3668
2208611,4124
2208711,3570
2208900,3530
2209232,3789
2209396,3682
2209609,3664
2210630,3069
2210830,3146
2210973,3105
2211015,3153
2211093,3159
2211178,4290
2211221,3569
2211335,3531
2211483,3549
2211624,4123
2211692,4105
2211726,4119
2211762,4185
2212501,3582
2212838,3397
2212863,3473
2213008,3437
2213181,3344
2213301,3458
2213572,3522
2213669,3505
2213774,4141
2213972,4999
2214045,5134
2214289,3089
2214904,3964
2215181,4046
2215494,3571
2217022,3294
2217296,3072
2217439,3065
2217580,3412
2217733,3718
2217759,3787
2217912,3930
2218660,3439
2219877,2967
2220035,3140
2220060,3199
2220156,3213
2220227,3679
2220377,3810
2220522,4046
2220550,4045
2220690,4124
2220833,4646
2220952,4589
2221091,4525
2221109,4290
2221248,4333
2221283,4566
2221388,4500
2221481,4598
2221575,5136
2221971,4375
2222131,4298
2223081,4293
2223118,3671
2223310,3753
2223430,3994
2223554,4343
2223683,4642
2223706,4128
2223864,4114
2224001,4614
2224139,4592
2224258,4696
2224260,4864
2224408,4822
2224433,4875
2224579,4820
2224624,4904
2226246,4155
2226418,4074
2226498,4107
2226539,4151
2226784,3985
2226803,4628
2226907,4054
2227010,4038
2227140,4343
2227524,4046
2227660,4260
2227922,4165
2228134,4007
2229762,2799
2229928,2835
2230073,2764
2230696,3728
2230900,3473
2231048,3269
2231188,3760
2231265,3853
2231390,3965
2231521,3851
2231701,3720
2231718,3944
2232682,3186
2232860,4310
2232897,3266
2233053,3697
2233144,3720
2233179,3768
2233302,3745
2233325,3819
2233592,3647
2233745,4181
2233901,4151
2234059,4008
2234253,4530
2234308,4549
2234328,4624
2234357,4490
2235190,3802
2235388,3687
2235471,3695
2235696,4277
2235739,4602
2235891,4517
2235963,4497
2236009,4828
2236088,5103
2236212,5036
2236352,5092
2236497,4998
2236979,4882
2237257,4677
2237301,5441
2237385,4857
2239697,3161
2239719,3446
2240010,3937
2240033,4034
2240181,3789
2240207,3796
2240371,3776
2240539,4290
2240561,4634
2240672,5205
2240685,4641
2240869,4581
2241014,4535
2241279,4350
2241370,4834
2241516,4748
2242051,4089
2242151,4192
2242325,4453
2242493,4443
2244213,3260
2244231,2974
2244250,3060
2244533,3044
2244564,4142
2244741,3812
2244902,4115
2245037,4030
2245498,4440
2245685,4284
2245945,4054
2245969,3845
2246185,3891
2246314,3814
2246499,3834
2247959,3071
2248119,3047
2248143,3112
2248282,3234
2248459,3396
2248673,3234
2248957,2997
2249202,3259
2249401,3707
2249547,3778
2249615,4014
2249803,3746
2250034,3635
2250164,3885
2250207,3638
2250369,3929
2250527,3913
2251611,3207
2251957,3059
2252114,4090
2252180,3013
2252221,3068
2252306,3065
2252367,3097
2252515,3198
2252560,3482
2252709,3548
2252749,3604
2253412,3761
2253674,3624
2253862,3651
2253937,3868
2254060,4034
2254128,3708
2254175,3751
2254288,3853
2255320,3452
2255500,3366
2255524,3376
2255693,3324
2255835,3296
2256084,3255
2256101,3385
2256248,3290
2256426,3358
2256573,4300
2256591,3469
2256722,3750
2256912,3792
2257464,3669
2257891,3579
2259419,3712
2259555,3222
2259738,3323
2259877,6650
2259881,3535
2260023,6568
2260189,3349
2260246,6644
2260366,6398
2260556,3299
2260592,6276
2260720,6098
2260773,3805
2261034,8181
2261149,6954
2261291,6881
2261322,3763
2261506,6048
2263219,4631
2263626,3740
2263740,3196
2263982,3724
2263997,3150
2264159,4215
2264212,4542
2264258,4603
2264312,5061
2264366,5254
2264448,6172
2264505,5217
2264557,5987
2264723,3707
2264890,3730
2265089,3954
2265235,4030
2265373,4436
2265493,4580
2265540,4994
2265577,5322
2265682,5390
2265741,5618
2265797,5509
2265845,5890
2265910,6167
2265959,6170
2266006,6846
2266052,6942
2266105,8543
2266151,8826
2267173,3826
2268512,3940
2268913,5462
2269472,5643
2269753,4729
2269910,4653
2269935,5093
2270071,4642
2270159,4799
2270191,4855
2270494,4639
2271475,3835
2271503,4046
2271712,4370
2271906,4017
2271912,4857
2272092,5227
2272212,5008
2272348,4920
2272485,4680
2272503,4115
2272574,4793
2273356,4084
2273541,4627
2273701,3786
2273744,3942
2273859,3989
2273922,4377
2274018,4655
2274103,4474
2274170,4626
2274261,4471
2275299,3883
2276243,3460
2276398,3448
2276537,4258
2276691,3411
2276833,3687
2276982,3627
2277018,3971
2277175,3910
2277319,3976
2277480,3942
2277551,3971
2278356,3475
2278411,3615
2278577,3530
2278834,3301
2279014,3272
2279065,3313
2279190,3344
2279319,3280
2279538,3677
2279721,3728
2279846,3533
2279974,3607
2280108,4030
2280224,3713
2280380,3988
2280527,3774
2280693,3724
2281443,3353
