425,3173
805,3182
968,4393
1170,3804
1374,3830
1770,3486
1897,3251
2850,2800
3771,5456
4370,3406
6093,2796
6936,2935
7088,3139
7209,3336
7347,3081
7496,2874
7599,3028
8157,3307
8394,3859
9032,2957
10054,2989
10764,2880
10837,2983
10927,3155
11290,2932
11459,2925
11618,3002
11838,2995
12121,2942
12347,2945
13184,2812
13904,2928
13938,3199
14208,3073
14370,3008
14535,3234
14801,3075
15001,3169
15188,3082
15414,2946
16093,2790
16967,2809
17224,2878
17477,2788
17635,2966
17992,3053
18028,3108
18269,3058
18476,3107
18508,3119
19059,3031
19875,2890
20239,2779
20370,2870
20941,2994
21262,3089
21419,3042
21446,3161
21760,3007
21925,2940
22180,3118
22857,2986
23123,2847
23366,2815
24027,2781
24440,2911
24601,3152
24959,2868
25062,2891
25133,2950
25398,3011
25956,2878
26119,3024
26333,2768
26935,2836
27439,2779
27901,2853
28035,2987
28248,2928
28292,2985
28504,2929
28978,2839
29225,2811
29394,2941
29913,2960
30311,2784
30843,2836
31112,3009
31389,2844
31532,2807
31687,2918
31939,2924
32173,2982
32418,2847
33004,2815
33219,2915
33832,2801
34219,2932
34423,2884
34506,2969
34739,3034
34997,2945
35259,2855
35392,2871
35950,2811
36242,2771
36779,2789
37257,2865
37442,2776
37613,2922
37921,2894
38096,3070
38214,3068
38459,3014
38885,2888
39134,2801
39655,2840
40220,2779
40424,2838
40674,3127
41103,2901
41320,2848
41597,3330
41897,2774
42018,2963
42168,2907
42591,2898
43101,2865
43399,2763
43889,2937
44103,2829
44300,2894
44783,2982
45151,2846
45186,3036
45325,3038
45623,2882
46054,2841
46279,2824
47027,2820
47036,2916
47291,2769
47901,2874
48127,3021
48344,3092
48488,2867
48741,2986
49025,2902
49203,2822
49932,2852
50190,2774
50349,2917
50868,2781
51256,2850
51546,2870
51552,3170
51824,3051
52047,2993
52249,2772
52919,2877
53100,2810
53353,2817
53889,2986
54193,2956
54530,2788
54854,2969
55127,2803
55335,2810
55393,2924
55890,2865
56102,2787
56300,2766
56977,2809
57285,2781
57451,2822
57918,2879
58082,2969
58261,2874
58434,2997
58896,3079
59010,2817
59313,2815
59921,2860
60198,2784
60395,2812
60951,2994
61236,2976
61249,2934
61534,3119
61959,2929
62115,2843
62315,2945
62874,2946
63080,2839
63337,2789
64038,2863
64323,2786
64487,2871
64771,2843
65040,2826
65098,2914
65383,2937
65907,2921
66084,2857
66295,2973
66997,2878
67248,2840
67487,2855
67754,2995
67998,2887
68159,2835
68406,2863
68934,2848
69102,2791
69356,2799
70002,2835
70225,2828
70461,2803
70832,2858
71090,2982
71095,2885
71438,2853
71877,2781
72086,2793
72289,2800
72929,2853
73145,2841
73361,2835
73864,2995
74187,2811
74351,2762
74505,2956
74794,2880
75016,2963
75233,2835
75918,2802
76108,2808
76315,2828
76945,2875
77206,2926
77219,3067
77562,2951
77894,2883
78122,2834
78339,2955
78808,2847
79043,2820
79323,2767
79910,2888
80233,2781
80421,2822
80629,2945
80906,2895
81132,2973
81386,2795
81949,2963
82159,2765
82218,2915
82917,2933
83138,2839
83367,2867
83657,2971
83937,2889
84264,2836
84285,3102
85075,2781
85237,2761
85283,2830
85944,2830
86146,2830
86369,2820
86719,2857
86957,2952
87227,2989
87473,2837
87954,2934
88220,2968
88234,2896
88911,2775
89111,2787
89309,2812
89690,3056
90038,2904
90393,2800
90601,2880
91027,2833
91290,2811
91312,2880
91802,2864
92031,2942
92251,2827
92917,2773
93077,2827
93291,2830
93568,2786
93992,2910
94299,2900
94452,2879
94809,2779
95059,2788
95265,2790
95813,2806
96035,2817
96235,2851
96476,2820
97029,2773
97292,2816
97502,2825
97743,2812
97970,2906
98178,2835
98732,2856
98970,2830
99216,2794
99418,2813
99890,2886
100240,2805
100449,2861
100675,2972
100967,2991
101179,2816
101717,2788
101924,2827
102121,2821
102353,2801
103029,2781
103255,2777
103440,2873
103770,2915
104048,2813
104211,2775
104594,2876
104867,2785
105077,2808
105284,2873
105936,2821
106157,2871
106414,2823
106847,2905
107114,2924
107128,2876
107607,2920
107986,2999
107995,3080
108253,3003
108854,3004
109160,2829
109349,2973
109871,2884
110161,2812
110182,2938
110620,2996
111083,2780
111381,2798
111541,2878
111943,2884
112161,2776
112417,2805
112856,2935
113104,2952
113256,2770
113728,2868
113971,2861
114268,2945
114518,2792
115031,2923
115044,2994
115321,3015
115890,2878
116161,2775
116325,2839
116678,2884
116941,2837
117434,2785
117594,2777
118124,2835
118144,2899
118424,2896
118884,2795
119074,2812
119288,2810
119683,2941
119910,2866
120316,2826
120524,2829
121124,2814
121152,2887
121406,2952
121813,2800
122028,2814
122230,2836
122864,2772
123021,2828
123271,2795
123474,2817
124129,2786
124342,2769
124498,2846
124749,2822
124970,2964
125164,2858
125768,2794
125989,2810
126203,2815
126412,2815
127039,2781
127233,2818
127440,2842
127669,2991
128133,2777
128291,2826
128687,2817
128923,2928
129147,2805
129350,2878
129909,2877
130143,2871
130396,2843
130789,2833
131024,2816
131230,2821
131609,2846
132052,2854
132065,2887
132326,2944
132919,2923
133146,2796
133352,2811
133749,2813
133967,2804
134171,2831
134542,2842
135080,2809
135101,3061
135402,2803
135928,2885
136141,2775
136299,2766
136647,2865
136895,2964
137115,2844
137517,2776
137984,2877
138260,2899
138420,2796
139020,2783
139239,2858
139401,2828
139629,2839
139983,2837
140198,2805
140425,2852
140991,2875
141332,2879
141363,3110
141928,2794
142188,2781
142398,2783
142591,2926
143112,2818
143152,2889
143369,2778
143996,2872
144300,2779
144592,2870
144847,2830
145090,2815
145304,2877
145604,2801
146025,2831
146273,2771
146431,2841
146991,2800
147200,2767
147548,2850
147894,2782
148105,2798
148310,2801
148518,2906
148948,2857
149179,2822
149406,2809
149884,2830
150096,2916
150525,2865
150962,2882
151249,2868
151262,2996
151528,2875
151934,2839
152126,2890
152337,2776
152851,2774
153101,2775
153486,2795
153973,2939
154237,2884
154392,2896
154604,2897
154942,2897
155216,2814
155229,2896
155761,2834
156009,2780
156395,2777
157001,2942
157241,2913
157420,3032
157614,2935
157960,2888
158223,2897
158269,2887
158726,2921
159032,2974
159299,2812
160068,2888
160292,2872
160568,2834
160690,2921
160945,2959
161280,2836
161312,2949
161840,2833
162093,2781
162296,2786
163049,2853
163283,2828
163538,2794
163784,2833
164029,2903
164237,2831
164406,2895
164794,2785
165003,2878
165201,2823
166025,2794
166238,2801
166452,2906
166780,2978
167069,2891
167285,2978
167447,3079
167672,2949
167979,3230
168182,2972
168912,2870
169145,2871
169450,2781
169849,2926
170102,2786
170349,2875
170883,2790
170987,2786
171334,2920
171359,2985
171913,2999
172142,2807
172354,3025
172897,2793
173106,2833
173352,2797
173863,2863
173895,2933
174404,2828
174612,2837
175043,2822
175184,3011
175467,2999
175865,2901
176064,2812
176269,2960
176838,2827
176962,2923
177365,2796
177561,2814
177959,2889
178297,2777
178602,3307
178848,3418
179136,3210
179341,3097
179847,2774
180015,2859
180282,2855
180489,2990
180970,2832
181198,2824
182012,2792
182453,3140
182518,3242
182956,2924
183059,3445
183210,3122
183310,2872
183625,2987
183939,3026
184304,2851
184929,2822
185708,2882
185960,2873
186148,3089
186446,3046
186603,3110
186796,3216
186838,3189
187081,3065
187287,2978
187889,2780
188688,2881
188958,2818
189361,2890
189617,2946
189848,3138
190350,2813
190507,2888
190730,2952
190768,3001
190952,2897
191667,2939
191994,2772
192343,2874
192661,2991
193092,2797
193294,2816
193520,2989
193849,2777
194061,2829
194106,2890
194729,2871
194903,2959
195343,2777
195781,2823
196010,2807
196209,2846
196617,3034
196776,3016
197045,2945
197433,2814
197682,2812
197953,2922
198224,2787
198714,2844
198946,2945
199177,2997
199771,2808
199974,2932
200138,2873
200346,3028
200597,2889
200984,2789
201192,2807
201686,2828
202015,2819
202265,2808
202737,2778
202995,2907
203211,2775
203464,2853
203679,2854
203897,2857
204117,2770
204604,3057
205015,2778
205203,2801
205601,2884
206065,2902
206086,2983
206449,2789
206662,2978
206891,2993
207111,2922
207790,2879
208107,2869
208145,2931
208607,2863
209160,2791
209364,2768
209525,2950
209867,2795
210015,2818
210179,2818
210783,2982
211065,2860
211175,2894
211572,2796
212035,2822
212263,2902
212604,2933
212803,3080
213091,3003
213103,2887
213901,2776
214060,2774
214265,2903
214493,2883
214949,2933
215264,2778
215665,2824
216069,2791
216175,2791
216386,2848
216914,2915
216932,3000
217254,3013
217478,2863
218009,2896
218166,3004
218577,2795
218959,2787
219116,2824
219356,2856
219914,2885
220034,2968
220530,2848
220548,2930
221001,2857
221261,2836
221474,2837
222042,2837
222048,2926
222308,2772
222922,2843
223117,2763
223557,2818
223782,2803
223980,2951
224217,2830
224433,2805
225070,2780
225268,2875
225327,2874
225906,2783
226105,2901
226504,2805
226766,2780
227018,2875
227223,2826
227430,2835
227976,2884
228311,2810
228354,2953
228838,2822
229090,2899
229408,2851
229677,3051
230023,2896
230185,2900
230426,2818
230987,2928
231220,2793
231393,2767
231771,2874
232120,2844
232384,2870
232821,2946
233052,2922
233246,2937
233349,2930
234009,2872
234233,2806
234251,2923
235064,2833
235077,2906
235345,2782
235898,2874
236103,2895
236331,2847
236497,2974
236968,2877
237159,2779
237323,2810
238157,2780
238388,2819
238408,3099
238867,3004
239120,2967
239312,2858
239556,2847
239942,2946
240281,2891
240425,2843
241068,2941
241339,2877
241594,2926
242003,2903
242259,2878
242484,2881
242501,2954
242998,2937
243350,2830
243365,2897
244107,2844
244354,2875
244651,2989
245029,2909
245258,2922
245556,2836
245565,2920
246070,3111
246349,2909
246547,2996
247040,2953
247317,3045
247773,3009
248054,3127
248274,3216
248579,3401
248588,3682
249349,3320
249363,3613
249667,3700
250118,3688
250481,3741
250908,3823
251301,3742
251585,3754
252108,3521
252357,3218
252818,3169
253097,2988
253451,2855
253907,2848
254331,2788
254952,2815
255173,3057
255470,3002
255793,2998
255823,3152
256078,3065
256291,2985
256461,2885
256842,3233
257248,2781
257855,2780
258330,2855
258605,2987
258952,3080
259098,3191
259426,2916
259597,3337
259898,2884
260189,2892
260212,3021
260761,2861
261316,2775
261742,2794
262121,2875
262395,2901
262559,2882
262864,2998
263064,2897
263318,2811
263338,2979
263761,2808
264177,2785
264635,2874
265128,2943
265378,2827
265583,2834
266348,2878
266502,2873
266916,2857
267210,2776
267621,2832
267772,3202
267951,2918
268167,2915
268336,3056
268544,2945
269361,2780
269466,2783
269979,2790
270182,2789
270586,2786
270998,2885
271228,2909
271260,3014
271487,2958
271732,2897
272244,2778
272410,2814
272872,2803
273076,2766
273452,2832
274010,2930
274252,3050
274420,2980
274541,3133
274999,2892
275318,3011
275324,2893
275801,2994
276011,2856
276409,2801
277025,2779
277495,2825
277510,2898
277810,2870
277987,3021
278393,2882
278596,2912
278986,2933
279142,2875
279341,2897
279896,2784
280486,2858
280513,2951
280844,2864
281100,2876
281400,2825
281632,2813
282009,2824
282221,2896
282385,2833
282839,2787
283436,2890
283598,2843
283834,3043
284077,2922
284328,2935
284548,2876
284956,2885
285302,2779
285514,2836
285807,2775
286456,2780
286680,2825
287097,2839
287111,3096
287354,3003
287556,2950
287944,2855
288209,2876
288471,2834
288722,2790
289360,2850
289626,2812
290029,2866
290340,2786
290502,2835
290804,2784
291003,2809
291207,2820
291423,2815
291650,2810
292303,2863
292537,2778
293028,2810
293255,2795
293460,2852
293740,2789
293931,2843
294148,2839
294359,2839
294735,2791
295295,2775
295454,2894
295938,2851
296166,2856
296444,2851
296655,2910
296894,2895
297106,2989
297316,3051
297612,2856
298177,2784
298480,2777
299108,2877
299371,2905
299397,2914
299678,2974
299926,3288
300200,2916
300555,2913
300859,3002
301088,2902
301381,2756
302110,2916
302426,2914
302474,3019
302825,2828
303220,2875
303434,2763
303597,2918
303981,2899
304255,2940
304276,2865
305129,2868
305432,2930
305627,2828
305817,2958
306300,2883
306336,2933
306604,2995
307028,2834
307296,2823
307324,2944
308087,2779
308539,2823
308560,2902
308876,2784
309348,2904
309369,2992
309750,2887
309986,2945
310244,2800
310405,2914
310992,2785
311547,2839
311822,2812
311846,3050
312353,2787
312514,2878
312877,2903
313099,2848
313306,2941
313471,2796
313865,2857
314516,2929
314998,2850
315161,2882
315285,2932
315495,2869
315880,2915
316085,2896
316396,2808
316466,2967
316859,2800
317549,2780
317951,2908
318177,2949
318350,3065
318504,2926
318888,2846
319156,2791
319343,2849
319564,2855
319909,2782
320417,2843
320989,2942
321254,2900
321625,3160
321741,2875
321874,3129
322080,3074
322335,2913
322545,3001
322986,2820
323383,2813
324017,2866
324253,2781
324767,2790
324983,2920
325162,3024
325378,2882
325642,3026
325661,2895
325972,3024
326300,2860
327018,2781
327180,2765
327657,2915
327996,2952
328359,3032
328373,3173
328739,3072
328832,3081
329095,2868
329288,2804
329893,3042
330096,2914
330660,3108
331172,2880
331505,2885
332231,2791
332433,2863
332593,2871
332736,3084
333190,2825
333232,2868
333383,2861
333900,2883
334174,2865
334494,2787
335123,2804
335435,2779
335598,2842
335931,2972
336182,2998
336346,3023
336554,2903
336877,2945
337159,2829
337410,2782
338053,2872
338339,2811
338550,2808
338999,2822
339289,2917
339637,3280
339866,2877
340352,2887
340364,2894
340522,2916
341030,2919
341284,2792
341482,2843
341923,2824
342294,2804
342872,2773
343053,3024
343375,2959
343543,2901
343582,3315
344046,2970
344220,2889
344457,2961
344878,2931
345188,2785
345800,2780
346165,2808
346539,2841
346551,2914
346995,2861
347249,2823
347262,2904
347518,2867
347906,2878
348100,2804
348670,2808
349103,2780
349599,2916
349617,2985
349994,2941
350275,2902
350443,2882
350528,3082
350928,2864
351128,2960
351609,2893
352005,2880
352756,2873
352763,3057
353034,2959
353269,3027
353479,3052
353756,3097
353925,2938
354173,2896
354598,2939
354996,2781
355907,3012
356055,2968
356131,3018
356421,3019
356660,3012
357123,2777
357274,2780
357333,2980
357657,2921
357864,2869
359013,2816
359272,2855
359285,2978
359546,2906
359876,2892
360150,2883
360169,3013
360445,3075
360729,2834
360892,3114
361955,2982
362248,3023
362409,3014
362610,2940
362891,2973
363142,3003
363348,3029
363678,3155
363773,2827
364098,2869
365047,2883
365375,2894
365651,3121
365664,2972
365963,3068
366249,2894
366509,2919
366744,2936
366953,2911
367115,2945
368053,2873
368361,2820
368863,2781
369243,2832
369256,2964
369419,3134
369622,3139
369817,3151
369988,3085
370186,2994
371011,2836
371318,2771
371960,2915
372205,2925
372314,3081
372665,3144
372869,3044
373084,3203
373291,2805
373457,3074
373982,2945
374215,2815
374962,2965
375228,2861
375529,2810
375997,2939
376203,2854
376367,2979
376431,2889
376673,3214
377123,2834
377136,2931
378062,2783
378227,2828
378434,2829
379150,2888
379163,2975
379468,2854
379579,3020
380039,2838
380208,2848
380220,3121
380977,2803
381177,2811
381389,2768
382163,2974
382415,2999
382586,2787
382767,2990
383006,3012
383181,2920
383426,2939
384112,2780
384243,2924
384289,2821
385247,2831
385511,2902
385673,2907
385890,3043
386197,2956
386269,2997
386468,2924
386993,2888
387248,2805
387288,2910
388190,2881
388514,2793
388832,2897
389063,3054
389264,2947
389507,3090
389562,2841
389978,3009
390184,2879
390333,3010
391203,2828
391430,2766
391820,2798
392298,2825
392482,3310
392536,2845
392786,3134
393139,2890
393176,3270
393479,2826
394122,2789
394326,2808
394770,2780
395207,2811
395513,2769
396057,2870
396125,3093
396281,2889
396572,2922
396762,2927
397046,2900
397257,2983
397640,2853
398145,2849
398402,2804
399054,2834
399328,2812
399364,3077
399595,2952
399830,2941
400082,2906
400480,2808
400641,3303
401123,2792
401327,2913
401979,2962
402236,2922
402661,3056
402753,2870
402963,3200
403162,2876
403419,2843
404070,2833
404107,2886
404334,2772
405073,2793
405283,2766
405821,2869
405991,2913
406253,2944
406346,2821
406528,2882
407183,2783
407379,2817
407399,2886
408003,2824
408181,2921
408997,2915
409011,3042
409310,2865
409473,2873
409634,2972
410091,2973
410337,2876
410551,2939
410940,3059
411233,3039
412048,2949
412269,2976
412440,2888
412739,2899
412836,3070
413160,3227
413375,3392
413596,3586
414103,3192
414365,3026
415122,2930
415464,2847
415480,3038
415808,2845
416030,2816
416490,2808
416897,2777
417291,2825
417506,2777
417666,2829
418142,2877
418436,2921
418639,2903
418810,2999
419025,2842
419386,2919
419898,2888
420204,2869
420410,2930
420627,3025
421143,2869
421441,2929
421671,2898
421981,2871
422143,3012
422393,2854
422878,2892
423169,2891
423430,2890
423920,2824
424150,2903
424495,2788
424688,2986
424988,2884
425331,2871
425542,2902
425893,2780
426151,2893
426448,2874
426830,2896
427150,2843
427414,2785
428014,2854
428037,2923
428309,2855
428547,2846
428857,3036
429153,2803
429412,2772
429853,2935
430119,2792
430322,2830
431104,2785
431251,2853
431472,2840
431494,2988
432033,2879
432204,2867
432373,2877
432874,2800
433082,3242
433285,2781
434017,3281
434225,2908
434460,3539
434605,2836
435191,2904
435409,2869
435829,3552
435849,2994
436413,2794
436651,3887
437416,2802
437587,3234
437887,3074
438350,2836
438383,3072
438647,3043
438975,2945
439296,2786
439507,2826
440308,2882
440630,2999
441053,2976
441284,2850
441318,2916
441554,2995
441906,2920
442069,2986
442229,2913
442452,2843
443286,2784
443750,2775
444223,2864
444326,2886
444538,2824
444736,2908
444960,3041
445290,2865
445446,2871
445639,2969
446201,2816
446612,2787
447194,2831
447468,2867
447481,3152
447775,2988
448098,2892
448288,2921
448447,3054
448737,3035
449116,2819
449530,2849
450118,2900
450472,2929
450773,2872
450910,2967
451125,3042
451341,3041
451587,3078
451918,3034
452097,2881
452603,2846
453129,2773
453500,2865
453950,2876
454016,3027
454261,3093
454516,2974
454790,3102
455175,2797
455301,2962
455595,2876
455990,2812
456495,2775
456951,2903
457162,2824
457449,2787
457667,2815
458056,2865
458082,2946
458358,2977
458573,2918
458937,2837
459356,2787
459957,2789
460167,2859
460367,2845
460605,2826
461119,2780
461322,2842
461489,2827
461854,2936
462018,3157
462266,3005
462851,3086
463119,3094
463327,3225
463557,3220
464022,3357
464289,3133
464453,3578
464878,3641
465265,3674
465475,3990
466065,3788
466340,3856
466632,3933
466971,3961
467520,3726
467677,3949
468156,3790
468610,3654
469068,3442
469552,3095
469954,3057
470292,2829
470717,2872
471024,2896
471346,2793
471730,2866
472039,2887
472397,2917
472632,2946
472836,2929
473200,2811
473260,2881
473689,2940
474053,2878
474262,2789
474683,2899
475023,2872
475415,2973
475730,2771
475893,2929
476117,2828
476363,2794
476764,2800
477014,2858
477219,2858
477730,2779
477989,2891
478492,2786
478875,2781
479222,2785
479401,2958
479458,2995
479681,2896
479957,2991
480192,2816
480642,2855
480969,2830
481375,2785
481834,3020
482092,2769
482550,2793
482778,2894
482834,3023
483094,2954
483115,3016
483595,2856
483892,3019
484254,2977
485002,2791
485171,2883
485451,2887
485942,2835
486296,2899
486461,2920
486676,2928
486745,2976
487068,3027
487322,2880
487891,2895
488186,2921
488464,2810
488897,2829
489320,2806
489505,2929
489924,2908
489937,2984
490287,2910
490496,2998
490874,3004
491211,2780
491406,2867
491850,2818
492215,2906
492531,2788
493003,2815
493025,3055
493333,2792
493578,2888
494089,2829
494102,2942
494405,2769
494897,2879
495251,2792
495444,2767
495905,2969
496185,2768
496346,2832
496591,2794
497110,2785
497287,2765
497482,2817
498082,2842
498430,2875
498446,2991
499039,2972
499203,2923
499372,2848
499534,3001
500023,2950
500179,2905
500404,2903
501028,2781
501428,2978
501671,2955
502105,2964
502374,2772
502634,2997
502647,3201
503143,2964
503213,2931
503435,2849
503902,2885
504543,2798
504772,2785
505243,2829
505257,2928
505942,2995
505969,3075
506301,3133
506388,2892
506512,3016
506910,3046
507433,2895
507656,2819
508176,2791
508338,2776
509026,2919
509207,3015
509417,3107
509654,3172
509792,2828
510046,2924
510460,2855
510675,2820
511069,2861
511247,2810
512033,2843
512363,2914
512614,2966
512797,2967
513099,2902
513286,2934
513416,2952
513690,2895
514014,2858
514224,2855
515006,2860
515359,2878
515721,2780
515888,2884
516128,2907
516348,2910
516469,2959
516747,2904
517008,2877
517426,2788
517957,2802
518368,2895
518640,2795
518895,2910
519155,2926
519387,2938
519571,2973
519800,2973
520003,3054
520306,2853
520989,2792
521357,2829
521577,2878
521941,2917
522204,2840
522447,2984
522671,2917
522891,2938
523147,2958
523302,2823
523906,2816
524308,2856
524578,2773
524979,2793
525161,2913
525527,2813
525935,2892
525949,3023
526267,3013
526433,2817
526813,2913
527267,2857
527481,2771
527910,2857
528162,2916
528473,2906
528950,2815
529115,2859
529400,2875
529500,2929
529852,2801
530348,2861
530361,2932
530860,2998
531213,2776
531463,2827
531863,2823
532103,2981
532402,2903
532548,3290
532917,2816
533388,2876
533402,2947
534009,2946
534216,2842
534420,2793
534799,2860
535184,2875
535435,2810
535835,2800
535999,2834
536432,2793
536635,2976
537043,2901
537290,2911
537497,2826
537884,2928
538152,2963
538368,2850
538761,2871
538958,2838
539340,2790
539721,2877
540034,2788
540418,2833
540432,2906
540950,2895
541317,2840
541322,3094
541855,2779
542034,2818
542234,2814
542723,2807
542941,2907
543400,2814
543568,2780
543935,2873
544249,2823
544508,2874
544873,2883
545144,2902
545158,2903
545635,2847
545941,2847
546312,2795
546518,2799
546912,2854
547161,2871
547516,2901
547881,2915
548261,2906
548400,2864
548623,2916
548914,2888
549229,2827
549461,2826
549884,2874
550154,2769
550505,2890
550895,2778
551258,2808
551474,2780
551671,2858
551926,2872
552164,2866
552392,2937
553020,2831
553028,2938
553534,2854
553846,3050
554192,2777
554371,2889
554654,2881
554921,2938
555162,2837
555411,2898
555947,2818
556098,2777
556486,2808
557045,2868
557092,2934
557359,2892
557668,3009
557954,2916
558140,3078
558395,2817
558867,2802
559024,2842
559421,2861
560109,2853
560331,2933
560373,2845
560926,2832
561043,2982
561394,2929
561548,2938
561977,2917
562020,2969
562373,2800
563097,2846
563371,2817
563396,2932
563853,2833
564162,2776
564411,2787
564620,2987
565110,2774
565267,2832
565333,2880
566031,2962
566288,2824
566466,2925
566828,3028
567051,2860
567324,2847
567733,2870
567983,2980
568198,2908
568347,2973
569203,2894
569215,2968
569497,2965
569989,2849
570110,2836
570299,2807
570742,2870
571090,2868
571303,2956
571463,2773
572272,2853
572284,2978
572562,2796
572940,2860
573112,2987
573316,2816
573735,2894
574095,2861
574415,2835
574429,2971
575255,2794
575471,2775
575635,2993
575932,2928
576245,2893
576301,2928
576858,2803
577091,2978
577374,2804
577536,2777
578155,2792
578332,2766
578750,2829
578970,2955
579262,2856
579327,2951
579787,2788
580168,2872
580390,2785
580555,2770
581045,2795
581252,2878
581674,2937
582031,2899
582260,2988
582422,2918
582681,2802
583155,2957
583443,2839
583466,2945
583964,2853
584219,2865
584906,2858
585076,2891
585425,2784
585640,3143
585782,2811
586262,2874
586419,2806
586565,2942
586914,2865
587214,2809
587859,2858
588091,2832
588334,2800
588685,2950
589056,2883
589321,2902
589334,3037
589637,3035
589962,2973
590140,2907
590841,2790
591043,2811
591255,2966
591784,2870
592064,2999
592345,2814
592497,2994
592816,2945
593047,2865
593259,2808
593843,2911
594056,2835
594313,3012
594775,2796
595155,2810
595361,2845
595625,2940
595883,2908
596065,2829
596245,2851
596994,2803
597159,2769
597413,2929
597750,2901
598056,2890
598297,2796
598720,2878
598987,2938
599228,2817
599253,2901
599898,2777
600077,2771
600431,2879
600931,2863
601099,2834
601245,2929
601684,2892
602051,2814
602285,2846
602298,3099
602802,2785
603011,2865
603412,2800
603890,2786
604074,2839
604302,2834
604856,2777
604990,3024
605229,2934
605529,2850
605757,2837
606000,2871
606301,2881
606799,2839
607044,2878
607259,2801
607727,2788
608147,2884
608265,3027
608534,3022
608888,2883
609012,2914
609307,2928
609761,2823
610019,2903
610194,2789
610603,2854
611125,2916
611388,2773
611670,2962
611902,2900
612070,2888
612320,2782
612761,2884
613085,2815
613106,2875
613555,2856
614259,2830
614273,2926
614776,2841
614941,2897
615060,2910
615329,2811
615799,2966
616048,2814
616247,2813
616516,2841
617191,2785
617349,2776
617745,2890
617956,3085
618119,2834
618277,2874
618944,2942
619190,3004
619216,2920
619449,3077
620077,2815
620254,2806
620875,2897
621145,2772
621433,2885
621452,2947
622032,2911
622300,2818
622314,2961
622660,2890
622984,3013
623194,2774
623885,2781
624049,3017
624544,2882
624573,2977
625046,2915
625260,2812
625422,2917
625648,3089
626110,2781
626274,2917
626899,2777
627157,2784
627517,2928
627676,2817
628066,2859
628206,3029
628437,2892
628837,2931
629021,2861
629275,2874
630042,2816
630081,2875
630612,2935
630642,3011
631014,2990
631449,2873
631617,3052
631967,3119
631987,2901
632339,2800
633040,2778
633248,2771
633641,2832
633962,2825
634441,2853
634489,2892
634914,3035
635219,2898
635345,2917
635513,3025
635961,2837
636139,2844
636560,2971
636922,2884
637777,2832
637795,3125
638098,2979
638264,3105
638359,3036
638728,3171
638939,3188
639150,3066
639663,3013
639886,3002
640753,2780
641015,2913
641202,2928
641535,2812
641734,2896
642044,2890
642318,2827
642365,2867
642994,2824
643033,2908
643629,2801
644065,2785
644256,2827
644470,2886
644764,2907
645060,2900
645289,2829
645507,2823
645912,2862
646072,2797
646523,2813
646960,2858
647221,2841
647459,2880
647881,2898
648086,2905
648216,3074
648496,2817
648970,2842
649124,2869
649427,2850
649916,2883
650165,2885
650467,2791
650908,2892
651127,2902
651449,2808
651493,3030
651913,2815
652117,2819
652365,2855
652897,2956
653181,2778
653383,2944
653887,2875
654130,2929
654353,2864
654654,2937
655027,2895
655053,3138
655356,2811
655949,2874
656164,2916
656422,2774
656893,2968
657191,2939
657314,2772
657678,2898
658018,2913
658310,2919
658470,2818
658911,2869
659186,2789
659348,2841
659963,2836
660211,2818
660258,2909
660709,2866
661064,2885
661404,2857
661455,2957
661878,2812
662093,2816
662323,2825
662888,2950
663128,2815
663299,2764
663663,2837
664045,2891
664362,2777
664541,2871
664835,2818
665029,2872
665267,2838
666047,2792
666183,2765
666269,2952
666634,2931
667060,2789
667259,2902
667536,2843
667823,2784
668047,2778
668234,2800
669043,2926
669055,2931
669352,2927
669651,2951
669945,2903
670259,2851
670509,2872
670740,2869
670952,2863
671159,2922
672107,2870
672165,2929
672386,2872
672944,2895
672983,3031
673203,2912
673484,2843
673752,3182
673951,3102
674209,2947
675182,2781
675345,2765
675394,2893
675993,2832
676276,2780
676541,2864
676560,3172
677072,2889
677287,2816
677451,2848
678060,2889
678272,2771
678418,2908
678925,2846
679188,2892
679540,2782
679938,2821
680062,2971
680295,2888
680543,2790
681158,2828
681188,2892
681454,2896
681858,2986
682176,2860
682454,2796
682851,2931
683166,2952
683290,3083
683559,2814
684180,2820
684187,2914
684443,2973
684974,2829
685156,2811
685369,2824
685906,2998
686199,2924
686556,2905
686731,2828
687190,2844
687398,2935
687574,2884
687912,2800
688119,2816
688324,2829
688996,2950
689296,2769
689549,2804
689764,2805
690172,2834
690425,2858
690630,2804
690877,2881
691062,2900
691276,2847
692074,2781
692294,2774
692478,2817
692741,2774
693097,2956
693533,2919
693546,2989
693864,3042
694105,3143
694281,3222
694978,2887
695190,2900
695417,2884
695637,2955
696175,2802
696687,3246
696852,3377
697091,3250
697337,3225
697636,3146
697997,2878
698216,2924
698428,2988
698679,2867
699077,2839
700069,2922
700320,3032
700544,3109
700665,2975
700980,3009
701239,3026
701253,3103
701515,3107
701672,3082
702037,2827
703078,2785
703487,2864
703806,2921
703867,2970
704085,3119
704455,3083
704473,3337
704747,3295
704966,2948
705130,3037
705996,2866
706438,2833
706825,2836
706989,2874
707327,2883
707628,3137
708001,2824
708307,2853
708472,2916
708487,2980
708989,2836
709393,2810
709783,2808
709999,2931
710301,2896
710905,3026
710946,2978
711298,2932
711566,2954
711587,3062
711932,2991
712297,2933
712764,2840
713027,2777
713317,2774
714059,2897
714120,2952
714342,3167
714742,3433
714763,3247
715065,3252
715320,3292
715729,3313
715938,3384
716208,3219
717147,3338
717341,3667
717636,4129
718128,4133
718304,4266
718458,4347
718778,4110
719128,3877
719420,3941
719622,3587
720614,3006
721098,2874
721862,2780
722352,2870
722664,3213
722966,3162
723090,3181
723302,3280
723462,3176
723496,3344
723718,3233
724119,2840
724768,2823
725355,2838
725963,2970
726227,3456
726427,3535
726766,3323
726792,3268
727256,3168
727336,3184
727419,3469
727916,2998
728297,3006
729041,2780
729793,2979
730144,2966
730268,3103
730445,3082
730670,3258
730683,3209
730984,3385
731145,3049
731386,2990
731945,2973
732896,2886
733190,2981
733498,2889
733671,3097
733986,3067
734151,3055
734609,2885
734628,3282
734756,3058
735011,2904
735888,2774
736302,2789
736507,2892
736893,2978
737148,2878
737356,2960
737634,3054
738151,2820
738169,2912
738306,2905
738779,2868
739180,2901
739499,2775
740012,2781
740175,2849
740421,2835
740909,2966
741093,2892
741311,2887
741350,3187
741808,2855
742210,2779
742399,2828
742879,2966
743144,2831
743388,2938
743975,2890
744139,2913
744302,2977
744630,2991
744848,3069
745132,2827
745348,2865
745996,3184
746182,3131
746440,3152
746963,2935
747184,3000
747411,2889
747735,2878
748049,2796
748113,2815
748319,2829
749410,2818
749423,2895
749767,2774
750026,2839
750269,2845
750462,2881
750817,2871
751067,2814
751233,2848
751295,2935
752378,2878
752670,2911
752735,3020
752968,2882
753246,2899
753476,2882
753791,2952
754012,2971
754210,2869
754366,2991
755361,2880
755664,2955
755979,2959
756000,2896
756244,3020
756452,2865
756913,2970
757179,2945
757192,3019
757455,2938
758340,2775
758773,2839
759040,2943
759095,3021
759434,2847
759447,3101
759989,3013
760224,2942
760517,2799
760682,2862
761205,2797
761883,2913
762121,2969
762361,2940
762383,3118
762680,2896
763152,2852
763268,3030
763541,2916
763735,2880
764092,2779
765020,2785
765220,2981
765412,3058
765597,3263
766117,2942
766137,3025
766437,3005
766722,3036
766976,2924
766988,3012
767896,2780
768303,2801
768578,2787
768995,2902
769262,2886
769283,3016
769553,2979
769899,2922
770143,2823
770249,2859
770828,2788
771190,2935
771496,2771
771983,2977
772247,2935
772431,2963
772653,2964
772942,2969
773104,2906
773319,3048
773845,2781
774267,2783
774470,2771
775087,2805
775313,2801
775517,2824
775744,3016
776090,2780
776307,2836
776494,2916
776773,2782
777172,2818
777359,2770
777983,2858
778211,2848
778440,2829
778864,2794
779028,2904
779248,2834
779502,2815
779726,2799
780092,2835
780300,2767
780970,2808
781186,2818
781392,2839
781800,2838
782030,2794
782242,2885
782452,2882
782650,2837
783055,2799
783269,2774
783872,2872
784105,2838
784360,2793
784960,2836
784973,2919
785224,3026
785441,2916
785622,2944
785974,2938
786164,2853
786873,2779
787066,2819
787295,2983
788026,2987
788040,3084
788443,2865
788849,2814
788983,2983
789183,2775
789345,2826
789895,2901
790109,2961
790372,2828
791111,2877
791275,2807
791448,2920
791788,2930
792104,2792
792272,2913
792432,2892
792898,2865
793279,2779
793449,2820
794145,2878
794350,2819
794531,2886
794991,2863
795004,2981
795285,2795
795461,3074
795896,2889
796181,2824
796390,2827
797142,2778
797305,2843
797537,2823
797960,2945
798207,2814
798371,2766
798622,2951
798892,2885
799137,2921
799343,2875
800001,2854
800311,2777
800484,2828
800996,2847
801252,2822
801264,3097
801850,2948
801896,3013
802148,3033
802347,2927
802949,2949
803187,2867
803410,2803
803941,2850
804168,2828
804453,2810
804994,2884
805016,2946
805278,2966
805487,2871
806040,2843
806200,2958
806348,2773
806885,2848
807094,2959
807396,2796
808048,2818
808069,2954
808453,2906
808466,2949
808983,2882
809251,2766
809414,2832
810025,2840
810193,2778
810396,2831
810992,2787
811120,2988
811494,2852
811520,2989
811962,2934
812176,2778
812372,2922
812955,2796
813081,2860
813338,2824
813933,2874
814241,2961
814493,2807
814633,3282
815108,2836
815146,2957
815437,2836
815845,3027
816079,2850
816285,3019
816933,2834
817289,2850
817499,2881
818045,2864
818208,2814
818393,2762
818439,2989
818976,2816
819140,2948
819390,2805
819863,2782
820273,2828
820504,2768
821000,2867
821233,2884
821259,2942
821558,2890
821921,2817
822281,2839
822491,2872
822770,2812
823195,2827
823399,2918
824002,2917
824333,2818
824508,2877
824611,2938
824851,2830
825248,2893
825480,2815
825751,2805
826157,2815
826403,2863
827010,2874
827255,2972
827517,2883
827676,3226
827871,2771
828277,2777
828441,2999
828676,2883
829063,2874
829407,2782
830009,2868
830319,2825
830529,2956
830885,2919
831042,2929
831273,2923
831548,2856
831719,2893
832061,2856
832311,2844
832966,2850
833272,2919
833572,2933
833917,2790
834102,2844
834321,2845
834525,2851
834864,2793
835045,2856
835274,2833
835922,2812
836280,2879
836637,2809
836841,2830
837067,2837
837285,2827
837496,2907
837784,2852
838025,2841
838364,2775
838863,2774
839290,2883
839567,2831
839808,2820
840025,2827
840233,2906
840531,2841
840781,2814
840987,2866
841263,2810
841888,2786
842276,2855
842511,2835
842833,2784
843039,2836
843272,2884
843493,2894
843741,2869
843974,2867
844193,2899
844794,2781
845254,2805
845466,2905
845880,2801
846006,2887
846268,2849
846504,2846
846927,2832
846955,2910
847191,3009
847674,2792
848151,2896
848467,2913
848797,2817
849021,2834
849241,2835
849471,2821
850024,2785
850299,2918
850386,3099
850659,3104
851169,2868
851469,2893
851756,2814
851986,2922
852200,2825
852415,2959
852931,2823
853307,2819
853578,2787
853929,2839
854148,2867
854495,2786
854689,2837
854995,2930
855212,2798
855469,2837
855850,2789
856251,2822
856488,2764
856894,2852
857120,2875
857383,2856
857630,2817
858093,2889
858115,2967
858425,2927
858759,2825
859173,2806
859376,2876
859849,2904
860126,2830
860357,2815
860569,2826
861071,2781
861183,2937
861476,2861
861876,2875
862086,2804
862342,2783
862892,2774
863082,2809
863289,2824
863515,2822
863942,2887
864250,2800
864463,2815
864847,2821
865057,2774
865256,2785
865977,2861
866207,2854
866443,2842
866605,2905
866959,2832
867173,2830
867400,2837
867815,3014
868140,2994
868154,2921
868970,2823
869189,2799
869409,2812
869648,2857
869914,2848
870129,2847
870507,2875
870970,2830
871244,2869
871415,2804
871886,2852
872097,2830
872352,2868
872627,2852
872888,2832
873082,2931
873470,2811
873934,2821
874207,2835
874372,2815
874881,2787
875088,2857
875358,2835
875599,2978
875847,2865
876103,2943
876411,2789
876876,2810
877131,2790
877339,2790
877887,2774
878063,2838
878315,2819
878670,3001
879029,2872
879295,2830
879307,2905
879798,2982
880050,2827
880252,2928
880779,2852
881023,3011
881264,2872
881789,2834
882023,2940
882344,2886
882359,2911
883009,2829
883022,2908
883285,3049
883864,2893
884127,2848
884272,2778
884748,2871
885052,2973
885365,2966
885527,2785
886007,2842
886172,2828
886466,2785
886876,2889
887177,2867
887339,2809
887850,3020
888162,2852
888453,2835
888614,2891
888972,2802
889149,2840
889358,2863
889877,2774
890135,2804
890351,2863
891004,2793
891225,2780
891418,2845
891638,3244
891916,2962
892126,2857
892354,2762
892753,3089
893033,2940
893302,2919
893928,2826
894129,2856
894381,2813
895218,2992
895267,2831
895425,3056
895469,3138
896051,2838
896308,2917
896520,2899
896846,2896
897082,2847
897295,2866
898203,2775
898365,2983
898675,2862
898915,2928
899042,2959
899347,2955
899538,2911
899862,2812
900054,2864
900281,2847
901071,2784
901454,2813
901659,3004
901974,2878
902138,2827
902395,2907
902605,2996
902819,2918
903048,2871
903396,2785
903977,2783
904391,2787
904871,2782
905083,2855
905136,2929
905439,2906
905742,2883
905876,3072
906088,2872
906311,2806
906963,2874
907264,2777
907842,2944
908050,2833
908209,2967
908478,2977
908779,3061
909128,2821
909255,2907
909308,2998
909941,2846
910168,2765
910935,2848
911154,2923
911317,2882
911561,2973
911928,3050
912142,2841
912292,2904
912504,2943
912886,2879
913092,2976
913919,2802
914161,2934
914373,2806
914625,3012
915120,2886
915280,2900
915333,2975
915558,2944
915907,3020
916155,2805
916819,2776
917261,2801
917423,2866
917789,2894
918099,2912
918298,2907
918478,2938
918642,3009
919088,2788
919138,2881
919687,2878
920159,2831
920420,2767
920791,2879
921137,2777
921328,2855
921539,2912
921793,2879
922000,2940
922148,2841
922670,2838
923074,2849
923297,2778
924001,2901
924017,2991
924282,2882
924581,2948
925041,2789
925239,2808
925397,2861
925631,2839
926048,2821
926211,2893
927098,2800
927307,2873
927468,2919
927658,2951
927949,2936
928167,2822
928383,2862
928593,2863
929087,2777
929254,2875
930030,2856
930302,2804
930472,2867
930717,2964
930969,3081
931174,3020
931379,2908
931578,2791
931956,2900
932259,2821
932975,2852
933203,2856
933470,2897
933872,2918
934213,2852
934497,2816
934514,3298
934683,2943
934989,2854
935198,2896
935930,2853
936157,2868
936451,2782
936928,2862
937158,3018
937409,3049
937926,2817
937979,2908
938158,3011
938318,2957
938884,2986
939115,2893
939322,2793
939886,2792
940275,2815
940542,2981
940983,2921
941002,2987
941267,2977
941476,2862
941997,2804
942222,2804
942262,2917
942810,2785
943181,2780
943620,2784
944066,2930
944087,3168
944422,2773
944624,2901
944945,3001
945160,2779
945323,2797
945828,2958
946069,3164
946489,2782
947087,2919
947380,2858
947575,2952
947768,3007
948268,2781
948431,2920
948446,3175
948888,3168
949441,2842
949453,2977
950154,2884
950363,2790
950618,2871
950879,2894
951180,2806
951455,2847
951787,2778
952143,2982
952382,2830
952563,2793
953125,2784
953334,2894
953621,2911
953898,2876
954105,2844
954427,2868
954689,2974
955345,2830
955570,2790
955740,2912
956017,2871
956312,2870
956621,2821
956881,2782
957083,2870
957383,2783
957896,2778
958303,2780
958482,2863
958847,2780
959048,2893
959310,2856
959570,2835
959822,2843
960081,2825
960299,2811
960795,2784
961178,2878
961474,2893
961753,2852
962031,2873
962277,2841
962532,2861
962822,2788
963034,2803
963238,2797
963729,2778
964143,2870
964464,2903
964750,2868
965039,2798
965244,2862
965518,2820
965861,2901
965971,3101
966184,2770
966601,2887
967145,2868
967491,2896
967753,2792
967960,2861
968210,2899
968440,2972
968852,2820
969151,2782
969362,2838
969592,2898
970106,2785
970478,2812
970689,2935
970998,2914
971235,2903
971501,2892
971796,2847
972054,2860
972326,2875
972608,2800
973014,2785
973409,2868
973860,2797
974070,2773
974269,2838
974514,2858
974857,2776
975035,2879
975325,2797
975528,2833
975890,2935
976385,2835
976802,2809
976980,2838
977226,2861
977493,2869
977810,2816
978019,2844
978246,2829
978490,2934
978945,2851
979341,2799
979717,2803
979931,2873
980219,2854
980484,2906
980783,2789
980992,2809
981198,2884
981509,2785
981923,2873
982239,2815
982648,2914
982943,2860
983168,2915
983492,2807
983733,2789
983925,2874
984206,2823
984415,2823
984884,2887
985184,2769
985652,2927
986023,2920
986213,2829
986424,2884
986640,2881
986923,2846
987151,2834
987357,2835
987904,2785
988109,2769
988754,2776
989031,2917
989240,2784
989447,2842
989648,2901
989894,2991
990105,2895
990313,2960
990837,2814
991012,2773
991618,2886
992100,2901
992127,2978
992381,3038
992645,2871
993086,2821
993106,3099
993373,2932
993922,2977
993969,2912
994639,2829
995092,2870
995250,2977
995642,3477
995973,2862
996028,2972
996298,3085
996507,2903
997035,2812
997207,2828
997559,2841
998059,2813
998360,2777
998929,2966
999215,2982
999229,3279
999480,2960
999639,2966
999937,2936
1000139,2911
1000524,2808
1000996,2849
1001251,2899
1001980,2876
1002337,2924
1002609,2917
1002746,3018
1002945,2918
1003102,2915
1003210,2954
1003428,2993
1003981,2855
1004233,2860
1004986,2797
1005349,2930
1005665,3007
1005955,3035
1006220,3076
1006254,3041
1006424,2950
1006588,2955
1006924,3073
1007199,2904
1008003,2790
1008377,2779
1008913,2956
1009125,3108
1009639,2798
1009652,3386
1009801,2999
1009835,3217
1010085,3153
1010249,3268
1010883,2885
1011288,2811
1011956,2802
1012333,2814
1012573,2924
1012883,3120
1013184,2913
1013352,2856
1013391,3034
1013617,2979
1013882,2919
1014234,2936
1014846,2775
1015278,2863
1015621,2850
1016233,2790
1016303,2915
1016542,2913
1016799,2879
1017007,2899
1017050,2983
1017266,2886
1017786,2808
1018228,2911
1018569,2781
1019153,2776
1019341,2822
1019576,2837
1019990,2829
1020152,2778
1020325,2960
1020486,2903
1020862,2794
1021262,2811
1021491,2777
1022025,2853
1022265,2866
1022544,2797
1022907,2890
1023123,2876
1023389,2821
1023525,2916
1023793,2810
1024172,2823
1024401,2768
1025002,2834
1025261,2791
1025468,2806
1025920,2819
1026124,2820
1026340,2937
1026567,2879
1026772,2881
1027093,2922
1027295,2805
1027940,2848
1028180,2842
1028408,2830
1028900,2774
1029067,2868
1029368,2841
1029580,2935
1029823,2803
1030160,2869
1030372,2803
1030921,2874
1031153,2801
1031360,2819
1031794,2864
1032034,2836
1032347,2776
1032611,2788
1032757,3026
1033240,2854
1033277,2970
1033902,3326
1034077,2826
1034306,3202
1034752,2865
1034974,3358
1035266,3962
1035517,2916
1035873,3229
1036242,2884
1036378,2933
1037039,2980
1037669,3230
1037914,2876
1038481,2881
1038523,3137
1038922,2928
1039551,2874
1039608,3329
1039841,2995
1039861,3150
1040127,3137
1040922,2869
1041140,2872
1041499,2778
1042030,2845
1042050,2906
1042524,2993
1043096,2822
1043164,3030
1043342,2973
1043440,3036
1043918,2925
1044136,2878
1044400,2897
1045022,2781
1045238,2775
1045648,2922
1046010,2852
1046310,2813
1046487,2851
1046736,2823
1046972,2869
1047136,2873
1047385,2944
1047926,2943
1048138,2791
1048663,2844
1048990,2878
1049251,2807
1049465,2812
1049684,3085
1049969,2900
1050140,3085
1050455,2843
1051045,2813
1051086,2879
1051633,2893
1051961,3140
1052582,2793
1052742,3000
1053006,2951
1053036,3010
1053379,3113
1053405,2933
1053952,2816
1054068,2850
1054620,2794
1055227,2858
1055479,2871
1055889,3065
1056173,3081
1056334,2865
1056473,2907
1056682,2919
1056903,2875
1057068,2911
1057506,2822
1058186,2953
1058447,2765
1059089,2916
1059335,2781
1059461,2966
1059684,3222
1059852,3205
1060137,3065
1060153,3056
1060501,2806
1061318,2847
1061332,2938
1062099,2786
1062308,2830
1062552,2979
1063040,2920
1063550,2842
1063569,2905
1063742,2851
1063889,2879
1064356,2908
1064559,2821
1065021,2825
1065262,2762
1065624,2807
1066059,2783
1066559,2841
1066848,2771
1066913,2930
1067077,2976
1067471,2815
1067484,3112
1067944,3094
1068150,2768
1068559,2818
1068928,2865
1069497,2839
1069776,2774
1069968,2822
1070173,2942
1070418,2955
1070689,3064
1071154,2883
1071316,3022
1071498,2849
1071916,3008
1072425,2869
1072664,2856
1072901,2906
1073220,2922
1073505,2877
1073873,2975
1074175,2891
1074561,2892
1074576,2968
1075021,2789
1075420,2823
1075644,2965
1075896,3006
1076242,2857
1076515,2799
1076936,2862
1077166,2861
1077640,2871
1077654,3124
1078034,2873
1078332,2858
1078733,2809
1079033,2782
1079222,2810
1079435,2804
1080140,2813
1080182,3034
1080610,2984
1081000,2875
1081026,3006
1081320,2911
1081666,2862
1081937,2920
1082151,2845
1082360,2765
1083043,2780
1083310,2782
1083706,2964
1084016,2866
1084175,2882
1084395,2966
1084656,2863
1084980,2911
1085212,2981
1085248,2892
1085958,2921
1086213,2785
1086790,2925
1087020,2890
1087197,3015
1087454,2850
1087661,2889
1088031,2919
1088306,2810
1088320,2960
1088977,2795
1089186,2836
1089847,2875
1090050,2870
1090383,2932
1090626,2979
1090654,2955
1091048,3042
1091262,2929
1091426,2862
1091877,2905
1092107,2972
1092815,2845
1093044,2767
1093448,2887
1093824,3089
1094019,3082
1094263,2938
1094459,3013
1094506,3039
1094909,3230
1095207,2771
1095804,2849
1095957,2982
1096432,2805
1097007,2815
1097314,2881
1097368,2933
1097668,2851
1097746,3065
1098257,2779
1098422,2890
1098829,2801
1099067,2854
1099325,2868
1099918,2898
1100296,2924
1100455,2861
1100645,2944
1100914,2911
1101142,2899
1101415,2869
1101811,2863
1102045,2811
1102281,2788
1102946,2845
1103306,2781
1103524,2802
1103763,2796
1103958,2997
1104164,2893
1104405,2775
1104792,2840
1104986,2825
1105192,2834
1105934,2867
1106212,2843
1106473,2832
1106664,2899
1107046,2867
1107319,2823
1107332,3040
1107749,2830
1107948,2969
1108152,2808
1108889,2898
1109152,2915
1109404,2879
1109660,2910
1110048,2826
1110271,2823
1110499,2805
1110739,2902
1111060,2863
1111230,2794
1111881,2890
1112176,2834
1112398,2880
1112675,2974
1113010,2798
1113225,2814
1113424,2869
1113889,2835
1114142,2805
1114165,2929
1114928,2840
1115136,2855
1115384,2818
1115756,2835
1115972,2904
1116169,2979
1116414,2892
1116849,2918
1117079,2803
1117244,2757
1117908,2826
1118125,2793
1118322,2804
1118973,2841
1118988,2966
1119247,2857
1119459,2838
1119857,2986
1120098,2881
1120272,2868
1120841,2787
1121052,2784
1121251,2811
1121937,2860
1122105,2939
1122272,3045
1122446,2904
1122970,2951
1123114,2956
1123332,2888
1123747,2817
1123969,3061
1124194,2772
1124887,2966
1125148,2917
1125473,2802
1125637,2937
1126054,2776
1126194,2799
1126412,2872
1126856,2822
1127130,2869
1127144,2954
1127990,2800
1128192,2837
1128419,2873
1128737,2971
1128953,2869
1129115,2984
1129383,2891
1129830,2954
1130200,2825
1130213,2944
1130892,2960
1131130,3024
1131422,2834
1131920,2876
1131933,2999
1132234,2861
1132416,2797
1132905,2920
1133145,2964
1133299,2769
1133980,2786
1134240,2780
1134442,2790
1134917,2949
1135075,2926
1135325,2843
1135338,3028
1135937,2850
1136202,2772
1136366,2830
1136852,2907
1137155,2815
1137354,2824
1137988,2956
1138134,3296
1138351,2812
1138505,2807
1138880,3045
1139101,2812
1139325,2907
1139886,2797
1140091,2859
1140300,2810
1141035,2929
1141296,2774
1141480,2872
1141648,2966
1142062,2856
1142083,2948
1142344,2850
1142825,2793
1143051,2779
1143244,2824
1144169,2822
1144175,2905
1144450,2944
1144739,2979
1145030,2876
1145195,2855
1145349,2993
1145897,2943
1145952,2980
1146177,2854
1147115,2798
1147230,2953
1147486,3595
1148160,2822
1148173,3037
1148459,3044
1148508,3009
1149027,2831
1149231,2881
1149288,2911
1150016,2797
1150282,2830
1151076,2915
1151337,2904
1151350,3033
1151670,2941
1151768,3007
1151982,3051
1152283,3043
1152304,3122
1152943,2853
1153202,2857
1154116,2925
1154365,2896
1154512,2976
1154869,2972
1154921,3092
1155163,3012
1155411,2911
1155577,2977
1155886,2930
1156166,2818
1157135,2841
1157367,2834
1157622,2914
1157933,2993
1158158,3030
1158279,3017
1158558,2892
1158800,2962
1159068,2972
1159281,2844
1160099,2808
1160326,2892
1160624,2888
1161023,2882
1161284,2853
1161446,2857
1161590,2981
1161853,2941
1162208,2814
1162230,2927
1162999,2870
1163315,2833
1163653,2976
1164031,2956
1164264,2867
1164428,3037
1164722,2848
1164919,2955
1165142,2829
1165300,2965
1165992,2861
1166272,2765
1166762,2874
1167078,2939
1167292,3218
1167571,2839
1167848,2942
1168067,3037
1168098,3025
1168398,2872
1168945,2847
1169142,2772
1169796,2869
1170144,2768
1170497,2793
1170734,2900
1170940,3015
1171290,2922
1171356,2943
1171512,2968
1172057,2781
1172116,3017
1172797,2848
1173017,2938
1173423,2918
1173730,2912
1174061,2962
1174309,2995
1174447,2885
1174652,3027
1174965,2990
1175220,2838
1175787,2817
1176069,2833
1176428,2887
1176895,2939
1177135,2918
1177459,2881
1177628,2927
1177884,2905
1178175,2821
1178338,2946
1178732,2955
1178992,2981
1179412,2777
1179968,2812
1180178,2926
1180465,2816
1180679,2856
1180914,2888
1181117,2997
1181520,2844
1182101,2801
1182267,2929
1182324,2827
1182879,2900
1183195,2842
1183411,2856
1183639,3009
1183936,2824
1184201,2837
1184501,2776
1185029,2830
1185277,2771
1185456,2824
1185913,2857
1186161,2835
1186373,2834
1186753,2851
1186973,4082
1187169,2829
1187398,3554
1187944,2846
1188177,2969
1188412,2846
1188928,2808
1189122,2795
1189329,2772
1190119,2790
1190759,2793
1190915,3039
1191143,2907
1192228,2780
1192349,2843
1192388,2894
1192528,3036
1192687,3228
1192861,2914
1193177,2878
1193687,2965
1194044,2770
1194208,2810
1195114,2990
1195355,2895
1195389,3091
1195734,3034
1195986,2930
1196215,3001
1196246,2957
1196795,2881
1196959,2821
1197138,2848
1198203,2785
1198416,2780
1198612,2952
1198892,3041
1199054,3045
1199287,2908
1199406,3055
1199784,2963
1200047,2886
1200247,2940
1201107,2815
1201302,2765
1201648,2948
1202028,3001
1202290,3013
1202302,2927
1202557,3025
1202852,3023
1203022,3092
1203275,2927
1204018,2782
1204227,2770
1204758,2774
1205131,2826
1205424,2952
1205480,2995
1205688,3167
1206036,2923
1206315,2835
1206384,2938
1206935,2946
1207120,2910
1207625,2814
1208086,2796
1208558,2786
1208908,3095
1209027,2892
1209499,2845
1209519,3137
1209663,3097
1209974,2901
1210163,2973
1210561,2853
1210969,2953
1211472,2793
1212064,2779
1212277,2907
1212495,2877
1212758,2978
1212970,3050
1213235,2899
1213254,3081
1213514,2976
1214050,2912
1214351,2789
1214971,2877
1215278,2820
1215507,2878
1215861,2778
1216109,2941
1216322,2821
1216590,2884
1216603,3008
1217061,2838
1217271,2843
1217973,2835
1218221,2900
1218489,2867
1218762,2811
1219188,2844
1219414,2872
1219590,3000
1219786,2900
1220024,2895
1220244,2927
1220898,2892
1221213,2860
1221453,2832
1221758,2777
1222152,2935
1222420,2902
1222828,2905
1223004,2897
1223084,2850
1223290,2859
1223920,2871
1224193,2808
1224408,2842
1224651,2823
1225171,2888
1225422,2777
1225982,2815
1226101,2968
1226261,2992
1226457,2872
1226896,2954
1227132,2828
1227373,2875
1227591,2894
1228180,2775
1228334,2907
1228891,2866
1229161,2793
1229427,2779
1229635,2831
1230056,2885
1230069,2957
1230347,2850
1230614,2990
1231079,2856
1231326,2882
1231889,2787
1232077,2966
1232329,2852
1232588,2831
1233186,2783
1233338,2782
1233539,2825
1233768,2847
1234036,2796
1234333,2777
1234877,2782
1235138,2834
1235353,2887
1235550,2811
1236093,2774
1236266,2831
1236471,2865
1236776,2789
1236957,2867
1237231,2866
1237780,2842
1238073,2789
1238328,2783
1238541,2866
1238971,2838
1239228,2832
1239456,2830
1239687,2849
1239935,2940
1240182,2831
1240783,2790
1240985,2852
1241216,2828
1241493,2789
1241900,2896
1242155,2839
1242415,2835
1242653,2828
1242991,2833
1243168,2946
1243664,2870
1243935,2853
1244174,2862
1244414,2835
1244913,2846
1245115,2849
1245374,2833
1245598,2877
1245948,2842
1246200,2775
1246667,3020
1246929,3006
1247142,2996
1247354,2947
1247899,2868
1248093,2822
1248329,2861
1248593,2884
1248910,2818
1249100,2812
1249797,2921
1250123,2976
1250286,3075
1250489,2917
1251022,2901
1251036,2992
1251290,2894
1251608,2979
1251910,2859
1252057,2853
1252828,2775
1253184,2911
1253464,2926
1253625,2860
1254113,2787
1254313,2799
1254474,2967
1254858,2787
1255068,2827
1255075,2961
1255815,2789
1256230,2870
1256564,2805
1256780,2837
1257015,2981
1257231,2869
1257530,2853
1257783,2973
1258020,2831
1258178,2987
1258812,2777
1259189,2884
1259501,2833
1259830,2781
1260090,2784
1260310,2790
1260551,2964
1260952,3079
1260978,2991
1261274,2817
1261685,2854
1262206,2865
1262456,2868
1262741,2849
1262997,2826
1263221,2829
1263604,2995
1264183,2847
1264226,3127
1264344,2914
1264673,2927
1265160,2933
1265432,2875
1265748,2805
1265945,2936
1266172,2821
1266752,2780
1267124,2857
1267387,2880
1267529,2896
1267719,2915
1268226,2849
1268431,2827
1268675,2826
1269018,2920
1269223,2790
1269626,2851
1270110,2955
1270395,2893
1270554,2906
1270806,2865
1271173,2836
1271389,2829
1271636,2912
1272099,2839
1272261,2869
1272600,2936
1273152,2957
1273397,2944
1273596,2909
1273818,3183
1274133,2809
1274340,3105
1274638,2898
1275036,2833
1275259,2824
1275624,2853
1276246,2902
1276471,2937
1276673,3008
1277118,2885
1277284,2878
1277643,2922
1277811,2971
1278009,2987
1278204,2813
1278580,2809
1279239,2897
1279506,2879
1279834,2793
1280092,2884
1280299,2779
1280667,2998
1281100,2826
1281194,2931
1281374,2914
1281573,2850
1282265,2823
1282511,2831
1282775,3004
1283150,2894
1283274,2901
1283815,2789
1284026,2933
1284256,2888
1284422,2888
1284640,2896
1285174,2885
1285437,2914
1285906,2935
1286168,2949
1286309,2766
1286737,2943
1287061,2942
1287267,2923
1287444,2852
1287656,2927
1288187,2809
1288439,2772
1288942,2861
1289248,2772
1289412,2830
1289825,2859
1290127,2922
1290401,2949
1290421,3229
1290704,2912
1291094,2830
1291345,2789
1291928,2864
1292150,2819
1292363,2811
1292779,2777
1293131,2885
1293484,2876
1293824,2840
1293999,2880
1294207,2846
1294243,2944
1294891,2784
1295101,2787
1295291,2887
1295647,2854
1296143,2882
1296449,2927
1296817,2951
1297013,2897
1297175,2829
1297321,2981
1298013,2815
1298060,2870
1298275,2874
1298633,3012
1299156,2888
1299503,2906
1299859,3031
1300122,2845
1300135,2948
1300425,2949
1301009,2851
1301227,2933
1301272,2843
1301763,2859
1302141,2778
1302512,2791
1303041,2883
1303197,2867
1303223,2991
1303466,2856
1303993,2881
1304271,2811
1304292,2924
1304780,2853
1305044,2769
1305434,2808
1306019,2939
1306220,2858
1306464,2969
1306631,2947
1307009,2880
1307203,2987
1307364,2840
1307764,2837
1307972,2881
1308373,2803
1309050,2887
1309263,2915
1309533,2878
1309758,2947
1310032,2886
1310410,2891
1310425,2959
1310758,3075
1310962,2944
1311270,2937
1312069,2839
1312306,2825
1312532,2913
1312835,2796
1313186,2914
1313534,2816
1313563,2931
1314003,2843
1314032,2900
1314380,2786
1314997,2861
1315229,2925
1315544,2809
1315791,2786
1316191,2970
1316564,2778
1316748,2935
1316991,2971
1317223,2893
1317426,2855
1317981,2825
1318264,2863
1318492,2805
1318749,2790
1319249,2858
1319470,2878
1319794,3064
1320102,2823
1320218,2975
1320498,2806
1320905,2924
1321228,2904
1321431,2826
1321656,2982
1322227,2829
1322453,2771
1323016,2891
1323386,2859
1323407,3187
1323570,2932
1323967,2945
1324218,2824
1324426,2898
1324761,2802
1325160,2781
1325355,2799
1326027,2874
1326331,2930
1326739,2776
1326825,2954
1327025,2828
1327189,2940
1327452,2927
1327682,3030
1328061,2823
1328280,2817
1328986,2852
1329391,2844
1329641,2957
1329954,2868
1329967,2998
1330221,2974
1330477,2927
1330816,2869
1331014,2846
1331371,2773
1331961,2809
1332321,2817
1332687,2952
1332927,3146
1333095,2960
1333318,3051
1333531,3039
1333845,2844
1334067,2970
1334277,2863
1334916,2879
1335262,2784
1335897,3002
1336196,2825
1336246,2910
1336465,2929
1336675,2953
1336870,3021
1337126,2996
1337320,2955
1337897,2865
1338198,2767
1338987,2833
1339281,2837
1339457,2935
1339527,3074
1339902,2996
1340108,2925
1340263,2992
1340464,2942
1340855,2916
1341096,2851
1341950,2877
1342242,2899
1342515,2832
1342762,2925
1343007,3000
1343239,3073
1343413,2851
1343593,2990
1343918,2882
1344135,2847
1344920,2915
1345238,2822
1345477,2927
1345789,2943
1346144,2849
1346402,2835
1346432,2939
1346675,2987
1347078,2804
1347287,2843
1347966,2830
1348182,2876
1348489,2922
1348862,2908
1349117,2924
1349353,2843
1349533,2884
1349795,2887
1350002,2904
1350255,2960
1350912,2883
1351143,2808
1351544,2883
1351904,2951
1352135,2931
1352329,3036
1352547,2905
1352821,3028
1353044,2944
1353300,2875
1353929,2787
1354095,2771
1354516,2794
1354993,2881
1355190,2891
1355453,2851
1355636,2888
1355975,2952
1356285,2945
1356328,2852
1356820,2782
1356997,2826
1357430,2827
1357962,2845
1358193,2831
1358408,2860
1358648,2890
1359064,2868
1359306,2791
1359469,2855
1359836,2781
1359996,2841
1360345,2824
1360943,2832
1361146,2840
1361383,2881
1361658,2971
1362017,2899
1362232,2822
1362458,2949
1362892,2779
1363062,2836
1363273,2850
1363881,2999
1364114,2902
1364358,2815
1364742,2788
1365150,2938
1365156,3017
1365510,3038
1365807,2878
1366021,3012
1366246,2795
1367001,2843
1367159,2790
1367364,2903
1367663,2982
1368321,2813
1368365,2864
1368645,2933
1368863,3045
1369248,2783
1369391,2787
1369933,2792
1370045,2967
1370355,2792
1370776,2802
1371328,2906
1371341,3003
1371740,2814
1372000,2932
1372164,2879
1372320,2850
1372845,2834
1373108,2863
1373311,2807
1373672,2854
1374332,2866
1374496,2828
1374652,3106
1375031,2894
1375244,2816
1375421,2793
1375950,2855
1376106,2810
1376308,2890
1376665,2791
1377286,2781
1377493,2901
1377894,2965
1378065,2906
1378291,2850
1378355,3009
1378908,2839
1379071,2846
1379319,2857
1379578,2825
1380183,2868
1380486,2824
1380961,2916
1381078,2956
1381355,2813
1381513,3063
1381836,3027
1382044,2859
1382298,3133
1382528,2799
1383136,2831
1383440,2773
1384009,2825
1384130,2813
1384411,2773
1384669,3002
1385104,3022
1385268,2829
1385524,2939
1385536,2911
1386096,2834
1386341,2814
1387023,2874
1387254,2809
1387290,2865
1387965,2839
1388267,2977
1388289,3048
1388623,3015
1388800,3149
1389059,2996
1389260,2954
1389988,2892
1390252,2778
1390408,2935
1390939,2817
1391434,3010
1391447,3092
1391773,3128
1392052,2963
1392215,2986
1392375,3091
1393003,2912
1393125,2898
1393461,2832
1393846,2802
1394637,3020
1394683,3088
1394999,3199
1395298,2882
1395311,3059
1395559,3075
1396013,2933
1396182,2921
1396381,2892
1396862,2818
1397998,2994
1398011,3094
1398331,3101
1398453,3057
1398764,3167
1398819,3074
1399042,3263
1399250,2972
1399413,2911
1399777,3006
1401097,2780
1401269,2928
1401545,2820
1401606,3183
1402029,3077
1402036,3207
1402435,3129
1402522,3014
1402603,3054
1402874,3146
1403979,2878
1404290,2808
1404506,2804
1405114,2785
1405367,3104
1405381,3229
1405848,3142
1406107,2980
1406264,2948
1406470,2920
1406946,2941
1407206,2847
1407441,2838
1408021,2782
1408598,2806
1408825,2955
1409074,3197
1409338,2833
1409495,2865
1409605,3019
1410001,3036
1410188,2830
1410385,3111
1410909,2822
1411494,2780
1411908,2768
1412350,2865
1412561,2782
1412795,2970
1412854,3225
1413156,2877
1413320,3020
1413593,2969
1413990,2922
1414395,2781
1414792,2780
1415438,2823
1415448,3076
1415916,2854
1416162,2848
1416206,2937
1416440,2881
1416723,2904
1417033,2857
1417296,2820
1417837,2773
1418352,2775
1418646,2879
1418894,2952
1419129,2944
1419291,2898
1419497,2944
1419781,2879
1420018,2892
1420240,2954
1420744,2812
1421256,2774
1421616,2888
1421952,2977
1422174,2926
1422338,3010
1422570,3047
1422845,3090
1423034,2921
1423282,2891
1423688,2899
1424118,2792
1424635,2792
1425168,2902
1425190,2991
1425458,2935
1425767,3034
1426161,2772
1426289,2978
1426319,2959
1426680,2994
1427038,2877
1427516,2795
1428168,2883
1428332,2839
1428524,2780
1428892,2891
1429105,2892
1429438,2948
1429497,2996
1429890,2874
1430048,2820
1430436,2867
1431145,2873
1431384,2935
1431405,2867
1431882,2897
1432122,2854
1432487,2918
1432649,2944
1432967,2869
1433002,3131
1433411,2836
1434151,2846
1434414,2849
1434634,3088
1434920,2985
1435127,2869
1435505,2920
1435750,2931
1435973,2863
1436218,2892
1436428,2894
1437093,2800
1437391,2771
1438103,2776
1438196,2958
1438267,2997
1438516,3018
1438922,2887
1438939,3012
1439240,3009
1439446,2896
1440016,2897
1440282,2766
1440972,2957
1441357,2935
1441370,3027
1441661,3011
1441927,3077
1442090,3194
1442425,2965
1442635,2974
1443008,2861
1443178,2800
1444017,2781
1444394,2807
1444560,2838
1444782,2889
1445117,2901
1445383,2903
1445594,2884
1445845,2889
1446078,2981
1446114,2917
1446930,2841
1447289,2849
1447510,2946
1447804,2877
1448104,2818
1448418,2783
1448607,2838
1448863,2927
1449184,2808
1449206,2918
1449922,2876
1450226,2913
1450546,2893
1450800,2849
1451055,2862
1451327,2877
1451567,2873
1451913,2944
1452111,2851
1452265,2798
1452922,2875
1453225,2934
1453577,2800
1453928,2859
1454052,2896
1454299,2906
1454571,2876
1455041,2804
1455142,2806
1455372,2837
1455886,2784
1456293,2790
1456497,2767
1456932,2822
1457090,2876
1457300,2918
1457554,2856
1457933,2927
1458048,2904
1458316,2930
1458803,2807
1459169,2853
1459391,2929
1459841,2956
1460130,2777
1460341,2855
1460535,2916
1461082,2835
1461095,2928
1461335,2798
1461743,2785
1462157,2793
1462407,2801
1463000,2907
1463012,2984
1463299,2968
1463547,3020
1464023,2858
1464235,2940
1464395,2879
1464635,2925
1465035,2863
1465334,2772
1466097,2795
1466157,3033
1466399,2840
1466649,2970
1466991,2963
1467368,2839
1467381,3124
1467661,3126
1468034,2801
1468230,3039
1469018,2872
1469353,2926
1469403,2982
1469786,2814
1470039,3002
1470339,2788
1470604,3029
1470941,2946
1471105,2934
1471373,2774
1471991,2791
1472379,2871
1472548,2828
1472771,2807
1473272,2819
1473303,2875
1473806,2818
1474013,2960
1474252,2863
1474324,2947
1474889,2855
1475350,2880
1475535,2953
1475756,2843
1476267,2823
1476288,2909
1476805,2820
1477102,2794
1477272,2847
1477476,2889
1477868,2808
1478321,2842
1478727,2832
1478749,2936
1479192,2809
1479356,2814
1479782,2846
1480020,2808
1480223,2859
1480469,2872
1480890,2786
1481286,2781
1481770,2877
1481994,2890
1482264,2768
1482318,2940
1482757,2788
1482964,2849
1483214,2841
1483467,2910
1483792,2848
1484163,2804
1484894,2933
1485090,3031
1485179,3146
1485379,2902
1485630,2992
1485941,2914
1486160,2916
1486479,2820
1486739,2903
1487060,2781
1487965,2834
1488214,2802
1488453,2840
1488475,2991
1488751,3088
1488992,2859
1489204,2974
1489425,2950
1489902,2826
1490061,2816
1490923,2845
1491143,2959
1491398,2939
1491659,2908
1492005,2894
1492051,2952
1492277,2895
1492485,2931
1492832,2855
1493006,2904
1493886,2875
1494195,2931
1494473,2819
1494683,2978
1495126,2830
1495279,2857
1495438,2947
1495552,3062
1495803,2963
1496038,2966
1496850,2789
1497262,2785
1497449,2907
1497793,2895
1498059,2833
1498248,2877
1498513,2940
1498873,2805
1499112,2797
1499277,2838
1499766,2774
1500134,2873
1500456,2954
1500845,2778
1501019,2840
1501243,2937
1501532,2909
1501808,2945
1502043,2808
1502233,2763
1502627,2797
1503133,2781
1503533,2825
1503786,2832
1504013,2931
1504266,2943
1504567,2935
1504841,2975
1505078,2894
1505099,2926
1505561,2951
1506038,2799
1506445,2829
1506778,2796
1507038,2830
1507341,2795
1507587,2913
1508201,2951
1508218,3046
1508344,3080
1508609,3119
1508969,2877
1509359,2904
1509667,2925
1509966,2911
1510227,2921
1510599,2798
1511258,2790
1511520,2838
1511533,3010
1511875,2847
1512041,2894
1512371,2879
1512690,2910
1512984,2863
1513240,2869
1513493,2879
1514141,2875
1514468,2897
1514673,2918
1514863,2906
1515079,2959
1515386,2873
1515734,2794
1515951,2878
1516206,2830
1516461,2781
1517150,2871
1517451,2967
1517723,2810
1517903,2998
1518162,2851
1518380,2964
1518653,2906
1518953,2849
1519180,2833
1519397,2822
1520115,2784
1520626,2850
1520638,3155
1521161,2941
1521181,3017
1521448,2873
1521691,2930
1521931,3051
1522140,2822
1522340,3103
1523022,2801
1523581,2816
1523940,2887
1524201,2841
1524445,3228
1524462,2927
1524812,3085
1525114,2788
1525280,2769
1525532,2846
1525921,2880
1526495,2782
1526962,2798
1527169,2875
1527511,2922
1528117,2918
1528125,3028
1528325,2973
1528459,3087
1528672,2891
1528931,2878
1529377,2931
1529889,2907
1530164,2766
1530522,2851
1531132,2914
1531382,2969
1531420,3203
1531637,3238
1531917,2844
1532136,2886
1532433,2793
1532892,2987
1533104,2766
1533503,2880
1534130,2877
1534448,2794
1534847,2814
1535009,2868
1535102,2944
1535320,3022
1535483,2977
1536017,2826
1536063,2922
1536475,2789
1537139,2847
1537395,2771
1537765,3046
1537994,3128
1538187,2928
1538428,2897
1538639,3121
1538968,2956
1539140,3087
1539369,2908
1540080,2802
1540291,2777
1540956,2954
1541371,2857
1541391,3131
1541587,3218
1541865,3236
1542070,3143
1542395,2909
1542560,2839
1543006,2790
1543190,2914
1544008,2877
1544364,2775
1544620,3042
1544939,2939
1545196,3035
1545477,2870
1545638,3039
1545815,3082
1545940,2985
1546211,2885
1546983,2874
1547232,2775
1548012,2819
1548055,2917
1548338,2904
1548507,2822
1548990,2951
1549182,2770
1549349,2925
1549561,2984
1549944,2839
1550153,2772
1550963,2800
1551175,2875
1551421,2843
1551451,2898
1552107,2794
1552372,2836
1552384,2987
1552643,3014
1553039,2938
1553070,2900
1553897,2985
1554176,2891
1554412,2779
1554577,2807
1554990,2952
1555302,2934
1555496,2887
1555802,2883
1556181,2804
1556325,2834
1557024,2863
1557196,2962
1557480,2824
1557644,2985
1558072,2787
1558331,2879
1558541,2872
1558820,2845
1559071,2830
1559286,2823
1559979,2823
1560253,2942
1560460,2996
1560823,3038
1561042,2788
1561299,2832
1561541,2892
1561798,2850
1562031,2836
1562233,2904
1562926,2792
1563285,2807
1563544,2788
1563961,2919
1563967,3177
1564292,2895
1564554,3019
1564772,2900
1564971,2838
1565228,2837
1565872,2970
1566208,2833
1566434,2820
1566966,2877
1567248,2825
1567408,2886
1568054,2780
1568208,2778
1568347,2875
1568360,2978
1568933,2883
1569168,2803
1569376,2818
1569933,2857
1570203,2814
1570398,2842
1570970,2880
1571236,2822
1571438,2905
1571475,2925
1571913,2851
1572121,2809
1572335,2812
1573014,2887
1573215,2806
1573393,2770
1573981,2808
1574172,2911
1574483,2812
1574714,2874
1574900,3010
1575101,2858
1575270,2959
1576024,2860
1576244,2944
1576271,2861
1577015,2786
1577210,2792
1577419,2941
1577730,2878
1578060,2817
1578083,2953
1578315,2823
1579020,2839
1579281,2809
1579301,2890
1579892,2875
1580094,2768
1580452,2917
1580903,2872
1581074,2973
1581234,2765
1581389,2926
1581966,2931
1582169,2821
1582329,2969
1582889,2903
1583105,2767
1583451,2781
1583874,2889
1584131,2818
1584174,2865
1584407,2913
1585090,2829
1585103,2906
1585412,2871
1585887,2800
1586153,2809
1586367,2894
1586856,2987
1587140,2865
1587154,2995
1587414,2898
1588092,2846
1588116,3092
1588417,2771
1589049,2836
1589098,2885
1589355,2803
1589943,2969
1590262,2771
1590421,2965
1590579,2813
1591031,2877
1591280,2771
1591443,2832
1591972,2896
1592085,2872
1592332,2773
1593057,2836
1593223,2875
1593533,2823
1593582,3038
1593997,2793
1594183,2810
1594400,2792
1595143,2835
1595163,2900
1595361,2975
1595989,2833
1596218,2964
1596454,2867
1596979,2867
1597141,2815
1597366,2866
1597528,2800
1598164,2822
1598170,2902
1598429,2914
1598956,2879
1599318,2782
1599522,2842
1599944,2785
1600159,2910
1600421,2917
1600434,2904
1601154,2812
1601175,2895
1601476,2798
1601961,2847
1602202,2801
1602447,2782
1602852,2878
1603165,2925
1603486,2906
1603651,2862
1604058,2924
1604180,2911
1604457,2812
1604917,2820
1605139,2811
1605358,2802
1605815,2782
1606224,2809
1606474,2823
1606679,2815
1607083,2853
1607247,2803
1607401,2762
1607878,2779
1608101,2775
1608291,2794
1608761,2775
1609122,2840
1609418,2819
1609618,2828
1610026,2970
1610259,2807
1610297,3057
1610804,2786
1611019,2800
1611208,2774
1611623,2908
1612093,2869
1612366,2796
1612570,2820
1613166,2821
1613179,2895
1613488,2870
1614025,2781
1614218,2815
1614236,3017
1614668,2810
1615047,2854
1615267,2855
1615533,2802
1616166,2893
1616180,2965
1616459,2789
1616936,2911
1617164,2895
1617374,2927
1617600,2995
1618025,2812
1618243,3004
1618457,2805
1619287,2786
1619559,2947
1619575,3016
1619943,2865
1620182,2981
1620435,2812
1620687,3129
1621084,3035
1621462,2775
1621601,2984
1622207,2782
1622781,2774
1622858,2801
1623078,2942
1623373,2934
1623541,2859
1623959,2837
1624212,2794
1624418,2806
1624690,3030
1625119,2769
1625648,2844
1625897,2971
1626117,3047
1626514,2908
1626673,2858
1626917,2999
1627131,2825
1627342,3088
1627817,2901
1628018,2800
1628585,2784
1628997,2792
1629255,2825
1629632,2822
1629645,3185
1630108,2866
1630270,2815
1630521,2894
1630914,2882
1630927,2970
1631505,2808
1631915,2830
1632167,2772
1632591,2882
1632971,2871
1633224,2855
1633237,2936
1633515,2964
1633883,2948
1634039,3349
1634406,3569
1634853,2801
1635071,2768
1635559,4029
1635973,2933
1636314,2945
1636567,2848
1636958,2937
1637148,3009
1637975,2799
1638188,2885
1638904,3676
1639034,2868
1639117,2803
1639523,2871
1639734,3104
1639978,3092
1640000,3109
1640252,3034
1641163,2813
1641210,2877
1642064,2780
1642230,2827
1642490,2839
1642902,2961
1642937,3203
1643238,2811
1643405,3018
1643430,3103
1644079,2804
1644242,2837
1644931,2865
1645185,2863
1645462,2799
1645961,2826
1646262,2904
1646298,3192
1646521,2835
1646666,2990
1646979,3037
1647209,2788
1647931,2878
1648172,2807
1648383,2817
1648892,2774
1649259,3110
1649469,2820
1649631,2983
1649838,3206
1650161,2790
1650327,3023
1650915,2852
1651121,2824
1651336,2833
1651786,2796
1652590,3261
1652783,2898
1652805,3231
1653125,3128
1653191,2946
1653489,2948
1653854,2831
1654078,2923
1654300,2890
1654671,2890
1655950,2880
1656125,2911
1656349,3179
1656493,2947
1656528,3343
1656819,3168
1656839,3111
1657137,3131
1657314,3042
1657650,3154
1658967,2793
1659159,2764
1659521,2847
1659764,3032
1660103,2943
1660189,3132
1660437,3063
1660630,3076
1660650,3001
1661002,2848
1661860,2817
1662069,2825
1662496,2817
1662883,2899
1663148,2989
1663483,3042
1664123,2813
1664143,2912
1664252,2953
1664292,2977
1664842,2953
1665048,2841
1665410,2783
1665916,2875
1666259,2805
1666611,2869
1667036,2933
1667161,3068
1667461,2961
1667625,2946
1667886,2871
1668093,2846
1668325,2868
1668993,2792
1669204,2777
1669609,2806
1670056,2847
1670345,2895
1670521,2916
1670758,2904
1671026,2882
1671044,2976
1671284,2903
1671921,2800
1672107,2770
1672499,2793
1673025,2871
1673325,2879
1673538,2967
1673935,2932
1674128,3008
1674264,2822
1674342,2929
1674818,2784
1675019,2861
1675419,2786
1675986,2874
1676339,2777
1676594,2910
1676967,2947
1677226,2798
1677384,3278
1677605,2967
1677849,3214
1678054,2938
1678335,2814
1678984,2845
1679238,2894
1679628,2811
1680001,2816
1680208,2916
1680669,3280
1680826,2824
1681288,2805
1681372,2957
1681450,3026
1681969,2900
1682220,2875
1682535,2848
1682962,2816
1683217,2833
1683766,2823
1684072,2924
1684308,2802
1684571,2987
1684585,3142
1684962,2920
1685260,2899
1685505,2898
1685874,2839
1686180,2774
1686718,2774
1687139,2784
1687344,2865
1687688,2917
1687994,2852
1688008,2976
1688262,2901
1688536,2897
1688831,2885
1689073,2856
1689578,2790
1690045,2870
1690334,2769
1690855,2807
1691071,3004
1691264,2917
1691425,3019
1691579,3358
1691817,3032
1692028,2907
1692499,2782
1693009,2856
1693233,2917
1693903,2774
1694276,2855
1694290,2942
1694553,3097
1695168,2892
1695319,2849
1695482,2829
1695506,3073
1695991,2917
1696237,2931
1696811,2776
1697223,2799
1697376,2776
1697782,2781
1698148,2967
1698392,3029
1698413,2959
1698743,2850
1698998,3011
1699296,2807
1699672,2893
1700122,2782
1700288,2855
1700650,2838
1701253,2830
1701562,2830
1701659,3052
1701840,3142
1702199,2895
1702212,3029
1702705,3025
1703030,2851
1703268,2878
1703609,2807
1704173,2878
1704526,2786
1704800,2783
1705074,2818
1705396,2857
1705424,3128
1705829,2997
1706032,2928
1706277,2846
1706538,2841
1707172,2853
1707417,2883
1707688,3015
1708033,3059
1708391,2955
1708634,2980
1708975,2945
1709198,2999
1709248,2941
1709480,2956
1710125,2875
1710430,2766
1710913,2813
1711185,2781
1711443,2782
1711740,2863
1712034,2970
1712269,2896
1712358,2979
1712598,2886
1713092,2858
1713318,2934
1713853,2825
1714090,2855
1714342,2825
1714690,2877
1715104,2962
1715317,3038
1715438,3013
1715675,2926
1716093,2865
1716343,2890
1716884,2786
1717095,2802
1717301,2808
1717685,2812
1718194,2872
1718538,2840
1718789,2869
1718829,2988
1719063,3087
1719361,2812
1719828,2908
1720055,2929
1720238,2841
1720588,2916
1721159,2866
1721508,2956
1721795,2882
1721971,2945
1722336,2839
1722349,2931
1722820,2889
1723066,2863
1723238,2768
1723634,2844
1724116,2783
1724566,2842
1724902,2969
1725046,2938
1725366,2826
1725575,2892
1725835,3022
1726105,2843
1726119,2923
1726578,2797
1727029,2783
1727497,2882
1727969,2877
1728131,2824
1728316,2925
1728592,2875
1729076,2818
1729336,2785
1729426,2991
1729646,2895
1729914,3013
1730470,2815
1731041,2878
1731061,2968
1731340,2844
1731560,2821
1731998,2922
1732255,2780
1732516,2915
1732783,2828
1733014,2835
1733385,2781
1734023,2859
1734194,2933
1734353,2933
1734509,2842
1735010,2941
1735219,2889
1735524,2895
1735750,2832
1735999,2882
1736291,2815
1737005,3021
1737279,2858
1737628,2944
1737787,2954
1738091,2814
1738256,2933
1738529,2863
1738739,2872
1738978,2875
1739222,2839
1740122,2777
1740303,2773
1740785,2793
1741003,2834
1741030,2958
1741285,2936
1741525,3001
1741753,2870
1741982,2835
1742199,2853
1743033,2774
1743194,2878
1743877,2777
1744056,2803
1744148,2933
1744359,2945
1744626,3121
1744937,2874
1745097,2822
1745256,2790
1745901,2875
1746197,2911
1746764,2819
1746974,2832
1747211,2831
1747432,2828
1748069,2782
1748298,2770
1748471,2928
1748553,3014
1748942,2806
1749194,2771
1749736,2777
1749929,2863
1750161,2855
1750404,2828
1750971,2823
1751188,2864
1751504,3083
1751987,2804
1752099,2868
1752152,2960
1752607,2865
1752950,2934
1753150,2814
1753352,2895
1753881,2896
1754153,2781
1754742,2876
1754923,2907
1755101,2885
1755307,2904
1755602,2872
1756071,2820
1756084,2891
1756348,2804
1756914,2980
1757078,2769
1757716,2919
1757944,2914
1758114,2854
1758333,3155
1758594,2795
1759191,2870
1759223,2922
1759439,2979
1759975,2854
1760020,2909
1760957,2922
1761162,3016
1761324,2840
1761550,2993
1761777,2854
1762228,2886
1762250,2989
1762544,2994
1763010,2818
1763217,2791
1764008,2863
1764314,2816
1764361,2995
1764787,2782
1764853,3011
1765214,2901
1765378,2949
1765625,2926
1765959,2909
1766144,2860
1766968,2893
1767232,2835
1767486,2795
1767689,3102
1767990,3003
1768227,3113
1768442,2927
1768680,2998
1768990,2910
1769151,2891
1769984,2899
1770187,2802
1770406,2859
1770913,2839
1771139,2887
1771511,2911
1771525,3174
1771891,3019
1772120,2868
1772161,2864
1773085,2831
1773099,2924
1773361,2766
1773861,2912
1774162,2768
1774518,2837
1774822,2934
1775037,2892
1775184,3144
1775372,2779
1776032,2808
1776241,2766
1776286,2874
1776893,2784
1777089,2763
1777464,2805
1777855,2800
1778062,2967
1778288,2894
1778450,2875
1778933,2872
1779146,2922
1779309,2813
1779923,2838
1780049,3016
1780361,2806
1780806,2879
1781130,2960
1781307,2892
1781469,2899
1781897,2947
1782211,2782
1782441,2801
1782892,2776
1783149,2790
1783358,2781
1783914,2893
1784199,2825
1784465,2823
1784478,3082
1784968,2976
1785089,2883
1785348,2786
1785769,3099
1786073,2900
1786262,2783
1786887,2877
1787120,3028
1787418,2810
1787647,2858
1788251,2783
1788435,2977
1788451,3043
1789057,2843
1789260,2937
1789321,2845
1789866,2871
1790320,2902
1790341,2962
1790596,2998
1791131,2791
1791575,2806
1791596,3005
1792031,2897
1792331,2821
1792352,2913
1792921,2850
1793405,2817
1793426,3066
1793745,3135
1794050,2931
1794474,3026
1794762,2840
1795025,2931
1795261,2862
1795422,2918
1795947,2815
1796318,2818
1796586,2789
1796972,3015
1797138,2767
1797631,2827
1797827,3010
1798062,2966
1798212,2952
1798438,2840
1798859,2906
1799269,2870
1799500,2918
1800084,2816
1800097,2892
1800590,2875
1800929,3004
1801142,2896
1801392,2920
1801431,2878
1801860,2912
1802255,2788
1802508,2773
1803079,2812
1803101,2890
1803567,2791
1804136,2920
1804149,2985
1804554,2929
1804569,3070
1804897,2914
1805166,2908
1805404,2862
1806074,2777
1806276,2792
1806483,2796
1807227,2919
1807240,3049
1807627,2926
1807894,2977
1807944,3195
1808176,2905
1808399,3037
1808973,2900
1809188,2849
1809402,2953
1810273,2781
1810496,2778
1810682,2817
1810968,2878
1811268,2792
1811530,2891
1811544,3216
1811981,3127
1812193,2770
1812453,2825
1813182,2817
1813399,2812
1813620,2882
1813965,2838
1814204,2914
1814547,2781
1814846,2889
1815237,2782
1815366,2817
1815578,2811
1816087,2856
1816335,2878
1816634,2912
1816898,3036
1817214,2986
1817434,2881
1817868,2978
1818153,2901
1818285,2922
1818545,2951
1819068,2856
1819337,2904
1819634,3152
1820148,2850
1820340,2815
1820544,2855
1820972,2888
1821174,2936
1821335,3069
1821585,2843
1822022,2997
1822339,2783
1822912,2885
1823131,2768
1823289,2873
1823508,2980
1823985,2936
1824243,2904
1824551,2814
1824844,2781
1825109,2933
1825279,2767
1825882,2778
1826087,2900
1826298,2845
1826576,2830
1827032,2835
1827248,2823
1827497,2853
1827880,2895
1828207,2770
1828261,2871
1828844,2966
1829092,2811
1829271,2957
1829528,2893
1829992,2825
1830193,2864
1830474,2812
1830866,2926
1831090,2879
1831262,2802
1832000,2880
1832047,2918
1832330,2912
1832536,2897
1832908,2942
1833159,2832
1833418,2795
1834057,2775
1834149,2813
1834339,2923
1835066,2820
1835078,2898
1835364,2874
1835557,2874
1835991,2876
1836206,2777
1836415,2823
1836938,2864
1837101,2819
1837351,2827
1838071,2814
1838092,2892
1838342,2948
1838562,2835
1838955,2853
1839120,2884
1839347,2947
1839897,2779
1840108,2782
1840310,2790
1841074,2827
1841270,2835
1841511,2802
1841673,2924
1841936,2881
1842131,2866
1842379,2826
1842807,2789
1843011,2866
1843222,2934
1844023,2797
1844235,2789
1844433,2799
1844685,2962
1844944,2920
1845132,3032
1845327,2836
1845682,2885
1845989,2893
1846246,2904
1846941,2810
1847155,2788
1847353,2869
1847793,2870
1848003,2885
1848298,2807
1848355,2966
1848702,2831
1848979,2834
1849282,2772
1850055,2815
1850076,2895
1850317,2775
1850888,2875
1851027,3006
1851250,3090
1851452,2862
1851653,2948
1851936,2857
1852179,2830
1853059,2845
1853269,2950
1853316,2824
1853860,2896
1854176,2845
1854434,2804
1854510,2981
1854738,3018
1854930,2947
1855138,3031
1856027,2840
1856353,2825
1856369,3069
1856880,2874
1857142,2850
1857387,2839
1857612,2953
1857981,2859
1858029,2918
1858304,2911
1858953,2878
1859269,2778
1859566,2883
1859896,2863
1860107,2941
1860355,2876
1860653,2997
1861047,2829
1861061,2924
1861317,2931
1861961,2850
1862171,2765
1862536,2885
1862934,2828
1863153,2818
1863364,2815
1863958,2839
1864078,2983
1864367,2954
1864527,2787
1864902,2982
1865104,2795
1865552,2876
1865885,2790
1866091,2817
1866297,2775
1866883,2789
1867156,2940
1867399,2796
1867520,2941
1867968,2813
1868130,2842
1868512,2888
1868940,2866
1869225,2770
1869387,2823
1869815,2785
1870182,2818
1870401,2900
1870589,2883
1870912,2812
1871084,2831
1871520,2773
1871933,2806
1872121,2804
1872333,2826
1872687,2984
1873135,2771
1873392,2851
1873600,2871
1873860,2886
1874035,2877
1874379,2786
1874841,2818
1875058,2829
1875290,2804
1875992,2866
1876050,2935
1876383,2837
1876598,2990
1876869,3179
1877087,2813
1877293,2872
1877800,2940
1878006,2841
1878216,2773
1878952,2888
1879117,2831
1879313,2903
1879677,3276
1880006,2834
1880341,2877
1880369,2933
1880947,2812
1881197,2819
1881215,2939
1882048,2823
1882055,2976
1882319,2818
1882938,2786
1883101,2996
1883390,2822
1883403,2957
1883988,2847
1884154,2792
1884356,2861
1885009,2812
1885247,2766
1885298,2881
1885819,2784
1886195,2811
1886354,2809
1886553,2803
1886937,2819
1887099,2835
1887342,2818
1887918,2915
1888138,2816
1888310,2911
1888874,2927
1889137,2885
1889306,2885
1889524,2914
1889847,2814
1890055,3049
1890289,2775
1891052,2834
1891065,2934
1891318,2939
1891898,2917
1892165,2769
1892325,2867
1892541,2861
1892757,3042
1893205,2764
1893299,2833
1894085,2789
1894374,2802
1894440,3035
1894913,2878
1895119,2817
1895322,2823
1895527,2881
1895888,2923
1896099,2808
1896262,2759
1896961,2873
1897306,2777
1897566,2859
1897920,2880
1898090,2923
1898282,2884
1898530,2859
1898897,2894
1899155,2824
1899168,2974
1899967,2840
1900214,2866
1900510,2779
1900898,2921
1901117,2920
1901301,3029
1901515,2833
1902082,2790
1902219,2915
1902438,2818
1902928,2870
1903210,2788
1903411,2770
1903946,2902
1904159,2903
1904478,2792
1904538,2893
1904964,2822
1905351,2834
1905365,2908
1906052,2851
1906308,2902
1906471,2789
1906940,2838
1907169,2912
1907398,2835
1907562,2933
1907911,2871
1908415,2858
1908444,2913
1909038,2872
1909380,2850
1909427,3070
1909929,2993
1910175,2833
1910370,2953
1910623,2915
1910965,2855
1911453,2814
1911467,2891
1912008,2926
1912327,2779
1912624,2828
1913143,2826
1913156,2913
1913413,2918
1913643,2962
1913959,2966
1914443,2837
1914647,2971
1915034,2876
1915237,2868
1915580,2788
1916057,2781
1916172,2882
1916440,2890
1916760,2830
1917013,2861
1917404,2867
1917750,2791
1918012,2814
1918219,2860
1918493,2796
1918964,2824
1919162,2881
1919434,2846
1919677,2826
1919995,2804
1920364,2867
1920668,2909
1920949,2848
1921193,2825
1921408,2822
1921897,2894
1922151,2840
1922413,2819
1922624,2921
1922895,2991
1923365,2873
1923658,2867
1923914,2854
1924129,2849
1924364,2853
1924917,2837
1925096,2849
1925334,2877
1925640,3026
1926094,2855
1926363,2878
1926647,2995
1926912,3045
1927147,2884
1927352,2942
1927836,2852
1928082,2845
1928343,2872
1928825,2838
1929071,2920
1929362,2794
1929778,2906
1930111,2822
1930136,2891
1930386,2998
1931023,2891
1931039,2927
1931315,2936
1931778,2871
1932086,2872
1932293,2786
1932823,2940
1933146,2879
1933231,3015
1933559,2979
1934092,2825
1934107,2914
1934346,2793
1934789,2824
1935210,2845
1935242,2903
1935873,2909
1936162,2878
1936378,2831
1936627,2845
1937009,2852
1937185,2788
1937343,2765
1937771,2782
1938292,2822
1938320,2875
1938876,2982
1939141,2827
1939335,2945
1939589,2873
1939949,2913
1940188,2800
1940209,2877
1940687,2802
1941280,2809
1941301,2891
1942066,2853
1942113,2896
1942375,2859
1942585,3003
1943075,2779
1943171,2903
1943380,3002
1943639,2842
1944179,2800
1944337,2916
1945104,2854
1945117,3137
1945424,2798
1945676,2985
1946059,2872
1946222,2926
1946470,2836
1946682,2966
1947084,2866
1947383,2858
1948092,2844
1948348,2770
1948510,2872
1948807,2836
1949055,2902
1949282,2855
1949431,2926
1949770,2860
1950049,2832
1950325,2825
1951028,2798
1951245,2893
1951507,2855
1951917,2884
1952080,2929
1952252,3048
1952476,2927
1952954,2925
1952976,3015
1953275,2870
1953915,2887
1954237,2842
1954459,2832
1954898,2929
1955142,2907
1955389,2819
1955598,2830
1955978,2851
1956135,3123
1956345,2771
1956927,2875
1957208,2813
1957417,2858
1957918,2948
1958148,2929
1958342,2878
1958549,2845
1958917,3265
1959240,2827
1959459,2977
1959911,2902
1960112,2868
1960357,2837
1961002,2882
1961217,2936
1961483,2836
1961642,2813
1962168,2825
1962336,3030
1962517,2958
1962915,2836
1963113,2847
1963314,2940
1963978,2944
1964289,2854
1964457,2915
1964648,2858
1965088,2781
1965461,2803
1965622,2833
1965885,2932
1966088,2869
1966502,2799
1967051,2815
1967269,2930
1967506,2957
1967733,2848
1968000,3022
1968354,2864
1968580,2954
1968917,2852
1969087,2894
1969421,2779
1969987,2867
1970289,2827
1970929,2852
1971058,2866
1971333,2881
1971357,2953
1971671,2858
1971891,2868
1972104,2913
1972322,2920
1972945,2851
1973250,2770
1973934,2836
1974140,2892
1974414,2834
1974593,2993
1974913,2879
1975079,3001
1975336,3013
1975349,2969
1975925,2870
1976145,2837
1976892,2977
1977155,2828
1977371,2880
1977717,2905
1977915,2854
1978174,2876
1978478,2806
1978526,2965
1978925,2805
1979106,2891
1979978,2933
1980115,2912
1980350,2932
1980732,2795
1980941,2900
1981185,2808
1981411,2841
1981614,2923
1981834,2965
1982088,2819
1983114,2786
1983407,2891
1983590,2871
1983686,3178
1984074,2905
1984095,3141
1984370,3013
1984662,3213
1984993,3079
1985203,3042
1986027,2869
1986396,2813
1986600,2854
1987005,2852
1987221,2839
1987383,3296
1987568,3519
1987985,3314
1988202,3194
1988357,3182
1988991,2898
1989341,2838
1989576,2814
1989980,2808
1990185,2767
1990862,2900
1991179,3037
1991402,2972
1991618,3001
1991789,2998
1992022,2910
1992302,3085
1992515,2774
1992881,2788
1993094,2953
1993897,2789
1994349,2776
1994518,2987
1994900,2784
1995169,2833
1995353,2833
1995559,2901
1995858,2885
1995872,3051
1996172,3024
1996788,2785
1997225,2842
1997641,2831
1997837,3014
1998105,2899
1998346,2864
1998569,2983
1999017,2858
1999031,2953
1999298,2992
1999772,2799
2000190,2815
2000565,2809
2000988,2876
2001150,2821
2001343,2914
2001642,3008
2002120,2816
2002148,2922
2002422,2913
2002731,2841
2003096,2782
2003475,2792
2004075,2873
2004088,2976
2004356,2966
2004791,3061
2005059,2949
2005273,3000
2005473,3052
2005731,2897
2006000,2807
2006357,2841
2007152,2781
2007447,2771
2007610,2859
2007992,2961
2008153,3092
2008361,2984
2008615,3044
2008892,3076
2008939,2916
2009325,2936
2010058,2870
2010341,2833
2010590,2905
2011081,2875
2011434,2835
2011642,2973
2012068,2850
2012081,2946
2012238,3076
2012451,2861
2013023,2924
2013280,2886
2013589,2805
2014052,2874
2014403,2884
2014738,3016
2015128,2968
2015146,3115
2015498,2864
2015651,3160
2016084,2824
2016290,2883
2016516,2814
2017014,2788
2017386,2805
2017883,2898
2018188,2899
2018505,2838
2018656,3104
2018982,3091
2019153,3022
2019318,2967
2019470,2904
2019915,2981
2020293,2780
2020916,2936
2021187,2883
2021441,2837
2021899,2774
2022156,2912
2022462,2780
2022687,2836
2022947,2866
2023153,2854
2023198,2902
2023957,2831
2024198,2807
2024400,2903
2024775,2782
2025201,2792
2025366,2886
2025621,2888
2025948,2863
2026214,2805
2026376,2931
2027116,2820
2027137,2893
2027399,2954
2027688,2880
2028082,2915
2028373,2844
2028633,2920
2028932,2945
2029140,2884
2029392,2804
2030169,2850
2030189,2917
2030477,2833
2030690,2912
2031128,2891
2031339,2871
2031642,2916
2031974,2867
2032179,2841
2032346,2813
2033178,2851
2033435,2833
2033448,2993
2033724,3028
2034113,2810
2034340,2872
2034683,2972
2034963,3012
2035183,2898
2035388,2947
2036140,2936
2036373,2920
2036564,2882
2036839,2846
2037058,2901
2037315,2856
2037992,2872
2038167,2814
2038274,2918
2038489,2874
2039164,2945
2039383,2958
2039596,3040
2039830,2911
2040078,2828
2040333,2776
2040951,2861
2041186,2868
2041370,2837
2041588,2891
2042249,2905
2042462,2911
2042962,2870
2043184,2775
2043271,2944
2043377,2877
2043944,2920
2044182,2797
2044301,2919
2044572,2814
2045253,2829
2045497,2764
2046045,2907
2046066,2977
2046347,2786
2046510,2879
2046999,2879
2047199,2906
2047368,3029
2047524,2890
2048172,2841
2048383,2918
2049209,2826
2049224,2909
2049378,3012
2049582,2961
2050013,2907
2050230,2909
2050530,2847
2050736,2850
2051140,2814
2051412,2803
2052161,2789
2052375,2776
2052530,2828
2052758,2882
2053057,2828
2053260,2904
2053493,2889
2053738,2879
2054043,2853
2054343,2774
2055073,2786
2055273,2820
2055481,2880
2055980,2921
2055998,2926
2056266,2844
2056519,2857
2056779,2859
2057026,2868
2057241,2825
2057946,2888
2058199,2873
2058493,2798
2059040,2787
2059207,2933
2059244,3162
2059471,3028
2059786,2893
2060002,2983
2060198,2827
2060958,2840
2061198,2803
2061414,2797
2061916,2885
2062238,2919
2062621,2929
2062760,3186
2062845,2995
2063143,3083
2063202,3015
2063899,2851
2064115,2832
2064342,2816
2064924,2886
2065282,2774
2065637,2978
2066047,2936
2066061,3216
2066375,2866
2066546,3023
2066874,2891
2067069,3016
2067281,2795
2067934,2837
2068176,2771
2068761,2882
2069105,2880
2069394,2817
2069416,3054
2069664,2966
2069913,2916
2070223,2820
2070393,2868
2071060,2818
2071084,2903
2071764,2879
2072081,2987
2072303,3039
2072602,2887
2072796,2998
2072999,2926
2073173,2897
2073396,2827
2074088,2879
2074101,2965
2074772,2797
2075176,2803
2075435,2859
2075650,3137
2076013,2933
2076305,2902
2076466,2848
2076663,2933
2077062,2872
2077203,2836
2077670,2806
2078111,2883
2078374,2770
2079039,2931
2079053,3007
2079420,2883
2079435,3133
2079751,3017
2080038,2861
2080202,2882
2080556,2849
2081099,2775
2081279,2768
2082167,2944
2082354,2872
2082559,2966
2082737,3030
2082975,2978
2083144,2967
2083344,2928
2083534,2940
2083962,2831
2084175,2823
2085207,2780
2085408,2832
2085660,2947
2085855,3026
2086068,3084
2086248,3025
2086408,3138
2086597,3058
2086887,3000
2087106,3091
2088113,2842
2088344,2771
2088747,2786
2088973,2974
2089368,2993
2089381,3064
2089650,3211
2089872,2921
2090033,2922
2090285,3143
2091054,2782
2091248,2817
2091657,3008
2092071,2788
2092608,3162
2092625,3000
2093031,2882
2093151,3006
2093327,2947
2093683,2921
2093959,2984
2094171,2810
2094789,2789
2095002,3062
2095739,2924
2095922,2885
2096137,3001
2096387,2893
2096539,2975
2096774,2964
2097100,2849
2097141,2948
2097894,2777
2098151,2833
2098772,2883
2098943,2864
2099235,2860
2099413,2891
2099633,2898
2099884,2884
2100072,2781
2100233,2911
2100805,2847
2101116,2779
2101930,2840
2101956,3131
2102197,2825
2102409,3032
2102663,2914
2102954,2874
2102967,3093
2103245,2970
2103807,2812
2104018,2783
2104956,2806
2105120,2842
2105280,2989
2105532,2833
2105890,2916
2106013,3137
2106183,2848
2106348,2791
2106730,2843
2106930,2912
2107859,2920
2108094,2897
2108430,2794
2108527,2844
2108974,2896
2109300,2775
2109381,3087
2109463,3090
2109750,2937
2109967,2836
2110866,2901
2111109,2925
2111323,2858
2111518,2826
2111993,2851
2112198,2761
2112894,2857
2112915,2946
2113132,2899
2113181,3021
2113904,2936
2114174,2878
2114482,2812
2114512,2923
2114960,2888
2115165,2783
2115853,2924
2116036,2892
2116313,2821
2116478,3038
2116928,2839
2117143,2957
2117387,3019
2117566,3087
2117955,2961
2118075,2786
2118913,2885
2119034,3073
2119321,2884
2119601,3064
2119935,2974
2120212,2970
2120490,2998
2120992,2867
2121027,3212
2121169,2802
2121939,2887
2122289,2895
2122503,2849
2122770,2869
2123006,2939
2123325,2818
2123575,2868
2124064,2815
2124076,2899
2124338,2981
2124960,2877
2125317,2774
2125477,2882
2125927,2877
2126085,2829
2126279,3039
2126538,2881
2126968,2963
2127151,2774
2127411,2775
2127969,2831
2128211,2903
2128482,2794
2128932,2883
2129149,2877
2129505,2785
2129756,2921
2130073,2848
2130250,2802
2130323,3013
2130894,2891
2131222,2779
2131408,2801
2131942,2820
2132146,2863
2132395,2839
2132902,2966
2133148,2868
2133325,2854
2133489,2801
2133915,2866
2134122,2991
2134362,2803
2134848,2996
2135106,2874
2135332,2809
2136007,2795
2136118,2947
2136446,2804
2136630,3013
2136940,2876
2137276,2778
2137439,2821
2137967,2852
2138111,2814
2138321,2809
2138896,2868
2139195,2776
2139373,2812
2139752,2819
2139970,2802
2140184,2813
2140382,2843
2140911,2887
2141058,2853
2141262,2817
2141901,2785
2142096,2810
2142303,2844
2142725,2816
2142894,2966
2143121,2883
2143352,2761
2143905,2870
2144174,2880
2144186,2891
2144794,2850
2145035,2824
2145278,2799
2145627,2829
2145989,2852
2146226,2768
2146386,2824
2146885,3003
2147210,2969
2147259,2848
2147802,2841
2147987,2954
2148186,2796
2148559,2895
2148931,2790
2149140,2794
2149337,2807
2150014,2810
2150269,2860
2150281,3142
2150763,2918
2151133,2831
2151164,2959
2151546,2916
2151854,2790
2152057,2864
2152266,2812
2152912,2881
2153258,2777
2153512,2915
2153898,2953
2154092,2858
2154244,2918
2154557,2866
2154904,2920
2155170,2925
2155182,2889
2155923,2925
2156156,2800
2156550,2805
2156939,2873
2157147,2774
2157313,2899
2157540,2894
2157921,2896
2158301,2819
2158429,2788
2159041,2854
2159238,2964
2159470,2829
2160015,2876
2160028,2951
2160303,2857
2160535,2927
2160949,2933
2161204,2933
2161395,2795
2162029,2780
2162285,2784
2162491,2792
2163083,2903
2163232,2983
2163294,2947
2163588,2845
2163969,2935
2164265,2821
2164313,2864
2164900,2879
2165203,2795
2165406,2804
2166072,2862
2166361,2775
2166519,2837
2166574,2876
2166997,2947
2167228,2825
2167393,2803
2167881,2860
2168137,2791
2168332,2867
2169021,2837
2169262,2945
2169548,2945
2169561,2912
2170036,2907
2170198,2900
2170355,2840
2171025,2850
2171039,2925
2171301,2779
2171986,2875
2172328,2877
2172609,2838
2172655,3023
2173041,2955
2173297,3010
2173311,2992
2174048,2777
2174222,2808
2174237,3081
2174988,2868
2175291,2929
2175553,2842
2175935,2894
2176147,2868
2176439,2800
2176486,3039
2176919,2977
2177156,2859
2177403,2812
2177946,2806
2178317,2807
2178556,2775
2178963,2783
2179145,2919
2179358,2859
2179612,2812
2179993,2883
2180162,2819
2180337,2806
2180842,2777
2181255,2781
2181452,2770
2181991,2878
2182205,2864
2182411,2829
2182577,2875
2182964,3047
2183131,2811
2183291,2811
2183736,2816
2184159,2792
2184343,2774
2184963,2930
2185176,2934
2185378,2928
2185577,3014
2186121,2806
2186285,2804
2186485,2799
2186683,2956
2187046,2997
2187247,2783
2188026,2930
2188237,2965
2188438,2907
2188679,2956
2189059,2882
2189244,2990
2189423,3075
2189863,2905
2190253,2802
2190393,2795
2191048,2959
2191306,2825
2191478,2941
2191764,3032
2192073,2990
2192325,2852
2192592,2889
2192891,2987
2193139,3081
2193347,2774
2194231,2886
2194238,2964
2194519,2964
2194895,2792
2195166,2781
2195325,2873
2195607,2851
2195974,2922
2196275,2925
2196436,2764
2197306,2834
2197320,2926
2197615,2833
2197826,2938
2198055,2885
2198301,2847
2198541,2816
2199033,2884
2199343,2777
2199400,2893
2200233,2871
2200360,3017
2200626,3009
2200866,2996
2201080,2789
2201268,2809
2201474,3029
2202006,2956
2202244,2822
2202425,2910
2203200,2782
2203473,2915
2203967,2953
2204181,2810
2204270,3003
2204341,2902
2204605,2966
2205168,2857
2205181,3014
2205434,2901
2206110,2788
2206476,2782
2207063,2897
2207112,2970
2207388,2927
2207416,3032
2207672,3171
2208115,3144
2208320,3040
2208499,2873
2208986,3003
2209384,2785
2210050,2975
2210222,2920
2210447,3068
2210819,3175
2211081,3022
2211478,2771
2211567,2922
2211823,2971
2212150,2935
2212309,2849
2213239,2931
2213253,3034
2213650,2850
2214193,2822
2214408,2917
2214565,3069
2214626,3153
2214920,3002
2215397,2794
2215549,2805
2216279,2874
2216448,2810
2216636,2898
2217111,2873
2217463,2911
2217746,2793
2217909,2778
2218068,3054
2218283,2988
2218486,2883
2219255,2780
2219462,2780
2219665,3193
2220110,2768
2220477,2969
2220790,2838
2220840,2959
2221255,2964
2221501,3013
2221513,2953
2222172,2790
2222370,2769
2223007,2791
2223177,2770
2223571,2877
2223887,3034
2224055,2958
2224343,3116
2224623,2791
2224645,3127
2225057,2897
2225263,2851
2225903,2778
2226080,2766
2226538,2782
2227123,2796
2227287,2836
2227566,2828
2227587,3081
2227945,3038
2228084,2825
2228290,2835
2228785,2846
2228977,2775
2229406,2844
2230010,2838
2230239,2865
2230501,2884
2230810,2818
2231069,2783
2231258,2889
2231349,2800
2231817,2841
2231984,2805
2232357,2782
2232942,2877
2233205,2838
2233490,2888
2233747,2818
2233985,2920
2234357,2820
2234500,2963
2234775,5165
2234984,2913
2235280,2762
2235946,2824
2236167,2867
2236470,3805
2236740,2838
2236992,2938
2237297,3177
2238125,2853
2238321,2962
2239150,2879
2239763,2813
2240131,2828
2240296,2784
2240642,3028
2241113,2775
2241418,2855
2241951,2838
2242338,2878
2242559,3967
2243902,2781
2245746,2786
2245896,2790
2246577,2851
2246768,2806
2246933,3327
2247031,2904
2247164,2944
2247282,2951
2247473,2953
2247651,3112
2248673,2860
2248922,2794
2249562,2791
2249670,2992
2250040,3057
2250559,2800
2250802,2876
2250830,3024
2251041,2969
2251181,2920
2251633,3515
2252254,3076
2252491,2920
2252874,2993
2253184,2896
2253463,2892
2253803,3013
2253988,2957
2254215,2800
2254265,2846
2255244,2900
2255500,2821
2255521,2956
2255965,2885
2256210,2870
2256460,2831
2256990,2911
2257313,2860
2257334,3208
2257505,2944
2258250,2879
2258462,2782
2258625,2886
2258956,2847
2259167,2857
2259436,2800
2260006,2951
2260272,2910
2260651,3028
2260755,2784
2261227,2783
2261433,2815
2261643,2873
2261930,2943
2262140,2839
2262369,2875
2263047,2844
2263370,2978
2263673,2986
2263949,2865
2264141,2939
2264371,2918
2264640,2887
2265076,2843
2265090,3103
2265339,2948
2266021,2811
2266437,2882
2266913,2843
2266926,2930
2267187,2984
2267415,2902
2267664,2925
2268016,2880
2268406,2826
2268545,2950
2268968,2821
2269444,2822
2269941,2913
2270150,2797
2270316,2911
2270518,3000
2270756,2882
2271019,2886
2271321,2815
2271626,2904
2271964,2828
2272356,2807
2273046,2831
2273060,3089
2273358,2777
2273604,2991
2273838,2940
2274039,2967
2274261,2849
2274620,2881
2274896,2835
2275291,2832
2275973,2869
2276287,2811
2276330,3065
2276804,2787
2277098,2775
2277194,2919
2277400,2847
2277632,2911
2277854,2997
2278212,2785
2278982,2824
2279229,2779
2279483,2863
2279872,2889
2280081,2974
2280353,2970
2280365,2913
2280672,2964
2280978,3084
2281137,3022
2281895,2928
2282129,2990
2282478,2773
2282890,2797
2283151,2862
2283471,2787
2283764,2902
2283896,2866
2284162,2884
2284365,3007
2284952,2820
2285215,2780
2285426,2869
2285795,2889
2286142,2832
2286383,2828
2286851,2819
2286874,3070
2287212,2864
2287458,2873
2287874,2904
2288126,2782
2288417,2770
2288859,2923
2289103,2821
2289333,2905
2289764,2852
2290160,2880
2290185,2964
2290462,2781
2290871,2984
2291083,2818
2291318,2775
2291910,2897
2292056,2842
2292331,2789
2292751,2827
2293149,2809
2293384,2796
2293552,2836
2293998,2817
2294151,2782
2294367,2824
2294988,2850
2295202,2837
2295235,2882
2295671,3010
2296085,2804
2296308,2802
2296512,2808
2296910,2831
2297079,2822
2297312,2822
2297924,2904
2298216,2828
2298230,3079
2298799,2874
2299013,2955
2299239,2832
2299441,2794
2299862,2788
2300025,2920
2300247,2958
2300918,2924
2301140,2806
2301438,2924
2301794,2779
2302057,2871
2302223,2842
2302382,2839
2302781,2893
2303036,2779
2303328,2809
2303933,2811
2304142,2874
2304501,2784
2304750,3217
2305020,2922
2305315,2927
2305328,2976
2305793,2799
2305919,2979
2306222,2820
2306875,2857
2307138,2855
2307408,2802
2308075,2893
2308135,2934
2308425,2913
2308466,3022
2308782,2938
2309026,2839
2309185,2980
2309822,2951
2310096,2823
2310344,2851
2311055,2786
2311171,3058
2311440,2919
2311628,3162
2312004,2920
2312050,2982
2312271,2852
2313018,2840
2313031,2916
2313292,2943
2313936,2853
2314451,2814
2314465,3101
2315016,2838
2315185,2886
2315298,2923
2315389,2979
2316057,2835
2316070,2923
2316369,2790
2316883,2786
2317406,2828
2317670,2934
2317991,2978
2318206,2974
2318317,3019
2318581,2901
2318980,2912
2319101,2948
2319363,2840
2319947,2808
2320327,2797
2320825,2852
2321102,2979
2321320,3036
2321441,2871
2321686,3101
2322015,2931
2322179,2860
2322339,2961
2322843,2834
2323248,2847
2323801,2778
2324187,2836
2324452,2767
2324614,2946
2324880,3042
2325134,2908
2325147,2998
2325398,2934
2325816,2792
2326187,2804
2326729,2774
2327115,2824
2327350,2867
2327662,2938
2328129,2863
2328231,2874
2328440,2931
2328605,3013
2328765,3313
2329112,2827
2329590,2807
2330068,2861
2330340,2766
2330688,2832
2331092,2834
2331255,2858
2331491,2953
2331822,2849
2332049,2853
2332220,2904
2332530,2805
2333027,2862
2333250,2772
2333648,2842
2334023,2854
2334232,2872
2334536,2910
2334806,2820
2335019,2834
2335254,2828
2335457,2838
2336116,2824
2336128,2893
2336590,2885
2337014,2849
2337230,2874
2337567,2791
2337773,2811
2337984,2934
2338218,2819
2338418,2969
2339163,2817
2339191,3087
2339577,2960
2339994,2840
2340228,2847
2340479,2840
2340740,2794
2341007,2926
2341225,2848
2341477,2819
2342116,2776
2342367,2792
2342670,2884
2342960,2945
2343198,2828
2343442,2861
2343652,2956
2344057,2912
2344279,2838
2344439,2818
2344984,2867
2345289,2772
2345639,2862
2346028,2842
2346157,3005
2346398,2888
2346744,2875
2347062,2887
2347241,2842
2347414,2826
2347974,2802
2348186,2764
2348623,2870
2348996,2814
2349258,2870
2349470,2879
2349780,3095
2350037,3106
2350336,2847
2350350,2989
2350877,2890
2351094,2967
2351595,2876
2351917,2876
2352258,2812
2352475,2807
2352964,2871
2353278,2774
2353440,2827
2353472,3018
2353893,2930
2354145,2818
2354567,2874
2354922,2902
2355191,2822
2355404,2837
2355959,2819
2356182,2806
2356396,2824
2356611,2833
2356946,2947
2357111,2876
2357538,2837
2357927,2856
2358140,2941
2358376,2807
2358865,2866
2359108,2837
2359351,2810
2359566,2877
2360098,2777
2360261,2820
2360499,2808
2360911,2775
2361168,2824
2361373,2934
2361862,2811
2362067,2803
2362281,2935
2362564,2868
2362964,2879
2363215,2821
2363413,2834
2363815,2845
2364144,2778
2364394,2783
2364965,2905
2364979,2998
2365323,2827
2365564,2880
2365967,2913
2366162,2817
2366363,2882
2366810,2836
2367043,2846
2367299,2798
2368071,2794
2368278,2794
2368338,2883
2368550,2981
2369060,2875
2369081,2964
2369345,2788
2369757,2890
2370019,2869
2370222,2965
2370985,2889
2371190,2961
2371345,2912
2371640,2818
2372130,2846
2372333,2782
2372386,2980
2372785,2822
2373023,2799
2373276,2786
2373976,2794
2374241,2905
2374372,3046
2374654,2870
2375179,2921
2375216,2973
2375485,2969
2375752,2912
2375941,2925
2376185,2967
2376925,2873
2377243,2780
2377660,2946
2377669,2834
2378287,2862
2378300,3000
2378555,3062
2378810,3148
2378997,3119
2379242,3024
2379929,2840
2380143,2767
2380689,2959
2381080,2886
2381379,2894
2381602,2977
2381812,3088
2382096,3011
2382279,2876
2382480,2976
2382894,2887
2383039,3030
2383750,2868
2384058,2899
2384364,2891
2384673,3126
2384992,2931
2385287,2933
2385551,2889
2385565,3204
2385903,2858
2386154,3000
2386784,2845
2387043,2951
2387388,2899
2387889,2885
2388052,2838
2388312,3064
2388570,2896
2388910,3121
2389048,2881
2389287,2851
2389800,2817
2390120,2779
2390374,2786
2390984,2845
2390998,2931
2391557,2860
2391578,3099
2392025,2904
2392238,2838
2392271,3037
2392879,2866
2393050,2817
2393265,2916
2394031,2836
2394201,2875
2394509,2782
2394898,3022
2395077,2934
2395292,2779
2395456,2763
2395833,3031
2396037,2873
2396274,2932
2396994,2802
2397207,2794
2397414,2803
2398299,2782
2398347,2840
2398528,3007
2398690,3161
2399019,2912
2399039,3335
2399340,2883
2399883,2886
2400118,2878
2400350,2957
2401174,2779
2401293,2864
2401625,2811
2401948,2912
2402208,2801
2402498,2768
2402553,2976
2402895,3004
2403115,2853
2403395,2997
2404051,2815
2404287,2861
2404558,2798
2404985,2787
2405106,2955
2405363,2845
2405633,2998
2406052,2884
2406214,2991
2406481,2845
2406998,2859
2407265,2809
2407477,2810
2407897,2807
2408156,2813
2408365,2902
2408756,2934
2409041,2783
2409295,2815
2409459,2907
2409948,2888
2410178,2828
2410420,2818
2410793,2852
2411099,2773
2411356,2818
2411922,2896
2411934,2990
2412213,2870
2412500,2826
2412966,2796
2413138,2819
2413370,2816
2413780,2812
2414002,2837
2414262,2773
2414920,2884
2415089,2905
2415253,2914
2415462,2984
2415855,2829
2416091,2885
2416303,2818
2416680,3108
2416975,3076
2417172,2803
2417904,2909
2418113,3014
2418298,3139
2418531,3008
2418810,2971
2419079,2798
2419253,2849
2419881,2894
2420141,2934
2420154,2901
2420905,2896
2421270,2878
2421522,2909
2421687,3222
2421893,2915
2422105,2966
2422312,2816
2422907,2975
2423189,2994
2423356,2788
2423928,2873
2424269,2774
2424527,2787
2425013,2898
2425428,2878
2425446,2992
2425578,3100
2426020,3007
2426276,2865
2426438,2872
2426913,2869
2427166,2860
2427421,2813
2428016,2788
2428505,2780
2428852,2933
2428865,3006
2429125,3045
2429407,2866
2429413,3090
2429880,2881
2430164,2783
2430359,2801
2430889,2785
2431414,2777
2431954,2810
2432115,2968
2432336,2907
2432626,3333
2432937,2883
2433100,3250
2433287,2948
2433310,2940
2433817,2798
2434287,2843
2434861,2902
2435214,2776
2435339,2948
2436064,2880
2436072,2983
2436457,2919
2436632,3143
2436782,2847
2436902,3166
2437223,2832
2437865,2945
2438125,2794
2438383,2825
2439042,2773
2439206,2849
2439462,2807
2439868,2881
2439883,2973
2440298,2804
2440454,2820
2440930,2830
2441129,2920
2441342,2830
2441905,2987
2442192,2799
2442396,2878
2442871,2880
2443089,2932
2443203,2981
2443449,3023
2443872,2811
2444136,2872
2444336,2783
2445082,2825
2445095,2918
2445375,2805
2445882,2957
2446143,2876
2446325,2884
2446598,2819
2446823,2980
2447143,2783
2447305,2807
2448000,2846
2448114,2841
2448360,2911
2448930,2812
2449142,2777
2449337,2799
2449541,2813
2449891,2902
2450104,2881
2450313,2851
2450947,2867
2451110,2818
2451361,2836
2451838,2789
2452051,2801
2452259,2829
2452460,2847
2452914,2892
2453127,2829
2453343,2819
2453913,2945
2454118,2788
2454326,2959
2454733,2910
2454958,2946
2455225,2956
2455431,2859
2455941,2880
2456101,2822
2456299,2899
2456963,2839
2457123,2790
2457372,2800
2458007,2914
2458020,3035
2458281,3027
2458483,2813
2459027,2884
2459041,2979
2459334,2791
2459891,2779
2460104,2776
2460304,2796
2461043,2972
2461204,2975
2461492,2902
2461569,2919
2462014,2896
2462193,2870
2462357,2803
2462783,2846
2463007,2815
2463229,2872
2464102,2797
2464317,2888
2464581,2834
2464594,3164
2465007,2881
2465258,3162
2465271,2859
2465917,2969
2465939,2936
2466195,2885
2467031,2885
2467335,2958
2467543,3028
2467851,2828
2468017,2838
2468257,2841
2468508,2881
2469029,2784
2469197,2810
2469229,2899
2470011,2791
2470396,2815
2470675,2896
2470854,2904
2471019,2966
2471224,3059
2471480,2826
2471910,2959
2472115,2899
2472280,2833
2472941,2951
2473298,2864
2473667,2850
2473885,2920
2474116,2931
2474502,2845
2474629,2903
2475000,2829
2475232,2807
2475253,2920
2475992,2800
2476295,2887
2476640,3099
2476996,2842
2477181,2853
2477432,2976
2477639,2995
2477963,2945
2478160,2792
2478323,2763
2478911,2804
2479267,2815
2480037,2780
2480105,2964
2480246,2970
2480536,2847
2481008,2813
2481210,2780
2481298,2781
2481376,2996
2481809,2833
2482211,2783
2482940,2935
2483188,2949
2483312,3089
2483590,2956
2483910,3022
2484205,3005
2484474,2982
2484529,2913
2484909,3005
2485118,3002
2485962,2972
2486235,2846
2486531,2815
2486702,2895
2487044,2781
2487290,2921
2487677,3087
2487749,2861
2488006,2842
2488214,2859
2489067,2784
2489233,2823
2489465,2860
2489748,2824
2489935,2960
2490337,2781
2490709,2927
2491030,2935
2491189,2766
2491349,2958
2491980,2803
2492173,2863
2492442,2854
2492727,2793
2492986,2892
2493217,2925
2493796,2868
2494135,2864
2494157,2989
2494401,2890
2494878,2899
2495140,2866
2495433,2810
2495641,2933
2495969,2900
2496265,2904
2496773,2872
2497103,2866
2497279,2992
2497439,2838
2497907,2847
2498126,2832
2498363,2868
2498659,2845
2499000,2800
2499255,2780
2499889,2899
2500106,2889
2500413,2816
2500466,2988
2500899,2783
2501089,2860
2501356,2888
2501627,2930
2501922,2846
2502155,3010
2502878,2863
2503122,2833
2503356,2812
2503583,2825
2504045,2918
2504058,2994
2504336,3027
2504661,2974
2505002,2902
2505249,2838
2505883,2777
2506080,2813
2506290,2860
2506528,2831
2507155,2789
2507323,2919
2507506,2988
2507767,2871
2508014,2940
2508218,3074
2508872,3032
2509080,2976
2509285,3238
2509479,3142
2510078,3061
2510326,3209
2510623,3478
2510813,3720
2511045,3905
2511388,4092
2512042,3910
2512221,4127
2512725,4027
2512738,4291
2513248,4237
2513664,4103
2514187,4026
2514661,3844
2515072,3825
2515601,3668
2516076,3670
2516464,3712
2516875,3740
2517120,3907
2517583,3949
2517897,4085
2518334,4123
2518623,4115
2519017,4210
2519395,4086
2519866,4032
2520300,3989
2520748,3862
2521149,3870
2521658,3758
2522106,3744
2522543,3735
2522842,3891
2523324,3800
2523570,4062
2523992,4077
2524416,4070
2524750,4115
2525112,4130
2525512,4018
2525981,3953
2526401,3940
2526855,3890
2527244,3808
2527776,3734
2528189,3732
2528614,3727
2528955,3822
2529340,3826
2529629,3950
2530035,3998
2530444,4044
2530853,3988
2531159,4024
2531641,3948
2532041,3947
2532463,3927
2533027,3767
2533291,3902
2533856,3746
2534159,3848
2534609,3798
2534948,3861
2535269,3939
2535688,3918
2536096,3916
2536521,3894
2536918,3904
2537311,3920
2537732,3898
2538129,3902
2538521,3909
2538913,3921
2539314,3921
2539727,3907
2540103,3933
2540537,3900
2540945,3904
2541326,3922
2541854,3793
2542133,3916
2542545,3900
2542931,3916
2543333,3912
2543751,3897
2544140,3920
2544543,3917
2544949,3910
2545338,3921
2545759,3898
2546143,3920
2546552,3912
2546949,3917
2547334,3942
2547745,3926
2548157,3922
2548562,3920
2548953,3928
2549364,3917
2549970,3708
2550170,3911
2550601,3882
2550988,3900
2551396,3895
2551801,3942
2552188,3912
2552591,3905
2552975,3921
2553384,3908
2553815,3890
2554212,3966
2554595,3908
2554990,3919
2555398,3918
2555852,3876
2556203,3911
2556602,3911
2556980,3933
2557395,3917
2558037,3714
2558273,3855
2558610,3921
2559005,3917
2559443,3878
2559816,3927
2560221,3905
2560620,3905
2561021,3901
2561413,3913
2561886,3874
2562236,3907
2562640,3908
2563016,3932
2563437,3912
2563882,3868
2564240,3908
2564649,3899
2565021,3930
2565432,3920
2565919,3840
2566275,3892
2566672,3891
2567070,3894
2567471,3891
2567875,3889
2568264,3901
2568669,3895
2569068,3913
2569473,3901
2569871,4014
2570270,3914
2570664,3922
2571074,3912
2571461,3920
2571864,3920
2572257,3922
2572653,3939
2573080,3909
2573469,3918
2573981,3810
2574287,3903
2574686,3901
2575084,3903
2575475,3910
2575874,3909
2576283,3911
2576691,3912
2577093,3914
2577491,3918
2577892,4113
2578292,3878
2578710,3920
2579084,3898
2579483,3902
2579894,3979
2580290,4005
2580700,4025
2581104,3960
2581505,3867
2582104,3674
2582315,3866
2582876,3695
2583112,3861
2583489,3873
2583973,3799
2584395,3791
2584818,3776
2585165,3824
2585464,3927
2585881,4087
2586290,3933
2586665,3974
2587070,3985
2587458,4008
2587871,4018
2588285,3990
2588691,3999
2589086,3902
2589487,3897
2590062,3703
2590317,3810
2590816,3705
2591153,3764
2591562,3760
2591980,3758
2592366,3779
2592855,3719
2593089,3897
2593482,3910
2593865,4029
2594221,4081
2594616,4210
2595012,4117
2595410,3970
2595834,4006
2596241,4026
2596674,3983
2597080,3966
2597486,3860
2597996,3775
2598404,3711
2598966,3556
2599218,3633
2599468,3826
2599979,3705
2600390,3714
2600809,3735
2601134,3822
2601483,3873
2601891,4048
2602240,3938
2602640,4009
2602973,4071
2603416,3975
2603807,4034
2604249,3993
2604668,3979
2605083,3840
2605481,3853
2606059,3683
2606279,3859
2606921,3631
2607142,3810
2607496,3850
2607934,3822
2608378,3780
2608784,3775
2609012,3952
2609433,3928
2609845,4118
2610239,3889
2610685,3939
2611081,3958
2611467,3979
2611880,3965
2612273,3970
2612684,3962
2613078,3950
2613477,3835
2614083,3677
2614256,3859
2614857,3661
2615147,3764
2615578,3739
2615970,3754
2616365,3761
2616818,3714
2617126,3810
2617445,3897
2617906,3839
2618241,3902
2618642,3902
2618997,3952
2619424,3923
2619828,3918
2620251,3901
2620651,3905
2621056,3906
2621460,3902
2621863,3914
2622260,3908
2622662,3901
2623077,3888
2623466,3903
2623866,3904
2624260,3909
2624662,3919
2625067,3918
2625467,3914
2625882,3902
2626265,3918
2626676,3904
2627063,3923
2627481,3913
2627868,3929
2628266,3930
2628674,3917
2629076,3918
2629484,3909
2629881,4087
2630283,3871
2630689,3920
2631089,3980
2631490,4000
2631894,3975
2632290,3984
2632688,3989
2633097,3955
2633494,3846
2634072,3678
2634264,3872
2634799,3741
2635180,3773
2635593,3766
2635959,3791
2636379,3783
2636835,3748
2637146,3835
2637432,3950
2637881,3914
2638263,3924
2638663,3933
2639055,3940
2639461,3932
2639854,3939
2640268,3924
2640666,3929
2641066,3933
2641486,3915
2641941,4060
2642281,3878
2642848,3820
2643092,3976
2643489,3977
2643899,3980
2644298,3986
2644721,3960
2645099,3958
2645513,3833
2646088,3664
2646298,3851
2646892,3665
2647196,3750
2647590,3760
2647999,3755
2648403,3757
2648801,3769
2649194,3777
2649434,3935
2649883,3894
2650272,3912
2650674,3914
2651067,3923
2651469,3919
2651873,3918
2652284,3905
2652689,3902
2653093,3901
2653489,3910
2653892,3911
2654283,3924
2654685,3916
2655084,3920
2655489,3920
2655917,3890
2656293,3915
2656686,3925
2657101,3928
2657497,3930
2657902,3935
2658305,3923
2658722,3908
2659103,3931
2659503,3923
2659896,3945
2660308,3933
2660745,3906
2661120,3924
2661526,3919
2661935,3910
2662330,3920
2662742,3908
2663138,3909
2663519,3929
2664093,3762
2664369,3887
2664874,3789
2665137,3927
2665540,3928
2665992,3877
2666377,3891
2666781,3883
2667173,3895
2667569,3897
2667974,3906
2668372,3906
2668802,3877
2669181,3902
2669594,3884
2669996,3882
2670386,3887
2670807,3865
2671187,3898
2671594,3893
2672002,3894
2672397,3891
2672938,3751
2673200,3893
2673597,3896
2673996,3896
2674396,3895
2674804,3897
2675202,3895
2675606,3899
2676016,3890
2676403,3906
2676838,3909
2677217,3900
2677619,3895
2678018,3907
2678416,3908
2678833,3906
2679210,3929
2679608,3927
2680007,3932
2680424,3918
2680906,3839
2681220,3924
2681606,3933
2682016,3925
2682429,3920
2682832,3917
2683239,3911
2683637,3916
2684041,3915
2684437,3912
2684853,4131
2685240,3871
2685646,3969
2686042,3994
2686444,3892
2686850,3890
2687249,3907
2687664,3892
2688062,3890
2688457,3887
2689090,3657
2689257,3873
2689978,3585
2690157,3814
2690465,3907
2690830,3947
2691257,3918
2691686,3904
2692076,3906
2692465,3915
2692868,3912
2693259,3925
2693683,3903
2694091,3901
2694493,3900
2694898,3897
2695302,3895
2695718,3876
2696102,3888
2696505,3890
2696885,3922
2697280,3924
2697677,3926
2698101,3909
2698492,3916
2698922,3887
2699301,3907
2699688,3916
2700098,3918
2700491,3925
2700916,3898
2701306,3915
2701736,3884
2702106,3989
2702513,3901
2702911,3908
2703308,3910
2703712,3912
2704108,3916
2704520,3912
2704922,3913
2705324,3909
2705950,3685
2706193,3841
2706513,3924
2706950,3888
2707323,3927
2707762,3882
2708119,3932
2708528,3922
2708933,3920
2709334,3916
2709746,3902
2710172,3875
2710556,3896
2710960,3899
2711369,3890
2711773,3894
2712167,3901
2712567,3902
2712965,3905
2713366,3908
2713778,3892
2714166,3907
2714578,3897
2714980,3900
2715376,3909
2715837,3845
2716171,3912
2716562,3922
2716971,3913
2717427,3858
2717825,3863
2718190,3902
2718591,3904
2719000,3904
2719401,3905
2719809,4030
2720204,3902
2720604,3903
2721003,3903
2721403,3903
2721812,3932
2722210,3909
2722614,3915
2723028,3906
2723430,3906
2723957,3784
2724197,3943
2724608,3928
2725008,3927
2725405,3935
2725880,3864
2726240,3913
2726653,3900
2727057,3901
2727460,3899
2727868,3982
2728263,3896
2728654,3903
2729056,3906
2729461,3903
2729866,3910
2730273,3902
2730670,3907
2731084,3899
2731464,3917
2731955,3826
2732258,3924
2732666,3917
2733067,3918
2733462,3931
2733908,3889
2734295,3900
2734716,3880
2735107,3893
2735499,3902
2735900,3950
2736300,3904
2736728,3880
2737105,3912
2737512,3906
2737907,3912
2738297,3918
2738717,3896
2739101,3922
2739495,3925
2739941,3881
2740309,3929
2740729,3907
2741118,3920
2741511,3925
2741927,3912
2742324,3914
2742717,3919
2743121,3911
2743520,3928
2743954,3899
2744338,3908
2744815,3834
2745131,3917
2745537,3911
2745939,3912
2746332,3913
2746759,3885
2747141,3916
2747545,3913
2747949,3913
2748343,3917
2748745,3917
2749162,3904
2749544,3914
2749942,3917
2750342,3915
2750755,3906
2751165,3907
2751553,3925
2751972,3905
2752359,3917
2752908,3771
2753159,3916
2753556,3914
2753957,3915
2754349,3930
2754792,3893
2755180,3903
2755574,3909
2755972,3919
2756368,3922
2756778,3998
2757172,3913
2757562,3919
2757968,3927
2758378,3920
2758796,3908
2759191,3903
2759579,3925
2759998,3905
2760387,3917
2760906,3951
2761175,3934
2761581,3923
2761993,3919
2762389,3925
2762814,3929
2763203,3919
2763637,3894
2763991,3944
2764408,3927
2764982,3754
2765233,3902
2765591,3943
2766003,3939
2766444,3899
2766865,3878
2767239,3905
2767651,3893
2768058,3892
2768457,3891
2768869,3957
2769259,3894
2769654,3908
2770069,3898
2770465,3902
2770867,3901
2771268,3897
2771670,3898
2772073,3898
2772472,3902
2772964,3814
2773277,3909
2773682,3904
2774071,3917
2774463,3925
2774859,3930
2775273,3917
2775666,3919
2776071,3930
2776473,3930
2776875,3946
2777294,3906
2777700,3896
2778091,3906
2778486,3918
2778892,3908
2779287,3911
2779715,3899
2780105,3912
2780498,3910
2780935,3875
2781301,3911
2781731,3879
2782105,3908
2782503,3902
2782900,3908
2783301,3921
2783731,3886
2784106,3913
2784504,3914
2784909,3916
2785307,3912
2785723,3896
2786111,3903
2786502,3913
2786911,3922
2787314,3912
2787757,3870
2788121,3910
2788511,3915
2788936,3896
2789349,3880
2789762,3864
2790103,3934
2790518,3919
2790963,3881
2791352,3886
2791734,3905
2792127,3912
2792552,3886
2792956,3885
2793350,3887
2793755,3886
2794158,3887
2794560,3889
2794966,3894
2795357,3908
2795986,3676
2796164,3900
2796560,3909
2796964,3899
2797353,3908
2797773,3890
2798169,3907
2798572,3903
2798967,3907
2799362,3911
2799775,3897
2800170,3907
2800575,3897
2800954,3918
2801366,3917
2801790,3893
2802177,3908
2802587,3895
2802972,3910
2803370,3915
2803930,3753
2804170,3906
2804561,3914
2804970,3916
2805379,3909
2805807,3906
2806180,3908
2806588,3902
2806980,3908
2807379,3905
2807797,3884
2808175,3907
2808573,3923
2808979,3917
2809396,3905
2809811,3913
2810183,3918
2810595,3906
2810990,3911
2811373,3928
2811927,3796
2812177,3928
2812587,3922
2812999,3911
2813397,3912
2813815,3919
2814201,3905
2814603,3902
2814998,3905
2815393,3906
2815813,4120
2816204,4026
2816605,3919
2817002,3953
2817415,3966
2817833,3960
2818199,3992
2818609,3984
2819001,3906
2819398,3950
2820060,3527
2820331,3706
2820613,3744
2821066,3746
2821473,3717
2821892,3705
2822285,3742
2822683,3748
2823001,3871
2823437,3934
2823691,4142
2824131,4123
2824459,4174
2824905,4107
2825294,4103
2825689,3987
2826118,3967
2826534,3942
2826964,3823
2827469,3770
2827932,3725
2828346,3718
2828772,3716
2829104,3801
2829492,3826
2829885,3880
2830178,4034
2830576,4040
2830882,4083
2831345,3970
2831777,3944
2832164,3945
2832587,3925
2832996,3917
2833419,3891
2833862,4051
2834312,3845
2834730,3855
2835060,5848
2835416,4674
2835815,3972
2836205,5286
2836608,4677
2837050,3592
2837404,3686
2838016,3591
2838737,3175
2839026,3378
2839886,2878
2840189,2825
2840876,2888
2841177,2891
2841439,2855
2841601,3520
2841993,2979
2842177,2849
2842214,3104
2842493,2932
2842902,2885
2843140,2774
2843900,2776
2844199,2824
2844417,2776
2845132,2792
2845218,2919
2845511,2838
2845673,3087
2846002,3134
2846107,2804
2846152,3082
2846804,2948
2847108,2926
2847315,2832
2848058,2792
2848255,2818
2848473,2818
2848962,2885
2849057,2928
2849323,2819
2849370,3152
2849866,2921
2850241,2948
2850253,2971
2850955,2882
2851204,2831
2851414,2803
2852105,2844
2852284,2816
2852298,2948
2852618,3162
2853060,2832
2853334,2860
2853500,2864
2853928,2944
2854167,2844
2854355,2798
2855054,2860
2855231,2781
2855393,2770
2855988,2872
2856008,3160
2856295,2829
2856495,2937
2856999,2842
2857164,2770
2857295,2904
2858006,2878
2858241,2940
2858263,2866
2858994,2842
2859250,2825
2859292,2915
2859523,2854
2860030,2815
2860043,2895
2860334,2783
2861014,2835
2861292,2829
2861455,2809
2861969,2905
2862200,2892
2862362,2873
2862511,2875
2863008,2842
2863172,2787
2863330,2761
2863956,2827
2864212,2784
2864412,2793
2864984,2906
2865230,2921
2865493,2963
2865499,2919
2865948,2943
2866173,3017
2866342,2804
2866914,2853
2867118,2809
2867328,2810
2867976,2837
2868299,2847
2868575,2817
2868595,3067
2869027,2954
2869330,2917
2869438,2772
2869910,2965
2870117,2775
2870280,2914
2870935,2871
2871234,2923
2871493,2844
2871814,2779
2872077,2881
2872378,2779
2872436,2855
2873022,2783
2873297,2881
2873311,2977
2873936,2871
2874278,2771
2874460,2857
2874741,2872
2875085,2881
2875277,2859
2875433,2857
2875900,2935
2876276,2779
2876438,2827
2876893,2897
2877169,2857
2877450,2910
2877889,2894
2878095,2947
2878256,3061
2878425,2918
2878956,2938
2879185,2851
2879387,2760
2879910,2982
2880149,2867
2880448,2830
2880877,2970
2881149,2917
2881547,2817
2881674,2874
2881989,2889
2882250,2838
2882264,2963
2882995,2794
2883232,2774
2883411,2821
2883969,2839
2884199,2847
2884462,2857
2884680,2913
2885005,2885
2885213,2962
2885372,2831
2885948,2817
2886158,2812
2886366,2836
2886915,2968
2887145,2836
2887447,2868
2887724,3122
2888016,2906
2888323,2939
2888490,2875
2888856,2923
2889107,2969
2889325,2800
2889971,2796
2890180,2858
2890447,2805
2891050,2930
2891064,3005
2891451,2933
2891657,2826
2891902,3156
2892243,2779
2892408,2919
2892890,2872
2893166,2805
2893375,2810
2894124,2821
2894312,2848
2894490,2839
2894862,2883
2895160,2819
2895184,3053
2895424,2906
2895866,3022
2896096,2841
2896305,3085
2897067,2916
2897278,2807
2897453,2906
2897832,2961
2898071,2916
2898450,2771
2898517,2922
2899068,2776
2899232,2774
2899474,2778
2900179,2836
2900193,2911
2900495,2775
2900922,2852
2901105,2829
2901349,2816
2901560,2815
2901930,2843
2902141,2826
2902381,2795
2903206,2782
2903404,2892
2903429,2870
2903880,2784
2904073,2985
2904284,2928
2904495,2811
2904898,2902
2905103,2808
2905317,2818
2906123,2893
2906509,2874
2906658,3374
2906843,2885
2907155,3109
2907403,3123
2907434,3201
2907910,3319
2908082,3296
2908260,3224
2909107,3010
2909480,3110
2909858,3446
2910120,3718
2910396,3962
2910646,4218
2910896,4215
2911323,4171
2911564,4302
2911655,4129
2912208,3674
2912682,3309
2913403,2787
2913932,2878
2914452,2779
2914976,2871
2915207,2792
2915596,3061
2916154,2783
2916290,2804
2916477,2876
2916534,3106
2916653,3117
2916946,2915
2917320,2816
2917983,2783
2918133,2899
2918797,2965
2919041,2816
2919225,2982
2919478,3059
2919852,2853
2920053,2797
2920218,3100
2920378,2840
2920862,2918
2921161,2916
2921954,2912
2921978,2979
2922303,2933
2922634,2975
2922981,2911
2923039,3119
2923408,3020
2923421,2984
2923911,2826
2924166,2782
2925042,2888
2925063,2979
2925336,2960
2925730,2992
2925991,2938
2926260,2880
2926557,2897
2926882,2776
2927046,2828
2927087,2939
2928125,2782
2928423,2769
2928587,2843
2928861,3089
2929049,2824
2929242,3045
2929537,2974
2929793,2974
2930007,2903
2930171,2835
2931032,2872
2931315,2824
2931533,2839
2932111,2823
2932128,2895
2932383,3095
2932679,2946
2932916,2863
2933143,2900
2933187,2982
2934036,2805
2934259,2819
2934493,2816
2935116,2822
2935125,2896
2935628,3173
2935882,3018
2936003,3179
2936288,2882
2936431,2874
2936928,2954
2937184,2832
2937441,2854
2938116,2828
2938126,2930
2938997,2970
2939015,3058
2939387,2852
2939403,3026
2939568,3045
2940117,2900
2940133,2993
2940390,3083
2941042,2842
2941203,2763
2942055,3007
2942186,3143
2942414,2961
2942736,2805
2942959,2956
2943213,3000
2943394,2833
2943600,3036
2944064,2815
2944081,2935
2945156,2875
2945433,2837
2945595,2964
2945826,2987
2946045,2904
2946358,2821
2946523,2962
2946799,2928
2947000,3021
2947150,2875
2948149,2932
2948396,2804
2948653,3032
2949077,2991
2949301,2880
2949321,3005
2949586,2966
2949858,2921
2950233,2812
2950372,2858
2951190,2785
2951398,2780
2951882,2781
2952160,2847
2952334,2936
2952620,3056
2952865,2907
2953011,2984
2953326,2914
2953339,2983
2954105,2796
2954296,2784
2954794,2866
2955095,2807
2955403,2796
2955910,2780
2956073,3020
2956152,3068
2956438,2928
2956491,2889
2957017,2868
2957202,2810
2957764,3084
2958032,2925
2958314,2775
2958817,2777
2959200,2890
2959473,2774
2959552,2858
2959773,2908
2960025,2945
2960167,2892
2961052,2779
2961221,2819
2961234,2881
2961728,2850
2962180,2865
2962396,2768
2962558,3012
2962802,2946
2963122,2935
2963211,2860
2963944,2887
2964208,2895
2964223,2892
2964675,2848
2965259,2824
2965272,2950
2965668,2906
2965892,3038
2966219,2820
2966384,2771
2966920,2910
2967251,2771
2967414,2832
2967648,2983
2968222,2797
2968428,2883
2968749,2782
2969018,2844
2969249,2825
2969276,2931
2969958,2898
2970147,2812
2970369,2960
2970746,2850
2971147,2879
2971434,2814
2971654,2959
2971987,2881
2972193,2841
2972351,2833
2972953,3054
2973169,2764
2973427,2805
2973743,2786
2974114,2853
2974345,2924
2974727,2949
2974966,2978
2975166,3069
2975325,2929
2976070,2868
2976233,2803
2976371,2939
2976628,2833
2977106,2778
2977356,2903
2977813,2949
2978074,2904
2978381,2811
2978547,2853
2979026,2788
2979248,2910
2979443,2865
2979614,2791
2980086,2941
2980390,2973
2980871,2921
2981114,2809
2981319,2880
2981523,2887
2981939,2871
2982248,2944
2982503,2851
2982670,3250
2983177,3015
2983492,2924
2984022,2862
2984035,2905
2984300,2975
2984514,2922
2984911,2834
2985325,2778
2985491,2787
2986028,2872
2986294,2831
2986519,2829
2986980,2839
2987269,2784
2987423,2847
2987626,3117
2987974,2955
2988231,2865
2988403,2993
2988990,2859
2989232,2839
2989449,2842
2989957,2818
2990181,2809
2990393,2769
2990835,2923
2991045,2926
2991238,2824
2991482,2872
2991978,2820
2992200,2811
2992414,2807
2993119,2785
2993302,2898
2993354,2821
2993892,2900
2994173,2856
2994204,2951
2994466,2793
2994913,3042
2995144,2791
2995343,2905
2996034,2851
2996351,2849
2996365,3100
2996987,2929
2997126,3112
2997364,2765
2997524,2928
2998078,2789
2998343,2888
2998357,2967
2998983,2869
2999294,2778
2999596,2818
3000009,2833
3000232,2873
3000397,3002
3000589,3072
3000960,2820
3001424,2848
3001438,3089
3001951,2992
3002203,2863
3002501,2843
3002977,2941
3003238,2773
3003486,2802
3003900,2786
3004063,2868
3004358,2804
3004649,2925
3005166,2860
3005179,2945
3005469,2927
3006109,2897
3006122,2974
3006421,2925
3006776,3069
3007038,2843
3007292,2789
3007661,2847
3008222,2821
3008234,2893
3008493,2898
3009182,2809
3009202,2890
3009436,2918
3009978,2890
3010138,2840
3010297,2894
3010633,2844
3011210,2848
3011242,2919
3011528,2804
3012186,2782
3012472,2769
3012549,2901
3012963,2891
3013167,2800
3013329,2932
3013600,2831
3014151,2904
3014269,3111
3014516,2770
3015091,2859
3015366,2791
3015570,2813
3015980,2811
3016200,2872
3016397,2967
3016570,2826
3017145,2862
3017413,2889
3017577,2827
3018038,2937
3018272,2832
3018512,2864
3018914,2975
3019199,2906
3019517,2802
3019568,2902
3020133,2773
3020388,2783
3020599,2869
3021200,2818
3021213,3124
3021470,2782
3022030,2780
3022231,2906
3022443,2865
3022602,2807
3022995,2886
3023301,2793
3023563,2838
3024180,2780
3024486,2835
3024633,2911
3024918,2882
3025240,2893
3025503,2896
3025516,2902
3026077,2801
3026226,2836
3026525,2772
3027047,2883
3027450,2873
3027666,2840
3027923,2880
3028220,2935
3028546,2817
3028593,2996
3028981,2839
3029196,2833
3029420,2830
3030051,2778
3030415,2812
3030621,3027
3030974,2953
3031277,2816
3031491,2831
3031737,2797
3031938,2944
3032156,2821
3032371,2872
3032920,2809
3033360,2775
3033779,2783
3034029,2780
3034240,2800
3034453,2802
3034658,2831
3035078,2814
3035091,2906
3035342,2806
3035861,2772
3036224,2821
3036700,2828
3036932,2831
3037160,2841
3037381,2845
3037612,2849
3038007,2864
3038213,2764
3038309,2908
3038867,2915
3039177,2775
3039615,2888
3039872,2998
3040131,2827
3040352,2832
3040584,2816
3040966,2894
3041182,2836
3041368,2941
3041883,2805
3042155,2836
3042628,2819
3043048,2860
3043337,2784
3043504,2828
3043723,2949
3044116,2912
3044130,2892
3044407,2948
3044825,2855
3045080,2778
3045545,2778
3046041,2791
3046250,2817
3046456,2882
3046837,2924
3047182,2826
3047233,2909
3047450,3010
3047789,3017
3047990,2857
3048412,2869
3048929,2856
3049198,2895
3049460,2798
3049948,2863
3050127,2893
3050288,2917
3050593,2887
3050965,2903
3051016,2988
3051431,2838
3051871,2910
3052194,2787
3052390,2803
3052903,2960
3053148,2831
3053335,2920
3053601,2876
3053989,2854
3054152,2866
3054392,2790
3054901,2789
3055100,2840
3055317,2799
3055973,2884
3056149,2824
3056387,2841
3056598,2899
3056951,2930
3057148,2838
3057308,2770
3057833,2780
3058057,2780
3058247,2811
3058950,2815
3059145,2922
3059360,2852
3059591,2937
3059977,2876
3060199,2814
3060240,2896
3060777,2804
3060959,2827
3061181,2822
3061893,2778
3062158,2799
3062358,2787
3062634,2897
3062949,2900
3063230,2813
3063242,2913
3063725,2889
3063909,2964
3064150,2816
3064788,2848
3065090,2861
3065269,2816
3065619,2902
3065987,2877
3066249,2829
3066263,2899
3066961,2798
3067051,2819
3067238,2777
3067769,3041
3068042,2819
3068250,2794
3068651,2927
3068994,2924
3069318,2810
3069345,2869
3070092,2788
3070261,2765
3070470,2805
3070975,2801
3071151,2813
3071195,3004
3071671,2959
3072018,2917
3072297,2799
3072459,2800
3073001,2789
3073159,2838
3073375,2909
3073987,2791
3074187,2894
3074349,2832
3074878,3013
3075072,2929
3075353,2864
3075367,2995
3075920,2945
3076117,2853
3076369,2874
3076903,2778
3077165,2777
3077372,2784
3077995,2870
3078171,3003
3078312,3127
3078590,2954
3079065,3054
3079079,2928
3079371,2913
3079793,2964
3080076,2805
3080277,2912
3080953,2881
3081271,2773
3081636,2818
3081651,3166
3082115,2867
3082379,2897
3082391,2904
3083020,2843
3083034,2932
3083285,2776
3083968,2915
3084168,2773
3084573,2907
3084903,2951
3085113,2921
3085420,2783
3085590,2824
3085953,2864
3086175,2762
3086337,2935
3087053,2777
3087217,2765
3087565,2844
3087989,2866
3088165,2944
3088364,2863
3088548,2956
3088899,2931
3089109,3028
3089359,2861
3089928,2840
3090133,2795
3090541,2792
3090941,2926
3091325,2860
3091340,2994
3091600,3036
3091972,2882
3092332,2862
3092367,3085
3092893,2778
3093064,2830
3093429,2777
3093963,2876
3094286,2889
3094472,2868
3094754,2882
3094983,2875
3095285,2794
3095546,2876
3095803,2816
3096043,2877
3096296,2899
3096963,2874
3097257,2860
3097472,2816
3097746,2836
3097975,2830
3098210,2904
3098505,2869
3098791,2844
3099027,2829
3099289,2799
3099943,2839
3100221,2824
3100427,2870
3100920,2900
3100938,2997
3101243,2836
3101496,2882
3101767,2890
3101984,2889
3102209,2941
3102873,2851
3103177,2829
3103420,2792
3103959,2842
3104206,2935
3104219,3178
3104478,2922
3104973,2936
3104986,2982
3105247,2996
3105854,2935
3106130,2793
3106333,2827
3106925,2875
3107227,2915
3107538,2795
3107591,3072
3108073,2918
3108337,2937
3108503,2867
3108881,2803
3109083,2810
3109285,2800
3109921,2883
3110268,2787
3110470,2870
3110807,2780
3111108,2883
3111363,2923
3111512,2879
3111860,2934
3112031,2859
3112209,2930
3112934,2844
3113176,2876
3113431,2940
3113678,2873
3114124,2775
3114372,2824
3114580,2966
3114972,2838
3114994,2906
3115231,2834
3116013,2799
3116197,2851
3116465,2819
3116670,2961
3117031,2829
3117280,2848
3117678,3183
3118029,2875
3118170,2820
3118352,2764
3118912,2981
3119152,2841
3119418,2879
3119737,2870
3119961,2836
3120260,2774
3121075,2779
3121241,2809
3121261,2907
3121399,2935
3122020,2833
3122137,3008
3122389,2872
3122736,2876
3122924,2971
3123140,2854
3123942,3002
3124163,2967
3124304,2932
3124482,2893
3124975,2875
3125234,2875
3125444,2796
3125745,3031
3126084,2871
3126097,2992
3127203,2835
3127317,3024
3127517,2769
3127686,2976
3127941,2927
3128334,2858
3128348,2991
3128918,2840
3129093,2964
3129258,2775
3130126,2873
3130386,2906
3130555,2932
3130792,2938
3130971,3138
3131310,2775
3131563,2936
3131884,2868
3132180,2811
3132217,2866
3133124,2775
3133381,2880
3133599,2918
3133939,3059
3134227,2802
3134397,2929
3134624,2907
3134873,2941
3135196,2809
3135357,2847
3135985,2787
3136383,2846
3136637,3044
3137157,2861
3137202,2968
3137427,2851
3137647,3119
3137904,3000
3138112,2855
3138338,2771
3138857,2779
3139327,2773
3139803,2866
