365,3336
999,3434
1426,3345
2002,3274
2549,3674
2697,4710
3799,3552
5011,4478
5060,4182
5359,4152
5828,4207
6002,4402
6473,4547
6711,3902
7674,4157
7847,4090
7967,3620
8768,4085
10205,3954
10258,3738
11817,5198
12182,4918
12306,5343
12907,4768
13556,3557
14467,3598
14484,4469
14570,4090
14776,5071
15725,4694
16024,4184
16052,4541
16641,3450
17147,4354
17735,6193
18605,3866
19555,3838
20342,3890
20864,4095
21652,3319
22016,4807
22326,3928
22557,3943
22936,3979
24270,4047
25432,3927
25477,4532
26035,5098
26734,5475
27059,4557
27316,4676
28144,3717
28185,4938
30020,5039
30178,4834
30298,3903
30645,5097
30661,3437
32470,6811
32820,3651
32964,5617
33147,5494
33283,5163
33481,5019
34668,4819
35808,4174
36808,3684
36831,4397
36999,4430
37251,5977
37740,5643
37982,4433
38769,4861
38957,4795
40868,3575
41765,3333
42034,3262
42725,5555
42789,3909
42900,5619
44157,3680
44347,4198
45415,4167
45487,3648
45564,3411
46233,5348
46560,3618
46969,3531
47194,3415
48577,4549
49026,4181
50626,3522
51205,4428
51371,4058
51631,4256
52163,3673
52575,4528
52866,4312
53445,4774
53671,3811
54524,4911
54766,6983
55058,5019
55259,5063
55458,6019
55671,4601
57721,6913
57760,4487
57767,4291
57923,5620
58061,4927
59084,5136
59470,5111
59673,4148
60109,4589
61291,4304
61539,4809
61716,4561
61800,4389
63871,8655
64771,5835
65653,5171
65793,4387
65924,6332
66107,6510
66554,9191
67133,12806
67159,5045
68584,5077
68815,5665
68961,6135
69094,5586
69238,8926
69667,9013
69828,10736
70012,6258
70296,9798
70993,7476
71163,7656
71283,5741
71416,6483
71617,5616
71756,8243
71907,8750
72042,10766
72276,11706
72418,8837
72763,7943
73019,9683
73163,10091
73879,10704
74025,11848
74159,10075
74318,9968
74709,8734
78727,9118
79044,6730
79200,8273
79337,9471
79487,6155
79858,7875
83281,4761
83467,7221
83741,7001
84827,6829
85262,6625
86345,5001
86628,5801
86978,5750
87152,5903
87310,5995
87500,6073
87879,5124
88109,7611
88840,6187
88985,6309
89113,5777
89261,5403
89626,5020
91938,4091
93719,7314
93742,3398
93965,5676
94160,5948
94345,5147
94696,4187
95658,5033
96775,11439
97111,4474
97875,3091
98147,3489
98764,15373
99161,4468
99327,5076
101352,5020
101666,4548
101792,4480
101962,6010
102107,4216
102255,6520
102390,6055
102824,7663
102951,7080
103089,7064
103386,7250
103419,6812
104757,5523
106933,9098
107088,5333
107233,6822
107374,9022
107544,8552
107681,9568
107811,8833
108007,8578
108147,9045
108278,10356
108477,11389
108603,9127
108802,8066
109048,10877
109189,8550
109330,9355
109462,8500
109624,8777
109766,8749
113344,4543
114088,8627
114405,5886
114793,8219
114846,8848
114878,12685
115497,7566
117488,14271
117988,9981
118223,10515
119551,7936
119956,5614
120111,5144
120329,4861
120484,12944
120554,6342
120705,6242
120837,12485
121699,11776
122273,9154
122546,9103
122845,9446
123116,7277
123259,8448
123376,6360
123533,9384
125336,12574
125895,8111
126284,7936
126480,9190
126724,7375
127180,9672
127328,12522
127583,8067
127793,9189
128011,9690
128132,8237
128574,10838
128767,8324
128963,7831
129088,9488
129203,10695
133671,4902
134427,5285
134446,7300
134860,8318
134971,9227
135113,7000
135527,10116
135925,6513
137323,5011
137742,4890
138051,7634
139819,7547
139929,7800
140126,6450
140997,4893
141455,6432
141844,6166
143124,5691
143339,5226
143706,6729
143888,6196
144039,7328
144206,6847
144339,9190
144471,9463
144565,11278
144702,8757
144834,9392
144961,9612
145095,8892
145228,10396
145724,10171
145917,8826
146607,8976
146872,8920
147108,6929
151961,5640
152168,7082
152301,5891
152443,9801
152583,8604
152707,7917
152846,7820
152986,6048
153122,6064
153314,5437
153499,8561
154063,6827
154252,6554
154388,5813
154598,6477
157077,4803
158178,4698
158704,9119
158812,9120
159464,4137
161316,3410
162203,5919
162388,4723
162568,5464
162707,5580
164067,13832
164253,13700
164413,9960
164711,10969
165335,16204
165665,9409
165688,7078
165834,8017
165990,7035
166143,7025
166307,8836
166475,10888
166570,10728
166644,10710
166719,10234
166783,15181
166847,8437
166910,8923
168093,12930
168353,12668
168364,13672
168522,12729
169148,11769
169455,10771
169553,10426
169695,10603
169828,10321
170029,8353
170188,9897
170307,10156
170482,9358
170610,6547
170807,11595
170983,10399
171150,10595
171980,10315
172110,8860
172242,10619
172811,10456
173952,5292
177878,5927
181226,5954
182067,4388
182316,5287
182854,4974
183166,4793
183386,4555
185304,4417
185327,9259
185553,4086
186234,7569
186279,7277
186514,6354
187361,6750
188000,5942
188096,5898
188242,7308
188320,8763
188796,4698
188988,7243
189247,4537
190919,5478
191797,3938
192676,4313
192983,5489
193159,5422
193320,5462
193616,7097
195770,5237
197177,4413
197485,3639
197545,6104
199021,4561
199291,6458
199379,5661
199493,6995
199628,6786
200206,7460
200365,3875
200417,6215
200492,4947
201782,4144
201958,7750
202390,4739
202555,4382
202725,5225
203206,4888
203730,7077
203909,7476
204147,4091
204851,8329
205070,6687
205146,6166
205287,6979
206218,6690
206344,8509
206483,12335
206555,8069
206792,8277
206969,11758
207142,11615
207174,9136
207357,11677
208238,12773
209180,8577
209805,9161
209978,5272
210653,9551
211502,7158
211556,9159
215022,5220
215047,4856
215100,5751
215420,5374
215653,6441
215765,6104
215976,10410
216045,5070
216676,5691
217283,4910
217785,8184
218432,7470
218560,4221
223208,5588
223473,3964
223638,3460
224187,3983
224241,5245
224358,5592
225317,4110
225375,4563
228388,4544
228418,6581
228748,3612
229090,4270
229156,7609
229240,5606
229566,3554
230215,5243
230747,6107
231067,4398
232043,4004
232314,4935
232818,4336
233391,3569
233465,5628
233902,4165
234059,6325
234212,6647
234377,5828
234917,5026
235043,5225
235544,4785
239470,6381
239761,5368
239985,4615
241371,4063
241643,4855
241795,4994
241943,6623
242127,7141
242271,6203
242417,5734
242709,5233
242853,5489
242991,6153
243133,5271
243272,6438
243415,5450
243555,5121
243902,5680
245765,8322
246191,3819
246334,4292
250865,3326
251225,4029
251377,4454
251644,5511
251787,4380
251923,5181
252062,5294
252203,4790
252323,7603
252462,4744
252530,4746
254548,5521
254613,9579
254685,7725
254831,5817
254965,6583
255089,9727
255289,5564
255661,11270
255921,7113
257698,6053
257898,11583
258044,6710
258744,5278
258904,6757
259044,6900
259178,5907
259344,8050
259479,6792
259539,6870
259560,6549
259578,6751
261146,6604
261616,7005
261770,7057
261940,8192
262084,8713
262203,8807
262450,8937
262582,9603
262617,10838
262647,11393
262674,12511
262711,12617
262742,13521
262768,13106
265735,15128
265777,11191
266667,14341
267058,13443
268264,11513
268415,19688
268655,20061
268852,18826
269075,18274
269213,18246
272463,13838
273280,14649
273528,14583
273676,13584
273827,13030
274114,12953
274235,13156
274401,11496
274558,12399
274721,11019
274866,10633
275019,10083
276291,11467
277006,12343
277236,11836
277384,10839
277531,10464
277695,11238
277843,11890
277985,12915
278116,11798
278245,12479
278365,11617
278581,12179
279039,11083
279604,10074
279947,11979
279996,10318
280170,10406
280335,11818
280693,8492
281405,7000
281766,6965
282592,6531
292667,3642
292894,3903
293030,3958
293179,8639
293669,4459
293753,4433
293981,8306
294236,4998
294455,4832
294561,6486
294789,7120
294994,6993
295150,6954
295497,7712
296122,5619
296184,6026
296492,7361
297185,6307
297458,5620
297679,8579
298623,4935
299317,3977
301249,5073
301312,5424
301572,4526
302403,3863
304937,5208
307100,5864
307523,5359
307661,4793
307837,4779
308088,4907
308201,5293
308316,4957
308628,4989
309178,4756
309733,4370
310370,4359
310695,4982
310986,6612
311328,4673
311370,5069
311419,6898
311441,5814
311460,6563
311575,3828
312803,5065
312957,5267
315588,3538
316017,3369
316394,4257
316612,3978
316714,3878
319588,3684
321488,5567
321722,5337
321898,5029
322976,5896
323128,7603
323280,8717
323424,9199
323574,7864
323710,8808
323852,7398
323993,9476
324129,9217
324264,16953
324405,8010
324575,6991
324724,6616
324860,14240
325006,13042
325132,13651
325587,12358
325747,13162
325904,11802
326071,6982
327290,16553
327441,18571
327581,15465
327747,15998
327879,16748
329185,23125
329335,12664
329475,13286
329620,11714
329759,11777
329905,11515
330039,13223
330181,12971
330315,14765
330439,15487
331660,8708
331831,8724
332081,7586
332248,11113
332718,14953
332891,18699
333151,18777
334571,14266
334747,11085
334909,15684
335068,11026
335228,18402
335388,22458
335557,19207
335717,23948
335872,18741
336024,18835
336175,19206
336339,19245
336498,19260
336668,24995
336833,26245
337001,28988
337164,25102
337329,25399
337494,18669
337581,22700
339755,28568
340030,21087
340137,21519
340845,17941
341047,20874
342232,14643
342494,26209
342552,23225
342855,28234
344004,30865
344384,30532
344636,20597
344738,31037
344915,27061
345168,24091
345325,25145
345478,24042
345662,23911
346457,25458
346585,23183
346599,24648
346743,23280
346896,23277
347054,23265
347208,23063
347438,22687
347777,23248
347981,24151
348566,23174
349038,14001
351578,9015
351749,10251
352135,9150
352455,8044
354304,20846
354935,14523
355945,13874
356067,12124
356258,13964
356484,13931
356597,13771
357063,17215
357243,8553
358208,14077
358937,11138
359899,16292
364471,14326
364497,15115
367054,15293
367299,13141
367531,11887
367720,11329
368041,19494
368167,14486
368360,19099
368556,17117
368730,17382
368851,11702
368984,10732
369119,13375
369295,10563
369605,9706
369857,17625
377271,5492
377621,5252
377674,4221
378166,6714
380721,8095
380852,7193
380977,7425
381091,12008
381206,12429
381317,12225
381429,15153
381715,15698
381857,15500
381978,14623
382099,15193
382216,13132
382955,8987
383409,11077
384111,9868
384275,9175
384440,11156
384602,9133
384762,6111
385674,7137
386899,8891
387047,5618
387199,10595
387332,10523
387776,6369
388039,9678
388947,8663
389130,8181
390202,7256
391140,6526
391359,6367
391546,6615
396130,4990
396638,5133
396789,9113
397990,6868
398200,7797
398357,7564
398600,6425
398767,6940
398923,6847
399068,6503
399204,6917
399366,3571
399814,7885
400130,5907
402184,3990
402682,4528
402686,4110
403217,6317
403366,5679
404926,3547
406623,5171
406827,4300
407474,8710
407624,7587
407796,8487
407828,6069
408023,6752
408711,6277
408778,6841
409217,6258
409372,6048
409519,6388
409778,6674
409927,7665
410146,6697
410252,7489
410352,7914
410849,6945
411081,8339
411511,5990
413394,4924
413969,5108
415030,5172
415933,6221
416693,5174
416906,8360
417245,8819
417845,4916
420536,4061
420586,4282
420605,4645
420795,5007
420958,8950
421079,6063
421237,6181
421455,6840
421605,8063
421763,7957
421891,7698
423098,4514
424971,7814
425322,4323
425428,5053
427394,5955
427663,5383
427765,5513
427901,10749
428096,5650
428294,4915
429085,5997
429346,9067
429437,5499
429674,7451
429725,8629
429857,8247
430256,7569
430634,7568
430780,8006
431079,6586
431760,6252
431806,7029
432031,5918
432470,6669
435615,3577
435791,4579
436183,5311
436300,4948
439104,4256
439683,3800
440255,5363
440693,3384
440861,3701
441659,3789
441733,3953
441857,3684
444066,3503
444368,4468
444560,3562
444821,3568
445340,5820
445737,4553
445814,4218
446142,4549
446239,4107
446368,4946
446491,4778
447246,3744
448080,4608
448177,3285
448320,4272
448806,6135
449268,3545
449381,4218
453239,3755
454269,4932
455474,4679
455582,6098
455602,4489
455776,6867
456590,5464
456768,5711
456776,8166
457079,7160
457270,7546
457440,6567
457601,6592
457775,5184
458572,5112
458849,5289
460257,5885
460434,3852
461059,4682
461685,6263
462251,7631
462354,5549
462527,7904
463028,4583
463192,6803
463353,5090
463856,6303
464650,5445
465089,6163
465140,6240
465413,6034
465535,5512
468615,3515
469136,4441
469370,5295
469635,5600
470700,5511
470870,5593
471080,7673
471223,7715
471417,6798
471587,8313
472057,8084
472267,7221
472442,6898
472604,7195
472808,6630
473365,9297
473517,9083
473717,8352
473840,5300
476970,5743
477150,6176
477307,7341
477469,9129
477979,9011
478280,6424
478581,7114
478778,6237
478976,5622
479181,6955
481367,6570
481756,5317
482151,5391
482954,5070
483399,4528
483799,5402
484229,5057
484739,6936
484917,6082
485082,6772
485734,5854
488086,4930
488236,4902
488300,7494
488575,5948
488754,5436
488939,6329
489061,7709
489367,5287
489388,8020
489587,5338
490180,7244
492008,5837
493263,12148
493369,7334
493481,5808
493587,3443
493713,5774
493851,7306
494099,6214
495920,4879
496466,7238
497477,4547
497579,4399
497648,4551
498074,10544
498285,8001
498330,6931
498539,7012
498782,4897
498989,7578
499137,4844
500049,5037
500180,4543
500459,5996
501026,6661
501194,7765
501380,5971
502464,5634
506603,3499
506855,3891
508200,4942
508365,4766
508911,4456
509361,4621
509402,4699
509582,5238
510143,4240
511068,4528
511175,5001
511270,5529
511415,4399
511963,3697
512439,6219
512727,6588
513212,6626
513440,6350
513786,6710
514017,5755
514177,5846
516326,5403
517014,3421
517199,5907
517360,6176
517582,6020
517637,6854
517878,7047
518736,5610
520756,5908
520897,5310
520965,6474
521235,5176
521372,4893
521498,5329
521888,5119
522048,5353
522199,4958
522236,5009
522801,5040
523019,4619
524980,5834
525001,3601
528002,5746
528217,3982
528665,4602
529057,4057
529327,3734
530616,4408
530891,4947
531056,5222
531217,5831
531378,5613
534420,4616
534661,4561
534793,4859
535103,5129
535261,7328
535388,6597
535528,5613
535676,6823
536313,5367
536362,5684
536652,5286
537259,4904
537290,4337
537524,5645
538584,4875
538739,4163
538842,5618
539531,4935
539662,4564
540126,4525
540453,6394
540580,6314
541062,6060
542746,5051
542956,4487
545697,5194
545879,4828
546219,4188
546461,5177
546923,4331
547874,6185
547929,4160
548180,10461
548488,5980
549117,6497
549337,5131
552063,4909
552295,6376
552385,5387
552815,6045
553037,3851
553229,5940
553343,4863
553498,7709
553608,4974
553858,6145
554301,5650
554608,6027
555461,5126
556081,5415
556136,5026
556170,4956
556207,5147
556241,6816
556293,8118
557616,6302
558038,5932
562007,4145
562190,4847
562266,4314
562426,4559
562485,4008
562537,4736
564030,4634
564544,5538
564683,4895
564808,4105
564999,4420
565278,4965
565809,4601
567582,4129
567802,4009
568196,4534
568451,4926
568744,4410
569610,3292
570488,3376
570535,3563
571209,3970
571243,3620
571569,3852
571726,4272
571993,3502
574351,6317
574418,6674
576368,7092
576620,7114
576799,6287
576885,6656
576974,6267
577068,6100
577145,5549
578529,5879
578588,8493
578669,7431
578872,7290
579065,4965
579246,7825
579438,13020
579573,12320
579670,10131
579803,4427
579880,11458
580090,5692
580265,12664
580754,5994
580965,9058
581604,8026
582684,8807
582885,9758
583288,8328
583852,7359
585310,4807
585550,6157
588244,4433
588283,4599
588319,6986
588349,8952
588413,5943
588464,7139
588497,7550
588627,9295
590205,9421
590236,8284
590834,7551
592087,6702
592297,9522
592720,6547
595093,3591
595991,7198
596028,4446
596169,3260
596544,6249
596681,4887
597136,5763
597677,4369
598214,4984
598920,5635
600163,5749
600574,4618
600732,4563
600852,4394
601011,4394
603698,3666
603882,5291
604022,5250
604531,3481
604686,3376
605025,5112
605486,4551
607537,4734
607603,4310
607679,7081
607846,8277
608141,6672
608278,6427
608409,5087
608538,7878
608563,6320
608866,6067
609002,7879
609342,6875
611696,7761
611883,3532
612441,7288
612554,6424
612713,7151
612886,8921
613091,7943
613689,6514
613885,7514
615985,5617
616028,6773
617020,5717
617899,4070
618176,7254
618383,4557
618995,4749
619782,4104
620230,4360
620779,6518
620919,4312
621938,4148
622087,3969
623359,4607
623410,6910
624216,5668
626275,5293
626571,7615
626721,5308
627200,7033
627566,4696
627972,5352
628140,6148
628715,7256
628760,7158
628835,6509
628871,8428
628901,10029
628919,8432
628948,10796
628966,10680
629001,11139
629027,10350
630539,9734
631070,10978
632119,8077
632368,10088
632563,7930
632968,9870
633466,8894
633484,7841
633891,8320
634329,7130
634379,8300
635120,6110
636755,6997
636756,6553
637033,6089
637351,5978
637826,7522
638119,4898
640564,3713
644704,8318
644877,8417
645019,8176
645164,5190
645341,7436
645419,6888
645462,7420
645877,4061
646491,7118
646982,7817
647085,6339
648208,14158
648277,9640
648614,7964
648789,6098
648947,6817
649109,9877
649293,10540
649450,12739
649695,12947
649858,12834
650036,14151
650188,9378
650456,17490
650672,9232
650828,8790
650980,7193
651122,12519
651278,8899
651466,9411
651630,10848
651785,9144
651943,12197
652103,10322
652259,14529
652421,16436
652610,15516
653853,14507
654022,13473
654180,13380
654332,13276
654480,14096
654580,11866
655251,12786
655358,11799
656618,10547
657441,9585
657544,9369
658649,7671
658821,9405
659022,8234
659189,9896
659306,9602
659420,9760
661528,7098
663111,6154
663217,6613
665998,6297
669906,3923
669937,3456
670423,7213
670609,4109
671261,7876
671661,7573
671778,7601
672216,6815
672291,7027
674064,5383
674916,7294
675103,9680
675266,11166
675344,11498
675473,13113
675574,7711
675644,4594
676085,10078
676556,21341
676681,9556
677074,5239
677082,6190
677345,8941
677876,8839
679345,6319
679912,6423
680058,6326
680583,8276
680746,8161
680905,8297
681076,12079
681244,8009
681399,7404
681572,10414
681731,10763
681891,10661
682044,10910
682652,11692
682814,10790
682967,10883
683127,10581
683387,9821
684887,9802
685062,12319
685225,10756
685386,9695
686671,10370
686945,12322
687188,8674
687786,9404
687925,8128
688199,6987
688627,6608
690806,11608
691246,7029
691869,11735
691980,11732
692028,10016
692059,10706
692115,11874
692144,10392
692199,10861
692228,10658
692563,9309
692957,8590
699800,7841
699828,4268
699997,8470
700181,9749
700223,9228
700366,9341
700580,9241
700661,9390
700931,8634
704687,4904
705088,5379
705203,5992
705624,5686
705635,9066
705696,11978
705752,9868
706067,6258
706169,7331
706490,7641
706746,4668
707099,5052
707278,8910
707453,6042
707639,4266
707812,7635
710572,7160
710739,7848
711186,10594
711720,8649
712041,5305
713096,7617
714470,7135
714522,6375
714628,5646
716385,5044
716692,7970
716795,7565
716884,4958
717006,6608
717115,7724
717208,6979
717375,7341
717898,6525
718015,6028
718415,7042
719492,5516
719581,8825
720016,8351
720423,7396
720848,6778
721199,7227
721477,6078
721704,6352
721878,6320
722101,6164
725827,4106
725998,7071
726386,9428
726427,7955
726703,7011
727894,6224
728380,6107
728461,4996
730143,4989
730226,4843
730443,6429
730473,12433
731019,6717
731056,5988
731183,6848
731419,7594
732038,7699
732297,8813
732475,9194
732630,8778
732680,6141
732854,10537
733251,13197
735455,6711
736104,5228
736282,7933
736583,6558
736631,7520
737148,6560
737590,6499
738239,11412
738324,6127
738459,9229
738881,8904
739280,6992
739779,8867
740522,12307
740777,8236
740913,11495
741478,6135
741709,6868
742427,5112
742958,8017
744627,8889
744735,6530
745081,6966
745161,6666
745450,5728
746323,6824
746850,5729
747086,5839
747409,7646
747986,4004
748188,5583
750493,4684
750663,4679
750853,6991
751032,7068
751680,6371
752221,5568
752635,7739
752978,6546
753376,5974
753631,5454
753940,6386
754123,3771
756598,3966
756616,5273
756835,4072
757107,4474
758145,7090
758229,6718
758386,6308
758659,5990
758716,6116
759172,6809
759990,4595
763122,5357
763166,4931
763348,5443
763487,5357
763695,6795
763842,6496
763985,7416
764105,5953
764219,5973
764334,7116
764449,6927
767453,4153
768372,3581
768986,4483
769015,6105
769034,4013
769062,6734
769109,6558
770615,4207
770786,4583
770908,5092
772006,4676
772637,4985
772787,3949
773561,4110
773716,4658
773909,4409
774228,6014
774794,3856
775447,6853
775493,6618
775958,5030
776841,3651
779950,4127
780136,5357
780570,4924
780759,4896
781858,4486
782261,5611
782390,5771
782864,6185
782974,5493
783008,6910
783196,5959
783633,5083
784125,5191
784265,5484
784715,5266
784991,5040
786728,3854
787077,8711
787121,4798
787327,6226
787602,7153
787806,6203
788105,8543
788245,8693
788434,6554
788850,8710
788891,6392
789498,6633
789650,5955
791620,4950
792418,3513
792612,4979
792926,7133
793035,4681
793334,5482
793496,6754
797933,3493
798114,4486
798258,4653
798384,5075
798604,4624
798891,4904
799049,5201
799229,4879
799379,4970
799561,5594
799754,4098
802027,3292
802347,5473
802423,4922
802711,7047
804491,4282
805047,4609
805307,5474
805429,4443
805639,5304
806495,4254
807077,4863
807145,4085
807321,4822
807485,5118
808668,3777
809139,4252
811134,6660
811311,8014
812870,12716
813008,4692
813598,13079
813632,6108
813897,6374
814045,6571
814152,8285
814246,10291
814354,7807
814576,9123
814685,9903
814813,8114
815076,4826
815714,4938
815912,4809
816268,4726
816985,8370
817115,7032
817825,7864
818222,6850
818511,5813
818772,6498
819364,5650
819937,4922
823122,6082
823862,7459
825401,4403
825500,5132
825823,4441
825978,5139
826201,3777
826794,3522
826971,4086
827143,4711
827455,4499
828244,3884
829277,6115
829447,6079
830256,4853
832246,4523
832277,4567
832554,4357
832751,5341
832839,4306
833063,4967
833422,5759
833513,4632
835705,5695
836121,13252
836306,5913
836467,10107
836605,5487
836980,9820
837031,10419
837291,9777
837412,10070
837561,10632
838871,9489
839281,5438
839420,7218
839591,9420
839709,9737
839838,9986
840185,7150
840325,7480
840455,6507
840558,7103
840596,7439
840633,5528
843550,5229
843716,4994
843861,7209
844065,6194
844237,7714
844387,7383
844572,7075
844818,7526
844954,11037
845408,8811
845597,8020
845824,8824
846070,9007
847616,8254
847864,6116
850450,5046
852735,4936
853020,5558
854997,6146
855068,6381
855602,5671
855679,6328
856116,6121
856467,5832
856815,7544
857123,5242
857306,7060
857903,6199
858128,4950
858294,5279
859273,4353
859859,4126
860573,7255
860950,7003
864460,7979
865053,6533
865076,4171
865260,5077
865482,5006
865760,5281
865857,5632
866074,6012
866326,6642
866546,5832
866685,5540
866919,5316
867147,5772
868178,7259
868313,8088
868517,7074
868685,5974
868944,6113
870008,4190
870636,5051
871409,5185
872350,5997
872488,9200
872565,5602
872629,8819
872762,5415
873002,10036
873147,8351
873281,5527
873723,6078
873907,5716
873947,5216
879061,3506
879595,4056
879800,5061
880011,6799
880633,5770
880807,6383
881050,5878
881188,5274
882838,4407
882890,4778
883210,4626
883363,3992
883560,3808
884339,6046
884425,5170
884480,4549
884540,4710
885071,4233
886217,4234
887939,3606
887994,5275
888082,3933
888692,5168
889431,4587
889708,4390
890989,13666
891046,4659
891680,4935
892209,4766
892420,10589
892779,6234
892816,5853
892877,14806
893283,4486
894326,5979
894421,5374
894789,5682
894915,5533
895120,7774
895308,6892
895492,7452
895981,6870
896174,8656
896492,11842
896539,10835
896603,12025
897032,11716
898698,9874
898776,7366
898874,9517
898980,11003
899172,8031
899657,9216
900559,9595
902249,8506
903318,5332
903761,6441
903877,5421
903985,4714
904072,5650
904346,7238
904585,4767
904960,8619
905640,8221
905901,7086
906183,7624
906295,7362
906888,4041
911729,3319
913181,4570
913339,6632
913552,7308
913839,8772
913992,8754
914127,9082
914271,9351
914425,4157
914543,8914
914566,5640
914607,8074
914637,8995
917199,4036
917711,3905
918034,5078
918216,4694
918356,6835
918489,7705
918816,6536
918972,7706
919168,10906
919392,6649
919532,7391
919683,7072
919832,7479
919951,6650
920081,5197
923903,5211
923920,5112
924130,6001
924286,5775
924501,7129
924775,6723
924911,6669
924970,6094
925009,7032
925411,7005
928690,3469
929188,3488
929614,4388
929943,4836
930169,5213
933188,4340
933359,8240
933622,8185
933796,8265
934020,7688
934285,8614
934565,8437
934823,4218
935387,6357
935662,8305
935808,16401
935839,8948
935882,9767
935991,8914
936143,7378
937611,18981
937633,7607
938205,7231
938357,8791
938410,13115
938459,13889
938522,14221
938583,14320
938628,13997
938736,18303
938783,14350
940481,15436
940716,16695
941888,15227
942137,14873
942304,14292
942475,15576
942590,10833
942752,10260
943604,9697
944179,19243
944995,13492
945092,10942
945113,23741
945156,23916
946170,13642
946783,14010
946961,10285
947227,9510
947407,9449
947594,20956
947959,21022
948678,14900
948871,16966
949050,19149
949218,13787
949824,14376
950790,19086
950978,15017
951151,15180
951332,15111
951606,18168
951778,13179
951963,23569
953811,19775
954579,13803
954745,13546
954899,26481
955057,11547
955164,12033
955226,21685
955288,20064
955352,18954
955407,21202
955478,25719
955572,17745
955628,14836
955695,21021
955755,20412
959579,17239
959630,13786
959908,19355
960317,19083
960497,15805
960597,18357
960884,17516
960973,15402
961240,17651
961418,15583
961829,17516
962015,16639
962573,15732
962760,15736
965591,15676
966689,16913
967381,15072
968610,14935
968627,12871
968796,8796
969206,16380
969572,22080
969640,23962
969933,21989
970021,21693
970772,22113
971658,20858
971824,21286
971876,20516
971980,21639
972140,22076
972567,18778
972737,17756
972898,19121
973473,15709
973803,17259
973869,17339
973930,17338
973980,16948
974426,16787
974592,16554
974656,12937
975861,15019
977207,10458
977384,15257
977567,8783
977929,12681
978116,9341
983004,5571
983215,5268
983341,5889
983641,5551
983794,6632
983957,6992
984093,9061
988024,6442
988284,4920
988548,6218
988863,6330
989214,6618
993811,3240
993996,4687
994055,4917
996617,3373
997016,4002
997255,4093
997459,6420
997759,3527
998437,4971
999164,5032
999316,4819
999389,4093
1001642,6427
1001683,3693
1002151,5797
1004789,3598
1005098,4137
1005324,3679
1005412,7070
1005570,5606
1005758,6482
1005811,6249
1006188,5493
1006336,4243
1006565,4600
1007622,4216
1007781,4112
1007967,5452
1008635,4074
1009235,5202
1009568,5034
1010013,4704
1010180,4757
1010523,4140
1011377,4173
1012771,3125
1012912,5087
1013316,4203
1016368,6344
1017007,5336
1017554,5502
1017759,5892
1018001,4974
1018040,9160
1018255,8436
1018305,6997
1018715,8320
1018872,12164
1018999,11665
1019153,10870
1019339,7432
1019455,6953
1019483,10873
1019503,7060
1019576,9153
1020415,10303
1020706,10259
1020874,7209
1021016,6919
1021183,6144
1021408,6087
1021986,5791
1022153,6084
1022619,6957
1023480,7362
1023785,5845
1024657,4670
1027026,4311
1027386,5474
1027522,5065
1028621,4676
1029144,4523
1029368,5236
1032000,3758
1032170,3848
1032535,4118
1033406,5196
1033602,4790
1034865,3824
1035402,9365
1035669,8914
1035912,3634
1036787,5643
1037165,5799
1037837,5296
1038848,10279
1039088,7108
1039272,6472
1039442,5891
1039628,7571
1039804,7495
1039977,7153
1040144,9115
1040323,8985
1040495,8711
1040629,8729
1040822,8584
1040998,8500
1041167,6083
1041344,10898
1041549,9839
1041718,10784
1041883,12601
1042055,10392
1042610,8726
1043327,9864
1043590,11592
1044113,11490
1044311,10421
1045457,13321
1045879,6863
1046350,9061
1047034,9032
1047541,5886
1047724,10674
1048399,11670
1048791,9475
1048938,7292
1050079,7681
1050732,11253
1051157,11685
1051428,9879
1051640,9610
1051775,11091
1052269,23922
1053244,13131
1053716,18235
1053845,14636
1054396,15543
1054545,16949
1054813,14178
1055056,14395
1055176,15052
1056097,10154
1056275,15625
1056440,13393
1056741,10398
1056880,14970
1057019,19609
1057158,18486
1057298,14731
1057428,13927
1057806,14443
1057980,14595
1058727,14080
1058925,14063
1059262,11914
1059386,17926
1059500,16774
1059876,11183
1060403,13894
1060626,13216
1060679,13664
1060977,16874
1061114,16059
1061334,16274
1061811,15632
1062010,12047
1062184,18441
1062320,18165
1063063,17370
1063213,17120
1063709,19973
1063878,16695
1064060,14044
1064328,15891
1064461,13932
1064937,14524
1065075,14113
1065296,17465
1065464,13897
1065671,15056
1065848,14534
1066019,14260
1066755,11146
1066918,14664
1067285,11154
1068691,10311
1069194,8167
1070372,10304
1070861,7743
1080428,5694
1080860,4808
1081031,5182
1081297,4562
1081468,5557
1084027,3905
1086313,6612
1086396,10834
1086458,6038
1086576,6217
1086734,5606
1087756,11206
1087986,5848
1088127,7511
1088260,6149
1088394,6942
1088546,7971
1088693,7012
1088756,8761
1088935,6956
1089119,6643
1089573,6475
1089740,7499
1089860,8072
1090050,7120
1090175,12588
1092026,10673
1093440,9376
1093625,9603
1094016,11153
1094082,11042
1094110,12875
1094278,16268
1094363,16156
1094569,9286
1094710,12881
1094770,8549
1094975,8653
1095148,8655
1096640,7775
1096962,7131
1097276,7185
1097530,6679
1097751,6935
1097967,7799
1098110,4802
1098257,7274
1098376,6476
1099777,9812
1101641,5222
1102964,8156
1105963,3872
1106112,4081
1106250,3788
1107656,5949
1107851,9615
1108000,6605
1108155,7466
1108350,7858
1108557,7702
1108845,6966
1110545,6012
1110803,5603
1110950,6469
1111070,5288
1111209,5101
1111358,10942
1111688,4775
1111840,11372
1112008,10180
1112177,25953
1113148,12079
1113701,11423
1113755,14949
1113911,11075
1114068,13918
1114232,14919
1114383,13698
1117242,11723
1117496,9047
1118060,8673
1118207,8623
1118353,8575
1118495,13152
1118657,12800
1118794,12940
1118930,12892
1119071,12846
1119217,8689
1119383,13249
1119559,7086
1119699,12349
1119836,12327
1119971,12718
1120115,10448
1120259,8800
1120399,9967
1120551,9444
1120870,9603
1121014,14578
1121147,10417
1121277,24331
1122393,29226
1122570,23971
1122725,29506
1122878,28880
1123039,25075
1123296,24702
1123475,25455
1123639,25075
1123793,23684
1123954,24581
1124107,24522
1124264,24871
1124433,24858
1124579,27103
1124786,22573
1125605,25541
1125875,26272
1126006,27529
1126126,22656
1126239,19469
1126369,18208
1127227,17632
1127389,17661
1127559,17663
1127726,17711
1128301,23548
1128487,21729
1128697,18882
1129392,18630
1129769,18110
1129832,15902
1130191,19201
1130821,19870
1130981,18021
1131134,18463
1131292,19401
1132771,18015
1132937,16402
1132983,20379
1133110,17742
1133277,18707
1133438,17899
1133778,18810
1133935,16378
1134088,9032
1134399,19276
1134567,18537
1135750,16094
1138645,11991
1143299,11870
1145888,11287
1146183,10394
1146358,10305
1146637,8811
1146812,11301
1146974,11218
1147139,11260
1147296,10378
1155853,3917
1156080,4875
1156460,3906
1156705,7702
1156885,8115
1157205,8032
1157482,7373
1157938,6719
1158480,9039
1158766,7369
1158957,6087
1159111,5495
1161667,5606
1162565,5841
1163065,4716
1164216,5177
1165645,6227
1165797,6319
1166536,7357
1166577,7734
1166629,9266
1167006,9491
1167028,10986
1167294,12249
1167336,13515
1167364,13551
1167397,15827
1167430,15860
1167606,5185
1167831,6265
1168133,6285
1168363,6006
1169243,8819
1169957,9350
1170092,7519
1170224,7495
1170954,9807
1171548,8208
1171909,7970
1172150,12345
1172576,11509
1172824,8552
1173927,7055
1174135,5686
1174565,7676
1174713,10778
1174866,9102
1175008,9783
1175127,8904
1175291,8616
1175662,9245
1177430,8717
1177784,8581
1178206,8110
1178382,8286
1178597,8448
1178841,8255
1178967,10929
1179018,10934
1179061,11113
1181026,9553
1181073,9296
1181137,8865
1182570,7024
1187712,4572
1187893,3950
1188234,4625
1188337,4463
1188471,5277
1189023,4953
1189187,4860
1189630,4790
1190372,4791
1190639,5486
1190805,4154
1191066,3946
1191418,5766
1191649,5246
1191901,4938
1192246,5823
1192413,5511
1193250,4208
1193400,4290
1193559,4679
1195877,5411
1199236,3956
1199439,4739
1199697,5661
1199975,5601
1200147,6282
1200217,5908
1200265,5578
1200420,7296
1200759,4915
1200873,6354
1201402,9522
1201700,6403
1202730,4857
1206784,3241
1207049,6761
1207477,5739
1207677,6915
1207741,6279
1207958,8628
1208195,8705
1208745,8582
1209187,16840
1209309,16409
1209427,15344
1209562,5936
1209671,5452
1209767,15898
1209875,4656
1209967,7664
1210057,5127
1210329,8364
1210631,14627
1211060,9649
1211163,10119
1211272,10056
1211381,9188
1211488,5848
1211588,8005
1211674,5583
1211862,4858
1212260,8726
1213894,10723
1214413,9791
1217364,6737
1217731,6030
1217882,5161
1218242,7654
1218440,6529
1218873,6158
1219062,6902
1222118,4527
1222324,4086
1222469,5261
1222571,4040
1223248,4806
1223786,3706
1224251,5769
1225342,5284
1228209,4130
1228616,3570
1229369,6122
1229717,5405
1229759,5265
1230088,5008
1230313,4502
1231624,3785
1232310,6823
1232791,7051
1232894,6834
1232970,8390
1233193,7291
1233412,7021
1233611,8095
1233639,7374
1233862,6343
1234288,6979
1234308,9905
1234610,7756
1234695,9909
1234697,8323
1235822,6360
1236018,6396
1236296,5835
1236640,5328
1236663,6679
1236814,6774
1236975,10114
1237060,9508
1237266,10100
1237514,6910
1237774,6532
1238020,5765
1238324,7080
1238477,9119
1238550,7844
1238689,8620
1239591,7072
1246089,5056
1246731,4970
1246780,14934
1247750,14154
1247903,12929
1248424,11543
1248450,11416
1249582,6288
1250200,9832
1250617,9147
1251111,11491
1251283,9345
1251497,10474
1252429,12156
1252737,9152
1252921,9058
1253075,8553
1253136,8596
1253242,8790
1253569,9109
1253867,12079
1254452,15006
1254565,10261
1254724,9141
1254876,8233
1255274,14369
1255332,8516
1255335,16821
1255871,7393
1256076,7622
1256191,12149
1256594,9792
1256694,12546
1257102,9546
1257112,9665
1257314,6308
1257947,13104
1258073,10742
1258137,9767
1258200,7246
1258619,11703
1259142,11303
1259664,6070
1266980,5216
1267037,4813
1267307,7184
1267514,6550
1267645,6793
1267767,7313
1267883,7247
1267984,4361
1268266,4131
1268472,7101
1268546,6385
1269658,4339
1272177,3918
1272614,3551
1273145,4102
1273309,5817
1273420,6594
1273545,6724
1273664,6529
1274731,5517
1277441,6033
1277657,4763
1277767,5116
1277888,6147
1277923,4700
1278068,6192
1278110,5611
1278126,5288
1280028,5161
1280408,7875
1280559,7577
1280798,7239
1281005,4127
1281516,6957
1281658,7144
1282198,6716
1284655,11824
1284926,10117
1285281,4905
1285464,6676
1285980,6008
1286142,9896
1286302,9838
1286470,16160
1286581,9074
1286786,5405
1286943,9147
1287045,19800
1287400,12076
1287829,8424
1288419,18606
1288474,20282
1289196,15267
1289874,13231
1290041,13706
1290132,16453
1290798,11952
1291211,15432
1292620,10247
1292777,15194
1292932,16334
1293084,17385
1293219,17171
1293353,13115
1293484,14852
1293561,13745
1293628,13437
1293767,12541
1293907,13481
1294040,17382
1294181,17515
1294316,18031
1294449,16294
1294588,14115
1294726,11942
1295078,12610
1295222,12974
1295357,13862
1295490,15829
1297981,9812
1298077,10573
1298237,13741
1298542,14338
1298962,12411
1300306,10713
1300940,8979
1302782,8017
1302930,7173
1303099,7565
1304700,4655
1305779,7881
1306672,7249
1311683,5342
1312127,4609
1314328,3373
1315813,7949
1318294,7654
1318459,4791
1318599,8396
1318746,5527
1318885,5867
1319022,5161
1319240,4853
1319386,5858
1319886,5459
1320413,7931
1320581,4816
1320725,8491
1320863,7826
1320999,7758
1321144,7675
1321288,7564
1321544,9881
1321593,10065
1321628,10296
1321664,9239
1321934,8831
1322015,6723
1322183,8905
1322334,8988
1323349,9185
1323805,8602
1323930,8530
1324299,8792
1324454,8689
1324588,6881
1324804,7840
1324945,6231
1325086,5109
1329289,3531
1329631,3949
1330380,4231
1331049,5901
1334633,7204
1334735,5487
1334815,5521
1334975,7033
1335097,5801
1335210,4385
1335535,4596
1338382,4989
1338552,4274
1338744,7704
1338900,5587
1339204,7285
1339378,7444
1339640,8481
1340167,10209
1340369,10227
1340550,9690
1340698,8712
1340943,8359
1341253,6572
1341299,8983
1341333,8024
1341584,6023
1341748,6169
1342052,5150
1342601,9691
1343744,5120
1344535,5939
1344932,6643
1344955,6883
1345716,6233
1345980,7175
1346384,5510
1346410,6082
1348665,4989
1351651,3579
1352041,4751
1352270,4151
1352548,5763
1352767,4616
1354350,6214
1354799,3817
1355059,9404
1355268,5597
1355420,5045
1355810,5922
1356009,4608
1356253,5399
1356451,4769
1356628,5365
1356824,10233
1356946,5779
1357079,9345
1357223,8942
1357410,8445
1357872,4506
1358377,11550
1361809,4844
1362179,6356
1362345,6291
1362817,5319
1363298,5474
1363447,7142
1363652,7728
1363800,7487
1363936,8088
1364074,6210
1364304,5060
1364330,6601
1365140,5018
1365541,4677
1365915,5534
1366193,7001
1366448,5833
1366493,6769
1367663,4422
1367808,4399
1371999,3753
1372346,6204
1372604,5645
1372804,5075
1373020,9181
1373259,11545
1373429,8757
1373681,9965
1373798,9978
1374108,5345
1374349,7759
1374673,5325
1374893,7200
1374963,5881
1375372,8632
1375592,7196
1376910,6995
1377376,5704
1378775,7115
1379402,6429
1379908,4533
1380785,5294
1380980,5162
1381041,10572
1381284,6585
1381365,5412
1381455,4518
1381815,5252
1382334,6310
1387930,4182
1388072,4250
1388231,5758
1388370,5352
1388633,4639
1388779,4712
1388918,5165
1389029,5565
1389167,5577
1389282,5554
1389462,4178
1389598,5399
1389660,5404
1390870,3355
1391937,7751
1392435,3705
1392550,5362
1393936,4219
1395961,4774
1396087,7135
1396133,5584
1396175,8451
1396209,8092
1396277,4903
1396302,4487
1396463,7585
1396599,4650
1397610,7052
1397960,5212
1398705,5050
1401790,3825
1401851,4739
1402086,3798
1402317,3847
1402950,5715
1403207,5021
1403660,5463
1404027,5530
1404383,4110
1405772,4164
1406193,4383
1406778,3554
1406958,5435
1407000,7298
1407221,6525
1407235,7005
1407264,6560
1407315,7475
1409839,5745
1410010,5106
1410625,4967
1412175,3305
1412480,6791
1412590,4296
1412990,6501
1413066,4273
1413356,5759
1416081,3558
1416327,4217
1416556,4911
1417392,5520
1417604,4881
1418063,5017
1418142,5126
1419899,3907
1420419,4465
1420554,4822
1420685,3485
1420844,4779
1421705,3541
1421956,3541
1422484,6007
1422951,5760
1426017,4189
1426078,3667
1426652,5627
1426658,4955
1426923,8894
1427034,5733
1427290,4199
1427751,4016
1427807,4612
1428004,3911
1428456,5938
1429328,3902
1429895,4675
1429936,5688
1430139,5335
1430613,3630
1433379,4225
1433597,6695
1433691,4492
1434046,6157
1434700,4066
1435141,5313
1435402,4674
1435710,5420
1437347,3680
1437500,4632
1437948,4231
1438068,4592
1438637,5795
1438821,4444
1438942,7088
1439436,5046
1440619,6071
1440749,6792
1442394,4405
1442694,4979
1442836,10249
1442969,6673
1443106,7962
1443318,9146
1443459,9376
1443605,8391
1443741,9017
1443880,8181
1444011,5375
1444140,9474
1444275,9333
1444520,8545
1445255,8041
1445677,8439
1447709,5986
1447952,7259
1448018,9783
1448138,11451
1448181,12855
1448610,4838
1449175,4590
1449456,7242
1449676,4540
1450075,4792
1451120,5797
1451660,8201
1451815,8977
1452030,8955
1452283,10722
1452547,11377
1453120,6364
1455816,5493
1456560,5829
1457212,11199
1457302,6506
1457338,7140
1457373,7198
1458180,6589
1458489,5752
1459102,5792
1460292,8358
1460450,5180
1460627,7937
1460823,15053
1461137,8199
1461377,7038
1461518,9306
1461639,7636
1461752,5723
1461865,6846
1462186,6727
1462422,10950
1463191,10435
1463361,7581
1463629,12853
1465915,5046
1466090,9524
1466235,13620
1466421,5445
1466587,8727
1466725,5919
1469149,10166
1469553,10823
1469703,11499
1469842,11967
1469993,9081
1470160,7811
1470294,10514
1470438,10566
1470599,10497
1470637,10274
1472785,11961
1472977,8990
1473135,13455
1473556,7880
1473871,8771
1475407,9767
1475962,8910
1476150,7743
1476630,8354
1476810,9171
1476978,7585
1478653,7557
1478830,7836
1479317,7212
1479406,12467
1479653,11905
1479933,6336
1480612,9189
1482911,9068
1483615,9074
1483682,9287
1483733,9080
1483778,9516
1483835,14033
1483993,5702
1484170,7557
1484340,7421
1487381,10747
1487806,4956
1488858,5912
1489094,8300
1489262,7214
1489581,9073
1489736,8163
1490588,7362
1490752,6999
1490908,6925
1491070,8326
1491218,11603
1493907,8268
1494117,8000
1494844,7025
1494864,7797
1494933,8873
1495115,7804
1495259,9282
1495535,8024
1495675,9036
1495723,8916
1495798,11723
1495968,8805
1496101,6774
1498603,12258
1498949,9018
1499132,11851
1499430,7839
1499527,11687
1499717,4450
1500407,7499
1500583,7022
1500625,14896
1500667,13300
1500728,13479
1501122,17379
1504948,10204
1505179,8741
1505317,17963
1505458,9747
1505924,26180
1506101,7338
1506267,15563
1506471,14669
1506673,10147
1506817,8657
1507050,8621
1508561,14555
1508829,22706
1508993,22418
1509132,16449
1509608,12876
1509764,13167
1509943,12754
1510192,15028
1510383,25655
1510661,23428
1511450,19835
1511653,19545
1511791,19048
1511927,18830
1512308,18782
1512434,17381
1512620,19859
1512674,20524
1512769,17487
1512914,17691
1513277,21806
1513489,14590
1513529,14777
1514169,20851
1514337,20882
1514791,20487
1514921,12504
1516184,17610
1516410,17475
1516598,16778
1516855,10930
1517249,11391
1517416,11693
1517654,11248
1518146,12846
1518217,12229
1518572,11343
1519127,13005
1519299,13385
1519646,16237
1521297,13602
1521472,13685
1521652,15559
1521992,14538
1524408,11859
1524741,10204
1524931,12193
1525373,9419
1527192,8747
1531554,7469
1531662,7924
1531726,6727
1531844,7420
1532396,9216
1532909,7524
1538454,3632
1538909,4856
1539633,6502
1539911,4791
1540500,8649
1540592,3673
1541188,11508
1541375,12005
1541545,11559
1541695,12439
1541929,9687
1542117,12474
1542237,12411
1542387,13390
1542574,9750
1542706,9888
1542834,9983
1542988,10610
1543188,10299
1543331,10541
1543511,13076
1543780,10783
1544098,14067
1544306,18520
1544444,16504
1544571,17199
1544723,17546
1546244,20797
1546420,16037
1546615,20664
1546785,6952
1546940,6343
1547102,7781
1547261,18900
1547430,17866
1548000,15667
1548174,20623
1548327,21568
1548490,24284
1548601,10553
1549558,14791
1549663,14738
1549717,18430
1549767,13933
1549821,15386
1549867,15837
1549911,22974
1549979,23603
1550033,15172
1550083,15030
1550134,15257
1550197,20561
1550290,25334
1550343,24310
1555595,18695
1555861,18096
1556020,16053
1556176,8712
1556328,15874
1556488,17866
1556733,17001
1556891,20235
1557569,20554
1557834,13987
1557992,14938
1558565,21253
1558724,21516
1558882,22589
1559040,19218
1559349,20794
1559703,20361
1559846,21928
1559959,20835
1560467,17410
1560780,18275
1560947,18245
1561187,18462
1561378,17311
1562568,18307
1562760,12637
1563002,15786
1563159,10249
1563860,17261
1564026,15390
1566292,15382
1566458,16599
1566667,13718
1566817,15178
1567590,14846
1567731,15436
1568538,14799
1568986,13348
1569153,11835
1569202,13082
1569331,13295
1569444,12490
1569867,12021
1570025,11135
1571664,9739
1571831,7180
1573121,8181
1584109,5224
1584830,6298
1584977,5010
1585427,5688
1585660,6076
1585745,5722
1585890,6855
1585967,8292
1586169,5226
1586615,7327
1586676,6647
1586870,7091
1587346,5909
1587713,5437
1588854,5532
1589166,5168
1590391,5833
1590936,5542
1591171,6256
1591257,5584
1594796,4485
1595123,4729
1595856,4344
1596751,3642
1597727,6492
1597840,4005
1598061,3545
1598591,5063
1598653,4944
1599016,4689
1600088,4392
1600788,8210
1600881,6813
1601154,5073
1601241,5707
1601329,6534
1601947,6768
1602169,6651
1602336,4528
1603054,11054
1603182,8631
1603327,7499
1603554,7124
1603805,7135
1603996,7207
1604309,4955
1604659,7604
1604899,7430
1605061,8314
1605125,6919
1605232,6407
1605451,7568
1605629,4764
1609591,5437
1609694,6962
1609901,5210
1610105,6336
1610357,7388
1611387,6496
1612115,7075
1612145,6112
1612191,9463
1612232,7048
1612275,7945
1612314,7409
1613287,8619
1613325,7494
1613368,8536
1613387,5925
1613406,10178
1617364,5811
1617395,5320
1617780,6563
1618287,6427
1618516,5904
1618662,5343
1618793,6569
1619930,4367
1622388,3916
1624416,4208
1625711,4362
1625900,3693
1626396,5850
1626557,7507
1626614,8917
1626782,7021
1627789,6228
1627938,4473
1628042,5868
1628208,5652
1628854,5260
1629875,6520
1630116,5195
1630258,8321
1630294,6990
1630311,5341
1630570,7045
1631683,6556
1631872,6758
1632103,6187
1632247,6826
1632437,6510
1632964,6825
1633003,6786
1633889,5523
1634038,6330
1636913,4229
1636955,4124
1637465,5472
1637904,5324
1638608,6054
1641163,5836
1641357,3466
1642184,7688
1642357,7559
1642533,8150
1642563,11886
1642774,9069
1642955,6814
1642983,6843
1643579,8371
1643738,9978
1643865,8355
1644012,5625
1644158,8078
1644453,8389
1644882,10131
1644963,7511
1645126,9710
1645626,6391
1645735,7282
1647145,9189
1647187,8508
1647839,8736
1648323,7512
1648863,6306
1649305,9615
1649581,8625
1649865,10175
1650135,7660
1650324,8916
1650812,7800
1654080,6274
1654736,5892
1655912,3910
1656577,4296
1656743,5452
1657008,4398
1657829,3777
1658258,5444
1658405,4107
1661543,4202
1661766,4039
1662322,5477
1662330,5462
1662375,5476
1662565,5913
1662830,5216
1663484,5513
1664063,5386
1664753,3864
1665170,3742
1665563,4805
1665775,4535
1666845,4995
1667108,4244
1667492,4702
1669792,5459
1669941,5250
1670114,5696
1670277,6639
1670427,5187
1670555,5591
1670696,5587
1670848,6797
1671016,6061
1671240,10393
1671468,5531
1671980,4957
1672744,6206
1673794,6075
1673963,7605
1674104,6487
1676320,5365
1677144,5687
1677810,5521
1677878,4769
1677964,4208
1678319,8177
1678435,8519
1678544,6662
1678778,7248
1679119,7055
1679391,6306
1679659,7267
1680269,6973
1680389,6593
1680976,6264
1681162,6650
1681514,7171
1683723,5895
1683756,4694
1683922,5870
1684176,5867
1684236,5000
1684790,4365
1687288,4007
1688028,5574
1688146,3815
1688464,4707
1690209,4373
1690555,3229
1690874,6295
1691277,7555
1691428,5248
1691957,4608
1693648,4212
1693730,4859
1693915,7052
1694056,5844
1694265,7478
1694381,6497
1694490,7440
1694709,6496
1694844,3914
1694992,7208
1695555,5204
1696716,5334
1697407,4774
1697668,4664
1698821,5449
1698921,3786
1699114,4673
1700094,5288
1701390,6191
1703484,5293
1703916,3878
1704266,9189
1704698,11931
1704711,8424
1705019,7807
1705039,7631
1705207,5219
1705237,7491
1705390,5762
1705643,8673
1707324,13974
1708380,4583
1708902,10198
1709081,10560
1709177,6704
1709258,6775
1709326,9443
1709393,8270
1709484,8119
1709843,10816
1709895,3902
1709928,9229
1710003,11425
1710073,11692
1710146,12218
1710955,7192
1711541,8102
1712532,6482
1712681,6270
1712885,8599
1713201,9044
1713756,7969
1714584,9546
1714855,5976
1715165,7233
1718205,4108
1719372,4343
1723263,3991
1724106,6009
1724484,5958
1724658,4399
1724740,3742
1725188,4548
1725499,5106
1725739,4522
1725883,5448
1726142,3717
1726436,5441
1727371,4878
1727490,5991
1727531,4592
1727683,4531
1728273,5399
1728393,4445
1730195,7516
1730948,5637
1731109,4826
1731949,8525
1732091,5098
1732302,5407
1732463,6206
1732760,7042
1732901,5256
1733195,8400
1733385,6854
1733858,7242
1734305,6395
1734706,9780
1735213,7916
1736917,8665
1737073,8564
1737758,4811
1737892,6741
1738542,6175
1738771,7274
1739951,5897
1740152,4982
1740178,4840
1740221,9427
1740275,11527
1740315,9394
1740333,10667
1744137,7423
1744834,7242
1745184,6437
1745453,7296
1745613,8294
1745734,8631
1745881,6710
1746100,9357
1746290,9575
1746408,7106
1746556,8205
1746696,8409
1748550,7260
1748973,4137
1749251,8420
1749889,7247
1749948,6753
1749982,10684
1750023,8275
1750053,9742
1750087,8146
1750123,9617
1750334,8791
1751310,6997
1751468,5751
1755679,5326
1756192,4938
1756412,4886
1757229,4239
1757405,5884
1757700,5715
1757874,6865
1758031,6815
1758335,5361
1758955,5994
1759171,5618
1759807,4844
1762435,6566
1762453,6173
1762592,7016
1762777,7478
1762965,8123
1763085,7093
1765105,7142
1765279,8045
1765474,8824
1765860,7543
1766023,7168
1766180,5826
1766427,9430
1766490,5569
1766869,6125
1767350,6310
1767635,9826
1767700,13376
1767750,13417
1767846,13876
1768274,9357
1768454,9255
1768726,8538
1769693,11565
1771266,8094
1771422,7442
1771598,9844
1771810,8092
1772223,7626
1772346,9028
1774808,6518
1774943,10805
1775011,14304
1776343,8431
1776437,5723
1776580,6464
1777031,8761
1777297,9277
1777811,9126
1778365,9030
1778743,11635
1778908,9410
1779281,8105
1779604,11238
1779939,7747
1783173,5994
1783614,6882
1783776,13539
1783934,11953
1784107,9948
1784572,12682
1784970,12665
1785210,10553
1785486,10462
1785561,10267
1786180,6308
1786305,9377
1786459,11361
1786633,11130
1786773,14341
1787473,14263
1787715,13499
1787857,9305
1788350,8236
1789219,9320
1789433,7056
1789587,14479
1789732,11870
1789986,11889
1790164,12631
1792225,11906
1792449,11803
1792613,11580
1792773,10786
1792907,10321
1793044,11967
1793162,9926
1793275,9009
1793731,16988
1794369,11863
1794394,13789
1794424,10785
1794462,10683
1794480,15939
1794535,10548
1794567,13033
1798559,6761
1799107,8833
1799333,11645
1799589,11631
1806363,5661
1806533,5418
1806681,5214
1807000,6045
1807409,5461
1807543,6357
1807692,6144
1808569,5392
1809271,9998
1809423,10055
1809844,12258
1810071,8507
1810220,8414
1810340,8836
1810473,9776
1810535,10789
1810756,8298
1810892,8246
1811059,14126
1811197,17024
1811342,16820
1811479,18643
1811622,15954
1811738,16083
1812182,14780
1814262,11610
1814606,8484
1814766,12067
1815537,10517
1815697,10410
1815840,11225
1816005,11352
1816145,10117
1816285,10500
1816430,11454
1816532,10171
1816688,20460
1816818,18952
1816949,18961
1817125,17810
1817343,17729
1818406,11353
1818724,8915
1819900,15554
1820115,14077
1820286,13446
1820933,15604
1821172,15546
1821372,8453
1822573,14212
1822729,14639
1822863,12448
1824217,10530
1824229,13936
1824600,13202
1827894,9965
1828276,9941
1828413,8304
1829920,7000
1830649,5601
1830993,6029
1832247,5086
1832398,5966
1832975,5884
1833134,5617
1839272,3410
1839983,6212
1840384,9602
1840575,10225
1840595,6446
1840839,6034
1840975,13082
1841000,13230
1841583,12347
1841642,9417
1841677,12481
1841733,9413
1841789,16162
1841830,16639
1841881,14213
1841901,19003
1841932,13989
1841986,20406
1842027,30397
1842234,6542
1842255,24456
1842305,24354
1842353,30426
1842631,8289
1843704,11922
1843795,18780
1844600,11841
1845562,15528
1847272,18544
1847956,19880
1848050,17751
1848567,19327
1848872,17318
1849212,17193
1849381,16383
1849559,16614
1849806,15296
1850062,12880
1850337,21484
1850615,17329
1851209,16885
1851231,15472
1851677,15614
1852234,15521
1852297,15093
1852409,10864
1852757,12547
1852777,12032
1852817,18101
1852875,18815
1852923,19909
1852967,15612
1853073,11825
1853389,16616
1853491,17233
1853707,11963
1853952,12345
1854728,12971
1855678,14590
1855704,16674
1856913,15278
1857123,14058
1857278,17698
1857581,17274
1860240,9727
1861671,13411
1861831,14125
1861897,13710
1862077,13625
1862161,14216
1863289,9588
1863365,10016
1863838,12597
1864024,11561
1864484,10179
1864602,10809
1870111,9493
1870284,9443
1870435,9240
1870993,6494
1876547,4685
1876742,5055
1876786,3869
1878045,5164
1878310,4804
1878453,5944
1878487,4496
1879943,8151
1880102,6038
1880344,6549
1880590,4143
1880735,7058
1880889,7601
1881026,6543
1881165,6054
1881321,5818
1881472,6652
1881839,5003
1881959,6265
1882072,7255
1882285,6806
1882493,7240
1883582,6367
1883861,5476
1884407,5386
1887755,5224
1890978,7821
1891217,7222
1891253,7905
1891714,9234
1891857,8754
1892044,8623
1892169,9701
1892304,6907
1893060,7741
1893219,7631
1893399,5648
1894623,4069
1895345,5407
1895494,8442
1895935,4619
1896125,5881
1896290,5653
1896453,8528
1896564,9509
1896778,8792
1896918,8804
1897072,8564
1897283,9107
1897403,12960
1897541,12123
1897675,10942
1897808,10266
1897944,11520
1899264,9648
1899581,6998
1899732,7179
1899991,7765
1900728,8114
1901309,7046
1901932,6784
1902065,7407
1902551,6845
1902698,5104
1902831,6241
1903165,8433
1903215,8583
1903590,6602
1904034,7586
1905031,5040
1905693,5627
1908656,4175
1910318,6452
1913483,7903
1913563,8549
1913597,7147
1913800,6510
1913957,7078
1914047,7270
1914451,5927
1914844,7370
1915393,6768
1916379,8876
1916596,8411
1916753,5867
1916909,7785
1917067,8291
1917217,9123
1917374,10693
1917547,10625
1917707,13387
1917867,12519
1917954,10990
1918036,10667
1918186,11282
1918335,11289
1918723,10952
1918756,14409
1918920,14656
1919074,14625
1919192,13432
1919348,10601
1919580,9803
1919825,10536
1919964,9694
1920016,10249
1922327,5984
1923890,9411
1924238,10063
1924554,8421
1925153,5544
1925424,7826
1925621,6792
1925759,6106
1929758,5145
1930171,6825
1930664,7530
1930955,5652
1930995,5857
1935009,4844
1935068,3931
1935572,5182
1935611,4648
1935761,5110
1935884,4907
1936022,4869
1936122,5120
1936443,6070
1937423,5432
1937595,4344
1937852,6513
1939199,4407
1941254,7874
1941362,6666
1941578,6166
1941845,6503
1942062,5400
1942193,4827
1942443,3986
1943005,7324
1944495,6143
1944542,6756
1944591,6021
1944911,5273
1945079,3896
1945474,5220
1945617,7814
1945777,5676
1946007,10040
1946271,10001
1946419,9678
1946469,5644
1950104,6041
1950405,7168
1950607,7453
1950881,8849
1951038,6973
1951217,5664
1951374,5621
1951626,5476
1953032,4410
1953207,5396
1953331,4451
1953469,3667
1954758,3446
1955166,6489
1955276,6580
1955396,4486
1956336,6158
1957125,5174
1958326,4337
1959639,7794
1960201,4920
1960356,5997
1960479,5650
1961057,9537
1962640,6308
1962793,8236
1962947,6051
1963134,4853
1963568,5727
1963833,4347
1964696,9886
1964894,12676
1965216,9872
1965453,16152
1965674,14019
1965807,17212
1965962,7854
1966633,19449
1966786,12267
1966907,15298
1967044,12179
1967195,13443
1967341,13774
1967460,14422
1967593,13659
1967750,17627
1968019,12730
1968211,13803
1968333,13259
1968783,17201
1969333,20301
1969550,14281
1969758,14189
1969921,14455
1970083,14728
1970221,13676
1970337,14770
1970481,15103
1970531,14639
1971628,13382
1971869,17278
1972031,16369
1972169,16072
1972300,24988
1972435,24584
1973020,24432
1973159,20355
1973346,19166
1973516,22287
1973639,21027
1973764,21171
1973891,21335
1974040,21299
1974163,20111
1974577,18346
1974762,18307
1974923,18297
1975480,19104
1975575,16171
1975731,17892
1975894,17965
1976061,18122
1976227,18060
1977713,18520
1979428,17680
1980941,14773
1981347,13943
1981612,12817
1982058,14381
1984781,14983
1985627,13512
1986309,11317
1986592,9152
1988886,10514
1988998,9103
1989043,10527
1989205,10628
1990495,9595
1990648,7605
1991108,5282
1991630,8255
1991871,7152
1992110,5586
1995782,6807
1997173,5872
1998271,4393
1999590,3639
1999917,4347
2000196,5863
2000350,6675
2000514,7513
2000927,6045
2001063,7077
2001196,6996
2001915,4799
2003435,4651
2004595,3968
2004941,4082
2005009,4822
2005287,3673
2005590,3742
2006799,6522
2007217,5163
2010149,3449
2010803,5852
2011137,5951
2011355,3797
2012339,3691
2012562,4474
2013328,5314
2013547,5042
2013698,7401
2013833,9386
2013986,6388
2014142,6807
2014263,12158
2014425,12192
2014577,11739
2014749,9708
2014908,12166
2015124,10717
2015245,10011
2015392,15748
2015712,15634
2015852,15038
2016155,20197
2016223,26116
2016359,21059
2016578,16564
2016703,17466
2017131,14787
2017291,17996
2017860,17151
2018051,9380
2018228,12748
2018381,16836
2018965,17328
2019110,16278
2019312,17171
2019453,15718
2020064,17261
2020473,17354
2020647,11213
2020788,16418
2021343,12368
2021787,11808
2021929,10125
2023263,8844
2023475,13859
2023553,11166
2024589,10867
2024760,10070
2024933,9463
2025091,14127
2025344,17842
2025517,9117
2025677,12554
2025950,22036
2026125,15361
2027552,15196
2027722,14974
2028042,13389
2028102,14544
2028151,10716
2028206,14387
2028265,12523
2028824,9210
2029276,13518
2029583,13410
2031464,17395
2032154,17806
2032606,17068
2033334,16391
2036635,12986
2036820,13250
2036962,13159
2037515,10557
2038053,10969
2038349,15065
2038497,9393
2038654,15021
2039041,14225
2040447,17540
2040983,10570
2041541,14043
2042824,10028
2043018,9919
2043214,9998
2043350,10129
2044499,14050
2044582,9066
2044745,11268
2044889,11986
2045031,10796
2045170,14953
2045306,14394
2045444,14778
2045589,12891
2045726,13597
2045859,13964
2046000,14884
2046138,14700
2046276,12529
2046439,12313
2046645,12008
2046903,11800
2047033,11567
2048154,13799
2048319,13407
2049112,10922
2050252,9890
2050446,8974
2050553,10044
2051360,9288
2051587,8707
2052606,6581
2058288,5578
2058677,6646
2059007,4601
2061196,5520
2062019,4299
2062843,4134
2062981,3552
2063169,3685
2063376,5505
2064253,4405
2064349,4010
2064607,5109
2067087,5060
2067274,4818
2067423,10589
2067549,7024
2067584,11317
2067592,11029
2067647,10976
2067684,8120
2067704,7873
2069761,9369
2069969,9210
2070128,8839
2071731,7496
2072270,7005
2072431,6587
2072594,6745
2072839,6927
2072979,6088
2073146,6272
2073703,9691
2073852,6487
2074057,6355
2074178,7869
2075901,7701
2076069,6045
2076092,11025
2076318,4484
2076485,3668
2077436,9287
2077667,5807
2077837,5021
2078099,5772
2078262,8592
2078417,7605
2082932,4110
2083903,5999
2084070,5575
2084130,4279
2084390,3938
2085038,3443
2085195,3591
2085501,4812
2085549,5419
2087077,6236
2087426,5569
2087501,3926
2088015,4391
2089431,4997
2091543,14388
2091968,9245
2092237,20357
2092760,8078
2092922,18857
2093784,11318
2093947,12680
2094101,14737
2094596,9428
2094718,10138
2094776,6218
2094848,10143
2094897,13825
2094948,14322
2095609,9598
2095792,14427
2095967,19244
2096155,17647
2096341,18462
2096529,12901
2096711,13620
2096883,13546
2097064,13555
2097237,12337
2097430,11675
2097587,12349
2097765,12287
2097949,12811
2098132,11700
2098927,11602
2099119,12082
2099302,15953
2101541,10902
2102420,8873
2102656,11191
2102816,10106
2102964,10431
2103101,12035
2103233,10453
2103365,9978
2103551,9654
2103681,10041
2103847,9047
2105303,7664
2105486,13742
2106470,15108
2106812,12364
2106981,12144
2107146,11804
2107308,10179
2107482,10160
2107962,10408
2108259,11085
2108438,10606
2114002,8481
2114182,7909
2115896,7008
2116068,5918
2116213,5822
2116351,5733
2116496,5227
2117035,4609
2117660,4112
2119156,8338
2119314,9655
2119474,13144
2119765,10746
2119812,9337
2119948,9152
2120106,8943
2120226,10186
2120385,8815
2121698,9278
2123730,13431
2123751,9246
2123912,21263
2124082,11630
2124238,15373
2124392,19964
2124581,8451
2124779,10995
2124935,7290
2125095,6926
2125490,12095
2125667,6966
2126069,17691
2126823,18813
2126861,14386
2126994,12954
2127163,16654
2127322,13155
2129313,12489
2129621,15109
2129960,10852
2130120,10900
2130255,9438
2130441,8795
2130584,9416
2130777,8975
2130914,14323
2131053,10902
2131190,11709
2131326,12005
2131460,10602
2131651,10478
2131795,12398
2134588,13362
2134767,12813
2134905,10191
2135050,15422
2135168,14982
2135284,15999
2135407,20273
2136642,21749
2137638,21190
2137787,19560
2137937,15478
2138082,16531
2138582,15857
2138986,14216
2139269,16886
2139417,20303
2139778,15953
2140026,15442
2140859,21308
2141130,19633
2141278,14134
2142220,19143
2142392,17428
2142601,19985
2142846,17910
2143180,22440
2143378,17315
2143654,18320
2145552,19701
2146146,15208
2146308,16427
2146462,16410
2146608,16400
2146726,16698
2147176,18002
2147308,8046
2149692,13560
2151444,13360
2151648,14128
2151778,10791
2152875,11737
2153034,14275
2153232,8640
2153445,13624
2154024,12407
2154855,11251
2155030,12672
2155190,12197
2155512,5900
2155988,12765
2156233,13158
2156423,12786
2157159,9958
2157375,6256
2158898,14516
2159205,9003
2159360,9950
2159515,18818
2159981,12236
2160122,12303
2164463,14334
2164837,5977
2165488,8363
2165571,17654
2165722,13561
2165843,10495
2165978,12938
2166260,13134
2169880,4178
2171395,4697
2171592,7823
2171644,7574
2171690,7477
2171742,7245
2171837,9647
2171890,10468
2171935,10409
2171978,12142
2172015,20402
2172083,19749
2172130,21037
2172176,14585
2172218,14568
2172272,12289
2172904,6973
2176052,8693
2178547,14340
2180779,5843
2181525,9472
2181677,8610
2181877,8751
2182143,6242
2182819,8949
2183259,4933
2183534,7710
2184790,15005
2184839,15006
2184878,14717
2184912,13324
2184981,12131
2185000,12137
2185031,14377
2185075,13356
2185095,12499
2185132,14772
2185151,14314
2185207,14516
2185705,13916
2185781,6291
2185785,7496
2185942,15292
2186912,12811
2187162,10888
2187773,12005
2188673,10997
2188702,11493
2188966,10381
2194131,5650
2194589,7390
2194633,9157
2194669,7618
2195055,8020
2195548,10687
2195635,12779
2195702,11667
2195723,11138
2195795,10651
2195816,12760
2196189,6004
2196637,4695
2196931,8602
2197293,6287
2199025,7945
2204078,4642
2204233,5457
2204366,5022
2204499,5659
2204659,4782
2205468,5845
2205676,6940
2206551,5099
2206699,5492
2207014,4812
2207158,4857
2207402,6686
2207555,5244
2207851,10640
2208011,6681
2208164,6308
2208452,9038
2208763,9128
2209483,7872
2209734,9174
2209857,8713
2209985,10090
2210197,5774
2214662,5371
2214795,5334
2215398,5776
2215708,5203
2216989,5014
2217023,3991
2217048,7836
2217099,7823
2217150,6378
2217209,7726
2221208,5557
2221767,4488
2222413,6178
2223094,4295
2223262,6065
2223428,6192
2223548,5934
2223697,5067
2223843,4942
2224068,4851
2224965,5797
2225096,6129
2225213,4770
2225430,4810
2225752,5314
2225926,4827
2226824,4781
2226928,4198
2227264,4892
2227659,3750
2228172,5797
2228427,5293
2229227,4751
2229970,5162
2230770,4279
2232474,3917
2232489,5048
2232584,3534
2232723,4881
2234287,4240
2235279,3653
2235495,4042
2235614,3540
2236298,4356
2236662,9475
2237218,5397
2237363,5343
2237617,6122
2237927,8238
2240086,6196
2241173,5395
2241337,4090
2241664,4041
2241821,4665
2241943,4087
2242122,7565
2242873,5771
2243025,4765
2243140,6201
2243741,4326
2244230,4468
2244431,6485
2246617,3795
2246659,4335
2247095,3552
2247843,4235
2248105,4944
2248744,6430
2248765,3297
2249357,7398
2249486,4339
2252384,5807
2253051,4446
2253241,5357
2253480,5239
2253920,6233
2254050,4534
2254369,6452
2254485,5529
2254699,4368
2254906,4967
2255131,5447
2256194,5075
2256417,5799
2257131,5062
2259640,5972
2259744,3996
2260278,3755
2260335,5035
2260883,5031
2261068,4609
2261910,6000
2262364,3985
2262529,5218
2262727,4633
2262920,4687
2263573,4227
2264219,5236
2264420,5762
2264932,7108
2265222,4705
2265416,8803
2265690,9713
2265957,5625
2266659,4228
2267114,5085
2270445,5541
2270643,5279
2270810,5871
2270959,6810
2271103,5640
2271262,5954
2271408,9359
2271539,6411
2271659,12176
2271774,5892
2272005,5215
2272746,8285
2272796,7344
2273888,5586
2274259,8002
2274409,6298
2274907,10008
2275346,9976
2275445,7267
2275622,5762
2278431,6826
2278606,7316
2278730,8402
2278942,9264
2279098,9504
2279372,8579
2279740,7572
2280155,7740
2281420,5655
2281699,3983
2281838,4508
2282057,5071
2282238,6428
2282476,5039
2283378,6119
2283764,6947
2283917,7048
2284278,6375
2288287,4465
2288446,5984
2288534,5098
2288754,4975
2289258,4556
2289586,5329
2289747,5141
2290799,8590
2291027,4927
2291095,5226
2291153,4445
2291290,5198
2291425,4601
2293467,5875
2293713,4297
2294251,5382
2294309,7081
2294358,6703
2294405,8347
2295604,7473
2296095,5612
2296576,5662
2296728,6636
2296890,7623
2297032,8108
2297170,6765
2297572,6235
2297753,7464
2297902,6345
2298751,5572
2298905,5239
2301620,4754
2301909,3669
2302105,6475
2302951,4780
2303202,5377
2303421,6252
2303677,5705
2304470,5436
2304694,4465
2306091,3881
2306963,3295
2307298,6450
2307726,4319
2307772,5225
2307830,5021
2310437,3479
2310488,5416
2310548,7122
2310859,4175
2311131,5685
2311262,6460
2311357,6240
2311892,5881
2312264,6102
2313270,4022
2313313,5167
2313999,4892
2314049,6365
2314070,6947
2314111,12914
2314306,5486
2316208,4090
2316681,12194
2316712,6319
2317138,8436
2318329,9518
2319642,9568
2320002,8615
2321618,14152
2321856,14455
2322347,13768
2322585,5821
2323294,9347
2323358,11476
2323490,13874
2323752,4120
2324092,7685
2324275,7555
2324442,14688
2324560,4743
2324730,5672
2324914,6704
2325594,6997
2325659,10722
2325725,13187
2325784,13443
2325847,10903
2325895,11080
2325941,10550
2325995,13189
2326047,13391
2326101,10124
2326146,10060
2329701,9939
2329864,9725
2330139,9900
2337493,5497
2337559,4452
2337672,5566
2337764,6008
2338383,4797
2339262,4560
2339472,11999
2339749,4661
2340220,4498
2340267,6323
2340307,8156
2340366,11237
2340699,9733
2340894,6636
2341012,4668
2341537,5515
2344829,6932
2345605,7508
2346010,5701
2346260,5543
2346799,9534
2347263,4880
2347442,4799
2348075,8080
2348251,8707
2348270,11272
2348403,10836
2348629,10041
2348937,10110
2349832,16383
2349937,13771
2350302,11845
2350540,12540
2350731,12714
2350901,12362
2351070,8908
2351247,12138
2351582,11901
2352591,12388
2352702,10966
2352795,10702
2352866,9832
2352952,12740
2353127,13370
2353195,13958
2353399,13246
2353736,8869
2353937,14295
2354224,12755
2354503,14345
2354570,10902
2355052,14619
2357261,13226
2357345,14734
2357692,9683
2358066,8685
2358229,8644
2358380,9886
2359270,11385
2359427,11615
2359551,12090
2359643,9390
2359670,10212
2359690,7738
2367417,4436
2367706,6363
2367769,5780
2367866,6634
2367982,6880
2368210,7940
2368317,7852
2368411,8172
2372145,3391
2372391,5749
2372715,5311
2373247,3597
2374145,5441
2375026,4652
2375440,5931
2375591,5282
2375717,5309
2376415,7198
2376752,6923
2377057,8661
2377396,7895
2379710,5108
2379978,5099
2380193,7163
2380421,5919
2380555,5414
2380699,6429
2381657,7344
2382031,4854
2382229,7350
2382411,5017
2382480,6873
2382786,5103
2382982,6158
2383759,4987
2383940,6631
2384646,6236
2384847,5552
2388081,6399
2388154,5972
2388523,5749
2388691,7614
2388938,8133
2389095,5756
2389246,7448
2389455,6979
2390889,4056
2391500,7621
2391543,5047
2392345,4595
2392406,5582
2392561,3925
2392632,4813
2392697,5075
2393290,5195
2393628,4751
2394480,5048
2399654,4144
2399779,4735
2399985,5599
2400158,7614
2400377,5998
2400569,6920
2400833,5938
2401403,8223
2401446,7188
2401483,10476
2401550,7391
2401648,4907
2401768,5291
2401951,3255
2402419,4692
2402449,3558
2402699,4906
2403289,5338
2404002,3834
2405159,4005
2406810,3616
2407148,6135
2407327,6101
2407639,5816
2407876,6484
2407931,7126
2408031,6548
2408163,6051
2408291,5583
2408477,4562
2408762,6095
2410759,3967
2413612,3961
2414357,7043
2414540,8862
2414693,8165
2414892,8564
2415499,5841
2415814,7921
2415991,6631
2416140,6957
2416171,7277
2416222,7388
2416640,5691
2417017,8065
2417284,7842
2417428,6746
2417633,7284
2417828,8187
2418021,6930
2418280,7541
2418597,7097
2418840,6351
2419060,4943
2419257,5991
2419448,6404
2420021,5539
2420422,6323
2426269,4535
2426433,3802
2426954,4127
2427163,4191
2427300,8028
2427448,4890
2427661,7778
2427900,7684
2428011,6731
2428111,5605
2428876,4443
2429037,5155
2429173,4003
2429289,4755
2430896,6367
2431078,6006
2431247,5348
2431412,5565
2431659,6853
2431830,6752
2431997,6718
2432154,6536
2432310,5828
2432491,5417
2438212,4242
2438576,8549
2438796,4215
2438872,8271
2439360,6920
2440385,6825
2440412,4636
2440575,5830
2441137,7649
2441342,5603
2441731,10467
2441936,9902
2442149,6583
2442292,10932
2442532,9359
2442742,5758
2442898,5680
2443045,7829
2443671,6708
2443800,10125
2443921,13117
2444061,8951
2444538,5367
2445835,5088
2445886,7058
2447271,9442
2447475,7562
2447659,8837
2447818,9060
2447970,8842
2448190,8435
2448335,10100
2449369,9281
2449565,8512
2449731,10860
2449918,11307
2450037,8754
2450216,8708
2450413,11345
2450569,6194
2450707,7886
2451942,7733
2452352,7834
2452401,7472
2452430,8217
2452472,6064
2457528,5237
2458172,9509
2459060,6033
2459213,5088
2459356,5223
2459584,6908
2459731,6347
2459762,5141
2459886,7676
2460025,7666
2461584,5508
2461800,7978
2462759,5279
2463834,4531
2464000,4072
2466347,12266
2466524,13193
2466673,13747
2466813,8872
2466932,7279
2467137,7631
2467274,7348
2467430,8618
2467530,10826
2467836,13368
2468197,11494
2468421,12664
2468763,12352
2468886,11593
2469024,11456
2469219,14283
2469807,10242
2469900,12396
2469971,12482
2471479,9179
2471682,11794
2471853,8920
2472024,7864
2472180,7836
2472383,7020
2472837,8940
2472947,8679
2473042,10134
2473159,8978
2473243,9415
2473347,9679
2473448,8347
2473667,9183
2477626,9111
2482555,5338
2483403,5665
2483652,3329
2483910,4166
2484024,5311
2484255,3894
2484516,5346
2484575,6069
2484627,6461
2484815,3964
2485609,3631
2485842,3782
2486350,4506
2487093,4539
2487871,3805
2488377,5692
2489952,3907
2490980,4433
2491808,4214
2492104,3580
2493324,4272
2493394,3778
2494368,4520
2494727,4577
2494942,6753
2495195,5417
2495248,7810
2495939,7323
2496381,8400
2497000,8490
2498847,4617
2499597,5700
2499776,9721
2499867,9118
2499940,9131
2500027,8836
2500277,10572
2500484,8010
2501075,4348
2501361,7443
2501547,11066
2502237,8883
2502293,6322
2502347,5459
2503610,6481
2504051,9581
2504718,5179
2505744,5643
2505795,4999
2505885,6091
2506874,6707
2509729,5025
2510375,3976
2510680,4736
2511355,5495
2511702,3620
2512011,4096
2512530,4374
2512673,5088
2512895,4166
2513018,5316
2513131,6486
2513559,5605
2514194,5495
2516083,5614
2516187,6659
2516549,5305
2517908,4211
2518030,3968
2518168,4846
2518380,4081
2518502,8472
2519554,7907
2519723,7970
2519861,7506
2519978,7057
2520091,5485
2520443,7537
2520557,6123
2521090,7958
2521432,7444
2521706,4541
2522669,5737
2522887,7240
2523204,4868
2523242,6475
2525277,5564
2525651,9291
2525676,8396
2525836,9295
2526073,9152
2526188,9008
2526410,8875
2526645,7729
2527778,6121
2528078,7261
2528240,6601
2531285,4920
2531434,4738
2531498,5002
2531774,6588
2532041,5256
2532546,6045
2533405,5384
2536555,4320
2536735,4625
2536891,5438
2537027,5873
2537166,5097
2537309,6430
2537540,5418
2538398,5623
2538625,5506
2538822,5127
2538998,7665
2539118,6625
2539267,5873
2539414,8404
2539688,10023
2539838,9925
2541242,8254
2541415,8361
2541570,7475
2541705,8653
2541838,6948
2541971,7022
2542110,8693
2542250,11297
2542400,9823
2542569,10299
2542709,10076
2542848,7858
2543610,5836
2545617,8101
2545772,5590
2545951,11844
2546007,10377
2546159,10886
2546960,6232
2547139,9152
2547379,11203
2547462,10769
2549802,5373
2549819,6069
2549966,6484
2553475,6874
2553603,6077
2553764,5373
2553842,7009
2554034,5656
2554236,5934
2554565,6576
2555253,6909
2557285,7495
2557490,5458
2557535,6580
2557642,6191
2558712,4872
2559848,8971
2560004,6586
2560249,8939
2560412,6607
2560669,7302
2560709,7433
2560741,6375
2561210,8052
2564143,4319
2564456,4447
2564589,4117
2564900,4197
2565016,7097
2565211,6507
2565397,7021
2565886,9213
2565974,5087
2567685,6501
2568288,6922
2568624,7352
2568874,8617
2571360,8023
2571451,5728
2571633,4653
2571980,5251
2572235,4796
2572559,8017
2572685,7370
2572967,6690
2573162,11717
2573460,6343
2573674,7443
2573786,4323
2574168,7551
2574676,5573
2578554,6683
2578585,6404
2578749,6847
2578912,7798
2579041,7807
2579205,8588
2579333,9245
2579474,7984
2579536,6636
2579814,8316
2579954,8636
2580126,4929
2580270,7616
2580620,7404
2581129,5556
2581450,6490
2582829,7332
2583181,4229
2584329,5845
2588137,4449
2588622,4433
2588846,5223
2589140,4213
2589454,5025
2590000,4402
2591109,4891
2591529,3900
2591624,4313
2591788,5183
2591960,4755
2592029,5895
2592650,4537
2595370,6656
2595420,5243
2595582,9367
2595702,5993
2595828,10614
2595902,5718
2595997,6421
2596081,3273
2596278,5977
2596634,8395
2597022,6837
2597592,7571
2597789,7320
2599148,10505
2600712,7924
2602767,6876
2602911,6647
2603020,6718
2603265,7935
2603481,5985
2603567,5611
2603679,5955
2604087,6790
2604321,6123
2604499,5859
2606422,4070
2606578,4438
2606991,4355
2607107,5882
2607739,5076
2608022,5719
2608237,5132
2608323,6869
2609227,7496
2611853,3950
2613768,4148
2614252,4124
2614380,5897
2614687,7583
2614748,5835
2614898,5521
2615105,4915
2615245,5486
2615808,4580
2616548,6234
2617000,7616
2617287,8418
2617313,10009
2617375,11674
2617537,5388
2617694,5569
2617842,9192
2618025,6944
2618321,9372
2618442,7173
2619632,9565
2619910,9807
2621784,8141
2622223,6865
2622604,6850
2623613,6543
2623784,7662
2623937,6290
2624088,6187
2624210,6184
2624246,5831
2626212,6061
2626315,7931
2626482,6667
2626558,4351
2626760,4839
2631011,5859
2631207,5263
2631747,5437
2631934,6037
2632117,5690
2632288,6810
2632434,4455
2633276,5769
2633759,6490
2634142,5777
2634579,5682
2634707,5353
2634713,4948
2634850,5504
2635166,7121
2635221,9459
2635549,7591
2635818,6236
2636307,7031
2637220,5753
2637492,7118
2641034,4825
2641138,5766
2641290,6038
2641599,5981
2641750,4943
2641887,5104
2642125,5440
2645387,3379
2645419,5410
2646133,4222
2646939,3508
2647749,3620
2647790,4179
2647950,4657
2648048,3834
2648487,6357
2648841,4095
2649009,5008
2649272,4002
2649403,5980
2649701,5513
2649809,6116
2650492,6264
2650894,5699
2651157,6164
2651485,3702
2652958,6083
2653213,3970
2653377,3824
2653387,6575
2654021,5219
2654490,3472
2655235,5354
2658176,5134
2658207,6856
2658367,4856
2659023,4351
2659581,5903
2659747,5688
2660001,4769
2661435,6486
2661713,7327
2661739,4373
2662091,5237
2662138,3733
2662378,6236
2662990,4272
2663279,5935
2663474,6388
2666162,4466
2666307,4430
2667377,4345
2667597,6890
2667802,6936
2667966,6055
2668146,5683
2668269,8001
2668411,7400
2668588,7444
2668722,6470
2668857,6471
2668891,6211
2669067,4670
2671841,4983
2671899,4812
2672056,4081
2672515,5692
2672853,5485
2673327,4784
2674316,5655
2676902,7871
2676948,6649
2677142,7294
2677333,7051
2677463,10972
2677554,6272
2677887,11067
2678389,7641
2680164,7450
2680405,6570
2680840,8508
2680979,8152
2681114,7629
2681495,8800
2681910,6455
2682124,8702
2682324,6160
2682468,8390
2682763,6847
2682931,8128
2683140,8094
2683325,10137
2683471,14144
2683528,9112
2683667,10085
2683878,18979
2684084,13878
2684221,15499
2684818,14671
2685026,15529
2685176,13613
2685446,7678
2685762,13202
2685876,12290
2686046,11219
2686210,10608
2686467,13420
2686580,13093
2687676,10322
2690653,9182
2690891,8678
2691768,8366
2692337,11421
2692631,12650
2692841,13043
2693044,12159
2693206,11435
2694826,10047
2695078,10914
2695686,10051
2695850,11264
2696050,10785
2696171,9355
2696313,7574
2696545,9492
2696617,9428
2696636,11268
2696944,8645
2697106,9306
2699142,5316
2699323,4991
2699950,6675
2701565,6550
2701688,7322
2701737,6243
2702578,4638
2706169,3643
2707311,5355
2708157,5839
2708531,4014
2708689,5860
2709050,4912
2709355,6038
2710612,6031
2710682,6271
2710723,7577
2710809,6974
2711164,4854
2711213,6038
2711447,7816
2712615,6957
2712727,4913
2712924,4301
2713241,5566
2713492,4574
2714115,4953
2716198,3447
2717527,8966
2720376,4526
2721089,5403
2721688,11862
2722175,8437
2722704,9644
2722730,6239
2722915,11306
2723079,8399
2723234,11138
2723388,10501
2723632,8249
2723791,14655
2723949,8647
2724110,14457
2724274,14449
2724426,10897
2724673,13201
2724831,12388
2724988,23317
2725180,22293
2725338,17246
2725497,22229
2725658,21969
2725836,23049
2725999,21677
2726158,23552
2726323,23316
2727154,13760
2727310,17405
2727454,16201
2727805,18964
2727953,19165
2728103,19224
2728245,17947
2728384,17724
2728678,18333
2728820,17857
2728959,17996
2729100,17758
2729243,17148
2729382,17185
2729528,17703
2729667,15705
2730003,19776
2730160,14481
2730308,17264
2730580,18361
2731138,17642
2731301,17718
2731597,18346
2731762,18598
2731978,18123
2732144,19094
2732346,15600
2732840,14106
2733025,16470
2733185,14152
2733339,17783
2733697,14489
2734030,17266
2734472,14838
2734651,15180
2735549,14335
2737623,13148
2738124,12711
2739876,11542
2740057,11114
2740228,8403
2741109,9555
2753482,4134
2753709,3760
2754059,4742
2754185,4202
2754321,4345
2754438,6934
2754654,6812
2754849,4612
2754988,5898
2755130,5691
2755268,4986
2755444,6505
2755483,5853
2755617,7092
2756383,5020
2757129,3922
2757850,5735
2758013,5733
2758337,5554
2758958,5063
2759571,4557
2760281,3950
2761263,5045
2761383,4719
2764449,4974
2765399,5560
2766330,4656
2766560,4052
2766887,3888
2767552,4043
2767740,8320
2767966,10080
2767996,4750
2768146,6215
2768221,5073
2768350,5436
2768681,4783
2768911,6284
2769184,5549
2769811,5644
2770814,7481
2771119,7043
2771315,7264
2771632,5288
2771895,6572
2772084,7051
2772527,4793
2775260,4382
2775524,6511
2775627,5038
2775733,6519
2775873,4918
2775985,5990
2777515,4789
2777805,6601
2778006,4211
2778721,5436
2779051,4578
2779665,4656
2779727,4976
2779914,4012
2781380,3514
2781925,5208
2782452,4991
2785459,4339
2785564,6695
2785579,3590
2785714,3599
2786442,5121
2786499,7361
2786557,6607
2786774,5664
2786965,5917
2787156,8389
2787492,7298
2787594,7448
2787758,7232
2787959,6749
2788769,5743
2788929,5201
2789688,4388
2789839,5231
2790566,4726
2790720,4880
2792375,3594
2793084,3267
2793712,5124
2796939,4670
2796980,3948
2797140,6043
2797637,4074
2797788,5449
2798375,4244
2798626,3776
2798995,4296
2799568,3965
2799616,7173
2799828,3050
2800202,5092
2800336,5895
2800466,5826
2800760,5878
2800974,7391
2803913,5771
2804066,4360
2804799,8048
2804803,6826
2804925,9722
2804993,6757
2805028,9685
2805069,15819
2805400,7218
2805562,8032
2807109,9524
2807247,11055
2807298,8610
2807351,9094
2807402,10635
2807421,13380
2808096,14184
2808104,10506
2808198,10814
2808336,10393
2808454,10010
2810786,10163
2811292,9413
2811717,7708
2811897,6777
2812118,7554
2812476,10726
2812658,6619
2813869,9974
2813907,10708
2813944,11016
2813975,8542
2815211,11766
2815282,7951
2815551,12304
2815778,10957
2815996,9995
2816493,7455
2816564,9015
2816701,9871
2816957,10756
2817107,9347
2817556,9969
2818026,7911
2818558,7086
2819703,7512
2824068,3602
2824355,3830
2825175,5855
2825252,4190
2825386,6406
2825658,6589
2829636,5702
2829874,10571
2829950,10542
2830344,10246
2830534,7220
2830946,7257
2831113,5125
2831785,8800
2831953,13752
2832114,11077
2832317,11947
2832470,7919
2832685,10107
2832838,5922
2833805,10913
2833979,11646
2834136,7086
2834302,11429
2834461,8112
2834799,8873
2834954,12823
2835112,14896
2835279,14947
2835447,14896
2835614,14352
2835767,14131
2835919,13367
2836076,9977
2836235,9962
2836387,11213
2836564,9841
2837582,10280
2837752,7724
2837911,10133
2838072,9322
2839335,9547
2839559,9540
2839804,9663
2840050,10835
2840292,8254
2840754,8320
2841601,8138
2841704,8596
2841970,8958
2842270,8950
2842688,8326
2843046,8228
2843183,8525
2846920,4973
2847055,4051
2852596,3663
2853028,3873
2853138,4173
2853175,3354
2853936,3740
2854068,8606
2854198,3633
2854354,6039
2854547,6068
2854756,5727
2855024,6372
2855165,3975
2857613,6261
2857810,5395
2857881,6752
2858103,5111
2858244,6535
2858852,6673
2859029,5960
2859456,5229
2859847,5463
2860273,4848
2861938,4907
2862139,5454
2862940,4734
2863094,4313
2863927,4487
2865746,4071
2865978,4429
2866599,4919
2866910,4661
2867559,3529
2867802,5377
2868464,4378
2868497,7420
2868803,5896
2869248,6329
2869845,4241
2869986,4461
2870566,3723
2871035,3361
2871863,7728
2871890,8844
2872452,13580
2872864,13842
2873469,9889
2873727,12728
2874645,12888
2874795,10250
2874942,10677
2875090,12512
2875209,10945
2875322,10942
2875595,10777
2875738,12059
2875872,11835
2876030,10624
2876671,11162
2876892,11042
2877117,10765
2877294,10359
2877946,12120
2878159,13303
2878352,11812
2878491,12608
2878646,12684
2878780,11521
2878896,12298
2879009,13406
2879147,13496
2879290,16500
2879440,16523
2879805,15567
2879931,14888
2880063,18463
2880253,18706
2880439,18721
2881926,17220
2882145,17637
2882460,14275
2882636,14354
2882881,14599
2883156,12989
2883215,12978
2883267,12976
2883606,14224
2883858,15851
2884166,13561
2884341,13559
2884592,11506
2884909,11388
2887415,8605
2888461,8115
2888584,8355
2893993,6611
2894730,6705
2895102,6009
2896331,8112
2896771,6812
2897309,8315
2897405,7782
2897950,6665
2898265,5745
2898549,7435
2901954,5217
2902097,6827
2902284,5465
2902461,9055
2902600,5230
2902725,4746
2902839,12114
2902951,6062
2903064,6863
2903176,6019
2903473,15456
2903681,8431
2903827,8469
2904067,8773
2904207,13151
2904325,8047
2904649,7391
2905298,6634
2905426,11987
2910280,4101
2910792,4655
2911177,4068
2911668,9957
2911697,8792
2911872,10533
2912635,8702
2913104,6359
2913374,12717
2913571,14424
2913671,13986
2913941,17299
2914216,15203
2914436,15653
2914650,14996
2914794,14970
2915081,15411
2915288,15391
2915459,16637
2916070,11613
2916152,11201
2916172,13169
2916239,12393
2916272,11315
2916290,8655
2916337,10091
2916996,10912
2918946,9078
2919174,8613
2919584,8283
2919665,8295
2919894,7287
2920039,11975
2920974,12741
2920994,9362
2921173,14735
2921869,9236
2922726,11157
2922891,9922
2923093,12866
2923229,12497
2923350,11962
2923493,8986
2923622,12223
2924231,8471
2924284,10376
2924312,9327
2932995,3166
2933089,4708
2934058,3165
2934700,4193
2937171,6417
2937354,6296
2937778,4857
2937925,4574
2938110,6049
2938265,4820
2938416,4368
2938664,7426
2939229,5333
2939334,6973
2939377,5164
2939412,6431
2939456,6729
2939496,4724
2939699,4250
2940055,6352
2940850,5509
2941014,5441
2941724,5386
2947378,6139
2947552,6278
2947657,7421
2947804,6591
2947940,10247
2948084,8785
2948202,10525
2948336,14365
2948454,13636
2948579,11171
2948613,14508
2948683,14385
2948775,11648
2948924,14398
2949055,12089
2949333,14568
2949687,12556
2949883,11536
2950062,12488
2950233,8844
2950825,6913
2950896,12534
2951091,10668
2951349,9439
2951881,11599
2951941,11792
2951995,12298
2953625,10394
2953924,9576
2956646,11023
2956943,7733
2957090,9647
2957234,17628
2957374,20412
2957561,10317
2958146,17598
2958288,16474
2958424,15169
2958559,17083
2958695,15962
2958830,12717
2959022,19873
2959711,16878
2959902,22226
2960052,12558
2960198,14519
2960351,14267
2960610,8169
2962005,12306
2962160,10560
2962317,11888
2962465,8754
2962787,16004
2966801,5388
2967710,7318
2969209,20877
2969380,16479
2969558,14628
2969718,12517
2969878,14259
2970036,12831
2970410,15560
2970458,11643
2970616,16460
2970781,12541
2971004,14806
2971384,13103
2971869,17149
2972031,17094
2972276,15199
2972444,15119
2972662,17455
2972815,17962
2972968,17003
2973125,19900
2973285,15924
2973496,14529
2973719,14768
2973888,19336
2974047,17069
2975576,17277
2975748,15015
2975907,17064
2976074,12090
2976226,16697
2976377,14666
2976534,14780
2976691,9696
2976849,10124
2977003,8690
2977163,9157
2977316,11948
2977466,13242
2977624,11851
2978233,14433
2978396,13947
2978565,14611
2978718,14676
2979002,12805
2979268,12919
2979412,13065
2979547,12343
2979823,12116
2979978,11291
2984898,10327
2985080,9246
2986022,8880
2987173,8993
2993441,4475
2994259,4157
2995056,4183
2995522,3485
2996481,3538
2996818,3323
2997154,4362
2997291,4413
3000565,3921
3001014,5432
3002470,4974
3002962,4007
3003136,4742
3003306,7166
3003947,4426
3004078,4647
3004244,4925
3004558,5813
3005077,4894
3005238,5829
3005391,5615
3005664,7384
3006502,6349
3007146,6004
3007541,7203
3007748,6887
3008018,5591
3008204,6620
3008406,6136
3008592,6808
3008787,6163
3009211,6886
3009687,6708
3010204,5370
3010776,5498
3011543,4499
3012453,5431
3013457,5421
3014136,5080
3014557,4746
3017421,4235
3017566,4267
3018142,10166
3018163,5722
3018209,10400
3018229,10802
3018272,10653
3018332,10481
3018369,10051
3018470,12068
3018970,4308
3019031,8930
3022639,4977
3023783,7072
3023981,7088
3024140,6826
3024292,10553
3024447,6870
3024609,7144
3025125,10209
3025363,9699
3025549,9878
3025707,9945
3025860,9090
3026023,14312
3026285,10745
3026337,11035
3026390,10737
3026491,9839
3026702,8456
3026932,13214
3027100,8150
3027306,13153
3027471,12741
3028075,10417
3031584,8993
3031728,15323
3031836,8560
3031999,8274
3032572,8240
3032741,8023
3032891,7760
3033043,9735
3033195,17746
3033354,14026
3033513,14156
3033681,12676
3033881,13886
3034046,13444
3034205,14801
3034356,15225
3034516,14942
3036160,14022
3036483,13948
3036701,12704
3036866,12764
3037209,16703
3037448,16683
3037575,15670
3037629,16511
3037689,21242
3037734,20353
3037786,17542
3037847,19623
3038185,15622
3039254,18335
3041950,12490
3042106,18232
3042578,14174
3042847,15291
3043629,9918
3043779,11982
3043908,12387
3044089,13009
3044480,13844
3044558,9744
3044724,11776
3045294,8344
3045455,15640
3045589,11763
3045829,12546
3046032,12635
3046196,11769
3046463,11432
3046610,9991
3048108,10494
3048275,13024
3048427,8373
3048573,8074
3048639,9580
3053011,10412
3056017,9179
3056321,8813
3060375,6102
3060673,6644
3060917,8472
3061332,7334
3061485,7094
3061583,7908
3061814,8068
3061946,7498
3062081,8366
3062407,9254
3062451,9303
3062537,10111
3063118,7512
3063266,10056
3063445,9813
3063896,7430
3064256,6873
3064418,6860
3066202,7919
3066598,7632
3067000,7481
3067154,6781
3067355,6968
3067495,11308
3068611,7040
3068780,8323
3068901,8085
3068927,11022
3069006,7572
3069015,5414
3071456,11468
3071705,7879
3072213,6647
3072354,10671
3072486,8779
3072606,9074
3072774,10202
3072918,8082
3074905,8275
3075065,8269
3075202,7871
3075816,9016
3076047,9056
3076231,8745
3076815,8392
3078206,8239
3079556,10322
3079749,5409
3079982,13443
3080159,11914
3080725,9339
3080877,10380
3081103,7059
3081296,17328
3081452,9310
3081826,10926
3081963,9353
3082137,9229
3082280,7211
3082432,9127
3082572,11111
3082717,16406
3083361,10206
3083534,9428
3083654,8374
3083769,12698
3085676,10872
3085849,10437
3085992,7808
3086218,7757
3086459,15512
3086798,10658
3087453,12409
3087986,12341
3088201,12826
3088351,13567
3088488,11239
3088991,10636
3090125,9237
3090229,9032
3090581,8732
3090979,8699
3091392,8020
3091610,12841
3091757,10443
3091877,10420
3092104,14898
3092262,14317
3092539,18216
3092571,17605
3092779,17814
3094048,16313
3094192,16655
3094344,17486
3094493,18785
3094620,17155
3094761,15285
3095783,16101
3096770,15167
3097049,17064
3097867,14236
3098107,14813
3098264,16323
3098436,15584
3098649,14010
3098868,14312
3099100,18007
3099451,22993
3099894,21814
3100088,14847
3100362,14208
3100880,18310
3101061,14786
3101601,14338
3101750,15612
3104463,9841
3105122,17198
3105378,9637
3105743,8682
3105933,8722
3106096,11384
3106232,11602
3106624,11304
3106835,11383
3107022,11283
3107160,8823
3109777,13033
3109864,10729
3109994,9128
3111217,6849
3113455,10302
3113605,10258
3114645,8584
3114942,8970
3115148,8663
3115198,8255
3116233,6358
3116626,7063
3123963,3588
3124112,3924
3125009,9432
3125047,8705
3125203,8338
3125327,5333
3125469,4512
3125671,10044
3125794,5864
3126051,7604
3127088,5736
3127341,9526
3127641,7892
3127769,8142
3127915,7699
3128129,7831
3128291,7374
3128451,8938
3128692,7368
3128903,9646
3129057,8278
3129589,7457
3129755,7349
3131435,8034
3131745,7385
3131913,8694
3132069,8262
3132221,8265
3132380,7835
3132602,7522
3132755,7320
3132911,6982
3133065,6327
3133225,8682
3139127,6458
3139152,7155
3139654,7298
3140800,4196
3140913,5019
3141645,4761
3141870,4447
3142007,4983
3142164,6071
3142278,4705
3142368,5654
3142674,7023
3142781,4575
3143159,5569
3143224,6357
3143667,6168
3148382,3645
3149218,5514
3149435,6427
3149502,5990
3150944,5233
3151068,5201
3151675,4083
3152046,3976
3152327,4609
3152467,5679
3152831,6350
3153002,8997
3153048,4831
3153208,3896
3153834,5008
3153887,4817
3153934,4504
3156715,4060
3157988,4305
3158155,4909
3158488,4701
3158585,5993
3159238,4487
3159445,4583
3160341,5154
3160567,12674
3161018,7454
3161093,8842
3161221,3634
3161326,4291
3162428,5006
3163746,9671
3163897,6465
3164067,8472
3164231,7706
3164371,6720
3164712,6685
3164837,6989
3164961,5970
3165090,7288
3165227,6215
3167368,4917
3167409,5387
3167445,6314
3167484,8455
3168418,11589
3168464,8499
3168484,10449
3168732,6956
3168925,7066
3169251,11000
3169387,5593
3169718,10516
3170395,7403
3170572,5506
3172560,6437
3175055,5273
3175408,4866
3175597,4172
3175766,5706
3176366,7029
3177081,5186
3177633,6280
3177816,5744
3177961,4116
3179992,4187
3180243,5106
3180754,4510
3180798,4700
3181300,4740
3181792,4053
3182675,3899
3183554,4010
3183769,4910
3184932,3745
3185599,5092
3186074,4054
3186478,4723
3186656,4731
3186918,4769
3187069,9889
3187227,4707
3187367,9860
3188105,4792
3188404,4375
3188875,4073
3189022,6108
3189784,7214
3189962,5786
3190524,7662
3190826,5054
3191040,6354
3191230,7787
3191434,10204
3191530,7639
3191711,10915
3191966,7933
3192112,10576
3192256,7529
3192386,6372
3192613,9262
3194432,8452
3195213,9166
3195393,8753
3195618,9386
3195787,8262
3195990,7094
3196588,6448
3196729,8208
3196845,6791
3197011,6999
3199296,7609
3199702,5066
3199812,7245
3200017,6614
3200183,7337
3200609,7007
3200661,7216
3200951,7546
3201435,4977
3205603,4487
3205769,4856
3205886,5765
3206019,6007
3206157,5109
3206554,6226
3207658,5572
3209450,4272
3209532,4290
3210163,4883
3210301,4654
3210443,4136
3210615,5715
3210661,5243
3210876,6706
3211328,6771
3211682,6771
3212058,5044
3212274,3948
3212933,6689
3214127,3647
3214258,3770
3218394,5366
3218672,4912
3218844,6387
3219021,8042
3219163,7737
3219318,7855
3219463,14008
3219559,6903
3219709,6407
3219756,7991
3219922,15055
3220087,8392
3220116,7766
3220210,8783
3220278,8145
3220430,6206
3221124,10490
3221395,10268
3221646,8737
3221815,7077
3221953,7792
3222099,13841
3222154,6296
3222300,14877
3224785,7002
3225243,11792
3225944,13148
3226237,10869
3227219,9795
3227565,10016
3227779,8832
3228527,8892
3228690,10153
3228833,10075
3229031,8942
3229180,10277
3229300,14282
3231035,12103
3231399,7626
3231561,8500
3231856,8152
3232009,8881
3232146,11246
3232956,13023
3233108,12815
3233382,12666
3233656,12665
3233821,9763
3233966,11414
3234341,10885
3234494,9557
3234643,9470
3234933,9994
3235229,6849
3236638,10948
3236701,10288
3239593,7526
3239733,7172
3240527,5961
3240829,6776
3243851,4162
3244147,5079
3244542,3941
3244957,6478
3245542,5075
3248662,3519
3248805,4679
3248973,4232
3249314,4717
3249350,5421
3249559,6304
3250974,3630
3251403,4542
3251570,4521
3251808,4339
3252458,5919
3252583,5016
3252621,6276
3252684,6237
3253053,5117
3253587,5184
3254474,5164
3254657,4541
3255419,4370
3259772,3794
3260450,5479
3260569,5753
3260949,5614
3261089,6310
3261167,6738
3261296,8451
3261316,4723
3261654,4454
3262008,4151
3262583,4904
3262755,3985
3263385,5472
3263706,6929
3263879,8037
3264037,4620
3264188,6396
3266783,3554
3267614,5610
3267695,4798
3268192,11013
3268280,8495
3268902,8470
3269201,9681
3269336,3887
3269578,7275
3269812,6773
3269895,7121
3270028,7664
3270483,5944
3270704,6398
3270823,7180
3271159,7122
3273778,8035
3273837,8180
3273990,6359
3274113,5495
3274226,8441
3274621,6265
3274908,8578
3275081,8651
3275238,5190
3277177,7902
3277331,7568
3277451,10270
3277641,7348
3278735,7497
3278866,7416
3279016,7164
3279528,7442
3279610,7481
3279726,8027
3279805,8595
3279888,6754
3280771,6569
3281108,8000
3284345,3995
3284720,3834
3285201,5505
3285375,6761
3285463,5555
3286680,4573
3289431,5692
3289772,4181
3290230,5253
3290295,5718
3290565,7455
3290839,5473
3290960,7957
3291052,4524
3291294,6971
3291788,5141
3292442,5055
3292817,3970
3293243,5189
3293432,5482
3293763,5213
3294126,4572
3294483,5375
3295693,4124
3296469,4730
3296588,5668
3299903,6348
3300018,4903
3300314,7518
3300477,6377
3300871,9331
3300962,7619
3301293,7678
3301378,9431
3301595,7707
3301688,8919
3301847,8878
3303593,6024
3303715,8705
3303856,6033
3303938,10050
3304078,9713
3304269,6991
3304356,9096
3304568,6564
3304741,7379
3304932,8097
3305113,6597
3306222,7100
3306313,7386
3306728,7167
3307010,7224
3311905,7355
3312138,6237
3312221,7574
3312314,8284
3312437,7881
3312466,8635
3312594,11521
3312697,4835
3312856,9607
3312983,8779
3313096,6951
3313208,8386
3313316,4437
3315121,6925
3318188,5247
3318362,5482
3319178,4988
3319340,6079
3319943,8490
3320196,7700
3320415,6422
3320641,7189
3320766,8229
3321082,7769
3321206,6167
3321630,4969
3321786,5512
3324933,5844
3325433,4495
3325842,6935
3325999,5957
3326157,5218
3326656,6659
3326800,6658
3326949,7026
3327098,6269
3327502,6982
3327985,6185
3328127,8154
3328246,6313
3328383,7525
3330823,6606
3330978,6893
3331115,6135
3331812,7429
3331959,6773
3332116,6505
3332761,6356
3333015,9567
3333549,8890
3333812,6335
3334007,8884
3334519,3920
3338958,9536
3340277,3870
3340549,5794
3340733,5967
3340857,5905
3341049,5342
3341196,6701
3341313,5869
3341480,7174
3341590,6747
3341740,5897
3341860,6406
3342026,5466
3342160,5664
3344638,3747
3344812,3977
3344958,4534
3345261,4239
3345471,5936
3349426,4315
3349646,4322
3349863,7277
3349962,4359
3350116,6545
3351551,5054
3351697,4392
3351985,3891
3352202,5988
3352376,6126
3352597,5173
3352989,6879
3353198,6619
3353386,6373
3353497,7335
3354002,7603
3354186,6715
3354446,6605
3354672,6489
3355115,5769
3357199,5176
3357541,5538
3358049,4896
3358256,6388
3358495,6206
3358919,5607
3358961,7468
3359234,5518
3360033,7555
3360279,6371
3360604,5658
3361338,4896
3361678,5303
3362005,5510
3362214,5165
3362710,5184
3362996,4212
3363622,4433
3364951,4890
3365459,6949
3365760,3844
3367884,11501
3368108,9010
3368249,5666
3368456,7198
3368560,6630
3368698,6643
3368858,6583
3369131,10586
3369251,9217
3369403,7801
3370671,5143
3370843,11525
3371006,8641
3371161,8844
3371317,8791
3371470,8687
3371630,12987
3371788,14272
3372606,14100
3372775,13195
3372930,12939
3373088,17153
3373241,15517
3373390,6670
3373580,6671
3373734,9508
3373928,11443
3374087,15658
3374244,18043
3374395,22540
3374558,22034
3374719,27093
3374869,21292
3375025,22258
3376568,18656
3376733,15932
3376891,15871
3377042,14917
3377299,16974
3377460,19008
3377694,20526
3377860,14353
3378297,30346
3378660,16790
3378833,20188
3379046,20674
3379218,19614
3379493,19226
3379831,17209
3380770,18632
3380934,19071
3381090,17520
3381584,14472
3381746,13562
3381913,16638
3382154,12970
3382306,18825
3382470,19477
3382688,19653
3382927,16921
3383078,16453
3383571,11459
3383727,15588
3383880,15351
3384042,17353
3384200,14896
3384570,11675
3384734,15255
3384954,10966
3385118,9304
3385693,7537
3386250,14947
3386427,14823
3386582,15216
3386864,14469
3389461,11996
3389891,12112
3393093,15170
3393329,13350
3393493,18937
3393710,14605
3394249,11581
3394656,15810
3396585,14268
3396753,13994
3397116,15461
3397358,15333
3397597,15145
3397872,14629
3398033,11586
3398355,6682
3403475,8428
3403645,8205
3404164,9442
3404318,8584
3404919,9063
3405137,9183
3405621,7183
3405881,18931
3406056,8838
3406285,12738
3406434,13461
3406851,18397
3406993,19013
3407130,18547
3407267,18642
3407557,17322
3407686,17447
3407803,17847
3407915,17849
3408055,14343
3409761,13597
3409912,14003
3410051,18317
3410185,13957
3410595,13083
3410815,18731
3410978,15478
3411112,16853
3411242,13394
3411496,12964
3411965,17868
3412091,17113
3412203,16949
3413032,16690
3413176,17087
3413355,17105
3413697,16829
3414350,16459
3414922,12535
3415953,12952
3416112,10161
3416247,10132
3416378,9366
3416539,10503
3416750,11282
3416891,10844
3417007,10120
3417220,12415
3417489,9334
3417637,10020
3418579,9647
3418729,10960
3418865,8376
3419046,8313
3419164,8477
3428298,3851
3429439,5037
3429665,9933
3429846,8830
3433229,11604
3433463,7624
3433657,6303
3433830,6371
3434302,10784
3434566,11849
3434724,10854
3434878,10383
3435109,10315
3435273,10459
3435597,10422
3435608,12200
3435916,10207
3436654,13941
3436823,9428
3436987,9559
3437138,10363
3437296,10306
3437881,11984
3438028,13807
3438189,9460
3438342,16147
3438501,9324
3439599,12733
3439762,9641
3440036,9114
3441254,13558
3441483,12328
3441964,12028
3442134,11737
3442395,11074
3442661,10557
3442836,15711
3442852,10902
3443008,10254
3443093,9678
3443578,13141
3443745,12514
3443902,14133
3444053,13110
3444204,12576
3444356,10384
3444547,10088
3447055,7921
3448592,9185
3450082,10107
3450501,10994
3450811,6040
3451274,12078
3451330,12240
3451381,12233
3451917,7023
3452185,10934
3452246,9866
3452576,6278
3459019,6900
3459141,5129
3459323,5036
3459436,7449
3460040,4749
3460160,5954
3460370,6012
3460583,6511
3460872,6936
3461269,6584
3461702,5973
3461974,6465
3462264,5486
3463208,6068
3463739,7696
3463978,4736
3464352,6561
3464483,6339
3464634,6675
3464824,3986
3469103,6615
3469242,4347
3469657,4653
3469945,6290
3470540,5044
3470975,5071
3471075,5472
3472092,5086
3472241,3798
3472538,5077
3472560,5670
3472792,6276
3472835,6551
3474876,4928
3476821,4798
3477001,4165
3477153,5140
3477628,5122
3477810,5170
3480123,5332
3480271,4424
3480657,5641
3480739,4530
3480893,4937
3481682,5934
3481823,4134
3482147,6709
3482276,7688
3482674,7356
3482805,5676
3483087,7396
3483227,6338
3483364,7679
3483967,9715
3484207,9159
3484456,7825
3484581,8162
3484751,8224
3484953,5761
3485104,6002
3485303,5781
3485440,4837
3486631,7094
3486826,7783
3486989,11497
3487476,8935
3487544,11611
3487739,9090
3487926,9602
3488137,8431
3488446,8137
3488537,7382
3488560,6641
3493745,4665
3495280,4314
3495730,5168
3496238,4694
3496599,6806
3496730,10092
3496866,6828
3497602,12583
3497647,11180
3497667,11454
3497725,13000
3497846,10071
3497913,18209
3499364,9292
3499851,13618
3500137,16454
3500355,16249
3500486,13237
3501926,9041
3502110,11240
3502281,8119
3502458,8211
3502603,12255
3502625,8183
3502788,10336
3502959,10054
3503125,9465
3503300,10453
3503493,10340
3503528,8593
3504712,14335
3504887,12785
3505052,17337
3505165,13076
3505194,12423
3505334,11330
3505644,17662
3505696,16495
3505892,17890
3506053,17836
3506206,14287
3506376,28156
3506564,19730
3506731,21946
3507351,21490
3507937,25287
3508008,18585
3508068,17231
3508128,17905
3509595,24332
3509652,21323
3509699,20779
3509759,19849
3509817,19671
3511440,11529
3511913,10914
3512230,11214
3512677,14274
3514591,19908
3514754,20674
3514908,13457
3515837,11105
3516235,11266
3516378,12993
3516633,11169
3517332,17410
3517424,17053
3517462,9659
3517494,9976
3517580,13687
3517744,14127
3517894,16530
3518050,16557
3525733,10630
3526061,8665
3526328,10430
3526611,9011
3526784,9071
3526991,9008
3527161,8981
3527309,13534
3528637,11642
3528812,11979
3528981,11712
3529296,10094
3529640,10995
3529956,13168
3530104,12365
3530320,11864
3530550,10379
3530760,12419
3531011,12225
3531322,13484
3531941,8801
3535806,10442
3535963,10414
3536104,8637
3536370,10169
3536608,12684
3536792,10200
3536882,12225
3536925,13354
3537226,11180
3537427,10258
3537991,7795
3543285,7051
3543444,7158
3544001,7842
3544294,10051
3544472,7002
3544840,8397
3545006,6316
3545248,6648
3545416,8553
3545764,8190
3546415,5509
3547717,8653
3547874,7883
3548017,7691
3548155,10301
3548329,7923
3548467,10168
3548593,6953
3548726,6932
3549680,6620
3551949,7513
3552755,8163
3552911,5754
3553062,7801
3553314,5924
3556438,10351
3556478,4979
3556742,5975
3557893,10024
3557973,10129
3558016,7175
3558059,9707
3558176,9202
3558335,12818
3558395,9934
3558963,9014
3559266,8589
3559381,8662
3559622,8016
3559975,8850
3560032,11325
3560214,8304
3560451,12141
3564300,6114
3565552,4765
3565593,5616
3565744,4307
3565896,8367
3566048,16090
3566245,12813
3566367,15414
3566752,12864
3567246,7375
3567537,9189
3568655,8328
3568881,7958
3569003,8350
3569162,8330
3569378,8289
3569898,7314
3570071,9613
3570394,8300
3570800,12015
3574779,5793
3574936,9299
3575015,5041
3575169,8784
3575282,7592
3575349,9474
3575454,6997
3575463,9645
3575631,7393
3575880,6098
3576553,8208
3576840,6773
3577572,8154
3577902,6184
3578778,6262
3579110,6065
3579749,5083
3586558,4719
3586958,3867
3587149,6469
3588147,5311
3588300,4237
3588426,5134
3589126,4573
3589351,4520
3589663,3622
3590237,8457
3590292,6003
3590372,6672
3590897,9330
3591034,6560
3591140,7500
3591299,5798
3593930,8168
3593987,8405
3594216,10371
3594268,8571
3594453,8037
3594716,7205
3594965,7081
3595109,7040
3595249,6539
3595442,7046
3595710,12299
3595923,10259
3596068,10165
3596351,10545
3596541,11668
3596680,8215
3596898,10498
3596998,9425
3597254,13202
3597400,10582
3597472,9229
3597693,8957
3598126,13671
3598289,13412
3598424,15267
3598916,14708
3599132,14883
3604094,11719
3604621,9489
3604988,10213
3605195,10959
3605396,10840
3605492,10477
3605535,11051
3605728,10292
3606021,10328
3606260,8994
3606464,9158
3606733,9555
3606934,9217
3607079,13626
3607542,12696
3607859,13317
3608024,16096
3608367,9772
3608584,14222
3608745,10964
3608885,8961
3609315,13860
3609861,10283
3609904,10855
3609954,13932
3615032,9024
3618294,4141
3618456,5723
3618592,7826
3618744,12839
3618968,6701
3619109,7461
3619244,8645
3619381,9184
3619559,7468
3619756,7186
3619927,8709
3620076,7006
3620336,5836
3627807,12114
3627979,4187
3628114,13813
3628250,3662
3628394,7966
3628819,9442
3629009,13708
3629199,6283
3629347,5359
3629587,13230
3629761,4279
3629917,10048
3630093,9602
3630212,10671
3630338,11048
3630497,14568
3630647,8848
3630784,8817
3630908,11175
3631190,10618
3631340,9765
3631481,10497
3631694,11803
3632635,15703
3632815,27169
3632941,25770
3633089,16265
3633209,16308
3633354,20025
3633537,13309
3633693,27897
3633852,14122
3634005,16128
3634162,17122
3634313,17351
3634462,22654
3635672,21931
3635845,22203
3636005,20034
3636182,22048
3636444,17642
3636934,24498
3637254,26477
3637432,16326
3637788,14095
3637841,24756
3637888,23759
3637942,22203
3637997,19701
3638049,13522
3638092,15177
3638193,17278
3638382,16791
3638989,17711
3643614,17595
3643810,16636
3643979,15033
3644137,15433
3644296,25089
3645905,15146
3646071,15225
3646225,15620
3646404,20493
3646460,20142
3646537,20474
3646602,23988
3646660,20476
3646715,20531
3646767,19464
3646829,24212
3647045,19613
3648221,17234
3648577,18839
3648721,25762
3648884,21739
3649038,13348
3649581,10417
3653335,23350
3655099,19805
3655251,15940
3655671,17154
3655822,16464
3656346,16257
3656492,20247
3656845,15120
3657162,15986
3657492,16022
3657651,13941
3657786,15456
3658059,17528
3659053,17409
3659324,12370
3659476,9402
3659678,12153
3659835,13194
3661878,15676
3662112,15775
3662399,11837
3663419,17480
3663481,17081
3663501,17634
3663901,10200
3665539,15910
3666015,14742
3666734,14738
3668310,13361
3668575,10450
3669002,10309
3669326,10749
3669376,11328
3669410,9856
3669520,10355
3671443,7603
3675008,7796
3675515,6411
3675779,7289
3676037,8040
3676271,7852
3676323,5327
3683322,3629
3683417,7059
3683467,7562
3683720,7960
3683912,3487
3684558,6555
3684751,4806
3684854,5752
3684886,6037
3685166,5681
3687703,5040
3687974,8892
3688136,9198
3688312,5276
3688699,5538
3689100,4593
3692286,6472
3692476,5304
3693007,5803
3693436,8158
3693968,5968
3694137,7267
3694241,6245
3694352,6350
3694489,5808
3694582,6960
3694783,7054
3695057,6460
3695708,4207
3696553,5535
3696705,5474
3697130,8488
3697554,6878
3697876,6507
3698003,6156
3698173,6541
3698470,5553
3698822,6763
3701630,4958
3702169,4876
3702324,7757
3702364,7874
3702433,7169
3703187,5077
3703321,8612
3703453,7034
3703559,6743
3703760,8124
3703913,7368
3704187,6388
3704513,6092
3708650,5278
3708683,6977
3708864,4906
3709259,5458
3709402,4515
3709908,7950
3710133,9669
3710349,6441
3710614,7964
3711261,4939
3711304,6863
3711335,7381
3715544,5390
3715701,6401
3715836,7240
3715977,6604
3716952,4274
3717500,5859
3718001,6881
3718218,4527
3718366,4722
3718532,7316
3718904,5886
3719086,5202
3719227,6017
3719392,8688
3719547,8117
3719695,7881
3719829,7279
3720212,8594
3720342,7895
3720495,7626
3723615,7700
3723811,5780
3724480,6880
3725042,6379
3725584,6058
3725992,5583
3726052,6711
3726171,6581
3726264,5210
3726422,5365
3726744,6138
3727977,5088
3728426,4983
3729670,4424
3729995,5433
3731876,4426
3734249,5930
3734314,4507
3734876,4232
3734907,4221
3735199,4864
3735569,6097
3736040,5680
3736145,4771
3736402,4702
3736478,5614
3736885,5745
3736952,6015
3737106,4221
3737720,4579
3738351,5570
3738594,5825
3738753,4690
3739229,4489
3742901,4347
3743429,4703
3743904,4620
3744042,8478
3745664,6231
3746244,6036
3746316,4350
3747131,6387
3747295,7465
3747432,5311
3747582,5154
3747718,6059
3747850,6923
3747987,6733
3748117,5990
3748258,6359
3748405,4562
3749388,8436
3749485,10155
3749607,4263
3749773,7293
3749926,5183
3750076,6935
3750355,10021
3750402,9249
3750435,8582
3750662,5716
3751564,5219
3756704,3954
3757801,3565
3758385,5162
3758565,6112
3758716,5397
3758854,6448
3759048,7954
3759195,6274
3759361,5633
3759481,7580
3759682,6113
3759814,6036
3760083,6262
3760202,5864
3762824,4291
3763278,4596
3765458,12028
3765525,10747
3765890,7918
3766106,10790
3766385,8411
3767154,9208
3767188,11630
3767303,8466
3767461,6540
3767651,8452
3768629,10966
3769134,11483
3769485,10700
3769640,10334
3769856,10164
3769996,5873
3770147,9295
3770235,8195
3770279,8020
3770298,9341
3770340,8927
3770357,9710
3771610,5382
3771735,7751
3772121,6805
3773262,6499
3773312,7664
3773348,7028
3773382,7985
3773412,6817
3773461,8375
3773496,7622
3777800,9128
3778045,8947
3781618,4831
3782630,5980
3783183,11053
3783757,5407
3783938,5109
3784093,4855
3784250,9558
3784404,5779
3784596,9578
3784756,6687
3784909,9395
3785057,15229
3785118,14496
3785208,8896
3785365,13381
3785547,11062
3785700,10071
3785851,10955
3786003,9107
3786178,9545
3786332,8451
3787098,10801
3787336,19268
3787475,10513
3787627,22235
3789790,21880
3789825,23845
3789870,22796
3789905,22051
3789938,21221
3790493,13175
3790672,17303
3790823,11572
3790970,9140
3791115,11412
3791267,22999
3791413,21554
3791733,20402
3791887,20187
3792034,21722
3792181,15131
3792331,18078
3794906,13962
3795148,14153
3795284,13790
3795557,13633
3795814,12895
3795965,17848
3796218,15539
3796942,19734
3797111,13468
3797310,16782
3797434,17621
3797552,17383
3797778,17484
3798590,15408
3798863,13876
3799025,15887
3799189,16123
3799346,15046
3799513,16316
3799601,13823
3799771,12447
3800387,12435
3800641,11873
3800782,13715
3800922,16382
3801052,15413
3801444,14156
3801608,11377
3801757,11903
3801914,14955
3802067,11342
3802230,10962
3802674,13073
3802830,13540
3803804,10793
3809452,6969
3809576,7241
3818624,3402
3819063,4271
3819286,3682
3819995,4250
3820125,3765
3820421,4354
3820934,5818
3820984,4672
3821119,7957
3821260,10188
3821298,7920
3821378,7495
3821446,7196
3822589,10163
3822625,9895
3822654,7608
3822722,11775
3822742,16884
3826242,7375
3826487,12954
3826555,7460
3826966,7319
3827143,6967
3827310,6919
3827599,7832
3827768,11308
3827935,6234
3828101,11896
3828273,14791
3828438,9131
3829329,10860
3829618,10067
3829820,13114
3829959,11623
3830089,12389
3830222,12701
3830360,10000
3831578,11419
3831993,8464
3832156,13236
3832310,8503
3832463,11935
3832634,6079
3832763,9819
3834663,10793
3835334,7898
3835551,6384
3835820,6068
3835971,9168
3836147,10987
3836285,9590
3836418,8208
3836555,9865
3836698,9306
3836836,7286
3837026,5241
3838569,8071
3840828,6931
3846474,3312
3847068,5476
3847178,5856
3847308,5750
3848056,4187
3848245,4362
3848386,3932
3849454,6386
3849824,3774
3850448,4834
3850485,4777
3850557,4407
3850890,5847
3852858,6177
3852961,6333
3853051,4831
3853554,6529
3853659,6862
3853759,5780
3853815,6696
3853891,4794
3854572,6927
3855475,6168
3855733,5844
3856155,6806
3856541,5879
3856850,4265
3859475,5977
3860156,3827
3860733,5909
3860940,5152
3861210,5149
3861343,5433
3861592,5684
3862592,6156
3863265,8414
3863418,7183
3863692,8364
3863949,8359
3864151,8239
3864298,6179
3864466,15778
3864574,16477
3864716,17549
3864915,17056
3865049,16973
3865187,15394
3865330,16150
3865465,12711
3865585,12491
3865732,14450
3865926,8110
3866118,7458
3866425,10499
3867248,10266
3867486,14912
3867693,14381
3868373,11446
3868533,10443
3868962,12580
3869118,12622
3869646,11930
3869787,11208
3869922,11133
3870269,13069
3870642,10628
3870877,10118
3871028,12103
3871809,8592
3872087,8732
3872227,11060
3874447,8739
3874642,9492
3874738,7658
3874891,8256
3874939,8504
3875045,8286
3875838,7553
3876207,5791
3876476,5765
3883634,3383
3884410,5828
3884680,5692
3885573,4654
3885692,4730
3886072,4962
3886272,6181
3886406,4449
3887301,5846
3887336,5099
3887466,4732
3889341,6441
3890011,4983
3891039,4661
3891666,4423
3892024,4157
3892047,4836
3893639,3570
3894178,5413
3894404,4179
3895020,5397
3895166,5041
3895529,4577
3895856,5037
3896208,5402
3896438,6709
3896604,5756
3896737,7248
3897165,6587
3897280,6981
3897301,7321
3897357,7533
3897402,7643
3897434,7854
3897462,7352
3897497,7194
3897534,7032
3898071,5851
3902185,3666
3905281,5032
3905733,4892
3906091,6201
3906199,4335
3906326,5109
3906485,6209
3906550,6750
3906602,5140
3906849,7767
3907033,5597
3907656,4720
3907853,5125
3907896,7756
3908037,4628
3909064,4168
3909083,4429
3909258,6381
3910183,7022
3913578,7121
3913725,4574
3913843,3602
3914100,6254
3914265,5715
3914467,6512
3914706,6586
3914847,7863
3915048,5719
3915214,6435
3915400,5298
3915817,5633
3917596,5540
3918602,4913
3918883,7334
3918948,8189
3919034,7615
3919257,7029
3919490,4780
3919570,4663
3919595,6988
3919732,7432
3922464,4876
3924711,4542
3925095,5531
3927996,4032
3928198,4186
3928350,5486
3928486,8415
3928672,7802
3928799,4880
3928935,6501
3929423,3733
3930302,3854
3930451,4245
3930583,4461
3930627,6078
3930747,6305
3931006,7043
3931379,7185
3931707,4985
3932192,5145
3932427,5087
3933208,5724
3933439,4331
3934575,4164
3934620,4556
3934641,6246
3937118,6568
3939403,12051
3939627,13609
3939787,12307
3939933,11896
3940123,12020
3940244,11508
3940386,11857
3940548,10761
3940690,11654
3941663,12108
3941837,10357
3942024,10015
3942181,10112
3942331,10062
3942487,10866
3942567,10964
3942719,9204
3942877,11518
3943026,8969
3943262,9632
3943412,7021
3943943,9227
3944091,8905
3944223,9065
3944354,9765
3944675,8408
3946600,8465
3946686,9479
3947410,8927
3947717,6860
3947907,7789
3948063,13629
3948212,12763
3948501,13131
3948800,12283
3948961,12489
3949129,13927
3949583,13945
3949756,14197
3949920,16728
3950202,11428
3950265,10326
3950656,10229
3950813,9999
3950957,10765
3951114,9644
3952432,7858
3957256,5450
3957370,7640
3957484,5159
3958765,4165
3959360,11943
3960411,7778
3962093,7534
3962401,8799
3962747,11881
3962980,12783
3963229,11256
3963354,13838
3963522,13548
3963772,20993
3963970,11903
3964111,13979
3964269,12223
3964478,11898
3964552,12025
3964698,11929
3964963,26289
3965094,17982
3965226,15582
3965357,17230
3965493,26302
3965786,15270
3966935,16441
3967440,15168
3967479,15361
3967527,15474
3967560,15580
3968322,16252
3968833,22825
3969002,22146
3969138,21272
3969270,21224
3969403,19790
3969579,21259
3969715,15587
3969853,20823
3969987,20770
3970123,20804
3970257,17663
3970389,17594
3970526,17520
3970650,17725
3970792,9501
3972893,17409
3973290,14455
3973758,20924
3973934,15001
3974084,28519
3974204,17485
3974324,11574
3974763,16172
3974934,15169
3975163,16966
3975310,11515
3975470,14738
3975592,14395
3978315,20573
3978682,23139
3978856,16576
3979015,18124
3979266,19906
3979390,18157
3979700,17959
3979855,16925
3979981,10613
3980447,14164
3980951,20214
3981217,16995
3983180,18474
3983389,18373
3983900,16550
3984088,17196
3984226,16636
3984374,16893
3984604,15691
3984974,15697
3985139,25045
3985450,24845
3988469,19191
3988759,15117
3989020,18584
3989281,17696
3989493,13294
3989664,12254
3989825,10986
3992455,17791
3992563,21191
3993550,8992
3994843,9845
3995007,7151
3995629,9766
3996962,14238
3997292,14494
3997903,15144
3998557,10734
3998583,15885
3999227,10430
3999614,9789
3999925,11398
3999956,11476
4003034,7356
4003947,6971
4006110,6819
4006195,9560
4006628,7749
4006978,7755
4007331,7670
4007696,6502
4007756,7123
4007888,7089
4008018,8354
4008220,7260
4008534,7264
4008817,7588
4008988,8184
4010606,8568
4010654,8727
4010687,8746
4010722,6459
4017243,5144
4017270,4292
4017637,4612
4018043,6733
4018142,8082
4018336,5954
4018729,8629
4018896,7732
4019025,10520
4020175,7202
4020386,8232
4020593,8160
4020741,8542
4020881,8519
4021037,8195
4021176,8423
4021329,8004
4021502,8121
4023186,9958
4023212,8285
4023368,10121
4023582,9808
4023744,9237
4023929,8928
4024085,8980
4024591,8338
4025158,7872
4025878,10749
4025954,8386
4026793,6755
4026964,8804
4030298,5711
4030456,4786
4030695,5017
4030884,6986
4031026,8167
4031203,6730
4031568,10462
4031672,7278
4031773,14173
4031869,13181
4031968,13775
4032130,8007
4032265,7515
4032406,7317
4032554,9785
4032691,13430
4035500,6703
4036620,12828
4036768,9222
4036792,15326
4036811,13063
4036888,15505
4038128,12691
4038536,11443
4038703,13532
4039293,20524
4039491,20436
4039814,22610
4039974,23412
4040392,14364
4040592,14365
4040803,13735
4040971,22194
4041111,8562
4041260,12116
4041417,11833
4041613,16979
4042497,13678
4042545,19730
4042688,20076
4042827,20028
4043193,13116
4043314,22335
4043448,9412
4043706,12241
4044258,16336
4044502,16292
4044794,10363
4045076,23257
4045544,8729
4047039,19901
4047199,17672
4047374,19897
4047585,23679
4047740,25018
4047889,19691
4048009,19372
4048152,19849
4048271,19201
4048420,21973
4048688,19077
4048859,19233
4049231,19333
4049704,18958
4050224,18565
4050501,15677
4050656,15638
4050878,15520
4051241,16430
4051416,15084
4051609,15220
4051766,17718
4051937,13140
4052407,18217
4052617,19762
4055437,16142
4056466,13228
4056711,21207
4056990,21221
4057401,21256
4057721,21108
4057902,9966
4058067,10381
4060174,9251
4060575,15859
4060851,21435
4061037,21345
4061212,9273
4065204,6253
4065401,5967
4069136,10111
4069899,9849
4070072,9784
4070229,7791
4070747,22871
4070914,14993
4071073,15542
4071676,13680
4071723,13191
4071890,12083
4072049,18756
4072201,18376
4072569,20889
4072598,13170
4072769,11904
4072880,17534
4073592,14924
4073836,15751
4073999,19547
4074151,18014
4074585,15022
4074879,17013
4075051,18531
4075581,24545
4076585,20029
4076610,20363
4076751,27085
4076782,20557
4076912,21070
4076956,21184
4077066,26281
4077138,24271
4077217,18653
4077309,19914
4077376,17893
4077598,23827
4077771,26221
4077864,26273
4078301,26120
4078465,26146
4078557,26330
4078911,26109
4079070,26504
4079148,27409
4079417,21021
4079587,23029
4079854,8833
4079900,21801
4080204,19285
4080399,24386
4080494,19804
4081102,22153
4082618,19372
4082752,18513
4084684,14360
4085014,18024
4085323,14006
4085495,18824
4086839,23473
4086896,17120
4087015,19410
4088669,16775
4088943,16810
4089790,15701
4089959,13638
4090752,15177
4090919,14357
4091898,12574
4092371,10788
4093211,15918
4093803,18584
4093900,18171
4095045,17417
4095354,15963
4095736,17758
4096202,15641
4096756,18832
4097641,11491
4098414,13224
4099067,10598
4099858,11886
4100817,13303
4102405,9853
4108174,8873
4108421,6359
4108747,7623
4108957,5977
4109248,5479
4109422,5462
4113707,6318
4114019,6252
4114329,5630
4114577,5499
4114971,5727
4115132,8169
4115310,6023
4115499,6209
4115656,9390
4115795,9198
4115922,8729
4116067,12598
4116208,12405
4116401,9070
4116877,8703
4117072,8857
4117371,8803
4117499,16594
4117626,12346
4118591,15723
4118824,15625
4119166,12465
4120367,11969
4120726,13196
4120871,11731
4121161,11884
4121361,11294
4121544,9473
4121739,11710
4121888,11876
4122009,10382
4122155,6729
4122293,10317
4122410,9280
4122553,9188
4122761,9680
4122942,10378
4122988,11054
4123384,9168
4127221,5928
4128477,7838
4128953,6026
4129024,5347
4129186,5992
4129706,6643
4130053,7220
4130388,5144
4130557,6770
4130764,4863
4132754,7655
4133586,6235
4134045,6865
4135430,5159
4138267,4479
4138587,6029
4138786,6095
4138877,6241
4139086,4340
4139289,7302
4140375,4922
4140944,8421
4141135,8435
4141213,8436
4141377,8669
4141534,8605
4141685,8648
4144757,9048
4144976,9190
4145499,6594
4145763,5974
4145935,6255
4146095,8358
4146254,9066
4146416,7533
4146671,7886
4146996,6667
4147422,9547
4147475,10845
4147945,6938
4148162,5099
4148350,7640
4148542,6582
4148750,6583
4149005,9425
4149176,7104
4153288,4589
4156472,4565
4157401,4359
4157450,4719
4157646,5703
4157932,5326
4158221,6559
4158336,6008
4158597,8446
4158795,8829
4159395,7734
4159649,7047
4159926,7206
4160021,5702
4160112,6728
4160319,6873
4160469,7206
4160862,7735
4161095,6594
4162255,5283
4162423,7294
4162472,8342
4162642,6848
4162755,7242
4162846,5851
4162979,7826
4163080,5954
4164404,9161
4165771,6577
4168641,4915
4169846,5761
4170278,6694
4170385,7927
4170422,8494
4170933,4913
4171447,5961
4172072,5813
4172154,6618
4172239,8732
4172475,4983
4172930,5877
4173083,4270
4173219,5032
4174810,6765
4174994,6223
4175186,5346
4175338,5335
4175534,4787
4175682,5119
4176291,5136
4176434,7880
4178940,5021
4179116,4167
4179253,5822
4179398,8427
4179683,8056
4179843,6304
4179985,7612
4180113,8873
4182312,4927
4182459,6802
4182874,5787
4185443,4073
4185695,3828
4185845,5346
4185985,4658
4186187,8122
4186353,6496
4186496,7066
4186536,7272
4186536,7915
4186632,5560
4189677,8768
4189976,5662
4190246,5181
4190290,9279
4190384,7204
4190843,7503
4191288,10430
4191380,8987
4191484,6478
4191612,8980
4191737,8264
4191936,6972
4192193,10267
4193130,8839
4193258,8458
4193407,8956
4193711,8177
4193924,8357
4194018,10230
4196053,7006
4196680,5543
4197674,5983
4197988,6053
4198129,5069
4198785,4714
4200152,7428
4200644,6198
4200797,6061
4200896,5118
4203832,5325
4203877,4941
4204336,7344
4204423,5722
4204491,5793
4204537,4866
4206479,5149
4206591,4481
4206921,4333
4206987,5274
4207788,5257
4207848,7091
4208485,4122
4209313,5642
4209685,5457
4209990,6017
4210310,5712
4210540,4919
4213107,5849
4213269,4345
4213744,3298
4213941,5917
4214581,4052
4214734,8243
4215019,7982
4215245,5953
4215321,7162
4215706,5545
4216476,5407
4216816,4615
4217305,4568
4217888,3813
4218361,5426
4218484,7716
4218993,5555
4219049,6122
4219186,3576
4219460,4827
4223875,3882
4223929,4821
4224188,7633
4224359,5639
4224851,6738
4225400,4686
4226023,6346
4226084,5435
4226734,5154
4226802,5271
4226906,6056
4226962,7682
4227182,6055
4227725,7894
4227785,6911
4228389,6191
4228961,5665
4228980,5954
4229145,6803
4229811,5636
4229898,8087
4231038,4077
4231930,6003
4232533,5886
4233041,4260
4233336,4043
4236291,6016
4236416,3772
4236570,6309
4236750,5869
4236946,5068
4238155,4032
4238762,5205
4238939,5407
4239056,6884
4239147,6420
4239197,4406
4239272,6420
4239422,6210
4239678,5789
4240171,4928
4243801,4785
4244703,3936
4246087,5527
4246235,4418
4246432,4454
4246850,7495
4247024,6792
4247179,8581
4247323,7126
4247444,4888
4247578,5627
4247878,5058
4248002,5297
4248116,7423
4248256,5383
4248392,5834
4248684,6700
4249147,4928
4249172,5209
4249188,6617
4250961,5433
4252029,6752
4252412,4774
4254939,6228
4255084,4252
4255234,8463
4255380,4733
4255563,6388
4256747,5318
4257222,3858
4257849,4195
4258004,8349
4258157,6488
4258296,9527
4258427,9502
4258664,8767
4260853,6803
4261153,10973
4261303,10888
4261457,10590
4261641,12066
4262074,10224
4262219,15226
4263757,8484
4263915,8426
4264059,8352
4264224,8254
4265099,7676
4265266,6349
4265420,7208
4265621,7057
4265798,12421
4265966,12380
4266122,12312
4266286,13604
4266443,13842
4266571,16168
4266724,14884
4266875,14810
4267038,15945
4267191,15530
4268800,17472
4268967,17646
4269121,19736
4269279,18488
4269439,15665
4269595,17413
4269773,21824
4269936,21513
4270099,18402
4270251,11988
4270407,15076
4270570,6592
4270735,12426
4270894,12405
4271057,12379
4271218,12362
4271380,11635
4272844,19317
4273184,19650
4273374,16985
4273973,14353
4274611,16889
4274774,15812
4274933,12845
4275093,16872
4275246,15501
4275398,15603
4275579,13186
4275743,13267
4275899,13205
4276058,15737
4276223,11905
4276380,13667
4276689,15986
4277181,10449
4277274,14751
4277723,14361
4277889,14316
4278051,12639
4278770,12413
4278941,12106
4279104,12629
4279263,12644
4279423,12535
4280037,12582
4280433,10804
4287005,6891
4294294,4400
4294325,4567
4294546,4358
4294674,7760
4294810,7703
4294949,7861
4295101,7655
4295258,7093
4295391,7478
4295517,9148
4295677,6912
4295825,7094
4295959,6744
4296012,6132
4299352,5536
4299572,4377
4299650,5388
4300281,7715
4300322,10257
4300437,7353
4300589,9639
4301313,5444
4301921,7998
4305167,5161
4305202,7003
4305319,5100
4305673,7675
4305922,9960
4306074,5072
4306389,7806
4307002,9255
4307339,4558
4307834,6773
4308028,5891
4308258,7828
4308297,6551
4308393,10424
4308446,10894
4308733,12137
4308760,10910
4308917,10395
4308965,10812
4309157,8870
4311441,9254
4311574,9543
4311640,9930
4311694,9189
4311739,7889
4312830,13747
4313449,8731
4313685,7020
4314786,11931
4314841,7735
4315685,9741
4316727,7594
4317767,8926
4318405,7433
4318623,6101
4318862,7405
4319059,5084
4322502,9984
4322678,8519
4322698,8337
4322928,6411
4323100,7059
4323244,9173
4323416,7496
4323543,7981
4323590,8197
4323623,13987
4323656,14741
4323690,12249
4325474,7747
4325871,14872
4326100,10672
4326298,10006
4326451,9728
4327521,5803
4327722,11712
4327898,12894
4328270,12191
4328317,12583
4328347,11174
4328403,10445
4328433,9243
4328465,11718
4328514,9837
4328536,10720
4328815,9603
4329363,10560
4330073,10652
4333935,8458
4334283,9356
4334437,7279
4334699,7548
4334764,8954
4335099,7940
4335144,7724
4339553,4373
4339594,4576
4340934,5493
4341120,6982
4341280,6898
4344440,3921
4344472,4711
4344745,4880
4344852,5067
4345088,4006
4345482,4906
4345551,4402
4345681,5096
4346573,5404
4346706,7724
4347148,9096
4347643,8745
4347854,6874
4347896,6080
4351208,5869
4351454,7128
4351590,6074
4351767,8447
4352197,7375
4352229,6206
4352395,5126
4352694,5641
4352986,7003
4353232,7351
4353349,7544
4353479,6784
4353572,8182
4353970,7640
4354008,6974
4354558,4331
4355565,5508
4355611,6411
4355686,6961
4355708,9090
4357326,4857
4358265,5330
4363885,6924
4364000,8349
4364612,5783
4364663,10400
4364840,4971
4365055,13703
4365217,7191
4365671,4480
4365852,8409
4366208,12423
4366284,12465
4366305,4967
4366622,12158
4366776,8844
4367117,11845
4368628,8802
4368653,9469
4368672,7621
4368737,7412
4368788,10101
4371445,9547
4371486,6959
4371609,5398
4371752,7251
4371887,9819
4372020,9427
4372159,8892
4372299,8369
4372437,9617
4372553,7255
4372691,6593
4372822,6090
4372974,7911
4373348,9313
4373479,7460
4373620,6824
4373843,7159
4374216,8950
4374415,5651
4374571,6589
4380180,4980
4380547,4852
4381163,6893
4382136,6828
4382361,6549
4382696,5169
4385779,4235
4386202,4820
4388091,6125
4389235,14391
4389431,5837
4389892,9893
4390171,6627
4390446,7404
4390546,6293
4390692,7024
4390901,7177
4391047,11368
4391192,12422
4391329,6199
4391463,12269
4391611,12177
4391747,14400
4391890,15994
4392030,12352
4392161,14422
4392299,12764
4392431,12417
4392780,15926
4392921,21279
4393068,13502
4393207,13923
4393349,13939
4393489,18867
4393697,18814
4393838,13629
4393972,13882
4394286,17035
4394434,19709
4394588,19263
4394723,18082
4394868,19394
4395006,17789
4395147,16994
4395282,17717
4395420,16417
4395574,10094
4395708,12923
4395844,14428
4395983,8634
4396116,9701
4398679,12921
4398855,16090
4399022,15581
4399163,17167
4399309,16568
4399430,16736
4400373,15067
4400530,15181
4400653,15006
4401436,14812
4401669,13510
4401831,13489
4402057,12947
4402221,12460
4402361,12299
4402682,10409
4408099,8094
4408737,7725
4408920,7153
4409073,7182
4409320,6608
4417175,3500
4417434,4630
4417669,4684
4417933,4500
4418180,3575
4418773,4596
4419146,3806
4419788,3953
4419885,3730
4420228,3201
4420708,5295
4420790,4491
4420976,3779
4425349,3614
4425882,6002
4425952,7205
4426427,4264
4427823,4823
4427982,3544
4428079,5146
4428312,7329
4428438,6978
4429159,5219
4429304,8860
4429401,8637
4429529,6480
4429594,6424
4429728,6572
4431020,9245
4431241,6312
4431767,6321
4431942,8491
4432006,10651
4432116,6365
4432918,5681
4434073,6874
4436369,4291
4436772,4742
4436899,9080
4437081,8054
4437654,7554
4438219,7778
4438819,7839
4438982,7066
4439119,7323
4439177,6147
4439371,7449
4439631,7095
4440070,5963
4443152,5155
4443181,4159
4443413,4587
4444308,4510
4444462,5501
4444687,4046
4445559,3937
4446478,4953
4446776,4244
4446849,4419
4448737,3457
4448906,5018
4448968,4071
4449075,4380
4449197,4870
4450935,3658
4451124,4000
4451463,4691
4451851,5390
4452270,5452
4454466,4249
4454578,4737
4455078,5047
4455232,4998
4455379,5934
4455562,6364
4455718,5118
4455987,9484
4456134,9186
4456369,4649
4456663,5414
4456869,5669
4458622,7129
4460558,5869
4460695,5567
4461028,6443
4461628,5004
4462147,5392
4462944,8487
4463046,8559
4463172,8518
4463299,7275
4463388,4970
4463541,4960
4463591,7406
4463885,5858
4463999,4569
4464344,7727
4464371,7476
4464394,5678
4464428,11701
4465869,5552
4467660,5565
4468164,4838
4468761,4900
4470033,4287
4472408,4316
4472786,4386
4473352,5909
4473592,5093
4474085,4215
4474474,5097
4474631,3520
4474763,4547
4474999,4341
4476919,3461
4477599,4464
4477751,5219
4477958,6377
4479482,4798
4479836,4602
4479948,6631
4480084,3786
4480589,3691
4481047,5208
4481276,5609
4481450,4954
4481853,6680
4481974,5061
4482077,6290
4482228,6395
4483462,3903
4484494,4129
4484568,5759
4484888,4464
4485119,5565
4485330,5411
4485831,6497
4488397,6363
4488659,6431
4488701,4095
4488763,7266
4488928,7508
4489062,4275
4489110,5462
4493666,5259
4493687,4513
4494200,4369
4494256,4872
4494869,4488
4495026,4335
4495185,6197
4496068,4905
4496579,3760
4496849,5024
4497034,4795
4497151,5006
4497305,5959
4497439,5098
4498340,4613
4498389,4205
4498812,6253
4499763,6390
4499924,6086
4500062,7709
4500215,6593
4500373,5584
4503691,4198
4503853,4181
4504853,5178
4505216,3614
4505454,7497
4505832,6534
4506062,7143
4506632,4728
4506821,6230
4507069,5352
4507608,5263
4509252,6886
4509293,4822
4509932,5104
4510250,5609
4510562,9078
4510703,8997
4510901,5128
4511115,7491
4511390,8238
4511868,8578
4512550,6413
4512689,6785
4513193,8066
4513399,7225
4513549,6217
4513769,7758
4513999,7783
4514247,7175
4514355,7612
4514581,5705
4517716,4873
4517908,6739
4518017,4199
4518169,6170
4518280,6086
4518709,8331
4519127,6627
4519274,7950
4519869,7144
4520493,4960
4520700,6435
4524646,4435
4524700,3938
4525078,5108
4525690,5830
4526420,5587
4527026,6467
4527223,5759
4527380,5239
4527587,5886
4527837,8507
4528008,7620
4528245,5544
4528792,5170
4529453,6168
4530231,4408
4530638,6876
4530857,4226
4531017,10060
4531138,10116
4531342,6626
4531883,6468
4532015,5574
4532486,10113
4532703,9774
4532934,9730
4533143,10638
4533596,7026
4533891,9718
4534279,8493
4534681,6794
4534904,5951
4535263,8021
4536161,6564
4538812,5395
4538856,6424
4539222,5506
4539586,5518
4539929,6276
4540171,4990
4540457,8157
4540804,5499
4541049,6024
4541450,5884
4541617,8765
4541830,8061
4545349,3726
4545537,5361
4545664,5300
4545812,6163
4545962,5533
4546113,5574
4546356,4867
4546512,6441
4546657,6665
4546796,5263
4547676,5738
4547810,5425
4547976,5610
4549679,4360
4550348,4346
4550580,5665
4550795,5163
4551294,6041
4555155,4345
4555229,5156
4555341,9671
4555896,7732
4556279,3721
4556362,6690
4556466,4478
4556631,6105
4557146,6719
4557269,6465
4557396,5443
4557550,4527
4558052,6618
4558086,7523
4558118,6138
4558137,5548
4561432,3631
4561654,4949
4561742,5155
4561832,8748
4562042,5436
4562427,4582
4562680,5347
4563221,4893
4565582,6600
4565824,3756
4568491,7525
4568868,5608
4569101,6734
4569928,7545
4570176,6078
4570201,4772
4570300,4862
4570481,10173
4570575,9455
4570630,8292
4570681,8652
4570725,7687
4570775,10818
4570820,12109
4570864,11317
4570911,11295
4570963,13655
4571008,12079
4571058,9389
4571124,8801
4571450,11788
4571967,6172
4571992,7749
4572383,6089
4572580,6692
4573287,7112
4579370,3964
4581172,4140
4581872,6785
4581918,5935
4582277,6559
4582594,5212
4583068,4416
4584094,6389
4584269,6944
4584394,6913
4584549,6553
4584806,6550
4584942,5982
4585108,6403
4585266,5895
4585562,6121
4585652,5798
4585778,4532
4586677,5056
4586941,4658
4588893,3797
4588914,5247
4589568,5107
4589847,6829
4593117,3946
4593299,3998
4594852,5742
4595023,5412
4595148,5185
4595302,8315
4595425,3888
4595463,5763
4597582,3736
4597954,8165
4597968,6152
4598010,8015
4598171,7964
4598260,7915
4598483,7197
4598558,7199
4598989,6920
4599041,10488
4599159,10278
4599437,10367
4599795,9176
4599934,9866
4600133,8278
4600331,6836
4600787,3782
4601550,5925
4601691,7168
4602143,7069
4602467,6818
4603021,6814
4603222,4927
4603883,4838
4606346,3761
4606799,11258
4606880,6951
4606966,6323
4607190,8459
4607608,6854
4608199,7176
4612118,5142
4612167,4727
4612297,5409
4612431,3993
4612541,6103
4613357,4451
4614709,4132
4615069,5547
4615213,4900
4616937,9853
4616973,5168
4617234,10049
4617442,8763
4618735,6338
4618822,7873
4619054,7655
4620192,4301
4620218,5071
4620395,4255
4620469,4416
4620662,5560
4621081,6338
4621365,4879
4621621,7459
4621813,6912
4621930,6162
4622215,5824
4622267,8071
4622759,7110
4623026,7383
4623072,8387
4623200,7828
4627786,5387
4627894,5332
4627950,5588
4628122,6880
4628378,9180
4628560,7787
4628805,5381
4629393,6192
4629479,6554
4629546,7924
4633485,5942
4633556,12977
4633880,5253
4634089,9500
4634351,4507
4634593,9807
4634689,7039
4634918,4697
4635483,8617
4636080,10527
4636263,12714
4636475,7296
4636576,7888
4636690,6961
4636803,12834
4636936,10774
4637043,11515
4637239,6540
4637907,4234
4638251,10169
4638425,9653
4638943,9428
4639790,7446
4640050,8121
4640406,10245
4642599,7096
4642841,8835
4643266,9397
4644111,7794
4644285,7190
4644525,7478
4644567,6726
4645017,6745
4645783,7629
4645938,6627
4646712,7649
4646853,7308
4646965,7002
4647093,7863
4647223,7005
4647696,6596
4647801,7208
4651890,7959
4652050,6542
4655213,9469
4655419,4702
4655544,4685
4655741,4586
4656077,14709
4656223,6600
4656462,13730
4656579,13827
4656602,13889
4656645,14930
4656730,12154
4657007,13916
4657946,13014
4658114,8082
4658689,8466
4658848,10007
4658999,7311
4659155,13464
4659313,7093
4659473,9527
4659566,13781
4659719,9047
4659955,17235
4661582,11861
4661757,8555
4661919,11615
4662068,10093
4662226,12688
4662384,14599
4662606,14010
4662762,12698
4662920,15422
4663078,14989
4663231,17014
4663382,14404
4663561,23776
4663723,17606
4663881,15455
4664038,15523
4664202,15643
4664366,15767
4664532,20180
4664695,19725
4664861,19023
4665029,15292
4665379,15163
4665676,15371
4665860,14992
4666028,12932
4666733,18684
4667301,21519
4667464,20715
4667629,20596
4667781,21226
4667942,20787
4668100,19824
4668267,19581
4668435,19438
4668602,20040
4669217,23080
4669382,22565
4669652,22395
4670024,21194
4671328,19683
4671499,17626
4671679,19247
4671837,20896
4671998,20739
4672246,21429
4672418,20670
4672870,16792
4673032,17400
4673182,17156
4673890,15522
4674061,16028
4674214,15299
4675070,15326
4675622,13971
4676773,13031
4677135,11845
4680539,9455
4681976,8658
4682610,9285
4682946,9957
4683115,7534
4686350,4489
4691276,4072
4692968,4274
4693166,4319
4693355,3750
4693853,3462
4694427,4609
4694473,4476
4694579,5224
4694735,5145
4695950,4608
4698459,5149
4698899,5305
4699042,6572
4699786,10531
4699996,7304
4700078,5613
4700165,6579
4700303,6303
4700393,6527
4700655,6380
4702390,5753
4702971,10342
4703693,10683
4703885,10322
4703998,5184
4704084,9992
4704216,4362
4704307,8117
4704400,10622
4704502,7570
4704651,9838
4704744,7517
4704823,10135
4705039,9687
4705296,6584
4705462,8290
4705936,8671
4706350,8761
4709553,6727
4709747,5919
4709784,6076
4709929,5349
4710090,6724
4710376,5046
4711141,5682
4711558,5649
4715392,3977
4716813,4394
4716975,3916
4717135,4472
4717191,4134
4718278,5116
4719863,3443
4719895,4404
4720081,3675
4721117,4173
4721672,4067
4721742,3468
4722120,3991
4722716,5735
4723987,4728
4724070,4701
4724296,4524
4724492,6004
4726470,4759
4726493,6214
4726541,5411
4726554,5716
4726862,5919
4726894,6069
4727043,4629
4727462,4646
4728485,4743
4729425,4621
4729472,5603
4729622,4160
4729937,5041
4730191,5577
4730472,4604
4733226,4069
4733569,4086
4734499,4389
4735120,5048
4735594,4931
4735840,4406
4735945,4640
4736679,4785
4736715,5239
4738060,4694
4738069,4050
4738269,11681
4738558,8828
4738776,10890
4739000,9180
4739075,7692
4739299,10295
4739641,8805
4739768,15090
4739981,15442
4740379,7162
4740513,9444
4740795,9415
4741017,5930
4741524,8379
4743480,4855
4743908,5817
4744056,4969
4744318,5820
4744605,6733
4745058,11963
4745388,8308
4745552,11363
4745864,6718
4746247,9132
4746605,10775
4746971,10236
4747233,8812
4747935,4599
4748716,4990
4749199,7950
4749723,7133
4749982,5689
4750166,6404
4750237,7053
4750564,6707
4750670,5081
4754584,4077
4755086,6528
4755809,5182
4756109,5315
4758790,4722
4759055,4408
4759474,7464
4759659,5883
4759766,4719
4759782,5176
4759917,4325
4759956,4478
4760191,5889
4760305,4801
4760617,5326
4761665,5010
4762081,5259
4762252,5054
4762729,3522
4763908,6011
4764687,3747
4765568,5141
4765745,5754
4767463,5274
4767736,6454
4767912,5691
4768066,6381
4768487,5966
4768645,6145
4768785,5299
4769451,5779
4769608,8419
4769815,8300
4770379,6708
4770566,4471
4770743,5640
4771324,7083
4771573,7036
4771754,6838
4771940,5814
4772193,6614
4775190,3835
4775292,4891
4776121,6087
4776187,7130
4776850,5459
4777011,5246
4777266,4886
4777924,6720
4778249,6554
4778832,5757
4779240,5578
4780252,6138
4781556,6198
4781717,5208
4781856,6364
4782093,5792
4782263,5866
4782486,4607
4782554,4934
4782697,4644
4782846,6055
4783000,5992
4785049,4871
4785314,4540
4785924,4600
4786273,3737
4786747,5049
4787158,3760
4788314,4870
4788389,7912
4791009,5840
4791030,4596
4791244,4607
4791402,4779
4791668,9002
4791783,6667
4792113,7159
4792155,4486
4792250,8475
4792288,7383
4792323,8280
4792342,6640
4792373,6967
4792604,4625
4797329,5648
4797390,11269
4797548,10409
4798080,9513
4798647,9190
4798891,9478
4799077,9308
4799144,7871
4799193,7341
4799221,8675
4799245,8841
4799408,6787
4799523,6203
4801100,7539
4801160,6864
4802120,8067
4803578,5668
4803861,5792
4804012,5370
4804263,4986
4804441,4708
4805937,4058
4806192,3855
4807260,3702
4807416,6808
4807621,6515
4810906,3261
4811250,5177
4811693,4841
4811931,4095
4812186,4724
4813062,3379
4813722,3198
4814204,3848
4814581,3639
4814757,4515
4814881,3945
4814991,4835
4817216,4520
4817307,5956
4817434,5026
4817666,5067
4817784,5664
4819255,3996
4819414,4066
4819846,4434
4820158,4749
4820304,3951
4820483,4692
4820610,3936
4821189,3972
4821938,3419
4822035,4515
4822563,3729
4822767,3284
4823500,4929
4823739,4462
4824309,3321
4826818,5756
4826950,4511
4827151,6151
4827329,6499
4827548,7099
4827637,6297
4827659,5644
4827877,6315
4828143,5341
4828906,5552
4831007,5058
4831576,3705
4831926,4530
4833059,4439
4833478,6004
4833551,8155
4834059,7476
4834196,5183
4834512,6621
4834665,6604
4835691,6671
4835733,6336
4835772,4978
4835809,4796
4837469,6696
4837784,4672
4837820,4263
4837962,8168
4838121,7051
4838248,7618
4838385,5795
4838610,5320
4838923,5197
4839058,5581
4839192,5371
4844219,6060
4844361,4569
4845252,5392
4845934,4801
4846466,5187
4846864,5117
4846894,4847
4847257,5899
4847367,5281
4847615,4977
4848699,4392
4848841,4198
4849286,4928
4849354,4958
4849389,6747
4849420,8727
4849620,3990
4850770,6177
4851259,6081
4851402,4915
4852632,5371
4852781,4823
4854348,6380
4854430,6132
4854563,7481
4854678,5712
4854806,5205
4855025,8914
4855050,8167
4855100,8131
4855131,8448
4855148,7855
4855197,7115
4855227,6516
4855268,6125
4858775,3834
