371,3104
774,2914
787,2985
1067,2791
1292,2840
1486,2954
1522,2908
1706,2853
1942,2789
2150,2813
2539,2848
2697,3274
2717,3390
2988,3188
3187,3128
3881,3171
4616,2968
4973,2917
5150,3096
5175,3154
5310,3125
5529,3384
5689,3275
5847,3200
6544,3140
6577,3161
6736,3170
6886,3241
6950,3150
7135,3298
7202,3276
7329,3381
7716,3287
7737,3869
7882,3720
8180,3603
8602,3057
8804,3121
9317,3432
9343,3554
9566,3586
9788,3454
9939,3492
9964,3539
10204,3802
10232,3721
11037,3341
11223,3310
11428,3573
11635,3290
11952,3678
12066,3187
12082,3225
12272,3866
12494,3446
12572,3618
12863,3651
13531,3029
13869,3342
14034,3250
14161,3671
14195,3548
14263,3816
14449,3730
14674,3527
15057,3885
15076,3715
15225,3665
15354,3583
15693,3660
16336,3164
16571,3194
16741,3767
16902,3242
16998,3238
17052,3404
17338,3649
17446,3476
17739,3350
17860,3326
18043,3584
18282,3550
18406,3884
18523,3920
18543,4132
18750,3930
19535,3374
19559,3446
19890,3858
20104,3492
20275,3269
20436,3484
21219,2982
21240,3233
21419,3277
21450,3385
21705,3285
21870,3188
22044,3600
22070,3892
22332,3815
22511,3664
22559,3664
23175,3530
23395,3605
23579,3503
23785,3387
23957,3617
24102,3561
24239,3442
24523,3481
25309,3539
25541,3800
25682,3889
25801,3820
25952,4027
26190,4320
26369,4261
26410,3754
26584,3833
26740,3823
26956,3857
27826,3627
27866,3274
27997,3194
28156,3562
28499,3009
28729,3513
28894,3298
29019,3827
29049,3767
29200,3525
29648,3457
30733,3107
30872,3025
31017,3459
31235,3900
31340,3723
31475,3716
31517,3954
31921,3331
31950,3785
32108,3682
32291,3667
32342,4104
32415,3674
32557,3631
32897,3899
32932,3657
33140,3534
33276,3747
33502,3453
33706,3556
33850,3717
33930,3655
34021,3592
34658,3625
34823,3443
34993,3937
35220,3762
35448,3643
35562,3805
35576,3623
36253,3557
36777,3534
36885,3778
37102,4059
37315,3855
37408,3693
37681,3981
37704,3521
37849,3715
37882,3714
38018,3841
38596,3494
38623,3591
38765,3554
39283,3364
39445,3254
39477,4584
39644,4347
39841,3576
40610,3840
40797,3540
40991,3756
41193,3779
41333,3805
41411,3627
41919,3667
41979,3820
42465,3461
42533,4405
42719,3396
42865,3836
43004,4051
43042,3957
43062,3403
43065,4236
43142,4312
43466,3252
43637,3274
43819,3900
43855,4725
43891,4247
43956,4255
44006,3380
45254,3577
45293,3341
45409,3790
45942,3779
46076,3551
46214,3715
46528,3670
46548,3738
46748,3675
47420,3310
47545,3312
47637,3304
47821,3799
47949,3619
48407,3841
48770,3297
48867,4090
49023,3998
49078,3779
49226,3703
49554,3431
49762,3833
49967,3782
50936,2990
51074,2872
51085,3003
51248,3737
51293,3760
51387,3716
51440,3888
51589,4060
51660,3979
51755,4027
51812,5121
51894,4686
54349,3284
54505,3233
54536,4016
54703,3976
54815,3915
54996,4452
55170,4362
55225,4419
55386,4691
55410,4726
55483,5218
55623,5145
55694,5065
55820,5055
55983,4828
56068,4867
56339,5104
56411,5223
56503,5068
56620,5064
56734,5311
57032,4844
57260,4837
57295,4821
57430,4839
57456,4995
57627,4935
58269,5028
58398,5604
58412,5457
58590,5332
58732,5240
58801,5363
58926,5289
59042,5411
59172,5404
59458,5591
59590,5716
60079,5358
60203,5294
60284,5143
60449,5226
60604,5313
60867,5066
61035,4949
61206,6262
61646,5833
61734,5813
61882,5752
61909,5889
62929,5244
63116,5131
63145,5188
63291,5461
63417,5443
63675,5237
65078,4415
65119,4089
65279,4337
65511,4285
65654,4254
65719,3948
65959,4212
66033,3809
66082,4036
66183,3881
66245,3977
66328,3961
66416,4067
66439,3954
66758,4950
66938,4976
67058,5004
67103,5049
67166,5260
67228,5273
67285,5309
68332,6177
68455,4866
68617,5127
68913,5691
68971,5465
69107,5564
69237,5695
69616,5419
69822,5638
69955,5651
71106,4552
71401,4402
71749,4032
71914,4768
72083,4007
72713,3433
73118,3344
73886,3013
74060,3635
74147,3639
74238,4022
74326,4193
74758,4475
75140,4038
75323,3959
76204,3226
76224,3193
76439,3109
76556,3422
76570,3452
76717,3348
76890,3341
77024,3664
77168,3573
77209,3851
77290,5419
77354,4212
77386,4484
77429,4324
77583,4239
77730,4138
77846,4182
77971,4520
77982,4450
78443,4991
79070,4002
79256,3999
79478,4179
79660,4118
79781,4107
79811,4160
80166,3927
80268,4184
80535,3859
80679,3892
80795,4248
80909,4189
81023,4315
81230,4930
81272,4823
82532,4073
82599,3936
82769,3866
82899,3767
82931,3793
83268,3673
84018,3071
84217,3287
84401,3793
84665,3623
84730,3395
84880,3568
84922,4052
85092,3935
85345,3783
85413,3664
85448,3744
85633,3612
85775,4101
86130,4110
86276,3796
87143,3034
87320,3004
87395,3182
87670,2977
87841,3691
88067,3282
88262,3562
88321,3743
88613,3606
88749,3680
88901,3582
89053,3554
89200,3475
90329,3118
90394,3452
90780,2930
90951,3246
91065,3507
91228,4209
91431,3204
91570,3461
91651,3482
91732,3592
92609,3399
92713,3116
92860,3935
92894,4060
92927,4079
93429,3435
93697,3935
93749,3517
93898,4118
94036,4140
94169,3842
94351,3757
94385,4370
94580,3701
94669,4163
95353,3531
95436,3232
95561,3405
95673,3340
95710,3362
95850,3899
95995,3755
96021,4195
96135,3797
96186,4084
96254,3926
96914,3663
97084,3594
97208,3548
97340,4540
99136,3339
99172,3092
99271,3208
99786,3347
99893,3188
100039,3144
100442,3060
101403,3192
101568,3192
101710,3198
101880,3348
102014,3510
102164,3413
102199,3601
102305,3530
102542,3662
103388,3954
103531,3312
103564,3908
103661,3436
103702,3703
103821,3961
103849,4375
103989,4006
104030,4032
104113,4438
104150,4294
104264,4332
104325,4654
104398,5288
104420,5312
104935,4909
105003,4081
105078,4109
105237,4053
105265,4530
106037,4471
106117,4423
106309,5002
106423,4060
106463,4068
106527,4954
106592,4823
106616,5019
106646,5336
107139,4933
107174,5028
107600,4924
107651,5111
107777,5044
109191,4128
109350,4517
109392,4205
109776,4201
109927,4098
109970,4102
110131,4457
110224,6464
110281,4571
110727,4235
110913,4134
110998,5763
111186,5651
111409,5488
112440,4556
112614,4333
112639,4340
112806,3542
112948,3559
113122,4096
113127,4887
113267,4553
113428,4471
113464,4435
113608,4614
113708,4388
113809,4484
114411,3927
114671,3754
115134,4075
115295,6091
115445,4104
115508,4186
115605,4326
115705,4383
115756,4380
115857,4927
115915,5067
116020,4818
116067,5217
116183,4883
116226,5352
118022,3932
118186,3941
118326,3820
118474,3765
118531,4070
118606,4475
118750,4430
118752,4718
118891,4377
118956,4165
119045,4590
119085,4703
119744,4339
119761,4593
119890,4984
120028,4905
120176,4759
120233,4753
120427,5324
120590,5214
120952,4989
121156,4888
121293,4938
121650,4454
122409,4290
122558,4339
122677,4273
122792,4209
122922,4376
123108,4242
123298,4132
123326,4169
123513,4545
123603,4626
123761,4402
123828,4443
123851,4687
125031,3771
125076,3916
125231,4414
125250,3896
125352,4601
125471,4415
126333,3917
126386,3764
126525,4168
126730,4063
126785,3753
126908,3721
127023,4102
128111,3399
128209,3720
128320,3137
128840,3279
129107,3100
129258,3366
129274,3166
129688,3080
130322,3451
130596,3174
130829,2893
130973,2903
131155,3297
131308,3497
131341,3518
131407,3332
133003,3009
133022,3148
133217,4727
133588,3018
133825,4013
133979,4099
134022,3811
134170,3823
134315,3750
134463,3652
134497,3669
134583,3727
134643,4436
134869,4262
134899,3864
134991,4189
135145,4085
135328,4144
135429,3876
135566,3881
136895,3166
137066,3139
137134,3261
137258,4391
137317,4797
137495,3169
137623,3093
137661,3290
139544,3694
139564,3303
139646,3520
139801,3633
140387,3293
140577,3199
140767,3269
140801,3337
140957,3373
140988,3450
141118,3782
141145,3662
141281,3741
141301,4698
141426,3690
141624,3581
141705,3671
141737,3681
141841,4013
141955,4153
142020,4162
142166,4315
142336,4311
142449,4333
142807,4160
142974,4190
143278,3857
144006,3657
144168,3547
144216,3690
144449,5031
144472,4458
144602,4549
144927,4723
145405,4309
145431,4217
145581,4128
145805,4149
146755,3522
146823,3725
147047,3795
147231,3547
147257,4779
147348,4372
147400,4666
147430,4201
147552,4290
147680,4267
147812,4369
147900,4643
148049,4664
148180,4583
148319,4879
148639,4397
150102,3550
150239,3554
150308,3858
150602,3971
150742,4038
150876,3692
150908,3715
151056,3979
151179,4351
151439,4458
151592,4470
151877,4417
152079,4168
152227,4101
152263,4584
152389,4513
152419,4566
153401,4451
153486,4483
153618,4286
153701,4654
153851,4650
153888,4496
154029,4408
154151,4625
154325,4540
154598,4465
154811,4301
154853,4309
155129,4393
155267,4349
156125,3869
156327,4580
156419,3730
156553,3652
156687,3602
156827,3606
157021,3910
157072,4047
157199,4536
157349,4658
157352,6390
157517,6283
157768,4509
158159,5695
158403,4966
158590,4846
158611,4827
158864,4350
159810,4426
159832,4493
159983,4463
160039,4858
160185,4954
160350,4737
160550,4485
160642,4803
160704,4903
160774,4879
160938,5086
160969,5107
161812,4338
162094,4150
162411,4279
162486,4287
162573,4309
162655,4338
162694,4380
162811,4419
162848,4655
162966,4372
163000,4551
163123,4844
163280,4749
163652,4839
163798,5191
163940,5138
164081,5090
164218,5010
164686,4900
165003,4466
165200,4321
165233,4414
165861,4326
166217,4049
167032,4165
167292,4319
167413,4336
167558,4140
167599,4214
167753,4717
167873,4660
168071,4871
168315,4782
168576,4655
168718,4568
168850,4528
169211,4227
170267,3731
170435,3417
170567,3360
170997,3229
171015,3332
171237,4716
171277,4240
171405,4234
171439,4167
171589,4102
171720,4181
171837,4206
171865,4113
171989,4440
172290,4207
172461,4106
172655,4231
172791,4316
174029,3834
174053,3537
174185,3730
174266,3984
174419,3550
174458,3740
174634,3641
174781,4298
174800,4551
175002,4485
175178,4499
175478,4386
175737,4192
176754,3429
176775,3531
176897,3529
176922,3597
177051,3686
177212,4174
177230,4275
177332,5843
177427,4125
177652,4290
177693,4587
177801,5322
178040,5184
178090,5121
178275,4795
178692,4831
178870,4785
178915,4943
179081,4851
180592,3614
180762,3814
180823,4689
180938,4106
180959,4656
181078,4086
181080,4486
181201,4463
181234,4518
181385,4793
181530,4702
181659,5036
181705,4965
181786,4899
181827,4919
181963,4923
182117,5106
182313,5067
182347,5340
182641,4828
182807,4775
184020,4474
184043,4215
184191,4248
184329,4413
184350,4443
184425,4437
184713,4748
184862,4822
185032,4872
185259,4705
185281,4801
185951,4775
185998,4813
186123,4697
186267,4492
187642,3314
187733,3340
187887,3430
188007,3578
188566,3561
188595,3972
188742,3857
188875,4032
189008,3950
189137,4146
189278,4306
189478,4229
189792,3983
191354,3105
191433,3276
191586,2986
191632,3021
191760,3107
191922,3858
191987,3998
192137,3795
192264,3601
192395,3703
192425,3818
192599,3871
192723,3829
192881,3918
192997,3884
193029,3898
195712,4560
196049,3086
196579,3625
196630,3841
196795,3528
196937,3447
197090,3439
197569,3069
197796,3141
197987,3083
198149,2985
198632,3473
198647,3195
198761,4044
198888,3583
198889,3669
199048,4014
199206,3807
199242,3807
199436,3822
199638,3855
199799,4369
200093,4315
200723,3897
200816,3887
201151,3607
201216,3652
201345,3882
201392,3762
201623,3847
201768,4139
201891,4009
202028,4564
202188,4112
202257,4365
202319,4421
202387,4898
202547,4295
203290,4041
203391,4310
203520,4233
203647,4179
203767,4564
203879,4594
203989,4434
204037,4442
204346,4958
204416,4835
204448,4463
205429,3982
205571,3970
205732,3914
205921,3899
205964,4020
206112,4074
206170,4124
206234,4155
206462,3993
206660,3961
207546,3690
207702,4082
207850,3813
207873,4239
208027,4421
208171,4461
208502,4197
208641,4108
209051,3763
209229,3779
210640,3198
210674,2972
210874,4264
210898,2887
210991,3463
211058,3680
211174,3892
211490,3741
211839,3504
212064,3782
212174,3514
212325,3901
212411,3746
213347,3431
213678,3187
213829,3289
213956,2922
214001,3245
214154,3504
214254,4125
214493,3647
214721,3749
214967,3618
215169,3710
215338,4009
215439,3740
215494,3942
215567,4012
215690,4036
215701,4329
216606,3537
216894,3405
216955,3780
217035,3905
217168,3840
217295,4230
217388,4405
217458,4297
217647,4160
217704,4345
217790,4220
218219,4201
218436,3912
218616,3795
218702,3812
218834,3886
219670,3675
219766,3709
219868,3706
219941,4030
220140,4273
220288,4194
220561,4114
220831,4421
221022,4454
221168,4414
221300,4434
222851,3085
222917,3210
223007,3210
223169,3417
223256,3439
223443,3383
223604,3274
223738,5125
223805,4123
223828,4152
223955,4146
224094,4106
224236,4779
224392,4673
224504,4562
224573,4563
224983,4296
225313,4490
225548,4306
226412,3553
226458,3703
226655,3676
226729,3726
226874,3699
226919,3891
227021,4143
227066,4401
227173,4416
227209,4320
227383,4898
227390,4945
227549,4884
227582,5015
227725,5422
227768,5412
228274,4855
229741,3688
229952,3539
229978,4190
230152,5031
230210,4642
230393,4944
230508,4503
230587,4876
230654,4575
230823,4574
231029,4484
231243,4788
231260,4877
231421,4794
231572,5397
232793,4062
232813,4332
232968,4302
233015,4186
233158,4163
233424,4426
233528,4203
233551,4904
233718,4806
233799,3985
233908,4665
234005,4866
234034,4594
234176,4630
234324,5251
234344,4649
234592,4878
234949,4704
235164,4595
235389,4542
236270,4317
236294,4494
236672,4134
236895,4179
237041,4085
237178,4646
237324,4613
237657,4485
237896,4412
238099,4370
238242,4727
238312,4935
238466,4872
238751,4731
238952,4549
240288,3784
240446,4600
240468,3738
240624,4435
240821,4158
240911,4213
241075,4036
241169,4007
241203,4451
241315,4497
241438,4444
241524,4568
241573,4849
241655,4567
241743,4804
242556,4108
242763,3834
242794,3863
242927,3837
243061,4082
243085,3993
243224,3843
243777,4179
243872,3848
244294,4021
244490,3771
244671,4489
244850,4410
245600,3611
246839,3337
247243,3065
247423,3334
247548,3893
247735,3811
247880,3616
248011,3594
248324,4062
248413,3265
248545,3203
248725,3214
248864,3251
248995,3211
249022,3449
249155,3646
249292,4130
249314,4746
249333,4783
249608,3492
249815,3697
249945,3813
250086,4377
250227,4384
250483,4289
250595,4244
250988,4548
251984,3965
252242,3470
252267,3735
252474,3817
252544,3725
252642,4014
252671,4104
252785,4040
252931,3943
252959,4078
253139,4843
253289,4605
253507,4654
253746,4531
253788,4261
253871,4336
253924,4398
254070,4605
255049,3919
255185,4024
255350,3898
255584,3924
255751,4212
255787,3922
256030,3807
256701,3442
256875,3321
257142,3175
257150,3429
257420,3660
257563,3727
257876,4138
258022,4097
258154,4072
258284,3890
258387,3902
258543,3867
258763,3834
258790,3933
259881,3378
259976,3374
260078,3686
260351,3325
260401,3418
260617,3401
260869,3449
261263,3300
261466,3147
261492,3495
261679,3653
262633,2993
262756,3383
262812,3162
262864,3164
263342,3301
263473,3675
263787,3408
263830,3416
263981,3620
264201,4062
264392,3589
264696,4006
265014,3748
265042,3788
265168,3791
265192,3690
265334,3642
265403,3721
266263,3279
266411,3278
266455,3458
266635,3225
266757,3208
266874,3211
267064,3763
267213,3674
267329,3609
267425,3628
267537,3450
267713,4102
267863,4164
268043,4356
268248,4079
268292,4388
269307,3623
270032,3447
270137,3097
270580,3119
270816,3899
270959,3341
271088,3544
271256,3428
271300,3520
271413,3407
271454,3835
271593,3622
271728,3793
271849,3807
271984,3735
272085,3688
272130,3790
272209,3759
273134,2994
273263,2917
273308,3866
273426,3056
273575,3764
273767,3808
273878,4023
273936,4092
273977,5337
274060,5321
274313,3856
276151,3601
276267,3184
276288,3213
276472,3171
276561,3286
276650,3321
276748,3303
276809,3339
276948,3587
277015,3779
277068,4378
277182,4318
277268,4179
277613,3935
277741,4285
277938,4264
278041,4038
278192,3939
278218,4046
278825,3858
279132,3815
280282,3280
280450,3314
280613,3428
280741,3521
280894,4023
281059,3805
281201,4774
281556,4613
281586,4658
281731,4583
281788,5076
281916,4781
282073,4574
282285,4462
282429,4367
282559,4288
282677,4278
282786,4518
282869,4293
283042,4197
283830,3648
283852,3626
284053,3551
284088,3625
284191,3609
284300,3612
284460,3772
284492,4198
284585,3931
284634,4076
284730,4174
284916,4384
284969,4551
285037,4317
285191,4267
287894,3433
288064,3594
288110,3642
288284,3950
288312,3969
288415,3915
288902,3520
289028,3808
289072,3574
289101,3630
289340,3932
289401,3558
289539,4280
289577,3576
289709,3434
290014,3645
290249,3490
290311,3402
290453,3390
290481,3463
290589,3472
290631,3633
290791,3740
290812,3628
291089,3699
291469,3251
294775,2819
294905,2839
295877,3030
296057,3279
296225,3893
296420,4153
296449,3812
296583,4041
296754,3925
296912,4397
297563,3941
297630,4189
297788,4089
297893,4027
297925,4002
298095,3882
298116,4118
298235,4511
298350,4256
298385,4076
298543,4131
298562,4284
298708,4970
298738,4701
298844,4888
298976,4805
299114,5172
299132,5732
299201,5330
299326,5338
299636,5163
299804,5385
300112,5406
300166,5582
300328,5411
300871,4929
300875,5196
301017,5120
301323,5430
301758,5080
301952,5213
302017,5085
302901,4344
302939,4868
303083,5317
303338,5237
303724,4507
303889,4457
304030,4425
304206,4299
304401,4816
304571,5151
304763,5013
305164,4666
305225,5178
305400,4546
305543,4347
305575,5497
305794,4404
305848,4475
305916,4513
306387,4779
306903,4339
307053,4393
307190,4301
307351,4246
307455,4295
307511,4300
307647,4310
307673,4337
307896,4499
309108,3463
309265,3746
309313,4147
310079,3454
310440,3205
310601,3126
310777,3795
310874,3042
310908,3287
311921,3530
312073,3777
312089,3184
312414,4086
312444,3128
312596,3064
312716,3179
313125,3447
313180,3696
313207,3694
314012,3167
314064,3166
314426,3376
314487,3157
314624,3307
314658,3201
314778,3309
314926,3402
315061,3331
315576,3400
315764,3268
315918,3582
315939,3977
316081,3603
316187,3695
317078,3448
317247,3227
317590,3300
317753,3189
317972,3369
318145,3639
318165,3481
318250,3482
318449,3402
318590,3871
318608,4017
318783,3931
318803,4027
319039,3935
319191,4565
321821,3916
321928,3693
322073,3767
322281,3666
322302,4226
322437,4175
322665,4024
322762,4066
322900,3983
323022,3936
323034,4024
323164,4020
323183,4070
323318,6269
323426,5384
323434,4491
323568,4450
323731,4577
323812,4438
323949,4366
323987,5302
324066,4456
324108,5081
324179,5291
324270,5405
324409,5330
324997,4857
325200,4764
325413,4603
325438,4704
325575,4652
325732,5218
325894,5142
326045,5091
326199,5049
326545,5167
326667,5025
327192,4672
327334,4675
327496,4643
327639,5248
327670,6036
327737,5462
327874,5432
328013,5660
328149,5410
328337,5626
328872,5321
329027,5218
329658,4637
330058,5188
330293,4331
332297,3105
332459,2833
332771,5190
332952,5115
333015,4071
333118,5000
333271,4065
333760,4256
333847,4093
334003,3884
335914,3265
336089,3144
336255,3327
336444,3475
336662,3994
336821,3897
336889,3701
336979,3824
337153,3803
337165,3964
338273,3661
338425,3303
338586,3583
338630,3568
338764,3381
338810,3570
339008,3424
339043,3625
339178,3515
339293,3742
339312,4113
339391,3868
339498,3949
339791,3708
339965,3836
340133,4455
340293,4179
340954,3567
340998,3725
341149,3783
341763,3236
341996,3265
342182,3868
342259,3487
342858,3037
343153,3107
343342,3609
343394,3029
343538,3309
343778,3263
343868,3275
344006,4108
344125,4188
344256,3684
345154,3281
345304,3115
345553,3005
345877,3436
346100,3585
346261,3657
346407,3334
347577,2959
347773,2829
347952,3746
348147,3671
348243,3481
348438,3261
348640,3399
348914,3343
349044,3072
349120,3628
349288,3005
349509,2941
349539,3119
349693,3118
349742,3131
350763,3217
350803,3542
350942,4786
350966,2925
351020,5297
351051,5851
351219,3685
351316,4142
351462,3375
351896,4140
352288,4189
352449,4167
352696,4257
353942,3577
354185,3431
354230,3450
354432,3748
354484,3669
354646,3739
354647,4070
354774,3802
354835,3941
355233,3420
355253,3582
355520,3667
355542,3579
355696,4025
355815,3778
355860,3744
355973,3853
356092,3755
356227,5108
356439,4322
356579,4276
356721,4413
356742,4711
357078,4781
357860,4585
358010,4715
358212,4604
358280,5276
358453,5186
358622,5178
358762,5093
358932,4559
360572,3404
360745,3340
360960,3315
361219,3563
361437,3233
361602,3227
361674,3322
361761,3457
361925,3350
361975,4189
362080,3463
362242,3890
362538,3708
362919,3559
363083,3876
363699,3399
364154,3345
364307,3555
364332,3663
364619,3629
364862,3461
365032,3805
365052,3849
365116,3989
365271,4347
365317,4119
365380,3800
365519,4834
365575,4869
365624,4963
365719,3556
365879,4049
365969,4256
366248,4044
367093,4135
367190,3993
367303,4606
367319,4151
367776,4151
369424,3254
369588,3581
369671,3573
369750,3975
369820,3887
369982,4440
370060,4475
370135,4205
370533,4139
370626,4262
370659,3964
370966,3978
371061,4026
371204,4112
371280,4379
371528,4184
371744,4043
371993,3946
372145,3926
372163,4110
372308,4132
372333,4539
372796,4024
373848,3403
374437,3323
374568,3291
374714,3714
374760,3723
374910,3683
375028,3718
375158,3940
375224,4092
375378,4209
375491,4535
375502,4381
375733,4285
376215,3956
376321,4237
376713,4194
377101,3539
377317,3981
377463,3625
377628,3554
377905,3635
378088,3480
378734,3207
378874,2980
379391,3913
379421,3931
379606,4236
379630,4691
380121,4407
380276,4450
380294,4286
380385,4398
380535,4567
380675,4875
381384,4342
381414,4722
381594,4702
381752,4681
381909,4572
382049,4503
382084,4680
382166,4994
382235,4838
382278,4943
382402,5053
382442,5029
382764,5166
382905,5109
383022,5083
383908,4395
384068,4315
384106,4475
384198,4474
384517,4588
384665,4533
384795,4918
384928,4414
385003,4436
385129,4779
385246,4773
385246,4872
385527,4691
385609,4890
385779,5023
386435,4997
386585,5254
386749,5791
386878,6203
387018,6265
387154,6010
387270,5199
387304,6260
388253,4766
388413,4717
388447,5421
388662,4669
388911,5072
388959,4657
389102,4565
389443,4387
390606,3535
390630,3517
390803,3441
390924,3424
390928,3574
391059,3971
391190,4076
391400,4632
391621,4145
391765,4442
391801,4962
391834,5478
391918,4032
392079,4077
392348,5212
394853,3269
395066,3756
395089,3830
395194,3803
395307,3801
395353,3850
395596,3836
395634,4073
395774,3985
395830,4074
396453,4160
396724,3835
396802,3798
396865,3943
396964,3899
397021,3839
397236,4000
399274,3605
399346,3498
399536,3406
399575,3436
399726,5548
399901,3902
400050,4738
400189,3667
400309,4028
400351,4362
400626,4932
400636,4171
400898,4110
400921,4854
401066,4108
401098,4374
401259,4191
401390,3937
401464,4146
401547,4418
401641,4264
401762,4324
401941,4209
402097,4142
403097,3849
403147,3807
403456,3680
403622,5529
403652,5821
403789,5767
403869,4150
404142,3309
404846,4911
405009,4695
405203,4605
405395,4463
405644,4265
405792,4208
405944,4200
406079,4118
407213,3217
407436,3130
407495,3009
407667,3122
407693,3146
407794,4125
407835,4136
407857,3334
408064,4107
408102,3552
408320,3528
408353,3944
408418,3788
408677,3665
409144,3788
410319,3493
410497,3941
410606,3565
410659,3607
410781,3555
411243,4199
411268,4029
411742,3912
412004,3710
412027,3814
412205,3823
412511,3642
412655,3926
412768,3901
412778,3702
412966,3793
413016,3792
413140,3937
413151,4579
413257,4069
413319,4557
413496,3958
414301,3776
414390,3232
414532,3391
414571,3567
414768,3463
414910,3631
415000,3869
415030,4807
415141,4558
415164,3941
415298,4471
416163,3888
416285,3968
417150,3953
417433,4172
417611,3575
418073,3365
418409,4423
418574,3506
418697,3513
418985,3462
419132,3499
419165,3743
419467,3487
419740,3346
419879,3946
420575,3994
420691,3403
420706,3947
420905,3809
421217,3698
421540,3321
421699,3363
421718,3746
421857,3660
422043,3816
422207,3762
422248,3853
422300,3949
422425,3991
422466,4257
422668,3855
422792,3879
423700,3552
423888,3610
423983,3638
424135,3692
424184,4033
424255,3996
424319,4143
424688,3618
425173,3611
425341,4011
425404,3486
425554,3475
426469,3051
426634,3081
426763,3007
426910,3110
427039,4014
427081,3955
427210,4061
427308,3941
427464,4479
427996,3954
428003,3865
428310,3683
428443,3648
428583,3742
429556,3045
429820,2926
429851,2948
429979,3027
430082,3144
430130,3016
430265,3898
430293,4201
430412,4019
430646,3796
430871,3684
431085,3529
431279,3595
431323,4150
432931,3014
433069,3034
433208,3350
433272,3345
433343,3530
433626,3523
433785,3417
433904,4065
434048,3975
434175,3963
434309,3776
434550,3638
434689,3817
435018,3578
435149,3570
435267,3677
436148,3887
436281,3954
436388,3549
436407,3879
436571,3484
436713,3639
436905,3755
436977,3734
437327,4568
437385,3889
437398,3908
437573,3814
437716,3842
437735,4081
438043,3959
438779,3420
438985,3342
439138,3352
439156,3430
439300,3342
439319,3497
439555,4027
439712,3922
439860,4170
440070,4031
440136,4127
440263,4089
440810,9402
441118,6017
441325,3870
441531,4922
442821,3884
442858,4144
442991,3745
443026,4231
443065,4498
443122,3686
443268,3927
443412,5409
443617,7020
443686,6773
443738,5184
443866,6573
444036,6704
444614,7248
444978,6511
445279,6235
445424,6299
445475,4185
445602,6228
445624,4259
445688,6968
445735,6687
445762,6046
445781,6905
445840,7060
445893,7059
445912,5679
445942,7335
445987,7548
446044,11455
446065,5671
446090,7568
446135,8876
446187,8942
446218,5432
446238,9206
446288,9871
446335,9886
446390,10240
446441,10307
446519,4889
446524,10216
446571,10456
448670,4935
449007,6059
449167,6753
449321,6775
449486,7418
449651,7357
449808,7149
449958,7100
450114,7170
450274,7245
450564,7264
450852,7030
451038,6907
451202,6903
452721,5915
452778,5924
452928,5868
453102,5798
453221,5881
453330,5888
453404,5752
453641,5629
453746,5652
453951,5618
453973,5980
454141,6782
454189,6941
454264,6943
454395,6789
454563,6887
454717,6799
454836,6900
454980,7035
455169,7063
455792,7552
455951,7524
456137,7389
456259,7358
456280,7437
456693,7973
458881,6222
458918,6386
459069,6403
459222,6241
459310,6109
459478,6039
459611,6214
459988,5901
460070,5705
460175,5896
460242,6071
460383,6020
460399,6092
460571,6064
460611,6128
460717,6991
460735,7060
460943,6929
461224,6812
461999,6186
462057,6184
462124,6130
462261,6085
462289,6203
462408,6231
462467,6404
462557,6385
462627,6539
462762,6487
463747,8132
463756,8372
463918,8267
464085,8151
464113,7183
464209,6892
464254,6880
464904,7400
465073,7762
465292,7487
465550,7475
465659,7170
465791,7136
465915,6962
465949,7129
466122,7087
466165,7171
466342,7084
466707,7112
466832,7077
466975,6989
467219,6805
467561,6913
468663,5863
468977,5604
469012,5783
469162,6220
469303,5769
469388,5461
469449,5669
469579,5623
469832,5707
470000,6011
470069,6009
470253,6010
470275,6124
470414,6020
470907,5701
470961,6054
471115,5946
471168,6089
471944,5778
471972,5971
472131,5901
472336,5750
473998,6012
474163,5335
474324,5154
474605,5393
474747,4984
474925,5158
475064,5091
475244,4893
475408,4799
475634,4720
475677,5036
475732,4857
475846,4960
475910,4943
477730,3206
478511,2825
478709,2937
478916,3112
479084,3328
481155,2973
481338,3095
481476,3093
481519,3282
481668,3841
481820,3751
481853,3633
482170,3751
482629,3426
482828,3749
483008,3620
483042,3679
483197,3656
483220,3747
483388,3906
483444,4118
483528,3928
483595,4025
483687,4172
483809,4057
484181,3730
484348,4878
484436,4685
484585,5312
484640,5016
484811,4993
484916,4931
485066,4728
485205,4692
485321,4677
485425,4522
485656,4419
486026,4404
486123,4430
486250,4734
486389,4443
486412,4485
487253,4562
487397,4633
487534,4212
487675,4302
487701,4393
487908,4537
488072,4440
488346,4625
488460,4574
490590,3090
490632,3383
490786,3124
490965,2972
490998,3070
491229,3022
491365,4096
491650,3866
491820,3998
492089,3845
492185,3683
492214,4078
492334,4159
492843,3594
493180,3422
493295,3791
494841,3660
494985,3640
494987,3567
495109,3494
495128,3551
495260,4034
495271,4192
495470,4143
495588,4343
495593,4071
495708,4362
495869,4254
497885,3206
498242,3372
498408,3317
498754,3413
498913,3137
499068,3310
499250,3600
499337,3704
499403,3586
499587,3515
499867,3466
500000,3444
500114,3506
500249,3423
500614,3804
500638,3592
500766,3546
500798,3803
500932,3802
501280,3592
501290,3747
501451,3688
501490,3760
501782,3636
501886,3649
502012,3580
503103,3246
503144,3329
503287,3365
503415,4006
503485,3995
503641,4342
503714,4283
503752,4182
504300,4179
505715,3030
505895,2981
506058,3004
506207,3290
506339,3138
506524,3474
506693,2926
506724,3031
506853,3443
506876,3707
507057,3959
507111,3958
507205,4662
507349,4114
507513,4406
507647,4322
508115,3903
508243,4049
508668,3777
509984,3731
510040,3551
510122,3657
510193,3462
510343,3492
510408,3357
510596,3442
510942,4219
511106,4382
511272,4358
511307,4237
511476,4243
511597,4199
511602,4239
511711,4460
511826,4261
511984,4286
512111,4313
512172,4323
512274,4321
513867,2862
514074,2845
514097,3212
514233,3022
514265,3171
514411,3237
514483,3400
514594,3577
514641,3801
514779,4361
514804,4547
515218,4630
517053,3436
517081,3579
517250,3309
517464,3666
517504,3719
517652,3666
517743,3952
517870,3851
517958,3885
518127,4487
518210,4525
518257,5040
518524,4377
518649,4258
518687,4205
518800,4461
518851,4337
518944,5313
518971,5139
519104,5108
519186,5298
519398,5035
520711,4195
520734,4454
520890,5310
521020,4920
521211,5362
521420,5207
521594,6247
521734,4945
521889,4888
522026,4703
522145,5392
522277,5311
522330,6443
522454,5204
522606,5405
522745,5165
522954,5470
522967,5467
523101,5756
523316,5761
523433,5518
523524,5536
523590,5418
523932,6362
524076,6510
524279,6573
524438,6479
524810,5872
524943,6176
525481,5745
525692,5474
525735,5711
525902,5767
526840,5668
527061,5384
527149,5072
527234,5382
527404,5161
527576,5004
527724,5004
527975,4692
528056,4898
528148,5459
528253,5459
528487,5390
528524,5510
528611,5601
528692,5627
528786,5611
528899,5858
529101,5716
529127,5552
529199,5715
529290,5673
529643,6083
532775,2830
532838,2952
532976,3063
533033,2996
533097,3033
533148,3132
533199,3503
537105,2987
537792,3138
537971,3063
538142,2995
538316,3012
538437,3037
538496,3047
538612,3451
538664,3036
538776,3299
538855,3084
538934,3198
539021,3195
539086,3243
539194,3281
539235,3381
539398,3387
539434,3510
539603,3519
539761,3695
539924,3380
540229,3219
540447,3566
540454,3480
540527,3356
541310,4301
541834,3407
542326,3844
542517,3705
542691,3905
543098,3641
544325,2933
544788,3164
544818,3206
544934,3544
544997,3534
545114,3771
545254,3394
545290,3666
545442,3611
545803,3415
545970,3625
545994,3775
546099,3717
546280,3585
546298,3776
546806,3613
546971,3528
547094,3519
547351,3348
547535,3441
547646,3636
547792,3695
547808,4079
548225,3863
548260,3895
548412,3804
548536,3892
548905,3788
549093,3713
549530,3946
549733,3937
549898,3823
549903,3960
550147,3769
551034,3452
551061,3725
551325,3524
551507,3290
551663,3360
551920,3389
551974,3442
552131,3358
553135,3210
553157,3122
553309,3862
553659,3519
553880,3373
553997,3380
554157,3387
554596,3209
554814,3425
555640,3429
555662,3083
555844,3630
556018,3106
556090,3341
556164,3362
556282,3368
556420,3283
556803,3309
556900,3592
557003,3648
557203,3608
557872,3059
558021,4436
558046,3136
558126,3525
558272,5643
558465,3472
558807,5997
559025,6560
559199,3491
559222,5249
559471,5105
559554,3784
559691,3953
560317,3712
560333,5014
560708,4698
560903,4622
561012,4445
561032,4605
561137,4371
561194,4492
561254,4550
561316,4742
562316,4117
562519,3999
562559,4198
562756,4257
562769,4427
562921,4367
562968,4368
563071,4336
563177,4508
563230,4521
563444,4630
563458,4703
563621,5295
563775,5197
563940,5083
564098,5162
564255,4957
564459,5181
564634,5113
564901,5170
565072,5192
565835,4680
565874,4609
566079,4258
566660,4310
566827,4202
566932,4163
567231,5541
567403,3903
567496,3949
567528,3969
567633,4479
567790,4827
568538,4263
568721,4406
568899,4372
569040,4814
569086,4412
569257,4483
569857,4180
570100,4089
570293,3970
571241,3381
571415,4043
571442,4764
571533,5652
571593,5720
571716,3167
571919,3086
572071,2860
572227,2836
572485,3089
572602,4041
572653,4062
572799,3631
572965,3787
574336,3245
574891,3038
575027,3058
575186,3148
575370,3253
575642,3054
575776,3061
576005,3061
576031,3549
576259,3483
576459,3550
576512,3613
576798,3697
576816,3822
578150,2990
578436,3123
578755,2987
578893,3079
579102,3402
579422,3194
579571,3094
579678,3220
579788,3723
579841,3948
579960,3764
580039,3854
580168,3867
580199,4153
581294,3733
581315,3284
581674,3208
581775,3350
581965,3258
582151,3130
582290,3144
582320,3659
582623,3045
582733,3180
582878,3168
582961,3874
583003,3875
583113,4044
583247,3967
583387,4963
583535,4901
583729,4765
583822,4195
585511,3187
585706,3242
585730,3307
585883,3252
586079,3160
586243,3392
586421,3318
586443,3555
586594,3564
586710,4758
586716,4229
586879,4154
586930,4397
586998,4514
587111,4409
587251,4355
587281,4544
587602,4279
587745,4703
589354,4241
589500,3466
589596,3600
589781,3991
589834,3777
589988,3733
590291,4059
590476,4195
590632,4249
590785,4302
590811,4453
591019,4440
591170,4359
591203,4427
591328,4598
591551,4171
591643,4457
591875,4450
591920,4180
592750,3821
592772,4307
592969,4175
593021,4110
593072,4700
593206,4409
593369,4781
593418,4625
593607,4660
593661,4668
593862,4635
594002,4562
594132,4721
594369,4715
595477,3987
595634,3963
596135,3413
596191,4069
596332,3874
596390,4114
596542,4243
596685,4045
596723,4543
596868,5738
596921,4661
596989,5235
597208,5322
597333,5106
597432,5140
597654,4827
597804,4779
599114,3550
599147,3674
599279,3598
599447,3597
599682,3715
599833,3618
600000,3848
600031,3896
600169,3880
600307,3875
600408,3910
600584,3828
601614,3671
601768,3678
601908,4635
602044,4552
602187,4459
602646,4049
602741,4167
602880,3470
602962,3781
603107,3706
603194,3914
603265,4204
603584,4213
604182,3820
604334,3814
604557,3735
604735,4022
604893,3901
605072,3926
605237,3878
606045,3377
606073,3621
606228,3681
606804,3020
606955,3100
607014,3703
607148,3628
607298,3774
607307,3678
607526,3550
607662,3874
607782,3990
607824,4136
607983,4069
609195,3373
609268,3675
609472,2961
609626,2958
609780,3285
609860,3289
610014,3447
610114,4034
610238,4285
610680,3791
610808,3766
610872,3641
611098,3595
611156,4034
612154,3102
612671,3296
612936,3328
613114,3213
613259,3538
613422,3297
613512,3932
613639,3870
614178,3899
614329,3810
615833,2958
615995,3079
616145,3287
616301,5746
616404,3657
616430,4009
616554,3660
616569,3987
616699,4184
616817,4640
616839,3768
616904,3928
617002,4514
617025,4301
617049,4566
617084,4698
617815,4479
617893,4549
618008,4533
618481,4420
618681,4314
618843,4464
618999,4804
619135,4265
619237,4773
619263,4340
619626,4438
619772,4303
619894,4117
620095,4462
620243,4608
620401,4540
620553,4471
620679,4520
620734,4549
620870,4680
620951,4744
620990,4694
621123,5642
621875,5122
622075,4821
622103,5163
623169,4361
623438,4693
623664,3981
623840,4139
624098,3970
624243,4005
624389,3965
625337,3685
625403,3076
625537,3065
625610,3462
625727,4044
625764,3811
625891,3556
626063,3611
626228,4601
626263,4509
626382,4364
626437,4583
626583,4699
626591,5221
626998,4920
628797,4241
628841,3712
628896,3820
629049,3800
629204,3982
629244,3999
629309,4146
629390,3956
629600,4457
629824,4287
629886,3832
630034,4193
630063,4100
630218,4778
630236,5157
630432,5191
630585,4987
630798,4436
630870,4665
631087,4587
631295,4470
631713,4621
631919,4584
632058,4392
632138,4534
632190,4365
633281,3510
633443,3663
633603,3668
633723,4078
633887,3946
633941,3941
634090,4077
634254,3964
634292,4214
634438,4144
634677,5170
634831,5212
635042,4949
636774,3126
636969,3491
637162,3336
637199,3246
637328,3400
637622,3378
637903,3411
637998,3577
638105,3711
638254,4545
638286,3652
638350,4328
638824,3346
639065,3411
639095,3828
639331,3641
639664,3536
639969,3247
640095,3567
640141,3573
640234,3482
640616,3420
640806,3326
640825,3416
640957,3384
641152,3561
641310,3503
641353,3924
641648,3832
641933,4100
642215,3949
642247,4662
642516,4579
642929,5272
643039,4399
643057,5283
645743,3139
646690,2918
646866,3096
647028,3741
647193,3629
647349,3914
647809,3623
648384,3106
648746,3216
648767,3299
648923,3372
648956,3483
649161,3548
649181,3670
649291,3778
649412,3510
649479,3526
649650,3621
649795,3732
649903,3822
650054,3831
650106,3919
650209,3728
650228,3849
650339,4281
650341,4326
650406,4149
650927,3914
650944,4949
651288,4427
651714,3790
652130,3855
652152,4095
652302,3894
652494,3799
652799,3810
653708,3615
653826,3743
653975,3658
654116,3469
654215,4279
654782,3515
654908,3441
655020,3644
655160,4076
655202,4291
655254,4188
655304,3881
655529,3593
656827,3271
656911,3666
657199,3565
657385,3361
657669,3261
657860,3330
658027,4268
658046,3573
658202,3510
658340,3451
658938,3676
658960,3520
659173,3879
659275,3801
659327,3594
659429,4135
659767,3578
659937,3562
660005,3784
660175,3811
660194,3805
660400,3861
660438,3911
661048,3675
661194,3623
661399,4100
661685,3774
661883,3807
661898,3662
662048,3690
662125,3723
662790,3531
662936,3561
663178,3373
663551,3598
663813,3679
663829,3745
664034,3787
664048,4280
664189,4057
664967,3763
665161,3657
665313,3991
665490,3688
665688,3564
665776,3768
666610,3221
666772,3358
666855,3801
666998,3728
667028,3849
667177,3757
667322,4170
667340,4338
667523,4219
667659,4131
667858,3982
667941,4009
668088,4084
668109,3971
668878,4514
668900,4269
669009,4437
669087,4462
669235,4273
669382,4182
669583,4222
669756,4100
669916,3940
670159,3833
670198,3854
670321,3806
670839,4210
671010,4769
671028,5429
671129,5297
671247,4954
671290,5156
671520,5011
671881,4598
673624,3496
674150,3288
674181,3387
674419,3408
674571,3206
674628,3716
674753,3927
674764,3735
674878,3675
674896,4131
675015,4032
675127,4155
675255,4098
675403,4809
675537,4348
675675,4144
675816,3952
675942,4068
676204,3766
676483,4193
676682,3475
676742,4141
677411,3760
677569,3900
677611,4196
677680,4011
677849,4215
677988,4466
679305,3662
680044,3496
680300,4103
680713,3492
680933,3550
680975,3535
681161,3977
681279,4040
681290,4050
681487,4134
681512,4216
681647,4127
681765,4332
681907,4245
682120,4612
682543,4294
682603,4678
682731,4604
682954,4884
683006,4269
683255,5048
683444,4050
683652,4086
683791,5081
683972,4742
684077,4695
684730,4093
684878,4228
684969,4664
685027,4646
685157,4461
685179,4649
685412,4680
685428,4849
685590,4809
685920,4616
686083,4584
686226,4665
686257,4544
686440,4536
686580,6000
686721,4627
686910,5130
687108,4728
688100,4330
688133,4501
688337,4691
688707,4411
689236,3933
689446,3772
689665,3927
689863,3786
690005,3963
691211,3142
691497,5367
691549,3323
691606,3200
691678,3270
691742,3252
691848,3389
691882,3787
692015,4185
692150,4302
692280,4505
692416,4258
692688,4224
692818,4437
693322,4342
693444,4070
693604,4028
693788,3988
694733,3895
694955,3732
695042,3800
695080,3689
695277,3616
695302,4485
695543,3585
695717,4488
695751,4229
695908,4146
696042,4281
696275,4507
696516,4367
696706,4360
696849,4270
696965,4525
696991,4236
697094,4450
697923,3920
697985,3910
698146,4093
698291,4780
698349,5221
698441,4416
698527,5586
698648,5412
698804,5344
698924,4799
698939,4874
699227,5031
699445,4721
699494,4701
700103,4506
701072,3661
701209,3695
701311,3649
701325,3718
701459,3664
701575,3936
701651,4146
701739,4019
701885,4181
701935,4673
702076,4420
702328,4997
702447,4858
702692,4831
702867,4524
702895,4734
703062,4506
703275,4686
705244,3411
705264,3563
705412,3460
705543,3574
705585,3609
705901,3384
706420,3147
706550,3070
706657,3776
706919,3727
706974,4020
707132,4033
707147,4122
707337,4100
709386,3106
709427,3416
709585,3500
709706,3265
709846,4137
709889,4651
709986,3734
710017,4504
710115,3773
710266,3841
710459,3752
710487,3824
710643,3834
710792,4769
710816,4179
710983,4971
711161,5466
711318,3844
711456,4025
711557,5107
711718,5037
711782,3826
712608,3282
713170,3692
713470,3332
713642,3374
713804,3721
713968,3673
714306,4087
714946,3896
715102,3897
715280,4802
715533,3708
715704,3640
715872,3700
716012,4234
716035,3933
716112,3779
716242,3740
716379,4265
716844,3975
716984,4090
717073,4049
717215,3957
717256,4021
717334,4135
717412,4289
717464,4441
717500,4650
718008,4706
718075,5349
718202,5151
718268,4527
718422,4519
718521,5042
718561,4933
719206,4390
719386,4773
719403,4358
719429,4355
720086,4167
720272,4177
720314,4137
720481,4041
720511,4134
720662,4076
720846,4916
721731,4393
721752,4421
721943,5531
721966,4466
722095,4746
722244,4530
722337,4778
722547,4704
723262,4351
723802,4129
724890,3097
724932,3170
725055,3226
725205,3181
725239,3259
725415,4318
725439,3276
725602,3554
725780,3516
725944,3947
726007,4257
726057,4850
726611,3378
726751,3288
727296,3661
727514,3639
727770,3713
727931,3543
728925,3027
729109,3021
729197,2911
729404,3928
729466,3141
729758,3316
730086,3614
730181,3389
730323,3540
730465,3197
730603,3172
730797,3204
731568,3258
732437,2857
732905,3162
733157,3117
733832,3276
734720,2833
734884,3272
734934,3279
735114,3714
735188,4158
735318,3928
735337,4017
735530,3930
735639,3765
735790,4214
735816,4063
735911,4045
735959,4096
736101,4350
736155,4079
736249,4096
736286,4157
736452,4415
736478,4475
736622,4428
736930,4996
737283,4562
737304,4674
737437,4355
737584,4267
737605,4502
737845,4802
737984,4810
738038,4809
738378,4642
738586,4841
738665,4837
738764,5049
738891,4997
738928,5008
739082,4957
739806,4859
739984,4782
740094,4769
740237,4756
740725,4498
741025,4384
741252,4015
741463,4245
741660,4278
741942,4484
742827,3789
742924,3919
743050,4125
743165,4167
743311,4124
743515,4007
743519,4162
743653,4305
745034,3549
745094,3171
745308,3327
745378,4072
745452,3443
745538,4213
745711,4284
745778,4093
745832,4217
745994,4972
746145,5047
746288,4731
746393,4322
746638,4471
746927,4379
747789,3452
748049,3435
748094,3416
748247,3746
748421,3552
748424,3483
748562,3563
748692,3733
748722,3942
748847,3868
749221,3920
749541,3741
749734,3921
750018,3710
750144,3835
750276,3832
750609,3630
751562,3212
751618,3261
751783,3364
752012,3322
752224,3942
752254,3561
752476,3496
752790,3661
753082,3333
753469,3080
753486,3236
753629,3186
753789,3254
754009,3113
754104,3115
754294,3318
754401,3248
754487,3223
754941,3074
755080,3351
755210,3656
755368,3424
755414,3567
755582,4204
756136,3529
757949,2928
758087,2890
758245,2967
758284,3334
758417,3290
758523,3546
758671,4177
758692,4288
758833,4220
758985,4144
759077,4314
759191,4192
759860,3780
760005,3966
760090,3879
760280,3825
760313,3904
760947,3388
761040,3665
761108,3650
761252,3561
761409,3754
761439,3896
761563,4252
761735,3730
761754,4234
761905,4588
761958,4464
762080,4618
762090,4528
762226,4668
762245,4722
762403,4720
763721,3873
763787,4116
764138,3846
764271,3778
764844,3900
765001,4455
765049,4084
765178,4046
765207,6175
765532,3974
766068,3728
766103,4951
766135,4817
766295,4553
766442,4709
766683,4758
766712,4562
767727,3672
767757,6473
767905,6646
768047,6384
768086,5057
768190,6138
768237,4793
768278,6175
768493,6061
768937,5759
769295,5307
769572,4931
769579,4846
769798,4676
769911,5112
769958,5225
770112,5209
770267,5250
770493,5200
770499,5315
770645,4970
770668,5243
770837,5509
770996,5600
771161,5580
771467,5327
771804,5125
771936,5088
771970,5290
772104,5210
772132,5344
772256,5575
772443,5751
772671,5639
772819,5576
772866,5568
773198,6087
773628,6275
773705,5719
773787,6177
773871,5907
773938,6069
774041,5794
774086,5963
774236,5962
774671,5425
774906,6014
775567,5419
775961,5034
776551,5230
776693,5194
777013,4991
777095,4846
777140,5053
777281,4964
777405,4905
777576,4830
777728,4984
777937,5011
778034,5199
778194,5136
778935,4663
779093,4834
779450,4712
779470,4630
779613,4595
779670,4876
779836,4856
780035,4607
780726,4438
781062,4267
781114,4852
781189,4852
781273,5243
781333,5726
781611,5269
781635,5353
781908,5274
782035,5211
782051,5278
782232,5187
783986,4266
784239,3896
784280,3867
784386,3916
784459,4086
784622,3977
784743,4339
784893,4258
784999,4331
785055,4560
785173,4498
785220,4484
785380,4393
785391,4496
785523,4463
785545,4569
785731,4735
786172,4408
786446,4195
786702,4835
787125,4339
787268,4484
787468,4413
787770,4508
787938,4394
788164,4406
788307,4364
788343,4696
788729,4760
790158,3721
790177,3639
790262,4051
790327,3912
790512,3980
790659,3885
790692,4013
790817,3940
790822,4161
791050,4830
791072,4766
791451,4440
791597,4383
791730,4406
792832,4142
793061,3847
793108,3929
793270,3726
793619,4826
793683,4168
793877,4021
794023,4015
794074,4227
794294,4530
794399,4678
794546,4580
794636,4240
794770,4551
795042,4088
795267,4831
795506,4646
795645,4879
795909,4603
796066,4526
796239,4440
796415,4533
796559,4539
796699,4548
796833,4585
797059,4452
797080,4543
797181,4527
797226,4574
797301,4631
798490,3649
798525,3713
798627,3720
798665,3783
798820,3761
798961,3750
799160,3671
799348,4229
799456,4272
799555,4082
799616,4160
799751,4116
799867,4142
805099,2967
805279,4641
805427,3290
805473,3314
805593,3234
805759,3180
805927,4079
806085,3971
806250,3642
806638,3638
806675,3748
806820,3909
806826,4003
806999,3922
807006,4003
807164,3990
807315,5518
807451,3809
807608,3705
807769,3909
807898,3879
807925,3945
808073,4237
808228,4035
808396,4524
808545,4258
808560,4325
809056,3801
809156,3780
809229,3744
809416,4804
809431,5554
809610,4914
810108,4583
810123,4489
810814,4399
810944,4578
811058,4748
812048,4148
812183,4663
812630,4280
812948,4059
813864,3476
814050,3375
814308,3574
814447,3506
814671,3376
815075,3450
815245,3540
815600,3584
815639,3388
815763,3317
815867,3294
815885,3790
816036,3673
816216,3594
816253,3634
816410,3905
816618,4136
816678,4215
817017,3790
817159,3925
817291,3893
817475,3783
817594,3783
817721,4006
818227,3582
818261,4184
818728,3812
818847,3937
818917,3913
819418,4116
819550,3919
819588,4472
819742,4046
819849,4425
819928,4067
820147,4517
820165,4172
820933,3807
821193,3715
821398,3588
821554,3592
821581,3718
821756,4049
821894,4186
821908,3823
822083,4132
822247,3990
822412,3904
822551,3921
822782,3847
823575,3446
823800,3431
823927,3461
824106,3444
824337,3305
825312,3285
825456,3208
825639,3172
825897,3064
826249,3189
826599,3374
826728,3187
827063,3387
827193,3323
827761,3039
829038,4168
829058,3150
829140,3163
829221,3673
829478,3477
829626,4603
829715,4800
829751,4383
830217,4097
830342,4332
830426,4145
830566,4058
830640,4140
831353,4215
831436,4072
831630,3491
831770,3730
831856,3977
831884,3883
832041,3922
832140,4017
832341,3862
832566,4281
832639,4292
832705,4384
832822,4374
832934,4847
832998,4832
833049,5240
833144,4825
833589,4971
833762,5017
833944,5129
834807,4421
834841,4285
834990,4186
835223,4102
835371,4216
835617,3844
835885,3927
836038,3826
836245,3796
836543,5018
836552,5147
836686,5474
836692,5321
837144,5082
837257,5033
837352,5498
837563,5273
838047,4911
838495,5487
838603,5520
838758,5437
838909,6242
839411,5677
839519,5904
839652,5678
839677,5861
839830,5833
840013,5600
840053,6073
840149,5996
840269,6373
840306,5943
840393,6193
840467,6002
840589,6119
840780,5976
840953,6024
841901,5902
842046,5852
842075,6007
842394,5736
842398,5793
842555,5708
842692,5751
842879,5917
843007,5525
843148,5478
843185,5537
843268,5551
843305,5694
843552,5761
843568,5985
844254,5696
844626,5378
844761,5298
845030,5235
845207,5111
845290,5146
845478,5147
846263,5279
846407,5248
846643,5145
846786,5144
846814,6027
847055,5909
847276,4953
847291,7462
849067,4194
849157,4824
849318,5499
849729,4690
849776,4658
849941,4992
850103,4124
850110,4789
850250,4542
850383,4619
852035,3101
852313,3143
852347,3791
852522,2913
852689,5089
852739,5258
853077,2993
853093,3261
853319,4392
853333,4761
853475,3290
853643,4511
855611,2946
855765,2945
855909,2975
856046,3279
856335,3699
856781,3473
856857,3279
856904,3710
856994,3209
857127,3682
857224,3972
857256,4028
857532,4111
857641,4008
857788,3942
857923,3859
858653,3365
858822,3390
858920,3375
858983,3693
859118,3619
859145,3461
859318,3477
859382,4298
859612,3493
859778,3662
860012,4082
860158,4281
860290,3878
860308,4042
860448,3849
860757,4288
860871,4036
861056,3972
862094,3779
862282,3911
862338,3956
862395,4475
862505,4187
862640,4106
862779,4083
862917,4723
862944,4685
863143,4702
863777,4359
863792,4281
865159,4018
865305,4470
865588,4307
865747,5015
865897,4919
865922,4915
866030,4835
866134,4814
866243,4750
866595,4574
866741,4725
866881,4993
866920,5088
867024,4963
867048,5045
867320,5485
867355,5946
867399,5559
867482,5756
867686,5487
867739,5720
867883,5635
867909,5541
867972,5675
868101,6011
868245,5813
868378,5387
868567,5851
868681,5494
868826,5400
868959,5844
869349,5556
869737,5360
869811,5315
870442,5262
870654,5107
870870,5552
871023,5625
871045,5130
871167,5354
871307,5679
871328,5046
871671,5425
871839,5514
872781,6258
872874,5357
873009,5580
873054,5280
873196,5387
873315,5618
873849,5292
874008,5083
874159,5226
875184,4734
875216,5109
875390,5035
875416,5153
875514,5192
875545,5319
875755,5191
875920,5520
876479,5072
876557,5022
876728,4773
876771,4874
876881,5085
877853,4720
877875,5134
878033,4621
878059,5219
878200,4754
878615,4391
878758,4885
878810,4897
878880,4948
878947,4968
879067,4936
879184,4929
879243,5056
879626,4782
879981,5145
880096,5866
881043,4921
881083,5035
881242,4826
881260,4923
881417,5275
881626,4543
881762,4526
881921,4822
882089,4619
882132,4661
882269,4898
882416,4882
882765,4770
883107,4500
884104,3879
884179,3888
884443,3848
884461,3876
884607,3844
884668,3981
884772,4047
884886,4963
885291,4427
885488,4548
886015,4497
886263,4346
886528,4167
886824,4345
886861,4836
887007,4499
887876,3721
888026,3625
888172,3771
888331,3777
888400,3587
888525,3820
888662,3897
888671,3742
888808,3682
888872,3752
888934,3858
889017,3820
889151,4538
889192,4910
889404,6027
889468,5274
889537,5789
889621,5189
889740,5583
889867,5917
890784,4893
890989,4910
892141,3889
892157,3957
892303,4844
892418,4932
892626,4626
892789,4668
892947,4716
892979,4734
893068,4900
893141,4743
893182,4838
893279,5143
893305,5193
893449,5151
893883,4810
894021,5050
894316,5196
895157,4721
896151,3817
896324,4908
896466,5554
896495,3602
896560,3628
896706,4428
896877,5151
897438,4377
897514,4450
897678,4620
897801,4804
897928,4732
898069,4717
898123,4726
898251,4934
898448,4833
898569,4767
898743,4780
898887,4616
899028,4593
899163,4516
899211,4585
899307,4613
899396,4813
900257,4199
900422,4092
900434,4365
900616,4239
900780,4560
900940,5139
901061,4943
901281,4378
901307,4923
902084,4237
902103,4374
902243,4288
903620,3371
903728,3415
903904,3317
904049,3386
904250,6282
904289,4966
904382,5724
904436,6345
904616,4932
904680,6006
904798,5631
904946,4804
904987,5889
907778,3084
907957,3315
908121,3482
908301,5623
908442,4131
908463,6325
908624,4272
908645,6239
908783,4232
908813,6174
908935,4592
908966,5971
909091,4714
909123,5912
909309,6344
909331,6681
909707,6398
909879,5891
909936,6242
910198,5883
911061,5104
911455,4809
911682,4837
911923,4934
912140,4930
912316,6170
912488,6158
912704,6065
912714,5934
912868,5964
913035,5847
913125,6013
913179,6874
913305,6941
913335,6978
913515,6860
913638,7038
913664,6951
913823,6846
913981,6738
914022,6709
914132,6708
914194,6801
914282,6860
914464,6833
914472,7041
914623,7137
914642,7174
914861,7047
915250,7645
915460,7345
915839,6951
915945,7349
916283,6584
916474,6518
916685,6414
916729,6591
916901,6632
917168,6417
917325,6483
917622,6077
917651,5986
917922,6122
918160,6954
918303,7118
918524,6640
918789,6426
918961,6361
919332,6298
919725,6096
919885,7004
919906,7054
920087,7117
920130,7505
920417,7322
920462,7422
921576,6431
921592,6680
922270,6316
922412,6345
922492,6390
922532,7230
922602,7355
923111,6210
923151,6530
923349,6520
923567,6283
923791,6272
923842,6324
924621,5637
924804,6015
924822,6083
924969,6190
925104,6118
925238,6030
925407,5909
925460,6244
926077,5572
926131,6336
926259,5869
927311,5350
927690,4776
927773,4934
927936,5058
928106,4783
928127,4946
928286,5497
928321,5758
928434,5637
928517,5796
928528,5491
928985,5411
929155,5292
929226,5649
929404,5811
930478,5773
930640,5679
930689,6020
930942,5755
930996,5768
931039,5708
931177,5661
931389,5746
931672,5514
931831,5404
931967,5501
932177,5383
933332,5111
933381,6088
933517,5976
933580,5253
933665,5958
933810,5917
933858,5459
934035,5422
934156,5515
934555,5238
934619,5532
934779,5459
934913,5614
935055,5644
935212,5428
935265,5537
935404,5595
935537,5521
936953,5042
936976,5515
937144,5520
937264,6013
937275,5056
937300,5419
937573,5612
937649,6205
937744,6272
937815,5967
938015,5890
938114,6789
938234,6652
938242,6256
938411,6541
939117,5762
939141,5634
940288,4735
940308,5132
940474,5025
940617,5211
940834,4942
940853,5042
940997,4841
941095,5147
941146,5165
941286,5144
941397,5144
941530,5430
941549,5269
941664,6122
941800,5847
941823,5891
942056,5782
942265,5624
944187,4618
944213,4644
944563,4343
944707,4247
945159,4690
945184,5102
945301,4754
945342,4997
945396,4558
945616,5187
945635,5099
946114,5711
946610,4744
946774,5011
946986,4735
947195,4651
947327,4634
947394,4788
947430,4646
947669,4641
947830,4495
948084,4466
948204,4338
948455,4208
948525,4235
948577,4289
948650,4418
949530,3967
949645,4190
949683,4969
949780,4152
949889,4893
949986,4612
950128,4566
950155,4739
950294,4539
950405,4360
950458,4521
953593,4282
954041,3901
954211,3963
956643,4367
956680,3928
956786,4096
956847,4296
956940,4249
956981,5009
957110,4549
957254,4501
957273,4610
957394,4565
957536,4501
957579,4675
957692,6141
957702,5845
957837,6194
957973,5915
957994,6101
958131,5849
958210,6034
958287,5795
958427,5745
958541,6219
958547,5747
958693,6656
958713,6840
958850,7044
958937,7010
958960,7252
959167,6858
959186,7285
959511,7070
959664,7302
959824,7244
959980,7137
960130,6888
960269,7857
960327,7874
960688,7989
960885,7980
961040,7356
961287,7339
961460,7076
961485,7138
961610,7317
961767,7026
961922,7214
962082,7116
962191,7136
962292,7149
962482,7247
962556,7299
962604,7512
962711,7487
962764,8230
962872,8479
963583,8225
964817,6800
965164,6534
965270,6473
965593,6206
965719,6030
966126,5828
966297,6803
966446,6775
966541,6945
966623,6832
966705,6884
966802,6984
966877,7026
967664,6175
967695,6269
967959,8846
968433,7757
968636,8455
968708,7310
968851,7044
968962,8241
968999,7123
969160,7082
969231,7097
970195,7075
970242,6461
970459,6385
970601,6520
970800,7635
971074,7202
971118,7381
971259,7207
971448,7179
971576,7097
971887,6847
972005,6808
972133,6852
972295,6767
973609,6395
973633,6424
973785,6910
973924,6823
974001,6859
974082,6714
974165,6769
974202,6943
974300,6982
974455,6880
974470,6993
974609,6798
974818,6642
974955,6556
975679,7117
975829,7020
975984,6915
976143,6806
976278,6890
976422,6620
976554,6659
976674,6607
976816,6792
976932,6735
977220,6355
977313,6416
977542,6471
977682,6551
977817,6631
978101,7478
978148,7570
978323,7544
978501,7816
978840,7690
979019,7395
979834,6857
979956,6515
980130,6517
980301,7489
980616,7610
980862,7755
980981,7364
980988,7303
981121,7506
981189,7724
981311,7492
983196,6323
983353,6273
983407,6368
983658,6265
983819,6253
983845,6421
983940,6511
984041,6584
984138,6648
984279,6649
984312,7138
984483,7071
984605,6999
984737,6766
984799,6618
984901,6752
985039,6663
985073,6594
985157,6599
985211,6778
985329,6832
985415,6674
985696,6609
985773,6715
985897,6970
985930,6627
986060,6608
988052,5589
988109,5034
988281,5560
988634,5328
988723,4793
988874,4857
988945,5118
989018,5939
989045,5795
989162,6179
991808,5540
992952,4336
993108,4613
993253,4330
993284,4716
993466,5704
993628,5641
994286,5208
994444,6059
994620,5997
994786,5945
995195,4474
995386,4516
995650,4454
995819,3977
995982,4014
996193,4039
996341,5097
996636,4015
996714,4145
996792,4827
996915,4899
996951,4771
996991,4751
997140,4696
997391,4828
997821,4867
998089,4667
998250,4416
998459,4407
998468,4338
998642,4334
998661,4256
998821,4350
998827,4201
998988,4291
998994,4224
999154,4164
999341,8423
999354,8815
999438,8002
999602,8044
999760,7940
999912,7902
1000064,7956
1000214,7859
1000371,7806
1000961,7344
1001126,7292
1001293,7778
1001444,7719
1001518,8702
1001579,8361
1002346,8082
1002403,7742
1002425,8009
1002709,7812
1002864,7721
1003012,7660
1003165,7561
1003316,7525
1003330,7661
1003431,7476
1003573,7521
1004582,6600
1004751,6520
1005450,7827
1005616,8170
1005636,7517
1005833,7374
1005974,7335
1006295,6963
1006391,7180
1006585,6930
1006673,6949
1006804,6868
1006934,6786
1006972,6961
1007135,6859
1007385,8008
1007481,7631
1007521,7832
1007654,7851
1007794,7505
1007859,7583
1008190,7430
1008850,6709
1009017,6653
1009197,6689
1009436,6437
1009600,6546
1009832,7098
1009979,7092
1010006,7348
1010141,7324
1010263,7443
1010292,7376
1010512,7362
1011037,7221
1011341,6788
1012117,6377
1012140,6610
1012287,6569
1012319,7388
1012831,6601
1012989,6580
1013338,6584
1013827,6166
1013967,6145
1014035,6049
1014681,7336
1014740,7350
1014973,7065
1015103,6733
1015403,6864
1015563,6658
1015717,5933
1015980,6453
1016730,5694
1016767,6196
1016946,5813
1017011,5667
1017084,5743
1017192,5683
1017468,5550
1017708,5415
1017732,5520
1019021,5429
1019211,5383
1019233,5451
1019344,5797
1019427,5548
1019624,5632
1019758,5622
1019803,5632
1019949,5550
1020175,5528
1020212,5636
1020837,5413
1020944,5357
1021093,5300
1021113,5335
1021250,5319
1021406,5437
1022473,5465
1022541,5604
1022700,5546
1022847,5349
1022926,5357
1023086,4967
1023167,5269
1023294,5726
1023412,5662
1023664,5461
1023806,5370
1023898,5402
1025483,3992
1025683,3988
1025756,4024
1025892,4046
1025957,4587
1026083,5821
1026094,4761
1026125,5285
1026261,4967
1026409,4932
1026531,4935
1026681,5507
1026877,5581
1026911,5350
1027036,5297
1027320,5741
1027493,5776
1027722,5681
1030089,3483
1030112,3610
1030303,4336
1030333,3568
1030442,3579
1030556,3579
1030582,3846
1030718,4700
1030927,4578
1031011,4548
1031063,4954
1031399,4674
1031626,4566
1031762,4811
1031896,4965
1031949,7451
1032418,4891
1032533,7390
1032672,4772
1033888,3607
1034037,5609
1034173,5803
1034175,5062
1034349,5428
1034433,5607
1034471,5008
1034683,5044
1034707,4900
1034781,4697
1034916,4237
1035138,5058
1035164,4495
1035319,4441
1035450,4799
1035600,4491
1035625,4609
1035774,4525
1036666,4096
1036958,3870
1037129,3751
1037786,4263
1038067,4035
1038226,4559
1038622,3576
1038642,4334
1038826,4202
1038847,4503
1039014,4068
1039029,4414
1039959,3695
1040314,3495
1041420,3417
1041592,3241
1041741,3594
1041884,3609
1041901,3640
1042039,3718
1042173,3551
1042585,3224
1042730,3733
1042868,3695
1043002,3730
1043119,4033
1043517,3758
1043824,3527
1043850,3634
1044032,3691
1044057,3808
1044207,3948
1044236,4025
1044435,3916
1044596,3868
1044675,3854
1044861,3746
1045316,3422
1045443,3396
1045588,3345
1045762,3269
1045851,3271
1045884,3338
1046078,4014
1046103,4103
1046244,4082
1046267,4379
1046392,4301
1046548,4196
1046602,4277
1046738,4390
1050270,3499
1051241,3193
1051420,3072
1051547,3531
1051600,3065
1051725,3318
1051766,3096
1051890,3208
1052236,2888
1052421,2877
1052437,3164
1052606,2915
1052614,3118
1052764,2895
1052921,2869
1053071,2826
1053232,2940
1053425,3515
1053597,2978
1053849,3351
1054096,3156
1054223,3315
1056239,3068
1056387,3165
1056408,3336
1056546,3136
1056687,3116
1056707,3186
1056888,3573
1057036,3393
1057097,3468
1057240,3317
1057333,3919
1057408,4253
1057544,4252
1057584,4009
1057643,4028
1057755,4020
1057890,4111
1057932,4211
1058006,4046
1058077,4112
1058156,4104
1058763,4064
1058978,3973
1059969,3502
1060180,3683
1060206,4006
1060463,3621
1060614,3869
1060660,3623
1060834,4221
1061061,4076
1061282,3964
1061401,4296
1061572,4190
1061840,4010
1061900,4023
1062051,4387
1062172,4146
1063030,3582
1063065,3836
1063299,3907
1063407,4097
1063500,4029
1063616,4101
1063699,4423
1063756,4151
1063896,4457
1064305,3988
1064643,4010
1065882,3289
1065976,3244
1066151,3149
1066352,3290
1066417,3685
1066585,3587
1066740,3696
1066784,3732
1066953,4053
1067402,4082
1067573,3964
1067716,3871
1067833,3838
1067964,3724
1068005,3742
1068134,3730
1068188,4485
1069367,3414
1069466,3243
1069511,3388
1069653,3299
1069685,3386
1069839,4425
1069869,3354
1070000,4433
1070136,4314
1070252,4261
1070388,4255
1070628,4212
1071882,3693
1072061,3143
1072501,3126
1072700,3270
1072896,3324
1073053,3178
1073085,3258
1073239,3233
1073383,3198
1073535,3578
1073569,3765
1073677,3740
1073837,3642
1074030,3901
1074054,3828
1074471,3676
1074672,3765
1074691,3504
1074866,3717
1075006,3702
1075123,3726
1075279,3726
1075543,3729
1076979,3281
1077132,3317
1077157,6128
1077351,4212
1077749,3428
1077750,4443
1077966,4691
1078193,5276
1078351,4084
1078403,5122
1080007,4048
1080348,3933
1080425,3713
1080586,4127
1080644,5134
1080691,5146
1080756,5293
1080809,5173
1080856,5280
1080907,5287
1080962,5284
1081003,3189
1081015,5299
1082421,3317
1082590,3094
1082745,3320
1083092,4200
1083207,3219
1083387,3128
1083575,3139
1083749,3204
1083915,3430
1084794,3159
1084965,3436
1085123,3907
1085878,3579
1086553,2992
1086767,3004
1086784,3139
1087005,3111
1087150,3034
1087393,3040
1087406,4120
1087562,3788
1087583,3443
1087656,3793
1087786,3645
1087985,3544
1088017,3557
1088160,3898
1088241,3551
1088279,3831
1088443,3637
1088600,3924
1088734,4383
1088873,4412
1089058,4176
1089198,3977
1090070,3364
1090291,3376
1090431,3289
1090547,3745
1090661,3586
1090777,3973
1091721,3648
1092169,3324
1092196,3386
1092349,3832
1092662,3467
1092812,3424
1092951,3561
1093003,3605
1093159,3538
1093299,3517
1093456,3468
1093510,3505
1093658,3463
1093778,3484
1094045,3522
1094389,3050
1094538,3955
1094565,3147
1094630,3351
1094806,3463
1094937,3506
1095540,3003
1095702,3274
1095833,3262
1095969,3178
1095984,3741
1097496,3120
1097623,3090
1097816,3346
1098379,4052
1098525,3964
1098649,3889
1098797,3792
1098868,3968
1099013,3753
1099150,3546
1099210,3724
1099297,3641
1099395,3680
1099524,3761
1099614,3788
1100768,2845
1100794,3061
1100946,3807
1100969,3599
1101110,3863
1101210,3655
1101258,4365
1101719,3493
1101871,3398
1102084,3847
1102351,3914
1102571,4062
1103684,3368
1103742,3186
1103899,3143
1103924,3459
1104024,3445
1104184,3727
1104392,3588
1104491,3712
1104767,3517
1105020,3781
1105045,3884
1105250,3852
1105452,4027
1105481,4111
1105638,4001
1105697,4001
1105755,4029
1105852,4029
1105964,4047
1106733,3488
1106756,3527
1106863,3532
1107013,3451
1107194,3368
1107219,3438
1107413,4001
1107722,3733
1108020,3946
1108101,4052
1108277,4263
1108322,4773
1108509,4400
1108643,4613
1110473,3197
1110651,2955
1110778,2990
1110842,3013
1110931,3346
1111130,3263
1111200,3321
1111254,3310
1111321,3451
1111426,3337
1111538,4615
1111796,4114
1111823,4613
1112035,3928
1112178,3836
1112325,3889
1112486,4397
1112524,4632
1112675,3632
1114694,3140
1114848,3659
1114890,3348
1114975,3481
1115075,3221
1115217,4176
1115274,4170
1115526,3980
1115730,4409
1115946,4302
1116205,4093
1116455,3741
1116538,3924
1116690,3869
1116735,3992
1116891,4006
1116986,4842
1117011,4243
1117123,4333
1117236,4210
1117899,4099
1117919,3950
1118075,3846
1118095,4337
1118435,4007
1118547,3937
1118615,4228
1118741,4153
1119045,4007
1119196,4072
1119535,4693
1119570,4597
1119667,4684
1119700,4432
1119831,4390
1119968,4606
1120895,3796
1121105,3704
1121205,3659
1121856,4127
1122007,3925
1122147,4111
1122170,4545
1122267,4173
1122498,4267
1122678,4534
1122724,4095
1123004,4454
1123097,4424
1123401,4578
1125349,3283
1125549,3548
1125721,3834
1125747,3917
1125905,3907
1126069,4233
1126089,4481
1126172,4403
1126334,4453
1126549,4289
1126583,4319
1126758,4195
1126913,4294
1127051,4575
1127077,5162
1127261,4418
1127574,4484
1127850,4261
1128041,4245
1128087,4385
1128228,4296
1128461,4586
1128671,4443
1128769,4482
1128795,4596
1128900,4515
1128927,4602
1130024,4220
1130118,4190
1130402,4855
1130619,5101
1130672,4984
1130813,5089
1130965,5083
1131101,5160
1131314,5957
1131398,5235
1131518,5198
1131685,5216
1131868,5083
1132059,5094
1132279,4984
1132346,5494
1132514,5267
1133499,4678
1133587,4763
1133766,4749
1133790,5181
1133918,5751
1133935,5656
1134083,5633
1134120,5665
1134267,5628
1134348,5683
1134426,5671
1134575,5616
1134660,5644
1134747,5939
1135064,6144
1135446,5816
1135726,5593
1136979,5007
1136997,5149
1137227,4941
1137317,5206
1137355,5177
1137598,4867
1137740,4833
1137880,5510
1137950,5516
1138062,5706
1138184,5467
1138207,5644
1138610,5451
1138821,5293
1138987,5176
1139031,5231
1139101,5477
1139174,5471
1140295,5760
1140511,5686
1140533,5198
1140780,4968
1140832,4958
1140909,5198
1140955,4975
1141117,4969
1141318,4940
1141550,4726
1141694,4730
1141884,5029
1142187,4659
1144077,3624
1144228,3634
1144313,4042
1144413,3501
1144762,3674
1144896,3677
1144922,3731
1145074,4973
1145122,4494
1145274,4544
1145894,4218
1146444,4026
1146617,3812
1146666,3858
1146812,3798
1146949,3736
1146997,3904
1147119,3914
1147238,4083
1147424,4188
1147518,4289
1147546,4121
1147843,3874
1147952,4470
1148082,3926
1148295,3952
1148619,3703
1148771,3670
1148888,3792
1149017,3857
1149166,3638
1149186,3738
1149443,3955
1149651,4327
1150583,3343
1151411,3429
1151465,3573
1153244,3196
1153475,5628
1153537,5193
1153585,5283
1153827,5125
1154064,5415
1154231,5021
1154637,4366
1154669,4865
1154820,4480
1154869,4557
1154942,4112
1155126,4078
1155156,4180
1155295,3859
1155333,4256
1155408,4024
1155431,4339
1155560,4158
1155627,3888
1155748,4104
1156142,3987
1156306,6534
1156494,3574
1156660,3593
1156815,3509
1156971,3460
1157148,3424
1157310,5788
1157440,3267
1157630,3478
1157799,3364
1157956,3296
1158107,4195
1158284,4560
1158415,4292
1160286,3603
1161333,2907
1161434,2954
1161571,2939
1161711,3155
1161838,3589
1161869,3045
1161989,2985
1162153,3320
1162395,3139
1162537,3284
1162680,3273
1162923,3105
1162933,3208
1163078,3151
1163140,3214
1163318,3946
1163389,3518
1163416,4039
1163525,3331
1167074,3134
1167720,2833
1167887,2888
1167935,3386
1168026,3111
1168286,3838
1168334,3923
1168386,3626
1168676,3782
1168703,3855
1168915,4140
1168948,4089
1169096,4823
1169120,4330
1169190,4789
1169269,4238
1169301,4511
1169496,4692
1169518,4341
1169593,4537
1169801,4300
1170206,4644
1170396,4601
1170556,4390
1170722,4320
1170852,4697
1170982,4540
1171000,4733
1171152,5033
1171334,4652
1171409,4900
1171552,4928
1171591,4996
1171722,4828
1171873,5276
1172050,5124
1172156,5069
1172623,4778
1172763,4956
1172894,5001
1173295,5600
1173787,5006
1173967,5018
1174177,5165
1174270,4767
1174387,5115
1175479,4376
1175652,4151
1175752,4330
1176010,4484
1176136,4534
1176226,4734
1176446,4879
1176626,4814
1176777,4816
1176898,4746
1176908,5299
1178116,4140
1178305,4668
1178604,3794
1178752,3891
1179749,3364
1179954,3229
1180095,3484
1180123,3578
1180215,3476
1180336,4425
1180765,3786
1180810,3799
1180949,3884
1180999,3983
1181138,4299
1181231,4323
1181354,4500
1181679,4441
1181841,4347
1182027,4820
1182184,4775
1182409,4373
1182411,4734
1183404,3889
1183532,3923
1183688,3951
1183748,4089
1183840,3920
1183890,4031
1184003,4435
1184457,4095
1184630,3999
1184653,4067
1184803,4089
1184863,4075
1185001,3992
1185031,4411
1185160,4806
1185161,4389
1185298,4938
1185464,4869
1185876,4584
1186303,4606
1186324,4594
1186814,4173
1187028,4265
1187173,4211
1187320,4194
1187673,3777
1188496,4230
1188690,4092
1188865,3970
1189000,3885
1189054,4049
1189117,3999
1189204,4238
1189230,4468
1189388,4326
1189563,4203
1189677,4152
1191024,3526
1191116,3600
1191248,3609
1191850,3862
1192032,3456
1192076,3598
1192211,3919
1192217,3947
1192336,3882
1192609,4041
1192647,4055
1193506,3565
1193528,3581
1193729,3463
1193880,3456
1194029,3408
1194046,3558
1194190,4607
1194242,4247
1194349,4560
1194383,4326
1194497,4503
1194629,4599
1194658,4398
1194935,4557
1195760,3994
1195799,3791
1195820,3867
1195968,4151
1196003,4339
1196197,4287
1196407,4241
1196485,4593
1196658,4350
1196805,4484
1198164,3936
1198582,3867
1198777,3819
1199294,3813
1199973,3186
1200282,3532
1200773,3185
1201125,2906
1201318,2857
1201352,3197
1201411,3329
1201492,3298
1201652,3191
1201711,3196
1201928,3305
1201960,3572
1202100,3409
1202157,3422
1202278,3661
1202467,3523
1202770,3394
1202936,3549
1202978,3823
1203099,3648
1203193,3727
1205609,3132
1205753,4171
1205855,3984
1205982,3909
1206139,3863
1206237,3812
1206458,3798
1206543,4091
1206584,3872
1207035,3661
1207055,3885
1207216,3823
1207243,3884
1207389,3826
1207413,4151
1207478,4041
1207610,4020
1207628,4555
1207786,4265
1207931,4738
1208025,4139
1208155,4103
1208604,4193
1209071,3827
1209224,3764
1209464,4020
1209613,3962
1209751,3911
1209960,4319
1210085,4436
1210118,4860
1210262,4605
1210305,4723
1210424,4769
1211035,5239
1211181,5145
1211303,5414
1211397,5228
1211678,5206
1211828,5107
1211955,5066
1213073,4510
1213233,4519
1213398,4345
1213567,4237
1213769,4134
1213915,4219
1214018,4397
1214597,4361
1214655,4419
1214704,4239
1214864,4265
1215006,4140
1215169,4082
1215294,4490
1215322,4671
1215435,5089
1215492,4573
1215551,4993
1215812,4846
1215888,4709
1216046,4998
1216106,4923
1216174,4988
1217193,4279
1217209,4362
1217320,4754
1218022,4071
1218180,4259
1218364,4228
1218464,4026
1218710,4244
1219492,3783
1219553,4414
1219790,4443
1220127,4722
1220292,4245
1220627,4150
1220775,4056
1220872,4044
1220911,4062
1221752,3335
1221883,3317
1222109,3669
1222139,3574
1222265,3712
1222292,3575
1222402,3764
1222522,3916
1222670,4538
1222702,4159
1222744,4440
1222947,4359
1223007,4233
1223041,4356
1223338,4113
1223354,4366
1223400,4270
1225222,3015
1225271,4330
1225543,3565
1225655,3521
1225813,3530
1225981,3620
1226203,3507
1226407,3365
1226566,3876
1226571,3992
1226695,3996
1226716,5113
1226876,4198
1227023,4580
1227038,5243
1227299,4837
1227422,4770
1227479,4483
1227747,5267
1229042,3903
1230196,3526
1230778,3057
1230948,3254
1231175,3238
1231254,4278
1231434,3696
1231463,3732
1231665,4006
1231672,4104
1231827,4119
1232017,4153
1232300,4722
1232426,3842
1232569,3749
1232763,3859
1232908,3821
1233045,3626
1233263,3723
1233448,3678
1233620,3888
1233791,3891
1233939,3723
1234379,3424
1234528,3671
1234553,3653
1234802,4004
1234958,3920
1235008,4205
1235162,4034
1235330,4271
1235398,4123
1235879,3866
1236407,4199
1236581,4238
1236801,4072
1237087,3834
1237210,3897
1237311,4316
1237392,4302
1237515,4262
1237999,3824
1238016,3985
1238243,3800
1238426,4101
1238446,4213
1238592,3996
1239390,3327
1239564,3252
1239834,3065
1239992,3087
1240046,3195
1240149,3180
1240286,3308
1240650,3347
1240801,3686
1240992,3581
1241546,3655
1241701,3630
1242033,3695
1242107,4781
1242191,5338
1242348,5256
1242396,5178
1242532,5132
1244118,3787
1244299,4152
1244598,3126
1244815,3078
1244838,3387
1244993,3115
1245018,3279
1245145,5177
1245201,5604
1245324,7576
1245390,6112
1245990,2956
1246155,3293
1246178,3339
1246345,3725
1246628,3267
1247242,3616
1248529,3254
1248692,3538
1248784,4167
1248820,3017
1248955,3497
1249097,3744
1249129,3865
1249252,3840
1249702,3647
1249733,3746
1249874,3678
1249908,3873
1250061,3893
1250155,3955
1250203,4101
1250336,4045
1250568,4172
1250896,3921
1251078,5263
1251746,3352
1251949,4293
1251974,3623
1252143,4048
1252242,3973
1252248,3888
1252425,3868
1253141,3632
1253584,3431
1253617,3463
1253726,3915
1253884,3997
1254074,3910
1254172,4727
1254295,4163
1254414,4319
1254668,4434
1254903,4121
1255343,4511
1255389,4017
1255624,3672
1255772,3866
1255893,3791
1256844,3269
1256876,3314
1257025,3299
1257160,3347
1257280,3219
1257417,3446
1257430,3845
1257565,3762
1257721,3824
1257941,3670
1258193,3476
1258486,3513
1258664,4262
1258768,4196
1258799,4180
1258851,3503
1260413,2827
1260587,3061
1261042,3127
1261240,3393
1261388,3374
1261545,4018
1261685,4038
1261830,3840
1261854,3751
1263584,3244
1263661,3406
1263750,4067
1263800,3215
1263856,3791
1263880,4012
1263925,4173
1263972,4464
1263999,3566
1264250,3786
1264420,3788
1264717,3932
1264802,4076
1264847,4095
1264951,4283
1265100,4250
1265328,4082
1266285,4009
1266577,3883
1266845,3501
1266885,3642
1267036,4434
1267112,3743
1267164,4273
1267287,5035
1267341,5043
1267804,3722
1267970,3666
1268187,3732
1268706,4100
1268870,3748
1268979,3988
1269027,4193
1269289,3982
1269551,3773
1269835,3961
1269980,3925
1270143,3899
1270262,3863
1270434,3861
1270613,5357
1270680,4971
1270733,5301
1270861,5276
1271690,5243
1271718,5320
1271980,5291
1272159,5361
1272472,4971
1272667,4899
1272795,4821
1273023,4994
1273058,5240
1273150,5531
1273277,5351
1273392,5424
1274333,5991
1274355,6176
1274469,5489
1275010,5623
1275156,5624
1275323,5948
1275694,5229
1276188,5132
1276407,4856
1276499,4897
1276652,5134
1277078,5650
1277266,5713
1278120,4622
1278154,4455
1278311,5133
1278458,4316
1278484,4548
1278656,5017
1278797,4933
1278946,4635
1278965,4728
1279103,4678
1279202,4692
1279390,4700
1279772,5469
1279967,5532
1280090,5460
1280743,4955
1280873,4776
1281012,4589
1281050,4860
1281188,4559
1281334,4461
1281496,4349
1281659,4358
1281793,4914
1281830,5222
1281915,4974
1282049,4922
1282248,5017
1282815,4654
1282835,4506
1283235,4528
1284227,3588
1284539,4216
1284727,4119
1284959,4089
1285048,4288
1285197,4377
1285389,4310
1285586,4185
1285773,4181
1285911,4065
1286874,3591
1287403,3138
1287560,3181
1287590,3409
1287701,3345
1287834,3460
1287972,3372
1288136,3706
1288180,3776
1288257,3637
1288324,3778
1288427,3839
1288602,4175
1288786,4114
1288943,4007
1289098,4190
1289173,4139
1289267,4074
1290186,3467
1290226,3595
1290804,3760
1290946,3797
1291108,3505
1291132,3826
1291278,3753
1291668,3979
1291811,3775
1291978,4486
1292299,3784
1292590,3955
1292857,3854
1293089,4096
1293110,4192
1294313,3521
1294386,4139
1294429,3358
1294562,3850
1294791,4007
1294822,3641
1295071,4145
1295095,3516
1295228,3484
1295416,3783
1295483,3982
1295627,4193
1295659,3906
1295763,4124
1295912,4025
1295975,4030
1296097,3977
1296118,4223
1300178,2941
1300792,2870
1301796,3228
1301974,3099
1302141,3477
1302301,4283
1302435,3256
1302936,3518
1303293,3834
1303315,3493
1303703,3261
1303787,3253
1303992,4353
1304011,3456
1304156,3745
1304177,3617
1304198,5127
1304324,3668
1304398,4065
1304581,3976
1304602,4138
1304784,4423
1304911,4349
1305036,4352
1305177,4264
1305443,4380
1305498,4414
1305803,4253
1305962,4255
1306139,5052
1306305,4675
1306941,4298
1307090,4825
1307241,4597
1307263,4277
1307433,4254
1307505,4491
1307629,4790
1307753,4488
1308133,4600
1308212,4455
1308823,3971
1309007,4209
1309253,4195
1309811,3978
1309836,3604
1309845,3815
1310282,4010
1310718,3839
1310737,3885
1310901,3783
1311019,3947
1311068,3946
1311306,3974
1312321,3419
1312473,3540
1312498,3449
1312735,3348
1312862,3572
1313296,3534
1313406,3322
1313482,3541
1314259,3426
1314407,4068
1314440,3488
1314608,3533
1314736,3940
1314771,3885
1314906,3965
1315040,3972
1315536,3565
1315619,3820
1315760,3575
1315918,3476
1316821,3087
1316894,3062
1317035,3800
1317157,3322
1317289,3244
1317331,4518
1317401,3514
1317739,4483
1317867,4297
1317977,3726
1318168,3951
1318305,3713
1319296,3518
1319521,3341
1319705,3327
1319898,3186
1320009,3794
1320027,3598
1320149,3556
1320268,3633
1320310,3637
1320427,4066
1320510,4309
1320557,4952
1320625,5057
1320946,3602
1321315,3661
1321436,3835
1321508,4376
1321545,4677
1321822,4131
1323232,3165
1323778,3095
1323935,3039
1324081,2964
1324244,3497
1324265,3326
1324389,3403
1324534,3903
1324658,3520
1324676,3867
1324810,3682
1325743,3193
1325909,3119
1326013,3133
1326194,3066
1326271,3195
1326565,3523
1326718,3319
1326848,3495
1327023,3693
1327234,3772
1327723,3333
1329276,3307
1329330,4113
1329395,2994
1329526,3342
1329591,5335
1329741,5239
1329876,5202
1329939,3774
1330060,4214
1330134,5011
1330182,4699
1330298,4731
1330462,4476
1330729,4572
1330744,4451
1330848,4787
1330906,4771
1331048,4858
1331097,4861
1331279,4779
1331794,4419
1332012,4481
1332181,4418
1332211,4474
1332414,4343
1332515,4398
1332693,4814
1332961,4629
1333144,4883
1333302,4920
1333426,4644
1333590,5091
1333762,5086
1333773,5376
1333931,5270
1334088,5729
1334255,5368
1334446,5423
1334608,5398
1335121,5186
1335728,4949
1335825,4924
1336042,4793
1336190,4757
1336320,4938
1336429,4660
1336909,4554
1336949,4918
1337036,4716
1337141,4786
1337148,4655
1337285,5320
1337462,5212
1337672,5064
1338195,4680
1338430,4856
1338554,4736
1338665,4793
1338932,5075
1338954,5172
1339102,5087
1339233,5053
1340754,4250
1341094,4142
1341154,4806
1341269,4150
1341419,4577
1341570,4446
1341589,4454
1341666,4635
1341803,4645
1342015,4777
1342184,4662
1342392,4581
1342432,4645
1342519,4653
1342620,5186
1342814,4890
1342936,4874
1343047,4713
1343121,4841
1343392,4467
1344343,4140
1344385,3889
1344425,4004
1344703,4036
1344843,4023
1345376,4308
1345624,4170
1345768,4389
1345791,3936
1347255,3368
1347630,3079
1347902,3036
1348054,3555
1348110,3681
1348256,3724
1348289,3752
1348411,3681
1348993,3460
1349139,4040
1349312,3731
1349330,3845
1349517,5297
1349720,6144
1349857,5382
1349995,5353
1350202,5438
1350328,4967
1351396,3567
1351410,4285
1351596,4070
1351645,4109
1351807,4007
1351969,3959
1352086,3972
1352129,4031
1352204,3941
1352259,4035
1352444,4053
1352589,4028
1352611,4071
1352745,5203
1352761,4983
1353516,4161
1353855,3939
1354028,4408
1354173,4402
1354338,4959
1354455,4190
1354634,4093
1355043,4042
1355927,3949
1356331,5292
1356341,3623
1356651,3420
1356782,3725
1356814,3716
1356940,3878
1356980,4165
1357114,5707
1357260,4994
1357339,5532
1357393,5602
1357413,5049
1357510,5576
1357552,4970
1357704,4906
1357879,5088
1357983,5185
1358001,5349
1358300,5557
1358324,5476
1358953,5118
1359117,4800
1359535,4439
1360058,4107
1360227,4171
1360407,3928
1360434,4832
1360611,3870
1360625,3932
1360794,3803
1360970,4460
1361021,4537
1361072,4910
1361228,4109
1361430,4557
1361801,4885
1361974,4802
1362175,4804
1363173,4136
1364295,3420
1364616,3822
1364635,3898
1364658,3198
1364867,5343
1364939,5283
1365089,3961
1365432,5004
1365691,4638
1365736,3986
1366030,3783
1366172,3891
1366257,4262
1366338,4106
1366847,4002
1366994,3928
1367948,3548
1368146,3285
1368308,3250
1368488,3311
1368675,3274
1368862,3698
1368871,4167
1369027,3959
1369157,3859
1369189,4471
1369333,4264
1369349,4447
1369541,4787
1369548,5152
1369703,6020
1369880,5752
1369893,5766
1370046,5640
1371275,4439
1371481,4270
1371631,4167
1371679,4304
1372111,4037
1372167,4062
1372340,4487
1372435,4642
1372579,5300
1372700,5494
1372829,5186
1372849,5373
1373051,5200
1373085,5204
1373151,5147
1373284,6457
1373412,6426
1373468,6416
1373923,6005
1374052,5946
1374167,8271
1374484,9202
1374523,9574
1374570,11081
1374584,11391
1375082,10742
1375719,10374
1375841,10610
1376010,10506
1376817,10030
1376890,9777
1377406,9432
1377558,9639
1377692,9557
1377825,9474
1377913,9486
1378053,9494
1378739,8883
1378863,8899
1379011,9506
1379039,9889
1379169,9889
1379188,9996
1379317,9800
1379333,9973
1379441,9956
1379582,9870
1379599,9690
1380087,9356
1380228,9360
1380623,8953
1380663,9013
1380797,9103
1380837,8947
1380963,9140
1381071,9084
1381216,9318
1381326,9436
1381402,9600
1381491,9560
1381667,10200
1381695,10285
1381881,10664
1381908,10931
1382030,10985
1382085,11005
1382279,10902
1384277,9033
1384697,8777
1384880,8648
1385044,8699
1385290,9583
1385774,9078
1385933,9236
1386068,8946
1386208,8952
1386347,9002
1386395,8844
1386760,9343
1386884,9309
1386891,9641
1386938,9416
1386989,9409
1387176,9400
1387593,9078
1388068,8728
1388267,8600
1388601,9596
1388765,9485
1390289,8475
1390307,8070
1390400,8041
1390496,8322
1390654,8204
1390787,8127
1390811,8167
1390901,8127
1391073,8074
1391108,8092
1391233,8070
1391236,8211
1391461,8038
1391611,8062
1391751,7973
1392232,7618
1393414,7792
1393568,7588
1393638,7442
1393811,7406
1393995,7544
1394155,7374
1394302,7177
1394417,7377
1394471,7519
1394623,7165
1394670,7411
1394892,7320
1395297,6963
1395473,8155
1395609,6525
1396883,6849
1397029,6791
1397233,6716
1397431,6608
1397573,6573
1397749,6496
1397897,6456
1398107,7168
1398433,6993
1398519,7110
1398598,7172
1398677,7242
1398884,7040
1399023,7481
1400157,6414
1400179,6255
1400322,7698
1400341,6494
1400680,6377
1400848,7575
1401038,6845
1401217,7294
1401252,6833
1401330,7329
1401497,7066
1401630,7374
1401807,7259
1401824,6886
1401925,7202
1402018,6874
1403437,5750
1404462,5716
1404698,5542
1404878,5423
1406729,4332
1406848,5176
1406876,5350
1407036,5717
1407177,6050
1407284,6179
1407433,6085
1407578,5993
1407720,5901
1407937,5781
1408078,5592
1408218,5980
1408266,5990
1408646,5681
1408813,5622
1408946,5585
1409086,5539
1409234,5495
1409278,5551
1409429,5507
1409588,5572
1409735,5414
1409762,5467
1409875,5525
1410048,5962
1410108,6125
1410261,5919
1410418,5897
1410480,5949
1410603,5876
1410634,5946
1410759,6009
1410781,6053
1410902,6174
1411073,6057
1411271,5958
1411387,6999
1411447,6780
1412050,7058
1412082,7793
1412224,7705
1412331,7746
1412345,7779
1412722,7225
1412976,7239
1413631,6688
1413799,6469
1413827,6625
1415412,6057
1415457,6047
1415598,6175
1415625,6300
1415713,6343
1415847,6099
1415899,6145
1416023,5969
1416146,5859
1416283,5970
1416349,6241
1416386,6134
1416571,5865
1416752,5916
1416874,5867
1416914,5925
1417950,5595
1418232,5368
1418513,5222
1418866,4962
1419023,4951
1419175,4950
1419428,5028
1419577,4976
1419689,6206
1419782,4934
1419954,5887
1421172,4774
1421602,4428
1421623,4474
1422125,4256
1422158,4123
1422704,3896
1422834,3913
1422870,4430
1423029,4598
1423310,4510
1424254,3500
1424436,3440
1424598,3571
1424788,3433
1424942,3326
1425105,3555
1425276,4041
1425567,3385
1425724,3328
1425879,3632
1426233,3443
1426411,3628
1426832,3555
1427145,3302
1427338,3175
1427664,3045
1427815,5016
1427980,4348
1428006,3574
1428168,4737
1428290,4566
1428571,4449
1428754,4727
1428779,4111
1428965,4108
1429018,3964
1429159,3876
1430222,3233
1430347,3357
1430547,3027
1430566,3074
1430707,3048
1430771,3111
1430955,3067
1431110,3341
1431319,3119
1432037,2956
1432083,2995
1432238,3865
1432705,3620
1434636,3038
1434700,3457
1434815,3209
1434889,3216
1435112,3120
1435213,3225
1435241,3288
1435342,3956
1435435,3243
1435597,3247
1435618,3320
1435736,3726
1435865,3489
1436130,3577
1436159,3671
1436257,3624
1436391,3868
1436691,3379
1436824,3611
1436864,4026
1436897,4065
1436960,4315
1437475,3763
1437716,3575
1437891,4226
1438753,3801
1438915,3771
1439061,3740
1439148,4330
1439317,5143
1439404,4868
1439592,4613
1439843,4491
1439957,4551
1440102,4621
1440245,4715
1440272,4625
1440467,4605
1440657,4633
1441045,4413
1441349,4374
1441398,4162
1441431,4171
1441587,4242
1441721,4256
1442565,3658
1442767,3566
1442879,4143
1442900,4259
1443010,4069
1443163,3966
1443309,4528
1443513,4095
1443672,3992
1443904,4579
1444236,4801
1444550,4609
1444628,4638
1444788,5033
1446010,4040
1446160,3946
1446352,4681
1446390,3961
1446431,4088
1446520,3910
1446636,3930
1446749,4234
1446991,4111
1447175,4487
1447335,4444
1447424,4512
1447463,5281
1447495,4388
1447810,4321
1447875,4307
1448022,4775
1448124,4787
1449440,3602
1449621,3878
1449924,3628
1450155,4023
1450199,4027
1450330,4141
1450441,4109
1450580,4086
1450716,4561
1450821,4578
1450906,4713
1451037,4936
1451183,4864
1452200,4519
1452281,4290
1452449,5082
1452575,4507
1452580,4517
1452710,4768
1453139,4299
1453293,4200
1453444,4347
1453563,4332
1453642,4489
1453730,4490
1453781,4668
1453910,4693
1453935,4744
1454077,5035
1454242,4963
1454280,4768
1454495,4755
1455639,4271
1455687,4379
1455816,4301
1455884,4820
1456308,5258
1456453,5170
1456567,5110
1456763,4964
1456911,4865
1457126,5045
1457279,5197
1457542,4986
1457581,5231
1458613,4320
1458750,4117
1458769,4629
1458881,4415
1458886,4983
1459038,4831
1459198,4616
1459309,6043
1459430,4487
1459596,5505
1459746,5783
1459903,5816
1459955,5835
1460103,6329
1460167,5969
1460292,5895
1460559,6323
1460766,6214
1460912,6160
1461047,6684
1462462,5389
1462626,5375
1462702,5085
1462861,5048
1462997,5351
1463058,5809
1463125,6260
1463199,5852
1463350,6226
1463538,5615
1463576,5918
1463656,5897
1463700,5744
1463945,5599
1463979,5725
1464071,5685
1464213,5879
1464263,5980
1464557,6635
1464647,6485
1464826,6567
1465142,6602
1465408,6566
1465556,6481
1465611,6231
1465764,6145
1465829,6270
1465973,6324
1466211,6472
1467128,6309
1467216,6214
1467292,6003
1467428,6057
1467563,6210
1467848,6679
1468045,6763
1468166,6588
1468719,6139
1468909,6000
1469070,5887
1469203,5803
1469207,5864
1469386,5928
1469594,5799
1469743,5764
1469894,5741
1471049,5268
1471207,5225
1471255,5315
1471436,5193
1471579,5121
1471783,5278
1471919,5188
1472097,5342
1472614,5416
1472837,5245
1472920,5566
1474664,3894
1474825,3784
1475007,4008
1475153,3964
1475328,3739
1475416,3752
1475451,4342
1475778,4410
1475820,4220
1476146,4148
1476329,4509
1476470,4462
1476721,4366
1476769,4401
1476891,4339
1477425,4027
1477802,3753
1477960,3983
1478106,4098
1478124,4012
1478318,3938
1478481,4224
1478729,4386
1478752,4732
1478856,4890
1478973,5866
1479117,5828
1479251,5643
1479276,5692
1479509,5717
1479657,5851
1479814,5539
1479876,5231
1479935,5150
1481307,4145
1481323,4420
1481425,4268
1481614,4083
1481776,4013
1481847,4193
1481974,4270
1481977,4185
1482109,4229
1482255,4298
1482298,4680
1482433,4367
1482545,4547
1482557,4473
1483425,4500
1483580,4462
1483847,4248
1484036,4114
1484199,4568
1484392,4435
1484560,4141
1485395,3907
1486576,3628
1486736,3663
1486824,3708
1486984,3722
1487129,3644
1487182,3681
1487225,3733
1487762,3728
1487973,3517
1488139,3477
1488196,3481
1488261,3500
1488354,3605
1488819,3287
1488877,3337
1488996,3375
1489033,3451
1489157,3627
1489335,3661
1489381,3544
1489547,3538
1489686,3715
1489806,3779
1489932,4279
1491786,3259
1492012,3918
1492188,3937
1492395,3627
1494787,3380
1495568,3960
1495756,3558
1496659,3181
1496858,3178
1496879,3569
1497015,3931
1497037,3512
1497180,3576
1497323,4507
1497350,3741
1497410,3903
1497551,3958
1497617,3980
1497714,3974
1497760,5093
1497819,4290
1497864,4398
1498002,4492
1498075,4855
1498206,4413
1498223,4761
1498482,4994
1498625,4903
1498803,4994
1498983,4908
1499210,4368
1499410,4217
1499578,4193
1499742,4121
1499905,4062
1500152,4091
1500371,4029
1500779,3840
1500978,3725
1501185,4504
1501944,3642
1501977,3944
1502125,4574
1503020,3736
1503447,3520
1504448,2948
1504762,2919
1504892,2924
1505045,3527
1505199,3069
1505418,3201
1505571,3097
1505757,3128
1505790,3186
1505916,3165
1506062,3285
1506105,3668
1506285,3875
1506540,3568
1507444,3649
1507913,3063
1508097,2930
1508147,3309
1508320,3517
1508337,3411
1508541,4288
1509260,3659
1509446,3534
1509614,3425
1509806,3721
1509948,3906
1510020,3832
1510143,3770
1510203,3768
1510272,3799
1510487,3767
1510798,3926
1510987,3852
1511167,3617
1511330,3559
1511973,3219
1511990,3269
1512140,3404
1512159,3799
1512304,3819
1512338,3864
1512513,4010
1512859,3733
1513148,4419
1513296,3661
1513319,4126
1513554,4234
1513693,4148
1514722,3403
1514894,3283
1515030,3660
1515059,3686
1515231,3570
1515308,4362
1515379,3509
1515447,3531
1515791,3816
1516736,3304
1516837,3462
1517042,3828
1517179,3750
1517397,3922
1517472,3729
1517619,3634
1517794,4002
1517958,3770
1518097,3758
1518889,3057
1519076,3093
1519245,3013
1519397,3391
1519423,3225
1519518,3332
1519651,3687
1519709,3501
1519847,4214
1519880,3738
1519936,3522
1520072,3593
1520331,3838
1520678,3671
1520848,3704
1521015,3716
1521032,3852
1522271,3186
1522301,3392
1522628,3115
1522767,3467
1522880,4026
1523519,3520
1523682,3451
1523726,3810
1523901,3750
1524118,3635
1524320,3759
1525157,3193
1525178,3250
1525327,4153
1525487,3676
1525509,3675
1525589,3730
1525730,4032
1525910,3963
1525951,3892
1526076,4581
1526081,4684
1526252,4459
1526419,4256
1526453,4379
1526666,4213
1527138,4344
1527891,3645
1527911,4027
1528122,3716
1528180,3690
1528254,3798
1528415,3683
1528622,3872
1528958,4170
1528986,3918
1529226,3770
1529511,3691
1529661,4057
1529883,3846
1529935,3892
1529972,3927
1530076,3876
1531118,3717
1531276,3819
1531304,3953
1531472,3995
1531609,3934
1531945,4362
1532092,4273
1532326,4126
1532525,3892
1532563,4073
1532685,4054
1534259,3465
1534295,3046
1534417,3688
1534483,3308
1534668,3492
1534736,3482
1534931,4063
1534955,3674
1535337,3725
1535442,4317
1535477,4780
1535639,3473
1535976,4726
1536036,4451
1536156,4596
1536284,4487
1537105,3718
1537127,4411
1538185,3325
1538260,3200
1538427,3216
1538462,3252
1538631,4094
1538827,3778
1538907,3403
1539033,3919
1539146,3884
1539276,3909
1539386,4009
1539417,4053
1539538,4205
1539599,4503
1539772,4383
1539888,4367
1541591,3299
1541763,3884
1541875,3827
1541925,3973
1541956,3955
1542131,3638
1542277,3684
1542824,3186
1543001,3295
1543122,3399
1543217,4402
1543276,4625
1543431,4097
1543508,4262
1543571,4259
1543646,4176
1543782,4377
1543915,4860
1543934,4271
1544915,4533
1544978,3731
1545022,3256
1545724,3518
1545930,3363
1546108,3798
1546167,3806
1546312,3752
1546367,4088
1546551,3700
1546673,4370
1546674,4257
1546815,4360
1548332,4621
1548455,3527
1548494,3761
1548592,3440
1548643,4169
1548827,4014
1548883,3920
1549030,4224
1549076,4273
1549283,4175
1549461,4081
1549725,4146
1549757,4120
1550043,3903
1550123,4064
1550269,3864
1550339,4169
1550446,3986
1550718,4340
1550764,4709
1550881,4965
1550981,4615
1551286,4360
1551512,4208
1551637,4885
1551705,5167
1551778,4919
1551827,5113
1552444,4493
1553939,3326
1554004,3688
1554132,3707
1554265,3487
1554284,3542
1554499,4033
1554599,4307
1554700,4155
1554721,4340
1554867,4295
1554896,4543
1555023,4327
1555202,4857
1555322,4759
1555450,4896
1555945,4313
1556019,4422
1557343,3684
1557869,3162
1558024,3061
1558201,3113
1558342,3813
1558390,4747
1558572,4658
1558610,3825
1558698,4422
1558787,3783
1558917,4526
1559068,4310
1559186,4087
1559796,3555
1560692,3024
1560864,3058
1561740,3158
1561981,3751
1562351,3306
1562518,3260
1562655,3494
1562787,3643
1562928,3925
1563531,3684
1563680,3747
1563892,3808
1564023,3884
1564101,3446
1564138,3746
1564448,3651
1564472,3983
1564643,4160
1564706,4252
1564855,4035
1564994,4048
1565129,3962
1565456,3685
1565485,3799
1565611,3740
1566038,3420
1566225,3733
1566248,3623
1566430,3598
1566593,3682
1566764,4246
1566914,4042
1567053,4330
1567078,4130
1567243,4344
1567330,4320
1567437,4352
1568091,4591
1568142,4785
1568348,4567
1568737,4071
1568971,3892
1569113,4857
1569181,4521
1569323,4908
1570163,3593
1570331,3841
1570409,4109
1570430,4257
1570538,4152
1570651,4203
1570765,4307
1571083,4074
1571225,3984
1572014,3289
1572223,3478
1572421,3337
1572963,3819
1573016,3017
1573157,3299
1573293,4233
1573548,3607
1573678,3598
1573809,3944
1574005,3573
1574261,3426
1574278,3530
1575301,3577
1575435,2953
1575464,2988
1575628,3067
1575790,3205
1575972,3288
1576123,3404
1576383,3831
1576615,3324
1576823,3893
1576929,3891
1578689,3633
1578750,3572
1578909,3528
1579037,3501
1579082,3561
1579304,3567
1579331,3658
1579505,3556
1579596,3560
1579754,3653
1579782,3891
1579934,3865
1579997,4010
1580051,4118
1580250,4220
1580324,4359
1580592,4467
1580853,4260
1580876,4365
1581067,4207
1581084,4243
1581215,4210
1581286,4296
1581421,4250
1581599,4742
1582169,4426
1582950,3766
1583100,3727
1583246,3992
1583269,4072
1583421,4016
1583635,3889
1583707,4464
1583842,4373
1583868,4450
1584003,4595
1584316,4595
1584352,4897
1584456,4854
1584490,5232
1584548,5100
1585608,3991
1585780,3877
1585833,3760
1585962,3928
1586156,4069
1586338,4099
1586398,3909
1588632,3209
1589451,3837
1590500,3198
1590926,2829
1590945,2926
1591101,2978
1591207,3032
1591417,3010
1591443,3247
1591545,3042
1591588,3162
1591684,3309
1591734,3609
1591766,3042
1591874,3011
1592157,2951
1592186,3055
1592345,3178
1592845,2779
1592975,2821
1593116,2964
1593327,3000
1593667,3089
1593806,3106
1595981,3780
1597252,3792
1597434,3077
1597643,3653
1597826,3762
1597988,3694
1598166,3633
1598327,3806
1598688,3656
1598854,3580
1599012,3511
1599187,3594
1599395,3438
1599442,3453
1599575,4011
1599618,3900
1599773,3864
1599867,4120
1599930,4014
1600043,4018
1600087,4136
1600238,4563
1600330,4538
1600418,4670
1600581,4459
1600687,4658
1600738,4498
1600866,4922
1600904,4674
1601133,5027
1601398,4844
1602221,4649
1602407,4522
1602555,4622
1602618,4903
1602694,4570
1602888,4467
1603011,4447
1603128,5303
1603174,4452
1603330,5112
1603432,5099
1603754,5023
1604626,4574
1604655,4631
1604811,4840
1604918,4851
1604931,4916
1605413,4563
1605582,4466
1605814,4629
1606395,4361
1606415,4581
1607010,4005
1607037,4011
1607205,3967
1607350,3953
1607560,4112
1608089,3796
1608241,3696
1608260,3956
1608477,3730
1608618,4122
1608806,4532
1608986,4579
1609130,4552
1609267,4594
1609379,4427
1609404,4565
1609963,4301
1610347,4097
1610426,3892
1610688,4198
1610830,4652
1610852,4437
1611570,4153
1611702,4252
1611783,4243
1611925,4192
1611985,4224
1612017,4299
1612155,5067
1612304,4236
1612333,4957
1612645,5058
1612841,4285
1613075,4216
1614136,3724
1614158,3842
1614348,3719
1614410,3695
1614510,3398
1614681,3591
1614711,3733
1614968,3746
1615129,3849
1615261,3783
1615336,4691
1615399,4408
1616331,3460
1616906,3192
1617687,3063
1617756,3290
1617901,3084
1618107,3612
1618184,3854
1618403,3546
1618489,3882
1618528,3561
1618641,3797
1618810,3782
1619583,3063
1619622,3129
1619867,3155
1620220,3069
1620441,3536
1620698,3144
1620892,3094
1621034,3180
1621127,3154
1622407,3399
1622583,3205
1622783,3711
1622930,3669
1623092,3733
1623128,3861
1623257,3905
1623403,3815
1623559,3883
1623611,4087
1624562,3315
1624752,3213
1625003,3185
1625181,3389
1625213,3433
1625394,3451
1625432,3797
1625519,4094
1625585,3697
1625631,3961
1625822,3724
1625832,4083
1626085,4152
1626295,4132
1626443,4284
1626639,4377
1626858,4223
1627001,4251
1627190,4164
1628095,3487
1628252,3419
1628408,3376
1628756,3740
1628793,3415
1629056,3573
1629092,3794
1629278,3672
1629637,3560
1629666,4069
1629760,3907
1629849,4140
1630019,4038
1630036,4109
1630340,4235
1630818,3907
1632243,3307
1632258,2965
1632706,2894
1632726,3016
1632876,3425
1633020,3319
1633048,3381
1633194,3499
1633266,3914
1633350,3885
1633678,3649
1633821,4008
1633862,4015
1633985,3943
1634389,3633
1635724,3369
1635799,3587
1635932,5008
1635982,4707
1636011,5164
1636043,5183
1636101,4230
1636150,4171
1636584,4245
1637108,4910
1637334,4585
1637548,4422
1637574,4616
1637721,4560
1637862,4474
1638007,4513
1638186,4498
1638224,4510
1638306,4490
1638410,4760
1638495,4783
1638519,4824
1638662,5279
1638810,5471
1638914,5223
1638926,5160
1639062,5110
1639178,5150
1639329,5082
1639514,4997
1639694,5333
1639861,5217
1640078,5132
1640976,4448
1641001,4769
1641083,4785
1641229,5397
1641706,4786
1641987,5011
1642170,4889
1642337,4595
1642405,4888
1642533,4855
1643405,4832
1643632,5165
1643783,5174
1644333,4524
1644425,4482
1644574,5166
1644689,4371
1644704,5118
1644809,4847
1644857,4726
1644956,4835
1645902,4175
1645920,4215
1646155,4378
1646289,4319
1646418,4242
1646694,4181
1646956,3975
1647219,4442
1647345,4386
1647416,4457
1647452,4522
1647592,4425
1647688,4531
1647831,4378
1648455,4458
1648620,4192
1649121,4530
1649188,4034
1649650,4254
1649855,4103
1649885,4448
1650036,4242
1650173,4194
1650193,4314
1650335,4551
1650416,4557
1650587,4482
1650695,4507
1650776,4578
1650917,4514
1651061,4418
1652306,3927
1652345,4779
1652471,4009
1652685,3917
1652924,3734
1653064,4999
1653193,4936
1653484,4347
1653531,4417
1653687,4209
1654133,3865
1655308,3668
1655503,3631
1655548,6230
1655645,3382
1655687,3392
1655712,6009
1655748,3441
1655899,3656
1655946,3501
1656024,4108
1656064,5765
1656102,4620
1656154,5725
1656236,5692
1656307,3881
1656962,3922
1657218,3602
1657280,3713
1657574,3476
1657697,4121
1660967,3999
1661127,4129
1661153,4278
1661250,4257
1661325,5030
1661642,4878
1661848,4500
1661975,4098
1662142,3986
1662187,4242
1662293,3990
1662384,4122
1662503,4073
1662625,4092
1662759,4071
1662817,3955
1662957,3923
1662986,4100
1663090,4138
1663153,4022
1663249,4267
1663255,4758
1663433,4348
1663455,4378
1663625,4335
1663762,4287
1663904,4258
1664020,4437
1664167,4392
1664304,4835
1664343,4849
1664956,4508
1666709,4498
1666894,4587
1666933,4497
1667117,4536
1667420,4565
1667552,4539
1667561,4602
1667757,4512
1667879,4794
1668778,3982
1668932,3826
1669194,3772
1669269,3598
1669355,3663
1669547,3520
1669702,3553
1669847,3473
1670517,3258
1670668,3322
1670695,3907
1670854,4134
1671089,4336
1671284,3972
1671492,3999
1672491,3981
1672789,3881
1672898,3837
1673086,3802
1673113,3864
1673249,3781
1673575,4017
1673605,4268
1673753,4328
1673824,4039
1673895,4178
1674013,4207
1674033,4422
1674149,4696
1674239,4937
1674250,5298
1674401,4830
1674415,4903
1674711,4884
1674879,4943
1675058,4927
1675230,4642
1675419,4504
1675536,4527
1675652,4466
1675790,5088
1676797,3995
1676950,3725
1677116,3969
1677266,3903
1677293,4483
1677433,4396
1677451,4023
1677589,4316
1677634,4219
1677778,4191
1677913,4254
1677963,4345
1678948,4658
1679050,5522
1679319,5306
1679647,4674
1679846,5412
1680259,4868
1680407,4498
1683162,3466
1683203,3459
1683342,4539
1683397,4594
1683456,3971
1683659,3822
1683783,3870
1683933,3783
1684133,4297
1684333,4402
1684771,3749
1685038,3625
1685688,3718
1685717,3757
1685892,3674
1686019,3667
1686118,4196
1686296,4003
1686453,3698
1686664,3559
1686777,3951
1686870,3794
1686953,3846
1687030,3869
1687161,4618
1687201,4547
1687340,4692
1687386,4460
1687521,4468
1687675,4820
1688166,4433
1688247,4795
1688392,5311
1688823,4987
1688863,4998
1689503,4753
1689683,5356
1689806,5268
1689949,4383
1690345,4405
1690629,4174
1690777,4110
1690912,4312
1691395,4315
1691413,4156
1691440,4117
1691618,4249
1691819,4099
1691868,4568
1692068,4423
1692085,4553
1692189,4351
1693067,3893
1693114,4143
1693201,4016
1693272,4212
1693316,4311
1693903,4147
1694077,4030
1694415,3875
1694545,3647
1694916,3390
1695012,3521
1695402,4083
1695430,4052
1695591,4120
1695642,4028
1696264,3572
1696441,3514
1696726,3674
1696782,3737
1696860,3596
1696987,3567
1697877,3324
1697940,3680
1698142,3628
1698320,3379
1698469,3528
1698489,3331
1698683,3493
1698799,3645
1698906,3915
1700336,3410
1700562,3886
1700701,3802
1700898,3537
1701257,3709
1701642,3438
1701809,3896
1701859,3691
1702003,3494
1702035,3580
1702175,4602
1702271,4621
1702350,4675
1702509,4641
1702546,4905
1702658,4806
1702748,4888
1702968,5370
1702985,5073
1703012,5175
1703155,5587
1703204,5930
1703285,5509
1703482,6406
1704596,4848
1704821,4683
1704859,4737
1705140,5322
1705159,5635
1705304,5584
1705416,5344
1705579,5400
1705663,5303
1705747,5646
1705914,5688
1705941,5840
1706083,5698
1706104,5768
1706250,5755
1706287,5815
1706423,5786
1706721,6774
1707172,6272
1707252,6095
1707465,5923
1707855,5694
1707876,5606
1708023,5587
1708190,5529
1708327,5488
1708841,4924
1709156,5420
1709173,5392
1710194,4916
1710481,4747
1710635,4687
1710811,4615
1711010,4506
1711031,4759
1711199,4642
1711215,5037
1712101,4782
1712285,4689
1712525,4567
1712708,4530
1712945,4815
1713072,4526
1713184,4645
1713578,4135
1713714,4049
1713867,3997
1714720,3616
1714906,3553
1714925,3829
1715412,3733
1715564,3725
1715609,3829
1715697,4372
1715835,4286
1715876,4369
1716078,4437
1716244,4212
1716287,4200
1718050,3069
1718068,3181
1718209,3883
1718400,3209
1718546,3651
1718690,3457
1718846,3402
1718928,3785
1719167,4637
1719208,3881
1719461,3619
1719655,4423
1719745,4695
1719863,5096
1720151,3867
1720296,3916
1722224,3364
1722307,3571
1722460,3940
1722527,3641
1722593,3861
1722707,4898
1722839,3780
1722865,4160
1722988,4446
1723127,4631
1723151,4496
1723267,4391
1723314,4477
1723459,4497
1723599,4937
1723655,5284
1723806,5239
1723858,5251
1723924,4961
1724050,5157
1724130,4904
1724264,4984
1724390,5198
1724473,5280
1724734,5253
1725899,4138
1725969,4278
1726069,4116
1726211,4087
1726251,4242
1726495,4891
1726656,4649
1726850,4579
1726989,4529
1727200,4842
1727222,5097
1727326,4912
1727451,4967
1727479,5008
1728289,4847
1728333,5003
1728721,4837
1729017,4648
1729266,4514
1729295,4873
1729767,4453
1729826,4503
1729945,4726
1730085,4778
1730234,4722
1730335,4878
1730365,4905
1730527,4799
1732140,4170
1732326,3879
1732432,3828
1732524,4193
1732733,3870
1732751,4042
1732875,3985
1732918,4016
1733830,3402
1734008,3628
1734165,3780
1734272,3771
1734423,3906
1734503,4220
1734700,3944
1734727,4062
1734865,4762
1734999,4779
1735046,5627
1735154,5039
1735402,5076
1735583,5072
1735988,5772
1736015,5430
1736149,6454
1737818,4057
1737852,5326
1737885,4900
1737983,4893
1738124,5720
1738301,5850
1738387,5560
1738483,5001
1738507,5484
1738677,4930
1738816,5059
1738863,5166
1738991,6485
1739007,6327
1739128,6403
1739197,6708
1739251,6332
1739827,5805
1740288,5915
1740491,5190
1740770,4960
1740932,4847
1741090,5098
1741262,5172
1741436,5215
1741530,4955
1741595,5118
1741701,4996
1741860,4889
1742018,5081
1742179,5016
1742329,5124
1742417,4865
1742766,4783
1742944,5265
1743012,5494
1743121,5837
1743296,5721
1743312,5821
1743464,5604
1743656,5785
1743675,5827
1744310,6324
1744430,5839
1745012,5725
1745171,5608
1747559,4155
1747700,3792
1747891,3975
1747989,3810
1748030,4216
1748252,4046
1748454,3969
1748544,4633
1748695,4540
1748725,4245
1748931,4091
1749072,4001
1749190,4848
1749253,4534
1749417,4570
1749542,4590
1749691,4323
1749711,4497
1749940,4449
1749958,4568
1750096,4976
1750155,4992
1750277,4923
1750430,4837
1750467,4998
1750551,4905
1750660,4930
1751949,4307
1752114,4578
1752274,4706
1752450,4597
1752590,4826
1752728,4750
1752793,4755
1752865,4797
1753000,4799
1753143,4816
1753333,4966
1753700,4501
1754050,4576
1754754,4409
1754781,4621
1754907,4575
1754981,4901
1755085,4742
1755337,4542
1755564,4441
1755666,4309
1755813,4272
1755857,4323
1756040,4810
1756188,4726
1756296,4712
1756750,4503
1758062,3573
1758157,3475
1758324,3409
1758416,3536
1758589,3419
1758690,3772
1758729,3410
1758867,3358
1759651,3661
1759932,3560
1760121,4174
1760228,3782
1760273,4075
1760942,4045
1761088,4071
1761108,4127
1761255,4434
1761287,4568
1762815,3219
1762842,3853
1763003,3324
1763058,3930
1763134,3744
1763238,3778
1763445,3632
1763516,3699
1763600,3735
1763657,3751
1763842,4615
1763858,7126
1763995,7101
1764132,7071
1764194,4371
1764345,4325
1764459,6863
1764569,4381
1764583,6740
1764734,5062
1765780,4124
1766121,4305
1766508,3627
1766536,4869
1766592,4955
1766638,4973
1766694,4005
1766791,4089
1767384,4147
1767697,5791
1767859,5311
1768058,5172
1768218,5417
1768779,4653
1768841,4871
1769007,4881
1769061,4583
1769170,4771
1769253,4332
1769323,5504
1769568,4639
1769780,4904
1769959,4609
1769965,4812
1770228,4917
1770234,4977
1770400,5305
1770554,5666
1770714,5596
1770804,5537
1770986,5103
1771157,5014
1771799,4814
1771896,4827
1771967,5029
1772133,5036
1772289,4990
1772434,5220
1772511,5284
1772575,5277
1772969,4814
1773145,4773
1773288,4692
1773454,4974
1773591,4598
1773727,4515
1773977,5091
1774015,5249
1774201,5653
1774346,5261
1774399,5443
1774524,5136
1774717,5067
1774898,5331
1774930,5390
1775765,5168
1778009,3078
1778032,3229
1778191,3129
1778335,3402
1778400,3131
1778581,3854
1778825,3907
1779108,3674
1779270,3696
1779418,3632
1779488,3759
1779640,3706
1779848,3616
1779906,3643
1779973,3822
1780061,3850
1780079,4582
1781062,3529
1781180,3924
1781341,3710
1781410,3694
1781559,3754
1781829,3901
1781982,3805
1782118,3718
1782206,3698
1782296,4414
1782394,3834
1782464,4186
1782495,4406
1783606,3779
1783701,3752
1783937,3567
1784119,3902
1784258,3596
1784736,3788
1784766,3917
1784895,4104
1784937,4556
1785140,4511
1785162,5074
1785581,4954
1785709,4599
1785843,4609
1785953,4162
1786068,4562
1786123,4735
1786261,4497
1786292,5002
1787189,4256
1787237,4681
1787467,4571
1787617,4513
1787684,6304
1787855,7350
1787939,4515
1788070,4478
1788071,7166
1788212,6916
1788246,4708
1789158,4497
1789333,4486
1789474,6159
1789651,5895
1789766,4497
1789805,5535
1789949,4572
1789965,5751
1790121,5340
1790288,5001
1790949,5476
1791119,5441
1791266,4868
1791401,5194
1791547,4759
1791572,5049
1791713,4786
1791735,4946
1792276,4535
1792792,4125
1792921,4077
1793063,4050
1793100,4359
1793252,4235
1793608,4541
1793834,4365
1793991,4259
1794093,4727
1794143,4427
1794323,4906
1794335,4743
1794496,4849
1794664,4755
1794814,4642
1794962,4544
1795856,5073
1796390,4235
1797087,3528
1797157,3825
1797223,3588
1797312,3914
1797627,3549
1797830,3467
1797947,4256
1797987,4266
1798086,4334
1798274,4198
1798394,4438
1798401,4250
1798520,4370
1798656,4289
1798846,4444
1798914,4516
1799010,4752
1799973,4290
1800234,4204
1800874,4014
1801016,3839
1801056,3923
1801241,3892
1801673,3775
1802423,4385
1802513,4325
1802663,4536
1802705,4257
1802849,4013
1802968,3945
1803004,3757
1803128,3910
1803161,3958
1803474,3808
1803603,3929
1803787,3917
1803802,4132
1804009,4004
1804074,4428
1804225,4357
1806143,3495
1806579,2987
1807068,3436
1807258,3341
1807335,3688
1807491,3790
1807544,3904
1807675,3890
1807750,4409
1807852,3994
1807979,4397
1808099,4150
1808968,3468
1808999,3442
1809149,3428
1809323,3847
1809347,3440
1809655,3456
1809954,3268
1810135,3145
1810212,3518
1810707,3359
1810837,3282
1811053,3595
1811094,3584
1811222,3483
1811321,4021
1811657,3986
1811887,3893
1813852,2814
1814010,3131
1814156,3286
1814207,3514
1814282,3837
1814347,3451
1814706,3597
1814902,3319
1814963,3389
1815087,3581
1815159,3581
1815286,4048
1815397,3419
1815521,3890
1815559,3722
1815594,3866
1815630,4091
1816497,3330
1816705,3519
1816735,4137
1816876,4134
1817171,3500
1817214,3850
1817544,4022
1817893,3742
1818058,3910
1818262,4266
1818475,3543
1818603,4160
1818652,4645
1818785,3884
1818956,3950
1818963,4038
1819119,4037
1820227,3491
1820289,3731
1820395,3671
1820432,4090
1820517,3814
1820838,4817
1820941,4277
1821066,4262
1821204,4351
1821414,4369
1821610,4271
1821755,4343
1821927,4234
1822082,4131
1823119,3803
1823332,3316
1823355,3478
1823411,3368
1823545,3958
1823657,3422
1823836,4231
1823987,4130
1824110,4375
1824128,4417
1824282,4218
1824448,4345
1824612,4297
1824636,4319
1824912,4765
1825718,3894
1826989,3726
1827126,3647
1827248,3578
1827574,3657
1827593,3680
1827875,3603
1827896,3676
1827988,3830
1828138,4381
1828186,4233
1828292,4383
1828531,4234
1828629,4239
1828683,4275
1828851,4461
1829030,4116
1829237,4011
1829425,4849
1829909,3984
1829968,4562
1830075,3958
1830099,4551
1830213,4113
1830239,4208
1830416,4448
1830540,4426
1831085,4002
1831591,3690
1831629,3860
1831798,3834
1831971,4086
1831973,4029
1832822,4124
1832993,4049
1833022,4230
1833188,4471
1833345,4433
1833578,4619
1834102,4142
1834132,5097
1834356,4458
1834461,4656
1834565,4517
1834683,4604
1835786,3546
1835817,3560
1835969,3492
1836110,3449
1836132,3529
1836268,3714
1836288,3978
1836410,4014
1836532,4070
1836665,3847
1836715,6395
1836852,5975
1837020,5103
1837085,4392
1837216,4581
1837307,5612
1837354,5550
1837633,5507
1838817,4409
1839417,3756
1839710,3573
1840063,4284
1840485,3645
1840685,3748
1840700,3627
1840918,3619
1841087,3546
1841253,3500
1841558,3349
1841721,3284
1841875,3313
1841955,3280
1842035,3262
1842190,4165
1842212,3960
1842352,4516
1842535,3688
1842650,4208
1842696,3924
1842975,3943
1843440,3839
1843625,3782
1844051,3966
1844184,3784
1844938,4314
1845038,4618
1845262,4066
1845338,4127
1845410,4223
1845571,4353
1845749,4276
1845897,4089
1845919,4160
1846015,4197
1846184,4239
1846246,4699
1846433,4566
1846458,4510
1846680,4542
1846701,4586
1846903,4434
1846964,4488
1847026,4534
1847107,4890
1847845,4082
1848052,4001
1848069,4156
1848214,4366
1848241,4760
1848394,4484
1848870,4368
1849044,4791
1849230,4660
1849698,4241
1849756,4415
1850168,4088
1851039,3858
1851055,3667
1851485,3465
1851855,4873
1852029,4769
1852220,4894
1852278,3905
1852341,4720
1852414,3867
1852456,4724
1852689,4189
1852728,4411
1852874,4208
1853040,4712
1854261,3270
1854333,3549
1854618,3184
1854658,4634
1854962,2999
1854999,4437
1855116,3392
1855145,4294
1855614,4622
1855850,3372
1856015,4151
1856198,3638
1856403,3485
1856560,3884
1856906,3440
1857882,3394
1858041,4750
1858159,4829
1858203,4886
1858234,4902
1858271,5187
1858298,4887
1858330,5777
1858745,3353
1858764,3422
1858959,3882
1859104,3934
1860107,3708
1860257,3609
1860436,3676
1860486,3699
1860557,4064
1860871,4089
1861016,3998
1861112,4225
1861132,3930
1861275,3854
1861429,4180
1861563,4459
1861700,4467
1861737,4484
1861859,4474
1861986,4648
1862850,3902
1863043,4127
1863217,3901
1863243,4091
1863311,3960
1863612,4299
1863896,4077
1863946,4111
1864142,4012
1864329,4109
1864391,3907
1864506,3922
1864651,4825
1864669,5355
1864771,6164
1865174,4943
1865514,5093
1865653,5214
1865770,4927
1865808,5300
1866798,3982
1866819,4477
1866997,4351
1867015,5595
1867138,5522
1867267,5209
1867413,5326
1867452,5106
1867538,5205
1867585,5199
1869825,3656
1870200,3333
1870679,3316
1870919,3133
1871349,3418
1871551,3837
1871725,3998
1871876,4065
1871985,4036
1872005,4052
1872134,4091
1872160,4145
1872324,4137
1872470,4487
1872588,4541
1872797,4415
1872845,4358
1873436,4705
1873576,4305
1873727,4506
1873940,4547
1874134,4166
1874187,4440
1874335,4351
1874437,4349
1874558,4179
1874813,3938
1874849,4148
1874994,4059
1875017,4364
1875235,4632
1875405,4718
1875447,4723
1875610,4661
1875732,4490
1875779,4749
1875862,4877
1876500,4529
1876666,4884
1876794,5578
1876963,5678
1877025,5271
1877255,4843
1877655,4877
1877910,4906
1878055,4860
1879452,4031
1879605,3928
1879727,3856
1879862,3771
1880005,4118
1880135,4058
1880293,4174
1880374,4181
1880459,4217
1880707,4338
1880773,4172
1881307,4482
1881440,4636
1881482,4412
1881511,4557
1881608,4333
1881731,4112
1881966,3926
1882236,3756
1882415,4529
1883182,3872
1883237,3402
1883313,3579
1883411,3443
1883562,3424
1883799,4020
1883805,4068
1883961,4054
1884005,4473
1884355,3832
1884496,3966
1886035,3093
1886189,2989
1886343,3507
1886449,3464
1887017,2991
1887097,3119
1887195,3125
1887585,3347
1887652,3646
1887887,3823
1888020,3945
1888136,4324
1888424,3644
1888628,3491
1888792,3690
1888962,3454
1889049,3496
1889196,3355
1889478,3527
1889660,3493
1889929,3528
1890886,3281
1890984,3024
1891075,4177
1891332,3549
1891446,3331
1891755,3253
1892028,3688
1892224,3797
1892278,3829
1892565,3593
1892586,3806
1892706,3790
1892842,4202
1893832,3350
1893983,3447
1894215,3547
1895122,2935
1895313,3657
1895383,3166
1895540,3278
1895594,3439
1895716,3987
1895855,3901
1895915,4520
1896051,3996
1896198,3902
1896240,4144
1896430,4098
1896577,3980
1896606,4009
1896672,4122
1897495,3484
1897656,3430
1897816,3390
1897990,3306
1898125,3320
1898249,3314
1898720,3126
1898862,3205
1899023,3119
1899217,3392
1899647,3423
1899856,3590
1900060,3717
1901541,3439
1901611,2944
1901673,3196
1901804,3119
1901946,3596
1901991,3853
1902155,4005
1902186,4254
1902310,4211
1902407,4415
1902493,4079
1902636,3985
1902679,4209
1902821,4263
1903598,3292
1904837,2863
1905013,2832
1905043,3056
1905181,2984
1905200,3155
1905331,4997
1905355,4921
1905407,4827
1905674,4791
1905693,4968
1905849,4867
1906203,4909
1906494,5307
1906632,5182
1906721,5154
1906924,5340
1906975,5790
1907098,5701
1907131,5684
1907190,5695
1907318,5660
1908414,4633
1908511,4635
1908572,5297
1908749,5409
1908915,5527
1908952,4964
1909167,4961
1909244,4853
1909401,5101
1909528,5036
1909810,5407
1910464,4819
1910506,5112
1910664,4838
1910811,4759
1910850,4815
1910907,4877
1910949,4911
1911109,5125
1911168,5221
1911199,5108
1911913,5377
1911948,5585
1912074,5517
1912092,6176
1912209,6213
1912306,6248
1912339,6360
1912568,6157
1913423,6178
1913561,6275
1913680,6491
1913817,6297
1913963,6279
1914286,5597
1915888,4795
1915907,4382
1916059,4284
1916103,4666
1916256,4565
1916429,4448
1916472,4264
1916598,4334
1916669,4258
1916815,4166
1916963,4546
1916988,4553
1917148,4592
1917309,4386
1917377,4551
1917450,5077
1917506,5118
1917708,4088
1917736,5043
1917881,4157
1917958,4206
1919249,5604
1919271,4979
1919427,5889
1919940,5652
1919959,5856
1920202,6192
1920526,5939
1920767,5749
1920966,7121
1921107,6844
1921131,7029
1921295,6919
1921317,6820
1923447,4871
1923457,5278
1923643,5131
1923875,4952
1924033,4866
1924441,4573
1924894,4588
1925124,4520
1925167,4941
1925299,4759
1925491,4512
1925635,4558
1925878,4280
1925911,4350
1926069,4939
1926099,4967
1926193,5111
1926262,5687
1926516,5542
1926638,5521
1926701,5466
1926829,5177
1926908,5080
1926991,5118
1927078,5146
1927141,5136
1927290,5292
1927572,5551
1927983,5250
1928353,4818
1929313,3968
1929583,3945
1929691,3935
1929799,3957
1929971,3908
1930181,3941
1930787,4311
1930813,4627
1930941,4548
1931086,5029
1931119,6931
1931228,5809
1931481,5671
1931621,6046
1931735,6020
1935444,2888
1935917,3214
1936422,3262
1936612,3228
1936794,4266
1936856,3415
1936861,4463
1936918,5339
1936977,5474
1937022,5829
1937068,6009
1937125,6125
1937333,6189
1937490,3092
1937677,3042
1938082,3134
1938273,3498
1938468,3053
1938635,3223
1938789,3336
1938936,3608
1939159,3680
1939410,3750
1939591,4072
1940076,3660
1940115,4270
1940340,3741
1940484,3700
1940785,3494
1940936,3835
1941174,3730
1941389,4720
1941548,4656
1941715,5037
1941849,4344
1942352,3907
1942565,3977
1942685,3804
1942967,4250
1943102,4179
1943397,3945
1943402,4507
1943726,4199
1944582,3393
1944617,3986
1944747,3700
1944807,3692
1944944,3879
1945020,3946
1945343,3998
1945392,3795
1945670,3812
1945958,3928
1946347,3486
1946804,3131
1946986,3319
1947129,3329
1947326,3413
1947350,3242
1947695,3183
1947999,3839
1948135,4005
1948249,3945
1948273,3615
1948375,3868
1948514,3780
1948658,4256
1948783,4378
1949601,3863
1951799,3043
1951966,3250
1952010,3783
1952414,3676
1952454,3387
1952596,3641
1952750,3580
1952979,3445
1953041,3611
1953188,3604
1953321,4161
1953342,3564
1953495,3559
1953643,3623
1953670,3776
1953797,3771
1954642,3309
1954661,3802
1954810,4269
1954890,4084
1955052,3869
1955098,4046
1955299,4299
1955399,3641
1955753,3783
1955926,3744
1955952,3913
1956285,4143
1956412,4342
1956626,4061
1957517,3719
1957620,3929
1957688,3803
1957781,3714
1957915,3940
1958036,4081
1958184,4064
1958664,3821
1958945,3756
1959969,3752
1960110,3354
1960179,3745
1960259,3923
1960417,4003
1960666,3494
1960821,3454
1960957,3791
1961025,3802
1961077,4015
1961177,4024
1961339,4375
1961593,3740
1961823,4123
1961931,3834
1962874,3127
1962910,3438
1963042,3425
1963042,3731
1963194,3545
1963332,4234
1963422,3723
1963751,3934
1964006,3614
1964258,3702
1964463,3766
1964577,3719
1964607,3734
1965464,3459
1965542,3891
1965830,3835
1966014,4076
1966176,4309
1966253,4001
1966540,3889
1966566,3922
1966846,3980
1966932,3994
1967114,3920
1967186,4031
1967332,4108
1967427,3852
1968621,3485
1968653,3603
1968761,3401
1968906,3694
1968949,3740
1969036,3911
1969167,3868
1969212,4111
1969285,4278
1969467,4201
1969891,3867
1969921,3925
1970025,3933
1971002,3385
1971230,3222
1971319,3570
1971430,3261
1971474,3286
1971617,3382
1971711,4421
1971795,3813
1971836,4381
1971916,4092
1971949,4075
1972382,4492
1972540,4626
1972783,5102
1972968,5254
1973133,5255
1973989,4478
1974021,4098
1974171,4265
1974196,4526
1974319,4496
1974504,5081
1974515,4515
1974566,4663
1974744,4586
1974968,5122
1975056,4957
1975178,5007
1976984,3945
1977260,3410
1977475,3542
1977632,3583
1977696,3747
1977787,3630
1977952,3558
1977982,3678
1978695,3346
1978915,3060
1979129,3362
1979296,3582
1979395,3815
1979508,3779
1979677,3661
1979806,3892
1979928,3861
1980162,3725
1980286,3677
1980416,3781
1980808,4047
1980964,3809
1981771,3313
1981809,3348
1981938,3329
1982105,3556
1982156,3617
1982283,3538
1982405,3791
1982551,4050
1982570,3855
1982686,3837
1982979,3870
1983043,3966
1984010,3262
1984030,3476
1984258,3239
1984280,3497
1984559,3433
1984810,3799
1984920,3753
1984951,3892
1985087,3899
1985229,4006
1985293,4038
1985909,4426
1986083,4032
1986222,3698
1986316,3746
1987337,3740
1987445,3493
1988070,3264
1988098,3294
1988251,3452
1988419,3378
1988556,3685
1988693,3662
1988712,3583
1989540,3538
1989562,3885
1989756,4347
1989780,4196
1989918,3935
1989953,4177
1990161,4033
1990184,3879
1990348,4490
1990421,4359
1990878,3868
1991006,4158
1991161,3949
1991218,3766
1991409,3746
1992038,3216
1992064,3128
1992257,3335
1992413,3447
1992470,3438
1992536,4073
1992645,4040
1992652,4010
1992786,4288
1992859,4460
1993256,3982
1993479,3946
1994967,3264
1995195,3513
1995297,3560
1995462,3526
1995547,4190
1995603,4139
1995676,4187
1995816,4118
1995985,4101
1996135,4329
1996288,4228
1997608,3338
1997642,3471
1997795,3802
1997822,4438
1997904,3887
1998051,4038
1998091,4097
1998244,4523
1998285,4471
1998337,4521
1998473,4556
1998501,4595
1998693,4531
1998860,4583
1999136,5020
1999286,4961
1999408,5188
1999576,5072
1999614,4966
2000438,4261
2000572,4373
2000578,4519
2000727,4425
2000774,4446
2000849,4713
2000962,4591
2001217,4398
2001429,4742
2001632,4670
2001824,4528
2001874,4974
2002087,4807
2003406,4105
2003506,4233
2003755,4115
2003914,4041
2004036,3989
2004149,3985
2004329,4317
2004411,4013
2004608,3893
2005574,3883
2005754,4284
2005796,4039
2005970,3920
2006003,3626
2006100,3840
2006225,3765
2006486,3604
2006599,3590
2006735,4035
2006895,3825
2007095,3677
2007147,3783
2007443,4190
2007574,5057
2007614,5648
2007997,4689
2008472,4264
2010902,2803
2011430,3136
2011474,3190
2011897,3253
2012104,3101
2012269,3478
2012425,3619
2012789,3413
2013802,2930
2013957,2831
2014106,2932
2014136,2975
2014290,4111
2014807,3711
2015256,4256
2015282,3482
2015379,3531
2015585,3410
2015610,3497
2015731,3947
2015896,4006
2015917,3813
2016037,4210
2016232,4192
2016260,4212
2016406,4218
2016483,4363
2017172,4011
2017196,4254
2017344,4951
2017436,3894
2017494,4478
2017619,4036
2017699,4249
2017743,4372
2017829,4983
2018581,4698
2018602,4893
2018748,4689
2018875,4274
2019593,4003
2019741,3906
2019941,3605
2020087,3611
2020279,4250
2020430,4319
2020567,4093
2020652,3778
2020956,3627
2021122,3960
2021305,4141
2024849,3130
2025090,3627
2025097,3552
2025232,3551
2025343,3954
2025542,3895
2025661,3926
2025788,4211
2025924,4218
2027445,3461
2027466,3554
2027623,3677
2027648,3704
2027804,4655
2027826,4625
2027974,4584
2028012,4639
2028114,4721
2028166,5124
2028255,4773
2028312,5362
2028430,5329
2028480,5410
2028584,5356
2028825,5235
2028988,5110
2029127,5074
2029262,5643
2029475,4967
2029611,4899
2030306,4555
2030501,4454
2030701,4454
2030739,4466
2030859,4740
2031052,4898
2031196,4805
2031337,4880
2031458,4933
2031484,5143
2031665,5009
2031785,4938
2031913,5215
2032057,5124
2032199,5515
2033115,4836
2033262,4636
2033497,4556
2033517,4645
2034313,4623
2034895,4051
2035009,3998
2035159,4168
2035247,4389
2035297,4269
2035693,4385
2035784,4684
2036259,4013
2036447,3737
2036586,3863
2036718,3830
2036955,3694
2037868,3083
2038037,3076
2038203,3797
2038204,3232
2038418,4778
2038482,3591
2038566,4753
2038705,4563
2038746,4110
2039891,3517
2040559,3611
2040710,3877
2040766,3027
2040779,3799
2040824,4323
2040869,4739
2040913,5959
2041146,4298
2041855,5438
2042061,4495
2042264,4207
2042788,3870
2043020,3806
2043061,3530
2043206,3504
2043345,3877
2043552,3336
2043818,3560
2043840,3633
2043985,3863
2044127,3888
2044498,3677
2044628,3599
2044664,3843
2044842,3906
2044988,3956
2045197,4014
2045459,4053
2045505,4564
2045563,4313
2045587,4468
2045645,5104
2045673,5135
2045709,5164
2045729,5473
2046402,4116
2047339,4310
2047504,4216
2047598,4173
2047862,3976
2048443,3593
2048608,3721
2048762,3630
2048900,3567
2048983,3542
2049102,3703
2049253,3601
2049275,3703
2049449,3585
2049588,3546
2050276,3353
2050295,3558
2050562,3396
2050713,3339
2050879,3853
2051030,3889
2051087,3734
2051210,3762
2051325,3950
2051658,4921
2052600,3871
2052609,3916
2052813,3932
2054700,3759
2055731,2887
2055905,2917
2056102,2995
2056322,2870
2057197,3017
2057245,3401
2057393,3042
2057591,3495
2057916,3103
2057979,3401
2058106,3400
2058242,3846
2058277,4584
2058307,4638
2058336,4661
2058818,2865
2059014,2997
2059266,3800
2059417,3032
2059714,3259
2059842,3401
2059928,3620
2060242,3356
2060403,3292
2060609,3491
2060652,3670
2060908,3506
2061087,3431
2061648,3099
2062067,2953
2062209,3524
2062412,3430
2062566,3359
2062695,3509
2063368,3110
2063659,2962
2063824,3131
2063880,3397
2064018,3954
2064334,3574
2065262,3410
2065930,2866
2066118,2836
2066419,3249
2066641,3474
2066689,3604
2066776,3528
2066839,3507
2066982,3527
2067028,3548
2067108,3602
2067172,3613
2067311,3750
2067326,3826
2067394,3579
2067608,3609
2067748,3830
2068012,3623
2068028,3930
2068717,3535
2068895,3631
2069015,3492
2069053,3608
2069145,3659
2069209,4016
2069485,3729
2069770,3561
2069950,3562
2070885,3542
2071033,3480
2071216,3804
2071229,3618
2071355,4179
2071406,4177
2071533,4144
2071652,4107
2071764,4094
2071991,4420
2072082,4650
2073126,3932
2073622,3720
2073645,4332
2073745,4163
2073869,3954
2073952,4245
2074130,4382
2074612,3464
2074767,3651
2074899,3572
2075345,3864
2075402,3817
2075596,3842
2075736,3776
2075877,3711
2075897,3822
2076023,3860
2076160,3906
2076275,4122
2076568,4173
2076760,3875
2076898,4038
2076923,3929
2077065,3919
2078104,3418
2078236,3435
2078248,3642
2078586,3494
2078731,3587
2078899,3879
2079790,3476
2079893,3425
2080074,3725
2080188,3724
2080433,3564
2080765,3686
2080917,3590
2081021,3888
2081065,3621
2081225,3953
2081381,4350
2081557,4274
2082296,3796
2082467,3148
2082652,3014
2082808,2972
2082969,3376
2083106,3452
2083249,3294
2083394,3640
2083411,3538
2083419,4014
2084182,3439
2084198,3710
2084732,3288
2085002,3347
2085207,3121
2085537,3613
2085667,3622
2085834,3236
2085919,3390
2086055,3543
2086140,3588
2086285,3549
2086381,3539
2086632,3406
2086854,3314
2087339,3195
2087467,3462
2087486,3133
2088147,3105
2088453,3494
2088735,3661
2088949,3550
2090325,2996
2090353,3118
2090619,3469
2090698,3576
2090758,3662
2090777,3361
2090865,3662
2091059,3838
2091087,3762
2091162,4291
2091297,4197
2091411,3894
2091591,4097
2091697,4340
2091780,4072
2092051,3937
2093651,2967
2093806,3407
2093824,3475
2093929,3527
2094290,3862
2094470,4059
2094681,3985
2094728,4048
2094823,4077
2094972,3999
2095006,4066
2095125,4071
2095292,4030
2095532,4282
2095549,3972
2095734,3998
2096639,3556
2096660,3332
2096810,3401
2096859,3936
2097013,3843
2097091,4187
2097229,4100
2097506,4087
2097764,3969
2097937,3886
2097962,4340
2098102,3964
2098268,4345
2099281,3385
2099410,3364
2099572,3333
2099621,3369
2099788,3780
2099896,4131
2100036,3981
2100219,4245
2100251,4329
2100670,4816
2100713,5201
2100867,5223
2100985,5285
2101116,5207
2101154,4690
2101326,4814
2103204,3464
2103250,3524
2103396,3581
2103503,3584
2103640,3937
2103643,3856
2103793,3830
2103854,3834
2104126,3795
2104248,4423
2104315,4446
2104465,4708
2104616,4610
2104642,4686
2104759,4929
2104896,4722
2104913,4801
2105902,4102
2106101,4010
2106188,4410
2106321,4283
2106395,4255
2106506,4280
2107302,3765
2107333,3980
2107452,3790
2107758,3967
2107780,3891
2107923,3812
2108065,3722
2108095,4059
2108244,3976
2108270,4001
2108771,4093
2108801,4552
2108900,4392
2108984,4447
2109017,4790
2109130,4712
2109292,4603
2111185,3787
2111340,3684
2111564,3509
2111771,3651
2111927,3595
2112201,3272
2112325,3464
2112328,3711
2112408,3887
2112465,3998
2112486,4106
2113087,3747
2113097,3857
2113393,3776
2113626,3464
2113646,3980
2113856,4118
2113994,4079
2114143,3777
2114169,3823
2114296,3828
2114594,4279
2114923,4061
2115163,3957
2115243,3925
2115346,3940
2115491,4085
2115572,4240
2115612,4327
2116900,3713
2116996,3799
2117148,3912
2117201,3954
2117287,4051
2117353,4518
2117624,4151
2117818,5143
2117825,4110
2118408,4128
2118560,4962
2118707,5388
2119017,6474
2119267,3806
2119390,3766
2120400,8058
2120417,3561
2120576,3594
2120774,7086
2120855,3905
2120903,6868
2120994,3903
2121168,7383
2121169,3841
2121314,4265
2121351,6317
2121432,3917
2121580,6368
2122622,4102
2122793,4032
2123308,6503
2123323,3770
2123534,3654
2123624,6535
2123792,6223
2123814,6781
2123952,6326
2124304,6161
2125149,6298
2125180,5351
2125457,4769
2125687,4975
2125856,4868
2126557,4278
2126884,4866
2126928,4076
2127052,4709
2127231,3723
2127245,4403
2127456,3643
2127472,3986
2128236,3312
2128816,2825
2128984,2812
2129141,2988
2129296,4448
2129462,3193
2129620,3324
2129774,3068
2129929,3202
2129989,4257
2130750,3300
2131993,2838
2132317,2898
2132681,3153
2132710,4093
2132790,3511
2132965,3484
2133008,3876
2133534,4592
2133864,3665
2133935,4013
2134084,3970
2134103,3970
2134630,3675
2134918,3525
2135094,3331
2135301,4383
2135422,3290
2135448,3633
2135596,3537
2135755,3427
2135907,4019
2135940,4054
2136110,4104
2136134,4197
2136261,4008
2136440,4326
2136595,4468
2136711,4847
2137015,4710
2137222,4557
2137350,4407
2137391,4589
2137623,4338
2138167,4246
2138752,3437
2138923,3616
2138955,3851
2139111,3546
2139266,4302
2139291,4294
2139438,4525
2139556,4065
2139740,4757
2139764,4722
2139936,4624
2140042,4607
2140122,4622
2140264,4673
2140595,4698
2141793,4313
2142046,4113
2142146,4074
2142298,4399
2142320,4121
2142473,4112
2142630,3992
2143002,4059
2143118,3990
2143312,5677
2143391,3858
2143423,3972
2143738,4091
2143948,3867
2144058,4004
2144089,4226
2144968,3776
2144986,3932
2145133,4048
2145185,4030
2145328,3947
2145331,4474
2145457,4372
2145597,4434
2145864,4298
2146106,4126
2146368,4073
2147095,3589
2147159,3583
2147342,4082
2147397,3743
2147544,3773
2147666,3989
2148224,4581
2148410,3814
2148574,3733
2148762,4133
2149018,3927
2149049,3811
2149236,3762
2149637,3576
2149818,3473
2150912,3320
2151003,4098
2151045,3844
2151169,3624
2151287,4202
2151336,4864
2151457,3481
2151489,3828
2151778,3665
2153765,2930
2153840,2990
2154003,3039
2154167,3455
2154276,3430
2154302,3542
2154788,3332
2154933,3247
2155130,3181
2155320,3235
2155711,2894
2155881,2775
2156036,2765
2156250,2913
2156265,2970
2156500,3446
2156520,3498
2156671,3595
2156882,3578
2157068,3636
2157216,3539
2158968,3030
2159037,3028
2159209,3345
2159295,3309
2159404,3363
2159470,4263
2159529,3448
2159620,4127
2159633,4273
2160076,4188
2160482,3986
2160543,4035
2160642,4065
2160786,4052
2160915,3975
2162210,3315
2162236,3316
2162524,3425
2162662,3210
2162810,3381
2162871,3463
2162999,3549
2163016,3581
2163154,3900
2163196,4191
2163318,4949
2163319,4864
2163421,5004
2163609,4812
2163746,4856
2163797,4962
2163957,4970
2164407,4796
2164481,4807
2165676,4945
2165697,3837
2165846,3916
2166003,4764
2166028,4559
2166165,4741
2166244,4944
2166399,4640
2166604,4485
2166639,4884
2166727,4564
2166891,4838
2167093,4741
2167139,4822
2167294,4979
2167501,4997
2167718,4868
2167850,4877
2169002,4148
2169035,4167
2169243,4075
2169413,5056
2169565,5214
2169598,4221
2169657,4777
2169803,4601
2170006,5102
2170148,5106
2170323,5266
2170422,4996
2170622,4865
2170839,4838
2170976,4800
2172346,4137
2172531,4057
2172627,4115
2172851,3853
2172986,4465
2172990,3951
2173024,3757
2173145,4105
2173301,4327
2173354,3638
2173407,4616
2173861,3672
2174048,3719
2174063,3573
2174208,3610
2175349,3785
2175408,3489
2175566,3501
2175806,4939
2175950,4929
2176090,5316
2176283,5304
2176406,5316
2176771,5237
2176807,5297
2176950,5296
2177090,5242
2177277,5729
2177428,5704
2177847,5376
2178661,4652
2178694,4732
2178853,4679
2178986,4696
2179115,4599
2179247,4595
2179344,4746
2179402,4524
2179553,4437
2180007,4174
2180054,4236
2180180,4243
2180313,4382
2180631,3943
2180858,3972
2181010,3943
