185,3396
3884,3277
7409,3311
10903,3209
14307,3170
17726,3115
20976,3161
24307,3078
27599,3150
30932,3086
34189,3079
37449,3096
40726,3057
43967,3070
47202,3073
50456,3242
53855,3200
57231,3101
60522,3079
63771,3058
67010,3069
70246,3116
73499,3116
76751,3085
79975,3062
83178,3057
86372,3056
89588,3154
92906,3079
96156,3058
99386,3085
102671,3069
105913,3053
109152,3049
112372,3063
115624,3136
118906,3074
122161,3080
125411,3167
128713,3088
131966,3064
135224,3081
138492,3149
141884,3073
145126,3055
148366,3132
151675,3064
154919,3087
158172,3065
161408,3184
164730,3082
167969,3087
171242,3082
174503,3171
177874,3069
181083,3090
184312,3087
187538,3091
190767,3058
193962,3055
197154,3063
200356,3060
203589,3124
206898,3073
210163,3078
213421,3100
216743,3089
220000,3058
223227,3062
226472,3089
229806,3064
233020,3081
236240,3115
239524,3157
242866,3060
246094,3071
249346,3068
252632,3086
255899,3075
259139,3073
262379,3066
265671,3083
268903,3085
272125,3076
275337,3072
278548,3109
281862,3058
285100,3053
288327,3070
291615,3074
294873,3078
298117,3045
301342,3065
304626,3148
307943,3050
311159,3050
314361,3128
317695,3066
320941,3062
324174,3058
327407,3086
330658,3073
333868,3068
337071,3075
340283,3102
343522,3138
346804,3068
350043,3076
353298,3134
356576,3081
359813,3069
363051,3060
366292,3088
369549,3125
372861,3059
376087,3061
379345,3134
382649,3080
385867,3064
389068,3048
392254,3173
395585,3104
398834,3075
402077,3066
405318,3113
408626,3098
411884,3055
415123,3066
418357,3071
421712,3065
424946,3066
428194,3071
431433,3082
434765,3074
438012,3062
441253,3115
444535,3086
447805,3054
451027,3080
454286,3097
457549,3141
460874,3069
464111,3055
467349,3060
470592,3070
473847,3048
477060,3064
480304,3063
483537,3161
486837,3077
490049,3066
493252,3100
496521,3166
499866,3064
503067,3081
506289,3090
509517,3139
512811,3082
516060,3084
519327,3078
522597,3103
525849,3091
529112,3072
532363,3083
535664,3045
538842,3053
542079,3104
545353,3136
548751,3083
551984,3079
555203,3065
558407,3170
561720,3049
564907,3068
568111,3063
571310,3078
574524,3115
577786,3066
581021,3081
584285,3083
587536,3078
590800,3071
594047,3065
597292,3096
600573,3085
603830,3075
607075,3069
610329,3075
613596,3065
616831,3057
620055,3065
623299,3063
626534,3099
629824,3056
633050,3071
636309,3066
639542,3078
642798,3074
646021,3072
649230,3085
652454,3128
655726,3067
658933,3075
662144,3058
665339,3064
668540,3114
671832,3089
675090,3077
678352,3063
681603,3150
684884,3082
688113,3079
691329,3065
694538,3139
697856,3067
701108,3057
704333,3078
707596,3069
710829,3093
714101,3049
717317,3102
720563,3098
723799,3080
727015,3061
730215,3063
733414,3125
736721,3086
739991,3087
743269,3089
746529,3209
749881,3061
753112,3054
756346,3072
759595,3148
762880,3087
766106,3076
769320,3099
772591,3082
775852,3088
779108,3076
782368,3073
785646,3079
788894,3051
792124,3067
795358,3059
798631,3075
801852,3075
805066,3054
808260,3096
811492,3107
814736,3066
817940,3040
821117,3052
824305,3088
827531,3127
830815,3067
834050,3055
837295,3072
840549,3093
843824,3062
847067,3067
850302,3065
853546,3085
856818,3055
860052,3068
863288,3084
866564,3059
869802,3078
873065,3077
876310,3142
879633,3130
882930,3064
886168,3071
889423,3160
892745,3063
895995,3080
899261,3109
902551,3100
905823,3044
909049,3068
912285,3093
915615,3147
918928,3074
922182,3077
925426,3111
928791,3060
932021,3068
935273,3103
938543,3115
941828,3045
945041,3064
948286,3061
951512,3116
954821,3055
958042,3065
961285,3102
964570,3047
967841,3050
971058,3044
974282,3050
977496,3253
980897,3076
984140,3070
987395,3069
990676,3078
993905,3056
997100,3054
1000291,3109
1003538,3138
1006814,3060
1010013,3036
1013190,3090
1016448,3079
1019764,3074
1023011,3070
1026265,3065
1029496,3236
1032869,3091
1036099,3079
1039314,3071
1042522,3097
1045756,3035
1048926,3035
1052098,3051
1055284,3081
1058504,3077
1061724,3055
1064913,3056
1068119,3095
1071383,3106
1074668,3077
1077870,3071
1081074,3072
1084279,3059
1087472,3113
1090718,3080
1093932,3048
1097154,3069
1100389,3082
1103690,3063
1106921,3049
1110151,3049
1113365,3068
1116727,3081
1119975,3075
1123218,3093
1126500,3129
1129783,3058
1133022,3046
1136237,3070
1139486,3138
1142771,3073
1146024,3078
1149268,3142
1152597,3100
1155836,3079
1159093,3059
1162320,3068
1165576,3105
1168852,3058
1172087,3077
1175333,3064
1178604,3108
1181881,3059
1185119,3049
1188337,3095
1191624,3063
1194864,3066
1198106,3058
1201331,3068
1204631,3163
1207976,3053
1211208,3060
1214436,3058
1217729,3063
1220958,3057
1224193,3074
1227435,3083
1230746,3056
1233968,3050
1237197,3064
1240427,3063
1243721,3082
1246950,3068
1250155,3073
1253364,3077
1256600,3049
1259784,3048
1262966,3058
1266158,3062
1269354,3118
1272619,3081
1275833,3083
1279052,3041
1282227,3087
1285448,3164
1288747,3085
1291967,3081
1295182,3047
1298363,3056
1301589,3063
1304826,3067
1308059,3058
1311288,3122
1314641,3062
1317892,3059
1321131,3064
1324361,3119
1327652,3064
1330845,3140
1334170,3065
1337416,3181
1340731,3080
1343945,3057
1347136,3068
1350340,3126
1353618,3070
1356844,3077
1360090,3082
1363360,3149
1366687,3090
1369958,3082
1373211,3078
1376479,3113
1379761,3059
1383002,3053
1386223,3072
1389474,3104
1392747,3051
1395979,3061
1399207,3071
1402457,3065
1405660,3065
1408940,3068
1412175,3069
1415381,3196
1418728,3058
1421971,3052
1425188,3075
1428442,3175
1431752,3087
1434977,3062
1438175,3092
1441401,3112
1444689,3101
1447961,3080
1451218,3090
1454488,3092
1457803,3101
1461059,3072
1464270,3172
1467601,3169
1470911,3079
1474159,3079
1477432,3140
1480765,3091
1484037,3070
1487286,3248
1490756,3058
1493953,3079
1497169,3071
1500379,3084
1503635,3091
1506863,3080
1510077,3053
1513269,3068
1516475,3184
1519801,3131
1523101,3096
1526332,3164
1529696,3061
1532927,3070
1536177,3052
1539396,3070
1542677,3080
1545946,3071
1549242,3103
1552512,3174
1555832,3076
1559088,3074
1562345,3148
1565687,3088
1568914,3080
1572161,3067
1575379,3096
1578679,3080
1581941,3065
1585174,3062
1588410,3113
1591655,3096
1594937,3065
1598181,3078
1601432,3144
1604766,3122
1608084,3067
1611318,3137
1614655,3079
1617905,3059
1621137,3075
1624383,3085
1627685,3074
1630923,3069
1634174,3079
1637425,3095
1640709,3081
1643959,3060
1647206,3061
1650437,3169
1653737,3073
1656978,3084
1660235,3108
1663529,3110
1666808,3061
1670053,3070
1673310,3084
1676593,3064
1679837,3061
1683067,3066
1686321,3156
1689659,3056
1692895,3046
1696110,3086
1699378,3098
1702706,3067
1705961,3052
1709181,3054
1712415,3181
1715772,3057
1719011,3049
1722245,3062
1725484,3113
1728716,3154
1732036,3061
1735269,3064
1738499,3103
1741779,3048
1744996,3047
1748225,3093
1751489,3139
1754797,3076
1758049,3067
1761277,3078
1764529,3098
1767814,3061
1771041,3066
1774278,3095
1777544,3071
1780839,3071
1784071,3064
1787305,3132
1790613,3087
1793891,3087
1797145,3069
1800404,3085
1803684,3059
1806926,3067
1810159,3068
1813409,3130
1816720,3067
1819959,3074
1823226,3065
1826473,3100
1829755,3051
1832985,3069
1836237,3103
1839520,3102
1842810,3070
1846059,3046
1849274,3086
1852520,3119
1855865,3090
1859105,3088
1862364,3128
1865727,3075
1868948,3080
1872162,3068
1875366,3081
1878592,3070
1881842,3056
1885050,3104
1888322,3140
1891675,3073
1894919,3063
1898156,3060
1901378,3098
1904721,3198
1908088,3076
1911353,3106
1914669,3094
1917889,3091
1921115,3062
1924310,3066
1927511,3202
1930872,3075
1934114,3057
1937341,3070
1940639,3080
1943904,3061
1947145,3047
1950375,3069
1953693,3071
1956931,3057
1960170,3061
1963396,3081
1966669,3056
1969891,3058
1973130,3048
1976343,3116
1979693,3058
1982931,3051
1986164,3073
1989403,3184
1992722,3079
1995935,3066
1999138,3058
2002331,3062
2005526,3113
2008777,3046
2011975,3099
2015240,3096
2018524,3099
2021805,3059
2025049,3083
2028298,3118
2031662,3066
2034896,3063
2038132,3071
2041388,3099
2044672,3056
2047903,3058
2051149,3051
2054366,3114
2057692,3071
2060927,3060
2064160,3060
2067404,3088
2070667,3061
2073902,3067
2077150,3048
2080371,3125
2083660,3082
2086931,3058
2090157,3056
2093383,3157
2096715,3104
2100003,3069
2103238,3109
2106523,3115
2109806,3074
2113044,3066
2116267,3153
2119677,3068
2122917,3061
2126155,3065
2129407,3209
2132766,3088
2136019,3072
2139265,3085
2142505,3153
2145821,3076
2149056,3084
2152289,3096
2155594,3081
2158843,3083
2162072,3056
2165265,3091
2168491,3114
2171738,3056
2174929,3054
2178117,3070
2181320,3064
2184517,3111
2187794,3042
2190970,3052
2194157,3081
2197372,3076
2200601,3114
2203854,3043
2207032,3060
2210243,3129
2213539,3107
2216820,3051
2220041,3061
2223292,3074
2226534,3130
2229831,3070
2233066,3071
2236318,3064
2239619,3078
2242868,3054
2246091,3057
2249328,3089
2252645,3067
2255895,3060
2259123,3052
2262352,3112
2265672,3055
2268892,3057
2272138,3068
2275371,3062
2278671,3074
2281901,3081
2285146,3056
2288382,3071
2291629,3061
2294872,3057
2298094,3055
2301327,3061
2304613,3062
2307863,3069
2311113,3061
2314354,3065
2317645,3082
2320907,3056
2324130,3071
2327337,3134
2330625,3115
2333867,3078
2337066,3057
2340252,3118
2343514,3176
2346860,3068
2350105,3074
2353360,3068
2356652,3086
2359886,3093
2363132,3089
2366386,3100
2369719,3062
2372949,3057
2376185,3056
2379406,3066
2382664,3058
2385894,3059
2389132,3046
2392344,3063
2395645,3107
2398916,3051
2402144,3070
2405379,3074
2408678,3059
2411907,3037
2415120,3040
2418332,3130
2421693,3067
2424938,3050
2428162,3047
2431386,3071
2434664,3061
2437892,3066
2441139,3095
2444386,3140
2447705,3070
2450945,3064
2454184,3077
2457416,3163
2460735,3057
2463969,3076
2467210,3090
2470484,3079
2473675,3064
2476923,3065
2480159,3076
2483415,3253
2486822,3104
2490076,3061
2493275,3098
2496510,3080
2499727,3075
2502937,3071
2506145,3073
2509352,3053
2512539,3109
2515780,3073
2518986,3082
2522203,3060
2525398,3100
2528678,3068
2531935,3063
2535172,3058
2538425,3119
2541748,3140
2545078,3141
2548400,3120
2551758,3089
2554997,3054
2558189,3068
2561394,3087
2564681,3066
2567915,3064
2571165,3066
2574401,3070
2577669,3057
2580894,3074
2584148,3068
2587402,3071
2590681,3084
2593935,3126
2597199,3098
2600434,3092
2603676,3067
2606876,3048
2610059,3057
2613252,3114
2616503,3139
2619801,3077
2623048,3076
2626299,3061
2629540,3117
2632841,3067
2636084,3087
2639321,3077
2642533,3107
2645783,3074
2649025,3087
2652282,3107
2655592,3059
2658822,3068
2662083,3070
2665340,3139
2668681,3057
2671905,3043
2675129,3044
2678339,3061
2681630,3056
2684863,3045
2688086,3050
2691320,3066
2694573,3077
2697815,3083
2701075,3044
2704288,3098
2707590,3142
2710863,3080
2714093,3073
2717305,3111
2720607,3081
2723858,3077
2727112,3061
2730361,3119
2733664,3083
2736926,3058
2740152,3050
2743378,3078
2746693,3071
2749936,3060
2753187,3078
2756437,3102
2759781,3061
2763011,3072
2766237,3106
2769507,3242
2772905,3152
2776225,3085
2779487,3100
2782732,3070
2785958,3078
2789201,3065
2792447,3137
2795768,3056
2798998,3056
2802243,3093
2805488,3166
2808895,3063
2812132,3067
2815374,3064
2818616,3105
2821881,3085
2825125,3095
2828386,3114
2831695,3074
2834951,3080
2838190,3107
2841465,3149
2844793,3077
2848036,3070
2851255,3150
2854551,3119
2857839,3081
2861082,3075
2864302,3159
2867673,3096
2870950,3059
2874184,3079
2877444,3085
2880695,3084
2883962,3060
2887192,3074
2890448,3077
2893660,3060
2896874,3065
2900078,3057
2903272,3082
2906489,3100
2909726,3053
2912915,3051
2916101,3060
2919295,3065
2922528,3108
2925821,3083
2929052,3056
2932244,3142
2935522,3138
2938818,3066
2942054,3068
2945294,3100
2948610,3071
2951860,3061
2955102,3085
2958352,3129
2961688,3061
2964914,3060
2968152,3067
2971402,3082
2974727,3058
2977951,3061
2981193,3065
2984424,3168
2987790,3062
2991022,3052
2994256,3100
2997492,3188
3000819,3057
3004012,3067
3007216,3058
3010409,3210
3013755,3069
3016957,3059
3020152,3099
3023384,3082
3026621,3102
3029859,3063
3033055,3040
3036228,3097
3039463,3207
3042820,3082
3046071,3086
3049327,3076
3052630,3103
3055893,3077
3059149,3060
3062371,3068
3065627,3219
3068962,3079
3072212,3090
3075473,3107
3078782,3071
3082028,3058
3085269,3064
3088502,3106
3091791,3069
3095028,3048
3098255,3109
3101546,3148
3104843,3050
3108074,3049
3111305,3139
3114641,3088
3117871,3058
3121069,3076
3124296,3118
3127602,3056
3130833,3075
3134081,3061
3137321,3108
3140604,3141
3143884,3075
3147094,3063
3150294,3062
3153494,3142
3156796,3078
3160012,3056
3163205,3070
3166421,5213
3171798,3082
3175049,3055
3178275,3085
3181495,3126
3184773,3062
3188001,3077
3191268,3107
3194544,3088
3197817,3070
3201077,3052
3204312,3068
3207546,3087
3210817,3046
3214030,3047
3217265,3125
3220609,3159
3223953,3055
3227177,3042
3230399,3074
3233666,3034
3236920,3069
3240159,3068
3243410,3060
3246645,3095
3249921,3061
3253155,3087
3256417,3108
3259714,3058
3262940,3058
3266177,3078
3269420,3253
3272837,3063
3276070,3058
3279308,3080
3282564,3098
3285845,3060
3289071,3065
3292316,3125
3295636,3091
3298865,3084
3302086,3072
3305295,3105
3308539,3106
3311781,3057
3314975,3084
3318195,3074
3321403,3088
3324699,3136
3328008,3073
3331267,3059
3334496,3126
3337847,3073
3341089,3058
3344330,3123
3347600,3134
3350911,3079
3354112,3069
3357364,3098
3360645,3095
3363922,3059
3367148,3066
3370395,3075
3373667,3076
3376933,3057
3380157,3085
3383423,3166
3386774,3107
3390072,3091
3393333,3073
3396587,3395
3400180,3111
3403477,3102
3406781,3064
3410026,3075
3413274,3072
3416485,3116
3419739,3055
3422932,3071
3426142,3065
3429344,3121
3432623,3072
3435872,3072
3439114,3074
3442371,3117
3445691,3072
3448932,3071
3452168,3064
3455404,3076
3458667,3081
3461926,3066
3465170,3073
3468407,3105
3471746,3057
3474972,3056
3478209,3065
3481439,3186
3484838,3083
3488109,3057
3491349,3150
3494730,3049
3497947,3059
3501188,3054
3504410,3222
3507772,3077
3510985,3067
3514190,3071
3517399,3198
3520757,3134
3524080,3081
3527333,3147
3530658,3076
3533884,3088
3537110,3051
3540301,3069
3543507,3139
3546822,3076
3550071,3066
3553326,3139
3556664,3044
3559930,3051
3563150,3077
3566410,3090
3569697,3100
3572981,3060
3576206,3063
3579443,3104
3582729,3073
3585981,3059
3589204,3065
3592450,3085
3595697,3093
3598970,3058
3602193,3075
3605446,3135
3608780,3131
3612088,3049
3615304,3083
3618525,3107
3621821,3068
3625024,3070
3628229,3088
3631452,3067
3634661,3054
3637848,3078
3641060,3079
3644278,3073
3647486,3060
3650686,3058
3653876,3059
3657069,3056
3660260,3144
3663543,3111
3666833,3071
3670090,3064
3673325,3138
3676676,3083
3679946,3069
3683181,3058
3686416,3174
3689784,3049
3693019,3047
3696236,3067
3699482,3154
3702765,3052
3705997,3056
3709221,3083
3712495,3141
3715801,3067
3719052,3068
3722288,3055
3725522,3161
3728797,3080
3732025,3066
3735233,3078
3738449,3083
3741711,3055
3744903,3043
3748085,3089
3751311,3085
3754533,3151
3757842,3064
3761078,3093
3764342,3151
3767737,3080
3770988,3086
3774257,3086
3777510,3107
3780786,3098
3784052,3067
3787297,3069
3790541,3110
3793814,3064
3797056,3070
3800293,3070
3803546,3109
3806815,3074
3810070,3072
3813309,3096
3816639,3077
3819851,3077
3823109,3050
3826328,3064
3829614,3098
3832877,3051
3836108,3056
3839331,3064
3842639,3077
3846045,3094
3849278,3079
3852495,3126
3855757,3065
3858957,3070
3862163,3064
3865361,3103
3868608,3068
3871809,3054
3874996,3043
3878175,3089
3881400,3080
3884621,3070
3887881,3076
3891145,3087
3894401,3075
3897684,3078
3900888,3092
3904105,3086
3907334,3070
3910539,3095
3913791,3083
3917043,3062
3920287,3101
3923588,3121
3926853,3082
3930085,3053
3933277,3128
3936543,3092
3939790,3069
3943027,3054
3946255,3072
3949510,3142
3952825,3057
3956063,3069
3959302,3066
3962547,3163
3965837,3084
3969072,3068
3972279,3091
3975506,3123
3978765,3056
3981958,3083
3985179,3072
3988387,3086
3991630,3058
3994808,3067
3997996,3067
4001197,3100
4004430,3078
4007660,3076
4010870,3058
4014061,3045
4017240,3083
4020458,3159
4023766,3076
4027026,3104
4030315,3093
4033607,3114
4036893,3069
4040146,3078
4043403,3098
4046687,3083
4049939,3077
4053158,3070
4056410,3098
4059777,3122
4063098,3081
4066362,3115
4069673,3122
4072981,3093
4076258,3147
4079596,3125
4082864,3111
4086159,3107
4089446,3176
4092775,3062
4096023,3116
4099320,3086
4102605,3090
4105872,3076
4109100,3063
4112346,3083
4115634,3120
4118934,3109
4122221,3083
4125455,3170
4128780,3061
4131992,3071
4135244,3081
4138504,3196
4141891,3069
4145107,3076
4148363,3215
4151724,3069
4154976,3096
4158251,3131
4161531,3115
4164811,3080
4168072,3078
4171298,3154
4174715,3109
4178003,3074
4181225,3089
4184498,3121
4187803,3063
4191018,3073
4194271,3116
4197601,3078
4200870,3061
4204086,3076
4207350,3127
4210695,3062
4213942,3096
4217219,3087
4220454,3160
4223737,3088
4227004,3077
4230231,3105
4233520,3093
4236801,3069
4240020,3063
4243265,3130
4246595,3121
4249867,3073
4253124,3073
4256377,3093
4259659,3102
4262899,3057
4266099,3087
4269371,3161
4272723,3062
4275936,3075
4279194,3105
4282480,3165
4285886,3060
4289130,3093
4292407,3210
4295795,3064
4299026,3088
4302258,3087
4305531,3169
4308851,3134
4312165,3086
4315431,3093
4318681,3076
4321941,3101
4325233,3154
4328576,3066
4331818,3072
4335045,3074
4338303,3081
4341594,3113
4344853,3073
4348106,3118
4351414,3123
4354706,3137
4358000,3062
4361248,3135
4364596,3082
4367891,3074
4371146,3065
4374362,3068
4377638,3075
4380865,3075
4384124,3074
4387378,3096
4390696,3072
4393953,3067
4397201,3079
4400430,3184
4403738,3106
4407024,3080
4410288,3105
4413578,3109
4416841,3071
4420096,3068
4423345,3166
4426703,3101
4429986,3071
4433238,3154
4436599,3077
4439839,3060
4443084,3071
4446335,3129
4449654,3067
4452890,3085
4456142,3082
4459388,3122
4462665,3080
4465931,3073
4469187,3072
4472411,3129
4475770,3091
4479046,3073
4482272,3105
4485598,3083
4488866,3064
4492112,3128
4495421,3103
4498757,3076
4501985,3082
4505250,3160
4508598,3084
4511897,3096
4515172,3090
4518416,3114
4521721,3098
4524999,3095
4528241,3132
4531513,3168
4534837,3116
4538135,3074
4541391,3089
4544691,3159
4547985,3097
4551274,3124
4554649,3086
4557887,3080
4561148,3080
4564413,3173
4567736,3069
4570988,3094
4574263,3111
4577574,3093
4580833,3073
4584084,3089
4587320,3086
4590624,3149
4593992,3071
4597242,3101
4600523,3103
4603789,3069
4607040,3074
4610294,3102
4613549,3121
4616859,3070
4620110,3058
4623316,3170
4626684,3077
4629908,3075
4633165,3082
4636426,3122
4639722,3111
4643015,3105
4646300,3162
4649717,3073
4652967,3092
4656242,3083
4659476,3116
4662770,3067
4666019,3072
4669240,3125
4672532,3201
4675871,3052
4679064,3080
4682326,3176
4685699,3114
4688997,3073
4692250,3132
4695535,3091
4698807,3072
4702058,3080
4705289,3090
4708571,3099
4711850,3066
4715068,3062
4718311,3138
4721632,3074
4724882,3067
4728100,3075
4731356,3182
4734749,3074
4737999,3078
4741226,3077
4744491,3188
4747831,3079
4751091,3099
4754369,3085
4757611,3077
4760847,3105
4764130,3077
4767356,3111
4770673,3082
4773940,3070
4777158,3065
4780407,3122
4783727,3075
4786950,3070
4790201,3114
4793464,3123
4796755,3094
4800034,3089
4803273,3101
4806568,3120
4809868,3078
4813098,3062
4816340,3135
4819660,3081
4822890,3072
4826142,3077
4829400,3187
4832771,3086
4835995,3066
4839229,3067
4842463,3185
4845797,3113
4849099,3075
4852359,3087
4855611,3152
4858903,3085
4862175,3066
4865390,3086
4868658,3129
4871969,3060
4875209,3091
4878479,3108
4881772,3074
4885009,3060
4888234,3069
4891468,3120
4894731,3078
4897995,3091
4901267,3106
4904520,3141
4907838,3126
4911148,3072
4914406,3119
4917698,3074
4920944,3064
4924148,3078
4927410,3236
4930855,3114
4934152,3090
4937423,3111
4940761,3073
4943996,3061
4947238,3090
4950495,3155
4953788,3077
4957029,3080
4960291,3170
4963648,3084
4966912,3075
4970150,3062
4973390,3088
4976672,3075
4979941,3073
4983196,3086
4986461,3128
4989773,3069
4993007,3073
4996262,3123
4999600,3078
5002842,3083
5006110,3062
5009348,3076
5012592,3107
5015838,3082
5019084,3060
5022310,3073
5025546,3102
5028799,3088
5032070,3079
5035331,3177
5038680,3084
5041947,3079
5045213,3098
5048462,3130
5051777,3076
5055039,3077
5058264,3085
5061527,3106
5064817,3064
5068062,3126
5071367,3128
5074734,3078
5077961,3075
5081219,3087
5084485,3138
5087775,3064
5091021,3089
5094289,3074
5097512,3217
5100899,3073
5104152,3083
5107384,3071
5110642,3089
5113879,3069
5117130,3085
5120405,3239
5123805,3111
5127096,3074
5130316,3173
5133672,3095
5136945,3093
5140190,3076
5143450,3098
5146731,3117
5150030,3088
5153299,3170
5156686,3070
5159906,3074
5163168,3067
5166384,3076
5169656,3078
5172882,3062
5176124,3065
5179370,3084
5182606,3087
5185819,3088
5189075,3066
5192287,3123
5195611,3134
5198922,3065
5202165,3075
5205392,3080
5208686,3111
5211979,3109
5215271,3129
5218613,3081
5221835,3066
5225080,3076
5228337,3124
5231684,3086
5234935,3070
5238146,3065
5241392,3095
5244704,3116
5247970,3076
5251226,3111
5254519,3196
5257866,3060
5261106,3092
5264378,3085
5267669,3074
5270924,3118
5274222,3095
5277463,3157
5280798,3062
5284044,3077
5287275,3159
5290638,3108
5293924,3084
5297182,3135
5300503,3111
5303843,3099
5307125,3086
5310392,3141
5313697,3068
5316919,3081
5320182,3079
5323446,3101
5326730,3084
5329996,3065
5333212,3088
5336483,3113
5339784,3071
5343009,3079
5346269,3125
5349597,3124
5352874,3061
5356118,3100
5359398,3087
5362675,3071
5365913,3059
5369117,3072
5372371,3117
5375706,3078
5378933,3069
5382184,3095
5385460,3084
5388729,3102
5391986,3065
5395234,3091
5398509,3106
5401762,3070
5405014,3072
5408267,3107
5411575,3082
5414820,3072
5418074,3070
5421334,3083
5424598,3166
5427897,3098
5431180,3078
5434440,3151
5437779,3083
5441013,3075
5444270,3130
5447545,3095
5450818,3067
5454069,3083
5457306,3134
5460653,3092
5463927,3073
5467179,3088
5470418,3128
5473796,3079
5477027,3072
5480283,3140
5483576,3098
5486857,3088
5490096,3072
5493355,3149
5496665,3078
5499927,3071
5503177,3085
5506412,3181
5509782,3082
5513011,3074
5516266,3121
5519577,3081
5522847,3124
5526151,3081
5529415,3177
5532744,3126
5536018,3103
5539292,3093
5542525,3113
5545825,3067
5549082,3080
5552313,3075
5555636,3061
5558873,3109
5562166,3097
5565443,3139
5568732,3070
5571985,3075
5575243,3116
5578510,3129
5581802,3100
5585086,3058
5588327,3130
5591644,3107
5594932,3079
5598167,3104
5601442,3158
5604742,3065
5607989,3110
5611281,3090
5614520,3201
5617861,3079
5621122,3095
5624366,3073
5627629,3089
5630896,3071
5634148,3083
5637381,3103
5640674,3077
5643899,3062
5647142,3078
5650401,3162
5653762,3103
5656985,3116
5660283,3146
5663587,3077
5666844,3093
5670118,3061
5673362,3141
5676776,3108
5680066,3067
5683310,3112
5686624,3113
5689890,3074
5693146,3087
5696414,3087
5699706,3073
5702925,3077
5706183,3136
5709500,3125
5712779,3084
5716046,3076
5719305,3085
5722541,3092
5725840,3097
5729105,3057
5732343,3083
5735600,3158
5738899,3097
5742177,3087
5745415,3080
5748675,3096
5751951,3070
5755170,3071
5758422,3116
5761725,3114
5765017,3077
5768273,3141
5771662,3078
5774922,3071
5778176,3179
5781513,3196
5784850,3064
5788097,3101
5791385,3113
5794706,3079
5797931,3082
5801195,3083
5804460,3135
5807744,3083
5811010,3076
5814268,3109
5817529,3133
5820849,3079
5824104,3056
5827340,3081
5830594,3173
5833900,3147
5837229,3109
5840520,3146
5843851,3070
5847102,3083
5850366,3129
5853679,3125
5856984,3096
5860228,3095
5863504,3130
5866818,3069
5870037,3062
5873279,3113
5876592,3103
5879861,3074
5883116,3075
5886374,3091
5889666,3121
5892968,3100
5896249,3106
5899539,3094
5902816,3072
5906037,3073
5909291,3204
5912722,3097
5916000,3088
5919269,3129
5922549,3110
5925826,3123
5929131,3090
5932400,3144
5935724,3079
5938985,3077
5942247,3064
5945496,3123
5948784,3065
5952030,3106
5955314,3126
5958633,3113
5961930,3071
5965179,3089
5968446,3208
5971850,3069
5975103,3097
5978382,3179
5981689,3063
5984935,3074
5988190,3074
5991446,3082
5994761,3102
5998014,3073
6001277,3109
6004560,3106
6007850,3062
6011091,3088
6014362,3125
6017683,3070
6020917,3069
6024160,3074
6027403,3186
6030745,3115
6034047,3089
6037306,3108
6040619,3083
6043870,3059
6047112,3075
6050367,3147
6053746,3069
6057000,3070
6060250,3111
6063541,3121
6066843,3057
6070084,3063
6073324,3089
6076614,3094
6079846,3078
6083062,3056
6086301,3150
6089621,3074
6092861,3080
6096124,3072
6099376,3091
6102652,3088
6105902,3072
6109150,3073
6112403,3184
6115748,3067
6118997,3069
6122235,3072
6125492,3192
6128821,3097
6132100,3064
6135340,3162
6138689,3045
6141868,3084
6145128,3059
6148369,3134
6151679,3070
6154926,3057
6158165,3078
6161419,3121
6164747,3107
6168036,3069
6171281,3114
6174596,3151
6177917,3058
6181158,3066
6184401,3216
6187825,3064
6191068,3067
6194317,3147
6197667,3110
6200955,3075
6204214,3072
6207462,3188
6210772,3081
6214018,3082
6217281,3087
6220535,3104
6223829,3062
6227064,3074
6230322,3101
6233581,3101
6236863,3111
6240154,3070
6243376,3145
6246653,3149
6249982,3077
6253207,3086
6256474,3143
6259800,3072
6263023,3067
6266272,3131
6269608,3144
6272936,3073
6276158,3063
6279401,3233
6282827,3078
6286064,3072
6289317,3113
6292643,3123
6295947,3080
6299208,3105
6302463,3119
6305725,3080
6308987,3077
6312213,3084
6315478,3118
6318784,3079
6322011,3089
6325265,3110
6328568,3125
6331863,3118
6335150,3056
6338386,3095
6341685,3125
6344993,3109
6348284,3178
6351661,3092
6354877,3084
6358127,3063
6361349,3132
6364677,3093
6367956,3099
6371228,3075
6374485,3155
6377827,3071
6381047,3065
6384296,3115
6387651,3081
6390911,3076
6394138,3058
6397377,3106
6400703,3113
6403998,3103
6407287,3183
6410658,3084
6413892,3097
6417154,3061
6420394,3128
6423686,3101
6426965,3069
6430183,3070
6433438,3095
6436726,3062
6439935,3072
6443189,3116
6446481,3110
6449741,3072
6452993,3125
6456297,3127
6459689,3063
6462932,3074
6466185,3089
6469424,3123
6472763,3085
6475996,3064
6479246,3090
6482522,3230
6485902,3071
6489155,3073
6492408,3087
6495663,3070
6498897,3075
6502151,3068
6505370,3070
6508626,3108
6511905,3081
6515184,3102
6518455,3072
6521731,3129
6525031,3052
6528262,3095
6531508,3137
6534809,3063
6538051,3064
6541268,3142
6544599,3174
6547959,3111
6551228,3120
6554535,3180
6557895,3077
6561129,3076
6564390,3106
6567695,3136
6570999,3062
6574240,3085
6577477,3215
6580815,3070
6584035,3066
6587282,3128
6590632,3105
6593888,3068
6597137,3116
6600433,3183
6603766,3074
6607020,3107
6610306,3123
6613588,3078
6616843,3065
6620088,3075
6623313,3124
6626626,3070
6629897,3124
6633206,3083
6636471,3171
6639808,3076
6643068,3074
6646323,3100
6649618,3085
6652877,3086
6656144,3070
6659405,3110
6662671,3099
6665899,3119
6669199,3149
6672534,3097
6675811,3076
6679066,3071
6682284,3087
6685673,3138
6688995,3070
6692245,3140
6695537,3098
6698813,3073
6702064,3075
6705291,3120
6708610,3075
6711862,3070
6715082,3077
6718341,3153
6721713,3113
6725009,3129
6728322,3181
6731694,3080
6734953,3074
6738181,3065
6741430,3083
6744696,3072
6747918,3071
6751172,3076
6754427,3160
6757776,3062
6760997,3081
6764263,3120
6767591,3077
6770838,3080
6774102,3096
6777379,3098
6780698,3121
6784003,3067
6787249,3073
6790505,3142
6793832,3066
6797076,3099
6800354,3086
6803643,3081
6806906,3092
6810176,3065
6813393,3094
6816712,3074
6819934,3065
6823183,3121
6826483,3110
6829741,3066
6832991,3069
6836237,3086
6839506,3172
6842861,3084
6846123,3078
6849350,3083
6852619,3097
6855825,3119
6859092,3085
6862360,3218
6865756,3064
6868960,3081
6872228,3113
6875528,3098
6878781,3076
6882040,3084
6885304,3118
6888642,3081
6891909,3077
6895167,3074
6898392,3109
6901702,3246
6905047,3093
6908291,3082
6911576,3135
6914867,3115
6918166,3099
6921444,3100
6924751,3070
6928000,3109
6931294,3093
6934565,3070
6937804,3093
6941023,3074
6944240,3127
6947551,3114
6950846,3085
6954081,3064
6957330,3083
6960627,3076
6963865,3071
6967120,3093
6970390,3127
6973714,3138
6976992,3051
6980189,3084
6983459,3103
6986755,3120
6990058,3083
6993320,3138
6996651,3075
6999878,3074
7003138,3105
7006428,3241
7009845,3120
7013147,3122
7016457,3166
7019809,3062
7023021,3078
7026281,3106
7029595,3078
7032848,3071
7036102,3094
7039375,3084
7042684,3070
7045920,3074
7049178,3087
7052446,3090
7055775,3084
7059014,3081
7062279,3109
7065582,3082
7068831,3072
7072088,3070
7075323,3105
7078621,3087
7081893,3088
7085135,3068
7088385,3163
7091742,3073
7094976,3066
7098227,3092
7101508,3175
7104856,3079
7108102,3086
7111370,3083
7114660,3122
7117944,3068
7121194,3073
7124457,3189
7127830,3092
7131078,3075
7134335,3100
7137653,3079
7140917,3075
7144158,3075
7147411,3111
7150698,3113
7153993,3065
7157224,3083
7160486,3163
7163863,3104
7167088,3077
7170339,3385
7174030,3089
7177317,3141
7180628,3064
7183879,3073
7187117,3067
7190370,3103
7193681,3142
7197002,3073
7200263,3125
7203563,3105
7206853,3087
7210112,3077
7213363,3072
7216619,3079
7219867,3071
7223122,3061
7226333,3083
7229615,3140
7232899,3123
7236200,3099
7239477,3101
7242755,3069
7245993,3080
7249215,3124
7252525,3136
7255837,3118
7259137,3100
7262429,3211
7265830,3075
7269061,3069
7272315,3136
7275643,3078
7278904,3060
7282140,3073
7285363,3069
7288642,3116
7291925,3062
7295165,3075
7298391,3091
7301668,3105
7304948,3084
7308212,3112
7311473,3181
7314801,3080
7318059,3062
7321273,3074
7324532,3129
7327845,3064
7331091,3082
7334354,3076
7337631,3092
7340903,3096
7344182,3079
7347409,3090
7350687,3116
7353995,3075
7357220,3113
7360514,3110
7363803,3076
7367031,3076
7370293,3153
7373677,3077
7376902,3073
7380157,3077
7383413,3109
7386706,3083
7389954,3049
7393146,3083
7396414,3123
7399789,3116
7403086,3098
7406361,3163
7409697,3075
7412935,3066
7416144,3063
7419391,3210
7422747,3072
7426002,3115
7429297,3131
7432644,3078
7435905,3093
7439180,3069
7442399,3082
7445665,3080
7448924,3077
7452157,3075
7455417,3099
7458738,3115
7462037,3094
7465310,3127
7468597,3076
7471847,3075
7475102,3074
7478326,3155
7481681,3091
7484980,4769
7489974,3304
7493439,3307
7496975,3308
7500529,3203
7503891,3085
7507164,3082
7510433,3112
7513809,3069
7517062,3101
7520340,3146
7523684,3115
7526971,3089
7530225,3113
7533501,3139
7536786,3130
7540101,3096
7543378,3133
7546682,3130
7549999,3085
7553241,3102
7556510,3156
7559827,3078
7563091,3077
7566346,3075
7569592,3078
7572830,3107
7576115,3071
7579340,3085
7582619,3094
7585898,3075
7589157,3070
7592406,3115
7595705,3062
7598912,3074
7602169,3083
7605427,3190
7608765,3074
7612023,3071
7615271,3077
7618499,3197
7621878,3114
7625171,3098
7628437,3076
7631760,3111
7635055,3102
7638335,3146
7641671,3095
7644932,3066
7648141,3066
7651390,3188
7654762,3086
7658032,3115
7661332,3152
7664706,3069
7667958,3075
7671214,3106
7674470,3201
7677780,3086
7681015,3075
7684275,3119
7687583,3146
7690877,3075
7694138,3072
7697392,3202
7700776,3081
7704034,3069
7707254,3089
7710527,3105
7713820,3070
7717039,3064
7720285,3180
7723674,3080
7726904,3075
7730162,3074
7733417,3098
7736712,3087
7739942,3084
7743214,3094
7746491,3168
7749809,3125
7753118,3099
7756396,3133
7759696,3084
7762927,3069
7766181,3080
7769439,3108
7772749,3126
7776020,3075
7779238,3110
7782534,3114
7785830,3067
7789051,3074
7792310,3143
7795643,3090
7798883,3070
7802137,3075
7805398,3119
7808716,3063
7811922,3075
7815180,3175
7818501,3228
7821893,3066
7825138,3079
7828365,3124
7831647,3110
7834887,3110
7838176,3088
7841413,3109
7844707,3110
7847999,3094
7851278,3113
7854589,3070
7857823,3069
7861075,3069
7864324,3123
7867601,3079
7870818,3085
7874045,3063
7877295,3105
7880549,3112
7883836,3071
7887094,3095
7890378,3099
7893633,3083
7896908,3068
7900159,3108
7903449,3182
7906813,3083
7910048,3077
7913310,3084
7916614,3077
7919851,3070
7923101,3072
7926351,3075
7929598,3165
7932940,3068
7936188,3082
7939418,3111
7942731,3069
7945978,3075
7949206,3093
7952482,3134
7955766,3061
7959012,3075
7962269,3095
7965518,3124
7968820,3077
7972080,3077
7975338,3139
7978671,3127
7981964,3058
7985204,3079
7988469,3181
7991774,3076
7995001,3080
7998268,3103
8001562,3092
8004822,3101
8008105,3060
8011351,3092
8014664,3080
8017898,3065
8021148,3067
8024397,3091
8027670,3095
8030944,3082
8034194,3080
8037456,3091
8040694,3114
8043973,3091
8047243,3088
8050512,3236
8053929,3080
8057188,3080
8060453,3128
8063767,3057
8067001,3092
8070257,3088
8073501,3173
8076841,3109
8080130,3053
8083366,3153
8086707,3073
8089958,3115
8093253,3103
8096538,3129
8099831,3100
8103109,3074
8106363,3163
8109700,3139
8113017,3085
8116265,3109
8119551,3183
8122868,3087
8126134,3053
8129371,3106
8132668,3076
8135911,3074
8139163,3074
8142416,3070
8145710,3085
8148967,3071
8152222,3148
8155537,3108
8158804,3116
8162102,3077
8165347,3094
8168622,3066
8171855,3055
8175087,3094
8178364,3121
8181692,3080
8184955,3127
8188261,3092
8191534,3089
8194800,3120
8198099,3101
8201384,3138
8204710,3107
8208003,3084
8211236,3104
8214511,3225
8217879,3073
8221137,3108
8224428,3108
8227779,3064
8230995,3079
8234260,3088
8237534,3112
8240797,3076
8244061,3070
8247309,3126
8250596,3079
8253817,3072
8257035,3074
8260296,3176
8263686,3083
8266920,3075
8270182,3095
8273455,3134
8276739,3075
8279998,3097
8283274,3104
8286527,3199
8289866,3085
8293092,3067
8296345,3116
8299683,3070
8302933,3069
8306181,3076
8309406,3184
8312764,3074
8316011,3066
8319221,3103
8322490,3205
8325859,3104
8329149,3131
8332458,3217
8335830,3127
8339138,3079
8342397,3083
8345711,3124
8349021,3123
8352341,3141
8355686,3083
8358923,3076
8362191,3074
8365417,3113
8368728,3065
8371947,3073
8375202,3157
8378533,3145
8381862,3060
8385110,3073
8388330,3145
8391667,3090
8394937,3070
8398156,3063
8401404,3103
8404747,3066
8407995,3092
8411271,3083
8414534,3131
8417851,3069
8421071,3072
8424326,3145
8427648,3080
8430856,3155
8434190,3078
8437418,3208
8440809,3076
8444067,3068
8447285,3113
8450602,3078
8453863,3062
8457107,3091
8460382,3109
8463735,3121
8467035,3072
8470258,3083
8473525,3107
8476809,3089
8480056,3080
8483319,3123
8486678,3092
8489922,3069
8493175,3077
8496430,3084
8499698,3089
8502926,3072
8506143,3074
8509401,3120
8512740,3109
8516030,3094
8519302,3140
8522635,3086
8525902,3099
8529180,3079
8532410,3212
8535803,3123
8539066,3112
8542361,3282
8545794,3073
8549049,3114
8552343,3140
8555674,3089
8558910,3071
8562163,3075
8565421,3157
8568740,3072
8571994,3100
8575271,3112
8578531,3111
8581822,3106
8585107,3061
8588319,3161
8591664,3090
8594931,3074
8598157,3067
8601409,3113
8604718,3112
8608012,3079
8611270,3082
8614503,3242
8617887,3087
8621155,3086
8624425,3112
8627776,3078
8631008,3095
8634289,3097
8637581,3125
8640856,3077
8644117,3072
8647367,3119
8650677,3081
8653902,3077
8657165,3093
8660438,3106
8663724,3116
8667022,3122
8670324,3121
8673658,3081
8676892,3084
8680157,3065
8683401,3089
8686732,3084
8689997,3093
8693268,3072
8696490,3190
8699814,3072
8703033,3063
8706279,3108
8709613,3112
8712877,3069
8716128,3069
8719377,3122
8722702,3133
8726019,3088
8729287,3098
8732576,3124
8735871,3085
8739133,3063
8742346,3162
8745687,3125
8749000,3073
8752259,3082
8755491,3190
8758802,3084
8762066,3072
8765290,3086
8768602,3095
8771883,3053
8775117,3110
8778413,3091
8781756,3073
8784981,3072
8788236,3097
8791511,3103
8794764,3071
8798019,3095
8801296,3104
8804550,3123
8807860,3071
8811108,3069
8814326,3086
8817617,3092
8820895,3064
8824140,3100
8827425,3085
8830679,3081
8833945,3064
8837185,3105
8840469,3129
8843747,3070
8847000,3076
8850254,3119
8853523,3107
8856806,3075
8860059,3067
8863275,3128
8866616,3081
8869872,3066
8873092,3074
8876353,3077
8879631,3115
8882927,3091
8886196,3078
8889467,3099
8892738,3089
8895971,3070
8899230,3100
8902508,3172
8905865,3080
8909097,3068
8912350,3143
8915664,3078
8918926,3095
8922200,3102
8925458,3184
8928765,3089
8932041,3092
8935316,3115
8938649,3084
8941888,3070
8945142,3064
8948386,3081
8951690,3150
8955023,3093
8958295,3103
8961550,3090
8964824,3094
8968096,3083
8971335,3161
8974676,3140
8978003,3079
8981265,3199
8984684,3076
8987910,3073
8991166,3101
8994449,3114
8997778,3069
9001031,3077
9004288,3106
9007545,3123
9010827,3083
9014088,3068
9017304,3097
9020633,3090
9023905,3079
9027132,3073
9030389,3107
9033714,3125
9037022,3106
9040306,3121
9043606,3080
9046847,3085
9050119,3061
9053366,3079
9056601,3092
9059820,3074
9063057,3069
9066292,3078
9069514,3159
9072860,3080
9076123,3076
9079351,3087
9082648,3096
9085926,3106
9089217,3097
9092499,3094
9095742,3077
9099003,3069
9102252,3091
9105496,3169
9108779,3069
9112000,3073
9115257,3104
9118505,3165
9121782,3082
9125016,3063
9128266,3082
9131536,3124
9134826,3077
9138084,3070
9141342,3110
9144695,3059
9147936,3072
9151193,3078
9154428,3107
9157722,3076
9160947,3063
9164192,3072
9167443,3180
9170775,3064
9174022,3090
9177291,3139
9180626,3092
9183913,3055
9187126,3071
9190377,3134
9193748,3071
9197000,3084
9200277,3113
9203547,3128
9206860,3067
9210102,3105
9213380,3134
9216703,3077
9219965,3087
9223233,3116
9226536,3080
9229794,3084
9233060,3070
9236309,3090
9239596,3078
9242841,3087
9246086,3075
9249341,3123
9252689,3131
9255987,3065
9259231,3089
9262504,3122
9265784,3076
9269025,3065
9272267,3091
9275542,3097
9278820,3060
9282064,3070
9285313,3147
9288649,3080
9291893,3076
9295149,3056
9298388,3133
9301721,3067
9304967,3072
9308221,3118
9311519,3134
9314844,3079
9318093,3087
9321348,3146
9324680,3090
9327947,3066
9331190,3059
9334429,3106
9337713,3066
9340944,3082
9344206,3097
9347487,3201
9350887,3080
9354155,3082
9357414,3190
9360787,3076
9364046,3083
9367309,3086
9370599,3155
9373900,3078
9377156,3064
9380385,3153
9383718,3112
9387014,3074
9390266,3147
9393641,3101
9396920,3049
9400152,3071
9403410,3138
9406778,3077
9410026,3084
9413273,3091
9416546,3092
9419824,3070
9423075,3095
9426353,3134
9429656,3090
9432924,3065
9436171,3078
9439424,3155
9442766,3084
9446013,3081
9449273,3097
9452547,3113
9455831,3071
9459091,3154
9462403,3081
9465670,3113
9468964,3085
9472205,3086
9475473,3110
9478763,3119
9482063,3075
9485290,3091
9488522,3213
9491909,3064
9495164,3094
9498409,3108
9501676,3137
9504996,3052
9508231,3117
9511527,3160
9514855,3083
9518122,3091
9521395,3122
9524711,3072
9527966,3085
9531231,3111
9534493,3087
9537770,3077
9540998,3094
9544233,3108
9547522,3149
9550861,3071
9554100,3061
9557342,3137
9560638,3093
9563915,3074
9567175,3067
9570392,3158
9573727,3088
9576995,3078
9580226,3083
9583495,3171
9586858,3089
9590128,3073
9593353,3082
9596624,3088
9599863,3086
9603096,3074
9606353,3098
9609650,3082
9612913,3106
9616198,3063
9619459,3198
9622849,3108
9626138,3067
9629358,3150
9632732,3073
9635955,3075
9639212,3143
9642534,3127
9645846,3085
9649083,3073
9652340,3085
9655623,3094
9658869,3078
9662089,3059
9665332,3073
9668593,3094
9671872,3063
9675110,3088
9678348,3088
9681625,3101
9684874,3082
9688140,3087
9691410,3089
9694683,3071
9697896,3073
9701155,3109
9704452,3130
9707737,3084
9711008,3074
9714265,3134
9717599,3108
9720894,3083
9724158,3068
9727381,3081
9730657,3108
9733949,3100
9737230,3113
9740493,3079
9743788,3076
9747017,3074
9750272,3118
9753581,3076
9756843,3049
9760075,3097
9763352,3137
9766716,3068
9769965,3092
9773235,3079
9776503,3104
9779815,3079
9783040,3069
9786290,3142
9789629,3076
9792842,3090
9796076,3083
9799345,3147
9802663,3076
9805923,3078
9809184,3099
9812431,3243
9815859,3102
9819146,3070
9822366,3106
9825677,3116
9828976,3079
9832238,3146
9835599,3110
9838856,3070
9842108,3097
9845388,3105
9848670,3068
9851886,3063
9855133,3081
9858395,3164
9861785,3078
9865044,3075
9868270,3117
9871574,3095
9874855,3062
9878098,3105
9881382,3126
9884773,3061
9888015,3093
9891287,3092
9894530,3093
9897805,3090
9901077,3087
9904317,3081
9907586,3086
9910841,3108
9914133,3078
9917389,3131
9920716,3063
9923929,3075
9927185,3081
9930447,3103
9933745,3117
9937042,3102
9940329,3150
9943651,3089
9946921,3111
9950271,3114
9953542,3234
9956958,3104
9960243,3121
9963518,3096
9966797,3076
9970052,3065
9973267,3090
9976495,3141
9979791,3086
9983044,3061
9986284,3112
9989546,3086
9992814,3057
9996051,3081
9999282,3106
10002590,3085
10005857,3083
10009091,3094
10012351,3131
10015690,3137
10018975,3066
10022223,3085
10025484,3136
10028775,3081
10032037,3075
10035292,3091
10038595,3140
10041877,3076
10045104,3068
10048356,3101
10051659,3114
10054950,3087
10058216,3126
10061492,3134
10064795,3077
10068054,3090
10071323,3120
10074602,3123
10077886,3081
10081147,3072
10084401,3119
10087712,3080
10090944,3069
10094197,3115
10097496,3136
10100815,3075
10104073,3047
10107302,3104
10110607,3072
10113862,3088
10117129,3081
10120360,3097
10123651,3078
10126875,3059
10130115,3079
10133372,3103
10136708,3067
10139956,3076
10143219,3087
10146456,3106
10149751,3089
10153020,3077
10156244,3118
10159545,3085
10162808,3085
10166042,3067
10169290,3150
10172617,3106
10175873,3103
10179157,3075
10182412,3109
10185700,3097
10188940,3077
10192199,3131
10195485,3155
10198793,3068
10202043,3100
10205330,3087
10208645,3101
10211887,3069
10215097,3084
10218367,3107
10221660,3106
10224948,3085
10228213,3112
10231476,3124
10234778,3094
10238054,3074
10241277,3102
10244617,3099
10247903,3066
10251119,3060
10254359,3113
10257678,3078
10260937,3077
10264192,3080
10267425,3081
10270677,3080
10273937,3073
10277162,3057
10280401,3129
10283722,3111
10287022,3070
10290241,3112
10293523,3131
10296807,3069
10300058,3081
10303326,3127
10306664,3115
10309960,3098
10313237,3081
10316486,3129
10319783,3073
10323034,3075
10326260,3113
10329564,3119
10332828,3111
10336128,3070
10339347,3152
10342689,3118
10345989,3080
10349220,3124
10352528,3102
10355806,3076
10359031,3072
10362284,3129
10365605,3084
10368863,3121
10372165,3093
10375437,3194
10378819,3063
10382033,3076
10385291,3161
10388666,3073
10391928,3067
10395144,3084
10398410,3139
10401770,3131
10405073,3055
10408306,3162
10411627,3098
10414906,3078
10418162,3073
10421385,3093
10424679,3127
10427994,3104
10431282,3128
10434598,3097
10437859,3114
10441169,3116
10444463,3193
10447836,3075
10451095,3090
10454368,3127
10457717,3111
10461009,3083
10464272,3085
10467511,3163
10470791,3075
10474015,3065
10477262,3125
10480588,3082
10483835,3135
10487134,3075
10490390,3132
10493685,3071
10496937,3096
10500217,3068
10503468,3167
10506787,3109
10510085,3076
10513312,3164
10516676,3149
10520007,3092
10523283,3149
10526635,3113
10529929,3080
10533188,3082
10536422,3107
10539731,3072
10542957,3063
10546195,3148
10549515,3148
10552811,3135
10556130,3112
10559430,3083
10562695,3078
10565958,3101
10569238,3113
10572504,3210
10575883,3087
10579112,3080
10582375,3104
10585672,3116
10588970,3107
10592254,3087
10595489,3180
10598798,3076
10602025,3073
10605281,3123
10608596,3081
10611841,3082
10615113,3072
10618364,3073
10621654,3147
10624986,3076
10628242,3107
10631497,3128
10634791,3070
10638043,3076
10641269,3104
10644565,3084
10647835,3067
10651084,3109
10654373,3586
10658152,3075
10661379,3168
10664724,3088
10667992,3076
10671218,3084
10674483,3272
10677935,3084
10681172,3074
10684429,3118
10687786,3068
10691035,3082
10694270,3092
10697543,3111
10700826,3132
10704127,3070
10707376,3083
10710687,3054
10713874,3070
10717085,3057
10720325,3138
10723654,3090
10726900,3064
10730150,3068
10733399,3111
10736666,3074
10739922,3095
10743196,3086
10746437,3158
10749763,3079
10753025,3063
10756241,3113
10759534,3151
10762869,3082
10766100,3069
10769350,3148
10772704,3072
10775964,3073
10779187,3069
10782437,3100
10785794,3155
10789119,3064
10792364,3089
10795657,3131
10798965,3063
10802168,3070
10805424,3123
10808734,3110
10812027,3070
10815277,3162
10818648,3077
10821907,3094
10825183,3090
10828422,3138
10831743,3090
10834971,3074
10838228,3153
10841536,3130
10844832,3111
10848124,3131
10851438,3099
10854725,3144
10858055,3100
10861339,3122
10864619,3072
10867875,3096
10871156,3239
10874599,3131
10877900,3126
10881207,3105
10884492,3157
10887815,3060
10891054,3092
10894326,3133
10897618,3067
10900861,3071
10904114,3077
10907343,3142
10910672,3077
10913900,3081
10917161,3136
10920477,3147
10923853,3128
10927121,3104
10930363,3101
10933628,3092
10936851,3057
10940043,3050
10943229,3059
10946424,3119
10949697,3082
10952914,3057
10956106,3077
10959320,3104
10962578,3056
10965769,3066
10968968,3081
10972183,3058
10975374,3091
10978615,3111
10981902,3046
10985114,3047
10988342,3103
10991653,3073
10994893,3053
10998124,3064
11001356,3078
11004667,3070
11007902,3053
11011134,3045
11014345,3061
11017606,3136
11020909,3082
11024174,3053
11027392,3072
11030675,3119
11033917,3061
11037118,3073
11040357,3105
11043681,3076
11046924,3065
11050172,3096
11053436,3206
11056794,3087
11060021,3080
11063240,3070
11066449,3178
11069765,3062
11072963,3073
11076172,3061
11079370,3105
11082639,3068
11085828,3088
11089041,3059
11092232,3108
11095478,3091
11098712,3075
11101921,3056
11105114,3051
11108301,3080
11111518,3102
11114754,3075
11117966,3044
11121146,3055
11124336,3058
11127529,3113
11130797,3075
11134044,3054
11137284,3090
11140542,3116
11143830,3067
11147078,3052
11150297,3063
11153544,3156
11156860,3078
11160117,3067
11163350,3068
11166644,3087
11169880,3089
11173110,3065
11176322,3327
11179845,3248
11183304,3092
11186661,3067
11189898,3064
11193151,3074
11196395,3086
11199697,3076
11202941,3061
11206185,3077
11209428,3108
11212780,3059
11216009,3042
11219229,3106
11222517,3117
11225817,3086
11229075,3065
11232318,3407
11235894,3075
11239150,3073
11242389,3069
11245685,3057
11248908,3064
11252151,3047
11255364,3066
11258663,3046
11261842,3071
11265092,3084
11268342,3115
11271635,3093
11274894,3068
11278148,3067
11281379,3063
11284713,3055
11287935,3054
11291169,3068
11294426,3098
11297764,3068
11300998,3057
11304236,3098
11307499,3093
11310798,3054
11314027,3068
11317278,3103
11320547,3083
11323811,3063
11327041,3080
11330338,3132
11333681,3075
11336934,3053
11340153,3081
11343413,3202
11346757,3095
11350017,3055
11353253,3113
11356538,3088
11359808,3055
11363030,3044
11366253,3066
11369487,3190
11372829,3084
11376077,3059
11379317,3166
11382672,3058
11385868,3076
11389123,3058
11392352,3115
11395678,3101
11398952,3080
11402210,3096
11405470,3115
11408757,3072
11411997,3058
11415233,3136
11418534,3146
11421863,3065
11425098,3057
11428335,3066
11431618,3106
11434889,3098
11438152,3061
11441379,3063
11444683,3061
11447884,3093
11451115,3110
11454363,3081
11457588,3066
11460818,3068
11464052,3063
11467300,3069
11470537,3114
11473817,3074
11477057,3060
11480298,3096
11483622,3094
11486894,3054
11490118,3068
11493366,3099
11496658,3058
11499898,3067
11503132,3059
11506374,3063
11509682,3106
11512895,3082
11516116,3079
11519335,3131
11522657,3080
11525923,3055
11529146,3055
11532378,3090
11535699,3054
11538931,3053
11542154,3087
11545377,3129
11548682,3163
11551985,3076
11555197,3074
11558408,3102
11561730,3081
11564977,3077
11568239,3074
11571498,3143
11574821,3058
11578046,3047
11581272,3075
11584511,3120
11587811,3069
11591046,3058
11594283,3110
11597597,3078
11600812,3096
11604047,3086
11607270,3097
11610501,3168
11613804,3068
11617008,3070
11620212,3086
11623432,3107
11626696,3068
11629899,3048
11633082,3080
11636297,3084
11639518,3117
11642794,3075
11646041,3086
11649302,3098
11652614,3089
11655865,3068
11659116,3072
11662355,3082
11665668,3070
11668909,3077
11672164,3050
11675380,3082
11678663,3074
11681866,3139
11685185,3080
11688434,3146
11691771,3057
11694994,3060
11698234,3130
11701529,3091
11704804,3528
11708505,3108
11711811,3069
11715046,3076
11718300,3066
11721528,3137
11724848,3073
11728084,3064
11731324,3108
11734605,3100
11737844,3081
11741047,3065
11744243,3137
11747515,3119
11750772,3077
11753985,3065
11757187,3075
11760398,3064
11763605,3063
11766824,3081
11770073,3055
11773311,3075
11776563,3088
11779833,3078
11783073,3084
11786335,3066
11789597,3067
11792830,3067
11796062,3055
11799294,3053
11802511,3222
11805870,3081
11809087,3060
11812284,3086
11815507,3126
11818770,3082
11821989,3063
11825187,3064
11828388,3081
11831613,3077
11834835,3168
11838190,3079
11841438,3107
11844734,3072
11847973,3077
11851228,3112
11854505,3213
11857853,3079
11861054,3061
11864248,3105
11867520,3162
11870831,3071
11874070,3060
11877308,3071
11880551,3221
11883956,3058
11887178,3076
11890430,3093
11893757,3080
11896983,3071
11900190,3099
11903425,3101
11906670,3149
11910007,3098
11913252,3132
11916575,3113
11919876,3065
11923108,3104
11926394,3078
11929686,3044
11932944,3070
11936180,3072
11939431,3060
11942672,3082
11945936,3058
11949160,3063
11952403,3081
11955677,3074
11958929,3049
11962142,3050
11965368,3106
11968667,3063
11971865,3072
11975059,3085
11978280,3101
11981520,3132
11984787,3069
11987993,3081
11991212,3054
11994401,3194
11997731,3063
12000929,3048
12004111,3054
12007300,3088
12010521,3089
12013760,3131
12017025,3043
12020203,3057
12023396,3092
12026664,3065
12029864,3060
12033058,3060
12036250,3068
12039451,3123
12042720,3053
12045909,3059
12049102,3066
12052302,3135
12055643,3087
12058900,3068
12062152,3074
12065396,3063
12068646,3076
12071888,3065
12075133,3048
12078345,3065
12081639,3061
12084864,3049
12088093,3049
12091306,3073
12094621,3061
12097860,3060
12101098,3050
12104314,3116
12107648,3080
12110875,3067
12114079,3060
12117273,3068
12120476,3075
12123702,3074
12126922,3087
12130145,3073
12133341,3075
12136551,3113
12139849,3071
12143090,3075
12146349,3069
12149645,3076
12152888,3058
12156124,3078
12159371,3077
12162673,3095
12165938,3062
12169182,3084
12172434,3093
12175742,3054
12178959,3068
12182205,3063
12185434,3079
12188742,3056
12191963,3068
12195211,3083
12198459,3091
12201788,3070
12205022,3068
12208269,3100
12211534,3124
12214821,3055
12218044,3057
12221277,3084
12224525,3151
12227858,3068
12231091,3059
12234330,3064
12237627,3092
12240897,3047
12244107,3051
12247336,3056
12250596,3191
12253962,3063
12257192,3070
12260441,3103
12263720,3059
12266963,3062
12270190,3047
12273415,3094
12276673,3046
12279935,3059
12283159,3068
12286363,3090
12289608,3097
12292886,3073
12296142,3074
12299383,3077
12302681,3087
12305939,3087
12309204,3075
12312444,3125
12315781,3086
12319017,3064
12322220,3090
12325444,3210
12328791,3056
12331984,3079
12335198,3065
12338398,3208
12341783,3096
12345013,3076
12348223,3088
12351446,3069
12354662,3085
12357886,3050
12361070,3045
12364249,3103
12367484,3152
12370770,3059
12373963,3058
12377157,3077
12380370,3098
12383642,3076
12386838,3052
12390008,3049
12393175,3051
12396357,3067
12399603,3064
12402831,4687
12407658,3134
12410980,3084
12414199,3103
12417439,3235
12420835,3081
12424098,3076
12427343,3132
12430678,3064
12433915,3055
12437141,3072
12440389,3099
12443694,3079
12446939,3071
12450178,3082
12453433,3159
12456755,3049
12459983,3078
12463226,3109
12466513,3083
12469765,3059
12473003,3069
12476237,3140
12479586,3065
12482829,3059
12486066,3056
12489286,3077
12492537,3077
12495788,3068
12499032,3048
12502244,3092
12505515,3124
12508801,3070
12512048,3066
12515279,3075
12518531,3117
12521814,3057
12525047,3064
12528275,3064
12531516,3165
12534787,3087
12538024,3056
12541216,3091
12544453,3121
12547752,3083
12551008,3065
12554254,3104
12557527,3091
12560806,3064
12564037,3068
12567283,3092
12570541,3121
12573849,3058
12577073,3044
12580297,3073
12583534,3079
12586791,3050
12590006,3062
12593246,3153
12596576,3082
12599840,3071
12603077,3070
12606326,3103
12609605,3087
12612867,3076
12616109,3067
12619357,3119
12622668,3078
12625929,3059
12629151,3085
12632410,3100
12635684,3134
12638998,3060
12642227,3090
12645496,3143
12648744,3138
12652022,3079
12655237,3084
12658461,3091
12661735,3082
12664953,3083
12668175,3056
12671367,3097
12674659,3080
12677925,3056
12681154,3070
12684406,3075
12687672,3069
12690922,3054
12694145,3065
12697388,3081
12700647,3063
12703847,3058
12707042,3071
12710251,3120
12713509,3145
12716802,3131
12720101,3067
12723341,3111
12726643,3070
12729883,3048
12733109,3068
12736344,3114
12739650,3041
12742824,3084
12746087,3055
12749308,3087
12752588,3059
12755814,3064
12759059,3046
12762271,3116
12765524,3136
12768833,3077
12772081,3093
12775354,3141
12778680,3074
12781932,3068
12785181,3078
12788426,3089
12791751,3046
12794965,3068
12798214,3062
12801443,3095
12804783,3071
12808021,3067
12811270,3082
12814517,3209
12817876,3134
12821176,3050
12824411,3097
12827659,3088
12830929,3070
12834179,3172
12837490,3133
12840751,3069
12843958,3063
12847157,3074
12850368,3062
12853587,3075
12856818,3079
12860067,3084
12863336,3120
12866624,3139
12869902,3092
12873132,3075
12876344,3049
12879531,3115
12882780,3051
12885966,3058
12889160,3048
12892343,3117
12895620,3101
12898866,3080
12902115,3053
12905387,3079
12908660,3079
12911919,3062
12915148,3067
12918396,3071
12921643,3095
12924918,3070
12928155,3073
12931415,3100
12934683,3094
12937958,3074
12941201,3067
12944447,3196
12947820,3066
12951072,3044
12954282,3058
12957520,3147
12960863,3067
12964109,3055
12967330,3057
12970573,3070
12973809,3092
12977083,3065
12980314,3079
12983593,3153
12986895,3081
12990155,3065
12993388,3070
12996681,3068
12999907,3082
13003128,3062
13006327,3071
13009536,3090
13012767,3035
13015939,3048
13019125,3046
13022307,3113
13025614,3078
13028880,3068
13032118,3066
13035366,3082
13038626,3114
13041920,3071
13045161,3077
13048418,3103
13051700,3062
13054945,3067
13058183,3070
13061436,3160
13064771,3059
13068012,3068
13071246,3058
13074490,3206
13077886,3089
13081144,3074
13084398,3074
13087676,3074
13090930,3061
13094161,3078
13097417,3104
13100752,3076
13103976,3094
13107208,3104
13110448,3082
13113690,3062
13116887,3077
13120100,3051
13123285,3068
13126489,3120
13129747,3062
13132944,3085
13136164,3040
13139336,3169
13142717,3087
13145971,3072
13149228,3078
13152478,3111
13155784,3069
13159025,3065
13162272,3076
13165515,3099
13168792,3072
13172031,3062
13175270,3074
13178511,3208
13181858,3079
13185073,3086
13188297,3120
13191590,3102
13194840,3081
13198090,3079
13201347,3071
13204627,3073
13207866,3074
13211106,3053
13214332,3142
13217676,3068
13220918,3087
13224176,3058
13227415,3198
13230748,3069
13233953,3067
13237157,3062
13240355,3096
13243606,3096
13246844,3138
13250152,3063
13253393,3082
13256676,3076
13259924,3067
13263166,3062
13266408,3186
13269729,3083
13272947,3064
13276149,3063
13279346,3068
13282551,3137
13285844,3079
13289092,3055
13292324,3058
13295625,3067
13298859,3070
13302107,3072
13305346,3112
13308653,3072
13311860,3079
13315061,3069
13318261,3129
13321526,3145
13324828,3078
13328077,3059
13331321,3122
13334647,3052
13337830,3074
13341083,3059
13344308,3121
13347698,3075
13350922,3064
13354123,3061
13357318,3077
13360532,3205
13363899,3077
13367147,3079
13370410,3079
13373663,3100
13376914,3093
13380240,3130
13383506,3105
13386739,3073
13389946,3110
13393197,3092
13396427,3146
13399714,3073
13402924,3055
13406115,3061
13409312,3135
13412594,3058
13415788,3083
13419009,3071
13422213,3084
13425432,3095
13428670,3048
13431900,3079
13435147,3067
13438399,3078
13441666,3106
13444944,3078
13448195,3085
13451460,3140
13454781,3061
13458024,3050
13461241,3102
13464479,3181
13467824,3087
13471078,3062
13474325,3133
13477633,3091
13480861,3061
13484060,3078
13487275,3188
13490666,3080
13493931,3056
13497153,3060
13500393,3080
13503676,3076
13506930,3058
13510154,3069
13513402,3059
13516675,3070
13519912,3071
13523160,3068
13526395,3076
13529657,3065
13532887,3048
13536117,3053
13539338,3056
13542625,3091
13545854,3118
13549119,3074
13552363,3059
13555654,3072
13558897,3069
13562144,3052
13565363,3066
13568668,3074
13571909,3064
13575151,3068
13578384,3084
13581654,3143
13584926,3085
13588165,3101
13591432,3086
13594705,3042
13597878,3042
13601100,3051
13604315,3057
13607548,3107
13610817,3075
13614068,3068
13617300,3090
13620631,3089
13623885,3056
13627118,3056
13630367,3081
13633674,3052
13636860,3131
13640174,3062
13643411,3062
13646677,3069
13649920,3085
13653177,3063
13656420,3184
13659773,3051
13663002,3073
13666243,3124
13669542,3091
13672814,3051
13676039,3048
13679255,3091
13682506,3206
13685876,3055
13689107,3052
13692328,3065
13695606,3061
13698837,3074
13702084,3050
13705306,3160
13708669,3077
13711870,3058
13715050,3068
13718237,3095
13721462,3101
13724709,3073
13727916,3076
13731129,3050
13734314,3159
13737613,3076
13740825,3063
13744026,3072
13747233,3091
13750459,3081
13753681,3059
13756875,3083
13760093,3044
13763271,3081
13766489,3120
13769742,3060
13772938,3053
13776124,3066
13779324,3081
13782539,3125
13785828,3123
13789119,3079
13792393,3096
13795736,3050
13798952,3058
13802190,3047
13805402,3093
13808719,3056
13811942,3068
13815188,3095
13818447,3176
13821855,3070
13825092,3067
13828337,3066
13831621,3084
13834889,3069
13838123,3044
13841348,3067
13844623,3087
13847925,3070
13851161,3059
13854400,3066
13857670,3061
13860898,3052
13864126,3055
13867348,3111
13870683,3059
13873906,3060
13877150,3072
13880388,3072
13883646,3073
13886890,3054
13890122,3064
13893357,3087
13896669,3064
13899896,3066
13903139,3067
13906369,3066
13909671,3079
13912914,3055
13916145,3055
13919364,3103
13922683,3076
13925925,3058
13929161,3047
13932371,3069
13935680,3062
13938910,3055
13942147,3058
13945384,3071
13948651,3081
13951897,3069
13955145,3066
13958376,3098
13961731,3056
13964954,3047
13968181,3056
13971404,3171
13974712,3109
13977949,3087
13981173,3064
13984374,3092
13987606,3076
13990817,3081
13994036,3047
13997218,3097
14000451,3212
14003803,3085
14007024,3087
14010246,3052
14013434,3171
14016742,3056
14019933,3048
14023116,3043
14026295,3142
14029617,3076
14032873,3066
14036125,3052
14039343,3168
14042696,3079
14045941,3061
14049183,3092
14052437,3145
14055768,3060
14058998,3069
14062246,3091
14065503,3195
14068882,3075
14072125,3077
14075380,3130
14078681,3084
14081944,3058
14085173,3074
14088425,3173
14091761,3074
14095014,3061
14098242,3091
14101468,3118
14104712,3067
14107913,3065
14111114,3071
14114321,3129
14117638,3063
14120857,3092
14124088,3058
14127280,3095
14130510,3080
14133728,3055
14136920,3042
14140097,3061
14143291,3076
14146502,3074
14149711,3074
14152919,3049
14156101,3054
14159291,3092
14162519,3131
14165810,3080
14169059,3066
14172302,3086
14175579,3097
14178848,3052
14182078,3074
14185318,3077
14188601,3152
14191888,3079
14195113,3066
14198318,3087
14201542,3090
14204769,3066
14207980,3050
14211169,3055
14214360,3088
14217600,3063
14220798,3045
14223980,3071
14227186,3046
14230365,3115
14233679,3061
14236864,3065
14240048,3051
14243230,3074
14246438,3236
14249823,3085
14253076,3064
14256324,3082
14259625,3060
14262871,3059
14266096,3054
14269331,3066
14272609,3102
14275892,3058
14279121,3070
14282369,3063
14285651,3108
14288905,3079
14292122,3055
14295314,3061
14298510,3124
14301791,3081
14305040,3082
14308295,3092
14311523,3130
14314790,3071
14318000,3068
14321201,3094
14324432,3058
14327633,3094
14330862,3054
14334048,3044
14337225,3059
14340417,3077
14343646,3100
14346880,3054
14350067,3081
14353283,3080
14356498,3126
14359760,3090
14362982,3087
14366203,3094
14369439,3137
14372729,3059
14375921,3085
14379144,3075
14382354,3083
14385588,3083
14388804,3082
14392020,3049
14395201,3054
14398387,3112
14401670,3283
14405138,3093
14408400,3076
14411680,3061
14414907,3054
14418137,3057
14421362,3067
14424663,3060
14427890,3054
14431123,3049
14434339,3145
14437713,3067
14440927,3082
14444147,3087
14447372,3061
14450586,3061
14453784,3046
14456965,3056
14460157,3075
14463368,3116
14466679,3063
14469868,3074
14473061,3051
14476244,3081
14479457,3208
14482819,3067
14486056,3140
14489332,3145
14492661,3086
14495869,3073
14499126,3077
14502369,3111
14505675,3065
14508906,3071
14512112,3079
14515326,3117
14518598,3078
14521831,3067
14525066,3057
14528308,3097
14531592,3066
14534843,3056
14538065,3058
14541300,3131
14544648,3130
14548020,3135
14551320,3157
14554651,3094
14557882,3079
14561098,3059
14564292,3121
14567591,3076
14570853,3072
14574092,3074
14577345,3139
14580669,3073
14583927,3058
14587151,3075
14590403,3078
14593664,3081
14596925,3082
14600178,3055
14603407,3124
14606703,3059
14609943,3051
14613227,3097
14616493,3110
14619772,3059
14623029,3072
14626268,3104
14629510,3199
14632890,3080
14636109,3064
14639311,3082
14642529,3123
14645809,3075
14649049,3090
14652315,3085
14655636,3062
14658877,3063
14662127,3079
14665372,3066
14668670,3057
14671893,3042
14675111,3066
14678345,3086
14681667,3065
14684898,3053
14688127,3057
14691348,3120
14694692,3053
14697880,3065
14701067,3067
14704267,3102
14707538,3071
14710833,3090
14714104,3065
14717337,3066
14720590,3119
14723874,3073
14727123,3069
14730356,3063
14733636,3071
14736853,3076
14740067,3053
14743258,3096
14746489,3099
14749725,3061
14752921,3085
14756144,3061
14759342,3089
14762576,3133
14765866,3082
14769119,3057
14772361,3095
14775633,3109
14778911,3065
14782156,3050
14785372,3075
14788666,3060
14791861,3115
14795159,3080
14798406,3122
14801742,3075
14804983,3092
14808259,3104
14811531,3104
14814803,3087
14818050,3107
14821321,3078
14824619,3080
14827867,3081
14831122,3065
14834356,3129
14837688,3058
14840914,3073
14844162,3070
14847396,3099
14850734,3072
14853970,3063
14857199,3151
14860513,3158
14863834,3115
14867119,3098
14870364,3081
14873666,3069
14876903,3057
14880131,3076
14883374,3105
14886708,3070
14889923,3090
14893163,3097
14896425,3119
14899793,3068
14903031,3080
14906270,3132
14909593,3073
14912829,3062
14916059,3070
14919301,3091
14922630,3087
14925903,3072
14929140,3067
14932373,3071
14935667,3061
14938893,3047
14942109,3048
14945323,3069
14948618,3074
14951858,3090
14955113,3428
14958736,3077
14961984,3065
14965229,3132
14968527,3191
14971905,3116
14975159,3069
14978352,3077
14981583,3069
14984788,3085
14988008,3061
14991205,3061
14994401,3136
14997694,3068
15000896,3071
15004101,3047
15007283,3084
15010501,3119
15013754,3070
15016957,3042
15020133,3080
15023349,3069
15026576,3121
15029842,3084
15033098,3096
15036377,3125
15039700,3064
15042926,3093
15046206,3070
15049444,3102
15052827,3063
15056058,3074
15059310,3113
15062637,3068
15065883,3055
15069115,3056
15072335,3066
15075587,3093
15078847,3084
15082107,3070
15085342,3059
15088600,3068
15091834,3093
15095103,3059
15098326,3065
15101619,3062
15104865,3070
15108114,3047
15111325,3097
15114636,3096
15117866,3080
15121124,3055
15124345,3098
15127671,3054
15130890,3083
15134148,3051
15137363,3063
15140661,3080
15143890,3086
15147116,3059
15150312,3073
15153523,3091
15156751,3070
15159957,3054
15163146,3057
15166337,3052
15169523,3091
15172790,3099
15176064,3074
15179310,3120
15182621,3801
15186578,3261
15189951,3084
15193162,3111
15196403,3073
15199649,3072
15202843,3057
15206023,3056
15209212,3073
15212422,3129
15215696,3059
15218893,3090
15222119,3057
15225310,3136
15228593,3058
15231786,3059
15234982,3054
15238173,3044
15241362,3164
15244711,3065
15247957,3071
15251202,3067
15254448,3097
15257822,3070
15261062,3066
15264308,3092
15267588,3099
15270821,3104
15274103,3051
15277321,3118
15280587,3182
15283913,3081
15287131,3071
15290339,3076
15293551,3113
15296821,3076
15300065,3065
15303309,3072
15306568,3072
15309835,3072
15313086,3069
15316321,3068
15319635,3112
15322917,3067
15326163,3039
15329702,3938
15333796,3124
15338665,3152
15341954,3110
15345204,3096
15348438,3196
15351777,3076
15354990,3075
15358202,3069
15361411,3217
15364787,3069
15368008,3106
15371282,3081
15374545,3072
15377858,3076
15381105,3049
15384330,3136
15387646,3083
15390904,3077
15394149,3052
15397374,3108
15400658,3069
15403865,3090
15407105,3095
15410369,3142
15413734,3058
15416964,3074
15420213,3066
15423448,3116
15426830,3068
15430069,3081
15433324,3063
15436565,3100
15439841,3070
15443082,3275
15446500,3110
15449779,3073
15453030,3055
15456254,3113
15459570,3097
15462826,3078
15466071,3067
15469313,3080
15472585,3156
15475897,3062
15479128,3070
15482381,3139
15485660,3057
15488936,3067
15492172,3063
15495413,3095
15498686,3072
15501939,3051
15505160,3064
15508404,3075
15511673,3066
15514921,3066
15518154,3064
15521398,3149
15524697,3146
15527997,3096
15531258,3072
15534514,3123
15537807,3058
15541049,3067
15544283,3071
15547530,3117
15550822,3070
15554073,3058
15557298,3138
15560663,3057
15563888,3065
15567132,3059
15570358,3061
15573638,3091
15576868,3070
15580062,3078
15583279,3096
15586513,3173
15589844,3079
15593092,3097
15596378,3087
15599647,3089
15602923,3065
15606165,3050
15609394,3060
15612632,3121
15615887,3066
15619123,3084
15622387,3070
15625670,3078
15628915,3065
15632159,3064
15635389,3097
15638675,3045
15641858,3094
15645079,3054
15648267,3155
15651584,3218
15654955,3150
15658245,3102
15661485,3098
15664721,3085
15667945,3061
15671144,3060
15674340,3052
15677531,3092
15680773,3092
15684034,3067
15687274,3092
15690548,3114
15693843,3061
15697089,3070
15700332,3076
15703682,3077
15706929,3067
15710177,3057
15713402,3100
15716749,3057
15719976,3048
15723206,3072
15726444,3094
15729778,3074
15733035,3072
15736289,3098
15739573,3072
15742829,3071
15746073,3054
15749308,3066
15752539,3075
15755795,3062
15759025,3063
15762265,3120
15765551,3114
15768833,3075
15772076,3047
15775301,3055
15778537,3131
15781853,3075
15785096,3073
15788347,3138
15791681,3068
15794938,3057
15798161,3064
15801403,3135
15804804,3062
15808046,3043
15811255,3068
15814497,3157
15817785,3100
15821042,3084
15824291,3088
15827565,3062
15830795,3123
15834090,3060
15837317,3097
15840598,3078
15843814,3080
15847030,3083
15850265,3160
15853586,3088
15856811,3068
15860017,3053
15863206,3162
15866505,3078
15869725,3058
15872922,3054
15876122,3052
15879318,3092
15882585,3142
15885878,3065
15889080,3057
15892274,3079
15895520,3211
15898927,3067
15902167,3059
15905409,3179
15908724,3112
15911978,3072
15915187,3072
15918397,3269
15921822,3073
15925079,3062
15928313,3059
15931560,3119
15934852,3066
15938099,3078
15941346,3131
15944668,3080
15947874,3070
15951065,3064
15954259,3104
15957504,3136
15960795,3069
15964029,3056
15967266,3095
15970528,3162
15973874,3053
15977093,3059
15980331,3084
15983601,3061
15986844,3058
15990067,3072
15993315,3142
15996683,3076
15999923,3056
16003158,3069
16006393,3082
16009681,3070
16012918,3066
16016162,3084
16019410,3185
16022732,3151
16026027,3063
16029256,3096
16032538,3121
16035828,3054
16039060,3051
16042279,3086
16045548,3110
16048820,3082
16052078,3068
16055312,3075
16058617,3185
16061943,3072
16065194,3076
16068434,3115
16071804,3070
16075039,3070
16078286,3094
16081543,3081
16084810,3119
16088100,3065
16091345,3118
16094658,3088
16097918,3061
16101155,3061
16104383,3123
16107661,3092
16110878,3075
16114074,3065
16117271,3108
16120514,3159
16123831,3075
16127075,3084
16130334,3132
16133662,3068
16136899,3069
16140148,3057
16143370,3122
16146737,3068
16149973,3059
16153209,3096
16156469,3121
16159793,3069
16163009,3068
16166214,3069
16169418,3092
16172662,3084
16175915,3075
16179179,3077
16182424,3077
16185746,3059
16188973,3058
16192209,3058
16195435,3098
16198772,3058
16201995,3069
16205243,3067
16208475,3162
16211823,3051
16215042,3058
16218278,3093
16221536,3077
16224831,3069
16228066,3064
16231308,3070
16234542,3152
16237831,3090
16241059,3085
16244280,3105
16247520,3141
16250796,3067
16254002,3054
16257192,3059
16260385,3070
16263635,3090
16266892,3065
16270140,3052
16273360,3070
16276680,3062
16279911,3050
16283138,3044
16286347,3070
16289647,3071
16292899,3069
16296157,3071
16299392,3069
16302685,3078
16305928,3056
16309162,3055
16312382,3070
16315648,3091
16318902,3060
16322138,3058
16325359,3066
16328660,3070
16331904,3056
16335137,3058
16338358,3070
16341661,3069
16344869,3070
16348060,3060
16351240,3122
16354499,3178
16357814,3061
16361012,3066
16364214,3103
16367451,3123
16370710,3058
16373904,3062
16377099,3040
16380274,3109
16383517,3109
16386761,3073
16389970,3062
16393168,3046
16396348,3069
16399563,3101
16402796,3064
16405996,3081
16409212,3091
16412438,3073
16415669,3065
16418884,3115
16422168,3087
16425433,3073
16428698,3090
16431961,3071
16435199,3065
16438437,3154
16441738,3063
16444974,3084
16448224,3087
16451484,3173
16454783,3076
16458019,3091
16461275,3105
16464563,3074
16467807,3062
16471043,3058
16474266,3171
16477617,3107
16480819,3110
16484051,3140
16487367,3114
16490656,3074
16493868,3075
16497080,3068
16500300,3151
16503632,3102
16506914,3075
16510160,3070
16513405,3249
16516832,3104
16520052,3073
16523266,3107
16526524,3167
16529835,3091
16533108,3067
16536344,3064
16539646,3066
16542848,3094
16546082,3071
16549294,3117
16552567,3082
16555830,3104
16559117,3075
16562358,3128
16565751,3060
16568981,3058
16572220,3087
16575473,3166
16578820,3125
16582112,3071
16585363,3071
16588616,3080
16591866,3067
16595101,3069
16598351,3063
16601587,3144
16604871,3075
16608081,3084
16611304,3088
16614529,3108
16617795,3073
16621039,3076
16624302,3068
16627537,3095
16630828,3057
16634052,3069
16637301,3066
16640534,3076
16643830,3060
16647056,3078
16650313,3066
16653545,3173
16656870,3064
16660101,3056
16663338,3132
16666655,3060
16669895,3054
16673116,3064
16676358,3063
16679635,3082
16682885,3063
16686125,3066
16689358,3065
16692641,3063
16695838,3066
16699085,3044
16702296,3101
16705589,3077
16708862,3086
16712127,3046
16715341,3118
16718682,3080
16721903,3087
16725129,3064
16728331,3083
16731596,3091
16734845,3066
16738079,3091
16741350,3065
16744610,3122
16747865,3078
16751091,3072
16754301,3063
16757501,3141
16760787,3075
16764030,3075
16767289,3109
16770575,3091
16773850,3071
16777087,3064
16780332,3089
16783596,3160
16786867,3082
16790099,3096
16793339,3101
16796592,3171
16799910,3128
16803206,3072
16806462,3159
16809806,3066
16813039,3055
16816274,3073
16819516,3110
16822804,3088
16826049,3078
16829295,3109
16832593,3059
16835827,3086
16839089,3080
16842336,3150
16845681,3090
16848943,3072
16852183,3076
16855433,3109
16858826,3068
16862068,3067
16865309,3078
16868579,3105
16871853,3063
16875083,3073
16878320,3071
16881586,3166
16884912,3076
16888154,3073
16891412,3181
16894766,3081
16898002,3098
16901267,3116
16904605,3215
16907989,3087
16911243,3122
16914520,3118
16917815,3100
16921087,3062
16924323,3067
16927648,3065
16930852,3085
16934086,3083
16937336,3076
16940594,3171
16943948,3063
16947182,3078
16950418,3132
16953744,3096
16956994,3081
16960252,3133
16963540,3071
16966852,3065
16970087,3058
16973319,3067
16976565,3068
16979815,3066
16983034,3081
16986280,3085
16989546,3172
16992889,3069
16996136,3071
16999378,3073
17002672,3083
17005931,3074
17009181,3073
17012421,3073
17015695,3078
17018941,3069
17022178,3059
17025412,3171
17028757,3060
17031991,3070
17035231,3073
17038479,3101
17041760,3063
17044996,3072
17048246,3093
17051495,3215
17054878,3077
17058135,3078
17061379,3087
17064666,3058
17067862,3121
17071158,3075
17074407,3075
17077682,3064
17080918,3050
17084141,3071
17087378,3167
17090734,3081
17093981,3076
17097209,3064
17100446,3116
17103808,3117
17107078,3068
17110310,3096
17113593,3075
17116841,3057
17120073,3068
17123310,3078
17126587,3069
17129850,3082
17133081,3075
17136323,3139
17139654,3067
17142893,3079
17146144,3065
17149375,3126
17152668,3071
17155911,3068
17159146,3060
17162382,3071
17165648,3076
17168890,3041
17172104,3054
17175325,3055
17178566,3112
17181850,3058
17185090,3065
17188321,3095
17191598,3055
17194831,3118
17198146,3056
17201383,3083
17204678,3087
17207890,3061
17211094,3067
17214331,3075
17217594,3131
17220876,3072
17224131,3071
17227371,3085
17230644,3090
17233914,3059
17237142,3059
17240378,3130
17243658,3084
17246922,3055
17250144,3054
17253375,3090
17256658,3076
17259909,3069
17263154,3057
17266375,3062
17269656,3054
17272842,3087
17276106,3045
17279316,3109
17282611,3075
17285823,3097
17289048,3100
17292282,3124
17295580,3096
17298863,3078
17302110,3068
17305355,3086
17308618,3128
17311900,3131
17315216,3081
17318463,3061
17321746,3060
17324977,3067
17328225,3108
17331497,3088
17334772,3057
17337996,3058
17341234,3100
17344498,3164
17347844,3062
17351072,3051
17354300,3082
17357547,3112
17360837,3072
17364077,3068
17367325,3134
17370669,3063
17373897,3049
17377124,3069
17380359,3082
17383665,3064
17386894,3047
17390119,3084
17393367,3141
17396745,3061
17399975,3052
17403205,3062
17406434,3202
17409814,3071
17413054,3054
17416289,3074
17419528,3126
17422832,3049
17426045,3056
17429279,3056
17432500,3138
17435818,3058
17439039,3070
17442286,3067
17445519,3090
17448788,3059
17452013,3057
17455246,3074
17458485,3154
17461821,3068
17465055,3057
17468289,3115
17471592,3137
17474897,3049
17478111,3047
17481334,3131
17484725,3067
17487956,3068
17491203,3063
17494430,3153
17497720,3096
17500956,3092
17504185,3067
17507390,3092
17510636,3056
17513863,3076
17517106,3065
17520341,3083
17523695,3084
17526945,3053
17530176,3060
17533403,3055
17536683,3058
17539906,3046
17543178,3081
17546409,3108
17549662,3078
17552876,3143
17556205,3078
17559458,3187
17562833,3079
17566082,3050
17569315,3142
17572658,3065
17575889,3050
17579117,3054
17582336,3053
17585620,3067
17588865,3056
17592097,3076
17595338,3069
17598607,3082
17601876,3075
17605129,3052
17608349,3061
17611626,3060
17614848,3060
17618084,3056
17621305,3057
17624538,3166
17627840,3075
17631093,3067
17634325,3070
17637597,3059
17640818,3073
17644067,3064
17647297,3089
17650524,3206
17653858,3077
17657069,3060
17660264,3083
17663484,3152
17666782,3075
17670025,3052
17673253,3059
17676493,3161
17679786,3059
17683023,3056
17686247,3069
17689496,3133
17692818,3071
17696072,3087
17699325,3059
17702613,3073
17705865,3048
17709090,3044
17712299,3073
17715510,3199
17718852,3073
17722090,3050
17725323,3089
17728630,3063
17731876,3057
17735098,3056
17738333,3059
17741607,3087
17744877,3058
17748101,3048
17751326,3065
17754625,3093
17757897,3065
17761128,3070
17764375,3073
17767665,3063
17770893,3050
17774119,3068
17777352,3073
17780660,3076
17783885,3075
17787098,3054
17790289,3125
17793549,3113
17796843,3076
17800063,3078
17803279,3090
17806519,3119
17809777,3081
17812993,3068
17816197,3068
17819400,3086
17822640,3072
17825846,3052
17829031,3044
17832211,3048
17835397,3089
17838639,3116
17841927,3077
17845181,3074
17848439,3076
17851678,3133
17854994,3058
17858217,3068
17861472,3102
17864799,3070
17868015,3054
17871207,3058
17874404,3066
17877646,3081
17880852,3061
17884034,3055
17887208,3077
17890420,3091
17893706,3069
17896911,3089
17900135,3065
17903336,3063
17906533,3085
17909763,3076
17913011,3075
17916270,3093
17919531,3113
17922835,3069
17926072,3073
17929324,3053
17932544,3111
17935832,3068
17939068,3051
17942298,3089
17945521,3118
17948795,3059
17952021,3073
17955277,3066
17958523,3155
17961827,3056
17965058,3054
17968292,3081
17971539,3121
17974837,3057
17978061,3072
17981310,3065
17984540,3090
17987810,3054
17991030,3052
17994259,3094
17997492,3125
18000743,3090
18003970,3083
18007188,3092
18010415,3215
18013767,3061
18016962,3063
18020160,3078
18023375,3092
18026647,3080
18029863,3053
18033049,3083
18036267,3076
18039477,3064
18042700,3068
18045904,3069
18049109,3053
18052299,3066
18055500,3147
18058793,3077
18062037,3057
18065264,3101
18068549,3112
18071845,3067
18075089,3046
18078307,3065
18081551,3113
18084831,3058
18088065,3057
18091288,3069
18094535,3129
18097833,3068
18101076,3051
18104293,3072
18107545,3094
18110840,3077
18114065,3061
18117265,3096
18120499,3147
18123792,3069
18127029,3055
18130267,3058
18133494,3174
18136785,3069
18139999,3051
18143188,3065
18146391,3069
18149679,3059
18152873,3075
18156110,3077
18159354,3075
18162627,3066
18165872,3083
18169134,3066
18172366,3071
18175675,3062
18178915,3054
18182135,3057
18185373,3056
18188604,3129
18191857,3079
18195083,3069
18198289,3102
18201529,3202
18204874,3080
18208120,3065
18211376,3069
18214620,3091
18217892,3052
18221129,3055
18224366,3067
18227659,3070
18230897,3074
18234152,3063
18237381,3078
18240646,3061
18243838,3108
18247125,3095
18250357,3105
18253631,3079
18256837,3144
18260163,3060
18263393,3062
18266645,3075
18269887,3060
18273124,3047
18276337,3060
18279625,3101
18282893,3046
18286124,3052
18289341,3066
18292647,3077
18295895,3069
18299142,3056
18302362,3072
18305674,3056
18308895,3052
18312123,3039
18315324,3061
18318633,3090
18321879,3061
18325119,3067
18328352,3063
18331624,3068
18334883,3063
18338124,3067
18341360,3061
18344654,3073
18347875,3065
18351077,3056
18354270,3108
18357514,3105
18360754,3075
18363965,3049
18367148,3074
18370355,3078
18373607,3081
18376867,3067
18380119,3061
18383347,3069
18386603,3146
18389893,3126
18393205,3061
18396434,3160
18399779,3065
18403015,3094
18406290,3086
18409512,3130
18412826,3050
18416015,3056
18419209,3078
18422421,3090
18425668,3085
18428889,3054
18432076,3042
18435251,3117
18438503,3130
18441776,3089
18445031,3077
18448291,3093
18451611,3108
18454900,3053
18458120,3056
18461353,3069
18464642,3071
18467880,3043
18471099,3047
18474308,3082
18477631,3061
18480869,3060
18484107,3116
18487403,3061
18490679,3083
18493927,3047
18497140,3065
18500383,3062
18503676,3063
18506908,3065
18510153,3049
18513366,3067
18516673,3065
18519904,3054
18523136,3064
18526364,3061
18529660,3082
18532891,3092
18536123,3062
18539326,3127
18542630,3109
18545977,3089
18549236,3080
18552502,3164
18555838,3060
18559064,3057
18562300,3083
18565550,3105
18568836,3049
18572055,3056
18575290,3064
18578520,3189
18581888,3063
18585119,3042
18588341,3063
18591616,3075
18594873,3086
18598125,3057
18601346,3068
18604646,3059
18607837,3067
18611080,3069
18614316,3065
18617599,3097
18620869,3058
18624106,3057
18627331,3069
18630632,3096
18633866,3068
18637069,3088
18640295,3091
18643524,3158
18646826,3069
18650064,3065
18653311,3073
18656572,3044
18659840,3079
18663088,3087
18666348,3122
18669632,3100
18672895,3084
18676151,3067
18679384,3119
18682698,3050
18685914,3071
18689158,3053
18692386,3112
18695687,3064
18698915,3057
18702146,3068
18705380,3103
18708645,3097
18711906,3052
18715137,3075
18718381,3089
18721659,3080
18724906,3067
18728145,3069
18731384,3125
18734687,3071
18737924,3069
18741165,3057
18744389,3079
18747722,3067
18750954,3048
18754174,3077
18757418,3111
18760723,3076
18763956,3085
18767207,3096
18770480,3119
18773842,3069
18777074,3052
18780277,3098
18783541,3117
18786843,3109
18790133,3063
18793369,3059
18796637,3070
18799879,3079
18803115,3099
18806379,3115
18809732,3072
18812963,3099
18816225,3083
18819483,3089
18822730,3062
18825970,3059
18829194,3061
18832434,3098
18835784,3075
18839006,3074
18842218,3077
18845439,3059
18848646,3084
18851899,3090
18855172,3071
18858378,3228
18861795,3072
18865051,3056
18868274,3114
18871575,3101
18874846,3071
18878097,3049
18881311,3074
18884574,3074
18887816,3054
18891050,3052
18894269,3054
18897499,3176
18900782,3079
18904016,3058
18907211,3068
18910419,3123
18913711,3068
18916914,3048
18920097,3069
18923301,3071
18926508,3106
18929750,3043
18932927,3052
18936114,3053
18939303,3057
18942529,3171
18945887,3066
18949122,3052
18952354,3075
18955609,3056
18958844,3061
18962088,3068
18965323,3134
18968682,3061
18971908,3057
18975143,3134
18978420,3170
18981739,3058
18984935,3074
18988145,3081
18991363,3084
18994622,3090
18997876,3090
19001150,3082
19004400,3082
19007669,3074
19010923,3058
19014160,3075
19017400,3106
19020732,3057
19023957,3084
19027222,3077
19030471,3194
19033784,3077
19037011,3084
19040235,3123
19043498,3139
19046791,3090
19050051,3074
19053309,3084
19056571,3061
19059819,3064
19063053,3051
19066284,3114
19069573,3063
19072809,3072
19076067,3056
19079305,3074
19082547,3069
19085801,3067
19089036,3050
19092265,3101
19095532,3083
19098798,3323
19102257,3115
19105580,3130
19108849,3088
19112092,3071
19115302,3091
19118531,3108
19121781,3075
19125026,3058
19128266,3099
19131548,3125
19134814,3083
19138083,3046
19141299,3083
19144571,3064
19147818,3055
19151056,3060
19154287,3057
19157525,3098
19160802,3112
19164094,3068
19167330,3067
19170587,3134
19173857,3081
19177089,3061
19180287,3092
19183518,4313
19187977,3104
19191226,3094
19194461,3134
19197734,3091
19200965,3068
19204180,3099
19207478,3118
19210788,3087
19214015,3075
19217227,3097
19220461,3180
19223787,3075
19227031,3085
19230298,3058
19233540,3143
19236849,3073
19240096,3086
19243371,3095
19246653,3052
19249879,3072
19253119,3075
19256367,3132
19259665,3102
19262912,3147
19266246,3109
19269484,3094
19272719,3073
19275919,3066
19279105,3082
19282343,3152
19285657,3092
19288938,3067
19292192,3078
19295456,3197
19298840,3063
19302087,3051
19305321,3147
19308661,3065
19311907,3059
19315150,3060
19318391,3074
19321665,3127
19324966,3079
19328218,3109
19331499,3141
19334821,3085
19338087,3058
19341331,3070
19344625,3137
19347947,3062
19351178,3089
19354462,3079
19357729,3081
19360960,3155
19364304,3081
19367583,3170
19370886,3076
19374102,3056
19377295,3086
19380534,3228
19383942,3083
19387191,3100
19390485,3113
19393807,3093
19397082,3049
19400302,3086
19403579,3066
19406835,3066
19410072,3060
19413324,3132
19416666,3088
19419952,3076
19423207,3096
19426491,3168
19429856,3074
19433106,3091
19436353,3101
19439688,3140
19443010,3052
19446249,3112
19449490,3146
19452766,3081
19455969,3061
19459170,3074
19462420,3176
19465739,3101
19468996,3095
19472264,3082
19475474,3118
19478718,3080
19481924,3092
19485142,3076
19488354,3126
19491635,3093
19494879,3101
19498169,3067
19501408,3111
19504713,3066
19507959,3090
19511224,3132
19514541,3099
19517820,3111
19521083,3094
19524318,3149
19527644,3082
19530909,3053
19534153,3073
19537402,3145
19540786,3084
19544024,3096
19547304,3090
19550615,3092
19553894,3083
19557155,3068
19560410,3071
19563673,3063
19566898,3059
19570139,3052
19573374,3120
19576660,3115
19579929,3095
19583191,3072
19586437,3195
19589805,3070
19593050,3064
19596303,3123
19599603,3072
19602832,3081
19606095,3076
19609333,3133
19612678,3078
19615896,3079
19619130,3096
19622411,3167
19625746,3080
19628974,3110
19632258,3109
19635544,3190
19638911,3075
19642156,3081
19645426,3106
19648705,3067
19651955,3051
19655192,3078
19658450,3088
19661689,3112
19664981,3076
19668207,3079
19671427,3084
19674666,3069
19677875,3074
19681097,3102
19684370,3076
19687657,3077
19690922,3107
19694213,3085
19697485,3075
19700784,3079
19704050,3068
19707301,3100
19710583,3089
19713843,3070
19717098,3063
19720346,3146
19723658,3061
19726903,3078
19730149,3060
19733392,3083
19736667,3068
19739901,3070
19743150,3072
19746403,3133
19749716,3052
19752947,3062
19756176,3059
19759416,3198
19762785,3074
19766051,3104
19769330,3142
19772658,3080
19775900,3141
19779174,3094
19782394,3189
19785744,3074
19789000,3067
19792240,3095
19795523,3098
19798795,3089
19802060,3073
19805303,3129
19808625,3091
19811855,3071
19815080,3086
19818332,3070
19821588,3105
19824872,3082
19828107,3078
19831352,3162
19834708,3072
19837947,3059
19841182,3082
19844433,3212
19847849,3080
19851124,3076
19854382,3081
19857671,3074
19860906,3068
19864148,3061
19867376,3083
19870699,3144
19874032,3082
19877285,3063
19880510,3119
19883774,3049
19887012,3063
19890245,3086
19893521,3081
19896775,3061
19900010,3059
19903256,3137
19906591,3076
19909832,3071
19913073,3062
19916310,3093
19919612,3083
19922882,3065
19926130,3070
19929369,3062
19932651,3086
19935874,3077
19939088,3080
19942306,3073
19945528,3145
19948854,3063
19952101,3076
19955352,3064
19958636,3094
19961867,3077
19965080,3078
19968294,3074
19971504,3152
19974793,3065
19977995,3054
19981184,3072
19984405,3271
19987856,3065
19991109,3059
19994355,3142
19997710,3075
20000972,3075
20004223,3086
20007478,3210
20010842,3070
20014095,3068
20017348,3072
20020616,3079
20023886,3061
20027116,3057
20030352,3067
20033649,3069
20036884,3053
20040115,3050
20043340,3066
20046626,3084
20049902,3059
20053140,3047
20056353,3083
20059674,3067
20062907,3067
20066152,3057
20069374,3065
20072678,3073
20075929,3049
20079143,3052
20082371,3057
20085645,3079
20088889,3048
20092112,3073
20095348,3068
20098656,3085
20101936,3081
20105169,3111
20108446,3163
20111764,3059
20114961,3063
20118163,3045
20121346,3066
20124549,3177
20127878,3062
20131108,3074
20134352,3070
20137615,3111
20140888,3067
20144126,3053
20147361,3080
20150656,3096
20153892,3052
20157081,3071
20160302,3104
20163598,3158
20166923,3065
20170156,3051
20173387,3120
20176657,3104
20179941,3077
20183181,3058
20186416,3170
20189721,3102
20192959,3082
20196181,3092
20199409,3165
20202710,3064
20205924,3103
20209214,3118
20212517,3117
20215808,3072
20219049,3056
20222285,3100
20225551,3107
20228831,3083
20232082,3071
20235321,3110
20238587,3091
20241821,3061
20245063,3067
20248297,3095
20251643,3072
20254894,3079
20258145,3073
20261408,3172
20264716,3084
20267939,3085
20271163,3072
20274372,3192
20277709,3059
20280908,3054
20284100,3064
20287302,3079
20290518,3138
20293801,3113
20297098,3082
20300355,3082
20303637,3085
20306892,3063
20310138,3075
20313381,3106
20316691,3066
20319931,3067
20323182,3070
20326421,3081
20329734,3058
20332977,3054
20336212,3093
20339492,3085
20342783,3059
20346014,3084
20349276,3115
20352587,3073
20355839,3073
20359095,3108
20362368,3112
20365701,3078
20368918,3078
20372131,3079
20375347,3111
20378621,3076
20381876,3074
20385134,3058
20388362,3068
20391620,3143
20394903,3056
20398140,3069
20401383,3082
20404667,3087
20407906,3080
20411124,3080
20414342,3083
20417599,3047
20420823,3095
20424056,3076
20427272,3097
20430517,3122
20433819,3077
20437082,3076
20440327,3064
20443614,3105
20446891,3060
20450135,3072
20453394,3085
20456682,3066
20459918,3084
20463143,3079
20466359,3060
20469580,3091
20472823,3077
20476068,3077
20479319,3068
20482590,3105
20485838,3061
20489066,3069
20492323,3062
20495561,3108
20498865,3073
20502147,3129
20505415,3086
20508646,3094
20511878,3098
20515114,3075
20518326,3154
20521636,3056
20524829,3058
20528026,3048
20531210,3051
20534400,3066
20537616,3076
20540856,3077
20544103,3075
20547366,3076
20550687,3059
20553913,3047
20557148,3089
20560413,3097
20563690,3055
20566925,3107
20570175,3088
20573446,3277
20576869,3071
20580118,3065
20583369,3065
20586642,3092
20589883,3094
20593116,3055
20596308,3078
20599526,3108
20602818,3067
20606022,3066
20609226,3055
20612418,3133
20615695,3082
20618915,3037
20622090,3067
20625295,3076
20628543,3105
20631825,3066
20635063,3078
20638326,3106
20641607,3155
20644920,3066
20648154,3061
20651401,3236
20654817,3220
20658213,3077
20661483,3136
20664786,3055
20668026,3056
20671251,3072
20674490,3139
20677766,3079
20681037,3087
20684290,3079
20687543,3081
20690799,3049
20694009,3058
20697246,3090
20700503,3093
20703753,3061
20706982,3057
20710227,3104
20713497,3132
20716810,3063
20720037,3050
20723264,3097
20726535,3093
20729795,3058
20733030,3067
20736262,3103
20739542,3085
20742806,3069
20746040,3068
20749284,3099
20752632,3069
20755863,3065
20759114,3053
20762335,3064
20765634,3063
20768861,3082
20772109,3054
20775330,3064
20778583,3099
20781853,3083
20785110,3064
20788347,3091
20791629,3127
20794923,3059
20798159,3091
20801418,3102
20804730,3068
20807967,3057
20811198,3073
20814439,3163
20817787,3068
20821024,3059
20824260,3108
20827505,3163
20830828,3072
20834085,3058
20837332,3066
20840615,3100
20843869,3064
20847112,3104
20850393,3123
20853692,3068
20856935,3082
20860178,3066
20863418,3093
20866672,3074
20869882,3093
20873115,3062
20876324,3081
20879546,3088
20882799,3073
20886041,3065
20889292,3083
20892510,3101
20895743,3085
20898967,3080
20902184,3089
20905408,3103
20908662,3065
20911863,3065
20915061,3056
20918252,3095
20921496,3137
20924804,3061
20928053,3063
20931285,4863
20936440,3300
20939942,3084
20943185,3122
20946475,3126
20949831,3069
20953049,3064
20956267,3093
20959530,3130
20962848,3056
20966071,3052
20969305,3084
20972580,3092
20975866,3078
20979094,3057
20982291,3086
20985514,3124
20988774,3056
20991965,3069
20995172,3057
20998365,3097
21001605,3124
21004886,3081
21008136,3071
21011393,3075
21014680,3060
21017956,3072
21021213,3086
21024466,3205
21027824,3064
21031051,3069
21034302,3111
21037600,3177
21040929,3052
21044149,3059
21047391,3152
21050722,3138
21054000,3082
21057220,3096
21060452,3109
21063711,3071
21066920,3074
21070128,3069
21073334,3145
21076633,3097
21079853,3075
21083050,3061
21086248,3057
21089440,3154
21092736,3071
21095993,3063
21099242,3094
21102506,3099
21105787,3048
21109004,3049
21112243,3103
21115529,3106
21118817,3066
21122047,3051
21125279,3116
21128579,3067
21131835,3071
21135082,3073
21138327,3081
21141583,3062
21144827,3059
21148049,3070
21151303,3136
21154647,3061
21157880,3067
21161130,3070
21164368,3063
21167650,3103
21170891,3071
21174098,3062
21177301,3079
21180517,3114
21183790,3171
21187185,3088
21190428,3230
21193808,3090
21197073,3070
21200333,3123
21203639,3090
21206867,3080
21210084,3068
21213289,3114
21216541,3120
21219814,3066
21223050,3061
21226296,3096
21229572,3046
21232836,3058
21236062,3057
21239306,3071
21242571,3080
21245822,3063
21249070,3071
21252321,3099
21255594,3056
21258832,3070
21262086,3047
21265311,3068
21268544,3073
21271805,3067
21275039,3065
21278282,3091
21281541,3119
21284812,3073
21288057,3062
21291299,3097
21294594,3056
21297835,3071
21301073,3074
21304326,3119
21307593,3102
21310858,3073
21314099,3064
21317348,3126
21320651,3054
21323924,3070
21327165,3070
21330416,3210
21333794,3073
21337057,3055
21340283,3093
21343581,3057
21346819,3067
21350071,3061
21353299,3088
21356620,3067
21359858,3082
21363090,3078
21366307,3089
21369536,3190
21372867,3077
21376083,3052
21379286,3104
21382601,3148
21385913,3080
21389175,3056
21392402,3072
21395676,3049
21398859,3069
21402111,3070
21405348,3146
21408676,3108
21411936,3097
21415200,3073
21418450,3130
21421743,3060
21424944,3060
21428153,3103
21431445,3078
21434715,3066
21437960,3068
21441212,3080
21444463,3068
21447768,3058
21450997,3057
21454235,3094
21457513,3210
21460860,3080
21464076,3061
21467273,3131
21470540,3074
21473762,3114
21477010,3066
21480216,3068
21483427,3197
21486792,3063
21489993,3061
21493194,3064
21496395,3124
21499712,3116
21503019,3065
21506257,3072
21509513,3112
21512799,3072
21516008,3093
21519254,3102
21522527,3123
21525837,3074
21529080,3097
21532357,3152
21535658,3134
21538976,3057
21542204,3102
21545486,3138
21548793,3152
21552136,3070
21555372,3110
21558677,3069
21561916,3068
21565164,3058
21568388,3074
21571649,3090
21574876,3102
21578105,3062
21581301,3105
21584583,3069
21587846,3072
21591094,3075
21594324,3149
21597650,3095
21600926,3062
21604168,3070
21607408,3156
21610711,3092
21613945,3070
21617151,3060
21620348,3061
21623546,3115
21626819,3074
21630061,3061
21633291,3072
21636513,3149
21639798,3071
21643036,3067
21646290,3125
21649601,3096
21652857,3103
21656134,3080
21659389,3131
21662659,3094
21665930,3068
21669169,3067
21672410,3241
21675815,3075
21679056,3073
21682317,3068
21685560,3112
21688853,3068
21692088,3069
21695329,3081
21698606,3122
21701836,3134
21705118,3104
21708388,3084
21711676,3076
21714923,3053
21718152,3063
21721383,3075
21724641,3078
21727886,3067
21731129,3073
21734368,3074
21737676,3060
21740906,3057
21744137,3059
21747361,3062
21750645,3077
21753889,3058
21757119,3071
21760356,3078
21763664,3072
21766929,3078
21770178,3098
21773442,3077
21776730,3063
21779978,3071
21783219,3098
21786491,3101
21789760,3058
21792995,3071
21796234,3117
21799525,3151
21802843,3063
21806074,3061
21809311,3067
21812543,3169
21815885,3084
21819125,3097
21822391,3081
21825676,3073
21828931,3067
21832167,3067
21835416,3097
21838675,3059
21841913,3066
21845147,3045
21848372,3089
21851678,3068
21854911,3076
21858167,3075
21861410,3188
21864735,3067
21867938,3069
21871146,3087
21874370,3135
21877675,3062
21880886,3095
21884150,3069
21887406,3059
21890667,3089
21893945,3096
21897231,3107
21900508,3084
21903775,3073
21907042,3080
21910303,3088
21913571,3075
21916831,3066
21920066,3073
21923320,3161
21926659,3063
21929892,3056
21933128,3068
21936362,3057
21939673,3083
21942908,3087
21946135,3063
21949337,3136
21952619,3102
21955875,3080
21959125,3071
21962384,3095
21965759,3070
21969016,3081
21972279,3098
21975551,3111
21978848,3059
21982074,3056
21985315,3136
21988628,3098
21991910,3069
21995148,3073
21998400,3099
22001724,3076
22005001,3079
22008247,3099
22011486,3137
22014770,3065
22018003,3074
22021260,3099
22024542,3125
22027855,3061
22031084,3055
22034319,3106
22037623,3145
22040905,3081
22044140,3065
22047345,3156
22050659,3091
22053890,3060
22057088,3050
22060285,3162
22063628,3095
22066860,3067
22070063,3057
22073272,3143
22076588,3120
22079857,3063
22083087,3071
22086340,3115
22089633,3110
22092912,3071
22096151,3095
22099426,3109
22102669,3061
22105928,3057
22109154,3068
22112401,3095
22115692,3113
22118985,3066
22122227,3107
22125516,3111
22128825,3107
22132112,3048
22135327,3069
22138597,3089
22141825,3099
22145102,3062
22148333,3093
22151614,3058
22154854,3067
22158089,3069
22161337,3137
22164693,3055
22167932,3063
22171177,3069
22174419,3097
22177742,3060
22180968,3063
22184210,3058
22187438,3086
22190684,3058
22193880,3084
22197100,3053
22200288,3066
22203488,3097
22206716,3055
22209904,3063
22213102,3085
22216321,3072
22219531,3277
22222958,3133
22226262,3126
22229577,3172
22232895,3071
22236130,3058
22239373,3092
22242662,3084
22245917,3057
22249154,3047
22252367,3060
22255649,3060
22258843,3049
22262071,3082
22265321,3063
22268586,3220
22271978,3048
22275202,3063
22278431,3087
22281706,3039
22284877,3061
22288116,3043
22291325,3071
22294615,3082
22297838,3079
22301054,3068
22304261,3085
22307481,3155
22310826,3077
22314075,3071
22317332,3068
22320610,3074
22323853,3053
22327071,3067
22330316,3069
22333616,3145
22336911,3063
22340153,3060
22343396,3094
22346726,3074
22349958,3099
22353221,3073
22356476,3139
22359795,3069
22363043,3096
22366322,3158
22369669,3078
22372917,3065
22376160,3096
22379431,3182
22382782,3094
22386058,3076
22389310,3090
22392586,3065
22395821,3061
22399047,3066
22402294,3098
22405649,3069
22408904,3047
22412116,3058
22415354,3062
22418622,3103
22421904,3068
22425139,3086
22428402,3072
22431644,3093
22434917,3060
22438143,3043
22441365,3117
22444650,3085
22447877,3068
22451081,3052
22454270,3112
22457519,3106
22460770,3081
22464020,3083
22467286,3115
22470618,3067
22473854,3066
22477152,3050
22480372,3139
22483698,3053
22486915,3140
22490194,3094
22493427,3246
22496811,3140
22500128,3085
22503400,3075
22506668,4177
22511056,3198
22514377,3153
22517667,3094
22520943,3065
22524191,3081
22527451,3111
22530732,3072
22533985,3070
22537219,3110
22540465,3117
22543718,3129
22547074,3103
22550347,3136
22553735,3064
22556966,3051
22560202,3058
22563428,3110
22566777,3062
22570004,3051
22573235,3104
22576506,3132
22579819,3050
22583038,3056
22586273,3087
22589524,3149
22592857,3046
22596067,3075
22599321,3111
22602634,3088
22605860,3077
22609073,3067
22612276,3119
22615572,3080
22618840,3067
22622076,3076
22625330,3158
22628667,3066
22631915,3062
22635144,3065
22638387,3100
22641630,3102
22644871,3146
22648416,3221
22651752,3160
22655081,3072
22658339,3152
22661695,3068
22664931,3074
22668184,3065
22671413,3200
22674789,3076
22678030,3066
22681291,3125
22684595,3074
22687836,3114
22691116,3076
22694359,3106
22697661,3065
22700900,3074
22704144,3087
22707403,3060
22710683,3211
22714101,3136
22717390,3194
22720755,3074
22723980,3092
22727288,3123
22730599,3071
22733848,3083
22737100,3073
22740350,3134
22743676,3087
22746937,3067
22750192,3072
22753439,3097
22756737,3059
22759962,3083
22763220,3416
22766822,3451
22770535,3249
22773935,3526
22777607,3225
22780996,3064
22784211,3114
22787474,3151
22790803,3070
22794093,3065
22797333,3150
22800680,3081
22803928,3068
22807173,3082
22810421,3153
22813836,3076
22817080,3073
22820328,3088
22823611,3141
22826878,3084
22830138,3592
22833944,3186
22837392,3368
22841069,3197
22844419,3165
22847731,3068
22850974,3072
22854236,3097
22857500,3099
22860766,3087
22864002,3099
22867268,3076
22870524,3089
22873786,3063
22877037,3074
22880275,3103
22883574,3082
22886824,3077
22890080,3064
22893310,3148
22896656,3066
22899909,3059
22903143,3057
22906372,3058
22909629,3109
22912896,3077
22916136,3066
22919378,3095
22922680,3068
22925923,3079
22929167,3071
22932406,3231
22935805,3075
22939028,3091
22942283,3108
22945592,3074
22948832,3055
22952070,3063
22955321,3108
22958625,3073
22961886,3071
22965106,3080
22968370,3072
22971640,3105
22974913,3065
22978153,3057
22981397,3067
22984670,3049
22987875,3087
22991135,3062
22994365,3101
22997631,3111
23000905,3057
23004135,3079
23007369,3194
23010725,3086
23013984,3062
23017211,3083
23020460,3118
23023758,3079
23026995,3092
23030252,3081
23033507,3166
23036842,3055
23040071,3061
23043298,3120
23046620,3079
23049868,3069
23053074,3099
23056326,3125
23059652,3113
23062931,3063
23066174,3081
23069424,3127
23072774,3094
23076050,3074
23079295,3096
23082582,3109
23085837,3062
23089072,3068
23092322,3068
23095567,3069
23098824,3048
23102040,3058
23105279,3075
23108522,3089
23111794,3066
23115025,3043
23118247,3106
23121491,3158
23124776,3067
23127979,3081
23131199,3107
23134444,3103
23137706,3088
23140963,3061
23144212,3069
23147451,3081
23150723,3073
23153967,3064
23157209,3091
23160471,3070
23163778,3060
23167009,3190
23170351,3143
23173669,3062
23176858,3074
23180053,3054
23183242,3073
23186449,3102
23189696,3098
23192931,3222
23196419,3181
23199770,3082
23202992,3060
23206187,3067
23209413,3108
23212781,3073
23216030,3073
23219276,3061
23222506,3140
23225816,3062
23229064,3050
23232302,3072
23235541,3145
23238870,3057
23242093,3049
23245322,3129
23248662,3075
23251903,3057
23255135,3055
23258354,3068
23261656,3082
23264886,3078
23268102,3069
23271309,3067
23274514,3134
23277808,3102
23281046,3058
23284239,3067
23287443,3072
23290694,3118
23293948,3070
23297152,3045
23300332,3074
23303540,3122
23306840,3083
23310090,3067
23313341,3074
23316644,3084
23319909,3057
23323131,3066
23326376,3063
23329653,3078
23332902,3049
23336128,3046
23339343,3066
23342646,3079
23345893,3067
23349136,3067
23352368,3069
23355672,3070
23358910,3052
23362138,3062
23365377,3106
23368696,3066
23371935,3058
23375177,3062
23378404,3086
23381726,3062
23384974,3058
23388214,3084
23391438,3213
23394834,3084
23398085,3067
23401325,3171
23404695,3079
23407939,3068
23411189,3070
23414423,3079
23417745,3070
23420993,3080
23424250,3078
23427494,3096
23430790,3074
23434011,3073
23437223,3073
23440432,3193
23443771,3076
23447137,3065
23450404,3115
23453750,3064
23457029,3062
23460260,3073
23463514,3148
23466836,3058
23470074,3056
23473296,3073
23476619,3107
23479891,3056
23483125,3151
23486440,3085
23489778,3058
23493003,3056
23496238,3092
23499491,3098
23502749,3057
23505972,3069
23509228,3145
23512538,3075
23515791,3056
23519011,3058
23522260,3126
23525524,3182
23528894,3071
23532151,3073
23535394,3125
23538662,3077
23541875,3066
23545078,3073
23548287,3165
23551606,3100
23554842,3090
23558078,3105
23561324,3121
23564603,3078
23567864,3078
23571130,3076
23574374,3074
23577721,3057
23580946,3057
23584181,3077
23587443,3185
23590813,3053
23594039,3047
23597265,3072
23600503,3182
23603830,3056
23607051,3082
23610311,3090
23613626,3095
23616900,3070
23620137,3063
23623378,3070
23626672,3067
23629906,3051
23633136,3049
23636349,3062
23639655,3092
23642914,3056
23646156,3047
23649369,3061
23652662,3059
23655887,3056
23659123,3046
23662352,3065
23665646,3076
23668889,3054
23672118,3056
23675356,3089
23678685,3056
23681925,3065
23685168,3050
23688383,3061
23691683,3070
23694932,3071
23698192,3078
23701437,3192
23704788,3061
23707989,3048
23711175,3040
23714351,3129
23717646,3091
23720911,3064
23724154,3057
23727383,3084
23730669,3067
23733903,3082
23737166,3070
23740404,3068
23743677,3049
23746861,3086
23750130,3044
23753344,3115
23756613,3113
23759866,3066
23763100,3081
23766365,3150
23769660,3103
23772946,3135
23776251,3088
23779525,3178
23782841,3063
23786072,3054
23789309,3095
23792578,3104
23795867,3067
23799098,3051
23802376,3150
23805695,3069
23808903,3064
23812106,3049
23815292,3113
23818592,3076
23821857,3075
23825102,3052
23828336,3131
23831646,3110
23834935,3070
23838173,3075
23841432,3140
23844741,3130
23848007,3074
23851216,3104
23854461,3253
23857879,3055
23861120,3071
23864364,3069
23867673,3039
23870849,3053
23874082,3054
23877305,3080
23880572,3072
23883809,3102
23887090,3070
23890329,3063
23893576,3073
23896817,3080
23900056,3099
23903319,3142
23906685,3061
23909917,3068
23913166,3051
23916385,3085
23919668,3072
23922914,3064
23926159,3069
23929368,3154
23932749,3075
23935976,3078
23939198,3074
23942423,3114
23945716,3066
23948970,3085
23952228,3098
23955506,3127
23958803,3059
23962030,3084
23965291,3081
23968539,3149
23971835,3065
23975065,3060
23978305,3064
23981538,3136
23984857,3069
23988098,3056
23991334,3064
23994576,3073
23997833,3070
24001072,3064
24004316,3071
24007551,3086
24010821,3044
24014033,3043
24017260,3101
24020516,3105
24023789,3070
24027042,3049
24030258,3094
24033528,3123
24036824,3085
24040068,3076
24043311,3085
24046598,3077
24049846,3060
24053092,3087
24056346,3112
24059699,3074
24062948,3087
24066192,3130
24069508,3130
24072799,3058
24076026,3069
24079283,3107
24082578,3116
24085849,3075
24089091,3056
24092336,3055
24095589,3120
24098873,3076
24102122,3079
24105375,3072
24108685,3062
24111906,3065
24115151,3057
24118375,3086
24121682,3069
24124915,3067
24128163,3059
24131385,3090
24134682,3069
24137917,3043
24141140,3058
24144362,3116
24147659,3076
24150875,3069
24154083,3056
24157276,3080
24160493,3129
24163758,3069
24166961,3057
24170167,3119
24173454,3073
24176760,3077
24180005,3070
24183306,3083
24186569,3104
24189854,3075
24193094,3085
24196362,3065
24199609,3114
24202902,3066
24206135,3056
24209370,3061
24212650,3079
24215895,3057
24219144,3050
24222358,3054
24225650,3094
24228908,3065
24232154,3048
24235369,3071
24238669,3070
24241907,3060
24245144,3052
24248360,3113
24251658,3082
24254880,3105
24258136,3092
24261393,3065
24264707,3078
24267953,3057
24271193,3048
24274409,3175
24277719,3090
24280945,3062
24284144,3061
24287341,3071
24290548,3143
24293848,3073
24297090,3068
24300337,3070
24303635,3085
24306904,3066
24310136,3068
24313383,3065
24316662,3063
24319890,3064
24323133,3057
24326372,3065
24329623,3072
24332858,3096
24336134,3050
24339351,3138
24342714,3070
24345950,3061
24349193,3062
24352421,3096
24355732,3060
24358961,3048
24362187,3073
24365426,3220
24368828,3060
24372057,3059
24375293,3086
24378515,3135
24381816,3067
24385047,3055
24388285,3103
24391522,3102
24394812,5908
24400882,3435
24404770,3224
24408324,3544
24412046,3192
24415482,3425
24420610,3123
24423965,3579
24427994,3282
24431434,3213
24434830,3063
24438107,3063
24441354,3440
24444933,3125
24448208,3085
24451423,3107
24454763,3067
24457959,3061
24461248,3100
24464499,3138
24467821,3050
24471063,3039
24474235,3089
24477507,3199
24480857,3097
24484152,3251
24487498,3105
24490738,3205
24494088,3229
24497473,3120
24500794,3079
24504012,3150
24507346,3144
24510685,3080
24513887,3057
24517129,3071
24520382,3121
24523712,3054
24526936,3054
24530172,3087
24533427,3222
24536818,3073
24540059,3062
24543303,3104
24546585,3098
24549836,3164
24553191,3089
24556460,3176
24559785,3069
24563038,3064
24566274,3069
24569529,3128
24572830,3070
24576081,3057
24579324,3124
24582625,3146
24585898,3071
24589104,3064
24592308,3086
24595532,3110
24598788,3086
24602042,3070
24605299,3068
24608541,3136
24611874,3064
24615111,3065
24618359,3110
24621648,3081
24624919,3058
24628145,3053
24631385,3101
24634722,3088
24637993,3051
24641213,3086
24644527,3106
24647805,3073
24651047,3064
24654288,3160
24657583,3198
24660922,3080
24664187,3074
24667438,3075
24670681,3111
24674039,3072
24677286,3079
24680541,3194
24683909,3070
24687162,3068
24690403,3120
24693676,3070
24696883,3070
24700093,3079
24703309,3080
24706526,3118
24709782,3076
24713006,3091
24716266,3076
24719527,3122
24722820,3064
24726065,3068
24729301,3085
24732574,3106
24735820,3076
24739079,3079
24742330,3181
24745681,3060
24748869,3141
24752197,3064
24755431,3179
24758763,3071
24762016,3098
24765295,3092
24768542,3096
24771816,3065
24775062,3082
24778297,3095
24781625,3093
24784884,3076
24788149,3112
24791443,3105
24794734,3145
24798062,3102
24801347,3128
24804721,3122
24808025,3087
24811280,3098
24814595,3081
24817853,3066
24821085,3094
24824336,3070
24827623,3095
24830896,3078
24834141,3061
24837387,3143
24840708,3069
24843929,3076
24847174,3086
24850429,3082
24853719,3082
24856967,3074
24860229,3130
24863520,3102
24866803,3066
24870058,3084
24873305,3161
24876707,3122
24880014,3071
24883249,3086
24886515,3110
24889801,3067
24893031,3078
24896294,3138
24899657,3112
24902921,3073
24906172,3080
24909430,3100
24912712,3084
24915960,3094
24919222,3151
24922565,3176
24925947,3090
24929197,3111
24932492,3128
24935803,3121
24939116,3081
24942361,3142
24945703,3071
24948939,3081
24952203,3095
24955481,3181
24958783,3079
24962027,3060
24965269,3147
24968610,3086
24971879,3095
24975164,3067
24978415,3186
24981786,3075
24985048,3085
24988301,3103
24991633,3107
24994909,3061
24998156,3074
25001417,3110
25004735,3089
25007983,3070
25011233,3092
25014509,3149
25017837,3065
25021081,3079
25024342,3085
25027628,3112
25030904,3082
25034165,3075
25037421,3118
25040716,3109
25044005,3075
25047259,3108
25050550,3108
25053840,3108
25057133,3083
25060412,3180
25063811,3128
25067094,3069
25070345,3099
25073677,3077
25076944,3077
25080186,3074
25083441,3170
25086795,3079
25090027,3072
25093282,3169
25096668,3130
25099977,3078
25103237,3110
25106499,3152
25109855,3079
25113057,3110
25116348,3076
25119627,3081
25122869,3078
25126132,3070
25129353,3138
25132693,3072
25135954,3083
25139187,3122
25142492,3099
25145789,3116
25149087,3089
25152360,3120
25155639,3095
25158900,3106
25162157,3065
25165405,3119
25168746,3081
25171981,3061
25175223,3148
25178563,3124
25181845,3098
25185131,3077
25188391,3084
25191655,3082
25194902,3072
25198149,3068
25201377,3136
25204698,3060
25207923,3072
25211141,3067
25214395,3114
25217698,3070
25220922,3075
25224181,3077
25227437,3232
25230818,3077
25234061,3059
25237291,3096
25240529,3118
25243827,3090
25247096,3056
25250332,3138
25253695,3065
25256945,3064
25260189,3083
25263423,3254
25266792,3076
25270018,3065
25273267,3128
25276593,3069
25279832,3119
25283131,3082
25286399,3085
25289676,3121
25292982,3118
25296285,3152
25299668,3079
25302894,3071
25306147,3074
25309402,3093
25312689,3071
25315923,3065
25319133,3089
25322405,3117
25325723,3119
25329024,3075
25332277,3105
25335572,3075
25338829,3063
25342072,3083
25345304,3135
25348672,3075
25351895,3070
25355146,3122
25358452,3211
25361794,3075
25365020,3076
25368274,3091
25371547,3096
25374813,3086
25378080,3092
25381355,3133
25384644,3080
25387905,3138
25391224,3093
25394479,3177
25397819,3076
25401078,3072
25404304,3129
25407636,3105
25410929,3122
25414233,3110
25417530,3210
25420894,3065
25424104,3077
25427363,3093
25430645,3104
25433928,3079
25437160,3061
25440403,3125
25443735,3109
25447026,3122
25450329,3088
25453601,3072
25456812,3100
25460053,3076
25463315,3161
25466676,3127
25469989,3070
25473241,3121
25476532,3117
25479789,3063
25483004,3077
25486266,3091
25489538,3100
25492819,3067
25496073,3064
25499318,3088
25502590,3131
25505873,3088
25509103,3068
25512355,3148
25515699,3080
25518960,3098
25522238,3089
25525509,3130
25528820,3080
25532052,3072
25535309,3130
25538638,3091
25541913,3068
25545161,3093
25548401,3110
25551734,3076
25554963,3073
25558221,3134
25561487,3150
25564789,3107
25568064,3071
25571322,3131
25574638,3091
25577874,3074
25581131,3074
25584388,3108
25587718,3082
25590985,3081
25594247,3116
25597551,3159
25600872,3076
25604129,3082
25607392,3131
25610719,3081
25613952,3071
25617204,3144
25620528,3112
25623809,3076
25627068,3103
25630353,3101
25633662,3106
25636948,3074
25640203,3087
25643440,3231
25646855,3117
25650152,3063
25653365,3127
25656718,3077
25659982,3091
25663224,3075
25666482,3141
25669817,3084
25673062,3063
25676309,3135
25679612,3156
25682900,3112
25686193,3088
25689431,3078
25692696,3103
25695984,3088
25699242,3129
25702551,3125
25705837,3125
25709143,3090
25712417,3192
25715783,3102
25719030,3070
25722283,3098
25725585,3157
25728895,3116
25732194,3090
25735466,3205
25738821,3120
25742122,3094
25745396,3088
25748658,3079
25751919,3075
25755179,3066
25758395,3089
25761675,3090
25764915,3068
25768165,3090
25771438,3105
25774727,3073
25777953,3070
25781206,3122
25784511,3117
25787780,3065
25791026,3085
25794291,3177
25797671,3086
25800911,3073
25804165,3129
25807476,3205
25810831,3119
25814135,3093
25817408,3092
25820690,3067
25823899,3329
25827366,3178
25830692,3069
25833944,3112
25837239,3129
25840591,3079
25843841,3063
25847086,3101
25850368,3135
25853756,3118
25857055,3081
25860319,3091
25863644,3083
25866908,3075
25870165,3060
25873406,3113
25876736,3107
25880026,3088
25883295,3156
25886603,3079
25889823,3062
25893029,3071
25896284,3133
25899625,3098
25902891,3073
25906145,3077
25909404,3097
25912673,3062
25915919,3097
25919192,3060
25922433,3168
25925788,3081
25929023,3065
25932269,3104
25935525,3164
25938848,3076
25942105,3085
25945340,3126
25948690,3083
25951954,3077
25955185,3073
25958439,3100
25961756,3110
25965047,3084
25968312,3127
25971638,3096
25974916,3081
25978179,3080
25981409,3101
25984676,3116
25987976,3067
25991202,3099
25994482,3132
25997798,3080
26001028,3104
26004271,3117
26007641,3084
26010910,3079
26014142,3064
26017388,3195
26020771,3078
26024033,3089
26027304,3088
26030545,3159
26033880,3069
26037130,3070
26040384,3087
26043666,3103
26046953,3090
26050223,3069
26053474,3113
26056769,3073
26060036,3072
26063258,3125
26066608,3069
26069860,3072
26073114,3099
26076389,3100
26079733,3140
26083055,3095
26086335,3072
26089663,3073
26092884,3069
26096138,3173
26099461,3131
26102788,3082
26106063,3099
26109345,3135
26112659,3074
26115862,3062
26119105,3073
26122332,3151
26125670,3079
26128904,3065
26132148,3095
26135423,3148
26138760,3080
26141991,3060
26145257,3139
26148604,3115
26151870,3120
26155176,3084
26158450,3157
26161757,3072
26165010,3080
26168273,3095
26171517,3113
26174828,3076
26178056,3070
26181307,3113
26184638,3083
26187889,3075
26191142,3060
26194383,3096
26197674,3103
26200955,3072
26204208,3113
26207474,3147
26210790,3065
26214037,3075
26217261,3137
26220639,3083
26223905,3075
26227129,3075
26230389,3113
26233711,3127
26237006,3063
26240249,3080
26243490,3198
26246810,3083
26250073,3078
26253301,3092
26256616,3111
26259909,3063
26263159,3071
26266379,3100
26269665,3078
26272891,3071
26276143,3102
26279426,3072
26282676,3093
26285952,3064
26289199,3089
26292468,3106
26295751,3067
26298962,3075
26302219,3127
26305492,3126
26308766,3087
26312033,3080
26315266,3089
26318536,3173
26321891,3122
26325195,3133
26328508,3128
26331786,3083
26335051,3095
26338325,3156
26341703,3121
26345007,3087
26348277,3099
26351523,3212
26354866,3098
26358143,3079
26361371,3114
26364703,3069
26367915,3060
26371162,3098
26374444,3093
26377721,3111
26381017,3081
26384279,3086
26387549,3108
26390840,3080
26394102,3086
26397342,3141
26400686,3085
26403957,3071
26407182,3077
26410442,3107
26413737,3143
26417048,3071
26420299,3138
26423677,3067
26426928,3078
26430187,3082
26433421,3162
26436766,3084
26440030,3067
26443251,3075
26446509,3182
26449843,3102
26453128,3108
26456416,3072
26459704,3078
26462941,3073
26466199,3097
26469478,3153
26472780,3072
26476034,3073
26479290,3076
26482517,3185
26485890,3080
26489152,3065
26492370,3089
26495655,3063
26498852,3134
26502168,3072
26505421,3146
26508755,3074
26511981,3084
26515246,3096
26518524,3134
26521821,3068
26525074,3074
26528331,3772
26532262,3119
26535661,3078
26538933,3085
26542168,3114
26545471,3170
26548836,3127
26552155,3074
26555383,3107
26558710,3085
26561948,3059
26565152,3091
26568408,3082
26571691,3108
26574982,3073
26578237,3097
26581488,3126
26584771,3072
26588027,3116
26591323,3227
26594726,3115
26598024,3079
26601291,3153
26604685,3078
26607943,3086
26611207,3094
26614462,3183
26617790,3066
26621040,3074
26624294,3141
26627647,3077
26630890,3078
26634146,3056
26637414,3115
26640745,3080
26644005,3082
26647268,3215
26650676,3074
26653912,3065
26657158,3064
26660402,3111
26663678,3068
26666929,3070
26670178,3097
26673456,3125
26676765,3115
26680060,3083
26683322,3072
26686605,3156
26689901,3079
26693146,3073
26696395,3082
26699668,3067
26702898,3073
26706149,3066
26709399,3089
26712682,3064
26715912,3071
26719163,3058
26722402,3186
26725785,3066
26729029,3064
26732274,3129
26735616,3107
26738904,3071
26742168,3073
26745488,3172
26748821,3102
26752102,3068
26755349,3087
26758637,3130
26761962,3073
26765215,3083
26768482,3135
26771793,3091
26775065,3093
26778336,3168
26781685,3055
26784920,3073
26788174,3123
26791474,3111
26794761,3057
26797998,3073
26801250,3143
26804590,3080
26807835,3080
26811067,3075
26814326,3082
26817626,3082
26820875,3073
26824131,3094
26827410,3099
26830734,3077
26833961,3072
26837212,3073
26840468,3194
26843849,3061
26847089,3077
26850342,3097
26853626,3071
26856872,3065
26860121,3071
26863372,3098
26866656,3082
26869890,3069
26873142,3094
26876415,3092
26879674,3115
26882955,3097
26886234,3083
26889499,3123
26892814,3076
26896067,3086
26899292,3092
26902520,3096
26905762,3066
26908982,3074
26912239,3180
26915644,3096
26918891,3066
26922141,3105
26925427,3097
26928757,3077
26931985,3075
26935244,3128
26938525,3090
26941801,3101
26945089,3091
26948347,3160
26951694,3059
26954935,3078
26958190,3071
26961410,3110
26964740,3071
26967961,3073
26971219,3107
26974504,3162
26977846,3076
26981072,3077
26984333,3181
26987710,3062
26990916,3077
26994176,3099
26997453,3130
27000734,3072
27003991,3075
27007244,3122
27010549,3163
27013890,3062
27017104,3065
27020353,3141
27023663,3084
27026931,3085
27030195,3108
27033455,3183
27036786,3073
27040041,3077
27043299,3114
27046628,3089
27049896,3083
27053157,3055
27056388,3087
27059667,3117
27062960,3077
27066201,3067
27069447,3219
27072857,3089
27076128,3086
27079392,3095
27082713,3076
27085971,3107
27089261,3075
27092518,3147
27095846,3082
27099079,3065
27102325,3116
27105631,3106
27108919,3071
27112139,3063
27115384,3164
27118733,3106
27122021,3090
27125289,3111
27128585,3077
27131839,3066
27135090,3079
27138320,3157
27141692,3081
27144923,3074
27148180,3091
27151450,3169
27154795,3092
27158033,3061
27161285,3109
27164543,3088
27167811,3072
27171068,3074
27174290,3096
27177575,3141
27180903,3066
27184149,3090
27187422,3223
27190819,3118
27194077,3080
27197300,3198
27201551,3178
27204895,3077
27208156,3080
27211390,3101
27214735,3111
27218028,3080
27221259,3075
27224516,3096
27227798,3075
27231021,3073
27234275,3120
27237586,3117
27240851,3071
27244103,3093
27247379,3121
27250669,3080
27253929,3086
27257195,3092
27260438,3113
27263722,3106
27267010,3065
27270255,3165
27273634,3082
27276897,3093
27280169,3073
27283391,3080
27286670,3077
27289897,3072
27293150,3103
27296434,3222
27299809,3080
27303070,3091
27306346,3129
27309675,3113
27312975,3094
27316253,3120
27319563,3125
27322866,3058
27326110,3097
27329385,3086
27332663,3079
27335928,3070
27339178,3088
27342443,3154
27345746,3071
27349002,3098
27352278,3124
27355595,3088
27358866,3101
27362154,3076
27365398,3115
27368707,3073
27371935,3081
27375204,3083
27378468,3218
27381836,3114
27385132,3085
27388400,3237
27391770,3072
27394995,3072
27398250,3093
27401523,3124
27404798,3088
27408071,3066
27411317,3145
27414648,3096
27417883,3064
27421088,3065
27424336,3238
27427763,3072
27430988,3078
27434250,3134
27437592,3077
27440835,3076
27444097,3075
27447351,3129
27450681,3077
27453942,3101
27457221,3078
27460450,3217
27463779,3063
27466991,3069
27470243,3096
27473504,3133
27476791,3090
27480057,3082
27483298,3112
27486623,3090
27489883,3085
27493153,3087
27496422,3103
27499732,3088
27502999,3075
27506228,3112
27509523,3111
27512819,3069
27516072,3101
27519351,3146
27522659,3077
27525919,3082
27529187,3083
27532421,3107
27535721,3080
27538952,3066
27542206,3119
27545506,3154
27548888,3137
27552207,3144
27555534,3167
27558854,3117
27562133,3076
27565392,3092
27568715,3066
27571925,3070
27575178,3136
27578485,3139
27581856,3071
27585098,3071
27588313,3123
27591627,3098
27594875,3078
27598134,3102
27601416,3119
27604757,3076
27608014,3110
27611292,3114
27614607,3130
27617930,3143
27621265,3133
27624595,3078
27627845,3070
27631101,3084
27634370,3133
27637673,3074
27640916,3082
27644168,3074
27647409,3119
27650716,3069
27653953,3078
27657199,3084
27660450,3190
27663820,3073
27667062,3084
27670315,3153
27673683,3147
27676999,3073
27680239,3142
27683565,3100
27686822,3090
27690055,3069
27693292,3090
27696551,3183
27699880,3081
27703127,3089
27706383,3073
27709630,3079
27712881,3159
27716207,3087
27719462,3132
27722758,3068
27725995,3065
27729229,3112
27732511,3092
27735772,3073
27739013,3085
27742267,3118
27745563,3086
27748827,3066
27752059,3081
27755308,3127
27758607,3070
27761803,3095
27765051,3075
27768295,3121
27771609,3072
27774861,3067
27778112,3066
27781348,3115
27784604,3080
27787830,3060
27791059,3076
27794303,3144
27797660,3134
27800978,3080
27804235,3096
27807483,3121
27810775,3068
27813988,3066
27817242,3107
27820515,3145
27823844,3069
27827079,3078
27830342,3124
27833658,3117
27836954,3065
27840172,3064
27843405,3185
27846743,3071
27849986,3074
27853227,3161
27856564,3129
27859824,3076
27863069,3103
27866347,3112
27869612,3105
27872865,3075
27876088,3090
27879347,3129
27882650,3083
27885901,3078
27889146,3071
27892382,3120
27895656,3076
27898900,3076
27902144,3073
27905385,3154
27908711,3076
27911955,3090
27915213,3087
27918467,3106
27921741,3075
27924982,3070
27928230,3125
27931520,3127
27934831,3071
27938071,3069
27941309,3081
27944575,3081
27947816,3085
27951067,3080
27954289,3062
27957538,3115
27960841,3097
27964092,3089
27967351,3085
27970653,3084
27973889,3073
27977146,3110
27980423,3128
27983723,3085
27986988,3063
27990222,3113
27993474,3114
27996729,3075
28000010,3123
28003313,3161
28006666,3089
28009899,3059
28013127,3068
28016366,3144
28019696,3198
28023076,3088
28026309,3078
28029583,3108
28032867,3127
28036161,3082
28039411,3110
28042716,3114
28046009,3070
28049229,3086
28052496,3145
28055813,3110
28059107,3119
28062392,3085
28065701,3064
28068931,3086
28072201,3118
28075485,3093
28078745,3076
28082004,3096
28085281,3125
28088567,3094
28091839,3056
28095082,3071
28098334,3144
28101645,3078
28104906,3066
28108158,3079
28111424,3189
28114802,3075
28118042,3077
28121303,3144
28124637,3079
28127879,3061
28131120,3087
28134378,3098
28137709,3070
28140961,3100
28144240,3114
28147542,3151
28150858,3126
28154163,3160
28157466,3154
28160793,3100
28164078,3095
28167357,3117
28170644,3081
28173910,3070
28177143,3094
28180414,3123
28183782,3078
28187027,3063
28190276,3111
28193615,3068
28196861,3074
28200111,3052
28203347,3144
28206699,3144
28210029,3080
28213301,3090
28216550,3147
28219863,3079
28223107,3080
28226370,3146
28229735,3108
28233012,3078
28236276,3122
28239615,3075
28242859,3087
28246089,3075
28249350,3132
28252670,3111
28255951,3076
28259209,3122
28262519,3195
28265844,3082
28269069,3072
28272322,3123
28275634,3118
28278931,3071
28282152,3064
28285383,3093
28288676,3140
28291984,3076
28295246,3084
28298510,3145
28301829,3126
28305138,3076
28308395,3076
28311689,3128
28314985,3064
28318232,3111
28321491,3076
28324774,3131
28328084,3070
28331342,3201
28334735,3068
28337969,3080
28341221,3101
28344488,3123
28347796,3096
28351074,3097
28354354,3110
28357693,3139
28361004,3065
28364253,3142
28367587,3163
28370886,3076
28374117,3063
28377364,3147
28380691,3078
28383952,3090
28387226,3090
28390481,3191
28393856,3062
28397103,3094
28400385,3093
28403713,3065
28406963,3074
28410219,3082
28413466,3163
28416777,3080
28420050,3115
28423310,3131
28426628,3089
28429888,3077
28433108,3088
28436380,3207
28439737,3091
28443001,3078
28446217,3082
28449483,3196
28452828,3125
28456120,3077
28459382,3116
28462733,3135
28466049,3080
28469295,3094
28472580,3111
28475867,3116
28479163,3085
28482430,3251
28485829,3121
28489118,3067
28492373,3123
28495713,3065
28498947,3096
28502180,3058
28505410,3215
28508798,3108
28512100,3092
28515374,3094
28518627,3105
28521903,3077
28525163,3072
28528417,3089
28531679,3083
28534942,3086
28538171,3074
28541426,3125
28544737,3072
28547975,3121
28551242,3114
28554523,3131
28557792,3075
28561053,3145
28564377,3167
28567714,3106
28571004,3063
28574251,3126
28577583,3136
28580878,3058
28584116,3118
28587409,3105
28590708,3089
28593984,3078
28597214,3114
28600511,3142
28603840,3075
28607101,3089
28610374,3218
28613761,3072
28617017,3121
28620317,3134
28623625,3112
28626906,3061
28630109,3065
28633358,3088
28636658,3110
28639951,3111
28643243,3126
28646523,3103
28649805,3064
28653051,3074
28656294,3101
28659585,3092
28662805,3095
28666042,3067
28669294,3186
28672668,3117
28675976,3077
28679233,3117
28682505,3118
28685807,3107
28689091,3088
28692334,3106
28695641,3074
28698868,3064
28702116,3107
28705408,3093
28708695,3101
28711978,3054
28715215,3096
28718488,3116
28721757,3074
28725016,3078
28728275,3122
28731547,3078
28734810,3073
28738065,3067
28741283,3109
28744565,3076
28747823,3067
28751039,3072
28754294,3114
28757609,3072
28760830,3141
28764150,3063
28767365,3075
28770634,3082
28773868,3068
28777120,3086
28780389,3140
28783733,3062
28786949,3065
28790199,3083
28793461,3116
28796754,3062
28799959,3071
28803213,3105
28806497,3152
28809784,3075
28813011,3074
28816270,3085
28819535,3084
28822780,3138
28826057,3078
28829278,3092
28832581,3121
28835876,3065
28839133,3079
28842356,3080
28845605,3115
28848907,3122
28852209,3098
28855479,3186
28858831,3087
28862062,3074
28865319,3182
28868715,3110
28871992,3071
28875248,3088
28878518,3137
28881789,3072
28885013,3071
28888268,3091
28891539,3121
28894823,3078
28898086,3067
28901318,3116
28904603,3077
28907865,3114
28911158,3072
28914382,3100
28917665,3119
28920952,3079
28924214,3164
28927593,3085
28930857,3074
28934113,3076
28937372,3120
28940702,3123
28944007,3092
28947282,3106
28950592,3141
28953895,3066
28957145,3076
28960405,3116
28963702,3076
28966919,3056
28970157,3073
28973405,3126
28976680,3067
28979908,3073
28983123,3068
28986375,3186
28989729,3076
28992933,3060
28996154,3060
28999358,3157
29002652,3116
29005950,3071
29009173,3080
29012437,3099
29015725,3089
29018982,3064
29022223,3138
29025545,3165
29028877,3063
29032123,3086
29035394,3131
29038722,3071
29041944,3074
29045201,3098
29048467,3191
29051808,3076
29055067,3113
29058314,3143
29061626,3094
29064900,3077
29068131,3082
29071396,3081
29074693,3115
29077988,3072
29081214,3105
29084511,3113
29087804,3077
29091069,3088
29094325,3155
29097730,3078
29100995,3074
29104226,3103
29107514,3130
29110817,3116
29114112,3109
29117400,3069
29120684,3079
29123912,3072
29127168,3094
29130441,3106
29133754,3079
29137017,3073
29140267,3110
29143525,3100
29146809,3088
29150077,3074
29153330,3132
29156615,3121
29159845,3156
29163150,3065
29166382,3165
29169722,3104
29173007,3087
29176263,3109
29179572,3078
29182833,3067
29186082,3065
29189323,3167
29192669,3084
29195930,3105
29199191,3161
29202536,3190
29205907,3073
29209133,3087
29212406,3208
29215777,3086
29219047,3098
29222325,3090
29225587,3139
29228903,3063
29232144,3086
29235383,3090
29238675,3109
29241963,3068
29245182,3090
29248456,3090
29251767,3127
29255064,3068
29258318,3087
29261582,3076
29264816,3103
29268096,3074
29271321,3082
29274632,3096
29277907,3065
29281123,3072
29284378,3105
29287667,3077
29290895,3065
29294143,3076
29297398,3072
29300641,3075
29303827,3127
29307096,3064
29310343,3158
29313701,3135
29317021,3095
29320296,3117
29323583,3072
29326830,3058
29330071,3076
29333299,3157
29336745,3108
29340039,3102
29343324,3097
29346586,3085
29349852,3083
29353086,3071
29356339,3084
29359623,3116
29362906,3087
29366175,3124
29369474,3118
29372759,3089
29376028,3067
29379264,3091
29382492,3143
29385787,3067
29389042,3083
29392308,3180
29395693,3117
29398992,3077
29402251,3093
29405538,3157
29408881,3071
29412133,3092
29415412,3102
29418753,3076
29421980,3074
29425238,3099
29428519,3121
29431823,3154
29435143,3065
29438391,3118
29441705,3078
29444963,3067
29448182,3077
29451443,3118
29454749,3067
29457973,3079
29461238,3102
29464519,3113
29467799,3072
29471058,3086
29474323,3140
29477624,3097
29480858,3091
29484129,3067
29487388,3152
29490696,3079
29493945,3075
29497206,3106
29500495,3101
29503748,3072
29507005,3072
29510258,3088
29513529,3120
29516839,3065
29520084,3100
29523365,3122
29526664,3070
29529917,3095
29533191,3084
29536426,3214
29539769,3068
29542988,3065
29546237,3100
29549533,3232
29552909,3124
29556217,3145
29559545,3105
29562818,3069
29566049,3088
29569317,3107
29572626,3098
29575905,3118
29579201,3088
29582442,3182
29585770,3071
29589028,3101
29592314,3083
29595563,3113
29598859,3073
29602114,3065
29605333,3076
29608615,3255
29611976,3063
29615182,3080
29618449,3199
29621810,3064
29625059,3105
29628344,3110
29631646,3137
29634935,3074
29638153,3071
29641407,3183
29644782,3083
29648016,3072
29651267,3066
29654516,3224
29657890,3081
29661153,3089
29664424,3395
29667969,3074
29671228,3114
29674531,3096
29677824,3083
29681059,3072
29684312,3191
29687709,3107
29690997,3089
29694266,3084
29697504,3171
29700787,3073
29704011,3085
29707278,3094
29710565,3099
29713831,3083
29717095,3129
29720408,3180
29723749,3071
29727001,3077
29730259,3078
29733489,3202
29736873,3108
29740150,3079
29743417,3127
29746742,3118
29750042,3072
29753295,3078
29756567,3088
29759822,3077
29763084,3083
29766346,3127
29769673,3067
29772891,3078
29776153,3072
29779406,3109
29782706,3058
29785932,3108
29789177,3090
29792409,3178
29795770,3129
29799068,3079
29802324,3125
29805657,3082
29808911,3070
29812164,3095
29815443,3076
29818706,3086
29821975,3065
29825225,3102
29828486,3140
29831798,3067
29835051,3097
29838335,3164
29841697,3082
29844919,3064
29848168,3072
29851422,3189
29854742,3081
29858002,3074
29861231,3086
29864505,3162
29867838,3111
29871131,3080
29874397,3092
29877677,3085
29880942,3082
29884173,3083
29887439,3100
29890722,3118
29894022,3091
29897298,3168
29900678,3079
29903909,3072
29907165,3102
29910446,3119
29913741,3085
29916990,3069
29920244,3124
29923549,3123
29926849,3048
29930075,3069
29933298,3108
29936600,3061
29939805,3070
29943060,3111
29946354,3101
29949634,3100
29952877,3071
29956135,3074
29959390,3129
29962774,3121
29966077,3095
29969349,3082
29972594,3082
29975861,3071
29979112,3075
29982338,3083
29985620,3102
29988902,3070
29992123,3070
29995376,3085
29998658,3135
30001976,3080
30005241,3096
30008515,3119
30011816,3057
30015053,3076
30018313,3127
30021601,3143
30024909,3052
30028143,3083
30031378,3160
30034725,3072
30037947,3075
30041206,3099
30044503,3114
30047803,3082
30051069,3090
30054340,3091
30057626,3089
30060867,3063
30064112,3091
30067387,3084
30070679,3126
30073989,3126
30077299,3131
30080606,3075
30083858,3079
30087115,3065
30090329,3152
30093695,3063
30096917,3075
30100178,3073
30103433,3180
30106804,3076
30110032,3060
30113273,3141
30116604,3080
30119867,3123
30123175,3080
30126439,3187
30129773,3089
30133045,3075
30136304,3083
30139535,3130
30142824,3065
30146072,3075
30149299,3123
30152651,3083
30155915,3086
30159179,3078
30162410,3105
30165707,3098
30168975,3064
30172221,3078
30175450,3167
30178798,3086
30182052,3091
30185328,3082
30188602,3061
30191821,3103
30195105,3071
30198357,3107
30201649,3087
30204888,3072
30208143,3069
30211392,3129
30214699,3078
30217940,3061
30221144,3078
30224392,3089
30227713,3061
30230956,3077
30234175,3084
30237442,3076
30240772,3055
30244009,3080
30247268,3105
30250524,3111
30253829,3076
30257054,3074
30260309,3094
30263616,3111
30266885,3120
30270191,3073
30273446,3177
30276808,3061
30280014,3063
30283246,3142
30286576,3080
30289837,3062
30293077,3084
30296342,3137
30299696,3077
30302957,3110
30306249,3098
30309497,3142
30312819,3078
30316078,3080
30319313,3115
30322627,3095
30325862,3065
30329115,3082
30332378,3086
30335666,3120
30338968,3084
30342231,3084
30345468,3202
30348818,3053
30352055,3077
30355282,3069
30358533,3093
30361814,3071
30365070,3076
30368295,3100
30371598,3101
30374886,3062
30378117,3079
30381382,3109
30384672,3073
30387901,3073
30391161,3076
30394411,3113
30397717,3085
30400947,3064
30404193,3163
30407538,3113
30410840,3071
30414093,3067
30417312,3143
30420646,3069
30423854,3128
30427162,3077
30430393,3140
30433728,3084
30436993,3083
30440229,3082
30443494,3099
30446758,3072
30450017,3079
30453280,3151
30456627,3099
30459909,3070
30463158,3067
30466379,3121
30469692,3086
30472959,3079
30476190,3080
30479456,3177
30482831,3115
30486130,3066
30489375,3095
30492641,3099
30495920,3076
30499161,3052
30502393,3093
30505669,3074
30508909,3065
30512153,3065
30515379,3099
30518686,3113
30521985,3123
30525278,3103
30528639,3086
30531907,3067
30535126,3087
30538379,3080
30541648,3138
30544987,3150
30548326,3251
30551758,3070
30554975,3085
30558280,3151
30561636,3107
30564931,3119
30568192,3150
30571524,3138
30574845,3064
30578091,3095
30581365,3092
30584655,3076
30587859,3135
30591175,3081
30594411,3212
30597778,3082
30601046,3083
30604313,3140
30607609,3115
30610876,3075
30614131,3074
30617359,3124
30620729,3073
30623981,3074
30627203,3097
30630465,3080
30633762,3065
30637012,3066
30640228,3089
30643503,3258
30646931,3064
30650172,3082
30653407,3143
30656700,3101
30659981,3072
30663205,3095
30666484,3151
30669813,3074
30673041,3074
30676299,3149
30679605,3079
30682860,3074
30686113,3078
30689342,3109
30692623,3073
30695839,3064
30699089,3072
30702341,3156
30705662,3079
30708926,3097
30712203,3127
30715482,3228
30718893,3095
30722168,3072
30725392,3135
30728766,3070
30732003,3064
30735251,3113
30738551,3162
30741842,3105
30745132,3091
30748406,3116
30751715,3107
30755008,3077
30758267,3112
30761579,3116
30764843,3124
30768145,3085
30771412,3065
30774669,3078
30777899,3060
30781141,3095
30784418,3130
30787731,3151
30791024,3095
30794261,3134
30797585,3138
30800906,3079
30804135,3081
30807398,3097
30810702,3117
30814001,3073
30817239,3073
30820466,3136
30823761,3072
30827013,3055
30830247,3101
30833532,3150
30836860,3066
30840108,3089
30843363,3097
30846656,3064
30849900,3091
30853157,3061
30856401,3103
30859684,3121
30862984,3057
30866218,3117
30869515,3089
30872772,3063
30876017,3068
30879250,3105
30882517,3125
30885782,3079
30889027,3074
30892279,3085
30895546,3166
30898893,3084
30902158,3072
30905395,3069
30908679,3092
30911955,3064
30915199,3087
30918469,3073
30921788,3087
30925055,3069
30928303,3077
30931606,3075
30934872,3095
30938149,3107
30941442,3085
30944701,3106
30947987,3071
30951221,3099
30954502,3115
30957800,3075
30961041,3057
30964279,3173
30967696,3112
30970987,3076
30974240,3094
30977514,3132
30980811,3112
30984104,3059
30987341,3068
30990603,3103
30993846,3091
30997122,3050
31000353,3087
31003652,3117
31006877,3077
31010118,3057
31013352,3122
31016645,3077
31019887,3066
31023134,3127
31026439,3182
31029800,3063
31033041,3065
31036284,3123
31039611,3075
31042851,3067
31046108,3063
31049337,3125
31052667,3077
31055913,3099
31059190,3104
31062462,3162
31065804,3066
31069050,3051
31072279,3086
31075543,3115
31078836,3060
31082075,3070
31085332,3076
31088628,3083
31091877,3074
31095129,3058
31098368,3127
31101715,3066
31104937,3060
31108180,3083
31111442,3150
31114746,3076
31118006,3072
31121257,3080
31124522,3116
31127824,3062
31131069,3082
31134328,3133
31137694,3089
31140966,3077
31144218,3120
31147512,3121
31150779,3075
31154040,3081
31157307,3091
31160548,3098
31163808,3083
31167072,3078
31170301,3092
31173585,3118
31176839,3092
31180074,3069
31183330,3168
31186689,3075
31189912,3084
31193177,3125
31196481,3200
31199832,3086
31203103,3409
31206963,3141
31210300,3106
31213570,3080
31216813,3089
31220084,3080
31223313,3121
31226667,3067
31229919,3122
31233225,3112
31236521,3190
31239845,3083
31243081,3069
31246332,3174
31249696,3098
31252936,3064
31256183,3097
31259464,3226
31262856,3076
31266115,3131
31269395,3128
31272661,3113
31275959,3088
31279201,3071
31282457,3113
31285758,3076
31288987,3093
31292251,3081
31295476,3162
31298874,3085
31302115,3077
31305331,3108
31308646,3079
31311917,3081
31315148,3067
31318396,3103
31321696,3083
31324960,3088
31328228,3098
31331475,3093
31334742,3086
31338014,3106
31341302,3153
31344637,3086
31347892,3069
31351105,3076
31354377,3138
31357690,3105
31360982,3082
31364245,3164
31367610,3124
31370917,3086
31374190,3075
31377446,3225
31380796,3075
31384027,3065
31387279,3088
31390546,3183
31393882,3076
31397142,3096
31400416,3168
31403745,3059
31406989,3088
31410256,3108
31413550,3136
31416872,3085
31420122,3076
31423377,3143
31426691,3079
31429954,3093
31433228,3118
31436494,3157
31439766,3076
31442996,3066
31446246,3121
31449546,3111
31452823,3076
31456083,3074
31459339,3132
31462629,3077
31465890,3077
31469147,3068
31472366,3136
31475691,3066
31478935,3066
31482152,3061
31485397,3126
31488736,3131
31492050,3128
31495358,3141
31498698,3073
31501939,3065
31505147,3068
31508401,3086
31511740,3092
31515001,3063
31518243,3097
31521526,3092
31524778,3114
31528060,3068
31531294,3097
31534536,3111
31537826,3072
31541082,3067
31544333,3097
31547607,3145
31550932,3080
31554192,3083
31557430,3104
31560722,3073
31563946,3076
31567208,3148
31570500,3164
31573834,3058
31577077,3074
31580333,3138
31583659,3067
31586863,3131
31590176,3067
31593395,3125
31596714,3061
31599928,3085
31603198,3084
31606461,3102
31609798,3117
31613100,3096
31616384,3086
31619648,3078
31622870,3066
31626121,3075
31629378,3096
31632662,3057
31635848,3085
31639113,3074
31642334,3136
31645664,3078
31648890,3076
31652151,3102
31655431,3221
31658837,3086
31662101,3074
31665327,3127
31668701,3057
31671938,3066
31675155,3073
31678414,3082
31681702,3118
31685002,3103
31688291,3120
31691635,3089
31694877,3070
31698131,3086
31701395,3129
31704716,3125
31707986,3075
31711248,3148
31714605,3082
31717874,3060
31721111,3087
31724347,3094
31727655,3082
31730887,3073
31734145,3095
31737424,3098
31740717,3117
31743978,3076
31747242,3109
31750531,3103
31753796,3063
31757042,3086
31760307,3088
31763544,3130
31766856,3095
31770134,3073
31773400,3093
31776680,3088
31779953,3067
31783199,3067
31786419,3099
31789696,3088
31792968,3067
31796189,3083
31799454,3196
31802836,3093
31806111,3070
31809362,3105
31812658,3071
31815881,3075
31819141,3073
31822390,3111
31825699,3075
31828935,3059
31832160,3047
31835371,3066
31838595,3101
31841857,3066
31845102,3071
31848324,3085
31851612,3241
31854960,3073
31858177,3087
31861446,3171
31864751,3112
31868047,3091
31871320,3166
31874659,3087
31877928,3078
31881159,3072
31884412,3132
31887834,3110
31891113,3079
31894379,3109
31897730,3065
31900978,3085
31904240,3490
31907888,3077
31911150,3113
31914442,3153
31917749,3073
31921007,3105
31924295,3118
31927604,3075
31930866,3077
31934097,3073
31937354,3094
31940658,3112
31943949,3076
31947203,3081
31950437,3181
31953742,3092
31957012,3065
31960227,3109
31963521,3095
31966804,3073
31970027,3083
31973296,3129
31976653,3139
31979975,3110
31983264,3113
31986528,3132
31989845,3074
31993098,3063
31996313,3124
31999624,3088
32002871,3074
32006130,3086
32009396,3123
32012713,3084
32015936,3050
32019129,3080
32022396,3089
32025708,3066
32028956,3110
32032246,3224
32035649,3133
32038965,3075
32042194,3078
32045456,3124
32048798,3083
32052031,3076
32055290,3088
32058582,3142
32061872,3063
32065078,3077
32068342,3087
32071616,3082
32074845,3163
32078190,3078
32081458,3188
32084800,3083
32088020,3077
32091241,3101
32094508,3143
32097793,3054
32100989,3068
32104242,3088
32107512,3154
32110846,3129
32114161,3102
32117441,3106
32120779,3083
32124005,3077
32127268,3100
32130548,3111
32133822,3079
32137083,3070
32140330,3129
32143639,3064
32146848,3081
32150114,3076
32153370,3145
32156698,3062
32159928,3062
32163156,3081
32166373,3106
32169649,3077
32172869,3076
32176131,3071
32179384,3165
32182725,3120
32186031,3083
32189295,3129
32192608,3071
32195819,3072
32199035,3074
32202293,3175
32205716,3070
32208933,3069
32212185,3101
32215466,3127
32218744,3071
32221999,3087
32225264,3105
32228570,3114
32231833,3111
32235124,3079
32238380,3090
32241681,3095
32244926,3067
32248178,3083
32251441,3209
32254825,3088
32258056,3075
32261315,3093
32264609,3132
32267887,3062
32271115,3051
32274330,3132
32277613,3107
32280889,3080
32284159,3075
32287385,3089
32290665,3079
32293899,3082
32297166,3089
32300436,3115
32303738,3128
32307032,3066
32310240,3131
32313563,3100
32316843,3062
32320054,3077
32323312,3189
32326768,3079
32330012,3053
32333243,3087
32336479,3248
32339867,3074
32343124,3105
32346408,3087
32349671,3075
32352891,3066
32356143,3077
32359394,3065
32362653,3112
32365945,3089
32369217,3096
32372468,3142
32375758,3060
32378996,3076
32382223,3084
32385488,3135
32388797,3064
32392041,3124
32395349,3148
32398677,3086
32401947,3072
32405199,3094
32408470,3150
32411807,3112
32415102,3107
32418387,3093
32421680,3084
32424931,3074
32428147,3078
32431406,3140
32434790,3062
32438040,3075
32441264,3093
32444524,3149
32447853,3068
32451072,3072
32454328,3156
32457639,3101
32460924,3069
32464172,3060
32467383,3155
32470726,3084
32473962,3065
32477212,3113
32480506,3117
32483772,3072
32487028,3070
32490277,3131
32493624,3090
32496898,3069
32500146,3074
32503368,3079
32506653,3073
32509911,3089
32513183,3078
32516410,3111
32519732,3074
32522958,3075
32526218,3127
32529531,3097
32532782,3082
32536045,3095
32539322,3155
32542727,3128
32546040,3083
32549325,3119
32552636,3091
32555878,3072
32559132,3135
32562436,3152
32565776,3069
32569029,3095
32572261,3116
32575607,3079
32578870,3063
32582122,3088
32585360,3150
32588701,3076
32591956,3070
32595176,3083
32598443,3087
32601724,3068
32604946,3074
32608205,3126
32611520,3150
32614835,3081
32618101,3095
32621375,3125
32624696,3092
32627926,3077
32631147,3076
32634406,3139
32637777,3054
32641012,3104
32644292,3081
32647523,3173
32650838,3064
32654080,3068
32657297,3077
32660597,3086
