1127,4893
1268,2841
1706,6536
1891,4074
2246,3071
3075,2948
3197,2875
3418,3439
4845,3564
5832,3027
6572,3017
6709,3190
6951,2793
8098,3148
8568,2878
8724,3369
9101,3424
9281,3622
10593,3242
11636,4275
11907,3086
12127,2954
12282,2995
12841,2899
13003,3133
13060,3017
13226,3071
13360,3139
13429,3149
13575,3158
13962,2861
14121,2828
14255,3206
14401,3110
14716,3033
15043,3050
15238,2795
15419,3670
15525,3042
16613,3105
17007,2985
17410,2927
17714,3465
18573,3027
18700,3461
18847,3260
18893,3129
19181,3064
19351,3114
19388,3184
20112,2901
20147,3016
20436,2948
20445,3300
20607,3279
20668,4069
20835,4047
20841,3318
21014,3371
21210,3443
21403,3264
21439,3260
21567,3259
21725,3752
21829,3540
22398,3251
22628,3202
22804,3148
23001,3270
23481,2945
23633,3481
23832,3488
23963,3747
25050,2870
25215,3312
25556,3482
25746,3441
25975,3359
26389,3140
26702,3248
26797,3202
26893,3226
27240,3047
27365,3020
28057,2878
28079,3258
28218,3220
28241,3212
28367,3175
28438,3205
28569,3376
28572,3462
28692,3426
29359,3076
29509,3064
29659,3393
29803,3323
29928,3641
30444,3187
30481,3350
30628,3510
30798,3715
31637,3227
32205,2889
32411,2942
32577,2860
32615,3206
32915,3134
33177,3467
33260,4199
33305,3894
33420,3729
33505,3744
33620,3678
34016,3516
34343,3344
34944,3128
35427,2865
35610,2856
35634,3107
35862,2994
35885,3371
36025,3681
36169,3181
36187,3238
36382,3542
36536,3382
36704,4150
36725,3750
36941,3481
37070,3516
37207,3447
38365,3024
38552,2976
38999,3126
39181,2995
39387,2932
39532,3135
39719,3139
40567,2944
40725,3059
41106,3142
41289,3193
41443,3115
41570,3623
41571,3384
41721,3551
42067,3576
42276,3439
42396,3476
42501,3449
43478,2800
43576,2941
43822,4071
43878,3077
43941,3757
44082,3738
44214,3783
44338,3831
44355,3861
44515,3893
44635,3875
45255,3577
45445,3459
46476,2834
46555,3269
46710,3215
46732,3309
46919,3474
47004,3535
47207,3541
47378,3668
47623,3355
47831,3532
48099,3449
48243,3469
48260,3774
49106,3252
49127,3143
49274,3185
49419,3807
49466,3539
49641,3435
49870,3442
49955,3515
50251,3393
50466,3621
50699,3469
50814,3507
50959,3525
51873,3266
52005,3735
52097,3336
52123,3707
52284,3321
52591,4041
52981,3411
53256,3374
53349,3335
53512,3235
53663,3326
54641,2977
54674,3354
54803,2945
54835,3234
54952,3179
55218,3418
55263,4013
55436,4067
55447,3765
55556,4043
55699,3698
56307,3671
56463,3673
56511,4097
56654,4012
58250,2878
58273,3338
58427,3644
58465,3948
58590,3538
58728,4586
58763,4079
58799,4366
59019,4103
59049,4241
59109,4571
59611,4442
60911,3436
61141,3297
61240,3327
61280,3519
61374,3857
61399,3965
61549,3981
61924,3916
62082,3809
62224,4159
62271,4215
62398,4164
62533,4118
62726,4386
62883,4334
63152,4115
63327,4070
63354,4176
63534,4376
63569,4588
63716,4431
63922,4938
64627,4362
64679,4399
64771,4353
64838,4405
64949,4426
65071,4650
65084,4745
65208,4675
65332,4890
65555,5471
65741,5406
66709,4488
66814,4480
66988,4258
67185,4253
67368,4005
67409,4237
67580,4017
67604,4267
67772,4612
68279,4086
68494,3972
68499,4065
69407,3978
69608,3570
69926,3658
70034,3407
70121,4043
70327,3318
70482,3493
70655,4383
70916,3821
71080,4116
71347,3798
71483,3762
72572,2971
72810,2890
73038,3423
73218,3195
73409,3757
73618,3664
73811,3336
74228,3268
74373,3187
74532,3667
74810,3581
75103,3278
75232,3454
75287,3546
76263,2946
76469,2851
76473,3007
76611,4624
76656,3853
76705,4896
76821,5180
76841,3997
76846,5188
76983,3989
77261,4015
77380,4705
77541,4597
77597,4250
77661,4240
77788,4265
77802,4400
78211,4047
78473,3893
80031,4582
80153,3683
80334,3554
80601,3498
81344,3759
81362,3457
82260,3015
82455,3099
82807,3092
83131,3166
83289,3061
83447,3786
83497,3147
83620,3550
84031,3262
84180,3162
84277,3472
84421,3679
84449,3570
84567,3928
84664,3939
84800,3919
84939,4187
85136,4106
85154,3862
85277,4076
85367,3920
85976,3611
86104,3766
86258,3689
86394,3778
86465,3821
86685,3672
86814,3651
87041,3525
87179,3491
87354,3475
88168,4098
88194,4186
88305,3861
88337,4186
88428,3829
88530,4062
88938,3937
89183,3753
89377,3650
90609,3069
90801,3622
90889,3298
91026,3754
91239,3794
91520,3632
91691,4519
91859,3820
91921,4224
92025,4113
92290,3750
93093,3168
93167,3179
93332,3345
93350,3347
93514,3508
93535,3710
93679,3759
93720,4673
93802,3743
93883,4414
93922,4492
94027,4516
94128,4675
94264,4870
94356,4712
94451,4865
94607,5182
95622,3996
95825,3886
96229,3814
96331,3839
96388,3683
96531,3727
96559,3749
96704,3911
97078,3797
97257,3600
97318,3885
97543,3500
97603,3646
97667,3812
97736,4597
97974,4410
98135,4297
98376,4105
99392,3525
99812,3538
99871,3711
100848,3039
101058,3264
101202,3335
101293,3227
101322,3726
101534,3803
101676,3344
101798,3476
101835,3538
102005,3902
102169,3830
102463,3946
102676,3814
102694,3716
102872,3779
102968,3571
103043,3793
104085,3139
104129,3205
104282,3389
104376,3715
104608,4301
105062,4228
105363,3748
105561,3810
105711,3801
105871,3987
106003,3875
106119,3808
106251,3725
107255,3146
107305,3082
107494,3949
107519,3227
107597,3681
107836,3846
107875,4482
108009,4228
108133,4271
108315,4347
108471,4620
108654,4356
108826,4239
108947,4175
109107,4500
109904,3979
110096,3688
110161,3746
110231,3698
110415,3874
110570,4133
110619,4004
110782,3792
110821,4031
110904,3957
110973,4135
111013,4193
111106,4451
111169,4863
111292,4890
111349,4881
111505,4775
111526,4923
111624,4869
114081,3547
114292,3582
114344,3582
114482,3884
114632,4026
114795,4015
114897,3998
114942,4037
115047,4054
115145,4050
115268,4025
115954,3890
116105,3804
116243,3782
116372,3875
116511,3794
116572,3386
116703,3371
116800,3370
116850,3427
116926,3459
117035,3482
117157,3429
117346,3759
117361,3764
117470,3776
117514,3877
117657,3883
117701,4301
120411,3085
122045,3315
122094,3038
122338,3142
122529,3152
123040,3166
123462,3634
123725,3734
123845,3014
123996,3309
124156,3444
124289,3677
124422,3618
124528,3720
124565,4018
124609,4024
124676,4494
125070,3985
125181,3878
125199,3908
125368,4256
125520,4512
125574,4301
125699,4579
125724,4540
126325,3906
126517,4316
126644,4340
126803,4946
126895,4301
126923,4457
127043,4234
127738,4224
127803,4474
128036,4280
128086,4125
128220,4444
128389,4768
128458,4665
128670,4524
128874,4499
129201,4291
129241,4337
129379,4334
129510,4608
129653,4456
129709,4507
129851,4660
130881,4643
131027,4309
131060,4159
131480,4143
131649,3924
132039,3664
132149,3732
132344,3591
132487,3855
132547,3895
133787,3386
133906,3338
134073,3428
134231,3981
134367,3824
134391,3470
134522,3720
134802,4282
135024,4113
135246,3939
135390,4131
135511,4111
135666,4127
135795,4071
135934,3981
137163,3248
137333,3547
137372,4021
137526,3817
137553,3889
137653,3906
137775,4060
137916,4081
137964,4478
138038,4378
138099,4559
138434,4289
138597,4620
138611,4644
138788,4570
138928,4513
139211,4382
139409,4235
140353,3677
140542,3818
140559,3563
140697,4538
140786,4350
140946,4252
141068,4185
141182,4477
141478,4493
141830,4610
141896,4276
142037,4196
142154,4189
142281,4515
142480,4369
142520,4479
142672,4364
143625,3651
143689,3715
143850,3716
143873,3843
144027,3902
144161,3821
144191,3871
144335,5836
144402,3939
144423,4179
144574,4682
144696,6094
144844,5936
145014,4895
145307,4679
145462,4624
147807,3662
148021,3145
148177,3175
148199,3198
148351,3192
148381,3240
148474,3687
148596,3647
148650,3273
148850,4023
148900,4063
149027,4113
149057,4185
149142,4223
149205,4139
149328,4148
149362,4225
149494,4229
149520,4410
151668,3656
153166,3445
154264,2887
154564,2991
154736,4608
154829,3151
154989,3058
155084,3748
155159,3906
155315,3835
155471,3728
155734,3830
155749,4476
156186,3942
156603,4086
156965,3674
156983,3803
157241,3900
157260,3866
157266,4779
157413,4544
157594,4597
157736,5611
157785,4534
157820,4895
157908,5382
158051,5558
158092,4752
158243,4775
158280,5380
158719,5270
158795,5044
158927,5245
159133,5019
159402,4702
159773,4449
159825,4653
160120,4818
160153,4853
160191,4946
160405,5090
160543,4810
160670,4758
160928,4676
161209,4335
161473,4396
161648,4373
162239,3881
162405,4499
162428,4800
162592,5070
162737,5236
162857,4728
163010,5016
163371,4710
163575,4907
165173,3748
165512,3288
166319,3005
166365,2974
166484,3106
166532,3582
166586,3566
166712,4847
166862,3735
167064,3617
167305,3556
167431,3554
167735,3344
167801,3820
167846,3414
168072,3354
168210,3297
168686,2925
168902,3041
169047,3192
169163,3365
169177,3286
169361,3683
169395,3799
169546,3718
169680,3692
169710,3948
169780,4003
171600,3655
171701,3618
172040,3330
172272,3919
172302,3392
172440,3562
172583,3476
172714,3939
172816,3618
172856,3765
173018,3860
173081,3969
173869,3272
173908,3285
174091,3168
174263,3267
174316,3523
174404,3299
174886,3956
175087,4226
176391,3459
176851,3607
177080,3471
177225,3388
177380,3580
177412,3772
177545,3691
177547,3855
178083,3359
178201,3404
178243,3250
178524,3102
178543,3323
178685,3386
178728,3479
178941,3351
178992,3852
179134,3730
179156,3833
179320,3833
179398,3887
179443,4001
179632,4425
179771,4561
179864,4539
181046,3879
181232,3758
181440,3669
181657,3506
181687,3583
181830,3914
181908,3937
182043,3909
182117,4198
182314,4200
182333,4250
182465,4452
182650,4587
183405,4192
183550,3996
183689,4206
184113,3931
184141,3926
184287,3832
184407,4339
185238,3764
185426,3678
185576,3582
185719,3737
186003,3521
186144,3485
186181,3687
186349,3592
186356,4122
186542,3635
186722,3692
186948,4021
187111,4042
187253,4024
187388,4029
187427,4198
187554,4160
187660,4206
188084,4040
188151,4394
188238,4194
188429,4053
189732,3997
189924,3752
190070,3857
190205,3774
190378,3649
190502,3622
190517,3917
190616,3884
190793,4209
191623,3702
191837,4055
191939,3377
191967,4583
192102,3780
192142,4064
192183,4160
192253,4043
192529,3879
192588,4018
192620,3991
192857,3826
193002,4119
193136,4136
193289,4116
194306,3419
194505,3243
194630,3280
194729,3566
195084,3341
195243,3118
195456,3428
195494,4123
195619,3993
196267,3657
196431,3616
196449,3874
196653,3659
196719,3836
196909,3522
197080,3580
198112,3087
198179,3180
198338,3288
198465,3667
198478,4206
198658,4420
198712,4608
198779,4351
198942,4447
198962,4612
199105,4827
199240,4745
199406,4627
200930,3384
200954,3432
201163,4240
201256,3816
201298,3896
201410,3717
201473,4024
201531,4043
201697,4628
201740,4773
201797,5063
201966,5158
201995,4980
202137,4886
202163,5130
202255,5024
202383,5212
202525,5120
202741,4957
204166,3832
204301,3813
204413,3832
204598,4118
204673,4112
205120,3760
205247,3827
205248,3840
205395,4059
205561,3953
205698,3861
205838,4139
205914,4293
206146,4267
206340,4346
206360,5219
206709,4733
206899,4400
207437,4193
207581,4159
207723,4652
207847,4232
208015,4143
208141,4109
209207,3668
209252,4496
209436,3562
209583,3547
209613,3848
209700,3588
209798,3820
209839,3693
209968,4117
210058,4199
210199,4318
210274,5286
210397,4991
210528,5097
210556,4639
213444,2978
213584,2953
213631,3046
213742,3405
213802,3294
213822,3254
214029,3178
214176,3974
214316,3887
214335,4100
214465,4036
214605,3993
214637,4076
214799,4428
214808,4534
214949,4479
215609,3870
215736,4181
215839,3728
215984,3694
216250,3955
217540,3112
217557,3331
217728,3523
217814,3690
217980,3656
218017,3541
218156,4681
218278,4217
218426,4150
218555,4333
218747,4265
218795,4097
218835,4043
219027,4097
219064,4475
219182,4206
219266,4211
221319,2980
221995,3172
222030,3215
224156,2959
224605,2807
224850,3047
224946,3257
225026,3226
225272,3029
225796,2989
225942,2896
226114,2873
226270,2972
226436,2971
226577,2976
226713,3147
226805,4257
226838,4367
226981,3853
227133,4038
227383,3629
227499,3609
227930,3545
228040,3342
228194,3289
228612,3087
228875,3052
229024,3126
229383,3152
229526,3347
229656,3270
229743,3675
229955,3487
230151,3348
230354,3212
230586,3248
230815,3255
231299,3072
231583,2946
231799,3148
231930,3105
232026,3388
232110,3305
232282,3533
232509,3387
232651,4527
232987,3164
233061,3797
233535,3245
233607,3418
233673,3396
234149,2969
234371,3437
234504,4365
234605,4362
234743,3267
234898,3688
235089,3546
235237,4151
235595,3807
235980,3358
236211,3778
236363,3535
236485,3876
236576,5075
236596,3540
236612,4916
236653,4520
236703,4878
236853,3446
237451,4014
237686,3854
237846,3625
237902,4276
238159,3937
238348,3919
238384,3845
238931,3404
239084,3372
239228,3329
239422,3699
239573,3614
239716,3625
239746,3643
239970,3647
240095,3803
240859,4175
241065,4047
241206,4058
241300,4214
241993,3953
242296,3355
242680,4032
243173,3113
243412,3378
243442,3416
243538,3573
243695,3509
243731,4068
243838,3774
243978,3461
244074,4001
244305,3552
245006,3149
245175,3037
245341,3205
245550,3194
245672,4153
246001,3557
246256,3361
246393,3492
246541,3504
246616,4013
246932,3317
247568,3114
247713,3654
247828,3619
247876,3815
247913,3731
247940,4143
247994,3028
248104,3004
248970,3199
249109,3735
249190,3708
249251,3842
249791,3473
249932,3480
250192,3444
250540,3283
250722,3476
251569,3302
251893,3299
251920,3348
252203,3634
252369,3605
252562,3605
252592,3510
252861,3529
252992,3470
253105,3467
253191,3718
254053,2909
254206,2807
254416,3116
254461,3389
254553,3572
254577,3697
254612,3602
254942,3652
255098,3673
255254,3565
255387,3933
255472,4036
255803,3868
256010,4836
257122,3792
257139,3054
257314,3255
257370,4134
257417,3573
257594,3446
257732,3946
257792,3823
258030,3824
258249,3674
258398,4072
258414,3948
258577,3939
258720,3902
258860,4370
259716,4534
260009,4864
260435,3610
260599,3530
261110,3426
261157,3769
261242,4047
261347,4051
261503,3916
261818,3652
262146,3736
262182,3695
262327,3629
262461,3608
262553,3738
262634,3731
262720,3622
262837,3585
262963,4039
263069,4316
263175,4410
263375,4302
263545,4338
263692,4180
266019,3399
266122,3776
266202,3622
266398,3944
266434,3735
266592,4057
266630,4314
266817,4243
266835,3986
267045,3891
267240,4049
267363,3977
267432,3998
267598,3934
267729,4119
267787,3884
268060,4038
269172,3988
269236,3716
269298,3514
269431,4132
269638,3836
269926,3816
270160,3732
270420,3564
270574,3774
270748,3727
271105,3602
271835,3683
271933,3742
272043,3267
272171,3358
272180,3541
272348,3436
272372,3717
272482,3707
272599,3814
273098,3788
273309,3627
273332,3842
273482,3754
273624,3668
274534,3001
274584,3105
274747,3609
274807,3251
275007,3533
275640,3320
275912,3385
276132,3289
276248,3785
276294,3816
276435,3773
276555,3704
276681,3679
277866,3115
277926,3196
278056,3118
278193,3303
278272,3737
278369,3462
278418,3845
278579,3647
278616,3708
278802,3958
278993,3832
279483,3791
279498,4080
279644,4074
279870,3959
281093,2970
281324,3257
281572,3401
281700,4175
281870,3951
282018,3905
282087,3940
282279,4196
282402,4187
282487,4174
282589,4192
282618,4474
282808,5056
282874,4272
282932,4711
283893,3443
283935,3981
284077,3994
284086,4409
284263,4351
284313,4024
284382,4246
284454,3933
284607,3940
284738,4771
284781,4569
284808,4569
284969,4591
285116,4520
285234,4593
285461,4365
285776,4662
286804,3695
286947,4492
286964,4363
286991,5307
287375,4273
287511,4209
287656,4387
287785,6844
288147,5252
288168,4417
288274,5261
288661,4790
288682,4435
288841,4327
289118,4536
290490,3993
290645,4238
290702,4129
290817,3568
290863,4102
290949,3489
291012,4004
291160,3903
292422,3769
292631,4602
292732,3573
293000,4270
293230,4198
293269,4128
293437,4011
293720,3938
293912,3837
294144,3938
294944,3622
295072,3508
295291,3337
296130,3719
296292,3655
296362,3631
296492,3550
296620,3829
296788,3864
296938,3834
297073,4769
297265,4654
297456,4494
297591,4394
297783,4242
297918,4369
298056,4301
298123,4960
298174,4534
298274,4366
298289,4492
298410,4428
298685,4364
298792,4676
298808,4595
298910,4637
299566,4028
299740,4358
299813,3834
299974,4073
300230,4673
300240,5335
300441,5012
300490,4813
300641,4868
300779,5101
300819,5129
300964,5125
300998,5308
302076,4583
302273,4458
302528,4598
302811,4366
302916,4554
303119,4666
303215,5048
303246,4860
303362,4963
303613,4778
303684,4962
303736,5775
303822,5435
304015,4936
304136,5013
304299,5094
304333,5274
304454,5240
304651,5170
304662,5303
305137,5381
305316,5362
306943,3797
306968,3451
307133,3430
307276,3341
307521,3379
307691,3181
307825,3903
307986,3856
308171,3819
308304,3787
308427,3929
308594,4321
308729,4237
311279,2949
311450,2836
311739,3351
311894,3967
312071,3231
312171,3794
312235,3673
312414,3713
312733,3511
312748,5690
312964,5460
313110,4813
313144,5346
313234,5091
314560,4054
314734,4328
314810,4158
314851,5512
315060,6232
315224,5630
315379,5267
315412,4948
315542,5055
315594,5313
315693,5418
316473,4608
316686,7360
316812,4592
316833,4508
316980,5022
317004,5000
317132,5075
317190,5177
317290,5200
317352,5330
317449,5385
317507,5735
317602,5740
317658,5739
317758,6160
317866,5793
318004,5997
318038,5808
318163,5989
318209,5891
318792,6183
318815,6434
319149,5990
319334,5961
319496,5847
319674,5751
319715,6016
319834,5833
319883,6174
320004,6098
320033,6166
320189,6060
320197,6253
321503,5913
321535,6048
321681,6026
322045,5850
322366,5709
322575,5712
322695,6426
322819,6356
322935,6341
323454,5884
323977,5249
324138,5971
324373,5606
324502,5533
324981,5173
325134,5069
325278,5038
325438,4966
325468,5100
325556,5159
325643,5325
325798,5240
325943,5480
326081,5290
326567,5114
326902,4931
326927,5151
327389,4754
328039,4828
328120,5356
328206,4776
328327,4947
328387,4584
328495,5184
328872,5115
329021,4958
329173,4869
329380,4746
329695,4965
330164,4392
331345,3635
331506,3553
331537,3760
331669,3967
331867,4096
331907,4157
332032,4116
332170,4112
332201,4817
332383,4756
332643,4247
332785,4696
332930,4707
333315,4218
333651,4480
333797,4385
333818,4551
334003,4311
335117,3300
335215,3267
335343,3477
335353,3577
335483,3551
335535,3627
335672,3959
335796,4136
335863,4443
336354,4164
336683,4487
336704,4374
337186,4052
337319,4005
337473,4433
337670,4312
337712,4491
338011,4096
339263,4391
339286,3933
339435,4590
339474,4935
339615,4745
339710,4101
339735,4516
339837,4075
340027,4114
340047,4427
340148,4654
340215,4357
340358,4263
340389,4844
340536,4848
340663,4510
340811,4107
341571,3708
342305,3020
342476,3017
342642,5466
343046,3218
343294,3022
343452,2929
343605,2984
343807,3626
343971,4221
344805,4044
345229,3471
345388,3407
346085,3099
346377,3249
346424,3152
346488,3789
346667,3236
346812,3218
347225,4247
347249,3274
347329,3000
347443,3335
347497,3484
347548,3534
347620,3560
347684,3715
347802,4117
347949,4085
347965,4115
348421,3865
348552,3951
349448,3508
349735,3704
350127,3753
350258,3673
350366,3820
350572,3746
350620,3632
350950,3760
351171,3636
351223,3706
351269,3746
351385,4568
351544,3831
351721,3983
351784,3751
352275,3802
352459,3693
352775,3578
352782,3617
352906,3654
353022,3748
353159,3603
353282,3923
353315,3990
353965,3533
354411,3718
355048,2946
355209,3112
355622,3007
355792,2907
355984,3050
356127,4240
356268,4393
356437,3990
356628,3930
356794,3867
356813,3672
356938,3674
357568,3445
357719,3424
357898,3947
358165,3551
358182,3664
359425,3025
359543,4876
359585,4929
359644,4956
359731,4921
359826,4924
360094,4774
360250,5043
360397,4571
360694,4525
360800,4469
360932,4265
362256,3530
362557,3349
362718,5839
362863,3124
363051,3141
363120,3119
363220,3216
363285,3343
363390,3545
363442,3683
363559,3502
363598,4066
363721,4404
363742,4785
363823,4218
363986,4471
364157,4181
364314,4233
364483,4181
365480,3445
366082,3599
366267,3522
366306,3572
366449,3782
366453,3724
366597,3685
366737,4136
366795,4418
366922,4616
367101,4872
368594,3488
368635,3385
368845,3507
368959,3480
369278,3513
369321,3620
369639,3558
369848,3378
369974,3991
370192,3825
370314,3752
370321,3948
370451,3832
370484,3876
370568,3845
370619,4035
370690,4773
371009,3833
371035,4252
371274,4184
371293,4045
371600,4429
371722,4483
372190,3494
373376,2892
373530,3447
373742,3628
373797,3706
374094,4001
374118,4421
374309,4660
374452,5157
374490,5504
374613,5518
374721,5501
374911,5377
375034,5339
375165,5258
375301,5338
375489,5357
375626,5298
378158,3638
378202,3710
378362,4036
378391,4334
378572,4732
378715,4802
378743,4267
378816,4751
378960,4683
379012,4241
379166,4680
379230,5030
379309,4826
379451,5030
379474,4839
379627,4981
379788,5193
379814,5084
379973,5092
380058,5283
380185,5068
380323,4992
380466,4958
380531,4970
380672,4931
380784,4959
380947,5124
381004,4911
381988,5970
382009,5822
382166,5676
382219,5852
382370,5452
382844,5051
383040,4967
383095,5005
383345,4952
383966,5234
384167,5096
384319,5547
384417,5271
384493,5375
384627,5292
384699,5373
385163,5053
386541,3890
386954,4271
387139,4138
387306,4021
387476,3904
388128,3459
388518,3451
388608,3676
388814,3616
389001,3698
389022,3699
389154,3782
389413,3641
389643,3964
389902,3789
390054,3295
390131,3686
390273,3266
390291,3339
390426,3313
390494,3380
390585,3441
390711,4151
391281,3723
391423,3743
391443,3791
391578,3758
391716,4367
391988,3870
392124,3847
393850,3278
394018,3177
394285,3446
394437,3563
394580,3895
394634,3413
394700,3786
395017,3431
395355,3264
395379,3346
395488,3598
395545,3668
395666,3479
395776,3420
395992,3301
396096,3417
396231,3298
396367,3801
396509,3432
396537,3682
396686,3734
396716,3957
396786,3707
399543,2829
399702,3544
399727,3837
399871,3837
400007,4060
400071,3869
400218,3783
400261,4289
400378,3804
400515,3920
400708,4135
400827,3660
400965,3929
401041,3931
401190,3861
401285,3811
401309,4017
402586,3328
402889,3387
403092,4129
403256,3995
403395,3921
403610,3773
403740,4275
404103,3904
404609,4221
404718,4221
404910,4079
405029,4097
405144,4092
405183,4288
405306,4377
405438,4548
405508,4747
405524,4636
405691,4612
405773,4617
406184,4651
406364,4357
406405,4499
406843,4474
407056,4366
407316,4868
407335,4183
407477,4106
407747,4134
407808,4519
407973,4405
408056,4491
408237,4614
408286,4630
408421,4559
408622,4937
408681,5002
408777,5168
408875,5335
409027,5255
409482,4847
409512,4877
409804,5976
409822,5767
410472,5221
410712,5360
411036,4927
411250,4905
411682,4724
412205,4197
412360,4543
412450,4387
412564,5166
412600,4355
412765,4282
412903,4231
413066,4224
413626,4352
413822,4247
413862,4297
414005,4307
414039,4436
414168,4480
414314,4636
414454,4632
414912,4640
415088,4907
415263,4360
415426,4281
415785,4388
415871,4611
416036,4497
416239,4589
416662,4355
416836,4252
416972,4211
417105,4189
417248,4198
417381,4116
417517,4047
417539,4151
417612,4193
418273,4329
418445,4377
418579,4323
418691,4329
419326,3960
419367,4656
419570,4076
419732,4420
420025,4073
420198,4017
421446,3116
421738,3846
421785,3061
421936,2963
421959,3035
422135,3191
422197,3376
422257,3389
422374,4602
422516,4076
422550,4092
423799,3041
423935,3087
424261,3112
424436,3293
424592,3349
425148,3050
425255,2984
425410,3139
425441,3228
425591,3242
425729,3308
425803,3496
425824,3532
425960,3490
426108,3626
426275,3562
426522,3722
426677,3478
427123,2876
427342,3269
427415,3314
427568,4563
428342,3405
428375,3669
428511,3684
428704,3423
428826,3612
428874,3499
429982,2995
430059,3375
430190,3290
430292,3352
430338,3645
430447,3724
432545,3231
432778,3254
432808,3519
432993,3398
433224,3185
433383,3186
433502,3725
433541,3597
433681,3676
433824,3620
433905,3731
433996,3878
434064,3892
434214,4094
434232,4211
434404,4116
434547,4035
434707,4217
434783,4041
434832,4058
434957,4317
435039,4368
435099,4431
435202,4793
436241,4405
436601,3533
436668,3556
436732,4781
436913,4341
437005,4868
437218,4631
437622,4301
437685,4315
437785,4409
437935,4373
438023,4435
438070,4499
438149,4904
438240,4940
438341,4917
438555,4882
438626,4877
438978,4585
439116,5044
439332,4771
439467,4398
440369,3902
440611,3745
440707,4633
440739,3952
440915,3964
441152,3589
441600,4002
441967,3774
442137,3876
442277,3877
442344,3883
443244,3909
443322,3533
443475,3438
443596,3672
443734,4524
443893,4264
444198,3673
444414,3745
444472,3739
444601,3681
444717,3719
444865,3728
444925,3794
445071,3962
445186,3894
446190,2939
446380,2954
446533,3149
446798,3234
446933,3303
446947,3362
447103,3786
447315,3635
447443,3394
447596,3414
447730,3970
447990,3662
449494,3046
449531,3112
449680,3609
449745,3334
449866,3482
449921,3304
450462,3373
450616,3514
450836,3247
451026,3648
451170,3560
451185,3851
451352,4351
451525,4545
451666,4316
451824,4261
451951,4059
452090,3817
452106,4014
453545,3183
453597,3214
453736,4263
453796,4178
453910,3838
454065,4140
454141,4171
454208,3989
454297,4632
454434,5477
454505,5149
454847,4998
454945,5195
455299,5105
455594,5442
456794,4389
457009,4102
457042,4065
457144,4073
457174,4894
457217,4896
457248,5679
457280,6730
457319,4123
457355,4477
457474,4776
457501,5362
457543,5484
457576,5504
457605,6553
457646,5830
458247,5854
458494,5074
458608,5300
458723,5824
458799,5871
458970,6450
459344,5613
459966,5286
460096,5035
460235,4797
460383,5340
460441,5398
460477,5503
460503,5322
461540,5785
461647,5989
461846,5893
462006,6654
462226,5463
462293,5284
462446,5276
462584,5837
462649,5699
462713,5785
462972,6189
463138,6281
463296,5426
463333,6019
463967,5065
464129,4964
464748,4602
464874,4651
465052,4664
465256,4794
465417,5075
465546,4997
465577,5316
466131,4812
466320,4876
466483,4809
466636,5063
466832,4981
466994,4986
467051,5072
467160,4937
467226,5144
468164,4421
468320,4364
468534,4385
468558,4660
468718,4376
469011,4274
469153,4494
469548,4050
469591,4617
469741,4328
469779,4483
469891,4229
470077,4091
470227,4152
470368,4581
470569,4470
470717,4442
470783,4493
471362,5150
472205,5103
472240,3955
472464,3818
473370,4743
473567,3617
474607,2933
475365,2906
475605,3098
475883,3091
475902,3989
476035,6333
476049,7054
476162,3614
476248,3741
476336,6352
476353,6918
476426,7283
476579,5988
476621,6285
476686,6168
476799,6663
477402,5065
477599,5140
477633,5185
478343,4836
478521,4734
478538,4331
478699,4453
478826,6218
478856,4229
480082,3243
480263,3522
480423,3415
480612,4111
480697,4948
481121,3720
481302,3593
481469,3480
481678,4387
481916,3286
482083,4113
482341,3935
482455,4082
482522,4148
482896,3078
484585,3460
484995,3268
485187,3223
485378,3198
485531,3200
485678,3141
486037,3206
486238,3336
486327,3862
486366,3614
486493,3861
486623,3352
486746,4197
486778,3512
486883,3534
486906,4160
487069,3804
487195,4008
487225,4142
487355,4108
487371,4288
487589,4140
487616,4186
487846,4155
488932,3737
489081,4078
489100,3627
489293,3952
489334,3929
489812,3731
490017,3655
490065,3676
490138,3727
490216,3707
490352,3818
491305,3891
491478,3862
491516,3931
491691,3856
491840,3848
491879,3982
492014,4045
492046,4058
492168,3990
492288,4409
493712,3692
493998,2887
494167,3963
494276,3066
494487,3078
494714,3566
494910,3409
495035,3570
495159,3667
496001,3912
496230,3439
496382,3366
496527,3302
496786,3711
496836,3610
496935,3119
497087,3465
497180,3994
497383,3628
497449,3834
497702,3655
497741,3700
498010,3484
498157,3687
498981,3572
499040,3756
499148,3872
499275,4079
499442,3965
499636,3879
499978,3526
500108,3488
500278,4123
500300,3611
500435,3527
501157,3999
501243,3540
501412,4137
501505,3707
501555,3823
501657,4084
501705,4951
501831,4463
501857,4979
502013,4561
502041,4863
502184,4786
502339,4794
503676,3619
503688,4259
503779,3774
503840,4611
503938,4715
503972,4803
504007,3414
504034,3430
504225,3448
504433,4153
504694,3763
505209,4631
505263,4633
505390,4645
505451,4636
505580,4557
505611,4660
505829,4556
507708,4158
507726,3305
507833,3301
507992,3578
508290,3626
508488,3515
508647,3596
508781,3551
508811,3618
508961,3567
509048,3592
509123,4129
509256,4068
509419,4012
509555,4289
509671,3984
509805,4248
510615,3537
510749,3645
510801,4045
511019,4048
511210,3426
511350,3846
511684,3916
511687,4012
511924,3835
512119,3899
512913,3715
513045,3905
513110,3847
513251,3757
513438,3943
513708,4405
513887,4112
514225,4403
514237,4044
514380,4328
514407,4006
514872,4413
515038,4306
515228,4215
515270,4217
515383,3644
516220,3272
516249,3308
516412,3514
516505,3524
516625,3461
516662,3667
516773,3677
516794,3740
517035,3847
517203,4906
517459,3750
517583,3888
518264,6397
518624,3300
518830,3379
518957,3442
519040,3252
519557,3115
519708,3987
519731,3777
519816,3785
520173,3801
520455,4337
520985,3426
521291,3381
521552,5059
521823,4402
522011,4314
522214,4188
522382,4072
522504,3605
522552,3950
522724,4000
522735,3816
522899,3782
523054,3958
523230,3889
523347,3846
523399,4255
523555,3706
523735,3578
523748,3627
523942,4136
524090,3998
524107,3929
524269,3898
524277,3959
524467,3863
524485,3925
524943,4755
525110,4817
525261,4814
525413,5124
525561,5950
525719,6810
525835,5991
525988,6138
526036,6255
526193,6189
527498,5146
527689,5654
527800,5206
527923,6315
528209,5669
528249,5460
528475,5645
528494,5681
528640,5655
528656,5636
528854,5514
529006,5429
529263,5852
529438,5807
530234,5075
530381,5306
530407,5099
530578,5002
530670,5220
530726,5090
530818,5338
531091,5115
531308,5094
531625,4999
531657,5068
531830,4886
531967,4893
532155,5209
532667,4898
532721,5076
532817,5363
532824,5094
532933,5310
533045,5260
533181,5183
533448,5607
533570,5859
533716,5835
533905,5576
534132,5489
534386,5303
534511,5268
535976,4402
536016,4497
536173,4517
536236,4551
536296,4658
536475,4614
536614,4723
537635,3782
537660,4181
537985,3637
538258,4135
538428,4168
538454,3993
538600,4219
538641,4567
539100,3990
539241,4021
539652,3699
539895,3626
540094,3830
540206,3889
541156,3193
541306,3750
541482,3630
541635,3623
541830,3478
541923,3580
542076,3480
542234,3601
542422,4792
542635,4627
542850,4461
543005,4157
543148,4433
543289,4345
543395,4340
543539,4348
544824,3424
544980,3327
545180,3496
545310,3419
545376,3456
545525,3742
545612,3701
545645,4204
545858,4038
545885,4248
546008,4177
546036,4600
546162,4351
546317,4906
546438,4921
546568,4860
546707,5432
546808,4718
546949,4672
547095,4623
548376,4761
548438,5171
548518,4532
548589,4482
548726,4687
548895,4998
548955,5107
549032,4949
549110,4749
549188,4995
549311,4993
549455,4944
549502,4984
549632,5358
549637,5617
549805,5633
549855,5506
549951,5350
550174,5310
550198,5359
550302,5485
550352,5540
550773,5377
551936,5200
552134,5268
552197,5286
552330,5347
552390,5500
552457,5839
552583,5816
552617,5875
552742,5918
552809,5759
553115,5767
553251,5915
553426,5989
553715,5788
553898,5945
555076,6078
555232,6104
555396,5599
555577,4897
555583,5855
555729,5557
555830,5553
555862,5225
555991,5323
556133,5561
556197,5619
556259,5629
556347,5650
556489,5593
556610,5596
556723,6064
556901,5543
556954,6021
557083,5950
558609,4906
558702,5276
558745,4813
558920,4670
558940,4980
559103,4930
559226,5061
559236,5391
559487,5252
559645,5191
559681,5485
559908,5695
560136,5522
560521,5812
560546,5281
562287,3678
562581,3859
562802,3701
562974,3873
563116,3783
563233,3916
563345,4888
563595,4844
563627,5520
563818,5383
564098,5162
564119,5233
564256,5055
564327,4777
565424,3934
565606,3915
565731,3741
565813,4403
566034,3538
566056,3615
566200,3707
566221,3741
566394,3730
566673,3804
566709,3741
566863,3673
566972,3710
566983,3853
567127,3854
567264,4439
567384,4454
567497,4500
567655,4695
567910,4632
568069,4608
570700,3758
570840,3966
570973,3759
571046,3824
571132,3793
571174,3917
571268,3984
571438,4130
571486,4176
571575,4173
571715,4136
571878,4253
572017,4441
572173,4213
572234,4376
572384,4197
572408,4228
572566,4462
572743,4301
572856,4409
572985,4393
573031,4153
573204,4105
573441,3981
573590,3897
573730,4228
573831,3878
573952,3883
574181,3894
574425,4164
574470,4358
574547,4335
574686,4314
575905,4420
580432,3252
580668,4033
581889,3252
581953,3170
582101,3386
582141,3709
582171,3876
582203,4055
582264,3128
582272,4165
582414,3687
582556,3865
582675,3799
582857,3957
582984,3616
583084,3746
583173,4041
583319,4102
583381,4137
583523,4220
583717,4238
583800,4108
583884,4122
584002,4163
584173,4533
584314,4790
584556,4948
584899,4119
585582,3975
585605,4254
585734,4650
585880,3989
586080,3840
586510,4050
586532,4607
586626,4027
586837,4150
587042,4041
587073,4398
587246,5489
587456,4972
587583,5252
587781,4653
587813,5202
588733,4152
589286,3649
589471,3865
589607,3964
589725,3970
590604,3460
590707,4135
590816,3934
590979,3996
591123,3865
591169,3916
591313,3876
591347,3792
591492,4350
591527,4376
591557,4485
591592,4556
591666,4832
591688,4959
592155,4132
592484,4254
592519,4408
592664,4348
593032,4273
594094,3597
594270,3656
594418,3690
594587,3602
594670,3992
594799,3846
595181,3567
595231,3624
595402,3874
595493,3889
595524,4073
595638,4181
596396,3603
596830,3820
596971,3673
597041,4271
597300,4070
597392,3800
597533,3771
597795,4128
597946,4101
597969,4050
598139,3938
598263,3880
598391,4015
598485,4006
599206,3603
599374,3375
599421,3748
599628,3560
599646,4221
599862,4093
599878,3958
600096,4079
600288,4079
600458,4009
600825,3593
601246,3758
601387,3762
601412,3785
601573,4140
602851,2943
602954,2950
603220,3225
603481,3235
603645,2946
603862,3413
604016,3396
604206,3118
604315,3314
604494,3665
604513,3715
604715,4374
604837,4201
604852,4320
605114,4022
606719,3281
607095,3117
607251,3066
607441,3000
607461,3648
607606,3138
607691,4615
607726,4233
607802,4523
607896,4342
607996,4412
608031,4476
608186,4313
608304,4294
608308,4510
608477,4520
608634,5112
608762,5339
609013,5066
610356,3855
610529,5831
610545,4001
610565,5690
610605,4293
610745,5458
610821,5005
610859,5244
611248,5264
611397,5125
611443,4927
611595,5898
611729,4695
611859,4602
611988,5136
612070,5003
612366,4811
612502,4725
612609,4724
612642,4874
612852,4733
613005,4674
613119,4737
613325,5039
613538,5281
613581,5234
613834,5201
614012,5084
614162,4994
614677,4532
614741,4973
615499,4329
615651,4247
616168,4128
616485,3895
616609,3874
616809,4301
616860,4511
616881,4980
617104,4314
617365,4170
617830,3868
617996,4214
618133,4264
618452,3991
618620,4426
618876,4221
618965,4411
619316,3831
619340,4098
620091,3463
620256,3576
620371,3277
620506,3195
620667,3376
620807,3522
620897,3510
620966,4126
621031,4876
621145,4686
621151,4575
621256,4535
621898,4243
622262,4161
622469,4068
624145,3316
624405,3153
624553,3496
624585,3511
624679,3316
624749,4247
624809,3621
624924,3604
625070,4137
625204,3993
625291,4064
625329,4523
625431,4063
625443,4532
625554,4472
625612,4477
625976,4346
626167,4448
626304,4536
626332,4507
626470,4361
626665,4447
627126,4077
627297,4295
627653,4362
629268,3706
629417,3649
629553,3520
629708,4025
629740,4398
630124,4218
630145,4042
630268,4126
630423,4019
630587,4425
630628,4580
630884,4405
631048,4327
631187,4333
631312,4531
631356,4351
631436,4846
631501,4680
631658,4683
632139,4038
632723,3678
632807,3639
632839,3676
633147,3495
633301,3892
633443,3923
633574,3850
633730,3572
633907,3587
634046,3503
634182,3447
634256,3442
634424,3359
634555,3367
634676,4292
635505,4563
637696,3721
638078,3141
638422,3099
638723,3179
638801,2775
638899,3281
639078,2955
639193,3102
639241,3341
639364,3454
639410,3516
639530,3443
639562,3521
639787,3604
640135,3560
640309,3532
640466,3426
640621,3679
641006,3421
641035,3486
641727,3811
641736,3300
641918,3310
642096,3653
642215,3963
642421,3693
642449,3789
642617,4296
642634,4543
642793,4443
642922,4454
643007,4447
643210,4332
644131,3729
644534,3435
644701,3718
645437,3485
645582,3287
645583,3375
645835,3491
645853,3559
645961,3549
646017,3834
646163,3745
646297,3616
646507,4302
646639,4083
646826,4049
647704,4227
647924,3142
648137,3198
648350,3377
648510,3473
648682,3351
648712,3575
649000,3268
649480,3754
649608,3649
649723,3564
649967,3340
650097,3376
650244,3895
650400,3789
650518,3729
650550,3929
650630,3894
650762,3864
650895,4045
651884,3291
652016,3438
652147,3375
652298,3335
652337,3384
652497,3412
652523,3503
652675,3423
653470,3031
653554,3778
653683,3595
653686,3410
653797,3633
653977,3606
654218,3531
654362,3472
654722,3642
654833,3874
655997,2941
656209,2997
656328,3391
656531,3144
657149,3006
657302,3055
657532,3188
657636,3373
657896,3163
657914,3224
658625,3344
658852,3566
658995,3430
659065,3468
659191,3436
659254,3447
659397,3640
659439,3535
659539,3671
659560,3613
660284,3627
660393,3457
660422,3432
660544,3451
660556,3704
660702,3847
660847,3599
661096,3548
661233,3561
661251,3597
661419,3559
661447,3762
661566,3994
662936,3901
663187,3422
663399,3260
663581,3312
664018,3096
664060,3160
664705,3524
664861,3124
665025,3637
665078,3226
665231,3856
665382,3504
665417,3787
665583,3565
665641,3713
665704,3883
665801,3839
665807,3994
665918,4009
666150,4100
666331,4075
666477,3991
667405,3170
667427,3563
667602,3242
667629,3656
667746,3407
668028,3539
668313,3381
668361,3631
668549,3867
668692,3955
668713,4117
668925,3881
669145,3749
669420,3878
669434,3991
670387,3702
670560,3488
671327,2934
671347,3377
671530,3358
671687,3252
671746,4141
671801,3716
671831,3538
671943,3889
673383,2820
673464,2860
673641,2943
674076,2950
674121,3046
674266,3112
674432,3056
674557,4232
674591,3903
674837,3746
675007,3894
675241,3942
676621,3732
676835,3080
676857,3158
677025,3403
677217,3383
677365,3287
677458,3247
677540,3327
677576,3541
677682,3842
677731,3916
677789,3863
677940,3891
678114,3769
678142,4048
678274,4447
678291,3976
678824,3759
678966,4045
679020,4155
679098,4400
680110,3264
680293,3527
680437,3650
680458,3781
680656,3734
680905,3807
681051,3735
681340,4162
681482,4193
681687,3869
681986,4159
682013,4557
682365,4335
682661,4099
682846,4235
683039,4170
683181,4262
683343,4264
683538,4588
683679,4362
683817,4412
683958,4413
684096,4392
685024,3585
685060,4607
685222,4612
685241,3647
685348,4382
685382,3862
685521,4033
685646,4278
685804,4177
685945,5152
685985,5399
686106,5065
686185,5251
686728,4546
686868,4504
687007,4419
687684,3995
687709,4131
687871,4062
688493,4187
688666,5325
688714,3769
689078,3671
689219,3973
689341,3897
689394,4825
689556,4718
690087,4529
690271,4412
690429,4442
690596,4521
690748,4685
690825,4351
691735,3648
691932,3774
692184,3471
692357,3827
692411,3480
692556,3841
692574,4086
692717,4311
692794,3760
692875,4294
693008,4397
693046,4542
693250,4391
693398,4425
693430,4516
693552,4559
693598,4658
693700,4600
693829,4729
694010,4599
695248,4798
695330,4242
695490,4462
695512,4599
695933,4082
696080,4106
696213,4104
696240,4232
696357,4263
696736,4012
697034,3847
697237,4134
697421,3943
698336,3217
698357,3470
698720,3175
698783,3434
698913,3497
699027,3657
699062,3924
699233,3946
699676,4221
700145,3965
701158,3573
701470,3866
701494,3408
701522,3325
701691,3760
701910,3668
702003,3627
702050,3682
702246,4074
702297,3670
702418,3666
702514,4371
702533,4432
702675,4149
702724,4312
702822,4140
702998,4218
703001,4091
703197,4094
703348,4109
703504,4291
703526,4222
703658,4209
705888,3305
707032,3651
708233,3171
708389,3645
708547,3679
708592,3564
708671,3646
708742,3804
709029,3697
709236,3608
709255,3648
709393,3618
709538,3943
709644,3473
709682,3627
709713,3818
709743,4155
709810,3363
710088,3490
710198,3444
710241,3470
710461,3677
710492,3568
710621,3532
710623,3724
710942,3725
710985,3892
711093,3960
711243,3931
711419,3882
711673,5452
711837,6666
711983,6857
712324,6235
712470,6258
712639,6171
712790,6238
712909,6309
713022,6102
713158,6137
716851,3229
717312,3088
717494,3499
717666,4766
717719,4795
717779,4795
717809,3135
717835,5057
717886,5097
717964,5268
718010,5335
718318,2915
718634,3464
719362,3862
719514,3894
720152,3316
720224,3558
720334,3534
720474,3682
720683,4316
720957,3312
721082,3405
721197,3764
721326,3978
721582,3465
721850,3637
722312,3349
722331,4023
722649,3695
722908,3720
723062,3668
723260,3653
723410,3614
723508,3980
723593,4257
723666,4004
724491,3635
724637,3816
724665,3717
724800,3873
724997,3920
725135,4043
725173,3968
725304,4058
725439,4022
725704,3884
725877,3776
726789,3340
726954,3721
727053,3134
727200,3377
727330,3296
727618,3236
728149,3275
728170,3231
728380,3599
728492,3724
728524,3674
728658,3612
728964,3651
729926,3293
730193,4026
730248,4007
730438,3261
730665,3330
730980,3313
731145,3256
731430,2911
731583,3475
731611,4792
731733,4616
731836,4262
732711,4437
732747,3564
732866,3502
733013,3720
733061,3573
733266,3570
733291,3909
733538,4090
733712,4683
733829,4150
733832,4005
734031,4372
734285,4240
734422,4414
735345,4290
735517,4171
735670,4769
735713,4208
736130,3877
736176,3928
736445,4064
736578,4220
736861,3862
736949,4086
737077,3771
737224,4260
737333,4515
737384,4421
737668,4379
738070,4318
738157,4681
738198,4735
738308,4712
738426,4679
738556,4634
738588,5159
738731,4820
739110,4989
739253,5042
739464,4862
740153,5029
740187,4952
740283,4974
740334,4752
740470,4719
740551,4819
740588,4725
740726,4711
740920,4580
741073,4565
741206,4536
741324,4917
741470,4720
741529,4834
741586,4769
741871,4560
742977,4529
743162,4514
743351,4806
743581,4927
743750,4563
743940,4476
744129,4944
744335,5204
744373,7354
744477,5167
745846,3881
745971,5884
746096,4448
746250,4344
746400,4250
746537,6279
746559,5021
746703,5161
746729,5257
746817,5114
746878,5169
746909,5235
747604,5006
748631,4243
749070,4388
749192,4383
749258,4737
749308,5310
749355,5363
749371,4332
749400,5490
749452,6031
749502,6770
749549,6293
749595,6730
749639,6735
749690,6732
749736,7112
749838,3990
750027,7262
750273,4545
750821,4586
750991,4716
751303,5186
751449,5693
751570,5858
751605,6003
751623,6198
751651,6464
751685,6822
751715,6858
751894,5427
752424,5614
753670,5319
753882,5102
753922,5487
754023,5219
754298,5204
754424,5410
754442,5111
755107,4835
755149,4930
755319,4937
756127,4252
756145,4163
756290,4137
756438,4370
756584,4560
756724,4931
756876,4729
757128,4738
758081,4335
758154,4195
758309,4327
758328,4540
758400,4417
758654,4437
760005,3683
760140,3990
760454,3741
760494,3819
760625,3918
760980,3535
761158,3573
761518,3655
761681,3441
761704,3613
761958,3445
762072,3772
762123,3877
762205,3919
762337,3922
762469,4027
762514,4070
762621,4232
762797,4137
762917,4066
763098,3962
763158,4154
763218,4033
764182,3819
764350,4395
764373,4412
764554,4513
764576,4261
764715,4861
764871,4104
765041,4169
765161,4308
765813,3852
765988,3835
766833,3543
767003,3431
767140,3345
767338,3392
767381,3285
767466,3649
767563,3448
767604,3727
767712,3780
767826,3802
767982,3907
768138,3836
768260,3800
768431,4081
768579,4155
769143,3523
770028,3181
770310,3060
770526,3328
770693,3216
770796,3217
771173,3002
771316,3619
771486,3932
771605,3863
771715,4420
772285,3365
772336,3843
772543,3768
772692,4833
773136,4934
773279,3960
774423,3834
774455,3172
774595,3954
774738,3714
774871,3490
774979,3755
775017,3536
775140,3525
775184,3741
775261,3563
775341,3638
775475,4090
775589,4553
775653,4083
775664,4391
775871,4455
776010,5007
776646,3760
776904,3611
777075,3535
777316,3965
777477,4472
777629,5380
778580,3621
779273,3056
779830,4486
779865,4521
780245,4157
780452,3999
780619,3881
780815,3995
780842,4264
780976,4123
781113,4151
781358,4478
781507,4745
781543,3882
781563,4763
781613,4755
781663,4779
781718,4537
781724,4768
781777,5047
781829,5208
781887,4018
782030,4086
782814,4135
782984,4100
783146,4035
783176,4334
783306,4522
783457,4434
783613,4339
783790,4386
783832,4442
783960,4441
783988,4478
784133,4413
784153,4672
784647,4585
785609,4514
785632,4623
785949,4484
786089,4633
786428,4369
786878,4552
787147,4586
787218,4597
787354,4862
788484,3783
788658,3737
788825,3704
788891,3779
789001,3830
789493,3951
789623,3879
789784,3666
789802,3732
789934,4233
789951,3880
790554,3614
790560,3841
790707,4337
790828,3523
790982,3714
791013,3501
791156,3965
791214,3889
791275,4148
791428,3988
791567,3925
791847,4155
792054,4636
792099,4173
792891,3944
792939,3641
793251,3904
793569,3719
793693,3743
794196,3544
794339,3485
795251,3376
795282,3452
795448,3365
795575,3858
795799,3513
796075,3288
796310,3407
796507,3307
796672,3437
796798,3392
796877,3013
796988,3314
797898,3131
797923,2933
798126,2949
798254,3317
798391,3988
798563,4022
798912,4104
799133,3858
799203,3502
799419,3402
799549,3563
800304,3018
800608,3237
800775,3070
800943,5208
801128,4586
801147,2912
801374,3038
801599,3040
802051,3238
802213,3129
802415,3147
802610,4199
802821,4046
803126,3804
803369,3660
804239,2844
804440,3007
804669,3620
804747,2906
804929,2808
805060,2801
805065,4392
805086,4151
805126,4848
805609,3530
805822,3855
806334,3278
806460,3384
806579,3327
806921,3601
807170,3401
808113,3089
808160,3108
808308,3056
808446,3401
808601,3664
808677,4149
808724,3710
808782,3582
809322,3752
809508,3703
809641,3819
809803,3765
809943,3714
810006,3847
810157,3847
810194,4137
810315,4079
810316,3965
810969,4231
811031,3695
811181,3959
811392,3863
811526,4019
811583,4236
811663,4413
811723,4158
811882,4405
811945,4240
812038,4301
812538,4141
812558,4230
812779,4337
812905,4602
813704,4168
814209,3500
814365,3459
814504,4210
814646,4051
814803,4115
814963,4107
815100,4253
815366,5217
815595,5138
815643,4194
815896,4950
816160,4514
816236,4354
817335,3199
817514,3599
817543,4311
817678,3700
817801,3680
817945,3750
817960,4366
818138,4098
818171,3956
818294,3995
818294,4122
818446,3921
819220,3335
819567,3856
819573,3609
819749,3736
819905,3664
819938,3887
820095,3824
820251,3915
820364,3854
820410,3893
820930,4199
821186,3994
822153,3672
822955,3442
823178,3556
823240,4446
823722,3895
823873,4423
823971,4009
824001,4082
824160,3873
824286,4096
824408,4023
824535,4066
824652,3980
824839,3844
824858,4026
824966,4025
824993,4062
825123,3979
825225,4108
825292,4419
825413,4486
825525,4319
826081,4362
826129,4259
826266,4313
826429,4145
826456,4173
826565,4538
826843,4666
826996,4614
827126,4268
827290,4271
828133,3696
828520,3967
828628,3945
828821,3903
829108,3795
829189,4030
829357,3974
829536,3848
829961,4191
830218,4002
830419,3861
830739,3974
831231,3516
831263,3557
831411,3489
831581,3477
831653,3599
831867,3429
832014,3359
832204,3271
832241,3331
832328,3361
833389,2778
833450,2856
833524,2905
833641,3392
833641,3108
833788,3292
833907,3418
833941,3627
838852,3195
839072,2904
839236,3052
839261,3073
839415,3432
839574,3166
839800,3271
839826,3387
840009,3509
840168,3582
840330,3507
840693,3516
841478,3062
841496,3119
841720,3741
841750,3087
842089,3661
842194,3720
842333,3502
842472,3491
842493,3802
842612,3993
842794,3897
843276,3526
843584,3589
843615,3427
844014,3205
844183,3087
844324,3345
844657,3179
844690,3650
844866,3424
845085,3587
845227,3245
845553,3441
845578,3469
845677,3432
845842,3335
845994,3551
846633,3533
846843,3586
847021,3589
847200,3428
847355,3326
847373,3636
847914,3315
848157,3427
848506,3235
848571,3311
849054,3200
849249,3056
849442,2916
849620,2942
849834,3662
849989,3459
850109,3489
850191,3496
850420,3323
850838,2996
850865,3199
851107,3426
851290,3176
851438,3532
851601,3318
851736,3281
852274,3171
852395,3117
852483,3170
852619,3373
852655,3983
852746,3522
852986,3650
853129,3557
854292,3032
854346,3087
854631,3074
854903,3189
855060,3401
855082,3081
855201,3524
855282,3971
855350,4070
855483,3666
856051,3419
856282,3263
856306,3607
856445,3384
856475,3491
856688,3565
857144,3250
857367,3284
857600,3283
857875,3289
858022,3348
858144,3526
858282,3437
858416,3204
858642,3323
859617,3955
859639,3964
859722,3383
859879,3512
860020,3603
860043,3648
860489,3378
860740,3584
860838,3318
861198,3266
861406,3194
861552,3294
862260,4135
862343,3112
862349,3155
862477,3459
862621,3375
862749,3464
862839,3219
863432,3269
863630,3243
863811,3261
863944,3498
864584,3378
864631,3231
864829,3069
864885,3269
865067,2962
865423,3142
865562,3113
865704,3426
865809,3227
865934,3243
866086,3339
866210,3316
866247,3627
866985,3260
867120,3427
867250,3361
867590,3969
867909,3630
868136,3543
868189,3962
869295,3011
869553,2980
869594,3136
869677,3196
869750,3440
869907,3394
869958,3516
870078,3598
870189,3772
870333,4110
870458,4144
870613,4213
870666,4311
870742,4293
870778,5160
870876,4764
871193,4790
871360,4687
871745,4418
872305,3905
872364,4069
873042,4853
873047,4612
873180,4783
873311,4755
873341,4819
873497,4921
873553,5223
873676,5497
873803,5539
873807,5602
873996,5525
874274,5239
874522,5190
874656,5315
874719,6135
874815,6025
875133,5826
875280,5736
875972,5525
876139,5501
876265,5560
876284,6032
876413,6009
876489,6182
876531,6387
876637,6385
876947,6169
877020,6197
877181,6299
877300,6130
877721,5920
877869,6200
877998,6043
878384,5437
878708,5284
878863,6223
879014,6095
879064,6190
879186,6107
879197,6204
879328,6226
879469,6136
879555,6574
880016,6187
880145,6108
880284,6446
880459,6439
880612,6467
880655,6495
881205,6062
881236,6133
881347,6089
881480,6005
881881,5695
882228,5653
882381,5553
882515,5547
882702,6038
882820,6159
883169,6010
883312,6718
883668,6476
883829,6589
883897,6202
884108,5966
884278,5877
884502,5710
885839,4767
886019,4670
886164,4670
886308,4984
886324,4889
887396,4039
887544,4122
887680,4335
887829,4612
887962,4881
888115,4192
888264,4117
888402,4538
888567,4479
888917,4223
889141,4058
889230,4050
889393,4071
889563,4036
889683,3982
890938,3839
890955,4251
891168,3987
891253,3700
891321,4156
891479,4044
891500,4072
891737,4482
891809,4218
892048,4029
893656,3190
893720,3984
894007,4206
894125,4334
894256,4481
894506,3488
894600,4714
894644,4681
894694,4503
894805,3803
894938,3723
895189,4061
895337,4488
895469,4452
895600,4422
895740,4379
895858,4423
895866,4321
896050,4381
896743,4041
896914,4156
896934,5006
897079,4778
897100,4739
897235,4906
897260,4749
897408,4550
897433,4638
897824,4338
898278,4565
898439,4470
898514,4476
898666,4412
898712,4883
898984,4499
899128,4411
899339,4302
900134,4946
900290,4738
900451,4689
900606,4911
900658,4801
900807,4852
900855,4985
900932,4960
901068,4877
901112,4925
901288,4873
901424,4835
901589,4755
903131,3442
903152,3580
903325,3542
903428,3518
903635,3399
903705,3833
903825,3506
903978,3405
904009,3394
904150,3515
904301,3591
904440,3527
904500,3700
904592,3681
904670,3899
906400,3060
906592,3776
907742,3526
908914,2861
909854,3173
910036,3020
910189,2932
910243,2977
910369,2976
910448,2988
910494,3009
910590,3063
910608,3222
911130,3068
911893,2945
912091,3502
912264,3379
912439,3730
912830,3446
913579,3685
913702,4677
913938,3420
914128,3375
914375,3953
914412,3962
914550,3889
914671,3813
914699,3949
914880,4031
914913,4241
915006,3981
915085,4486
915120,4586
915210,4617
915238,5021
915323,4622
915394,4886
915437,4706
915538,5189
915706,4975
916149,4652
916331,4523
916499,4668
916841,4397
916885,4517
916995,4463
917415,4556
917566,4511
917703,4960
918006,4662
918163,4558
918412,4682
918539,4794
918664,4809
918674,4880
919027,4640
919185,4623
920013,4510
920296,4114
920514,3945
920532,4196
921374,3920
921505,3888
921540,3991
921717,4159
921829,4181
921870,4193
922114,4061
922247,4134
922369,4063
922506,4146
923384,3633
923539,3546
923834,3274
924064,3725
924121,3801
924244,4066
924249,3895
924450,3953
924622,4534
924778,4518
924928,4724
925076,4700
925097,4412
925215,4645
926186,3798
926213,4064
926288,4165
926484,5571
926517,4214
926679,4340
926710,5459
927132,5182
927207,5253
927881,4856
928565,4596
928827,5642
928917,4301
929002,5241
929156,5859
929335,5004
929346,5761
929500,5659
929652,5095
930102,4923
930360,4895
930525,4735
930563,4848
930686,4851
930857,4755
931011,4688
931093,4740
931166,5228
931225,5107
931251,4873
931272,5565
931318,5580
931369,5842
931419,4756
931570,4872
931721,4987
931998,5107
932155,5356
932307,5776
932542,5476
933036,5266
933059,5308
933206,5231
933339,5154
933490,5150
933629,5340
933733,5100
934461,5548
934574,5545
935568,4769
935942,4552
936048,4535
936181,4498
936520,4617
936552,4994
936791,4743
937785,4575
937927,4484
938058,4630
938131,4612
938269,4786
938427,4726
938552,4652
939061,4240
939138,4373
939212,4347
939279,4458
940009,4221
940203,4342
940364,4168
940462,4200
940690,4157
940790,4440
940854,4580
940972,4158
940979,4680
941361,3965
941374,4333
941562,4028
941596,4344
941725,4959
941823,4204
942055,4622
942247,4584
942418,4500
942528,4679
942538,4873
942712,5290
943645,4412
943821,4284
943962,4191
944627,4218
944704,4696
944839,4626
945480,3976
945622,3807
945768,4234
945859,4200
946039,4420
946195,4754
946443,4797
946719,4657
947042,4307
947237,4247
947415,4352
947581,4236
948243,3780
948432,3644
948499,4556
948652,4601
948832,7592
948935,8733
948957,9372
949071,10120
949716,9613
949907,9573
950056,9721
950101,9717
950255,9781
950281,10007
950384,9984
950485,9915
950539,10341
950568,10213
950826,10090
951041,9789
951057,9920
952287,8751
952432,8689
952565,9357
952696,9355
952812,9344
952842,9359
953084,9506
953109,9351
953298,9268
953436,9214
953666,9324
953681,9052
953797,9104
953887,9212
954021,9015
954087,9097
954142,9089
954256,9048
954505,8875
954520,9011
954698,8905
955053,9067
955073,9034
955204,8985
955410,8798
955531,8820
955659,8638
955839,8600
956000,9868
956145,9869
956270,9750
956286,9851
956524,9636
956794,9560
957827,8587
958430,8035
959319,8853
959597,8459
959613,8538
959964,8813
960126,8803
960184,8560
960497,8538
960591,8558
960653,8635
961246,8173
961354,8242
961404,8238
961516,8481
961569,8382
961669,9226
961745,9421
962014,9045
962300,9385
962421,9014
963643,7740
964264,7459
964678,6854
964779,6827
964939,6854
965639,6884
965680,7001
965829,6904
966174,7961
966224,7451
966375,7414
966509,7392
966625,7652
966809,7479
966900,7235
966964,7468
967056,7327
967150,7502
967304,7237
967424,7108
967497,7322
967736,8601
968212,8039
968342,7990
968584,8499
968939,7537
969374,7312
969571,7173
969715,7196
969926,7092
970048,6920
970115,7179
970131,7084
970265,7006
970563,6846
970709,8453
971042,7627
971170,8075
971206,7680
971367,8089
972134,7047
972150,7426
972331,7300
972473,7209
972558,7003
972840,6989
973152,6728
973168,6775
973321,7822
973337,7867
973485,8196
973512,7775
973599,7740
973782,7841
973961,7869
973971,7759
974938,6910
975122,6775
975256,7061
975291,6845
975504,6779
975665,6854
975879,8171
976085,8224
976112,8164
976603,7775
976750,7723
977122,7206
977433,7091
977559,7014
977963,6463
978120,6503
978276,6394
978429,7056
978447,7129
978637,6979
978779,7045
978914,7007
979203,6662
979414,6574
980200,5884
980374,5832
980443,5871
980659,5778
980677,5877
980794,8242
980919,7969
981453,7497
981494,6691
981641,6653
981857,6785
982009,6563
982157,6534
982370,6452
982534,6481
982562,6438
982710,6839
982795,6889
983380,6742
983595,7996
983717,7517
984088,7636
984345,7726
984966,7160
985128,7059
985260,6866
985317,6648
987129,4934
987638,5167
987840,5016
988001,5193
988399,4749
989086,4179
989105,4223
989245,4209
989313,4297
989407,4514
989433,4867
989526,4633
989578,5375
989890,4634
989935,4737
990179,4972
990503,4501
990618,5021
990666,4895
991148,4130
991488,4294
991631,4221
992162,3791
992345,4349
992516,4353
992616,4366
992672,4415
992796,4261
993631,4315
993823,4557
994000,5551
994138,4865
994349,5123
994552,5161
994694,4673
994800,4721
994846,4572
995992,4209
996207,3533
996287,3822
996369,3710
996401,4125
996482,3879
996526,3724
996715,4410
996818,3875
997025,3791
997127,3616
997165,4008
997276,4339
997361,4355
997684,4347
997843,4700
998538,4055
998809,3834
999181,4223
999550,3889
1000143,3549
1000312,3521
1000481,3935
1000632,3865
1000833,3764
1000957,4225
1000960,3737
1001101,3954
1001184,3980
1001245,3862
1001359,3870
1002328,3486
1002516,3351
1002653,3303
1002680,3967
1002804,3293
1002825,3652
1002925,3493
1002962,3742
1003100,3742
1003233,3922
1003646,3458
1003726,3410
1006845,3296
1008123,2915
1008298,2944
1008458,3004
1008627,3488
1008855,4578
1009038,4373
1009120,3400
1009199,3994
1009282,3131
1009328,3964
1009380,3648
1009424,3696
1009469,3893
1009663,3159
1010262,3568
1010421,3399
1010618,3001
1010687,3199
1010746,3372
1010818,3441
1011068,3562
1011086,3729
1011226,3701
1012210,3025
1012878,2954
1013036,3399
1013090,3439
1013611,3289
1013822,3416
1013932,3359
1013959,3422
1014097,3545
1014343,3488
1014382,3554
1014542,3848
1015063,3453
1015097,3639
1015237,3508
1015290,3544
1015354,3600
1015689,4969
1015821,3807
1015892,3547
1015912,3636
1016070,5105
1016208,3570
1016266,4963
1016557,4477
1017222,4293
1017426,4397
1017468,4407
1017663,4692
1018014,4584
1018157,4577
1018172,4359
1018488,4658
1018529,4729
1018834,4481
1019259,5089
1019389,5065
1019560,4611
1019708,5206
1019790,4605
1019847,4861
1019986,4746
1020053,4763
1020219,4918
1020436,5294
1020612,5109
1020842,4987
1021022,5717
1021688,5386
1021866,4794
1021989,5393
1022075,5413
1022215,5718
1022367,5633
1022510,5688
1022820,5424
1022845,5569
1022987,5995
1023098,6223
1023849,5678
1023895,5738
1024030,5686
1024271,5888
1024497,5693
1024742,5494
1024943,5399
1024969,5313
1025030,5562
1025688,5847
1025827,6236
1025891,5692
1026034,5598
1026178,5620
1026268,5595
1026341,5577
1026498,5683
1026742,5732
1026901,5880
1027600,6216
1027750,6362
1027965,6199
1028115,6140
1028252,6214
1028423,5882
1028578,5923
1028579,5843
1028714,5990
1028808,5800
1029681,5848
1029971,5610
1030218,5412
1030707,4987
1030800,4988
1030971,5016
1031093,4997
1031231,5851
1031401,5628
1031522,5663
1032539,4663
1032731,5287
1032807,4369
1032997,5545
1033196,5278
1033428,5176
1033619,5049
1033780,5260
1033937,5163
1034076,5488
1035022,4720
1035055,4456
1035231,5154
1035359,5077
1035368,5154
1035519,5094
1035695,5138
1035824,5110
1035829,5456
1036006,5711
1036173,5647
1036415,5473
1036675,5557
1036841,5445
1037700,5980
1037719,5619
1037818,5415
1038139,5262
1038256,5242
1038386,5340
1038519,5411
1038673,5202
1038941,5231
1039272,5185
1039444,5086
1039582,5060
1039784,5056
1039950,5671
1040745,5341
1040793,5099
1040902,5043
1041295,4999
1041442,5011
1041482,5248
1041561,5744
1041694,5616
1041826,5580
1041924,5805
1041947,6333
1042060,6271
1042127,6034
1042548,5831
1042707,5767
1043801,5220
1043958,5147
1043991,5522
1044118,5467
1044214,5757
1044254,5913
1044400,7043
1044433,5789
1044562,6963
1044686,6662
1044862,6539
1045008,6444
1045161,6341
1045350,6242
1045473,6196
1046839,5615
1046992,5734
1047145,5644
1047663,5026
1048118,4722
1048642,4743
1048717,4500
1048741,4815
1048798,4532
1048948,4320
1049134,4336
1049173,4513
1049329,5982
1049353,5837
1049515,5925
1049660,5860
1049683,5950
1049793,5990
1049864,6007
1050008,5992
1050041,6014
1050353,5784
1050432,6003
1051268,5451
1052740,4960
1052799,4819
1052879,4924
1053058,4870
1053112,4807
1053233,4766
1053398,4691
1053510,4756
1053597,4759
1053729,5303
1053814,4927
1053913,5832
1054243,5913
1054269,5674
1054476,5708
1056110,4729
1056271,4671
1056311,7539
1056479,4925
1056552,7434
1056786,6700
1056853,5999
1056974,6613
1057014,6110
1057162,6071
1057295,5720
1057447,7537
1057476,7608
1057618,7568
1057782,7747
1057973,7554
1058118,7529
1058280,7466
1058399,7707
1058399,7436
1058590,7935
1058685,7884
1058827,7790
1059252,7608
1059300,9650
1059472,10920
1059489,8490
1060023,8410
1060300,8419
1060424,8121
1060592,9957
1061035,9449
1061212,9453
1061482,9247
1061645,9169
1061701,12503
1061844,9121
1061868,9680
1062016,9560
1062047,9346
1062176,9482
1062202,9392
1062331,9574
1062354,9450
1062486,9457
1062511,9479
1062650,9496
1062678,9536
1062811,9611
1062970,9613
1063134,9701
1063319,9695
1063476,9790
1063648,9981
1063678,9997
1063814,10094
1063968,10319
1064212,10415
1064419,11136
1064480,11456
1064578,11784
1065154,10932
1065343,10802
1065359,11206
1065921,11141
1066008,11245
1066237,11420
1066253,11481
1066410,11532
1066628,12846
1068086,12002
1068251,11725
1068269,11597
1069605,10692
1069880,10623
1070041,10513
1070204,10980
1070360,12256
1070855,10837
1071089,11647
1071232,10745
1071381,11137
1071975,10746
1072464,10950
1072652,10011
1072863,10028
1073163,10312
1073312,9518
1073447,10130
1073606,10411
1073733,9951
1073799,9922
1073935,9941
1074890,9051
1075077,8996
1075098,8974
1075250,8925
1075393,9025
1075419,9120
1075585,9089
1075682,9202
1075807,9292
1076060,9355
1076201,9377
1076270,9359
1076443,9394
1076599,9764
1076636,9882
1077486,9412
1077506,9688
1077809,9588
1077971,9606
1078111,9760
1078228,9917
1078353,9893
1078605,9720
1078798,9804
1078952,9702
1079068,9441
1079615,9522
1080127,9103
1080339,8965
1081298,8309
1081843,7995
1082053,7729
1082316,7668
1083016,7250
1083222,8087
1085231,6028
1085398,5964
1085504,5922
1085654,5965
1085953,5890
1086086,5913
1086133,6391
1086206,5845
1086323,5795
1086474,5711
1086584,5738
1086748,6565
1087991,5553
1088876,4859
1089602,4591
1089813,4692
1089940,4624
1090085,4395
1090128,4713
1090314,5703
1090428,4398
1090633,5255
1090790,5083
1090947,5062
1091294,4808
1091454,5291
1091496,5330
1091686,5213
1091884,5276
1092045,5051
1092531,4995
1092631,4779
1092657,4922
1092855,4702
1093013,4952
1093095,4915
1093141,5155
1093264,5352
1093375,5071
1093382,5181
1094262,5025
1094329,5028
1094599,4844
1094629,4976
1094795,4993
1094873,5067
1095052,5130
1095214,5097
1095403,5138
1097196,3845
1097217,3974
1097357,3946
1097620,3781
1097780,4054
1097934,3989
1098080,3940
1098579,3659
1098707,3659
1098716,5821
1098786,3718
1098907,6445
1098922,4920
1099031,6368
1099050,5171
1100141,4987
1100277,4912
1100373,5207
1100441,4980
1100554,5027
1100587,5418
1100700,5418
1100706,5515
1100860,5674
1100882,5763
1100962,5778
1101118,6004
1102975,4251
1103154,4283
1103298,4730
1103495,4563
1103701,4422
1104185,4072
1104460,4085
1104621,4006
1105704,3333
1105867,3239
1106143,3846
1106303,3823
1106357,3793
1106609,3759
1106835,3741
1106954,3555
1106962,3801
1107259,3431
1107283,3947
1107444,3978
1107448,4041
1107612,4127
1107795,4137
1108062,3968
1108813,3506
1108880,4429
1109015,4399
1109169,3913
1109380,3765
1109507,3689
1109645,3601
1109775,3481
1110584,3054
1110740,3002
1110890,3483
1110912,3089
1111089,3168
1111131,3841
1111400,3526
1111537,3827
1111575,3492
1111632,3539
1112376,3968
1112408,3793
1112553,3967
1112671,4388
1113291,3523
1113500,3364
1114448,3248
1114520,3716
1115481,2841
1115527,4587
1115715,4469
1115798,3159
1116029,4072
1116228,3489
1116354,4127
1116398,4504
1116457,3883
1116606,4047
1117097,4031
1117159,4016
1117228,4163
1117366,4022
1117533,3907
1118298,3354
1118502,3199
1118651,3331
1118791,3665
1118836,4038
1118868,4663
1118980,4029
1119002,4585
1119041,5367
1119062,3258
1119265,3760
1119413,3760
1119560,4148
1119616,4762
1119731,4701
1121200,4170
1121218,4229
1121433,4066
1121492,4041
1121555,4023
1121694,3929
1121811,4977
1121848,4974
1121995,4885
1122112,4740
1122364,4543
1123126,4725
1123217,5056
1123359,5247
1123390,5323
1123475,7807
1123593,8863
1123829,9745
1123968,9764
1125304,9081
1125469,9047
1125608,9078
1125764,9525
1125845,9023
1125864,9160
1125973,9076
1126020,9179
1126162,9291
1126356,9353
1126505,9353
1126570,9522
1127050,9038
1127073,9127
1127215,8987
1127251,8998
1127368,9668
1127372,9904
1127522,9803
1127639,9733
1127799,9425
1128103,9432
1128298,9427
1128551,8870
1129330,8581
1129499,8434
1129782,8076
1129962,8012
1130096,7985
1130225,7996
1130630,7662
1130647,7969
1130795,7872
1130989,8312
1131116,8493
1131161,8197
1131314,8095
1131334,8813
1131466,8409
1131485,8676
1131619,8713
1131871,8410
1131939,9375
1132113,9301
1132275,9173
1132289,8819
1132454,8768
1132651,8952
1133716,9113
1133935,8987
1134478,8544
1134670,8473
1134838,8406
1135225,8106
1135718,7887
1136431,7117
1136501,7211
1136750,8381
1137686,7436
1138339,7124
1138447,6889
1138859,6527
1138924,6586
1139005,6618
1139153,6674
1139701,6540
1139742,6420
1139822,6456
1139846,6090
1140651,6403
1140741,6786
1140825,6587
1140852,6405
1141476,6132
1141622,6048
1141782,5839
1141803,5919
1141944,6009
1142087,5927
1142236,5880
1142263,6110
1142401,6176
1142522,6105
1142659,7015
1143333,6261
1143418,6471
1143559,6381
1143750,6521
1143812,6293
1144128,6393
1144175,6409
1144269,6442
1144440,6505
1144714,7325
1145008,6913
1145153,7393
1146484,5602
1146495,6138
1146669,6079
1146951,6221
1147289,6189
1147321,5981
1147671,5741
1147777,5732
1147795,5812
1147958,6064
1148085,6130
1148215,5945
1148413,5849
1148436,6091
1148584,5917
1148803,5775
1148887,5974
1148950,5980
1149239,6204
1150619,5031
1150780,4920
1150815,5084
1150944,5072
1150994,5072
1151134,5144
1151170,5282
1151290,5207
1151335,5300
1151560,5647
1151725,5745
1151775,5577
1151944,5526
1152100,5517
1152232,5463
1154084,4782
1154241,4780
1154358,4344
1154543,4644
1154625,4484
1154667,4768
1154979,5411
1155016,4549
1155194,5305
1155283,5334
1155485,5902
1155532,5304
1155723,5924
1155730,6696
1155822,6493
1155965,6575
1156104,6096
1157286,5223
1158098,4543
1158309,4297
1158327,4413
1158516,4191
1158539,4379
1158681,4268
1158851,4356
1159264,4215
1159646,4187
1159834,3736
1159856,3960
1160003,3737
1160162,3722
1160318,3680
1160480,4432
1160658,3950
1160669,4294
1160935,4123
1161098,4009
1161301,3854
1161474,4683
1161494,4826
1161646,4785
1161826,4811
1161991,4890
1162150,4721
1163555,3559
1164137,3078
1164181,3115
1164389,3485
1164416,3831
1164559,3846
1164697,3870
1164742,4578
1164781,3878
1164934,3812
1165071,3780
1165224,3728
1165248,3803
1165388,3844
1165527,3840
1165559,4185
1165816,4578
1165991,4457
1166896,4401
1167075,4431
1167226,4102
1167389,4167
1167638,3597
1167666,3919
1167841,3803
1168201,3319
1169013,3411
1169145,3601
1169286,3401
1169433,4577
1169541,3504
1169573,4365
1169694,4146
1169830,4188
1169996,4253
1170120,4276
1170578,3918
1172209,3332
1172230,3431
1172385,3527
1172526,3433
1172564,3780
1172711,3987
1172806,4038
1172846,4019
1172983,3933
1173134,4131
1173288,4031
1173459,4191
1175363,3464
1175501,3396
1175784,3598
1175967,3472
1175997,3776
1176177,3854
1176273,3690
1176431,3837
1176539,3829
1176727,3725
1176989,3666
1177052,3870
1177104,3865
1177224,3795
1177375,3864
1177496,3691
1178100,3425
1178269,3595
1178318,3650
1178400,3623
1178516,4177
1178541,4380
1178638,4338
1178917,4214
1178947,4118
1179095,4331
1179218,4428
1179516,4038
1179804,3905
1180314,4344
1180473,4241
1180864,4098
1181039,3970
1181062,4009
1181212,3985
1181275,4030
1181363,4096
1181612,4058
1181641,4189
1181969,4099
1182151,4146
1182168,3946
1183185,3464
1183233,3587
1183366,3993
1183691,3593
1183740,3968
1183812,3543
1184275,3168
1184441,3348
1184566,3494
1184795,3601
1185860,3250
1186003,3163
1186137,3123
1186155,3010
1186394,3225
1186415,3253
1186573,3144
1186806,4055
1187096,4055
1187383,3534
1187744,3432
1187813,3155
1187900,3346
1188087,3252
1188112,3293
1189647,2826
1189778,2833
1189834,2856
1189986,2915
1190004,2962
1190179,3245
1190304,3341
1190458,3562
1191310,3237
1191442,3152
1191493,3830
1191598,3440
1191616,3820
1191802,3851
1193248,2991
1193277,3660
1193439,3209
1193485,4252
1193682,3435
1193711,3408
1193880,3437
1193899,3741
1194062,3491
1194130,3885
1194191,3639
1194299,4604
1194340,4182
1194493,3980
1194640,4135
1194713,4658
1194786,4172
1195100,4163
1195412,4006
1195493,4148
1196720,3485
1197172,3571
1197332,3702
1197479,3800
1197812,3727
1198068,3993
1198107,3755
1198260,3913
1198294,3988
1198356,4136
1198470,4108
1198608,4018
1198666,4022
1199192,3807
1199314,3798
1199516,3534
1199804,3505
1199881,3297
1199983,4648
1200096,4414
1200275,4286
1200293,4778
1200402,4483
1200495,4744
1200522,4639
1200838,4828
1200874,4908
1201117,4757
1201303,4635
1202317,4090
1202431,4076
1202584,4313
1202737,4245
1202821,4394
1203003,4284
1203125,4694
1203286,4586
1203375,4629
1203439,4871
1203502,4880
1203558,4920
1203708,5670
1203789,5133
1203853,4744
1204010,5421
1204055,4859
1204497,4810
1205283,4227
1206278,3237
1206438,3202
1206519,3455
1206581,3674
1206704,4023
1206870,3952
1207034,3867
1207099,4286
1207261,4175
1207387,4098
1208687,3690
1208854,3791
1208925,4099
1208979,3533
1209554,3775
1209680,3713
1209794,3733
1209933,4273
1210089,4190
1210277,3698
1210510,3943
1210780,3874
1210997,3878
1211050,3777
1211108,3725
1211217,3725
1211288,3637
1211507,4078
1211534,3463
1211638,4062
1211749,4058
1211820,3284
1211977,3228
1212461,3731
1212613,3633
1212683,3465
1212945,4643
1213136,4005
1213160,4033
1213226,4590
1215741,3931
1215833,3871
1215928,3496
1215987,3595
1216231,4110
1216356,3880
1216503,3795
1216593,3575
1216739,3800
1216789,3752
1216954,3720
1216982,3837
1217052,3770
1217249,3663
1217298,3822
1217393,3718
1217553,3762
1217854,3508
1217873,3551
1218002,3654
1218163,3674
1218298,3679
1218464,3652
1218485,3683
1218629,3879
1218663,3781
1221172,4022
1221486,3848
1221555,3896
1221747,3640
1221912,3975
1222033,4081
1222173,4021
1222195,4137
1222291,4680
1222334,4688
1222473,4597
1222634,4528
1222652,4609
1222950,4400
1223095,4389
1223228,4305
1223383,5009
1223584,4928
1223590,5119
1223775,4670
1223901,4666
1224022,4625
1224869,3988
1225013,3854
1225166,3923
1225249,3779
1225395,3806
1225647,5205
1225794,5515
1225936,5273
1226029,5409
1226156,5216
1226222,5380
1226365,5288
1226583,5118
1226601,5688
1227642,4443
1227676,4718
1227994,5320
1228140,5225
1228286,4949
1228408,5037
1228523,5024
1228693,4961
1228910,4766
1229108,5138
1229391,4921
1229978,4563
1230154,4924
1230361,4769
1230551,4630
1232694,3998
1232716,3923
1232796,3781
1233039,3787
1233199,3852
1233492,3634
1233683,3589
1233847,3531
1233977,3470
1234090,3897
1234357,3932
1234526,4651
1234594,3752
1234618,4607
1234790,4328
1234915,4443
1234917,4240
1235094,4283
1235203,4072
1235296,4108
1235511,3942
1235663,4219
1235820,4261
1236144,3988
1236322,3876
1237395,3301
1237499,3361
1237626,3305
1237630,3285
1237792,3361
1237821,3467
1237978,3702
1238119,3739
1238568,4483
1238600,4355
1238725,4504
1238822,4292
1239212,4049
1239419,3893
1239553,3926
1241089,3174
1241195,3151
1241338,3179
1241484,3245
1241518,3198
1241580,3250
1241734,4402
1241789,3455
1241885,3628
1241907,3597
1242008,4083
1242043,3969
1242423,3761
1244521,3736
1244551,3636
1244788,3530
1244913,4301
1245063,4101
1245082,4574
1245189,4074
1245276,4385
1245375,4206
1245522,4418
1245682,4326
1245799,4396
1245804,4461
1245925,4443
1246037,4565
1246242,4475
1246509,4582
1246533,4492
1247282,4082
1247508,3940
1247589,3906
1247726,4506
1248077,3986
1248230,3938
1248347,3773
1248470,5201
1248494,5226
1248512,5313
1248543,5567
1248596,5940
1248615,6033
1248664,6069
1248724,3817
1248784,4010
1248929,4691
1250748,4291
1251143,4266
1251205,4256
1251342,4376
1251488,4499
1251608,5523
1251618,4435
1251643,4464
1251983,4277
1252134,4161
1252323,4686
1252521,7023
1252591,4638
1252689,7909
1252843,7848
1253284,5872
1253458,5575
1254865,4388
1254888,6313
1255057,6205
1255219,6052
1255241,4629
1255420,5461
1255523,5457
1255555,5274
1255647,5041
1255806,5039
1255821,5272
1255959,5068
1256093,4815
1256144,5005
1257345,4561
1257524,4404
1257709,4266
1257868,4163
1257883,4356
1258052,4679
1258066,4808
1258222,4873
1258244,4738
1258374,5153
1258401,4630
1258525,5052
1258561,4743
1258680,4795
1258715,6889
1258826,4841
1259173,5139
1259357,4895
1259644,4722
1259972,5064
1260107,4751
1260139,4844
1260276,4852
1260301,5032
1260432,5052
1260462,5089
1260717,4981
1262598,4770
1262671,4439
1262765,4661
1263138,4625
1263309,4476
1263343,4608
1264017,3810
1264065,3963
1264196,3945
1264357,3853
1264554,4192
1264736,3960
1265728,3315
1265814,3091
1265989,3371
1266040,3350
1266121,3459
1266272,3945
1266339,4061
1266403,3864
1266480,4853
1266574,4690
1266579,5457
1266840,4603
1267214,4346
1267401,4817
1267533,4819
1268404,4063
1268515,3786
1268540,3856
1268656,3746
1268798,4755
1268841,4396
1269011,4378
1269056,4403
1269167,4432
1269322,4407
1269420,4411
1269589,4709
1269593,4580
1269731,4628
1269788,5027
1269913,4953
1269928,5377
1270052,5454
1270054,5238
1270235,5398
1271639,4393
1271670,4413
1271859,4313
1272068,4318
1272237,4197
1272428,5627
1272510,4059
1272630,4834
1273191,5116
1273526,4895
1273697,5241
1273787,4731
1273885,4686
1273908,4967
1274017,4831
1274020,4830
1274166,4824
1274320,4870
1274448,5357
1274776,4973
1274957,4901
1275132,4802
1276003,4846
1276160,5092
1276213,4616
1276298,5081
1276423,5009
1276538,4943
1276639,4468
1276777,4575
1276820,4708
1276898,4658
1276994,4627
1277054,5237
1277171,5699
1277305,5759
1278282,5179
1278431,5080
1278584,4974
1278981,4652
1279130,4715
1279283,4648
1279306,5553
1279442,4901
1279519,5411
1279536,4989
1280351,5207
1280393,5025
1280439,5132
1280596,5036
1280716,5222
1280888,4932
1281189,4684
1281383,4726
1281671,4817
1281692,4848
1281856,5002
1281977,4846
1282156,5339
1283415,4390
1283616,4246
1283802,4128
1283946,4136
1284098,4372
1284238,4574
1284382,4483
1284500,4490
1284658,4439
1284681,4630
1285380,4215
1285600,4077
1285685,4101
1285919,3926
1285965,4387
1286114,4290
1286268,4188
1286324,4737
1286410,4607
1286594,4556
1286615,4599
1286883,4380
1287006,4572
1287173,4566
1287309,4840
1287450,4751
1287568,4862
1287573,4848
1287741,4763
1288279,4273
1289552,3482
1289918,3465
1290129,3475
1290280,3988
1290407,3917
1290543,3835
1290730,4364
1290795,4246
1291154,4037
1291293,3850
1291376,4261
1293083,3186
1293126,3813
1293221,3242
1293280,3634
1293418,3619
1293556,3432
1293665,3557
1293677,3408
1293816,3479
1293964,3971
1294029,3957
1294114,4024
1294166,4284
1294299,4101
1294417,4083
1294530,4179
1294783,4746
1294841,5064
1294909,4672
1295036,4594
1295228,4733
1297480,3757
1297791,3880
1298095,4339
1298199,4168
1298228,4267
1298328,4217
1298488,4512
1298545,4858
1298656,4593
1298802,4534
1298952,5041
1299075,5347
1299141,5466
1299266,5299
1299296,5317
1299380,5328
1299433,5445
1299549,5399
1299686,5318
1299719,5576
1299807,5261
1299944,5195
1300010,5197
1300155,5586
1300199,5740
1300463,6391
1300635,6264
1300833,6299
1301987,5069
1302038,4909
1302172,5195
1302178,5062
1302326,5585
1302659,4896
1302782,4957
1302835,5367
1303040,5641
1303205,5747
1303408,5600
1303444,5611
1303552,5611
1303608,5789
1303818,5917
1304114,5720
1304132,5938
1305244,4986
1305393,4899
1305453,4923
1305513,4998
1305585,4973
1305775,5099
1305823,5001
1306081,4856
1306142,5001
1306392,5385
1306515,5678
1306522,5709
1306663,5681
1306889,5622
1307014,5599
1309523,3917
1309593,3901
1309798,3980
1310357,4206
1310497,3866
1310598,4128
1310904,3877
1310973,3920
1311004,3970
1311166,4926
1311206,3852
1311335,4873
1311470,4904
1311610,4340
1311634,4380
1311822,4321
1311988,4558
1312007,5043
1312235,5150
1312285,4891
1312385,5318
1312561,4750
1312722,4885
1312872,4658
1312933,4958
1313045,5212
1313576,5294
1313844,4858
1313982,5113
1314138,5132
1314187,5106
1314308,4930
1314399,4975
1314590,4729
1314718,4708
1315601,4084
1315784,4044
1315826,4085
1316331,4229
1316652,4017
1316867,4014
1317034,4066
1317190,3961
1317439,4236
1317936,3793
1318301,3926
1318405,4153
1318549,4073
1318796,4057
1319033,3871
1319857,3138
1320001,3586
1320023,3852
1320143,3497
1320189,3862
1320360,3851
1320382,3910
1320748,3612
1320933,3908
1321072,4533
1321206,4449
1321359,4345
1321487,4066
1321511,3828
1321625,4495
1321785,4353
1321809,4403
1322545,3824
1322684,4047
1322705,4118
1322826,3896
1322973,3817
1323311,3834
1323421,3880
1323494,3942
1323633,3926
1323865,3769
1324480,3528
1324515,3599
1324651,3586
1325237,3549
1325390,3675
1325424,3738
1325616,3598
1326027,4053
1326251,3879
1326474,3992
1326512,3996
1328299,3153
1328337,3279
1328452,3525
1328560,4051
1328727,4361
1328813,4212
1328837,4001
1329002,4480
1329105,4441
1329250,4392
1329271,4837
1329455,4762
1329590,4674
1329785,4382
1329842,4615
1329924,4635
1330721,3926
1330750,4714
1330843,4042
1330970,3891
1330993,4267
1331031,4820
1331064,4869
1331112,5035
1331192,5008
1331225,5874
1331554,4288
1331692,4202
1332120,4211
1332271,4117
1332418,4544
1332640,4770
1333214,4874
1333324,4690
1333466,4726
1333598,4535
1333709,4612
1334025,4222
1335048,4757
1335064,4828
1335286,4698
1335657,4236
1335938,4004
1335986,4038
1336135,3935
1336289,3895
1336431,3837
1336447,3923
1337343,3330
1337487,3833
1337519,3594
1337645,3827
1337680,4550
1337713,3878
1337874,4354
1338011,4415
1338260,4555
1338332,4292
1338447,4260
1338672,3971
1338881,3916
1340301,3102
1340444,3444
1340687,3625
1340795,3428
1341174,3188
1341324,3558
1341370,3654
1341590,3839
1341650,3921
1341749,3865
1342063,4030
1342261,3994
1342457,3907
1342483,4226
1342665,3645
1342830,3582
1342969,3676
1343044,3886
1343228,4134
1343263,4573
1343403,4524
1343649,4273
1343963,4010
1344061,4079
1344242,3984
1345618,3018
1345658,3628
1346035,3845
1346160,4012
1346316,4398
1346457,4205
1346477,4076
1346558,4384
1346779,4482
1346812,4251
1347010,4491
1347151,4401
1348897,3135
1349074,3255
1349096,3473
1349231,3310
1349359,3764
1349379,3504
1349530,3775
1349550,3682
1349672,4015
1349995,4525
1350180,4442
1350319,4361
1350438,3955
1350599,3966
1350899,4073
1351096,3926
1351341,3836
1351370,4005
1351501,3958
1351632,3989
1352577,4062
1352655,3497
1352712,4473
1352835,4543
1353090,4051
1353244,3843
1353346,4288
1353411,4104
1353532,4033
1353741,4843
1353847,4334
1354025,4213
1354165,4443
1354503,4336
1354676,4140
1354741,4728
1354810,4242
1354818,4716
1355932,3594
1355972,4086
1356137,3970
1356224,3783
1356349,4027
1356484,4090
1356668,4049
1356982,3835
1357215,3884
1357454,3760
1357655,3637
1357683,4413
1357819,4099
1357947,4020
1359116,3326
1359261,3462
1359382,3449
1359574,3414
1359728,5424
1359836,3216
1359896,3283
1360033,3222
1360191,3953
1360334,3862
1360501,4702
1360648,4044
1360858,4408
1360933,4318
1361210,4629
1361374,4530
1361714,4404
1362092,3920
1362260,3814
1363482,2809
1363686,2873
1363726,2994
1363843,3025
1363961,3553
1364006,3612
1364168,3562
1364264,3604
1364390,3645
1364519,3644
1364724,4598
1364823,4441
1364975,4403
1367118,3156
1368265,2930
1368445,3154
1368616,3241
1369332,2852
1369498,2996
1369644,3142
1370033,3315
1370180,3114
1370326,3143
1370364,3227
1370482,4019
1370491,3182
1370526,3268
1370661,3204
1370870,3164
1370894,3239
1371034,3289
1371188,3213
1371306,3277
1371718,3400
1371818,3243
1371863,3657
1372040,3236
1372233,3338
1372374,3807
1372597,3219
1372695,4041
1373095,3453
1373428,3516
1374403,3049
1374607,3607
1374631,3405
1374711,3860
1374850,3284
1375379,3304
1375644,3298
1375857,3238
1376126,3220
1376269,3129
1376519,2928
1377120,3043
1377272,2944
1377289,3125
1377461,3160
1377497,3230
1377657,3334
1377868,3225
1378090,3514
1378255,3984
1378403,3278
1378573,3715
1379167,3235
1379187,3372
1379375,3438
1379498,3334
1379498,3574
1379819,3327
1379968,3359
1380204,3824
1380253,3386
1380504,3429
1381078,3000
1381134,3209
1381279,3341
1381705,3151
1381737,3049
1381952,3008
1382002,3685
1382377,3573
1382901,3504
1383107,3401
1383237,3307
1383422,3322
1383709,3252
1383772,3655
1384032,3195
1384190,3126
1384813,4021
1384921,2914
1385002,3156
1385072,3126
1385164,3118
1385336,3325
1385495,3479
1385686,3357
1385938,3295
1386140,3326
1386281,3373
1387298,3376
1387360,3166
1387535,3087
1387798,3173
1387989,3247
1388200,3152
1388321,3215
1388458,3632
1388478,3581
1388649,3931
1389499,3561
1389670,4075
1389729,3108
1389813,3168
1389915,3420
1389950,3587
1390040,3815
1390177,3779
1390341,3972
1390421,3944
1390457,4183
1391593,3564
1391629,3574
1391739,3685
1391861,3864
1392106,3536
1392136,3691
1392312,3607
1392645,3704
1392675,3657
1392858,3544
1393087,3533
1393155,3870
1393304,3559
1393429,3643
1393992,3569
1394152,3783
1394171,3888
1394424,3583
1394479,4102
1394747,3912
1395087,3775
1395264,3726
1395465,3578
1396643,3514
1396880,3328
1397030,3228
1397129,3192
1397308,3530
1397444,3627
1397472,3651
1397786,3391
1397968,3677
1398096,3465
1398238,3496
1399682,3186
1400011,3109
1400175,3005
1400325,3009
1400487,3381
1400607,3842
1400806,3690
1400903,3993
1400937,3340
1401286,3820
1401639,3379
1401842,3228
1402017,3326
1402037,3276
1402190,3737
1402217,3504
1403367,3010
1403388,2902
1403519,3085
1403543,2930
1403563,5098
1403692,3268
1404278,3248
1404463,3819
1404562,3611
1404688,3644
1404806,3640
1404931,4064
1405184,3538
1405444,3384
1405560,3440
1406517,2864
1406941,2792
1407037,2862
1407106,2884
1407188,3217
1407226,3288
1407337,3411
1407405,3683
1407620,3421
1407980,4214
1408531,3790
1408704,3544
1409027,3340
1409058,3491
1410029,2977
1410050,3120
1410232,3482
1410253,4178
1410470,3613
1410585,4430
1410827,4525
1410873,3822
1411011,4171
1411099,3776
1411160,4086
1411279,4222
1411449,4119
1411591,4057
1411778,3964
1411885,4023
1412082,3969
1412280,4114
1413194,3296
1413358,3181
1413382,3297
1413503,3959
1413645,3957
1413670,3548
1413864,4075
1414157,3844
1414341,3708
1414447,4114
1414488,4256
1414592,4062
1414724,4108
1415158,3778
1416218,3626
1416275,3400
1416507,3328
1416603,3571
1416910,3489
1417072,3425
1417231,3387
1417422,3800
1417645,3517
1417892,3459
1418023,3516
1418158,3542
1419007,2949
1419139,3068
1419383,3089
1419590,3614
1419746,3407
1419915,3758
1420013,3596
1420097,3628
1420245,3852
1420425,3812
1420616,3679
1420782,3733
1420905,3735
1420928,3790
1420962,3861
1421874,3108
1421998,3173
1422286,3499
1422306,3291
1422383,3263
1422510,3220
1422594,3254
1422682,3762
1422741,3648
1422962,3560
1423221,3575
1423378,4816
1423444,3677
1424630,3782
1426006,2811
1426895,3439
1427266,3121
1427474,3271
1427636,3196
1428837,2814
1429013,3246
1429166,3158
1429315,3070
1429452,3547
1429592,3104
1429736,3174
1429823,3273
1429898,3298
1429975,3553
1430020,3579
1430055,3590
1430192,3644
1430335,3621
1430478,3619
1430587,3706
1430610,3673
1431106,3275
1431240,3585
1431366,3117
1431520,3374
1431687,3899
1431958,3471
1432112,3368
1432266,3464
1432410,3621
1432551,3520
1432863,3346
1433335,3298
1433487,3250
1434226,3412
1434473,3221
1434604,3205
1434796,3338
1434928,3436
1435073,3644
1435209,4021
1435229,3806
1435788,3300
1436428,3090
1436448,3582
1436544,3196
1436810,3047
1436957,3017
1437142,2957
1437327,3092
1437486,3091
1437631,3196
1438151,3083
1438171,3162
1438421,3240
1438571,3163
1438856,3033
1439064,3355
1439115,3134
1439253,3048
1440105,3026
1440275,3174
1440431,3033
1440471,3219
1440719,3187
1440747,3304
1440867,3093
1441123,3081
1441392,3670
1441566,3377
1442064,3494
1442081,3486
1442498,3285
1442717,3536
1443060,3091
1443279,3556
1444105,2919
1444278,3261
1444402,3386
1444460,3397
1444544,3395
1444614,3867
1444658,3465
1444783,3620
1444888,3976
1445010,3910
1445148,3720
1445298,4434
1445607,4026
1445749,4069
1446382,3611
1446404,3436
1446511,3433
1446645,3471
1446686,3671
1446815,3861
1446884,4275
1447039,4037
1447071,4070
1447335,4278
1448080,3307
1448229,3801
1448362,4032
1448542,3907
1448606,3501
1448820,3779
1448924,3855
1449050,3804
1449192,3821
1449322,3787
1449470,4010
1450439,3429
1450601,3415
1451174,3742
1451448,3299
1451640,3395
1452084,3131
1452232,3032
1453139,2988
1453155,3038
1453293,3163
1453361,3387
1453483,3348
1453583,3433
1453601,3560
1453718,3656
1454149,3588
1454276,3554
1454437,3662
1455690,3489
1455729,3362
1456051,3410
1456221,3847
1456287,4361
1456640,3874
1456837,3911
1457028,3717
1457180,3639
1457249,3638
1457375,3588
1457429,3635
1457489,3672
1457575,3704
1457617,4005
1457748,4094
1457801,4078
1457867,3803
1458064,4506
1458204,3979
1458934,3724
1459149,3558
1459193,3648
1459301,3631
1459347,4032
1459477,4100
1459500,4134
1459674,4342
1459701,4272
1461082,3219
1461325,3579
1461494,3537
1461633,3471
1461957,3712
1461989,4214
1462130,3924
1462220,3834
1462378,3762
1462604,4057
1462969,3880
1463134,4981
1463317,4853
1463467,3586
1464392,2791
1464580,3642
1464706,3516
1465258,3063
1465492,3333
1465694,3370
1465791,3426
1465886,3668
1466088,3511
1467354,3998
1468011,2842
1468295,3517
1468471,3065
1468615,3072
1468782,3022
1468944,3289
1469063,3342
1469093,3578
1469416,3317
1470784,2852
1470865,2850
1471040,3336
1471194,3523
1471898,2912
1472087,3494
1472113,3196
1472309,3558
1472514,3441
1473700,3188
1474056,4230
1474212,4128
1474407,3982
1474554,3936
1474596,2993
1474797,3468
1474953,3891
1475000,3441
1475146,3854
1475276,4031
1475402,3848
1475833,3061
1476217,3140
1476384,3021
1476546,3082
1476705,3274
1477089,3113
1477306,3052
1477466,3542
1477657,3342
1477662,3444
1477856,3472
1478095,3464
1478546,3339
1478699,3454
1478799,3140
1478981,3099
1479128,4120
1479270,4400
1479408,3904
1479459,3634
1479652,3966
1480431,3363
1480660,3304
1480930,3379
1481125,3373
1481259,3335
1481396,3266
1481412,3437
1482224,3039
1482256,4861
1482357,2956
1482386,3634
1482427,3790
1482450,4743
1482484,5109
1482563,3516
1482848,3600
1483002,4467
1483033,4382
1483105,3723
1483252,3708
1483588,3945
1485011,3719
1485215,4108
1485373,3998
1485397,3710
1485646,3718
1485847,3973
1486056,3825
1486138,4375
1486282,3906
1486303,3742
1486459,4737
1487249,4904
1487278,4954
1487443,4901
1487579,4901
1487664,5582
1487828,6317
1488005,6280
1488108,6487
1488232,7660
1488376,7616
1488585,7537
1488598,7619
1488766,7664
1488791,8081
1488946,7961
1489179,7789
1490037,6896
1490443,6576
1490596,6559
1490729,6802
1490815,6466
1491036,6822
1491271,6636
1491463,6491
1491659,6430
1491802,7266
1491952,7013
1491975,7040
1492394,6767
1492508,6590
1492568,6657
1492697,6611
1492718,6720
1493030,6459
1493274,6831
1493545,6486
1493689,6277
1493946,6461
1493949,6575
1494094,6845
1494214,6707
1494358,6915
1494505,6871
1494627,6834
1494734,6816
1494833,7060
1495079,6905
1495266,6783
1495431,6681
1495791,6716
1496027,6544
1496263,6553
1496282,6542
1496422,6508
1496579,6436
1496725,6452
1496961,6344
1497567,5848
1498295,5202
1499265,6165
1499579,5989
1499631,5958
1499740,5777
1499854,6375
1500081,5582
1500316,5599
1500475,5856
1500658,6447
1501377,5751
1501588,5995
1501610,6189
1501712,6200
1501802,6046
1501927,6045
1502063,6224
1504354,4465
1504553,4321
1504714,4416
1504880,4374
1505066,4321
1505627,3962
1506510,3473
1506724,3430
1506967,3750
1507120,3912
1507164,3941
1507289,3923
1507303,3946
1507402,3926
1507593,4034
1507704,4073
1507901,3958
1508037,3956
1508064,4256
1508126,4307
1508315,4458
1508578,4460
1508739,4351
1508810,5350
1508850,5449
1508893,5352
1510283,3409
1510437,3309
1510575,3620
1510973,3372
1511991,3127
1512156,3028
1512193,3206
1512319,3471
1512332,3380
1512458,3393
1512634,4100
1512816,4199
1512864,4031
1513014,3857
1513227,4036
1513396,3946
1513539,3893
1514607,3056
1514625,3119
1515224,2985
1515273,2951
1515429,3699
1515470,4174
1515555,3941
1515596,4240
1515725,3872
1515888,3689
1516029,4171
1516195,4078
1516373,4065
1516566,4320
1516747,4110
1517495,3485
1517527,3707
1517989,3854
1518044,3560
1518252,3833
1518267,3408
1518408,3541
1518532,3877
1518631,3974
1518650,4135
1518836,4059
1518964,4088
1518999,4119
1519147,4025
1519162,4273
1519271,4319
1519318,4378
1519611,4488
1520397,4720
1520567,4433
1520800,4372
1521019,4972
1521130,4370
1521304,4982
1521390,4657
1521426,5129
1521539,5356
1522863,3568
1523012,4001
1523144,3931
1523254,3698
1523276,3777
1523413,3717
1523480,3814
1523661,3810
1523733,4043
1523795,3751
1523996,3893
1524143,3967
1524164,3998
1524322,4187
1524479,3986
1524517,4335
1524696,4553
1524800,5292
1524954,4880
1526108,3979
1526314,3827
1526513,3923
1526658,4031
1527085,3929
1527640,3536
1527657,3712
1528073,4011
1528221,4029
1528255,4623
1528420,4517
1528541,4452
1528562,4600
1528662,4598
1528699,4622
1528910,4949
1528928,4997
1529071,4996
1529087,5027
1529297,4873
1529449,4852
1529648,4895
1529921,4736
1530135,4460
1530267,4450
1531002,3937
1531057,4294
1531206,4113
1531272,4131
1531398,4186
1531419,4105
1531554,4812
1531689,4923
1531713,4972
1531924,4933
1531967,4993
1532095,5063
1532108,5216
1532294,5189
1532433,5192
1533707,4972
1534214,4306
1534375,4198
1534457,4388
1534608,4257
1534750,4971
1535009,4341
1535160,4893
1535186,5687
1535360,4582
1535439,5538
1535576,5173
1535620,4866
1535718,5375
1535794,5127
1536030,5020
1536186,5023
1536231,6177
1536401,5587
1536788,5759
1537894,4806
1538077,4360
1538129,4368
1538249,4885
1538301,4850
1538336,5028
1538611,4579
1539275,4581
1539546,3920
1539809,3976
1539882,4041
1540049,4466
1540204,4025
1540324,4001
1540361,4418
1540552,4487
1540559,4433
1540726,5063
1541315,4623
1541485,4877
1541637,4498
1541692,4295
1542019,4434
1542220,4285
1542465,4125
1542723,4087
1542960,3676
1543577,3568
1543613,3717
1543867,3454
1544324,3208
1544635,3482
1544794,4027
1544829,3721
1545041,3708
1545259,3613
1545522,3885
1545670,3845
1545960,3668
1546245,3843
1547105,3210
1547203,3180
1547367,3649
1547408,3630
1547556,3536
1547575,3680
1547727,3646
1547811,3812
1547942,3977
1547959,4005
1548207,3805
1548370,4134
1548537,4019
1548588,4072
1548685,4252
1548830,4162
1549897,3558
1550168,3387
1550353,3155
1550439,3256
1550479,3149
1550601,3455
1550638,3544
1551241,4313
1551415,4026
1551439,3568
1551566,4408
1551788,3829
1552978,3080
1553508,3286
1553663,3039
1553709,3118
1554229,4363
1554244,3297
1554275,4139
1554409,3181
1554478,3520
1554654,4053
1555331,3453
1555686,3146
1555858,3097
1556061,3022
1556105,3014
1556187,3308
1556277,3351
1556338,3396
1556467,3598
1556609,3506
1556845,3334
1556999,3460
1557135,3536
1557254,3550
1557384,3885
1557457,4377
1557601,4289
1557739,4200
1558157,4171
1559701,3756
1559891,3010
1560098,2891
1560242,2912
1560262,3086
1560469,3599
1560505,3653
1560659,3610
1560876,3504
1561001,3466
1561113,3710
1561270,3834
1561337,3702
1561459,3695
1561604,3770
1561843,3812
1561971,3863
1562162,3707
1563602,3603
1563622,3167
1564198,3517
1564503,3311
1564671,3331
1564858,4364
1565036,4434
1565186,4041
1565212,3631
1565343,4027
1565433,3591
1565689,3730
1565946,3578
1566085,3492
1566234,3399
1566332,3300
1566387,3717
1566468,3404
1566616,3556
1566896,3549
1566916,3578
1567060,3485
1567075,3774
1567271,3772
1567418,3695
1567556,3944
1567905,3685
1569300,3022
1569470,3573
1569691,3438
1569965,3215
1570148,3678
1570286,3683
1570316,3670
1570572,3756
1570872,3622
1571133,3541
1571317,3373
1571398,3212
1571534,3456
1571689,3143
1571749,3387
1571787,3285
1571958,2964
1572157,3102
1572398,2953
1572553,3179
1572657,3183
1572908,3105
1573055,3306
1573238,3352
1573436,3527
1573603,3952
1573815,3794
1575528,2834
1575599,3307
1575812,3382
1575913,3373
1576033,3325
1576061,3468
1576150,3444
1576255,3393
1576410,3800
1576428,4075
1576586,4098
1576649,3972
1576768,4068
1576781,4155
1576973,4317
1577005,4924
1577171,4765
1577329,4895
1577333,4528
1577850,4311
1579631,3291
1579833,3603
1579854,3771
1580013,3805
1580046,4002
1580219,3874
1580295,4890
1580344,4754
1580466,5073
1580608,4813
1580741,4961
1580779,4672
1580907,4944
1580963,4631
1581181,4658
1581454,4707
1581616,4684
1581775,4577
1581970,4513
1581973,4922
1582114,4607
1582250,4891
1582368,4610
1583105,4242
1583270,4127
1583347,4155
1583504,4081
1583600,4123
1583818,4149
1583969,4626
1584111,4732
1584373,4587
1584411,4484
1584631,4957
1585496,4450
1585652,4377
1585987,4311
1586125,4086
1586534,3968
1586558,4330
1587177,4240
1587365,4249
1587452,5127
1587632,4811
1587798,4946
1587858,4769
1587999,4391
1588019,4908
1588095,4400
1588289,4861
1588434,4820
1588625,4680
1589007,4408
1589205,4261
1589330,4185
1589606,3912
1589633,4228
1590549,3608
1590717,4833
1590806,3369
1590898,3377
1591044,3282
1591203,3703
1591257,4529
1591396,4104
1591574,4148
1591695,5321
1591958,4709
1592178,4648
1594558,3471
1594659,3570
1594847,4408
1594966,4016
1595027,4047
1595094,4025
1595218,4444
1595260,4338
1595343,4377
1595395,4588
1595565,4626
1595638,4760
1595836,4245
1595886,4475
1595987,4578
1596027,4290
1596155,4504
1596191,4555
1596217,4630
1596655,4290
1596830,4227
1596883,4508
1597021,4361
1597060,4625
1597138,4712
1597297,5307
1597315,4586
1597330,5074
1597617,5048
1597783,5053
1597921,5029
1598105,4992
1598261,4989
1599408,4873
1599441,4949
1599597,5088
1599703,6185
1600594,5430
1600822,7258
1601001,5738
1601153,7137
1601175,6179
1601325,5937
1601438,6275
1601516,6030
1601590,6751
1601726,6511
1601788,5845
1601811,6469
1602013,5727
1602143,5824
1603304,5861
1603474,5347
1603548,5114
1603686,5360
1603760,5333
1603866,5428
1603888,5157
1603994,5471
1604054,5349
1604496,5185
1604811,4913
1604877,5003
1604996,5252
1605082,5269
1605170,5820
1605251,5298
1605341,5705
1605405,5819
1605557,5729
1605714,5639
1605821,5819
1606253,6222
1606423,6227
1606577,5996
1606656,6151
1606862,6031
1607028,5985
1607179,6229
1607344,6469
1607512,6320
1608070,6256
1608492,5823
1608701,5686
1608877,5770
1609249,6213
1609398,6116
1609574,6613
1610321,5372
1610446,5916
1610591,5698
1610691,5652
1610745,5943
1610795,5838
1610808,5752
1610821,5591
1611198,5689
1611321,5681
1611365,5765
1611702,5496
1611894,5506
1613180,4389
1613206,4615
1613386,4491
1613469,4979
1613509,4707
1613610,4669
1613745,4807
1613859,4990
1613933,5273
1614033,5658
1614159,5411
1614168,5477
1614396,5740
1614727,5466
1615259,5081
1615279,4965
1615542,5450
1615745,5298
1617529,4183
1617628,4583
1617735,3912
1617934,4342
1617962,4339
1618059,4408
1618107,4244
1618255,4145
1618484,4607
1618612,4531
1618878,4896
1619159,4262
1619341,4560
1619485,4367
1621708,4489
1621788,5187
1621830,4885
1621886,4729
1622110,4567
1622473,4706
1622619,4796
1622707,4768
1622908,5194
1623047,5203
1623236,5435
1623347,4952
1623492,4877
1623631,4785
1623710,5032
1623829,4870
1623912,5012
1624180,4695
1624233,4624
1624366,4888
1624399,4740
1624483,4832
1624581,4610
1624616,4875
1624739,5617
1624790,5811
1624911,5926
1624916,5694
1624945,5761
1625080,5811
1625199,5740
1625281,5728
1625345,5745
1625375,6127
1625494,6588
1625630,6508
1625860,6277
1626011,6685
1626264,6634
1626461,6502
1627110,6028
1627996,5896
1628217,5868
1628384,5859
1628518,5707
1628889,5540
1629020,5516
1629160,5682
1629314,5618
1629361,6844
1629510,6939
1629649,6613
1629685,5345
1629817,5321
1629848,6512
1630066,6251
1630376,6038
1630413,6183
1631582,4921
1631621,5086
1632192,4437
1632281,4435
1632495,4571
1632708,4635
1632732,4986
1632911,4915
1633547,4340
1634613,3583
1634821,3512
1634994,3461
1635148,3526
1635302,3423
1635450,4483
1635601,4383
1635790,4241
1635848,4294
1635952,4271
1636019,4910
1636100,4871
1637096,4031
1638019,3843
1638207,3818
1638355,3720
1638375,3749
1638503,3607
1638565,3695
1638712,4546
1638792,4253
1638834,3587
1638974,4024
1639155,3980
1639375,4000
1639401,3961
1639517,3928
1639651,4307
1639671,4490
1640082,4130
1640267,4007
1640413,3921
1640574,3944
1641548,4067
1641725,3942
1641805,3912
1641948,3877
1642160,3625
1642297,3582
1643421,2791
1643486,2949
1643590,3741
1643702,4944
1643715,3553
1643868,4568
1644001,3867
1644012,4532
1644158,4337
1644296,4296
1644354,4105
1644811,4039
1645054,3904
1645389,3673
1646501,2979
1646673,3187
1646692,3294
1646820,3099
1647006,3245
1647039,3293
1647179,3206
1647327,3376
1647508,3482
1648249,3676
1648298,3437
1648487,3376
1648646,3440
1648836,3335
1649029,3239
1649158,3332
1650125,2964
1650157,3005
1650292,3101
1650433,3173
1650496,3525
1650620,3555
1650804,3422
1650810,3709
1651040,3351
1651118,3562
1651344,3619
1651547,3755
1651906,3633
1652111,3479
1653220,2884
1653424,3566
1653442,3352
1653637,3676
1653815,3583
1654054,3777
1654196,3685
1654386,3641
1654521,3562
1654737,3700
1654809,3558
1654993,3465
1655140,3428
1655171,3486
1655326,3511
1655368,3644
1656175,3083
1656195,3325
1656338,4119
1656361,4095
1656535,4151
1656581,3980
1656798,3938
1657023,3951
1657172,3916
1657191,3836
1657525,3787
1658593,3120
1658723,3140
1658816,3182
1658889,3332
1659070,3585
1659091,4202
1659227,3724
1659364,3638
1659395,3838
1659587,3755
1659746,4452
1659915,4337
1660027,4275
1660214,4138
1660587,4005
1660737,3990
1661965,3039
1662040,3028
1662460,3108
1662678,3510
1662789,4196
1662861,3801
1663059,3797
1663243,3685
1663379,3674
1663415,3865
1663535,3791
1663718,3875
1664143,3521
1664299,3537
1665179,2933
1665256,3008
1665407,3026
1665430,3089
1665572,3063
1665622,3397
1665713,3552
1665783,3663
1666086,3940
1666263,4526
1666438,4403
1666814,4077
1666961,4038
1667223,3843
1667367,4034
1667389,4239
1668407,3970
1668590,3134
1668716,3264
1668826,3266
1668852,3501
1668986,3578
1669101,4037
1669168,4035
1669291,3811
1669323,3929
1669466,4089
1669492,4349
1669614,4308
1669662,4635
1669785,4615
1669858,4582
1669959,4718
1670078,4993
1671389,3730
1671461,3872
1671713,3832
1672178,3847
1672217,3960
1672343,3907
1672388,4155
1672501,3984
1672618,4021
1672726,4360
1672818,4195
1673128,4011
1673282,3991
1673361,4006
1673895,4203
1674026,4128
1674139,4431
1674492,4870
1674559,4060
1674727,4105
1674803,4494
1674944,4606
1674997,4719
1675166,4744
1675181,5091
1675379,4957
1675637,4806
1677401,3617
1677425,3847
1677580,3491
1677626,3581
1677781,3962
1677796,4196
1677927,4115
1677953,4634
1678108,3984
1678228,4711
1678259,4626
1678344,4650
1678390,4719
1678588,4810
1678876,4576
1679049,4573
1679194,4611
1679374,4756
1679385,4697
1679514,4727
1679645,4807
1679750,4693
1679939,4394
1680713,4611
1681143,4083
1681264,4214
1681411,4130
1681578,4296
1681785,4660
1681946,4258
1682121,4272
1682257,4302
1682436,4186
1682656,4314
1682673,4393
1683874,3776
1683954,3767
1684053,3650
1684202,3572
1684323,3810
1684473,3709
1684595,3639
1684700,4972
1685069,4241
1685526,4463
1685581,3963
1685669,4606
1685729,4365
1685811,4232
1686021,4124
1686234,4080
1686298,4164
1687454,3366
1687548,3366
1687797,3519
1687811,3593
1687925,3746
1687967,3865
1688064,3672
1688219,3592
1688273,3644
1688337,4166
1688447,4120
1688660,4118
1689025,4278
1689177,4822
1689315,4633
1689688,4320
1690311,3751
1691487,3726
1691501,4003
1691665,4136
1691853,3988
1692020,4994
1692080,4544
1692163,4799
1692237,5385
1692382,5365
1692403,5322
1692540,5871
1692607,5625
1692706,5486
1692892,5356
1693273,5187
1693444,5645
1693595,5584
1693821,5425
1694807,3918
1694861,4473
1695021,4720
1695042,4510
1695211,4480
1695275,5048
1695341,4982
1695414,5004
1695553,5036
1695589,5048
1695672,5112
1695833,5317
1695913,5499
1696044,5425
1696183,5335
1696220,5877
1696358,5978
1696478,5934
1696615,5869
1696797,5758
1697945,5134
1698078,5054
1698296,4922
1698437,4846
1698497,4890
1698556,4927
1698651,4978
1698797,4883
1698931,4802
1699546,4799
1700015,4530
1700061,4535
1700358,4287
1700460,4523
1700610,4320
1700709,4654
1700843,4306
1701090,4639
1701239,4737
1701378,4598
1701518,4509
1701699,5177
1702099,5755
1702620,5490
1702898,4619
1702915,5079
1704204,3927
1704309,3901
1704359,4008
1704509,3993
1704648,4433
1704703,4480
1704832,4600
1704953,4423
1705075,4130
1705191,4323
1705411,4158
1705549,4118
1705567,4714
1705671,4293
1705809,4420
1706513,3634
1706694,3557
1706829,3759
1706984,3355
1707152,3691
1707345,3551
1707354,3778
1707513,3755
1707673,4299
1707907,3631
1708821,3546
1709019,3403
1709213,3305
1709736,3911
1710263,3465
1710417,3714
1710615,3609
1711234,3177
1711352,3812
1711418,3330
1711599,3511
1711742,3655
1711863,3445
1712154,3305
1712660,4027
1712685,3053
1712834,3280
1712879,3741
1712902,3048
1713055,3785
1713200,3668
1713365,3872
1713441,3938
1713491,3952
1714226,4382
1714566,3793
1714586,3438
1715135,3067
1715375,3447
1715563,3785
1715585,3133
1715732,3719
1715778,3682
1715919,3760
1716002,3819
1716154,3856
1716272,4078
1716413,4063
1716528,4103
1716669,4013
1717685,3287
1717704,3493
1717793,3034
1718517,3112
1718726,2963
1718925,3509
1718996,3089
1719248,3864
1719438,3735
1719497,3727
1719601,3714
1719724,3721
1721350,2948
1721414,3009
1721574,2952
1721722,3305
1721736,3765
1721800,4095
1721910,3338
1722055,3573
1722120,3854
1722250,3695
1722272,3958
1722548,3921
1722727,3917
1722810,3782
1723094,3858
1723276,3793
1723345,3803
1723538,3701
1724475,3007
1724582,3013
1724714,5215
1724719,4835
1724806,3416
1724937,3621
1725052,3554
1725185,4472
1725327,4534
1725803,4237
1726051,4046
1726265,4105
1726293,4224
1727664,3732
1727707,3557
1727815,3072
1727866,3352
1728012,3631
1728193,4078
1728301,3856
1728329,3909
1728566,3644
1728654,3737
1728691,3691
1728779,3823
1729064,4130
1729219,4183
1729381,4077
1729523,4341
1729716,4129
1729914,4077
1730031,4091
1730156,4208
1731017,4054
1731072,3846
1731256,3717
1731379,3643
1732064,3972
1732283,3827
1732404,4389
1732438,3647
1732488,3810
1732621,3909
1732829,4017
1733004,3917
1733088,3927
1733234,3891
1733258,3997
1733405,3914
1733583,4034
1734446,4262
1734579,4077
1734588,4039
1734714,4108
1734723,3956
1734823,4137
1734873,4963
1734903,5165
1735130,4676
1735287,4660
1735329,4689
1735840,4400
1737430,3658
1737577,3584
1737663,4083
1737715,4591
1737840,7806
1737864,8773
1737930,9512
1737986,11041
1738057,9058
1738307,9553
1738328,9956
1738407,10313
1738527,10609
1738741,10683
1738823,10316
1738962,10239
1739078,10447
1739098,10408
1739189,10625
1739262,10377
1739441,10431
1739584,10506
1740274,9806
1740298,9987
1741837,8482
1741874,8676
1741942,8730
1742102,8512
1742149,8781
1742197,8643
1742345,8668
1742505,8560
1742524,8626
1742659,8695
1742678,8700
1742847,9140
1742883,9082
1743002,8741
1743029,8927
1743139,9367
1743282,9398
1743458,9192
1743671,9102
1743687,9140
1743782,9151
1744168,8823
1744187,9029
1744330,8838
1744351,9004
1744498,8957
1744516,9268
1744652,9054
1744677,9195
1744800,9054
1745785,8403
1746793,7609
1747213,7501
1747600,7461
1748037,7136
1748379,6888
1749595,7554
1749889,7114
1750374,6764
1750583,6647
1750803,6560
1750974,6303
1751116,6314
1751189,6514
1751809,5831
1752017,6073
1753277,5335
1753399,5314
1753533,5296
1753546,5425
1753691,5448
1753921,5880
1753974,5738
1754077,5930
1754314,5300
1754441,5700
1754466,5361
1757164,3546
1758263,2963
1759247,3496
1759447,3444
1759586,3522
1760456,3006
1760614,3404
1760805,3353
1760967,3425
1761195,3425
1761360,3720
1761399,3505
1761546,3786
1761592,3701
1761672,3822
1761718,3675
1762235,4142
1762334,3556
1762353,3938
1762474,4002
1762836,3712
1762929,3707
1762961,4059
1763092,4098
1763169,4191
1763224,4406
1763304,4263
1763375,4315
1763505,4235
1763641,4277
1763903,4527
1764213,4381
1764275,5226
1764659,4770
1764702,4385
1764991,4548
1765144,4505
1765155,4824
1765665,4213
1765931,4140
1766069,4097
1766303,4079
1766643,3849
1766705,4146
1767021,3592
1767351,3609
1767397,3642
1767503,3636
1768062,3937
1768217,3868
1768241,4121
1768380,3817
1768510,4496
1768888,4189
1769176,3949
1769339,4400
1769633,4426
1771436,3396
1771628,3279
1771716,3839
1771830,3409
1771862,3597
1772164,3403
1772712,3097
1772881,3797
1772925,3879
1773072,3053
1773250,3267
1773305,3571
1773550,3465
1773773,3398
1773892,3371
1773913,3449
1774046,3575
1774184,3989
1774318,3939
1774447,3588
1774586,3472
1774821,3289
1774943,3279
1775291,3354
1775363,3486
1775626,3476
1775775,3442
1775906,3396
1776022,3470
1776301,3422
1776500,3788
1776640,4360
1777394,3688
1778083,3300
1778298,3225
1778330,3444
1778487,3781
1778514,3482
1779125,3205
1779336,3308
1779368,3264
1779442,3257
1779505,3948
1779672,3515
1779828,3409
1780374,2951
1780561,3213
1780729,3227
1780826,3295
1780866,3320
1781124,3440
1781732,3311
1782080,3060
1782441,3712
1782742,3472
1783033,3097
1783484,2916
1783560,3063
1783675,3236
1783792,3622
1783831,3836
1783963,3654
1784044,3761
1784180,3977
1784315,3726
1784338,3926
1785083,3467
1785245,3850
1785523,3485
1785711,3865
1785945,3518
1786208,3482
1787084,3175
1787227,4108
1787451,3966
1787494,3576
1787632,3648
1787840,3941
1787995,3959
1788097,4047
1788169,4108
1788293,4077
1788391,4140
1788631,3951
1789852,3530
1789983,3861
1790101,3681
1790110,3579
1790267,3474
1790391,3437
1790512,3380
1790739,3510
1790870,3355
1791129,3456
1791467,3068
1791491,3429
1791602,3949
1791638,4231
1791816,3876
1792552,3535
1792607,3931
1792682,3662
1792788,3802
1792917,3742
1793434,3489
1793456,3612
1794362,3085
1794385,3239
1794548,3354
1794712,3429
1794731,3345
1794876,3396
1795014,3489
1795040,3514
1795205,3415
1795224,3787
1795385,3672
1795620,3511
1796728,3444
1796790,3664
1796991,3739
1797252,3982
1797513,3338
1797644,3527
1797700,4249
1797932,4064
1798080,4282
1798274,4138
1798323,4365
1798395,4430
1798535,4626
1798671,4612
1798965,4245
1799098,4495
1799165,4310
1799253,4577
1799412,4487
1800486,3465
1800688,4949
1800834,3498
1800998,3798
1801034,3449
1801218,3641
1801369,3545
1801414,3598
1801492,3799
1801606,3753
1801873,3734
1802044,3891
1802198,3787
1802255,4111
1802503,3915
1802707,3794
1802926,3729
1803335,3803
1803509,3714
1803631,3701
1803654,3920
1803815,3966
1804449,4239
1804636,4472
1804808,4460
1805062,4257
1805257,4169
1805382,4156
1807137,3232
1807365,3080
1807412,3132
1807588,3120
1807630,3511
1807803,3290
1807826,3201
1808024,3193
1808065,3460
1808151,3448
1808244,3580
1808265,3780
1808403,4272
1808527,4416
1808651,3973
1808816,4243
1809156,3798
1809351,3655
1811348,2936
1811387,2985
1811541,3133
1811666,3332
1811863,4826
1812222,3602
1812451,5004
1812461,4461
1812715,3918
1812874,4099
1813237,3784
1813259,3626
1813396,3675
1813423,3514
1813544,3576
1813575,4782
1814529,3068
1814704,5129
1814729,3293
1815598,3112
1815725,3855
1817122,3666
1817181,4045
1817255,3047
1817490,2988
1817912,3091
1818177,3139
1818390,3299
1818562,3177
1819658,3423
1819792,2772
1819912,2959
1820038,3018
1820203,3450
1820246,3190
1820423,3325
1820574,3691
1820597,3819
1820742,4245
1820830,3991
1821495,3854
1821621,3564
1821797,3867
1821829,3764
1821944,3886
1822891,3135
1823040,3169
1823123,3209
1823208,3203
1823299,3354
1823376,3750
1823489,3573
1823586,3778
1823717,4209
1823856,3928
1824023,3846
1824116,3991
1824258,3957
1824312,4325
1824429,4031
1824646,4243
1824825,4169
1825382,3827
1826438,3555
1826462,3165
1826638,3434
1826702,3717
1826818,3548
1826834,3633
1826987,3537
1827106,3999
1827573,3904
1827890,3677
1828044,4122
1828086,3770
1828217,4051
1828347,3982
1828472,3950
1829348,3377
1829431,3243
1829630,3193
1829825,3227
1830071,3370
1830197,3581
1830200,3646
1830361,3577
1830538,4036
1830586,3672
1830768,3892
1831182,3701
1831407,3761
1831525,3685
1831607,3955
1831745,3893
1832661,3680
1832872,3167
1832937,3182
1833082,3310
1833277,3345
1833294,3623
1833447,3633
1833454,3687
1833574,4534
1833639,3844
1834016,4192
1834286,3804
1834539,3800
1834709,4116
1834782,3619
1834922,3563
1835007,4019
1836167,3104
1836266,3058
1836416,3407
1836440,3409
1836606,3343
1836667,3411
1837240,3242
1837696,3502
1837855,3293
1838302,3521
1838456,3421
1838520,3700
1838639,3694
1839902,3180
1840019,3450
1840149,3059
1840198,3897
1840324,3059
1840373,3565
1840518,3331
1840582,3401
1840736,3289
1840789,3371
1840930,3285
1841106,3238
1841260,3173
1841413,3129
1841530,3937
1841905,3621
1841939,3289
1842028,3543
1842066,3508
1842184,3647
1843549,3284
1844487,3802
1844606,2979
1845019,3368
1845190,3409
1845311,3860
1845644,3694
1845903,3553
1845934,3351
1846033,3380
1846137,3474
1846351,3356
1846476,3362
1846964,3167
1847019,3240
1847093,3450
1847152,4325
1847288,3539
1847425,3522
1847467,3413
1847612,3546
1847629,3752
1847827,3487
1847976,3907
1848136,3867
1848552,4510
1848673,4840
1848712,5037
1848819,4824
1849119,4705
1850056,3817
1850227,3883
1850356,3566
1850376,3998
1850466,4710
1850517,5088
1850553,5089
1850589,3907
1850683,3982
1850865,4085
1850991,3900
1851170,3907
1852502,3164
1852678,4471
1852891,2931
1853062,2887
1853171,3179
1853229,3012
1853345,3517
1853384,3817
1853648,3753
1854207,3384
1854381,3169
1854544,3600
1854693,3399
1855165,3259
1855813,3227
1856968,3420
1857230,3222
1857428,3735
1857593,4062
1857641,3419
1857874,3994
1858085,3547
1858311,3426
1858697,3424
1858714,4410
1858813,3611
1858850,3804
1858903,3799
1858922,4299
1858926,3300
1859156,3451
1859297,3866
1859431,3923
1859597,3810
1859617,3970
1860024,3601
1860054,3582
1860212,3618
1860228,3657
1860421,3627
1860637,3781
1860858,3668
1861035,3653
1861159,3663
1861320,3608
1861458,4958
1861496,4856
1862386,4233
1862579,4261
1862737,5647
1862835,5772
1862859,5322
1863044,5609
1863188,6008
1863311,5715
1863434,5724
1863447,5887
1863674,5651
1865451,3954
1865643,4268
1865829,3811
1865994,3654
1866396,3744
1866798,3495
1866948,3501
1867087,3494
1867150,3485
1867208,3639
1867295,3781
1867447,3712
1867487,4102
1867577,3904
1867607,4370
1867698,4000
1867735,4486
1868147,4322
1868416,4148
1868597,4021
1868705,4006
1868720,4418
1869786,3744
1869815,3553
1869960,4110
1870033,4468
1870689,3858
1870733,4444
1870877,4132
1870905,4106
1871110,4205
1871287,4187
1873186,3382
1873215,3823
1873369,3519
1873439,3299
1873568,3324
1873712,3388
1873805,3553
1873898,3599
1874114,3434
1874237,3458
1874386,3924
1874606,3777
1874632,3608
1874839,3781
1875406,3266
1875629,3097
1875692,4621
1875800,3403
1875810,3493
1875941,3745
1876113,4321
1876257,4228
1876431,4108
1876576,4678
1876919,4357
1876935,4330
1877537,4206
1877848,3725
1878010,3667
1878155,3721
1878353,3816
1878422,3943
1878495,4103
1878634,4068
1878772,4064
1878896,3853
1879026,4790
1879338,4113
1879482,4696
1879501,4357
1879616,4609
1879723,4277
1879767,4571
1879896,4327
1879929,4475
1880231,4504
1880340,4531
1881408,3654
1881574,3606
1882122,3726
1882217,3961
1882433,3800
1882719,4169
1882795,3403
1882881,3455
1883015,3367
1883223,3933
1883451,3784
1883661,4521
1883833,4414
1884059,4273
1885074,3035
1885382,3107
1885555,3761
1885809,3834
1886038,4738
1886070,3802
1886242,3705
1886403,3596
1886537,3898
1886690,3695
1886819,3664
1888563,2941
1888582,3146
1888733,3535
1888816,3679
1888940,3559
1888943,3773
1889080,3859
1889119,4330
1889278,4272
1889341,4280
1889484,4300
1889719,4359
1890001,4171
1890042,4239
1890074,4286
1890093,4511
1891208,3336
1891367,3847
1891516,3868
1891543,5325
1891701,5178
1891799,3696
1891926,3659
1892061,3611
1892098,5151
1892302,5047
1892552,4893
1892606,3995
1892801,4695
1892807,4176
1892945,4600
1893089,4505
1893221,4422
1894718,6378
1894733,4176
1894865,3834
1895036,3755
1895211,3635
1895395,3501
1895557,3388
1895731,4425
1895745,5528
1895864,3591
1896038,3785
1896204,3913
1896363,4009
1896520,4336
1896673,4324
1897072,4014
1897240,4018
1897493,4372
1897793,4250
1898031,4002
1898446,3840
1898967,3551
1899029,3697
1899097,4012
1899166,4272
1899189,4069
1899224,3936
1899509,3854
1899571,3976
1899731,4555
1899945,4534
1900219,4049
1900448,4044
1900475,3945
1900621,4549
1900659,4498
1900801,4521
1901139,4116
1901304,4131
1901406,4897
1901495,4565
1902117,4519
1902660,4048
1902813,4031
1902981,4189
1903181,3808
1903219,3864
1903251,4085
1904307,3064
1904519,3092
1904680,3279
1904815,3561
1904816,3678
1904974,4015
1904994,4178
1905257,4337
1905369,4028
1905510,4072
1905654,4255
1905678,4019
1905826,4123
1907380,2873
1907410,2925
1907578,2889
1907724,2920
1907806,3672
1907960,3462
1908008,3378
1908131,3940
1908263,3838
1908405,3686
1908524,4650
1908536,3754
1908560,4308
1908810,4181
1910498,2905
1910520,3064
1910682,3488
1910846,3436
1911095,3477
1911214,3287
1911246,3345
1911399,3262
1911520,3818
1911619,3784
1911726,3728
1912125,4043
1912319,4086
1912541,4010
1912742,3713
1912986,3334
1913258,3916
1913411,3681
1914639,3078
1914862,3052
1915035,3345
1915190,3257
1915404,3287
1915557,3669
1915721,4320
1915786,3621
1915914,3649
1915948,3744
1916094,3960
1916244,3685
1916568,3849
1916658,3503
1916696,3627
1916817,3556
1916936,3531
1917294,3527
1917450,3430
1917518,3641
1917540,4336
1917679,4290
1917996,4048
1918417,3591
1919019,3498
1919185,3390
1920142,3113
1920251,3163
1920399,3288
1920514,4177
1920550,4150
1920693,4071
1920721,4132
1920878,4770
1921004,4516
1921035,4499
1921153,4431
1921215,4622
1921354,4822
1923511,3328
1923531,3483
1923679,3784
1923890,3522
1924044,3634
1924188,3541
1924236,3590
1924352,4248
1924363,4144
1924512,4164
1924539,4370
1924734,4325
1924852,4253
1924977,4176
1924995,4303
1925187,4470
1925345,4528
1925374,4686
1925565,4698
1925686,4813
1925696,4915
1926015,4534
1926263,4414
1926444,4402
1926634,4635
1927459,4000
1927497,4014
1927641,3954
1927926,4054
1928115,4119
1928265,4366
1928384,4612
1928732,4410
1928797,4822
1928915,3808
1929230,4115
1929359,4171
1930247,4185
1930324,4505
1930409,4862
1930561,5033
1930677,4838
1930721,5111
1930892,4573
1930989,4837
1931020,5042
1931186,4946
1931331,4839
1931486,4809
1931634,4751
1931662,4876
1931825,4956
1932467,4529
1933904,3211
1933925,3823
1934074,3704
1934099,3380
1934267,3862
1934296,4001
1934460,4053
1934491,4088
1934638,4248
1934907,4709
1935109,5084
1935305,5030
1935482,4804
1935628,4758
1935935,4752
1937019,4188
1937386,3354
1937822,3713
1937985,3798
1938125,3618
1938213,3616
1938354,3537
1938417,3522
1938565,3603
1938717,3866
1938899,3842
1938906,4185
1939042,4318
1939076,4074
1939153,4120
1939306,4142
1939434,4636
1939471,4519
1939497,4681
1939526,4720
1941034,3288
1941129,3244
1941353,3075
1941571,3699
1941850,3603
1941992,3534
1942109,4403
1942246,3391
1942382,4486
1942553,4420
1942620,4066
1942800,3837
1942935,3803
1944166,3053
1944837,2997
1944919,3082
1945085,3089
1945261,3177
1945428,3083
1945586,3259
1945749,3180
1945915,4433
1946027,3187
1946232,3317
1946303,3310
1946688,3377
1947397,3058
1947555,3029
1947701,4205
1947791,3337
1947940,3420
1948242,3304
1948620,3339
1949230,2955
1949322,3385
1949460,3624
1949607,3535
1949814,3526
1950045,3469
1950226,3370
1950425,3406
1950629,3401
1950663,4047
1950794,3459
1950951,3573
1951175,3266
1951220,3422
1951371,3590
1951520,3492
1952120,3046
1952284,3060
1952430,3392
1952514,3448
1952618,3352
1952901,3927
1952923,3592
1953172,3772
1953191,3693
1953328,3670
1954061,3476
1954280,3309
1954570,3726
1954738,3878
1954775,3411
1954777,3661
1954893,3457
1955040,3435
1955783,3260
1955993,3503
1956029,3365
1956170,3385
1956281,4113
1956598,3856
1956828,3626
1957034,3549
1957073,3433
1957244,3431
1957367,3456
1957377,3513
1958522,2802
1958644,4174
1958656,3200
1958867,3425
1959070,3527
1959089,3796
1959234,4076
1959319,3615
1959475,3991
1959614,3918
1959796,4242
1961304,2816
1961520,2776
1961611,3625
1961647,3250
1961792,3396
1961932,3417
1962107,3470
1962131,3579
1962289,3804
1962435,3818
1962451,3968
1963133,3487
1963162,3684
1963308,3601
1963367,4039
1964548,3411
1964735,4097
1964976,3910
1965352,3308
1965410,3586
1965472,3620
1965496,3658
1965858,3434
1965925,3644
1966347,3353
1966582,3248
1966633,3238
1966722,3639
1966831,3474
1966960,3584
1967099,3766
1967147,4048
1967290,3960
1967356,3843
1967469,4172
1967599,4235
1967798,4019
1968004,4153
1968130,4071
1968184,4495
1968454,4084
1968475,3921
1969649,2939
1969870,2861
1969931,3060
1970096,4165
1970140,3787
1970275,3886
1970374,3726
1970675,4160
1970897,3991
1971041,4075
1971224,3936
1973223,3403
1973406,3284
1973560,3628
1973668,3617
1973810,3232
1973960,3188
1974102,3129
1974258,3336
1974500,3579
1974633,3844
1974743,3511
1974830,3373
1974953,3585
1975210,3760
1975355,4000
1975428,3722
1975569,3637
1975605,3931
1975686,4138
1975778,4101
1975808,4222
1975899,4032
1976343,3643
1976704,3969
1976789,4004
1977516,3446
1977650,3928
1977651,3634
1977987,3641
1978156,3591
1978282,4737
1978322,4114
1978502,4178
1978658,4126
1978694,4581
1978801,4784
1979328,4363
1979492,4468
1979602,4029
1979617,4289
1979727,4484
1979865,4166
1979930,4164
1981255,2901
1981412,3015
1981939,2786
1982073,2832
1982087,2936
1982270,2881
1982301,3551
1982457,4067
1982531,4373
1982664,4501
1985154,2912
1985192,2943
1985321,3032
1985358,3434
1985500,3489
1985546,4090
1985666,3695
1985884,3803
1986156,3792
1986300,3626
1986631,4433
1986666,3672
1986940,3558
1986973,3734
1987113,3838
1987249,3958
1987286,4141
1987435,4236
1988060,4090
1988260,4194
1988416,4121
1988433,3881
1988578,3785
1988602,4741
1988741,4410
1988801,4033
1988934,4166
1989087,4408
1989207,4241
1989465,4207
1989610,4376
1989746,4345
1989804,4376
1989966,4378
1990015,4587
1990140,4828
1990272,4890
1990436,5168
1991728,4056
1991806,3823
1991974,3900
1992668,4226
1992690,3473
1992890,3508
1993180,4066
1993220,4207
1993366,4531
1993486,4359
1993543,4672
1993683,4331
1994789,3465
1995410,3719
1995639,4047
1995803,3862
1995917,4074
1995975,4396
1996101,4140
1996217,4228
1996237,4293
1996373,4229
1996447,4274
1996522,4275
1996539,4333
1997410,3832
1997471,4005
1997550,4189
1997669,4003
1997671,4077
1997851,4185
1998048,4112
1998094,4342
1998246,4542
1998299,4556
1998366,4542
1998499,4509
1998524,4586
1998634,4664
1998678,4610
1998818,4801
1998963,5111
1999312,4745
1999494,4676
2000002,4254
2001306,3405
2001342,3509
2001504,3488
2001547,3719
2001709,4992
2001868,4412
2002072,4939
2002107,4533
2002200,4129
2002442,5049
2002469,4093
2002612,4454
2004260,2855
2004430,3108
2004507,3029
2004639,3339
2004806,3267
2004962,3229
2005034,3275
2005119,3417
2005213,3416
2005339,3456
2005467,3451
2008062,3669
2009978,3204
2010145,3089
2010309,3198
2010492,4571
2010515,3578
2010686,4757
2010688,3610
2010837,4442
2010919,3772
2011104,3741
2011125,4129
2011276,4052
2011316,4328
2011348,4992
2011563,4116
2011649,4757
2011744,4314
2011904,4532
2012048,4525
2012190,4307
2012354,4197
2012518,4165
2012711,4748
2012720,4475
2012841,5033
2013019,4893
2013048,4795
2013204,4563
2013347,4618
2013380,4580
2013515,4495
2013522,4759
2013650,4757
2014338,5390
2014486,5316
2014507,5037
2014627,5232
2014895,5342
2015274,5226
2015372,5065
2015456,5380
2017250,3981
2017409,4051
2017645,3864
2018540,3151
2019279,3546
2019329,3866
2019475,4860
2019563,3562
2019588,3657
2019907,4583
2020062,4378
2020276,4064
2020312,3944
2020669,4686
2020835,4656
2020998,4764
2021182,4655
2021301,4113
2021308,4332
2021500,4085
2022260,4613
2022279,4975
2022392,4532
2022511,4637
2022555,4586
2022710,4486
2022747,4740
2022857,4467
2022886,4504
2023018,4951
2023163,4942
2023708,4810
2023840,4496
2023907,4722
2024018,4551
2024071,4618
2024176,4564
2024704,5748
2024821,4668
2024851,5063
2024993,4858
2025022,5397
2025173,5414
2025188,5506
2025462,5370
2025938,5051
2026107,4976
2026261,4880
2026418,4810
2026576,4843
2027683,4465
2027826,4576
2028160,4184
2028286,4165
2028470,4375
2028614,4970
2028745,5125
2028787,4850
2028923,4361
2028955,4627
2029060,4628
2029117,4682
2029256,5230
2029284,5284
2029439,5189
2029547,5350
2029571,5414
2029668,5177
2031228,4308
2031278,4384
2031444,4303
2031494,4425
2031619,4430
2031622,4714
2031744,4686
2031791,4709
2032288,4685
2032529,4552
2032549,4792
2032873,4344
2032998,4314
2033126,4457
2033321,4162
2034125,4787
2034300,4741
2034360,4567
2034583,4127
2034660,4220
2034740,4280
2034929,4250
2035082,4162
2035173,4147
2035213,4210
2035742,3788
2036460,3728
2037212,3282
2037853,3633
2038171,3451
2038350,3321
2038803,2944
2039819,2913
2040010,3180
2040201,3211
2040699,4226
2040932,2910
2041111,3865
2041325,3578
2041493,3223
2041531,3437
2041581,3745
2041600,4710
2041640,4721
2041977,3046
2042137,3078
2042427,3201
2042459,3379
2042565,3723
2042851,3611
2042964,3717
2043083,3648
2043203,3886
2043818,3372
2043857,3384
2043975,3619
2044008,3972
2044237,4481
2044338,3615
2044661,3397
2044884,3767
2045203,3794
2045360,3797
2045486,3860
2045659,3657
2046505,3575
2046528,3606
2046743,4120
2046795,3752
2046823,3988
2047388,3846
2047560,4065
2047679,3707
2047794,3378
2047820,3825
2048023,3560
2048163,3660
2048335,3866
2048385,3726
2049567,2848
2049725,4148
2049877,3386
2050137,3299
2050374,3115
2050732,4041
2050923,3191
2051216,3258
2051431,3604
2051677,3406
2051736,3520
2052667,3504
2052839,3140
2052997,3023
2053213,3017
2053599,2853
2053944,2900
2054242,3339
2054376,4010
2054545,3625
2054592,3852
2054804,4304
2054970,4313
2055090,4078
2055126,4003
2055277,3796
2055345,3888
2056281,3096
2056366,3191
2056526,3091
2056557,3189
2056686,3149
2056709,3228
2056867,3256
2056955,3233
2056992,3260
2057130,3489
2057173,3778
2057279,3899
2057311,3803
2057421,3970
2057688,4232
2058204,4018
2058249,4135
2058526,4501
2060263,3183
2060285,3627
2060452,3424
2060535,3399
2060660,3381
2060678,3428
2060794,3581
2061011,3567
2061165,3502
2061365,3374
2061450,3650
2061497,3537
2061611,3977
2061652,4140
2061732,4231
2061826,4400
2062039,3837
2062049,3972
2062311,4085
2062441,4732
2062501,4362
2062675,4344
2062777,4470
2064192,3761
2064511,3960
2064729,3687
2065021,3532
2065223,4228
2065293,4267
2065421,3917
2065572,4266
2065630,4258
2065800,4304
2066046,4107
2066082,4161
2066235,4234
2066262,4148
2066402,4406
2066534,4365
2066604,4568
2066695,4778
2066809,4783
2066889,4842
2067445,4708
2067581,5648
2067621,4957
2067766,5108
2067780,5398
2067930,5470
2068009,5429
2069290,4448
2069600,4665
2069862,4511
2069933,4646
2069975,4868
2070126,5078
2070246,5009
2070367,4938
2070518,4842
2070811,5059
2070992,4991
2071130,5125
2071290,5032
2071335,5042
2071506,5293
2071669,5761
2071820,5704
2071971,5638
2072112,5675
2072249,5671
2072305,5820
2072406,5948
2072452,6062
2072619,6265
2072658,6283
2072954,6222
2073477,5808
2073495,6659
2074749,5460
2074886,5127
2075040,5128
2075103,5156
2075248,5062
2075416,4972
2075435,5181
2075585,6075
2075617,5445
2075645,5713
2075802,5536
2075942,5916
2076092,6637
2076125,5687
2076438,5878
2076580,5924
2076721,6192
2076859,5991
2077047,5782
2077695,6208
2077851,6088
2078002,6004
2078137,5920
2078274,5925
2078478,5787
2078558,5759
2078687,5821
2078712,5969
2080438,5176
2080601,5117
2081129,5801
2081178,4663
2081397,4728
2081491,4707
2081527,4747
2081667,4871
2081818,4819
2082018,4693
2082157,5233
2082344,6169
2082560,6669
2082783,6512
2082905,5531
2083032,5352
2083206,6177
2083335,6072
2083343,5988
2083491,5966
2084178,5305
2084343,5090
2084367,5186
2084519,4834
2084644,4890
2085250,4658
2085427,4992
2085893,4931
2085905,4805
2086077,4749
2086328,4564
2086343,4601
2086508,4667
2086867,4472
2087055,4828
2087206,5037
2087385,5586
2087554,5148
2087699,6328
2087825,5079
2087965,5553
2088105,5602
2088251,5624
2088396,5438
2089596,4483
2089777,4478
2089939,4377
2089991,4392
2090071,4489
2090137,4467
2090191,4505
2090282,5177
2090317,5032
2090340,5317
2091281,4900
2091406,5160
2091410,4906
2091525,4845
2091544,5491
2091681,5469
2091729,5746
2091805,5471
2091921,5284
2091960,5384
2092318,5097
2092473,5050
2093205,5157
2093380,5099
2093627,5338
2093920,4912
2094024,5074
2094381,4870
2094526,4758
2094649,4833
2094739,4715
2094905,4650
2094928,4810
2095035,4692
2095131,5172
2095196,5156
2095473,4932
2095669,5193
2095810,5104
2095947,5016
2096064,4947
2096261,4965
2096424,4858
2096704,5715
2096981,5161
2097168,5185
2097512,4951
2097749,5085
2098152,5727
2099927,4064
2100093,5200
2100254,4940
2100394,4600
2100445,4960
2100689,4831
2100727,4450
2100842,4386
2100985,4358
2101061,4532
2101101,4539
2101345,4538
2101368,4450
2101507,4476
2101532,4600
2101680,4504
2101704,4987
2101830,4743
2101909,5035
2102045,4952
2102161,4966
2102174,5175
2102342,5211
2102494,5009
2102500,5343
2102638,5188
2102665,5314
2102795,5236
2104546,3621
2104738,4483
2105325,4229
2105671,3939
2105901,4071
2106009,3894
2106145,5480
2106366,4745
2106646,4705
2106799,4618
2107207,3893
2107340,3858
2107581,3995
2107648,3967
2107831,4088
2108029,4148
2108212,3817
2108236,4074
2108386,4193
2108435,3926
2108559,3851
2108849,4451
2109001,4542
2109122,4579
2109251,4233
2109283,3896
2110080,3271
2110248,3340
2110441,3201
2110602,3355
2111211,3783
2112216,3237
2112668,3196
2113015,3723
2113275,3581
2113606,4009
2113786,3260
2113794,3701
2114002,3605
2114051,3382
2114236,3310
2114277,3389
2114420,3963
2114447,3708
2114547,3781
2114594,3613
2114721,4155
2114784,3781
2114835,3995
2115045,3906
2115112,3938
2116067,3451
2116084,3600
2116230,3338
2116295,3498
2116422,3432
2116559,3542
2117267,3624
2117292,4457
2117442,4227
2117663,3627
2117750,4885
2118156,4686
2118245,4441
2119316,3703
2120645,3627
2120832,3299
2121028,3255
2121189,3712
2121348,3619
2121398,3452
2121500,3685
2121570,3817
2121855,3663
2122015,3569
2122191,3474
2122360,3611
2122729,3689
2122998,3557
2123139,3366
2123378,3349
2123637,3397
2123732,3411
2123845,3576
2123964,3584
2124114,3714
2124285,3598
2124344,3699
2124490,4671
2124611,4362
2125008,3643
2125124,3942
2125221,4286
2125275,3976
2125413,4004
2125674,3952
2125806,3868
2126258,3793
2127224,2885
2127392,3470
2127594,3323
2127676,3388
2128479,3285
2128689,4351
2129105,3182
2129340,3531
2129536,3387
2130565,3045
2130614,3069
2130714,3314
2130778,3804
2130908,3623
2131036,3175
2131117,3348
2131282,3346
2131431,3245
2131738,3880
2131782,3619
2131824,3113
2131894,3347
2131979,3319
2132123,3806
2132189,4200
2132331,4296
2132484,3751
2133747,3840
2134243,3251
2134291,3250
2134504,3560
2134660,3591
2134721,3778
2134801,3745
2134947,3887
2135679,3772
2135731,4095
2135803,3540
2135868,3634
2136018,3816
2136041,3868
2136326,3780
2136465,3711
2136655,3677
2136691,4152
2137082,3947
2138047,3596
2138132,3385
2138299,3659
2138372,3672
2138557,3430
2138597,3497
2138822,3673
2139115,3817
2139282,3783
2139506,3611
2139545,4037
2139632,4349
2139701,4431
2139874,3978
2139965,4275
2140963,3784
2141087,3752
2141175,3941
2141332,4140
2141730,4189
2141811,4038
2142020,3964
2142211,3889
2142329,3711
2142400,3797
2143197,3324
2143361,3477
2143393,3696
2143521,3782
2143641,3981
2143693,4263
2143818,4216
2143964,4261
2144079,4194
2144184,4844
2144275,4732
2144305,4796
2144429,4739
2144612,5109
2145645,4264
2145815,4324
2146012,4808
2146231,4370
2146366,4344
2146397,4471
2146859,3910
2146912,3983
2147101,3847
2147353,3889
2147434,4108
2147542,4247
2147681,4302
2147723,4366
2147798,4828
2147883,4962
2148008,4673
2148143,4739
2148276,4670
2148317,4676
2148408,4825
2149276,4525
2149489,4445
2149968,4105
2150151,4008
2150269,4129
2150437,4196
2151369,3839
2151448,3365
2151600,3556
2151636,3624
2151874,4033
2152210,3762
2152386,3713
2152464,3832
2152523,3728
2152878,3698
2153021,3600
2153051,4086
2153176,4171
2153896,3743
2154069,3632
2154212,3800
2154235,4090
2154433,3840
2154807,3674
2155017,3852
2155066,3823
2155096,3698
2155292,3606
2155537,3799
2155671,3963
2155702,4213
2157173,3084
2157282,3462
2157439,3476
2157486,3500
2157640,3583
2157749,4531
2157840,3993
2158092,4083
2158591,4236
2159020,3552
2159038,3969
2159295,4053
2159447,3829
2159469,3973
2159595,3939
2160542,3271
2160557,3296
2160714,3388
2160839,3340
2161009,3265
2161059,3303
2161155,3476
2161236,3320
2161372,3909
2161421,4029
2161477,4417
2161600,5681
2161747,5366
2161795,4760
2161941,4564
2162013,5023
2162086,4914
2162387,4771
2163876,3330
2164307,3418
2164529,3290
2164616,3345
2164667,3433
2164820,3467
2164910,3887
2164914,3739
2165082,3962
2165145,4484
2165290,4424
2165319,4349
2165471,4146
2165523,4017
2165688,4326
2165977,4366
2166340,3761
2166550,3852
2167323,3883
2167342,3976
2167487,3728
2167556,3790
2167689,3578
2168725,3191
2169111,3332
2169263,3273
2169439,3430
2169726,3225
2170378,3362
2170488,2990
2170528,3445
2170694,3330
2170708,3463
2172223,3149
2172526,2901
2172678,3158
2172746,3214
2172780,3034
2173026,3182
2173163,3147
2173546,2886
2174060,2798
2174211,3623
2174316,3038
2174394,3496
2174447,3338
2174519,3685
2174598,3580
2174659,3958
2175142,3310
2175396,3475
2175562,3466
2175726,3593
2176684,2891
2176901,3200
2176914,3272
2177046,3161
2177075,3228
2177236,4664
2177273,4749
2177341,3501
2177412,3512
2177527,3508
2177569,3570
2177661,3610
2177880,3774
2177961,3858
