233,2915
435,2857
551,3076
656,2920
735,2938
1073,2796
1248,3114
1422,2874
1484,2947
1835,3026
2087,2840
2139,2938
2388,3126
2431,3115
2678,3039
2784,3365
2912,3162
3688,2988
3930,3254
3971,3026
4506,3187
4549,2965
4928,3170
5038,3134
5217,3248
5267,3597
5621,3038
6043,2955
6195,3566
6321,3431
6409,3248
6650,3475
7286,3010
7306,3313
7550,3354
7757,3210
8048,2973
8529,3216
8696,2924
8820,3034
9380,2800
9538,2978
9745,3240
9928,3154
9951,3294
10105,3367
10265,3690
10780,3619
10915,3394
11053,3454
11275,3111
11434,3240
12285,2992
12500,3022
12637,3169
12720,3503
12767,3357
13269,3175
13449,3141
13612,3423
13692,3869
13910,4060
13988,4047
14042,4057
14467,4082
15007,4388
15068,3768
15176,3817
15319,3762
15702,3903
15912,3782
16062,3730
16259,3851
16414,3747
16573,4019
16651,4291
16699,3950
16799,4188
16819,4099
16952,4132
17111,4127
17164,4177
17753,4436
17774,4195
17857,4600
17927,4032
18053,4292
18193,4212
18582,4010
19253,3767
19272,3824
19418,3898
19860,3554
20237,4455
20407,3713
20455,3779
21542,3609
21728,3879
21819,3965
22036,3613
22224,3632
22369,3722
22616,3527
23493,3183
23528,3061
23661,3519
23702,3072
23921,3342
23998,4559
24163,4777
24282,4206
24284,3343
24529,3478
24726,3436
24748,4216
24915,4109
25206,3376
25370,3264
26050,2885
26251,3117
26404,3224
26632,3048
26791,3723
27335,3273
27479,3598
27644,3846
27777,3949
27815,4051
27849,3633
29431,2986
29741,3896
29976,2820
30014,3608
30197,3494
30654,3015
30796,3053
31257,2922
31556,2993
31590,3419
31974,3116
32254,3103
32755,3647
32870,3499
33105,3424
33307,3990
33465,3716
34448,3222
34484,3273
34622,3181
34754,3659
34774,3973
34922,4337
35127,3411
35181,4135
35329,4105
35464,3918
35494,4010
35622,4022
35725,4222
35828,4689
35938,4153
36075,4243
36214,4366
36673,3962
37486,3821
37521,3838
37653,3757
37803,3817
38049,4059
38078,4100
38225,4031
38249,4276
38337,4297
38453,4283
38584,4220
38782,4199
40076,3614
40146,3522
40352,3760
40413,3772
40555,3838
40703,3735
40734,3822
40861,3762
40962,3803
41138,3693
41453,3525
41654,3500
41824,3854
42574,3524
42728,3421
43169,3197
43349,3085
43369,3183
43527,3343
43720,3335
43745,4452
44085,4055
44221,4872
44828,4390
45187,3993
45262,4838
45356,3881
45510,3803
45534,4661
45685,4300
45747,4240
45897,4240
46062,4190
46204,4139
47748,2936
47955,3176
48307,2810
48478,2877
48669,2924
49352,3054
49525,2834
49801,3276
50449,2951
50749,2981
50936,3268
51233,3144
51403,3026
51557,3037
51697,3022
51795,3380
51936,3062
52233,3054
52371,3290
52503,3320
52530,3231
52667,3045
52812,3201
53231,3102
53249,3769
53511,3447
53534,3279
53845,3442
54014,3421
54190,3295
54423,3367
54562,3402
54749,3446
55339,3562
55360,3716
55504,3745
55531,3477
55930,3716
56127,3575
56158,4059
56271,3800
56530,3846
56717,3770
56839,3761
57737,3098
57957,3001
58005,3280
58169,3444
58317,3347
58778,3703
58932,3780
59122,3454
59149,4055
59394,3620
59484,3825
59682,3768
60611,3093
60670,2972
60809,3498
60976,3384
61101,3409
61316,3423
61457,3395
61482,3659
61622,4475
61742,3717
61911,3657
62055,4073
62206,4322
62331,4252
63781,3426
63828,3598
63948,3599
64133,3647
64148,3992
64309,3725
64585,3801
64728,3977
64826,3952
64971,3788
65099,3585
65219,3677
65635,3910
65667,4022
65787,4035
65808,4202
65900,4131
65965,4203
66213,4230
66374,4242
66552,4234
66802,4225
67016,3951
67246,3773
68466,3618
68850,3581
68913,3289
69013,3856
69176,3874
69368,3712
69393,3705
69531,3730
69814,4053
70650,3346
70798,3844
70951,3102
71101,3148
71129,3346
71276,3466
71450,3617
71484,3665
71619,4581
71743,4509
71899,4455
71930,4723
72163,4559
72264,4754
73305,3973
73511,3873
73919,3867
74074,3659
74113,3840
74297,4204
74307,3937
74443,4828
74608,4122
74701,4533
74833,4693
74858,4470
75186,4193
75346,4117
75479,4239
75520,4634
75594,4726
75669,4547
75738,4531
75758,4642
76419,4193
76764,3871
77509,4310
77702,3696
78050,4294
78287,4109
78445,3937
78770,3808
78958,3685
79268,3698
79561,3457
80777,3771
80800,2889
80933,3717
81254,3323
81458,3439
81644,3440
81649,3306
81842,3631
82067,3456
82211,3460
82413,3531
82445,3545
82708,3760
82736,3747
82976,3691
83825,3506
83951,3100
84104,4036
84250,4685
84371,4686
84637,4491
84708,4458
84768,4264
84923,4303
85112,4383
85256,4685
85310,4901
85403,4618
85561,4512
85681,4500
85797,4642
86681,3844
87137,3483
87411,3522
87603,3392
87774,3456
87950,3331
87972,3602
88117,3285
88235,4061
88286,4140
88403,4535
88444,4312
88563,4429
88595,4570
88714,4639
88753,4588
88862,4573
89324,4627
89608,4708
89777,4324
90641,3864
90664,4326
90789,4580
91058,4128
91207,4380
91350,4226
91555,3876
91704,3816
91752,3933
91836,5112
91963,4682
92105,4623
92260,4754
92849,4689
93042,4382
93794,4018
93945,3988
94021,4056
94139,3864
94328,5047
94370,4436
94559,4541
94703,4449
94976,4317
95101,4707
95214,4747
95412,4684
96403,3631
96558,3627
96713,3644
96852,4131
96970,4118
97009,4390
97043,4445
97066,4618
97119,3855
97262,4061
97455,4156
98094,4474
98162,3783
98314,3685
98849,3533
99238,3715
99353,3515
99476,3677
99625,3852
99847,3581
100404,3642
100548,3659
100681,3741
100753,3795
102631,2901
102961,3330
102981,3357
103187,3655
103298,4083
103336,4350
103382,4252
103639,4095
103659,3765
104620,3314
104770,3243
104927,3233
105382,3108
105532,3074
105653,3094
105789,3308
105822,3808
106169,3414
106330,3144
106540,3694
106675,3920
106945,3466
107074,3613
107254,3594
107456,3648
107609,3569
107735,3838
108787,3072
108826,3584
109206,3214
109670,2938
109735,3027
109937,3370
110088,3419
110525,3825
110669,3733
110807,3648
110926,3721
110946,3864
111091,3859
112124,3023
112279,3144
112298,3529
112468,3652
112616,3558
112756,3642
112807,3609
112940,3928
113035,4177
113144,4611
113345,3978
113365,4134
113572,4501
113815,4431
113983,4354
114190,4198
114575,4012
115248,3799
115307,3912
115467,3811
115627,4139
115648,3700
115723,3849
115869,4207
115935,4291
116135,4284
116234,4406
116259,4504
116569,4264
116649,4599
116753,4591
117033,4388
117167,4468
117251,4730
117453,4616
117589,4684
118620,3857
118826,4244
118870,4081
119027,4065
119188,3933
119324,4414
119783,4505
120052,3993
120219,4233
120255,3961
120444,4165
120578,4117
121621,3212
121669,3297
121757,3331
121816,3266
122102,3967
122138,4303
122288,4100
122316,3973
122444,4048
122517,4620
122568,4281
122703,4795
122727,4678
122904,4664
123159,4517
123298,4608
125303,3123
125498,4309
125522,4047
125548,3266
125689,3701
125721,3735
125865,4769
126162,4411
126302,4504
126466,4005
126612,4975
126654,4163
126729,4254
127125,4184
127724,3736
127885,3675
128141,3496
128262,3845
128301,3754
128538,3658
128575,3792
128705,4098
128843,4112
128925,3776
130176,3156
130311,3232
130557,3312
130843,3412
131138,3307
131482,4009
131813,3453
131917,3747
132199,3734
132404,3719
132550,3626
132684,3707
132825,4030
134163,3279
134314,3249
134411,3210
134553,3206
134624,3360
134673,3304
134813,3220
134839,4107
135097,3248
135339,3669
135365,3403
135503,3651
135722,4289
135733,3807
135758,3866
135915,3794
135962,4007
136170,3879
136226,3906
136255,4091
136369,4029
138652,3210
138830,3133
138989,3165
139065,3482
139200,3382
139630,3396
140034,3785
140186,3165
140212,3331
140369,3232
140522,3295
140540,3469
140658,3364
140801,3296
140821,3568
140972,3330
141228,3239
141438,3247
141461,3485
141565,3430
141665,3579
141819,3650
142786,3571
143188,3147
144049,3165
144224,3117
144493,3511
144514,3624
144663,3567
144726,3722
145617,2983
145769,3052
145964,2990
146151,3179
146269,3289
146433,3189
147185,3328
147405,3736
147430,4168
147619,4974
147793,4405
147830,4312
147973,4151
148681,3648
148711,3935
148859,4189
148933,4016
149015,4098
149166,4008
149182,4040
149314,3978
149380,4082
149454,4076
149592,4003
149695,3956
149736,4039
149927,4064
150072,3977
150236,3883
150364,3861
150755,4039
150946,4069
150964,4187
151104,4099
151272,4014
151430,3964
151543,3952
151685,3930
151784,5740
151804,5639
151854,6678
152621,5939
152792,5906
152815,6354
152909,6212
153099,6146
153290,6018
156142,3215
156385,3135
156431,3579
156545,3496
156618,3598
156789,4029
156950,3571
157024,3548
157121,3712
157278,3631
157315,3712
157494,3672
157684,3595
157868,3863
157951,3378
158108,3270
158166,3320
158271,3368
158735,4128
159149,3551
159324,3439
159468,3455
159592,3387
159779,3563
160509,4597
160692,4522
161003,4599
161066,4229
161686,3659
163619,3024
163849,3847
163975,3160
164137,3347
164194,3454
164441,4587
164554,3559
164730,3580
164909,3455
164928,3590
165078,3896
165844,3297
166016,3997
166043,3529
166155,3746
166318,3747
166339,3870
166480,3832
166534,3727
166696,4108
166717,4369
166839,4018
166964,4114
167161,3863
167268,4186
167301,4259
167728,4741
167966,4612
168131,4408
168273,4018
168529,3867
168683,3833
168827,4120
169292,3727
169603,3499
169821,3913
169939,4546
170101,3841
170622,3722
170684,3911
171171,3411
171547,3595
171584,3921
171805,3425
171925,3698
172833,3302
173191,3393
173329,3336
173452,3195
173691,3224
174055,3029
174230,3185
174728,2909
175249,3416
175336,3121
175416,3343
175564,3827
175634,3335
175790,3487
175817,3559
176284,3266
176493,3205
176696,3095
176716,3478
176882,3444
176954,3205
177571,2806
177755,2842
177941,2784
178085,3040
178236,3472
178375,3385
178493,3317
178784,3779
180637,2912
180848,3251
180896,3251
181045,3167
181169,3287
181432,3222
181866,3510
181920,3320
182071,3703
182110,3691
182233,3824
182793,3805
183084,3408
183231,3311
183267,3925
183437,4347
183471,3780
183622,3728
183695,4059
183928,4217
184138,4151
184285,4368
184313,4641
184491,4361
184509,4500
184645,4415
184712,4561
184835,4502
185508,4246
185526,4238
185640,4386
185982,4275
186128,4175
186297,4314
186321,4383
186707,4204
186981,3993
187175,3848
187300,4175
187455,4501
187593,4637
188478,3534
188496,3671
188689,3768
188919,3661
189264,3686
189423,3682
189446,3593
189594,3582
189781,3745
190545,4081
190683,3995
190826,3955
190950,3882
191070,3903
191562,3689
191711,3673
191952,3868
192175,3637
192324,3748
193200,3101
193225,3851
193349,3644
193372,3978
193573,3723
193732,4378
193840,4120
193863,4043
193906,4126
193966,5074
194265,4144
194414,4046
194549,4119
195353,3740
195426,3921
195486,4128
195600,4338
195841,4503
196050,4007
196124,4021
196224,4048
196409,4155
196479,4263
196610,4345
196783,4236
196911,4191
197039,4647
197105,4652
198096,3818
198237,3735
198245,3849
198436,3909
198504,3907
198602,4001
198743,3913
198913,4180
199041,4332
199171,4348
199509,4185
200724,3353
200935,3687
201116,3589
201320,3722
201502,3558
201756,3414
201926,3507
202024,3494
202178,3780
202198,3963
202356,3816
202476,4013
203653,3066
203784,3507
204114,3288
204244,3213
204254,3390
204381,3287
204783,3165
205126,3037
205262,3188
205447,3054
205567,4198
205568,3416
205753,4088
205928,3734
205998,4059
207011,3063
207205,4250
207428,3760
207713,3063
207759,3169
207994,3250
208231,3157
208267,4320
208452,3059
208615,3723
208633,4382
208785,3748
209041,3682
209195,3581
209253,4214
210354,3183
210672,3113
210939,5366
211019,5337
211284,3394
211471,3602
211601,3525
211737,4400
211770,3948
211833,4462
211966,4287
212104,4090
213120,3283
213186,3221
213334,3120
213356,3165
213561,3276
213613,3139
213743,3210
213828,3143
213969,3475
214067,3443
214214,3435
214244,3527
214338,3369
214389,3479
214513,5683
214521,5660
214661,5661
214752,5711
214920,6180
215188,6017
215548,7065
215643,6872
217154,5670
217224,5343
217315,5575
217481,5655
217549,5966
217706,5477
217907,5345
217927,5580
218114,5945
218133,5705
218288,5854
218413,5939
218673,5819
219123,5679
219282,5855
219299,5807
219961,5276
219998,5221
220687,6135
220920,4615
220992,4773
221285,4453
221443,4378
221604,4718
221755,4666
221935,5013
222108,4891
222369,4930
222661,5244
222838,4862
223270,4507
223376,4607
223557,4567
223745,4584
223939,4746
224184,4348
224329,4306
224519,4215
224694,4754
224735,5211
224839,4862
225278,4732
225435,4943
225576,4654
225600,4830
225821,5548
225910,4588
226042,4668
226173,4989
226615,5521
227099,5276
227331,4988
228951,3472
229115,3358
229274,3857
229431,3757
229511,3865
229658,3770
229805,4508
229991,4358
230059,4345
230116,4373
230206,4338
230350,4614
230490,4617
230543,4491
231075,4317
231434,4041
231653,4000
231696,4022
231829,4028
231964,3805
232698,3630
232723,3670
233202,3788
233461,3611
233492,3785
233624,3776
233650,4636
233794,4395
233828,4605
233956,4282
233982,4434
234116,4386
235461,3865
235522,3740
235688,3524
235846,4002
235919,4246
235942,4577
235958,4157
236121,4327
236267,4353
236403,4386
236435,4760
236527,4539
236620,4532
236630,4723
236974,5809
239704,3589
239843,3616
240188,4036
240264,4213
240395,3965
240581,3875
240632,3780
240836,4162
240912,3902
240989,4440
241183,3869
241326,4329
241447,4259
241588,4167
241727,4077
241863,4234
241970,4043
242208,3986
242490,3791
242514,4269
242686,4149
242812,4499
242825,4571
242983,4599
243021,4608
243143,4538
244618,3740
244637,3814
244810,3715
244850,4299
244920,4282
244967,6384
245224,4225
245575,4090
245742,3973
245910,4800
246110,4685
246254,4677
246329,4680
246378,4684
246468,4696
246620,4894
246663,4897
246925,4799
248621,3568
248668,3484
248810,3236
248928,3440
249079,3949
249237,3850
249409,3737
249500,3453
249552,3650
249696,3568
249847,3560
249941,3371
249997,3454
250088,3728
250269,3741
251249,3902
251795,3852
254721,3215
254971,3158
255144,3228
255311,3460
255475,3359
255635,3887
255725,4133
255976,4156
256092,3915
256321,3897
257191,3938
257215,4383
257416,4070
257440,3974
257603,4988
257628,4345
257730,4974
257777,4662
257958,4375
257987,4964
258139,4695
258183,4368
258301,4639
258424,4283
258573,4274
258597,4398
258747,4255
258868,4223
258916,4186
259427,4626
259617,4570
259684,4574
259977,4387
260143,4325
260305,4276
260359,4331
260596,4220
260752,4453
260945,6310
260953,6108
261120,7443
261246,6812
261281,8058
261464,7608
261707,7423
261869,8059
261939,7517
262062,7329
262109,7887
262260,7815
262426,7654
265645,4481
265744,4583
265815,4452
266059,4756
266253,4772
266409,4720
266576,4648
266747,4570
267586,3870
267615,4054
267807,4687
268224,3999
268384,3891
268441,4171
268587,4114
268725,4614
268845,6718
269146,4247
269156,4304
269288,4564
269433,4514
269576,5156
269714,5071
269748,5136
269908,5066
270113,5410
271113,5462
271249,5274
271773,4796
271790,4631
272056,4572
272081,4611
272225,4580
272913,4447
272935,4479
273101,4406
273180,4575
273275,4589
273437,4368
273500,4765
273600,4368
273738,4465
273898,4626
274018,4559
274351,4288
274995,4283
275056,4601
275128,4482
275201,4513
275245,4584
275362,4780
275375,4874
275554,4639
275691,4867
275842,5350
275926,5157
277573,4011
278096,3444
278247,3501
278357,3729
278370,3633
278520,3550
278665,3463
278727,3414
279484,3970
279654,3727
279781,3739
279911,3818
279928,3643
280085,4063
280280,3949
280296,4106
280404,4105
281932,3864
282154,4617
282562,3066
282809,4422
283165,3661
283196,3941
283378,3974
283551,3909
283671,3915
283907,3730
283915,3907
284052,3851
284565,3490
284603,3525
284732,3448
284961,3349
285160,3246
285209,3249
285362,3601
285464,3825
285619,3551
285640,3871
285770,3920
286010,3852
286328,3881
286452,4119
286781,3747
286827,3889
288054,3553
288223,3299
288343,3491
288500,3593
288609,4360
288768,3989
288787,4567
288924,4471
289004,4326
289360,4026
289539,4195
289618,4246
289690,4356
289834,4550
290221,4098
291480,3187
291642,3295
291687,3154
291846,3301
291871,3192
291920,3080
292252,3102
292308,3318
292482,3941
292525,3829
293003,3581
293028,3688
293222,4081
293429,4087
293495,4349
293582,4414
294994,4519
295183,4253
295204,4104
295374,4019
295447,4243
295546,4019
295662,3952
295852,3959
295919,4050
296055,4009
296271,4163
296424,4113
296469,4353
296620,4322
296744,4214
296860,4136
297013,4560
297092,4532
297238,4571
297350,4506
297423,4676
297545,4652
297680,4884
297706,4905
297855,5279
297901,5415
298344,5063
298780,4997
298976,4853
299134,5190
299486,4926
300207,4241
300398,4717
300545,4629
300665,4513
300720,4578
301032,4427
301188,4527
301363,4710
301516,4824
301650,4902
301814,4637
301920,6893
302033,4953
302292,5051
302413,4732
302443,7358
302576,4667
302784,4726
303536,4226
303609,6092
303672,4590
303807,4664
305820,3930
306167,3687
306732,5027
306944,3778
307128,3705
307306,3653
307481,3954
307661,3871
307830,5525
307900,4804
307972,3616
308088,4136
308131,3675
308307,4915
308325,3899
308489,3795
308643,3695
308920,3472
308961,3639
309088,3495
309120,3536
309251,3546
309269,3730
309426,3989
309438,3677
309591,3833
310059,3653
310238,3700
310404,3630
310557,3710
311094,3751
311263,3670
312267,4264
312437,4148
312690,3945
312833,4420
313297,4079
313606,3716
313806,4088
313945,4171
314231,3745
314370,3657
315370,3429
315423,3392
315511,3463
315650,3392
315695,3492
315817,3891
315863,3614
316140,3523
316289,3478
316447,3423
316584,3447
316730,3357
316754,3413
316851,3912
317151,3698
317326,3654
317472,3559
317616,3501
317734,3472
317948,3741
318078,3659
318148,5750
318295,5721
318345,4174
322328,2815
322624,2834
322844,3520
322945,3595
323230,3361
323411,3229
323575,3218
323744,3657
325276,4688
325444,4827
325541,4937
325589,5110
325704,5598
325737,5458
325829,5689
325963,5500
326201,5451
326308,7052
326377,7108
326474,7081
326624,7017
326766,6967
326868,7172
327006,7009
327048,7436
327191,7463
327332,7478
327475,7466
327524,7543
327603,7721
327673,7797
327776,8188
327793,8179
327932,7983
328073,8012
328205,7964
328334,8028
328488,8077
328630,8056
328671,8372
328749,8225
328826,9640
328865,8167
328919,9297
329037,9378
329063,9150
329212,9658
329332,9436
329463,9254
329683,9289
329833,9242
329971,9054
330106,9035
330247,8944
330315,8941
330408,8953
330526,9023
330566,8992
330847,9237
330961,9325
331723,8952
331762,9001
331903,9295
331904,9129
332081,9348
332351,10113
332502,10065
332621,10360
332643,10132
332782,10142
332797,10230
333411,10862
333562,10765
333713,10810
333777,10790
334471,10249
335133,9632
335156,9802
335235,9792
335492,9599
335753,9396
336087,9491
336747,8958
336986,8815
337127,9068
337305,9915
337350,8916
337472,9263
337680,9233
337710,9313
338252,9333
338307,9212
338443,9362
338594,9263
339791,8552
339910,8224
340098,8292
340473,8290
340499,8599
340731,8258
340801,8404
340955,8190
341179,8115
341248,8326
341399,8631
341474,8464
341593,8641
341714,8636
341896,8389
341920,8518
343211,8325
343388,8333
343587,8372
343658,8117
343722,8365
343812,8326
343837,8537
344102,8761
344125,8948
344289,9168
344357,9034
344409,10052
344560,10019
344756,9912
344826,9941
345381,9458
345401,9544
345773,9265
345951,9307
346146,9365
347241,8996
347267,9117
347376,9260
347524,9207
347634,9074
347922,9439
348116,9710
349376,8278
349511,8252
349725,8028
349749,8202
349834,8673
350038,7990
350169,8396
350896,7940
351007,7618
351031,7880
351165,8908
351309,8789
351361,8907
351531,8626
351551,8764
351654,8711
351785,9134
352072,8683
352184,8800
352211,8595
352425,8430
352627,8970
352811,8438
353216,7945
353531,8017
353582,8105
353659,7837
354723,8146
354917,8106
355075,8002
355102,8053
355572,7706
355754,7608
355932,7489
355976,7652
356105,7690
356226,7489
356251,7590
356466,7436
356481,7544
357290,8147
357452,8075
357480,8140
357599,8109
357757,8067
357866,8778
357965,8239
358123,8132
358257,8050
358571,7839
358791,7569
359022,7437
359724,7975
359917,7851
359941,7877
360108,7761
360251,7707
360407,7652
360437,7746
360593,7653
360633,7668
361028,7412
361341,7224
361770,7219
362129,7049
362284,7150
363448,6465
363471,6513
363768,6200
364024,6036
364068,6283
364167,6119
364226,6297
364303,6291
364405,6301
364548,6209
364679,6263
364811,6282
365297,6738
365497,7886
366298,9055
366465,8294
366771,8051
367099,6105
368599,5022
368710,5215
368857,5313
369175,5465
369298,5394
369481,6205
369593,5432
369673,5474
369721,5526
369834,5694
370052,5689
370111,5365
370249,5379
370367,5312
370396,5908
370546,5871
370912,5327
371095,5261
371985,5130
372193,5054
372351,4952
372502,4940
372653,4843
372812,4806
372985,5524
373477,4969
373682,4890
373695,4945
373862,4874
374363,4748
374419,4801
374680,4807
375717,3559
375799,3590
376047,4313
376312,4134
376457,4078
376476,4189
376592,4194
376637,4269
376680,4354
376786,4381
376858,4424
377053,4403
377210,4367
377359,4344
377648,4165
379061,3260
382702,3023
383322,2908
383481,2903
383644,2848
383770,2817
384026,2794
384187,3231
384265,2905
384384,3028
384626,2876
384685,2889
384905,2964
384933,2991
385080,2934
385201,2892
385387,2998
385403,3087
385522,3464
385555,3132
385664,4176
385764,3506
388803,3781
389089,3415
389109,3045
389281,3350
389434,3610
389483,3829
389547,2892
389553,5285
389601,5338
389665,5708
391028,3508
391251,3477
391468,3837
391612,3810
391736,4083
391759,4806
391776,4883
391816,4950
391847,5108
391887,6067
391926,5685
391995,3753
392267,3953
392679,4026
392979,4548
393378,4221
393519,4161
393678,4657
393831,4604
394021,4519
394138,4695
394195,4827
394341,4629
394399,5052
394924,4839
395096,4908
395293,5029
395414,4685
395456,4938
395595,4847
396041,4968
396202,4750
396320,4737
396689,4691
397164,4390
397327,4436
397623,4323
397749,4321
397763,4406
397992,4255
398259,4178
398498,4293
398671,4327
399269,3783
399325,4165
399499,4160
399584,4666
399603,4214
399797,4148
400550,3837
400916,3617
401082,3615
401258,3782
401463,3630
402232,3631
402299,3300
402397,4200
402597,3383
402626,4086
402933,3730
403261,3114
403510,3642
403669,3589
403807,3579
404071,3584
404074,3620
404806,2964
404845,4922
404912,5081
405013,4601
405237,2882
405405,3078
405738,3226
406004,3389
406425,3795
406445,3601
406576,3583
406743,4001
407929,3128
408027,2967
408160,3002
408290,3076
408320,3138
408455,3082
408565,3307
408723,3247
408754,3295
408843,4199
409100,3078
409598,3507
409780,3788
410260,3090
410405,2998
410558,3276
411526,2892
411668,3176
411830,3242
412079,3155
412249,3065
412344,3021
412566,3382
412808,3974
412969,3441
413124,3782
413166,4131
413295,4207
413430,4118
413559,4106
413614,3990
413802,3924
414555,4154
415175,3662
415408,3691
415430,3741
415553,3694
415603,3786
415719,3847
415747,3754
415841,4589
415894,4066
415984,4232
416076,3933
416124,4513
416235,4156
416962,4713
416981,4669
417133,4702
417230,4742
417338,4883
417372,4851
417548,4830
417687,4864
417816,5309
417917,5420
418075,4997
418381,5231
419347,4315
419505,4400
419612,5343
419769,4951
419811,5134
420055,5187
420104,5304
420229,5285
420262,5715
420471,5589
420529,5747
420671,6162
420693,5481
422522,4190
422681,4089
422716,4187
422871,4252
423106,4114
423305,4393
423450,4357
423547,4422
423709,4659
423743,4671
423947,4633
423996,4699
424068,4950
424120,4728
424182,4784
424507,5195
424620,5067
424805,4948
425007,4833
425782,4879
425805,5023
426395,4857
426545,4684
426659,4657
426923,4458
426955,4518
427049,4703
427153,4805
427305,4521
427983,5384
428147,4464
428356,5003
428451,4630
428527,4708
428684,4618
428808,4442
428932,4498
429098,4520
429233,4492
429370,4648
429541,4620
429741,4688
430349,4145
431551,3747
431573,3381
431858,4102
432017,3334
432192,3513
432705,4056
432770,4205
432909,4125
433064,4358
433094,4264
433465,4058
434312,3458
434462,3845
434557,3684
434682,3890
434920,3704
435130,3634
435162,3685
435288,4032
435431,4076
435754,3912
435800,3928
435938,3875
436076,3866
436118,4129
436241,4287
436267,4419
436370,4395
436401,4670
437182,3783
437202,4006
437350,3966
437485,3937
437593,3981
437679,4637
437783,4205
437912,5292
438067,4125
438361,4360
438523,4412
438677,4639
438852,5253
439145,5343
439182,4794
439411,5118
441191,3611
441663,3162
441834,3213
441999,3145
442172,3067
442358,3206
442375,3347
442542,3981
442591,4214
442702,3873
442857,4448
443014,4443
443037,4161
443397,4121
443559,4293
443718,4006
443869,4419
443933,3868
444051,3989
444221,3932
444630,3831
445217,3374
445403,3294
445439,3413
445564,3235
445633,3361
445796,3239
445862,5812
446004,3124
446236,3758
446363,3623
446374,3929
446510,3848
446639,3769
446847,4651
447080,4471
449201,3250
449245,3180
449381,3101
449422,3113
449652,3638
449784,3717
449905,3862
450023,3832
450145,3657
450288,3831
450471,4083
450633,3984
450756,4290
450863,3744
451067,3590
451192,3772
452764,2917
452807,2999
452990,3856
453124,3662
453322,3855
453577,3885
453599,3987
453840,3881
453915,4459
453926,3717
453937,4489
453975,4551
454451,4124
454649,3827
454694,3944
455485,3631
455643,3463
455723,3621
455915,4111
456054,4023
456234,3971
456415,3837
457767,3323
457789,3591
457928,3391
458092,3395
458232,3875
458421,4889
458580,4616
458680,3880
458836,3883
458862,4970
458956,4855
459111,4790
459182,4003
459472,3769
459612,4021
459768,3981
459799,4192
460073,3891
460215,3857
461472,3139
461536,2967
461640,3369
461670,3147
461845,4384
461928,3411
462148,3260
462806,3345
463280,3873
463458,3477
464078,3225
464284,3297
464613,3374
464678,3495
465054,3229
465137,3202
465224,3161
465533,2962
465615,2937
465735,2899
466030,3158
466189,3111
466280,2950
466317,3015
466480,2941
466672,3150
466723,3439
466975,3199
466993,3341
467137,3534
467416,3344
467442,3917
467661,4426
467745,4464
467821,4689
467928,6140
468003,5196
470576,3050
470757,3184
470861,3310
471055,3358
471216,3252
471372,3348
471496,3480
471668,3728
471696,3609
471834,3800
471871,3596
471944,4302
472007,3957
472054,4109
472779,3663
472986,3367
472996,3544
473158,3820
473317,3924
473457,4196
473475,4091
473627,4138
473777,4692
473800,4313
473999,4182
474302,4324
474453,4162
474599,4364
474751,4266
474767,4497
475124,4625
475354,4545
475697,4251
476120,4346
476274,4559
476407,4392
476566,4436
476610,4156
476735,4245
477108,4193
477641,3763
477821,3719
478156,3933
478311,3830
478355,3966
478747,3783
478945,4203
479030,4065
479102,3863
479289,3865
479466,3829
480252,3719
480289,3672
480503,3669
480637,3923
480979,3633
481596,3065
481753,3399
481783,3630
481928,3432
481954,3415
482240,3628
482412,3682
482576,3617
482689,3572
482820,3502
483638,3729
483817,3498
484000,3536
484022,3755
484217,3786
484396,3712
484762,3233
485572,2998
486347,2840
486390,2885
486540,2876
486560,3052
486786,3934
486942,3769
487146,3618
487192,3953
487351,3916
487585,3615
487606,3701
487746,3622
487907,3566
488221,3422
488705,3062
488860,3099
489382,3141
489440,3359
489575,3043
489660,3400
489851,4132
489962,3287
490160,3034
490324,3607
490555,3520
490755,3596
491855,3908
491979,3384
492316,3096
492581,3018
492830,3463
492850,3266
493031,3426
493099,3555
493289,3748
493319,3808
493463,3765
493605,3771
493745,4063
494791,3166
495418,4105
495561,4012
495776,3589
495903,3571
495967,4057
496127,4042
496173,3904
496297,3919
496358,4301
496483,4164
496521,4204
496655,4132
496805,4268
497597,3706
497612,3742
497790,4021
497919,4073
498063,3989
498204,3899
498243,3994
498384,3917
498564,4536
498625,4235
499371,4193
499516,3511
499711,3530
499852,3960
500282,3615
500342,3654
500412,3906
500485,3901
500688,4177
500898,4490
500913,4608
501187,4483
501458,4264
501610,4586
501651,4709
502268,4025
502457,3955
502607,3876
502728,3855
502988,4241
504015,3290
504054,3104
504159,3255
504188,3165
504323,3263
504533,3270
504551,3776
504628,3494
504742,3767
504858,4222
504934,4029
505115,4017
505271,4093
506356,3430
506652,4606
506796,4389
507298,2944
507636,3732
507742,3566
507947,3440
508133,3986
508136,4358
508303,4491
508456,4234
508635,4105
508659,4191
508779,3839
508908,4067
509162,3860
509193,3869
509674,3486
509831,4099
509904,4131
510062,3964
510113,4056
510183,4261
510326,4078
510345,4284
510473,4293
510988,4530
511070,4380
511242,4321
511488,4159
511638,4589
511986,4430
512129,4484
512271,4386
512664,4762
512913,4215
513077,4651
513224,4723
513260,4792
513349,4651
513414,4580
513498,4554
513545,4585
513675,4809
513753,4815
513799,4863
513999,4760
514227,4630
514831,4597
514907,4397
515752,3667
515806,3835
516782,4183
517025,4108
517159,4026
517508,3783
517635,3868
517765,3829
518918,3497
518954,3257
519010,3539
519024,3286
519477,3152
519647,3172
519732,3227
519771,3296
519860,3417
520121,2998
520245,5223
520400,3980
520620,3938
520800,3825
520952,3904
521105,3918
521320,3356
521351,3609
521578,3363
521721,3348
522635,3179
522790,3166
522872,3899
523301,3039
523539,4666
523591,5460
523629,5735
523683,5229
523774,3409
523962,3495
524412,3977
524575,4160
524986,4383
526305,3113
526385,3095
526447,3100
526517,3142
526568,3190
526683,3285
526812,3244
526822,4635
527015,3560
527140,3801
527230,3576
527256,3752
527443,3849
527578,4354
527696,4301
527813,4279
528103,4036
529905,3184
530056,3085
530205,3257
530341,3465
530472,3604
530578,3577
530795,3464
530954,3373
531097,4044
531171,3796
531305,4000
531482,4381
531663,4535
531801,4230
531942,4307
532108,4244
532190,4032
532336,4080
532456,4125
532837,3507
532855,4119
532933,3700
533073,3910
533181,3938
533334,3905
534479,3184
534637,3336
534773,3266
534833,4381
535378,3709
535564,3577
535734,3937
536036,3913
536264,3812
536414,3881
536454,3899
536620,3975
536872,4069
538022,3019
538181,3216
538212,3329
538400,3188
538416,3301
538730,3163
538928,3472
539055,3413
539227,3622
539379,3775
539517,4141
539639,4072
539755,4056
539902,3860
540009,4280
540117,4222
540216,4285
540340,4206
540455,4168
541423,3613
541560,3529
541666,3652
541729,3665
541820,4706
541922,3575
541944,3655
542019,3820
542144,3797
542231,4623
542318,4765
542469,5035
542650,4646
542689,4554
543384,4210
543692,4103
543844,4502
544072,3769
544229,4064
545668,3119
545744,3033
545949,3092
545996,3764
546130,3691
546340,3749
546575,3738
546680,4728
546698,4897
546916,4625
547119,4527
547337,4810
547600,4621
547734,4537
547866,4627
547916,4574
548907,3925
548969,4683
549115,4628
549189,3765
549203,4927
549315,3679
549409,3690
549560,3623
549593,3723
549734,4455
549917,4437
550057,4462
550142,4516
550172,4644
550307,4745
550384,4716
550425,4891
550510,4872
550697,5402
550946,5200
551087,5115
551243,5066
553343,4017
553748,3717
553805,3750
553917,3734
553943,4462
554040,4028
554318,4887
554394,4746
554428,5079
554575,4992
554717,4900
554869,4827
555037,4811
555160,5147
555186,5196
555354,5144
555444,5044
555524,5050
555568,5109
555725,5045
555899,5172
555921,5259
556731,4806
556965,4710
557971,3831
558155,3829
558275,3813
558322,3814
558493,3728
558618,3743
558760,3593
558816,3773
558957,4002
559263,4600
559390,4822
559534,4665
559663,4602
559735,4519
560147,4173
560301,4704
560454,4665
562260,3398
562462,3874
562494,3753
562618,4118
562699,3985
562737,3278
562857,4141
563022,4364
563414,3223
563669,3686
564350,3302
564416,3335
564962,2996
565769,3193
566013,4327
566191,4557
566355,5986
566465,3628
566516,6015
566800,3424
566812,5358
566944,5316
567107,5329
567183,3768
568259,3446
568436,3716
568599,4096
568762,3655
568982,5123
569059,4432
569139,5851
569191,5874
569236,4323
569248,5968
569301,6233
569347,6412
569392,6516
569438,6585
569463,3924
569483,6764
569528,6830
569572,6900
569623,7561
569642,4543
570411,3566
571042,3950
571213,4499
571377,4596
571784,4508
571969,5167
572227,5155
572773,4546
572946,4500
573000,4517
573106,4501
573284,4860
573343,4994
573485,5179
573692,4618
573845,4614
573863,4661
574370,4337
574561,4523
574721,4453
575100,4210
575567,5914
575752,6459
575932,6571
576088,4884
576292,4776
576401,6295
576575,4574
576616,6133
577548,4573
577733,5066
579853,3508
580094,3495
580251,3889
580379,3972
580605,3814
580756,3923
580977,3804
581161,3817
581285,4061
581330,4372
581519,4199
581538,4254
581701,4604
581853,4505
581954,4265
582021,4387
582180,4278
582338,4178
582364,4221
582703,4017
582847,4456
582915,3969
583196,4068
583472,3866
583648,3866
583854,3753
584012,3753
584166,4032
584190,4084
584345,4063
584505,3973
584652,4048
584769,3985
585120,3957
585274,4574
585510,4404
586416,4130
586754,3783
586915,3827
587096,3861
587341,4216
587481,4435
588444,3825
588523,3789
588645,3683
588810,4503
589163,3430
589320,4103
589463,4011
590296,4055
590314,3511
590493,3585
590632,3668
590765,3622
590822,3784
590893,3825
590989,3670
591224,3757
591373,3820
591563,3716
591721,3774
591773,3772
591916,4250
591942,4181
592003,4104
592684,3532
592708,3639
592936,3628
593087,3536
593530,3438
593676,3405
593696,3529
594140,3400
594401,3456
594418,3702
595114,3866
595271,3767
595711,3440
595935,3828
596168,3802
596283,3733
596410,3687
596430,3911
596588,3722
597357,3743
597373,3631
597525,3622
597664,3919
597691,4065
597844,5456
597929,4809
597936,4071
598087,4716
598176,4631
598309,5042
598451,4797
599693,3685
599849,3960
599908,3534
600056,3829
600173,3662
600353,3590
600511,4232
600626,4004
600779,4043
600826,4269
600899,4207
601056,4101
601178,4045
601570,4172
601752,4147
601770,4584
601896,4545
602529,3879
602844,3735
603468,3308
603602,3239
604272,2894
604415,3304
604934,3243
605352,3703
605545,3564
605670,3492
605809,3802
605939,3816
607306,3025
607329,3095
607469,3198
607614,3282
607771,3284
607801,3487
607923,3759
608017,3980
608045,3957
608271,3927
608332,4012
608421,4324
608472,4350
608589,4349
608706,4855
609053,4215
609229,4643
609382,4585
609572,4774
609635,4452
609775,4265
610336,4161
610506,4067
610532,4130
610658,4620
610699,4703
610724,4496
611082,4582
611128,4529
611202,4522
611367,5057
611597,4919
611782,5019
611805,5035
612030,4927
612049,5046
612358,5059
612946,4781
612980,4834
613104,4868
613565,4590
613713,4826
613735,4868
614157,4541
614170,4596
615028,4581
615222,4335
615345,4406
615477,4375
615498,4746
615719,4768
615861,4921
615900,4564
615915,4667
616070,4648
616239,5505
616634,5162
617061,4799
617782,4510
618010,4330
618159,4344
618324,4275
618524,4142
618760,4642
618944,4245
619023,4487
619138,4103
619155,4305
619280,5069
619402,4930
619404,4810
619552,4725
620209,4760
620317,5037
620626,4612
620804,4486
620934,4491
621085,4454
621112,4369
621257,4716
621423,4657
621740,4370
621937,4280
622681,4487
622705,5598
622830,5640
622871,4684
623032,4362
623289,4833
623432,4821
623571,4277
623590,5176
623771,4755
624161,4937
624437,4391
624629,4353
624808,4338
625030,4166
626491,3167
626651,3448
626735,3418
626777,3577
626983,3865
627180,3785
627299,3751
627521,3778
627568,3663
627691,3939
628289,3849
628596,3783
629159,3661
629232,3713
629355,3876
630991,3633
631082,3773
631241,3958
631443,6024
631462,6133
631635,6029
631670,6098
631835,6198
631946,6216
631970,6339
632100,6302
632207,6243
632223,6619
632330,6765
632455,6335
632583,6391
633062,5857
633212,5861
633352,5672
633380,5829
633525,5849
633751,5750
633917,5750
633938,5781
634038,5988
634084,6120
634223,6034
634370,6914
634517,6852
634657,6995
634675,8447
634803,8430
634903,8417
635466,8282
636015,8939
637117,8017
638113,7592
638241,6984
638398,6996
638495,7359
638520,7022
638634,7005
638645,7536
638804,6933
638929,7335
639482,6474
639562,6756
639713,6684
639910,6496
640041,6518
640927,6381
640953,6525
641114,6397
641142,6512
641290,6451
641436,6383
641490,6700
641678,6616
641763,6449
641810,6433
642220,6131
642437,5967
642599,5879
642761,6005
643381,7035
643498,6565
643663,6454
643849,6497
644072,6429
644244,6321
644408,6208
644565,6158
644738,6124
644903,6750
645079,6837
645239,7034
645410,6928
646061,6309
646682,5706
646857,7097
646872,6491
647081,6772
647226,7020
647527,6988
648283,6414
648487,7061
648518,6906
648926,6553
648938,6393
649125,6451
649320,6507
649443,6411
649733,6225
650066,5983
650235,5950
651147,5046
651305,4993
651389,5556
651443,5732
651594,5634
651732,5545
651792,5548
651918,5511
651926,6182
652068,6190
652094,5604
652209,6212
652425,5978
652480,5827
652636,5722
652644,6002
652759,5939
652851,6513
652932,6367
653208,6573
653379,6351
654040,5918
654233,6786
654288,6260
654790,6059
654828,6477
654966,6044
655115,5958
655386,6055
655580,6058
655647,6251
656462,5529
656615,5766
656797,5860
656950,6264
657151,5974
657504,6129
657676,6022
657872,5884
657950,5736
658202,5974
658456,5901
659393,5016
659417,5098
659563,5000
659584,5058
659829,5441
660046,5490
660215,5437
660432,5300
660930,4933
661100,4868
661135,4929
661263,5107
662164,4955
662204,4895
662355,4824
662422,4879
662480,4750
662808,5144
663412,4694
663525,4650
663731,4648
663997,4962
664111,5155
664205,5135
664341,5195
664482,4987
664604,4983
664671,4979
664809,4971
664834,5102
665062,4997
665262,4948
666396,6672
666464,5085
666617,5158
666671,7188
666796,6843
666869,4780
666956,7007
667151,7140
667292,6460
667394,4951
667539,4716
667570,6625
667704,6350
667734,5922
669106,4658
670475,4011
670752,4570
670955,4122
671130,4070
671292,5634
671453,4415
671620,5736
671781,6179
672246,5176
672400,5075
672560,4427
672671,5035
672720,4323
672845,5162
672897,4629
672975,5137
673131,5083
673148,4429
673291,4662
673312,4314
673470,4611
673490,4674
674575,3686
674842,3997
674938,4629
675278,4263
675424,5585
675598,5603
675821,4648
676407,4010
676557,4830
676682,4275
676870,4252
677093,4195
677251,4237
677377,4362
677515,4277
677657,4175
677797,4920
677821,4934
678213,4495
678298,4698
678366,4537
678460,4501
678623,4425
678674,4658
678717,4529
678970,4499
679118,4565
679672,4664
679851,4536
679920,4263
680079,4190
681274,3920
681462,4159
681574,4112
681590,3929
681899,3672
682094,4186
682400,3815
682568,4822
682819,4543
682975,4491
683110,4268
683172,4395
683262,4248
683382,4246
683516,4198
683523,4296
683838,4199
684868,3685
685012,3319
685228,3177
685412,3417
685817,3224
685927,3294
686067,3205
686270,3238
686434,3629
686486,3476
686575,3538
686710,3451
688621,3423
688643,3314
688837,3761
689191,3556
689312,3959
689331,3725
689407,4440
689556,4426
689601,4377
689751,4522
689789,4426
689870,4462
690038,4399
690183,4307
690206,4347
690347,4421
690466,4370
690506,4459
690654,4317
690825,4775
690951,4581
691210,4440
691482,4387
691622,4517
691679,4577
692707,4558
692780,4747
692867,4185
692946,3886
693067,4301
693305,4173
693517,4431
693716,4374
693865,5265
694009,4132
694265,4805
694364,4768
694504,4708
694607,4799
695704,4022
695750,3913
695957,3978
696111,3879
696231,3863
696296,4235
696703,4483
697092,4070
697407,4022
697568,4015
697616,4714
697745,4526
697841,5193
697921,4459
698042,4388
698183,4299
698341,4190
699420,3536
699469,3917
699586,3714
699728,4124
699766,4988
699905,4659
700059,4255
700234,5080
700269,4450
700362,4780
700421,4196
700537,4132
700575,4620
700650,4607
700936,4374
702250,3554
702433,3646
702591,4124
702797,4097
703049,4485
703173,4480
703375,4410
703526,4250
703684,4634
703831,6184
703961,4448
704115,4448
704265,4574
704388,4714
704419,4891
704819,5259
704845,5102
705474,4838
705511,4639
705717,5108
705833,4433
705856,4680
706116,5022
706151,4607
706292,5019
706350,5028
706410,5058
706940,5373
707115,5368
707307,5227
707452,5164
707691,5064
707960,4870
708919,4211
708980,4220
709142,4105
709318,4254
709418,3846
709635,3867
710058,4593
710371,4341
710376,4160
710535,4054
710550,4570
710679,4085
710846,4456
710869,4306
710975,5295
711169,4803
711418,4783
711512,4676
711529,4845
713602,3034
713741,2991
713926,2915
714084,3539
714298,3379
714810,3360
714824,3620
714938,3405
715069,4510
715118,4523
715165,4797
715325,3637
715537,3563
716027,3697
717758,3250
717799,3015
717959,5181
717988,4523
718147,4663
718228,4533
718418,4628
718561,5381
718597,5051
718690,5312
718757,4999
718806,5248
718908,5793
719028,5780
719165,5473
719227,5748
720189,4849
720366,4731
720545,4786
720719,7058
720941,4459
721099,4169
721128,4301
721270,4213
721292,4256
721434,4205
721454,4283
721591,4731
721616,4338
721733,5522
721769,4863
721794,5723
721861,4546
721943,4743
722104,4743
722117,4943
722283,4997
722445,5024
722634,5002
723280,6702
723457,7888
723483,9032
723633,8815
724180,9319
724388,9314
724531,9169
725601,8151
725746,8187
725812,8105
725961,8466
726093,8532
726112,8426
726225,8543
726458,8296
726496,8336
726675,8382
726848,8172
726919,8205
727059,8118
727105,8183
728489,7432
728558,6960
728670,6989
728862,6845
728940,7325
729104,7214
729315,7173
729473,7653
729632,7941
729796,7527
730254,7121
730486,7035
730549,7142
730705,7045
730735,6889
730826,7028
730894,6910
731032,7155
731179,7352
731304,6931
731448,6858
731478,7157
731612,7216
731747,7023
732274,7443
732291,7577
732752,7214
733056,6957
733239,7125
733529,6762
733736,6787
734031,6380
734231,8792
734261,8786
734622,8469
735236,7349
735363,7311
735370,7737
735989,7410
736804,6539
737185,6413
737352,7207
737404,6824
737549,6692
737692,6612
737929,6249
738438,5927
738592,6049
739571,5282
739593,5558
739760,5340
739964,5291
740125,5080
740332,5268
740513,4944
740660,4849
740779,4862
740917,4993
740969,5723
741097,5697
741213,5731
741677,5381
741852,5475
741990,5270
742150,6407
742310,6859
742461,5617
743418,5416
743737,5060
744009,5340
744262,5222
744437,5112
744460,4914
744600,5350
744688,5340
744743,5385
744935,5318
745289,5055
745326,5439
745483,5150
745643,5050
745771,5204
745954,5026
745981,5586
746127,5503
746261,5429
746419,5539
746511,6313
747664,5281
747796,5106
748244,4755
748388,4897
748548,4804
750443,4078
750493,4150
750647,4285
750790,4495
750814,4542
751009,4446
751083,4514
751188,4319
751234,4789
751367,4968
751394,5067
751599,5092
751728,4948
751737,5010
751860,5136
752161,4999
752464,4838
752633,4966
752860,5045
752915,4812
753088,4861
753195,5116
753317,4763
753435,4887
754212,4179
754381,4400
754404,4728
754565,4556
754706,4541
754732,4774
754869,5520
754905,4577
755000,5497
755126,5476
755192,5498
755298,5488
755660,5261
756091,5597
756296,5483
756374,6330
756515,6136
758085,4265
758118,5251
758434,4143
758493,4273
758614,4134
758624,4800
758764,4294
758817,4930
758907,4782
758955,4905
758978,5743
759013,5590
759032,5620
759119,5425
759162,5540
759292,5048
759552,4722
759720,4671
760655,4478
761327,3820
761933,3858
761946,4231
762143,4065
762185,4079
762317,4718
762485,4919
763360,3772
763975,3866
764114,3840
764518,3553
764832,3485
765185,3201
765340,3339
765420,3701
765505,4080
765553,3839
765653,4149
765679,4364
765796,4391
765803,4554
766016,4432
766211,4442
766309,4656
766462,4556
766599,4625
766606,4617
766794,4480
767438,3975
768148,3693
768164,3874
768315,3954
768461,3886
768479,4029
768712,3938
768738,4357
768898,4244
768940,4262
769112,4258
769160,4258
769233,4385
769765,4426
769951,4279
770636,4116
770801,4002
770825,4314
770991,4345
771055,4309
771249,4500
771440,4634
771663,5031
771680,4685
772141,4298
772328,4207
772459,4376
773836,3277
773866,3131
774373,2863
774557,3496
774580,3720
774669,3762
774823,3735
774944,4583
775091,4677
775167,4666
775210,4454
777453,3377
777609,4004
777681,3988
777783,4693
777923,4237
777940,5219
778054,4703
778148,4526
778311,4420
778315,4897
778453,4857
778599,4663
778619,4803
778760,4600
778787,4803
778927,4788
779028,4794
779053,4901
779137,4862
779668,4588
779832,4934
779933,4727
779966,5075
780075,4764
780117,5183
780191,4908
780728,4641
780950,4470
781072,4397
781207,4470
781326,4473
781465,4310
781610,4773
781644,5336
781677,5508
781711,4771
782902,5093
782922,4942
783161,4767
784196,4576
784476,4513
784932,4135
785170,4220
785203,4289
785333,4255
785499,4217
785521,4246
785625,4224
785804,4395
786602,4237
786783,3612
786806,3940
786946,3956
787092,3701
787217,4050
787402,3709
787597,4007
787777,3891
788013,3730
788156,4028
788207,4048
788274,4095
788341,4124
788387,4191
788457,4354
789535,3631
789640,3758
789832,4129
790408,3655
790597,3798
790806,3926
790938,3874
791229,4024
791306,4707
791371,4444
791447,4977
791493,4231
791684,6554
791780,4202
792951,5609
792976,3327
793113,5395
793235,3518
793429,4261
793609,3987
793753,4106
793799,4551
793872,3904
794072,5319
794146,4516
794272,4339
794726,3985
795348,3649
795539,3547
796092,3351
796126,3429
796260,3490
796409,3405
796506,3519
796580,3560
796666,3574
796831,5379
796860,4463
796982,4078
797138,4016
797293,4093
797449,4001
797606,3976
797767,3867
798210,4061
798376,3901
798616,3934
798982,4089
799127,4092
799414,4852
799590,4776
799792,4392
801541,3013
802635,2830
802810,4642
803051,3507
803213,3466
803367,4036
803524,3421
803694,3808
803847,3554
804823,3604
804845,3476
805271,3527
805296,3358
805354,3491
805374,3989
805745,3214
805927,3481
806205,3269
806256,3431
806435,3959
806513,4389
806696,3803
806776,3918
806807,3823
806922,3927
807040,4242
807080,4268
807240,4185
807283,4267
807751,3875
807976,4217
808126,4139
808499,4715
808524,4053
808743,4234
809154,3875
809178,3811
809299,3779
809867,3726
810179,3498
810363,3986
810528,4041
810671,4823
810727,4261
810935,4106
810953,4153
811088,4539
811115,4633
812616,3568
812639,3660
812789,3575
812914,3508
813175,3471
813261,3492
813975,3112
814005,3094
814177,3941
814206,4161
814378,4195
814407,4136
814529,4096
814672,4278
814695,4201
814907,4194
815263,3908
815460,4227
815567,4132
815762,4201
815813,4420
815967,4525
816830,3714
816853,3825
817123,3685
817223,3797
817300,3850
817469,3968
817634,4648
817938,4740
818125,4462
818204,4405
818383,4347
819474,3639
819518,3704
819717,3592
819855,3579
820091,3994
820300,3872
820640,3481
820714,3583
820894,3807
820918,4180
821128,3666
821276,3732
821298,4055
821460,3806
821676,3895
821822,4777
821905,3818
821961,4406
822026,4306
822170,4251
823412,3062
823475,3189
823550,3052
823708,3383
823737,3530
823925,3863
823963,4213
824122,3984
824541,3938
824723,4031
824871,4167
824910,3945
826028,3407
826191,4216
826424,4059
826633,3964
826777,3874
826859,4358
827174,4096
827316,3938
827930,3373
827958,3658
828181,3516
828273,3532
828316,3852
829437,3251
829596,3403
829620,3669
829779,4206
829822,3550
829940,3185
830087,3141
830282,4252
830433,4153
830554,3683
830703,3683
830865,4487
831306,3936
831316,3985
831452,3776
831498,3905
833569,3083
833632,3601
833778,3735
834355,3413
834432,3385
834619,3296
834813,3621
834846,3643
835332,3384
835458,3207
835476,3619
835620,3588
835742,3465
835856,3412
835922,3224
836103,3152
836262,3236
836430,3123
836466,3587
836592,3512
836732,3465
836759,3481
836833,3501
837062,3743
837244,3617
837347,3671
837423,3730
837564,3900
837582,3795
838867,3830
838994,3774
839304,4529
839411,4063
839589,3964
839737,3915
839887,4050
839904,4237
840976,3337
841069,3340
841199,3311
841294,3306
841496,3201
841566,3245
841607,4504
841730,3209
841750,3292
841940,3361
842113,3557
842142,3519
842284,4103
842304,4005
842401,4104
842561,5110
842847,4254
842953,4200
845168,3031
845213,2948
845350,3630
845364,3791
845506,3639
845533,3730
845721,3634
845870,4671
845941,3872
846144,4217
846340,4137
846495,3814
846782,4010
847422,3810
847594,3699
847761,3393
847978,3984
848034,3821
848238,3866
848260,3795
848396,3765
848542,3713
849438,3279
849476,3360
849609,3590
849763,3421
849854,4064
849961,3907
850119,3874
850265,3806
850400,3817
850556,3809
850662,4443
850676,4638
850819,4765
850976,4420
851434,4069
851743,4605
852022,4248
854107,4444
854258,4541
854379,4120
854456,5701
854525,5010
854545,5297
854575,4025
854759,4475
854922,5014
855141,5296
855165,5150
855562,5283
855680,4713
855703,5016
855804,4734
856031,5067
856083,5110
856331,4968
856392,4954
856457,5025
856583,5059
856592,4988
856758,4944
856901,5659
856941,5675
857091,5884
857112,6291
857278,6321
857296,5845
857450,6385
857546,5992
857682,6633
857845,5925
858137,6501
858279,6411
858698,6044
858841,6001
858927,6019
858964,6386
859351,5709
859821,6624
859992,6596
860156,6655
860475,6638
860530,6653
860758,6592
860806,6434
861032,6384
861154,6361
861299,6297
861391,6316
861510,6383
861664,6250
861747,6244
862640,6682
862825,6551
863221,6207
863432,6096
863722,5857
864109,5518
865051,4640
865140,4601
865191,4791
865272,4824
865362,4913
865416,4941
865537,4904
865548,4978
865681,5569
865998,5793
866171,5924
866466,5678
866646,5396
866664,5545
866811,5839
866938,6123
867068,6052
868002,5256
868051,5118
868132,5246
868198,5342
868399,5464
868533,5994
868795,5783
869032,5931
869053,6058
869214,5950
869346,5867
869482,6914
869619,6727
869777,6062
870660,5285
870923,5862
870977,5874
871133,5852
871298,5741
871441,5685
871601,5561
871763,5505
872309,5094
872329,5219
872441,5505
872476,5523
872539,5701
872703,5583
873962,4439
874051,4771
874208,4878
874358,5118
874400,4945
874570,4843
874734,5036
874861,5750
874906,4693
875029,4793
875351,5907
875515,5682
875723,5518
875989,5322
876182,5197
876427,4971
876565,5140
877675,4756
877925,4611
878118,4359
878306,4509
878406,4553
878576,4284
878646,4297
878777,4316
878904,4312
878919,4387
879119,4797
879159,4833
879326,4839
879468,4818
879609,4750
879625,4872
879763,5891
883569,3645
884589,4725
884726,3344
885214,3608
885954,3037
886132,2992
886299,2884
886472,2882
886650,2797
886861,3206
886932,3010
887295,2989
887478,2972
887640,2861
887778,3019
887929,4204
887964,4303
889540,2900
890268,3026
890565,3015
890610,3194
890740,3256
890868,3180
890908,3357
891104,3250
891138,3307
891299,3227
891334,3306
891420,3295
891476,3476
891537,3582
891627,3559
891776,3923
891824,4082
891968,3902
892572,3467
892724,3885
892807,4006
892948,3917
893157,3913
893387,4140
893411,4455
894466,3651
894670,3923
894759,3806
894837,4126
894997,4058
895300,3969
895333,4228
895405,4240
895572,4984
895717,4898
895858,4810
896054,4797
896212,4759
896312,4774
896595,4967
896774,4836
896971,4738
897542,4715
897570,4767
897678,4879
897719,4707
898228,4466
898309,4320
898393,4470
898436,4743
898627,4956
899059,4528
899215,4796
899335,5034
899384,5029
899495,4930
899637,5021
899658,4996
899793,4932
899849,4975
900080,5035
900382,5522
900650,5310
901304,4868
901335,4889
901538,4741
901691,4667
901935,5166
902071,5137
902092,5057
902185,5078
903266,4476
903383,4478
903404,4600
903617,4540
903973,4404
904095,4592
904471,4686
904497,4243
905259,4008
905421,3793
905571,3746
905710,3655
905746,3683
905933,4230
906392,3720
906606,3806
906638,3695
906793,3827
906964,3952
907103,3887
907287,3755
908480,3308
909208,2960
909430,3085
909602,3263
909797,3684
909954,4307
910102,4396
910197,4035
911286,3149
911317,3232
911474,3132
911617,3037
911660,2951
911824,2936
912018,3588
912079,3593
912181,3415
912213,3520
912337,4155
912479,3921
912605,4169
912698,4281
912728,4184
912841,3984
913268,3958
913510,3818
914967,3150
915121,3310
915244,3784
915435,3645
915476,4041
915648,3922
915788,3982
916014,3932
916176,3862
916353,4080
916489,3991
916557,3980
916619,4053
917331,3491
917482,3640
917648,3862
917685,3484
917798,3660
917926,3638
917955,3604
918284,3472
918312,3712
918435,3700
918577,3721
918694,3794
918832,4211
918960,4522
919232,4322
919394,4250
919538,4142
919757,4010
920809,3544
920870,4083
921402,3832
921598,3914
921638,3995
921769,3968
921788,4365
922244,4711
922326,4295
922397,4697
922669,4475
923073,4122
923229,4087
924603,3104
924768,3211
924792,3200
924987,3996
925043,3928
925202,6782
925285,7101
925350,6692
925566,7167
925695,7098
925750,4382
925924,4585
925947,6792
926191,6654
926360,7037
926506,4406
926675,6781
927757,3693
927783,5801
928004,3958
928024,5487
928160,5473
928196,3815
928354,4236
928465,4594
928615,3983
928712,4551
928863,4248
929258,4061
929286,4099
929431,4253
929528,4261
929608,4234
929678,4471
929813,4392
930158,4099
930304,4004
932046,3122
932205,3040
932417,3205
932852,3199
935221,3005
935319,3547
935438,3238
935596,3175
935661,3326
935768,4345
935824,3873
935957,4082
936104,3699
936154,4376
936272,4140
936285,4057
936400,4079
936405,3991
936519,3928
937563,3640
937866,3786
937995,3432
938192,3332
938367,3577
938506,3707
938541,3781
938814,5261
939059,3693
939263,4184
939407,4092
939538,4014
939728,3982
940150,4353
940601,3986
940861,3826
940904,3896
941032,4255
941044,3996
941276,3817
941466,4024
941625,4090
941768,4268
941911,4271
942200,3932
942328,4063
942494,4117
942629,4263
942781,4017
942906,3943
942958,3851
943207,4356
943284,4307
943464,4225
943862,4203
943910,4202
944021,4352
944251,4211
944535,4137
945515,4103
945548,4090
945746,3945
946227,3820
946433,4309
946640,4155
946902,3944
946938,4264
947084,4038
947338,4045
947615,3885
947869,4071
947934,3733
948157,3866
948177,3893
949265,3084
949287,3533
949449,3763
949471,4065
949671,3595
949793,3926
949966,3894
950147,4112
950274,4074
950406,3998
950565,4205
950831,4088
951745,3552
951766,3638
951933,3656
952074,3585
952408,3655
952564,3602
952590,3685
952755,3791
952956,3982
953096,4509
953238,3778
953374,4455
953422,4197
953548,4250
953573,4134
953724,4238
954163,4107
954305,4286
954560,4192
954962,3896
955109,4122
955273,4078
955339,4059
955470,4303
956398,3617
956576,3631
956598,4553
956731,4121
956741,4270
956950,4548
957145,4374
957432,4218
957833,3899
958003,4247
958101,4254
958143,4083
958306,3962
959037,3398
959059,3458
959206,3547
959380,3426
959500,3355
959636,4091
959776,5078
959816,3960
959969,4962
960107,5059
960242,4721
960268,5001
960504,4871
960679,4543
961288,4261
961313,4332
962946,3675
962969,3402
963121,3492
963157,3537
963339,10010
963372,5743
963514,5659
963648,5825
963778,6529
963952,6727
964094,8467
964222,8443
964401,9115
964466,9177
964584,9257
964698,9351
964925,9261
965068,9262
965356,9024
966529,8135
966721,7910
966748,8036
966815,8048
966923,8291
966934,8069
966947,8511
967122,8348
967189,9151
967383,9011
967612,8855
967653,8940
967944,8661
968009,9425
968154,9313
968271,9219
968401,9198
968518,9024
968647,9004
968802,8768
968911,8788
968940,8622
969311,8520
969423,8786
969567,8591
969614,8622
969735,8859
969848,9829
970097,8569
970164,8630
970621,8918
970801,9249
970847,9314
971033,9492
971093,9740
971238,9510
971361,9498
971626,9641
971771,9501
971939,9452
972058,9264
972253,9197
972424,9858
972566,9930
972732,9816
972997,10779
973158,11215
973617,10417
974007,10132
974114,10311
974225,9971
974387,10069
974687,9843
974931,9719
975254,9465
975482,9105
975933,9498
975949,8828
976139,10345
976389,10643
976625,10378
976770,10000
976784,10126
977058,9909
978331,8752
978921,8218
978951,8443
979123,8516
979245,8513
979658,8297
979798,7900
980658,8517
980921,8315
980951,8155
981070,8310
981105,8184
981302,8129
981437,8064
981549,8028
981687,7977
981805,8216
981903,7956
982064,7894
982111,8023
982181,8056
982291,7997
982337,8022
982407,8357
982611,8341
982731,8275
982859,8197
983597,8686
983807,8611
984027,8638
984204,8565
984455,8265
984593,8263
984737,8177
984855,8133
985708,7409
985858,7466
986029,8298
986172,7693
986309,8972
986487,8872
986524,8730
986610,8876
986723,8712
986824,8584
987042,8418
987225,8321
987424,8239
988734,8301
988929,8096
989020,8082
989178,8017
989661,8024
989810,8055
989968,8079
990067,7510
990176,7978
990348,7409
990472,7498
990605,7487
990791,7459
991592,6911
991744,6825
991903,6852
991995,7390
992197,7260
992382,7208
992480,7178
992506,7254
993282,6764
993419,6699
993659,6594
993680,6486
993821,6795
993931,6394
994098,6289
995716,5304
995741,5351
995930,5237
996111,5292
996125,5346
996267,5341
996298,5441
996458,5394
996515,5475
996630,5659
996635,5479
996733,7885
997063,7800
997223,7841
997243,7718
997389,7662
998024,7784
998278,9708
999359,8753
999495,9854
999692,9714
999845,9614
999869,9374
1000086,9424
1000219,9614
1000386,9343
1000458,9438
1000516,9580
1000697,10016
1000837,9797
1000924,9919
1001062,9707
1001202,10084
1001225,10216
1001437,10032
1001577,9763
1003327,8432
1003475,8230
1003750,8059
1003797,7724
1003974,8298
1004161,8588
1004322,8529
1004841,7959
1005611,8422
1005631,8499
1005848,8420
1005968,8398
1006083,8745
1006145,8379
1006231,8608
1006267,8460
1006396,8621
1006416,8535
1006550,8544
1006591,8550
1006695,8770
1006711,8667
1006839,8612
1006867,8690
1006975,8708
1007050,9348
1007167,8662
1007175,8774
1007613,9697
1007823,10585
1007967,9442
1008124,9557
1008284,9450
1008440,9343
1008602,9343
1008769,9534
1008927,9546
1009078,9278
1010431,9871
1010478,10083
1010611,10035
1010781,9935
1010917,9930
1011038,10365
1011152,10367
1011522,9796
1011842,9608
1011863,10153
1012267,9485
1012320,9478
1012447,9631
1012587,9688
1012621,9804
1012777,9861
1012909,9829
1012946,9999
1013051,10030
1013063,10142
1013196,10149
1013308,10227
1013348,10285
1013458,10342
1015785,8512
1015942,8470
1016049,8477
1016089,8558
1016225,8535
1016271,8678
1016402,8618
1016551,8593
1016715,8620
1016853,8813
1016933,9057
1017251,8463
1017507,8293
1017616,8327
1017748,8418
1017864,8348
1017866,8429
1018139,8286
1018171,8627
1018329,8692
1018482,8361
1018527,8432
1018661,8410
1018783,8385
1018976,8357
1019268,8154
1019528,8283
1020267,10135
1020743,10350
1020948,10387
1021079,11304
1021218,11219
1021351,11136
1021503,11034
1021557,11245
1021620,10967
1021783,10854
1021853,11087
1022043,10806
1028933,4342
1029193,4135
1029703,3796
1029872,4153
1029937,3662
1029949,3970
1030140,3976
1030234,4034
1030305,4070
1030511,3961
1030674,3898
1030831,3841
1031180,3661
1031759,3211
1032139,4257
1032300,4253
1032442,4832
1032586,4773
1032744,4421
1032863,4579
1032961,4687
1033656,4324
1033807,4257
1035617,2943
1035830,3428
1035837,3000
1036011,3189
1036033,3429
1036186,4591
1036210,4356
1036358,3639
1036682,3939
1036855,4289
1036981,3748
1036989,3751
1037136,3645
1037358,3473
1037867,3333
1038008,3274
1038195,3136
1038390,3133
1038411,3347
1038568,3250
1038735,3344
1038887,3368
1039253,3082
1039287,3100
1039667,3173
1039683,3320
1039828,3229
1040805,3625
1041303,2898
1042826,3678
1042907,3101
1042966,3323
1043102,3339
1043334,3233
1044257,2995
1044364,3018
1044474,3293
1044532,3417
1044643,3465
1044666,3037
1044682,4624
1044819,3557
1045118,4271
1045229,3346
1045252,3478
1045460,3977
1045508,4047
1045671,4187
1046907,3194
1046923,3253
1047129,3265
1047210,3404
1047502,3724
1047666,3626
1047812,3792
1047981,3718
1048000,3980
1048119,4209
1048148,4206
1048283,4305
1048936,3912
1048960,3822
1049038,4232
1049188,4458
1049333,4363
1049486,4426
1049628,4444
1050310,3710
1050453,3798
1050673,3632
1050866,4477
1050913,3719
1051108,4025
1051278,4093
1051318,3767
1052141,3300
1052165,3338
1052418,3403
1052600,3506
1052718,3440
1052847,4270
1053309,3202
1053330,3518
1053486,4120
1053632,4236
1054605,3502
1054949,3214
1055168,3635
1055185,3516
1055471,3470
1055545,3549
1056462,3008
1056677,3149
1056768,3333
1057173,3210
1057209,3484
1057309,3978
1057357,3763
1057410,3942
1057516,3849
1057698,3715
1057925,3644
1057985,3684
1058147,3630
1058206,4157
1058345,3707
1058536,3713
1059202,3280
1059359,3177
1059480,3107
1059622,3540
1059650,3521
1059802,4006
1059866,3584
1060136,3829
1060139,4058
1060389,3974
1060532,3900
1060746,4081
1061919,3224
1062327,3400
1062551,3233
1062614,3773
1062738,3797
1062863,3580
1063050,3558
1063199,3438
1063283,3416
1063363,3442
1063536,3420
1064387,3130
1064475,3286
1064543,3272
1064614,3645
1064636,3573
1064855,3791
1064984,3700
1065154,3429
1065306,3558
1065514,3481
1065964,3292
1066728,3060
1066855,3382
1066917,3140
1067021,3321
1067161,3411
1067281,3545
1067578,3551
1067613,3695
1067756,3858
1067941,3756
1068390,3650
1068513,4542
1068741,3609
1068788,4366
1069217,4254
1069293,3337
1069456,3958
1069491,3869
1069614,3588
1069655,3869
1070582,2835
1070761,3153
1070969,3237
1071092,3183
1071337,3166
1071353,3213
1071459,3375
1072181,3796
1072444,3597
1072715,3375
1074024,3315
1074325,3636
1074362,3667
1074509,3581
1074649,3796
1074669,3669
1074912,3624
1074949,4318
1075135,4250
1075161,4311
1075234,4732
1075401,5024
1075443,4576
1075607,4895
1075631,4720
1075776,4834
1075822,4867
1076022,4802
1076137,4914
1076139,4960
1076501,4603
1076647,5314
1076953,4858
1076982,5172
1077125,4835
1077171,4841
1077372,4690
1077773,5346
1077798,5204
1077970,5087
1078147,5262
1078374,5107
1078546,4950
1078579,5035
1078700,5135
1078706,5296
1078834,5226
1078851,5358
1079597,6250
1079750,6214
1079783,6383
1080147,6085
1080398,5899
1080514,5511
1081286,4790
1081399,5554
1081529,5267
1081550,5581
1081654,5351
1081989,5268
1082203,5317
1083125,4955
1083285,4862
1083658,5002
1083675,5127
1083910,5056
1084034,4972
1084220,4851
1084388,4423
1084409,4444
1084536,5809
1084557,5171
1084574,6101
1084611,6765
1084647,5894
1084772,5596
1084933,5061
1085247,5227
1085451,5140
1085593,5376
1085712,5380
1086249,5010
1086389,4922
1087163,4862
1087341,4767
1087559,4635
1087732,4548
1087946,4577
1088082,5058
1088148,5433
1088176,5019
1088336,4923
1088456,4936
1089304,4903
1089367,4830
1089497,5181
1089507,4836
1089564,4961
1089630,5145
1089742,5070
1090306,4832
1090812,4957
1090923,4400
1091064,4513
1091197,4433
1091347,4333
1091461,4820
1092347,4390
1092556,4417
1092589,4537
1092671,4505
1092783,4578
1092792,4683
1092925,4827
1093482,4559
1093747,4387
1093811,4402
1094862,4328
1094963,3842
1095083,4200
1095149,3763
1095241,3832
1095377,4214
1095555,4093
1095694,4003
1095801,4226
1095847,4387
1095990,4334
1096000,4454
1096121,4467
1096318,4375
1096497,4482
1096610,4416
1096778,4394
1096797,4480
1098339,3523
1098612,3311
1099259,3225
1099296,3331
1099405,3426
1099452,3630
1099603,3880
1099866,4102
1100108,4212
1101223,3582
1101320,3401
1101483,3388
1101634,3784
1101937,4360
1102039,3195
1102185,3312
1102321,3264
1102323,3226
1102459,3841
1102525,3711
1102670,3858
1102717,3845
1102906,3725
1102941,3904
1103089,4283
1103144,4294
1103250,4706
1103281,4937
1103488,4921
1103837,4616
1104019,4798
1105842,3729
1106333,4360
1106360,3974
1106439,4198
1106594,4663
1106682,4143
1106905,4327
1106911,5294
1107097,4543
1107205,5213
1107233,4583
1107367,4586
1107507,4563
1107532,5077
1107750,4587
1107925,4540
1108046,4469
1108251,4416
1108440,4295
1108579,4251
1108610,4332
1108730,4286
1109729,3483
1109775,4177
1109926,3538
1110054,3475
1110170,3432
1110457,3596
1110477,4063
1110658,4061
1110740,4231
1111212,3935
1111374,4151
1112193,6304
1113657,3594
1113839,4133
1113946,4513
1113994,4693
1114041,4739
1114074,4924
1114150,4719
1114301,4458
1114442,4375
1114582,4796
1114736,4525
1114940,4512
1114984,4384
1115091,4448
1115200,4385
1115404,4231
1115526,4271
1115644,4428
1115758,4385
1116053,4143
1116225,4313
1116384,4245
1116536,4378
1116757,4355
1116902,4275
1116985,4027
1117082,4205
1117154,4073
1117313,4598
1117476,4856
1117634,4752
1117800,5112
1118211,4778
1119418,4545
1119587,4556
1119733,4462
1120216,4084
1120239,4112
1120380,4343
1120927,4372
1121111,4591
1121248,4554
1121393,4361
1121577,4274
1121704,4308
1121729,4231
1121860,4201
1122029,5125
1122161,4654
1123463,3795
1123526,4015
1123682,4037
1123814,4493
1123911,3859
1123976,3880
1124063,4169
1124455,4073
1124479,4114
1124775,4390
1124926,4332
1124969,4450
1125104,4340
1125138,4421
1125400,4571
1125520,4889
1125520,4504
1125675,4802
1125818,4519
1126763,3691
1127048,3489
1127289,3443
1127421,3951
1127564,3883
1127699,3921
1127802,3692
1127923,3850
1128066,3605
1128361,4233
1128397,4521
1128594,4382
1128761,4334
1128775,4447
1130676,3046
1130762,3833
1131258,3507
1131411,3811
1131549,3809
1131826,5306
1131919,3588
1131974,4942
1132075,3725
1132128,4892
1132193,5024
1132287,4865
1132304,4772
1132475,4797
1132683,4576
1133986,3361
1134270,3594
1134277,3677
1134460,3970
1134859,3629
1135101,3506
1135296,3558
1135466,3692
1135633,3800
1135803,5960
1135943,4712
1135961,3895
1136118,4025
1136295,3944
1136341,5563
1136454,4081
1136500,5482
1136606,4147
1136648,5373
1136798,5004
1137465,4617
1137614,4529
1138112,5067
1138137,5046
1138270,5014
1138297,4937
1138973,4440
1138990,4535
1139257,4376
1139512,4209
1139674,4148
1139928,4135
1139947,4595
1140114,4788
1140307,4979
1140314,5040
1140474,5105
1140628,5039
1140806,5319
1140816,5423
1141003,5415
1141009,5487
1141168,5382
1141243,5350
1141324,6001
1141410,5414
1141481,5447
1141594,5854
1141636,6232
1142236,5875
1142406,5759
1142565,5652
1142726,5545
1143262,5176
1143858,4632
1144198,4458
1144237,4559
1144376,4668
1144379,5658
1144499,5604
1144664,5938
1144733,5425
1144796,5722
1144947,5406
1144996,5971
1145126,5855
1145172,5475
1145315,5982
1146369,5123
1146583,5182
1146642,5359
1146738,5222
1146970,5080
1147155,4945
1147522,5002
1147698,4936
1149076,3494
1149100,3593
1149287,4101
1149416,4295
1149565,4248
1149768,3997
1150060,4044
1150324,3865
1150551,3930
1150714,4012
1150735,4088
1151106,4232
1151691,3766
1151847,4122
1152329,3697
1152603,3474
1152737,3406
1152758,3682
1152950,3655
1153105,3557
1153491,3692
1153524,3894
1153663,3710
1153812,3740
1153928,3703
1153996,3761
1154141,3714
1154361,3585
1155257,4049
1155279,2923
1155371,3357
1155616,3866
1155629,3992
1155788,3964
1155867,4391
1155904,3899
1156047,3807
1156182,3943
1156290,4023
1157451,4270
1157473,4517
1157589,4349
1157919,4121
1157996,4004
1158048,3811
1158170,3910
1158291,3816
1158401,3839
1159193,3512
1160434,3354
1160477,2895
1160663,3147
1160668,3173
1161021,3202
1161188,3087
1161342,3140
1161508,3676
1162370,3183
1162496,3365
1162504,3310
1162793,3632
1163471,2880
1163838,3746
1164023,2930
1164213,3071
1164315,3069
1164339,3177
1164561,3470
1164591,3959
1164733,3926
1164882,3726
1164918,3498
1165020,3690
1165158,3975
1165920,3321
1166069,3111
1166450,3221
1166605,3157
1167495,3015
1167648,3053
1168092,3397
1168239,3300
1168244,3268
1168378,3429
1168457,3452
1168651,3349
1168795,3744
1168870,3933
1169049,3814
1169190,3818
1169333,3721
1169373,4124
1169490,3940
1169495,3982
1170312,3661
1170347,3937
1170539,3857
1170560,3659
1170730,3604
1170757,3716
1171016,3994
1171165,3932
1172345,4262
1172424,4295
1172602,3850
1172661,4183
1172802,4177
1173087,4037
1173231,4043
1173257,4122
1173319,4202
1173560,4311
1173812,4143
1174029,3977
1174201,4020
1175180,3386
1175196,3493
1175318,3443
1175349,3599
1175478,3918
1175676,4017
1175866,4583
1175908,3962
1175933,4478
1176185,4312
1176466,4591
1176984,4308
1177446,3725
1177708,3574
1177839,3807
1177929,3862
1177996,4360
1178036,4702
1178055,3887
1178275,3976
1178401,4258
1178531,4717
1178597,4432
1178771,4350
1178824,4501
1178965,4576
1178989,4577
1179596,4488
1179943,4275
1180110,4471
1180247,4384
1180436,4244
1180678,4415
1181696,3784
1181922,3816
1182047,3914
1182085,4118
1182265,3918
1182391,3907
1182825,3871
1183054,3696
1183160,3871
1183286,3821
1183377,3826
1183408,3821
1184239,4614
1184263,4093
1184349,4788
1184389,4232
1184532,4775
1184721,4850
1184920,4677
1184946,5068
1185109,4851
1185168,4845
1185315,4893
1185373,4698
1186520,3814
1186809,3875
1186910,3884
1186984,3863
1187302,3658
1187348,3701
1187476,3992
1187487,3911
1187596,4229
1187627,4244
1187744,4210
1187750,4359
1187945,4300
1188107,4895
1188234,4863
1188416,5045
1188421,5014
1188682,4839
1188776,4959
1189421,4820
1189628,4565
1189764,4760
1191065,5311
1191121,3940
1191201,4007
1191289,4757
1191432,4672
1191607,4552
1191731,4480
1191905,4573
1192006,4617
1192250,4446
1192390,4393
1192417,4452
1192598,4827
1192780,4705
1192971,4484
1193189,4347
1194155,3788
1194324,3832
1194363,3632
1194504,3588
1194630,3414
1194785,4169
1194810,4253
1194907,4192
1195048,4444
1195225,4729
1195315,4232
1195442,4407
1195584,5419
1195721,5245
1197551,3470
1197624,3442
1197758,3407
1197798,3480
1197936,3553
1198086,3492
1198234,3719
1198253,3994
1198458,3747
1198631,4197
1198754,4431
1198871,4262
1199117,3723
1199307,4060
1201697,5052
1202619,3891
1203559,3028
1203783,2902
1204082,3012
1204248,3214
1204412,3118
1204577,3598
1204760,3401
1204925,2923
1204941,3355
1205106,2999
1205260,6039
1205407,5402
1205458,3312
1205510,3463
1205560,3589
1205612,3687
1205663,3942
1205707,4136
1205751,4183
1205796,5293
1205839,4507
1207848,3588
1208001,3488
1208242,3296
1208387,3305
1208788,3184
1209002,3177
1209153,3163
1209292,3263
1209607,3376
1209672,3689
1209771,3395
1210316,3046
1210435,3285
1210453,3212
1210606,3661
1210630,3756
1210767,3555
1211263,3415
1211734,3426
1212010,3190
1212173,3432
1212298,3353
1212432,3913
1212587,4158
1212695,3854
1213022,3763
1213150,4022
1213936,3416
1214100,3607
1214117,3684
1214279,3694
1214574,3577
1214764,4039
1214836,4269
1215155,4654
1215257,7093
1215859,7463
1216161,7377
1216381,7795
1216404,8910
1216622,8906
1216863,9582
1216906,9645
1217026,9558
1217198,9832
1217439,9695
1217467,9170
1217665,9355
1217911,9312
1218009,9073
1218093,9109
1218237,9185
1218917,8480
1218936,8697
1219137,8564
1219339,8484
1219598,8396
1219642,9330
1220012,9127
1220024,9166
1220136,9142
1220194,9198
1220344,9167
1220361,9198
1220642,9006
1220663,9206
1220809,9330
1220906,9170
1220982,9290
1221166,9174
1221339,9291
1221502,9831
1221803,9114
1222071,8931
1222093,9312
1222284,9191
1222326,9117
1222469,9031
1222604,9082
1222621,9491
1222935,9253
1223124,9364
1223579,9376
1223609,9338
1223759,9425
1224119,9677
1224262,9446
1224396,9929
1224551,9874
1224767,9772
1224946,9731
1225142,9865
1225357,9718
1225385,9765
1225566,10019
1225602,10616
1225867,10625
1226109,10460
1226272,11512
1227097,10820
1227235,10777
1227239,11077
1227464,11062
1227518,10855
1227644,10784
1227867,10617
1228200,10396
1228414,10564
1228516,10330
1228655,10254
1229534,10709
1229697,10502
1229785,10596
1229906,10411
1229942,11638
1230089,11668
1230170,11642
1230434,11509
1230690,11374
1230817,11314
1231072,11117
1231267,11157
1232631,9848
1232781,9906
1232988,9765
1233336,9793
1233933,8870
1233997,9079
1234127,10052
1234775,9459
1234793,9489
1235014,9355
1235203,9264
1235273,9294
1235424,9302
1235598,9227
1235719,9511
1235868,9255
1236006,9589
1236160,9542
1236325,9333
1236352,9185
1236497,9144
1236534,9549
1236596,10641
1236823,10467
1236932,10421
1237008,10398
1237854,10277
1238032,10642
1238220,10793
1238365,10752
1238563,10503
1238646,10612
1238685,9598
1238802,10021
1238910,10410
1239040,10227
1239162,10240
1239304,9911
1240059,9439
1240215,9333
1240357,9464
1240497,9168
1240537,9225
1240670,9280
1240806,9506
1241092,9327
1241252,9283
1242148,10413
1242241,10422
1242283,10642
1242398,10739
1242526,14067
1242579,11429
1242726,11388
1242907,11315
1242937,14273
1243123,13687
1243270,14141
1243298,14812
1243460,14690
1243720,14005
1244409,15043
1244569,13817
1244925,13082
1245287,14290
1245716,14311
1245902,14190
1246109,13415
1246142,12307
1246395,13310
1247061,12511
1247112,13092
1247260,12887
1247396,12698
1247446,12250
1247585,12281
1247732,12229
1247971,12172
1248161,12135
1248368,12091
1248512,12135
1248752,12419
1250691,10707
1250939,10622
1250995,10911
1251161,11522
1251170,10449
1251208,10753
1251358,10655
1251407,10673
1251478,10802
1251532,10941
1251842,13728
1251925,10860
1252074,13336
1252228,13275
1252454,13325
1252626,12926
1252700,13287
1252751,13012
1253373,12493
1253545,12385
1253707,12279
1253860,18877
1253930,12148
1254084,12111
1254239,12103
1254398,11999
1254548,12001
1254712,12078
1254861,12056
1254924,11928
1255021,11949
1255126,12149
1255180,12168
1255299,12659
1255357,12971
1255458,12943
1255516,13186
1255622,13456
1255668,13490
1255806,13638
1255822,17922
1256072,13600
1256268,13649
1256287,13783
1256426,16119
1256482,16325
1256679,16619
1256863,16380
1257553,16246
1257831,16192
1257933,16027
1258209,16078
1258279,15572
1258509,15523
1258522,15893
1258693,15776
1258862,16315
1258947,15573
1259117,15723
1259281,15681
1260985,14347
1261207,14395
1261422,14531
1261585,14463
1261722,14420
1261753,14855
1261999,14662
1262115,14848
1262162,14840
1262311,14818
1262326,15032
1262499,14993
1263289,14441
1263345,14503
1263543,14579
1264257,13992
1264487,14048
1264525,18320
1264691,18546
1264964,18375
1265115,18334
1265259,18281
1265403,18242
1265609,18127
1265628,18215
1266624,17321
1266916,17143
1267103,17032
1267167,17099
1267325,17177
1267483,17126
1267506,17048
1267652,17025
1267803,16966
1267921,17287
1268083,16967
1268522,16596
1268662,16598
1268740,16820
1268899,16761
1268913,17120
1269967,16354
1270117,16376
1270144,16722
1270296,16790
1270350,17037
1270468,17294
1270618,17308
1270649,18001
1270770,18002
1270926,17635
1271223,17486
1271448,17815
1271666,17654
1272399,23095
1272533,23106
1272653,23088
1272799,22891
1273105,22481
1273303,22557
1273460,22572
1273494,22301
1273582,22699
1273636,22386
1273973,22228
1274124,22136
1274159,22176
1274307,22080
1274426,22046
1274585,22022
1274726,21948
1274844,21945
1275635,21233
1275795,21311
1275940,21271
1276240,21381
1276423,21307
1277788,19729
1277935,19619
1278119,19553
1278163,19629
1278335,19749
1278368,20225
1278458,20567
1278605,20590
1278783,20288
1278798,20756
1279066,21247
1279127,20737
1279260,20866
1279293,21306
1279391,21274
1279474,21244
1279540,21369
1279763,21279
1279940,22370
1280063,21405
1280624,20896
1280776,20872
1280797,21425
1281160,20790
1281275,20901
1281317,20956
1281428,21088
1281463,21539
1281599,21153
1281619,21468
1281784,21395
1281908,21321
1281942,21709
1282134,21707
1282305,22306
1282467,21821
1282627,29516
1282948,29558
1283322,29394
1283466,29335
1283600,28944
1283734,28927
1283918,29579
1284055,29789
1284296,29371
1284315,29004
1284446,29619
1284830,29340
1286349,27720
1286519,27856
1286558,26995
1286653,27302
1287198,27228
1287202,26733
1287371,27158
1287430,26792
1287572,26907
1287602,26996
1287741,26839
1287799,26765
1289665,25021
1289686,25202
1289934,25054
1289965,25168
1290106,25125
1290256,25207
1290292,25273
1290414,25255
1290488,25688
1290558,25276
1290684,25601
1290828,25783
1291119,25993
1291265,26250
1291375,26544
1291392,26679
1291519,26959
1291653,26879
1291784,26799
1291929,26704
1292065,26726
1292203,26660
1292257,26847
1292369,26873
1292524,26835
1292675,26851
1292842,26812
1292849,27016
1293001,27458
1293168,27345
1293362,27344
1293805,26797
1293824,26953
1293948,27165
1294139,27039
1294281,26953
1294415,26872
1294556,34094
1294576,34240
1294701,34490
1294842,34257
1294859,34609
1295073,34621
1295237,34847
1295543,34591
1295693,33889
1296107,33883
1296604,33099
1296739,33079
1297597,32347
1297848,32820
1299665,30398
1299831,30322
1299933,30843
1300015,30351
1300157,30334
1300202,30991
1300325,30976
1300357,30455
1300442,30826
1300512,30580
1300666,30574
1300814,30555
1300948,30517
1301121,30832
1301165,31306
1301291,31708
1301307,30874
1301338,31557
1301487,31248
1301638,31148
1301688,30697
1301745,30793
1301928,31021
1302568,30498
1302834,30293
1303063,30039
1303328,29989
1303831,29848
1303998,29484
1305325,28514
1305348,28702
1305541,28872
1305710,28756
1305866,28810
1305911,28888
1306032,29087
1306161,29011
1306294,29030
1306314,31478
1306459,31713
1306602,31933
1306735,31850
1306868,31505
1306949,29491
1307107,29612
1307379,31306
1308083,30346
1308122,29156
1308235,30246
1308253,29140
1308386,29111
1308412,30224
1308523,29519
1308669,29318
1308688,30046
1308838,31498
1308862,29971
1309021,29763
1309077,31567
1309218,30537
1309242,29773
1309499,30242
1309667,30331
1309825,30320
1309958,29655
1309974,30093
1310126,30103
1310301,30225
1310474,29809
1310636,29800
1310895,29798
1311139,29644
1311166,29778
1311301,29775
1311343,29901
1312296,37277
1312682,37028
1313087,36732
1313408,36538
1313575,36478
1313743,36427
1315263,35039
1315287,35118
1315370,35441
1315934,34739
1315950,35088
1316104,35036
1316323,34989
1317069,34553
1317202,34316
1317337,34061
1317380,34021
1317515,33948
1317557,34014
1317688,34338
1317720,35039
1317795,34665
1317939,35764
1318140,35138
1318330,35262
1319482,34236
1319689,33839
1319938,33899
1320130,33305
1320272,33612
1320407,33567
1320577,33532
1320757,32611
1321062,32421
1321217,32739
1321327,32951
1321390,33376
1321632,33477
1322188,33167
1322238,33290
1322394,33254
1322422,33406
1322511,33920
1322664,33887
1322836,34172
1322914,33752
1323086,33692
1323258,34286
1323761,33597
1323784,33367
1323939,33330
1323989,33634
1324077,33586
1324156,33584
1324310,33605
1324326,33745
1324474,33717
1324500,33882
1324621,33883
1324671,34012
1324763,34099
1328798,32966
1329359,32505
1329536,32435
1329795,32298
1330639,31583
1330902,31443
1331091,31389
1331767,30837
1331996,30729
1332145,30700
1332282,30690
1332417,30689
1332571,30657
1332616,30735
1332778,30687
1332940,30866
1333159,30804
1334026,29833
1334120,29828
1334182,29891
1334254,29912
1334318,29980
1334454,29955
1334517,30117
1334573,30076
1334688,30097
1334833,30332
1334852,30072
1334933,30107
1335863,29544
1335955,29326
1336241,29276
1336265,29383
1336422,29347
1336543,29402
1336586,29437
1336774,29360
1336794,29457
1337072,29296
1337229,29255
1337383,29214
1337572,29145
1337580,29262
1337738,29224
1337895,29192
1338051,29151
1338231,29089
1338512,28936
1338661,28907
1338812,28874
1339006,28810
1340034,28147
1341259,26794
1341290,26886
1341456,26876
1341610,26797
1341649,26875
1341771,27260
1341780,26861
1341808,26948
1342002,27000
1342044,27099
1342174,27075
1342212,27149
1342337,27153
1342361,27260
1342483,27258
1342530,27337
1342666,27329
1342821,27299
1342825,27656
1342938,27301
1343011,27348
1343238,27371
1343360,27371
1343496,27346
1343799,27171
1345116,25982
1345142,26068
1345283,26059
1345303,26169
1345431,26160
1345569,26156
1345595,26250
1345710,26254
1345733,26360
1345865,26340
1345898,26434
1346032,26424
1349669,27512
1349939,28716
1350110,28434
1350412,28426
1350496,28001
1350573,28288
1350732,28018
1350947,28197
1351115,28115
1351230,28107
1351809,27610
1352120,27396
1352285,27327
1352362,27826
1352438,27276
1352544,27253
1352595,27333
1352718,27286
1353041,27050
1375133,5456
1375399,4899
1375603,4802
1375613,4878
1376469,4234
1376632,4187
1376671,4275
1376924,4524
1377095,4481
1377238,4460
1377403,6349
1377538,6574
1377676,6912
1377808,6889
1377985,8228
1378126,8201
1378260,7336
1378316,8655
1382224,3883
1383851,3096
1385240,4045
1385415,5062
1385934,3813
1387064,2804
1387246,4180
1387690,3798
1387752,4290
1387801,4300
1387854,4303
1387972,3407
1388192,3426
1388393,3914
1388537,3886
1388588,3925
1388633,4059
1388677,4108
1388729,4453
1388780,4552
1388826,4674
1389409,4203
1390625,2922
1390770,3034
1390782,3158
1390931,3222
1391102,3237
1391257,3897
1391584,3675
1391792,3598
1392614,3407
1392843,4124
1392912,3388
1393403,3745
1394703,2960
1394952,3092
1394966,3260
1395139,3361
1395443,3162
1395574,3122
1396195,3058
1396343,2963
1396383,2974
1396517,3441
1396653,3295
1396914,3257
1396997,3243
1397153,3145
1397302,3265
1397325,3290
1397466,3570
1397496,3500
1397616,3472
1397708,3714
1397776,3864
1397852,3778
1398546,3405
1398686,3320
1399084,3608
1399112,3569
1399283,3787
1399397,3771
1399550,3721
1399846,3763
1400357,3749
1400377,3468
1400633,3525
1400796,3545
1400828,3594
1401740,3381
1401759,3419
1401994,3753
1402155,3404
1402230,3678
1402285,3535
1402373,3954
1402399,3686
1402535,3984
1402679,3892
1403436,3582
1403451,3874
1403933,3444
1404243,3220
1404394,3550
1404462,3608
1404496,3506
1404616,3421
1404823,3450
1405348,3335
1405380,3590
1405751,3716
1405947,3566
1406131,3435
1406149,3622
1406288,3932
1406834,3273
1406836,3607
1406927,3414
1407161,3911
1407534,3892
1407571,3685
1407723,3851
1408474,3494
1408501,3361
1408711,3306
1408917,3361
1409055,3604
1409202,3552
1410358,2813
1410496,2900
1410673,3575
1410711,2964
1410801,3578
1410866,3366
1411179,4102
1411269,4208
1411622,3761
1411833,3695
1411974,3468
1412117,3848
1412204,3613
1412356,4053
1413175,3224
1413216,3322
1413326,4248
1413481,3472
1413687,3266
1414107,3565
1414408,3363
1415140,3100
1415352,3754
1415525,3632
1415612,4140
1415647,4037
1415801,3972
1415982,4495
1416130,4192
1416163,4033
1416226,4276
1416340,4212
1416657,4018
1416802,3964
1417004,3863
1417066,4225
1417196,4041
1417219,4152
1417905,3661
1418003,3730
1418431,3711
1418482,3677
1418640,3956
1418732,4008
1418777,4263
1418939,3929
1419325,4211
1419546,4101
1419787,3805
1419827,4432
1420029,3764
1420821,4028
1421012,3752
1421044,3866
1421189,3970
1421401,3752
1421601,3802
1421784,4018
1421980,4153
1422021,4176
1422204,3861
1423157,3225
1423292,3657
1423474,3867
1423600,4436
1423742,4502
1423924,3617
1423992,4117
1424986,3477
1425254,3027
1425265,3147
1425429,3627
1425468,3743
1425639,3641
1425815,3716
1425923,3675
1426076,3616
1426223,3538
1426267,3807
1426391,3975
1426609,3819
1426774,3714
1427171,3573
1428351,2824
1428504,3627
1428531,3247
1428612,3575
1428750,3735
1429345,3513
1429835,3457
1430107,3758
1430263,3489
1430408,3397
1430564,3363
1430656,3387
1430789,3457
1430831,3805
1430982,3382
1431140,3444
1431364,3409
1431505,3320
1431565,4974
1431621,3445
1431724,3623
1431826,3566
1431872,3580
1432555,3407
1432566,3498
1432690,3902
1432741,3428
1433018,3304
1433173,3331
1433367,3912
1433397,3982
1433556,4276
1434413,3912
1434466,6093
1434775,5140
1434938,5967
1434963,6018
1434981,6383
1435020,6397
1435053,6609
1435091,6886
1435124,6679
1435211,5434
1435638,5699
1435768,5718
1437407,4573
1437959,4191
1438129,4818
1438407,4591
1438615,8018
1438772,7691
1438861,8933
1438991,4201
1439006,4050
1439168,4252
1439188,4145
1439356,4158
1439363,4268
1439543,5030
1439564,5654
1439716,5032
1439736,5579
1439925,5443
1440037,5105
1440094,5327
1440210,5375
1440257,5471
1440384,5832
1440420,6621
1440474,7211
1440519,7325
1440672,6143
1441129,6542
1441444,6642
1442260,5882
1442419,5773
1442703,5905
1442720,6130
1442930,6330
1443070,6355
1443520,6124
1443673,5647
1443822,5553
1443853,5457
1444062,5644
1444406,5619
1444442,5518
1444548,5533
1445030,5534
1445685,4608
1445845,4690
1445973,4621
1446062,5064
1446267,4968
1446331,4973
1446476,4985
1446653,5075
1446981,4775
1447301,5056
1447467,4946
1447705,4806
1447870,5101
1448676,4682
1449410,4042
1449559,3942
1449721,4281
1449842,4297
1449986,4796
1450112,4389
1450324,4449
1450364,4620
1450408,5308
1451528,4273
1451555,4138
1451761,4346
1451921,4302
1452069,4199
1452217,4460
1452596,4188
1452754,4252
1453872,3394
1454060,5161
1454189,3408
1454328,4134
1454355,4070
1454531,4465
1454554,4205
1454708,4591
1454821,4284
1454934,4115
1455141,4235
1455279,4154
1455438,4632
1455560,4561
1455744,4426
1455886,4491
1455939,4754
1457207,3565
1457352,4189
1457469,3554
1457512,3673
1457544,4277
1457580,4306
1457619,4647
1457649,4772
1457677,5147
1457705,5254
1457723,5462
1457826,3428
1457972,3518
1459493,4487
1459707,4377
1459835,4306
1460163,3868
1460493,4005
1460648,3982
1460783,3839
1461111,3987
1461644,3504
1462028,4359
1462095,3310
1462138,3314
1462284,3667
1462434,3853
1462571,3858
1462756,3966
1462933,3838
1463001,3849
1463223,3714
1463383,3677
1463519,3833
1463555,4132
1463589,4140
1463942,3515
1464073,3466
1464922,3276
1465070,3322
1465170,3253
1465196,3473
1465373,3715
1465519,3531
1465665,3581
1465802,4348
1465857,5366
1465908,4359
1465984,4712
1466026,4705
1466259,5362
1466451,5673
1466556,5614
1466579,5814
1466692,5900
1469550,3121
1469747,3244
1469947,3322
1469963,3307
1470137,3182
1470524,3439
1470862,3679
1470996,4143
1471091,4322
1471287,4138
1471412,4177
1471556,4149
1471729,4107
1471852,4395
1471932,4372
1471992,3650
1472579,3783
1472792,3624
1472857,3589
1472966,3717
1473094,3655
1473143,3699
1473338,3868
1473641,3857
1473786,4466
1473930,4516
1473976,4610
1474204,3512
1474378,3389
1474635,3366
1474814,3504
1475184,3347
1475612,3306
1475764,3369
1476054,3445
1476282,3552
1476496,3728
1476513,3831
1476651,3900
1477278,3499
1477412,3783
1477543,3663
1478007,3478
1478042,3535
1478280,4785
1478494,3752
1478637,4670
1478942,4098
1479003,4521
1479286,4290
1479305,3824
1479444,4155
1479553,3774
1479630,3997
1481248,2806
1481671,2903
1481846,3575
1482073,3469
1482371,3222
1482545,3096
1482728,3173
1484627,3479
1484827,3987
1485066,3294
1485235,3934
1485404,3585
1485562,3717
1485726,3616
1485791,3478
1485939,3478
1486144,3833
1486282,3790
1486422,3838
1486562,3748
1486701,3420
1486723,3629
1486847,4151
1486862,3591
1486944,3555
1487046,4269
1487068,3619
1487205,3757
1487272,3747
1487327,3798
1487408,3817
1487538,4045
1487558,3944
1488299,3490
1488474,3482
1488630,3873
1488850,6223
1489048,4720
1489218,4780
1489366,5344
1489454,5492
1489588,5762
1489797,5599
1489965,6165
1490183,6237
1490385,6804
1490544,5928
1490554,6573
1490685,5956
1492001,4811
1492138,5081
1492161,5218
1492258,5177
1492340,5244
1492516,5134
1492636,5155
1492802,5040
1492850,5152
1493563,4647
1494110,4585
1494264,4546
1494415,4646
1494613,4662
1494770,4306
1495029,4360
1495191,4375
1495337,4282
1495477,4193
1495615,4105
1495752,4552
1495937,4454
1496194,5008
1496314,4485
1496457,4403
1496601,4674
1496745,4636
1496933,4439
1497749,4990
1497918,4751
1498253,4537
1498509,4444
1498651,4407
1498835,4300
1498933,4480
1499301,4235
1500449,3983
1500616,3869
1500618,3930
1500739,4513
1501035,4336
1501234,4144
1501354,4076
1501569,3918
1501683,4648
1501706,4200
1501751,4526
1501826,5370
1501860,5391
1501902,5401
1503334,4019
1503535,3867
1503664,3788
1503683,3834
1503779,3789
1503849,5267
1503945,4396
1504005,4420
1504072,4609
1504156,5085
1504276,5068
1504276,5236
1504422,4973
1504570,5138
1504590,4973
1504755,5298
1504910,5405
1505088,5254
1506089,5204
1506110,5021
1506275,5236
1506505,5112
1506627,5038
1506774,4791
1506869,4886
1506910,5783
1507229,5383
1507409,5255
1507532,5181
1507626,5516
1507761,5478
1508511,5134
1508551,5230
1508813,5174
1508950,4902
1509208,4830
1509351,4909
1509598,4713
1509756,4604
1509812,5968
1509893,5056
1509935,5429
1510081,5370
1510110,5167
1510925,5141
1510956,5139
1511118,5071
1511182,5099
1511335,5132
1511390,5068
1511553,5062
1511944,4863
1512096,5095
1512248,5294
1512429,5059
1512722,5065
1514022,4328
1514089,4361
1514207,4737
1514386,4402
1514417,4573
1514534,4514
1514668,4536
1514759,4914
1514788,5137
1515087,4692
1515510,4530
1515811,4580
1516767,3774
1516849,3901
1516985,3718
1517010,3810
1517086,3761
1517327,3789
1517588,3674
1517776,3640
1517899,3656
1517920,3919
1518058,3991
1518061,4030
1518186,4518
1518255,8287
1518407,4795
1518547,4843
1518665,4625
1521444,3536
1522389,3107
1522529,4329
1522852,4511
1522942,4571
1522992,3750
1523165,3913
1523368,3810
1523526,3772
1523691,3693
1523855,7610
1523975,3774
1524134,4031
1524288,4447
1524403,4732
1524458,6199
1524511,4924
1524562,5585
1524616,5818
1524676,6185
1524758,6551
1525891,3563
1526055,4198
1526215,4308
1526359,5321
1526496,5289
1526628,5209
1526774,4959
1526921,5213
1527065,5311
1527200,5124
1528008,4444
1528221,4312
1528258,4552
1528500,4416
1528683,4627
1528965,4503
1529191,4164
1529274,4134
1529504,4014
1529628,3964
1530222,4218
1530376,4146
1530496,4120
1530699,4072
1530736,4105
1530917,4724
1531022,4564
1531146,4546
1531331,4866
1531513,4736
1531532,4547
1532668,4100
1532896,3941
1533044,4087
1533166,4223
1533346,4737
1533509,3827
1533629,3957
1534387,3689
1534602,4033
1534648,3480
1534807,3435
1534938,3458
1535228,3721
1535409,3652
1535445,3961
1535607,3888
1535771,3773
1535820,3951
1535924,3794
1536772,3731
1536982,3256
1537165,3406
1537189,3769
1537420,4258
1537629,3516
1537813,3956
1537859,3969
1537906,4491
1537945,4532
1537982,4704
1538376,3463
1538648,3474
1538804,3832
1540046,4189
1540187,3532
1540294,3491
1540322,3514
1540440,4536
1540697,4077
1540863,4324
1540941,4085
1541186,4291
1541318,4278
1541465,4387
1542739,3385
1542821,3314
1542911,3315
1543022,3878
1543165,3415
1543286,3672
1543335,3449
1543397,4006
1543555,3901
1543590,4025
1543814,4165
1543932,4098
1543944,4244
1544063,4063
1544068,4458
1544256,4219
1544415,4113
1544677,3995
1545323,3404
1546373,3185
1546439,3826
1546931,2807
1547091,2994
1547235,3448
1547440,3542
1547487,3523
1547673,4448
1547926,4655
1548189,4337
1548287,4218
1548364,4266
1548538,4142
1550383,2980
1550407,3113
1550558,3436
1550713,3856
1550810,3490
1550838,3539
1551023,3678
1551172,3745
1551259,4230
1551409,3675
1551440,4283
1551630,4342
1551776,4156
1551942,4122
1552090,4129
1552224,4179
1553454,3931
1553475,3322
1553638,3494
1553789,3818
1553924,3529
1554007,4221
1554098,4611
1554219,4541
1554393,4415
1554714,4243
1554913,4055
1554996,4207
1555121,4134
1555237,4072
1555372,4197
1555508,4113
1556608,3475
1556675,3605
1556859,3693
1557210,3404
1557271,3422
1557420,3383
1557570,3401
1557619,3567
1557803,4016
1558035,3433
1558281,3443
1558433,3635
1558665,3730
1559029,4012
1559059,4109
1559231,4229
1559376,4108
1559402,4138
1559523,4004
1561002,3961
1561062,4529
1561218,4627
1561282,7085
1561375,5568
1561499,6060
1561541,6841
1561635,6309
1561773,6261
1561925,6514
1561968,6190
1562104,6153
1562119,6479
1563298,7302
1565401,5956
1565671,5776
1566090,4949
1566161,4787
1566269,5306
1566441,5348
1566605,5236
1566775,5459
1566937,4977
1567033,4505
1567110,4856
1567317,4699
1567478,4588
1567657,4887
1567751,4839
1567862,4790
1568048,4687
1568208,4817
1568691,4448
1568860,5213
1568989,4382
1569154,4282
1569307,4835
1569464,4744
1569622,4278
1569773,4404
1570178,4431
1570278,4427
1570361,4455
1570432,4587
1570530,4443
1570679,4898
1570696,4461
1570854,5785
1570862,4642
1571034,5434
1571141,5065
1571191,5357
1571308,5298
1571612,5129
1572762,4499
1572778,4593
1573179,4246
1573205,4325
1573828,4178
1574010,4390
1574231,3999
1574354,3928
1574828,4334
1574951,4876
1574987,4990
1575120,4408
1575185,4399
1575332,4434
1575503,4687
1575735,4816
1575808,5125
1575867,4840
1575990,4870
1577485,3602
1577728,3777
1578018,3628
1578265,3434
1578325,3456
1578378,3573
1578539,3706
1578606,3743
1578777,3520
1579046,3812
1579195,3875
1579268,4008
1579394,4358
1579560,4293
1579678,4338
1579907,4207
1580021,4209
1580037,4381
1580177,4321
1580344,4800
1580482,4921
1581596,5232
1581794,4022
1581945,4851
1582066,4783
1582071,4378
1582452,4050
1582599,3790
1582696,3855
1582904,3811
1583171,3730
1584223,3157
1584294,3272
1584445,3217
1584588,3438
1584649,3448
1584710,3376
1584812,3355
1584838,3873
1584978,3258
1585244,3548
1585445,3531
1586177,3350
1586215,3601
1586428,3897
1586613,3777
1586902,3550
1587133,3819
1588374,3020
1588393,3072
1588552,3139
1588573,3216
1588746,3239
1589036,2945
1589565,3466
1589769,3207
1590181,3322
1590379,3329
1590519,3620
1590686,3257
1590708,3146
1590784,3407
1592040,2993
1592067,3138
1592231,3090
1592281,3150
1592409,3169
1592572,3072
1593148,3077
1593328,2966
1593538,3285
1593743,3666
1593978,4065
1594225,3572
1594275,3406
1594396,3700
1594414,3396
1594552,3617
1594690,3776
1594712,3682
1595740,3237
1595935,3289
1595972,3477
1596089,3295
1596248,3659
1596337,3386
1596427,3528
1596468,3701
1596608,4198
1596677,4103
1597057,4172
1597247,4205
1597395,4157
1597516,4141
1597604,4137
1597857,3970
1597897,4063
1598039,4179
1598211,4136
1598315,4095
1599152,3664
1599162,3499
1599328,3471
1599482,3987
1599523,4052
1599669,4306
1599787,4111
1599929,4097
1599994,4177
1600081,4274
1600343,4336
1600527,4587
1600838,4468
1601127,4689
1601275,4592
1602634,3410
1602835,3378
1603054,3331
1603292,3151
1603316,3210
1603461,3285
1603580,3998
1603715,3784
1603785,3820
1603976,3716
1604079,3747
1604203,3779
1604225,3918
1604386,3940
1604516,4181
1606705,3156
1607982,3699
1608156,3590
1608205,3411
1608362,3668
1608393,3759
1608513,3728
1608536,3797
1608728,3885
1608780,4181
1608922,3807
1609061,4001
1609198,3813
1609344,3774
1609477,4042
1609508,4075
1609596,4211
1609672,4111
1609832,4460
1610012,4265
1610025,4354
1610210,4197
1610215,4126
1610373,5897
1610408,5966
1610559,5912
1610725,5857
1610968,5737
1611259,5560
1611280,4528
1611471,4445
1611705,4280
1612422,4753
1612703,4354
1612788,4669
1612896,4458
1613053,4433
1613186,4473
1613352,4982
1613381,4768
1613528,4775
1613648,4914
1613659,4751
1613867,4592
1613978,4535
1614218,4846
1614440,4696
1614457,4466
1614591,4706
1614729,4619
1620149,2952
1620329,3133
1620457,3391
1620649,3170
1620978,3468
1621132,3488
1621276,3426
1621442,3362
1621585,3847
1621732,3792
1621907,4613
1621937,4117
1622207,4066
1622363,4112
1622418,4035
1622582,4107
1622619,4117
1622710,4303
1622828,6074
1622830,4558
1623210,5111
1623382,5028
1623522,4974
1623644,4924
1623925,4789
1623964,5420
1624057,5074
1624111,5359
1624255,5281
1624443,6093
1624461,5875
1624598,5817
1624771,5698
1624840,5717
1624907,5850
1625343,5464
1625497,5359
1625592,5514
1625738,5419
1625854,6105
1625965,6101
1626114,6113
1626154,6336
1626234,6304
1626313,6455
1626522,6498
1626533,6902
1627553,5958
1627576,6077
1627684,6022
1627818,6557
1627968,6633
1627998,6851
1628082,6566
1628158,6436
1628195,6462
1628933,5830
1629128,5722
1630232,4797
1630404,4769
1630587,4663
1630658,4703
1630799,4612
1630911,4653
1631217,4467
1631353,4465
1631607,4380
1631760,4741
1631837,4883
1631973,4637
1632119,4784
1632276,4659
1632301,4760
1632398,5184
1633452,5934
1633553,5654
1633740,6270
1633829,6840
1633957,7064
1633980,7352
1634021,8026
1634072,6453
1634224,6896
1634343,7208
1634473,7202
1634675,7165
1634965,6833
1638040,3937
1638213,3889
1638381,3811
1638543,3751
1638723,3694
1639632,3484
1639727,3415
1639916,3741
1640059,3686
1640194,3639
1640332,3614
1640481,3695
1640621,3761
1640753,5568
1640871,4491
1640931,5263
1640973,5287
1641049,5333
1641081,5361
1641110,5684
1641143,4116
1641148,5476
1642085,4786
1642726,4203
1643475,3844
1643797,3463
1643977,3400
1644009,3435
1644216,3571
1644251,3698
1644419,3616
1644689,3473
1644842,3722
1644923,4457
1645089,3637
1645165,4012
1646924,3398
1647093,3813
1647117,4218
1647273,4122
1647414,4013
1647505,3764
1647557,3926
1648085,4015
1648397,3765
1648587,3445
1648931,3490
1649865,4271
1649950,2990
1650115,2889
1650494,3232
1650648,3300
1650986,3643
1651257,3319
1651439,3521
1651510,3527
1651618,3538
1651721,3669
1651750,3587
1651928,3530
1652057,3463
1652694,3086
1652928,3002
1653050,3144
1653202,3192
1653244,3477
1653264,2991
1653405,3978
1653558,3609
1653611,3850
1653759,3968
1653900,3908
1653961,4386
1654020,3972
1654238,4012
1655262,3711
1655567,3670
1655847,3344
1656029,3212
1656224,3418
1656294,3468
1656481,3558
1656635,3773
1656773,3691
1657005,3628
1657140,3793
1657204,5010
1657341,3766
1657497,3663
1658436,3058
1658690,2854
1658897,3697
1659072,3585
1659298,3413
1659501,3260
1659676,3135
1659858,3084
1659892,3389
1660830,3138
1660912,4673
1661196,2973
1661326,3217
1661403,3050
1661539,3050
1661680,3713
1661848,4225
1662050,3483
1662382,3275
1662657,3251
1662922,3264
1663108,3261
1663156,3404
1663307,3492
1663333,3952
1663469,3832
1663569,3526
1664339,3576
1664526,3479
1664667,3444
1664688,3574
1664812,4118
1664859,4948
1665068,5294
1665224,5194
1665715,4599
1665868,4630
1665906,4429
1666565,3903
1666628,4244
1666786,4151
1666811,4137
1666937,4066
1666949,3753
1667099,3699
1667349,3689
1667549,3578
1667920,3768
1668087,3727
1668190,5249
1668317,3662
1668322,4790
1668457,4152
1668574,4087
1668708,5410
1672060,3080
1672357,3053
1672748,2818
1672968,2830
1673179,2978
1673326,2891
1673476,2891
1673500,3034
1673616,3376
1673795,4480
1673813,3173
1673828,4543
1673987,3359
1675172,3315
1675356,2963
1675582,3708
1675737,3673
1675963,3220
1676644,2951
1676832,3451
1677089,3251
1677106,3305
1677280,3199
1677442,3640
1677458,3665
1677600,3534
1677755,3599
1678085,3560
1678626,3468
1678790,3605
1678971,3329
1679355,3293
1679733,3382
1680019,3319
1680182,3249
1680413,4281
1680543,4338
1680607,4232
1680674,4191
1680750,4699
1680800,4263
1680918,4749
1680962,4227
1681358,4976
1681474,4994
1681487,5049
1681642,5073
1681851,4979
1682269,4693
1682410,4576
1682682,4458
1682831,4354
1683761,3933
1683783,4678
1683941,7345
1684096,8300
1684288,9727
1684418,10218
1684534,11015
1684564,10884
1685023,10264
1685177,10772
1685295,10710
1685477,10580
1685751,10355
1685934,9930
1686167,10157
1686327,9907
1686369,9799
1686517,9696
1686568,9807
1687133,9291
1687247,9334
1687325,9396
1687472,9348
1687978,9308
1687991,9228
1688302,9781
1688590,9602
1688727,9630
1688865,9550
1688992,9537
1689114,9474
1689146,10037
1689287,9451
1689438,9396
1689587,9543
1689768,9529
1690266,8968
1690288,9139
1690400,8947
1690518,8955
1690685,8839
1690849,8871
1691004,8617
1691346,8448
1691528,8458
1691719,8312
1691749,8485
1691917,8721
1692148,8875
1692281,9119
1692340,9406
1692604,9189
1692861,9049
1693071,8999
1693156,9042
1693249,9070
1693426,9048
1693602,8953
1693822,8973
1694079,8882
1694199,8967
1694200,8875
1694361,8995
1694414,9036
1694738,8841
1694940,8805
1694947,8811
1695104,8799
1695120,8889
1695281,8842
1695631,8604
1695997,8346
1696788,7686
1697188,7403
1697334,7387
1697359,7498
1697531,7711
1697610,11631
1697792,11240
1698333,11063
1698484,10807
1698629,10712
1698820,10836
1699071,10359
1699269,10439
1706565,3194
1706753,3116
1707061,2952
1707157,2976
1707275,2929
1707340,2960
1707448,3064
1707513,3132
1707617,3345
1707686,3265
1707842,3215
1707945,3413
1708050,3438
1708266,3296
1708440,3195
1708619,3538
1708778,3920
1710334,2989
1710434,2964
1710743,3659
1711037,4151
1711194,3632
1711215,4160
1711444,3814
1711594,3716
1711688,3753
1711904,3850
1711922,3570
1712113,3711
1712286,3523
1712301,3888
1713003,3334
1713195,3487
1713443,3780
1713473,3859
1713617,3986
1713791,4357
1714512,3432
1714751,3739
1714931,3631
1715268,4241
1715428,4135
1715565,4074
1715599,4571
1715838,4280
1716080,4246
1716400,4062
1716527,4556
1716530,4141
1716697,4025
1716921,4322
1717051,4529
1717182,4620
1717438,5409
1717494,4512
1717626,4882
1717656,5630
1717693,5046
1717728,5454
1717749,5443
1718609,4648
1718635,4838
1718791,4927
1718823,4735
1719036,4626
1719062,4769
1719305,4702
1720014,4079
1720162,4308
1720369,4158
1720508,4069
1720575,4163
1720722,4251
1720865,4159
1720901,4207
1721079,4595
1721262,4520
1721286,4661
1721392,4658
1721421,4728
1721609,4696
1721729,4622
1721872,5220
1722571,4274
1724233,4349
1724932,3448
1725084,3578
1725148,3631
1725310,3529
1725454,3493
1726464,3066
1726513,3219
1726647,3344
1726687,3661
1726917,4391
1726932,3677
1727127,3537
1727160,3571
1727321,4356
1727366,4230
1727444,4398
1727514,4355
1727558,4739
1727662,4524
1727698,4571
1727984,4738
1728184,4617
1728418,4441
1729256,4051
1729409,4008
1729552,4496
1729582,5159
1729734,8409
1729818,8790
1729916,9060
1730074,10170
1730185,10602
1730390,10690
1730733,10487
1730942,10476
1731180,10307
1731368,10196
1731539,10059
1731707,9961
1732074,10308
1732367,9840
1733263,8799
1733391,8760
1734096,8278
1734109,8343
1734270,8269
1734410,8298
1734559,8221
1734598,8312
1734722,8254
1734784,8576
1735346,8135
1735491,8294
1735510,8350
1735634,8301
1735669,8371
1735774,8366
1735924,8316
1735952,8383
1736088,8425
1736116,8576
1736247,8476
1736265,8477
1736403,8572
1736608,8496
1737000,8571
1737021,8707
1737175,8614
1737320,8605
1737341,8497
1737537,8452
1737674,8377
1737698,8505
1737815,8598
1737925,9047
1737941,9087
1738270,9205
1738521,9907
1738698,9830
1739514,9251
1739664,9049
1739758,8973
1740466,10713
1740720,10628
1740917,10517
1741772,9714
1741840,9736
1741959,9691
1742607,9100
1743135,8763
1743312,8669
1744173,10105
1744342,10213
1744375,9956
1744530,9882
1744556,10058
1744813,9983
1745105,9618
1745143,9708
1745355,9910
1745565,9803
1745758,9560
1746678,8738
1746826,8896
1747102,8424
1747131,8333
1747237,8296
1747372,8851
1747562,8879
1747713,8868
1747831,9924
1748537,9099
1748801,8888
1748822,9038
1749607,8354
1749642,8301
1749794,8226
1749910,8237
1749985,8267
1750132,8111
1750162,8241
1750248,8301
1750305,8346
1750364,8714
1750423,8543
1750508,8621
1750656,8619
1750796,8429
1750979,9865
1751055,9934
1751181,9862
1751216,9915
1751361,9870
1752114,9615
1752255,9908
1752288,9494
1752446,9944
1752586,9855
1752703,9635
1752833,9443
1752927,9294
1753237,9117
1753255,9280
1753405,9149
1753545,9061
1753665,8806
1753838,8814
1753989,10185
1754228,10171
1754375,10078
1754486,10637
1754610,10574
1755041,9609
1755267,9476
1755601,9689
1756963,7999
1757099,7936
1757254,9124
1757277,9168
1757401,9141
1757553,9215
1757693,9336
1757825,9152
1758615,8729
1758905,8264
1759036,8095
1759178,8103
1759317,8336
1759560,8046
1759708,8648
1759757,8290
1759871,8681
1759900,8240
1760059,8490
1760737,8833
1760928,8693
1761076,8640
1761275,8506
1761455,8472
1761672,8316
1761985,8058
1762004,8317
1762145,8392
1763785,6584
1763803,7756
1764062,7451
1764187,7245
1764259,7479
1765049,6756
1765229,7062
1765368,7058
1765431,6731
1765583,6632
1765605,6768
1765715,6625
1765844,6562
1766533,6725
1766603,6515
1766796,6449
1766833,6655
1766940,6421
1767223,6772
1767364,6660
1767402,6558
1767482,6567
1767636,6486
1767742,6550
1767896,6461
1768083,6400
1768386,6291
1768584,6146
1768648,6494
1768743,6674
1768821,9326
1768998,9034
1769926,8282
1770060,8328
1770092,9156
1770219,9319
1770373,9218
1770549,9091
1770794,8895
1770825,9014
1771057,8736
1771265,8912
1771553,8599
1771646,8836
1771774,8741
1776348,4186
1776362,4240
1776551,4165
1776686,4247
1777151,3927
1777323,3807
1777482,3698
1777643,3743
1778447,3626
1778556,3505
1778725,3424
1778929,3803
1779069,3793
1779263,4391
1779405,4357
1779736,5376
1780100,5020
1780311,4518
1780341,5325
1780552,5227
1780636,4590
1780786,4770
1780829,4887
1780923,4882
1781010,4549
1781225,4527
1782304,3853
1782716,3500
1782904,3367
1783514,3473
1783538,3745
1783691,3646
1783830,3895
1783853,3975
1783976,3799
1784186,3638
1784676,3357
1785202,3791
1785371,3803
1785626,3673
1785823,3961
1785989,3735
1786020,3567
1786194,3738
1786316,3516
1786350,3643
1786465,3657
1787379,3480
1787560,3388
1787949,3795
1788118,3346
1788206,3297
1788243,3963
1788430,3229
1788609,3358
1788673,4148
1788720,3541
1790315,2822
1790713,2984
1791263,2930
1791571,2885
1791796,3603
1791848,3824
1791980,3172
1792183,3435
1792426,3696
1792459,3696
1792588,3729
1792661,3879
1793641,3319
1793760,3456
1793938,3361
1794086,3267
1794250,3544
1794284,3380
1794401,3442
1794508,3422
1794561,3622
1794654,4320
1794693,4320
1794835,4322
1794988,4233
1795429,4351
1795457,4526
1795592,4508
1795738,4635
1795766,4386
1795957,4302
1796147,4164
1796348,4230
1797449,3492
1797488,3627
1797636,3615
1797703,3470
1797843,3474
1797999,4166
1798018,4200
1798155,4173
1798300,4198
1798318,4462
1798514,4330
1798659,4476
1799039,4414
1800351,3716
1800407,3594
1800726,3804
1800950,3777
1801078,3741
1801230,3797
1801402,4603
1801509,4331
1801549,3918
1801606,3768
1801759,3803
1801948,4141
1802615,3603
1802637,3748
1802790,3542
1802910,4070
1802940,4389
1803061,4077
1803219,3969
1803292,4659
1803487,4327
1803584,4001
1803778,4208
1803836,4442
1804150,4032
1804329,3904
1804630,4055
1804785,3987
1804859,4093
1805897,3275
1806052,3998
1806208,3150
1806460,3745
1806662,4010
1806825,3794
1806974,3747
1807018,4499
1807360,3854
1807530,3773
1807851,4220
1807978,3636
1808000,3739
1809320,2895
1809407,3189
1809464,3567
1809572,4393
1809584,3590
1809699,3576
1809717,3759
1809799,3567
1809970,4048
1810201,3620
1810289,3540
1810416,3611
1810533,3592
1810556,3526
1811347,3416
1811443,3268
1812457,3092
1812722,4046
1813143,3680
1813644,3561
1814300,2963
1814496,3115
1814514,3166
1814709,3045
1814815,3041
1815070,3184
1815093,3525
1815178,3488
1815379,3374
1815400,3619
1815550,3446
1815586,3728
1815729,3891
1815770,3726
1815938,4189
1816083,3690
1816329,3527
1816556,3396
1816754,3309
1817228,3110
1817420,3548
1817946,3639
1818082,3961
1818093,3712
1818211,3755
1818356,3735
1818504,3637
1818945,4086
1819816,3803
1820001,4039
1820050,4093
1820141,3951
1820167,3302
1820188,4004
1820365,3137
1820432,4038
1820979,3595
1821231,3427
1821412,3188
1821618,3642
1821840,3943
1822031,3331
1822232,3376
1822273,3439
1822412,3526
1822516,3579
1822546,3762
1822676,3716
1823300,3508
1823499,3360
1823698,3550
1823840,4134
1824231,3508
1824265,3533
1824403,3513
1824628,3668
1824699,3531
1824846,3875
1824986,3978
1826016,3249
1826150,3439
1826485,3308
1826665,3400
1826810,4129
1826938,3552
1826960,3813
1827092,3733
1827163,4069
1827971,3308
1828031,3298
1828133,3285
1828336,3337
1828598,3689
1828709,3514
1828734,3603
1828869,3761
1828906,3485
1829133,4020
1829254,4114
1829375,4095
1829490,3931
1830140,3559
1830182,3653
1830330,3747
1830524,3848
1830660,3773
1831021,3608
1831215,3506
1831367,4149
1831511,3949
1831544,4239
1831700,4266
1831716,4252
1832693,3721
1833192,3241
1833243,3244
1833382,3444
1833514,3454
1833537,3727
1833643,3779
1833682,4019
1833713,4245
1833758,4291
1834018,3736
1834767,4088
1834865,3878
1834977,4351
1835080,4181
1835203,4411
1835382,4331
1835523,4304
1836016,4628
1836190,4505
1837017,3728
1837042,3766
1837211,3975
1837353,3887
1837500,4667
1837538,4479
1837680,4471
1837796,4424
1837800,4301
1837914,4540
1838048,4531
1838161,4688
1838308,4627
1838334,4809
1838473,4580
1838536,4653
1838692,4896
1838903,4755
1839049,4679
1839859,4983
1839919,4446
1840083,4405
1840275,4372
1840406,4995
1840478,4753
1840536,4882
1840693,4789
1840827,5241
1841080,5262
1842269,4129
1842581,3956
1842624,3965
1842858,4105
1843047,4101
1843205,4028
1843239,4042
1843326,4049
1843381,4122
1843771,3805
1843778,4204
1843950,4560
1844126,4472
1844268,4626
1844429,4692
1844539,4524
1844682,4488
1844859,4703
1845593,4145
1845859,4170
1845917,3942
1846164,4002
1847179,3688
1847326,3680
1847412,3530
1847555,3589
1847613,4075
1847699,3634
1847774,4193
1847834,4128
1848222,3884
1848610,4088
1848763,4096
1848954,4146
1849166,4037
1849210,4163
1849300,4643
1850327,3517
1850360,3361
1850551,3850
1850707,3766
1850775,3936
1850990,4483
1851065,4851
1851157,4521
1851359,4461
1851619,4352
1852017,4425
1852152,4803
1852246,4394
1852288,4436
1852439,4428
1853355,3698
1853444,4007
1853486,4014
1853574,4236
1853689,4174
1853795,4062
1854004,5721
1854145,5001
1854207,5113
1854285,5517
1854427,5711
1854539,5602
1854547,5434
1854699,5489
1854817,5445
1854824,5603
1854978,5534
1855196,6197
1856570,4931
1856746,4705
1856806,4566
1857152,4643
1857171,4384
1857278,4830
1857340,4391
1857531,4873
1857558,4965
1857701,4873
1857921,4722
1858042,4898
1858190,4962
1858261,4941
1858308,5744
1858393,5424
1858449,5606
1858528,5491
1858619,5521
1859376,5557
1859553,5447
1859713,5369
1859858,5279
1860445,4763
1860727,4666
1861015,4855
1861435,4965
1861653,4721
1861799,4462
1862311,4533
1862469,4498
1862616,4410
1862740,4359
1862982,4248
1863122,4177
1863248,4153
1863273,4220
1863400,4190
1863551,4494
1863679,4724
1864453,4018
1864477,4613
1864647,4912
1864656,4845
1864686,5017
1865553,3995
1865702,4129
1865726,5034
1865914,4906
1866080,4694
1867397,3200
1867553,3145
1867672,3360
1867818,3441
1867846,3661
1867941,3669
1868084,3620
1868141,3631
1868236,3942
1868272,4240
1868384,3882
1868509,3868
1868641,4688
1868921,3896
1869329,4599
1869764,3550
1870264,3820
1870600,3602
1870850,3561
1870933,3853
1871103,3838
1872335,3632
1872451,6362
1872631,4550
1872683,3401
1872858,4938
1872905,4808
1872953,6347
1873081,5889
1873218,5671
1873351,5682
1873407,4163
1873563,4569
1873588,4423
1873601,5494
1873610,4454
1873735,4346
1875317,3833
1875578,3772
1875747,7275
1875902,5421
1875951,5431
1875999,5802
1876048,5949
1876101,5948
1877192,3662
1877282,4109
1877376,3562
1877440,4682
1877498,4871
1877544,5160
1878461,3764
1878719,3967
1878978,4492
1879121,4155
1879261,4405
1879420,4298
1879556,4260
1879702,4269
1879839,3929
1879924,4033
1879955,4555
1879985,4764
1880015,4680
1880095,4713
1880962,4033
1881061,4524
1881207,4607
1881350,4772
1881469,4595
1881674,4503
1881829,4504
1881981,4246
1882326,4107
1882858,4880
1882935,5031
1883089,5066
1883303,5114
1883500,5173
1883541,5109
1883680,5059
1883810,5149
1884165,4781
1884314,6074
1884503,5993
1887176,3774
1887256,5970
1887338,4805
1887391,5780
1887492,5235
1887568,6058
1887734,5505
1887796,5728
1887927,5649
1887997,5449
1888192,5200
1888252,5685
1888381,5609
1888494,5548
1888504,5667
1888709,5515
1888801,5529
1888976,5443
1889116,5413
1889140,5567
1889279,5562
1889400,5552
1889533,5532
1889681,5329
1889755,5555
1889914,6195
1889993,6249
1890140,6216
1890270,6158
1891082,5409
1891117,5517
1891261,5438
1891279,5517
1891414,5904
1891555,5891
1891699,6075
1891717,6115
1891969,6428
1892249,6245
1892407,6177
1892562,6113
1892861,5975
1894215,5238
1894632,5100
1894809,4815
1894959,5381
1894995,5849
1895025,6226
1895063,6166
1895086,6089
1895108,4858
1895268,5254
1895354,5131
1895779,5535
1896154,5759
1896871,5451
1896908,5222
1897126,5249
1897347,5005
1897485,4987
1897530,5072
1897631,5114
1897986,4917
1899378,4017
1899494,3986
1899554,4002
1899721,4405
1899766,4733
1900009,4541
1900179,4421
1900323,4496
1900353,4923
1900521,4371
1900656,5006
1900679,5113
1900757,5332
1901176,5139
1901349,5035
1901737,4788
1901865,5085
1901901,4675
1901964,4826
1902160,4701
1902188,4861
1903667,4196
1903684,4448
1903827,4548
1903938,4416
1904022,4459
1904170,4258
1904192,4352
1904335,4864
1904380,4892
1904501,4824
1904636,5334
1904653,4816
1904686,4834
1906738,4176
1906933,4071
1907086,3765
1907142,3929
1907271,3865
1907282,3947
1907373,4414
1907578,4252
1907697,4266
1907759,4271
1907957,4686
1908182,4686
1908438,4556
1908578,4365
1908746,4302
1908762,4508
1909073,4757
1909378,4663
1909636,5285
1909776,5262
1909975,5173
1910015,5976
1910080,5690
1910232,5978
1910416,5744
1910582,5304
1910622,5635
1910958,5398
1911351,5453
1911382,4925
1911510,5810
1911562,6009
1912331,4936
1912440,4973
1912471,5051
1912643,5058
1912707,5327
1912822,5173
1912916,5170
1913109,5079
1913297,5272
1913434,5186
1913601,5813
1913824,5232
1914129,5349
1914291,5247
1914466,5285
1914631,5331
1914804,5212
1914972,4973
1915126,4945
1915241,5599
1915283,5685
1915411,5492
1915436,5647
1915566,5508
1915598,5780
1915760,5806
1917804,4163
1918173,3894
1918257,4126
1918301,4096
1918404,4320
1918415,4193
1918526,4411
1918928,5108
1919089,5337
1919120,5355
1919251,5447
1919282,5485
1919421,5887
1919558,5738
1919584,5786
1919769,5667
1920312,5223
1920492,5319
1920988,4735
1922188,4245
1922254,3927
1922417,3852
1922442,3926
1922560,3924
1922760,3802
1922790,3873
1922962,4034
1922986,3979
1923127,3936
1923152,3976
1923265,4040
1923305,4074
1923395,4116
1923537,4099
1923570,4208
1923636,4489
1923764,4690
1924386,4115
1924518,4064
1924693,4008
1929974,2820
1932358,2851
1932378,2919
1933979,3203
1934157,3528
1934305,3443
1934469,3155
1934837,3163
1935268,3281
1935432,3199
1935442,3441
1935594,3414
1935633,3657
1935731,3843
1935757,3652
1935858,3642
1935920,3730
1936038,3719
1936221,3793
1936253,4148
1936344,4232
1936374,4133
1936505,3947
1936530,4262
1936693,4282
1937187,3848
1937336,3858
1937478,3868
1937624,3873
1937768,4428
1938080,4033
1938100,4295
1938238,4191
1938695,3782
1938752,3798
1938924,4038
1939712,4083
1939864,4144
1939920,4248
1939955,3911
1940299,4164
1940445,4068
1940582,3981
1942508,3472
1942668,3367
1942914,3465
1943113,3148
1943293,3128
1944018,3180
1944239,3512
1944294,3506
1944444,3419
1944597,3507
1944617,3754
1944757,4030
1944776,3897
1944984,3965
1945051,3784
1945110,3993
1945223,3928
1945351,4514
1945371,4440
1945567,4365
1946012,4199
1946713,3578
1946746,4048
1947245,3447
1947323,3677
1947481,3694
1947613,4003
1947780,4052
1947931,4024
1947949,4165
1948076,4451
1948346,4645
1948425,4554
1948550,4663
1948689,4578
1948836,4648
1948959,4889
1949695,4161
1949948,4020
1950424,3665
1950597,3706
1950727,3698
1950859,3640
1951520,3210
1951657,4042
1951697,3835
1951847,3979
1951867,3716
1952057,3575
1952152,4079
1952335,3660
1952360,3956
1952498,3869
1952785,3831
1953022,3744
1953129,3717
1954406,3113
1954540,3200
1954558,3117
1954729,3403
1954779,3426
1954846,4591
1955295,3343
1955358,3328
1955622,3454
1956004,3322
1957044,3056
1957200,2998
1957559,3392
1957817,3632
1957837,3307
1957964,2877
1958039,3051
1958237,3437
1958255,3491
1958472,3808
1958555,3771
1959254,3079
1959469,3095
1959652,3104
1959816,3954
1959934,3343
1959941,3758
1960119,3378
1960304,3774
1960518,3763
1960960,3311
1961167,3367
1961266,3400
1961322,3582
1961480,3481
1962134,3143
1962391,2993
1962593,3012
1962651,3256
1962795,3494
1962814,3823
1963067,3926
1963318,3934
1963492,3641
1963662,3802
1963950,3609
1964091,3564
1964518,3436
1965330,2902
1965464,3487
1965602,3416
1965651,3519
1965719,3499
1965780,4884
1965910,4410
1965953,4152
1966104,5045
1966128,4261
1966335,4302
1966509,4208
1966772,4086
1966966,4368
1968216,3288
1968275,3104
1968410,3154
1968552,3319
1968587,3372
1968709,3378
1968838,3999
1968991,3836
1969131,4619
1969263,3838
1969284,4674
1969467,5158
1969628,5170
1969815,4906
1970462,4089
1970697,4156
1970840,4392
1971113,4095
1972375,2959
1972416,3050
1972588,4163
1972609,4184
1972773,4083
1972935,4145
1972955,3771
1973143,4102
1973291,3875
1973361,4375
1973379,4963
1973462,4940
1973504,4876
1973679,4788
1975681,3280
1975773,3798
1975933,3434
1976062,3417
1976353,3502
1976374,3966
1976483,3624
1976533,3997
1976598,3788
1976891,3958
1976921,4683
1977345,4507
1977590,4209
1977739,4194
1977811,3977
1977859,4128
1977969,4144
1978109,4056
1978226,3989
1978410,3897
1978501,3917
1978618,4029
1979708,3240
1979921,3459
1980099,4041
1980236,3956
1980370,3873
1980562,4022
1980645,4376
1980804,3969
1980983,4100
1981107,4244
1981254,4293
1981539,4120
1982604,3653
1982765,3937
1982895,3945
1982995,4306
1983030,4322
1983152,4402
1983185,4193
1983374,4232
1983582,4422
1983741,4372
1983924,4276
1984077,4206
1984301,4063
1984446,4509
1984583,4478
1985629,3537
1985713,3543
1985775,3564
1985858,4468
1985940,3583
1986083,3919
1986088,3696
1986216,4718
1986263,4618
1986298,4523
1986375,4232
1986512,4506
1987126,4112
1987183,4146
1987393,4035
1987671,4139
1987809,4350
1988000,4289
1988150,4212
1988356,4061
1988396,4178
1989493,3815
1989865,3998
1989999,3511
1990140,3538
1990430,3367
1990671,4059
1990965,3511
1991106,3676
1991289,4007
1991432,4060
1991507,3593
1992560,2977
1992625,3359
1992725,3181
1992796,3924
1992867,3245
1992912,3467
1993104,3640
1993630,3201
1993779,3173
1994406,3392
1994564,3524
1994590,4024
1994733,3778
1994807,4504
1995086,4281
1995326,4242
1995367,4051
1995526,3943
1995571,4122
1995740,3780
1997241,2873
1997360,2991
1997380,3005
1997499,3295
1997522,3402
1997632,3363
1997665,3679
1997822,3771
1997867,4465
1998646,4127
1998819,3773
1999259,3926
1999424,3400
1999593,3230
1999823,3420
1999930,3604
2001159,3003
2001226,3259
2001430,3250
2001687,3049
2001838,4296
2001960,2860
2002085,3234
2002131,3645
2002176,4978
2002504,4149
2002658,4292
2002860,4341
2003032,4325
2003169,4237
2003286,4185
2003430,4170
2003583,4871
2003720,4840
2003747,4506
2003900,4416
2004872,3789
2004933,3772
2005143,4636
2005200,4935
2005332,4686
2005351,4847
2005471,5315
2005479,4590
2005587,5164
2005617,5250
2005770,5503
2005788,5619
2005923,5583
2005951,5650
2006218,5525
2006539,5614
2006685,5520
2006851,5553
2006992,5687
2007269,5461
2008044,5479
2008074,5733
2008144,5689
2008292,5674
2008543,5641
2008721,5412
2008744,5414
2008836,5459
2008909,5493
2008986,5535
2009103,5655
2009231,5563
2009536,5431
2009724,5430
2009888,5317
2010325,4928
2010472,4926
2010619,5361
2011970,4680
2011999,4240
2012181,4236
2012259,4687
2012404,4784
2012452,5036
2012525,5194
2012625,4914
2012772,4961
2012823,4942
2012998,5556
2013143,5485
2013307,5488
2014921,4183
2014980,4207
2015098,4230
2015235,4144
2015507,3994
2015663,3890
2015791,4287
2015838,4911
2015947,5202
2016071,4944
2016222,4754
2016400,4630
2016663,4602
2016796,4539
2017027,4436
2017065,4472
2017211,4591
2017274,4666
2017333,4657
2017397,4729
2017571,4608
2019154,3402
2019284,3516
2019431,3708
2019554,3533
2019745,3938
2019761,4033
2019906,4264
2020112,4358
2020129,4316
2020384,4715
2020527,4657
2022432,3618
2022593,3560
2022623,4580
2022782,4089
2022903,3884
2022904,7187
2023069,6914
2023216,6973
2023279,4170
2023403,6396
2023475,4472
2023554,4686
2023632,4533
2023830,4769
2023934,4432
2023962,4302
2024144,4318
2024288,7161
2024320,6082
2024443,5871
2024574,5912
2024625,6025
2025076,5674
2025420,5147
2025425,6132
2026397,5347
2026585,5253
2027343,4271
2027505,5792
2027580,5846
2027593,4062
2027628,5915
2027683,5952
2027730,6040
2027780,6074
2027835,6161
2027863,4095
2027903,6197
2027956,6732
2028017,6733
2028946,4360
2029116,5057
2029268,4975
2029417,4901
2029575,5505
2029727,5405
2029864,5318
2030545,4686
2030700,4581
2030856,4653
2031283,4277
2031725,3996
2031925,4209
2032096,4147
2032254,4043
2032414,3958
2032573,3915
2032730,3982
2032968,5245
2032976,4819
2033120,5152
2033142,5048
2033843,5022
2034376,5033
2034841,4514
2034950,4452
2035102,4369
2035292,4668
2035443,4512
2035584,4494
2035717,4421
2035858,4339
2035949,4121
2036520,4751
2036633,4491
2036785,4289
2036817,4515
2036902,4308
2036936,4550
2037090,4458
2037124,4493
2037232,4595
2037311,4664
2037432,4623
2037665,4451
2037837,4436
2038270,3897
2038413,3808
2038659,3705
2039494,3807
2039519,3659
2039668,3567
2039805,4272
2039999,3353
2040143,3422
2040299,3878
2040330,3586
2040847,4619
2040850,5412
2041034,5352
2041170,6155
2041361,6820
2041594,6696
2041690,5644
2043204,4535
2043391,4913
2043513,4477
2043617,4805
2043703,7165
2043830,6566
2043945,5023
2045106,4309
2045290,5753
2045462,4466
2045627,5532
2045795,4368
2045958,4534
2046189,5110
2046349,5157
2046496,5112
2046622,4636
2046824,4543
2047017,4449
2047146,5475
2047170,4782
2047413,5262
2047578,5389
2047605,5177
2047805,5140
2047811,4917
2047968,4864
2048128,5609
2048451,5163
2048641,5025
2048798,6889
2048949,5121
2049065,5143
2049101,5337
2049248,5657
2049270,5979
2049421,5879
2049513,5934
2049590,6771
2049639,6851
2049696,7121
2049742,7235
2049812,6477
2050286,6363
2050448,6324
2050599,6304
2050753,6343
2051683,6150
2051705,6475
2052039,5916
2052197,5810
2052356,5758
2052782,5291
2053392,5823
2053481,5802
2053865,5311
2053959,5361
2054116,5249
2054277,5223
2054310,5243
2054459,5228
2054475,5291
2054611,5287
2054650,5528
2054789,5515
2054805,6403
2055499,6559
2055515,5954
2055538,6143
2055696,6067
2055832,6120
2056120,6156
2056317,6011
2056659,5720
2057462,6036
2057677,5968
2058217,5286
2058428,5160
2058448,5357
2058593,5378
2058615,5936
2058768,5744
2058792,5807
2059830,5035
2059989,4813
2060131,4696
2060230,4695
2060376,4689
2060399,4969
2060590,5592
2060735,5500
2060963,5644
2061330,5460
2061489,5827
2061507,5697
2062110,5286
2062129,5352
2062294,5417
2062431,5332
2062596,5232
2062647,5310
2062759,5248
2062770,5672
2062889,5505
2063047,5449
2063225,5391
2063346,5364
2064171,5174
2064207,5520
2064302,5318
2064346,5695
2064565,5666
2064636,5520
2064686,5744
2064911,5572
2065069,5684
2065107,5721
2065268,5807
2065408,5607
2067514,4651
2067667,4360
2067822,4315
2067994,4088
2068178,4592
2068201,4856
2068279,4545
2068419,4493
2068629,4406
2068774,4647
2068905,5433
2068956,5496
2068991,5616
2069024,5527
2069063,5338
2069420,4332
2069849,4652
2071184,4116
2071203,4091
2071356,3885
2071410,3837
2071539,3830
2071795,4197
2072221,3919
2072249,4243
2072365,4254
2072419,4483
2072589,4394
2073230,4073
2074147,3535
2074301,3477
2074437,3683
2074586,3781
2074657,3890
2074710,3771
2074818,4375
2074825,4234
2075338,3881
2075437,3891
2075500,4211
2075564,4431
2075642,4219
2075958,4559
2076176,4435
2076456,4256
2076596,4206
2076656,4214
2076725,4249
2076813,4465
2076931,4560
2077080,4462
2077363,4328
2078192,3878
2078237,4481
2078324,4134
2078395,4269
2078711,5063
2078843,5025
2078936,4263
2079288,4683
2079433,4602
2079591,4900
2079723,4717
2079932,4214
2080123,4418
2080155,4541
2081188,4028
2081224,3917
2081359,3964
2081517,3880
2081695,4082
2081821,3982
2082156,3858
2082301,3770
2082414,3798
2082490,3778
2082638,3846
2082763,4377
2083278,4076
2083319,4101
2083503,3976
2083966,3562
2084204,3618
2084223,3978
2084362,3958
2084493,3905
2085940,5733
2086308,2978
2086539,3041
2086716,5102
2086865,5016
2087153,3315
2087360,3951
2087528,3656
2087585,4396
2087652,3757
2087724,4306
2087856,4076
2087943,3744
2088030,4050
2088119,5438
2088391,5228
2088641,3914
2088770,3836
2088924,3754
2089385,4994
2089671,4777
2089849,4427
2090300,4201
2090346,3145
2090519,3151
2090719,3517
2091150,3805
2091381,3699
2091762,5666
2091973,3620
2092130,3845
2092372,3664
2092650,4040
2092802,5009
2092975,3771
2093293,3503
2093437,3414
2093580,3638
2093720,3733
2093852,3906
2094562,3642
2094717,3539
2094865,3616
2095006,3954
2095151,3912
2095191,5544
2095270,5470
2095317,6032
2095336,6106
2095386,6236
2095428,6424
2095634,3637
2095680,4324
2095809,4218
2096292,4070
2096433,4243
2097041,4489
2097261,4807
2097459,4761
2097544,4896
2097720,5624
2097848,5368
2097905,5826
2098045,5873
2098082,5344
2098220,5290
2098344,5839
2099238,5549
2099321,5516
2099375,5650
2099463,5537
2099599,5475
2099715,5663
2099842,5483
2100068,5360
2100202,5276
2100409,5535
2100534,5566
2101578,5217
2101691,5299
2101722,5357
2101865,5870
2101866,6092
2102046,5795
2102128,6066
2102280,5980
2102338,5753
2102463,5689
2102490,5756
2102578,5744
2102634,5807
2102757,5842
2102915,6039
2102959,6049
2103055,6057
2103521,5937
2103623,5795
2104650,5035
2104819,4922
2105117,5122
2105366,4959
2105534,5087
2105590,4950
2105716,4951
2105727,5510
2105851,5593
2105903,5132
2106054,5973
2106189,6363
2106801,5963
2107243,6580
2107414,6453
2107573,5726
2109114,4264
2109250,4180
2109386,4380
2109500,4224
2109505,4315
2109663,4208
2109801,4202
2109940,4400
2109950,4461
2110131,5454
2110277,5144
2110374,5025
2110389,5248
2110519,5166
2110653,5342
2110714,5369
2110815,5384
2110849,5508
2111016,5501
2111215,5354
2113575,3594
2113922,3644
2114116,4022
2114170,3934
2114250,4004
2114422,3984
2114573,3858
2114606,4470
2114667,4332
2114732,5102
2114842,4558
2114952,5227
2115092,5138
2115239,4849
2115268,4567
2116188,4156
2116356,3923
2116404,3991
2116570,3758
2116627,3830
2116791,3752
2116974,4266
2116990,4528
2117150,4166
2117221,4129
2117347,4052
2117506,4080
2117643,4036
2117902,4053
2118637,3478
2119580,3330
2120376,3760
2120563,3298
2120724,3706
2121654,3124
2121917,3353
2122007,3398
2122194,3084
2122335,3060
2122373,3340
2122402,3101
2122570,3237
2122682,3271
2122707,3314
2122822,3307
2122938,3496
2122969,3364
2123139,3383
2123304,3324
2123446,3325
2123564,3351
2123700,3299
2124660,3642
2127367,3695
2127550,3620
2127710,3705
2128302,4166
2128579,3756
2128609,7308
2128754,7663
2128793,7766
2128827,7790
2128866,5964
2129615,5352
2129779,5420
2129945,5225
2130099,5246
2130247,5336
2130401,5233
2130549,5159
2130704,5238
2131238,5552
2131615,5222
2131791,5166
2131902,5388
2131990,5097
2132169,4977
2132220,5651
2132286,5695
2132340,5725
2132402,5781
2132456,5848
2132516,5932
2132569,5965
2132596,4664
2132622,6106
2132674,6295
2133160,5187
2133327,5315
2133481,5370
2133741,5414
2133856,5425
2133919,5485
2134169,5874
2134336,5811
2134501,5740
2134800,5556
2135229,5258
2135416,5193
2135468,5257
2135657,5188
2135745,6733
2135978,7179
2135995,6613
2136531,7252
2136797,7169
2136937,7441
2141640,3205
2141814,3712
2141936,3122
2142166,3487
2142400,3448
2142651,3483
2143094,3627
2143451,3365
2143604,3488
2143796,3436
2143967,3355
2144119,3518
2144203,3926
2144242,3620
2144383,3538
2144459,3737
2144552,3966
2144655,4039
2144674,4440
2144796,4563
2144899,4332
2145113,4170
2145250,4201
2145421,4217
2145565,4209
2145721,4105
2146104,3828
2146256,4383
2146271,3876
2146560,3779
2147089,3886
2147264,4141
2147407,4136
2147568,3886
2147718,3901
2147838,4058
2147935,3871
2148307,3819
2149074,4201
2149326,3881
2149839,4134
2149965,3599
2149984,3510
2150123,3687
2150340,3696
2150624,3828
2150785,4036
2150909,4001
2151539,3714
2151769,3617
2151870,3632
2151952,3678
2152095,3582
2152215,3574
2152274,3613
2152482,3829
2152501,4040
2152636,3820
2152916,3817
2153078,3793
2153326,3793
2153389,3927
2153580,3725
2153951,3609
2154106,3544
2154246,3478
2154290,3521
2154365,3726
2154485,3715
2154581,3735
2155473,3908
2155647,3793
2155788,3781
2155902,3759
2155970,4004
2156099,3933
2156146,4002
2157845,3291
2158242,3254
2158500,2819
2158527,2891
2158670,2983
2158696,2869
2158870,3286
2159009,3473
2159024,3355
2159036,3544
2159943,2965
2160340,3216
2160359,3131
2160527,3097
2160671,3177
2161562,3122
2161717,3253
2161750,3567
2162405,2959
2162617,2865
2162846,3285
2163092,3590
2163148,3406
2163232,3623
2163281,3448
2163363,3553
2163529,3516
2163666,3520
2163686,3572
2163784,3597
2163920,3578
2164038,3675
2164307,3471
2164476,4207
2164612,3567
2164807,3528
2165513,3219
2165672,3110
2165952,3091
2166351,3281
2166556,3213
2167527,3169
2167544,3672
2167749,3393
2167843,3289
2168020,3554
2168215,3861
2168407,3720
2168576,3601
2168981,3445
2169134,3372
2169273,3441
2169592,3425
2169658,3478
2169807,3473
2169966,3240
2170664,3117
2170824,3910
2170857,3314
2170951,3834
2171256,3727
2171274,3726
2171415,3801
2171631,3931
2171909,3751
2171976,3828
2172105,3838
2172255,4065
2173347,3179
2173373,3621
2173534,3160
2173611,3588
2173729,3872
2173850,3850
2173933,3718
2174264,3524
2174414,3746
2174565,3732
2174790,3608
2174843,4164
2175010,4408
2175052,3887
2175247,4247
2175380,4084
2175974,3681
2175996,3790
2176487,3629
2176565,3701
2176683,3727
2176804,3841
2176830,4674
2177007,3685
2177128,3614
2177243,3909
2177377,3856
2177492,4270
2178421,3925
2178589,3702
2178594,3817
2178736,3911
2178777,4178
2179037,4116
2179219,4190
2179566,4073
2180454,3503
2180479,3828
2180634,4018
2180823,4038
2180930,4017
2180992,4311
2181379,3880
2181538,3836
2181583,3864
2181791,3859
2181820,3981
2181967,4307
2181984,4185
2182124,4101
2182755,3886
2182771,4067
2183036,3991
2183243,4048
2183278,4358
2183431,4545
2183520,4311
2183587,4499
2183745,4730
2183930,4751
2183995,4553
2184523,4103
2185417,3367
2185612,3224
2185724,3284
2185851,4005
2186071,3029
2186287,5126
2186453,5011
2186483,3883
2186577,4731
2186675,4723
2186811,4364
2186926,4435
2187086,4491
2187358,4510
2188930,2875
2189198,2989
2189359,4931
2189415,3106
2189551,3146
2189691,3385
2189916,3332
2190058,3405
2190408,3449
2190571,3460
2190747,3361
2190955,3256
2191230,3205
2191464,3038
2191612,3711
2192349,2881
2192564,2876
2192717,2922
2192909,3356
2192979,3213
2193159,3200
2193282,3273
2193540,3072
2193810,3883
2195717,2804
2195846,3276
2196025,3195
2196379,3162
2196413,3430
2196562,3390
2196701,3382
2196719,5018
2196870,5287
2196909,3691
2197066,3869
2197214,3486
2197265,5032
2197413,4919
2197529,3971
2197565,4608
2198183,3893
2198739,4387
2198949,5157
2198971,4252
2199136,4176
2199290,4124
2199351,4836
2199452,4132
2199655,5302
2200224,4934
2200235,5172
2200417,5085
2200429,5281
2200569,5434
2200743,5217
2200756,5321
2200918,5212
2201070,5706
2201146,5719
2201222,5737
2201335,5717
2201388,5754
2201564,5668
2201571,5766
2201837,5700
2201988,5590
2202442,6322
2202506,6181
2202602,6199
2202754,6112
2202955,5965
2203054,5932
2203205,5891
2203374,5807
2203567,5843
2203723,5739
2203829,6119
2203967,5857
2204167,6319
2204202,6140
2204541,6434
2204680,6347
2204981,6095
2205235,5925
2205259,6054
2205472,6001
2205643,5976
2206208,5548
2206293,6200
2206764,5674
2207325,5233
2207367,5498
2207612,4996
2207740,5345
2207944,5446
2208111,5601
2209244,4843
2209260,4930
2209421,4944
2209542,5861
2209693,5514
2209829,5566
2209931,5516
2210154,5018
2210177,5291
2211717,3985
2211819,4491
2211990,3913
2212117,4126
2212272,4088
2212412,4149
2212558,4391
2212700,4303
2212730,4335
2212913,4688
2212944,4970
2213195,4710
2213378,4760
2213454,4619
2213666,4660
2213755,4768
2214591,4772
2214762,4652
2214921,4544
2215047,4469
2215233,4332
2215510,4210
2215543,4694
2215727,4520
2216214,4244
2216380,5274
2216397,4116
2216412,4423
2216544,4444
2216604,4542
2216665,4572
2216741,4715
2216831,4681
2217099,4621
2217203,4586
2217378,4889
2217615,4721
2218753,4254
2218944,4156
2219116,4049
2219134,4228
2219284,4242
2219782,4225
2220278,3860
2220323,3925
2220509,3847
2220667,4023
2220799,4015
2221418,3599
2221551,3569
2221837,3379
2221950,3389
2222094,3728
2222215,3738
2222425,3648
2222447,3752
2222561,3759
2222625,3822
2222703,3863
2222841,4171
2223411,3726
2223569,3693
2223693,3700
